Country,ISO2,ISO3,OMNIARegion,ZijieRegion,Metric,Unit,SecondaryProduction2019_kt,RegionShare2019,AllocationMethod2019,SecondaryEstimate2024Country,SecondaryEstimate2024_kt,RegionShare2024,AllocationMethod2024,Trend2019_2024Slope_kt_per_year,Trend2025Unclipped_kt,AlignmentFactor_vs_old_2025,BoundaryAlignmentMethod,2019,2020,2021,2022,2023,2024,2025,2026,2027,2028,2029,2030,2031,2032,2033,2034,2035,2036,2037,2038,2039,2040,2041,2042,2043,2044,2045,2046,2047,2048,2049,2050
Ethiopia,ET,ETH,AFE,Rest of World,Secondary aluminium ingot production,kt,0.0,0.0,No 2019 secondary producer share; assigned zero,,0.0,0.0,No 2024 secondary production estimate; assigned zero share,0.0,0.0,,Existing values retained through 2024; 2025 extrapolated using a country-level OLS linear trend fitted over 2019-2024 and floored at zero; Zijie regional growth indexed to 2025 thereafter,0.0,0.0,0.0,0.0,0.0,0.0,0.0,0.0,0.0,0.0,0.0,0.0,0.0,0.0,0.0,0.0,0.0,0.0,0.0,0.0,0.0,0.0,0.0,0.0,0.0,0.0,0.0,0.0,0.0,0.0,0.0,0.0
Kenya,KE,KEN,AFE,Rest of World,Secondary aluminium ingot production,kt,0.0,0.0,No 2019 secondary producer share; assigned zero,,0.0,0.0,No 2024 secondary production estimate; assigned zero share,0.0,0.0,,Existing values retained through 2024; 2025 extrapolated using a country-level OLS linear trend fitted over 2019-2024 and floored at zero; Zijie regional growth indexed to 2025 thereafter,0.0,0.0,0.0,0.0,0.0,0.0,0.0,0.0,0.0,0.0,0.0,0.0,0.0,0.0,0.0,0.0,0.0,0.0,0.0,0.0,0.0,0.0,0.0,0.0,0.0,0.0,0.0,0.0,0.0,0.0,0.0,0.0
Sudan,SD,SDN,AFE,Rest of World,Secondary aluminium ingot production,kt,0.0,0.0,No 2019 secondary producer share; assigned zero,,0.0,0.0,No 2024 secondary production estimate; assigned zero share,0.0,0.0,,Existing values retained through 2024; 2025 extrapolated using a country-level OLS linear trend fitted over 2019-2024 and floored at zero; Zijie regional growth indexed to 2025 thereafter,0.0,0.0,0.0,0.0,0.0,0.0,0.0,0.0,0.0,0.0,0.0,0.0,0.0,0.0,0.0,0.0,0.0,0.0,0.0,0.0,0.0,0.0,0.0,0.0,0.0,0.0,0.0,0.0,0.0,0.0,0.0,0.0
Mauritius,MU,MUS,AFE,Rest of World,Secondary aluminium ingot production,kt,0.0,0.0,No 2019 secondary producer share; assigned zero,,0.0,0.0,No 2024 secondary production estimate; assigned zero share,0.0,0.0,,Existing values retained through 2024; 2025 extrapolated using a country-level OLS linear trend fitted over 2019-2024 and floored at zero; Zijie regional growth indexed to 2025 thereafter,0.0,0.0,0.0,0.0,0.0,0.0,0.0,0.0,0.0,0.0,0.0,0.0,0.0,0.0,0.0,0.0,0.0,0.0,0.0,0.0,0.0,0.0,0.0,0.0,0.0,0.0,0.0,0.0,0.0,0.0,0.0,0.0
Eritrea,ER,ERI,AFE,Rest of World,Secondary aluminium ingot production,kt,0.0,0.0,No 2019 secondary producer share; assigned zero,,0.0,0.0,No 2024 secondary production estimate; assigned zero share,0.0,0.0,,Existing values retained through 2024; 2025 extrapolated using a country-level OLS linear trend fitted over 2019-2024 and floored at zero; Zijie regional growth indexed to 2025 thereafter,0.0,0.0,0.0,0.0,0.0,0.0,0.0,0.0,0.0,0.0,0.0,0.0,0.0,0.0,0.0,0.0,0.0,0.0,0.0,0.0,0.0,0.0,0.0,0.0,0.0,0.0,0.0,0.0,0.0,0.0,0.0,0.0
South Sudan,SS,SSD,AFE,Rest of World,Secondary aluminium ingot production,kt,0.0,0.0,No 2019 secondary producer share; assigned zero,,0.0,0.0,No 2024 secondary production estimate; assigned zero share,0.0,0.0,,Existing values retained through 2024; 2025 extrapolated using a country-level OLS linear trend fitted over 2019-2024 and floored at zero; Zijie regional growth indexed to 2025 thereafter,0.0,0.0,0.0,0.0,0.0,0.0,0.0,0.0,0.0,0.0,0.0,0.0,0.0,0.0,0.0,0.0,0.0,0.0,0.0,0.0,0.0,0.0,0.0,0.0,0.0,0.0,0.0,0.0,0.0,0.0,0.0,0.0
Burundi,BI,BDI,AFE,Rest of World,Secondary aluminium ingot production,kt,0.0,0.0,No 2019 secondary producer share; assigned zero,,0.0,0.0,No 2024 secondary production estimate; assigned zero share,0.0,0.0,,Existing values retained through 2024; 2025 extrapolated using a country-level OLS linear trend fitted over 2019-2024 and floored at zero; Zijie regional growth indexed to 2025 thereafter,0.0,0.0,0.0,0.0,0.0,0.0,0.0,0.0,0.0,0.0,0.0,0.0,0.0,0.0,0.0,0.0,0.0,0.0,0.0,0.0,0.0,0.0,0.0,0.0,0.0,0.0,0.0,0.0,0.0,0.0,0.0,0.0
Comoros,KM,COM,AFE,Rest of World,Secondary aluminium ingot production,kt,0.0,0.0,No 2019 secondary producer share; assigned zero,,0.0,0.0,No 2024 secondary production estimate; assigned zero share,0.0,0.0,,Existing values retained through 2024; 2025 extrapolated using a country-level OLS linear trend fitted over 2019-2024 and floored at zero; Zijie regional growth indexed to 2025 thereafter,0.0,0.0,0.0,0.0,0.0,0.0,0.0,0.0,0.0,0.0,0.0,0.0,0.0,0.0,0.0,0.0,0.0,0.0,0.0,0.0,0.0,0.0,0.0,0.0,0.0,0.0,0.0,0.0,0.0,0.0,0.0,0.0
Djibouti,DJ,DJI,AFE,Rest of World,Secondary aluminium ingot production,kt,0.0,0.0,No 2019 secondary producer share; assigned zero,,0.0,0.0,No 2024 secondary production estimate; assigned zero share,0.0,0.0,,Existing values retained through 2024; 2025 extrapolated using a country-level OLS linear trend fitted over 2019-2024 and floored at zero; Zijie regional growth indexed to 2025 thereafter,0.0,0.0,0.0,0.0,0.0,0.0,0.0,0.0,0.0,0.0,0.0,0.0,0.0,0.0,0.0,0.0,0.0,0.0,0.0,0.0,0.0,0.0,0.0,0.0,0.0,0.0,0.0,0.0,0.0,0.0,0.0,0.0
Madagascar,MG,MDG,AFE,Rest of World,Secondary aluminium ingot production,kt,0.0,0.0,No 2019 secondary producer share; assigned zero,,0.0,0.0,No 2024 secondary production estimate; assigned zero share,0.0,0.0,,Existing values retained through 2024; 2025 extrapolated using a country-level OLS linear trend fitted over 2019-2024 and floored at zero; Zijie regional growth indexed to 2025 thereafter,0.0,0.0,0.0,0.0,0.0,0.0,0.0,0.0,0.0,0.0,0.0,0.0,0.0,0.0,0.0,0.0,0.0,0.0,0.0,0.0,0.0,0.0,0.0,0.0,0.0,0.0,0.0,0.0,0.0,0.0,0.0,0.0
Reunion,RE,REU,AFE,Rest of World,Secondary aluminium ingot production,kt,0.0,0.0,No 2019 secondary producer share; assigned zero,,0.0,0.0,No 2024 secondary production estimate; assigned zero share,0.0,0.0,,Existing values retained through 2024; 2025 extrapolated using a country-level OLS linear trend fitted over 2019-2024 and floored at zero; Zijie regional growth indexed to 2025 thereafter,0.0,0.0,0.0,0.0,0.0,0.0,0.0,0.0,0.0,0.0,0.0,0.0,0.0,0.0,0.0,0.0,0.0,0.0,0.0,0.0,0.0,0.0,0.0,0.0,0.0,0.0,0.0,0.0,0.0,0.0,0.0,0.0
Rwanda,RW,RWA,AFE,Rest of World,Secondary aluminium ingot production,kt,0.0,0.0,No 2019 secondary producer share; assigned zero,,0.0,0.0,No 2024 secondary production estimate; assigned zero share,0.0,0.0,,Existing values retained through 2024; 2025 extrapolated using a country-level OLS linear trend fitted over 2019-2024 and floored at zero; Zijie regional growth indexed to 2025 thereafter,0.0,0.0,0.0,0.0,0.0,0.0,0.0,0.0,0.0,0.0,0.0,0.0,0.0,0.0,0.0,0.0,0.0,0.0,0.0,0.0,0.0,0.0,0.0,0.0,0.0,0.0,0.0,0.0,0.0,0.0,0.0,0.0
Somalia,SO,SOM,AFE,Rest of World,Secondary aluminium ingot production,kt,0.0,0.0,No 2019 secondary producer share; assigned zero,,0.0,0.0,No 2024 secondary production estimate; assigned zero share,0.0,0.0,,Existing values retained through 2024; 2025 extrapolated using a country-level OLS linear trend fitted over 2019-2024 and floored at zero; Zijie regional growth indexed to 2025 thereafter,0.0,0.0,0.0,0.0,0.0,0.0,0.0,0.0,0.0,0.0,0.0,0.0,0.0,0.0,0.0,0.0,0.0,0.0,0.0,0.0,0.0,0.0,0.0,0.0,0.0,0.0,0.0,0.0,0.0,0.0,0.0,0.0
Uganda,UG,UGA,AFE,Rest of World,Secondary aluminium ingot production,kt,0.0,0.0,No 2019 secondary producer share; assigned zero,,0.0,0.0,No 2024 secondary production estimate; assigned zero share,0.0,0.0,,Existing values retained through 2024; 2025 extrapolated using a country-level OLS linear trend fitted over 2019-2024 and floored at zero; Zijie regional growth indexed to 2025 thereafter,0.0,0.0,0.0,0.0,0.0,0.0,0.0,0.0,0.0,0.0,0.0,0.0,0.0,0.0,0.0,0.0,0.0,0.0,0.0,0.0,0.0,0.0,0.0,0.0,0.0,0.0,0.0,0.0,0.0,0.0,0.0,0.0
Seychelles,SC,SYC,AFE,Rest of World,Secondary aluminium ingot production,kt,0.0,0.0,No 2019 secondary producer share; assigned zero,,0.0,0.0,No 2024 secondary production estimate; assigned zero share,0.0,0.0,,Existing values retained through 2024; 2025 extrapolated using a country-level OLS linear trend fitted over 2019-2024 and floored at zero; Zijie regional growth indexed to 2025 thereafter,0.0,0.0,0.0,0.0,0.0,0.0,0.0,0.0,0.0,0.0,0.0,0.0,0.0,0.0,0.0,0.0,0.0,0.0,0.0,0.0,0.0,0.0,0.0,0.0,0.0,0.0,0.0,0.0,0.0,0.0,0.0,0.0
United Republic of Tanzania,TZ,TZA,AFE,Other main producer,Secondary aluminium ingot production,kt,0.0,0.0,No 2019 secondary producer share; assigned zero,,0.0,0.0,No 2024 secondary production estimate; assigned zero share,0.0,0.0,,Existing values retained through 2024; 2025 extrapolated using a country-level OLS linear trend fitted over 2019-2024 and floored at zero; Zijie regional growth indexed to 2025 thereafter,0.0,0.0,0.0,0.0,0.0,0.0,0.0,0.0,0.0,0.0,0.0,0.0,0.0,0.0,0.0,0.0,0.0,0.0,0.0,0.0,0.0,0.0,0.0,0.0,0.0,0.0,0.0,0.0,0.0,0.0,0.0,0.0
Egypt,EG,EGY,AFN,Other main producer,Secondary aluminium ingot production,kt,40.0,0.0312067227564295,OMNIA 2019 region total allocated using OMNIA primary-production shares; no secondary-country weights available,Egypt,80.0,0.1286173633440514,Zijie 2024 regional total allocated using country shares from secondary_aluminium_production_estimates_2024.xlsx,39.34694215193194,276.0816529115916,1.0331873500893602,Existing values retained through 2024; 2025 extrapolated using a country-level OLS linear trend fitted over 2019-2024 and floored at zero; Zijie regional growth indexed to 2025 thereafter,40.0,79.34694215193196,118.6938843038639,158.0408264557958,197.3877686077278,236.7347107596597,276.0816529115916,314.5649014816423,318.27827096445014,321.9007419937241,324.5782926778244,326.9997380508584,329.3956317819181,332.05441856386636,335.2789864948338,339.15091979153976,343.6909680327471,348.82146189033546,354.3341889006739,360.037927936065,365.8836061403246,371.86383632745185,378.0016564074225,384.3389412531082,390.809837180962,397.39812712525827,404.1331945635929,410.9880356824548,417.9279481907209,424.85544625443305,431.7319734912769,438.5991339528423
Algeria,DZ,DZA,AFN,Rest of World,Secondary aluminium ingot production,kt,0.0,0.0,No 2019 secondary producer share; assigned zero,,0.0,0.0,No 2024 secondary production estimate; assigned zero share,0.0,0.0,,Existing values retained through 2024; 2025 extrapolated using a country-level OLS linear trend fitted over 2019-2024 and floored at zero; Zijie regional growth indexed to 2025 thereafter,0.0,0.0,0.0,0.0,0.0,0.0,0.0,0.0,0.0,0.0,0.0,0.0,0.0,0.0,0.0,0.0,0.0,0.0,0.0,0.0,0.0,0.0,0.0,0.0,0.0,0.0,0.0,0.0,0.0,0.0,0.0,0.0
Morocco,MA,MAR,AFN,Rest of World,Secondary aluminium ingot production,kt,0.0,0.0,No 2019 secondary producer share; assigned zero,,0.0,0.0,No 2024 secondary production estimate; assigned zero share,0.0,0.0,,Existing values retained through 2024; 2025 extrapolated using a country-level OLS linear trend fitted over 2019-2024 and floored at zero; Zijie regional growth indexed to 2025 thereafter,0.0,0.0,0.0,0.0,0.0,0.0,0.0,0.0,0.0,0.0,0.0,0.0,0.0,0.0,0.0,0.0,0.0,0.0,0.0,0.0,0.0,0.0,0.0,0.0,0.0,0.0,0.0,0.0,0.0,0.0,0.0,0.0
Libya,LY,LBY,AFN,Rest of World,Secondary aluminium ingot production,kt,0.0,0.0,No 2019 secondary producer share; assigned zero,,0.0,0.0,No 2024 secondary production estimate; assigned zero share,0.0,0.0,,Existing values retained through 2024; 2025 extrapolated using a country-level OLS linear trend fitted over 2019-2024 and floored at zero; Zijie regional growth indexed to 2025 thereafter,0.0,0.0,0.0,0.0,0.0,0.0,0.0,0.0,0.0,0.0,0.0,0.0,0.0,0.0,0.0,0.0,0.0,0.0,0.0,0.0,0.0,0.0,0.0,0.0,0.0,0.0,0.0,0.0,0.0,0.0,0.0,0.0
Tunisia,TN,TUN,AFN,Rest of World,Secondary aluminium ingot production,kt,0.0,0.0,No 2019 secondary producer share; assigned zero,,0.0,0.0,No 2024 secondary production estimate; assigned zero share,0.0,0.0,,Existing values retained through 2024; 2025 extrapolated using a country-level OLS linear trend fitted over 2019-2024 and floored at zero; Zijie regional growth indexed to 2025 thereafter,0.0,0.0,0.0,0.0,0.0,0.0,0.0,0.0,0.0,0.0,0.0,0.0,0.0,0.0,0.0,0.0,0.0,0.0,0.0,0.0,0.0,0.0,0.0,0.0,0.0,0.0,0.0,0.0,0.0,0.0,0.0,0.0
Democratic Republic of the Congo,CD,COD,AFW,Rest of World,Secondary aluminium ingot production,kt,0.0,0.0,No 2019 secondary producer share; assigned zero,,0.0,0.0,No 2024 secondary production estimate; assigned zero share,0.0,0.0,,Existing values retained through 2024; 2025 extrapolated using a country-level OLS linear trend fitted over 2019-2024 and floored at zero; Zijie regional growth indexed to 2025 thereafter,0.0,0.0,0.0,0.0,0.0,0.0,0.0,0.0,0.0,0.0,0.0,0.0,0.0,0.0,0.0,0.0,0.0,0.0,0.0,0.0,0.0,0.0,0.0,0.0,0.0,0.0,0.0,0.0,0.0,0.0,0.0,0.0
Cote d'Ivoire,CI,CIV,AFW,Rest of World,Secondary aluminium ingot production,kt,0.0,0.0,No 2019 secondary producer share; assigned zero,,0.0,0.0,No 2024 secondary production estimate; assigned zero share,0.0,0.0,,Existing values retained through 2024; 2025 extrapolated using a country-level OLS linear trend fitted over 2019-2024 and floored at zero; Zijie regional growth indexed to 2025 thereafter,0.0,0.0,0.0,0.0,0.0,0.0,0.0,0.0,0.0,0.0,0.0,0.0,0.0,0.0,0.0,0.0,0.0,0.0,0.0,0.0,0.0,0.0,0.0,0.0,0.0,0.0,0.0,0.0,0.0,0.0,0.0,0.0
Ghana,GH,GHA,AFW,Rest of World,Secondary aluminium ingot production,kt,3.75,0.1328613821843777,OMNIA 2019 region total allocated using OMNIA primary-production shares; no secondary-country weights available,Ghana,2.0,0.3333333333333333,Zijie 2024 regional total allocated using country shares from secondary_aluminium_production_estimates_2024.xlsx,14.86879138146899,92.96274828881394,0.8604541928304715,Existing values retained through 2024; 2025 extrapolated using a country-level OLS linear trend fitted over 2019-2024 and floored at zero; Zijie regional growth indexed to 2025 thereafter,3.75,18.618791381468988,33.487582762937976,48.35637414440696,63.22516552587596,78.09395690734495,92.96274828881394,99.63857699585812,106.40862126271786,113.28288779952726,120.41194213397574,127.79174185936841,135.42909888860748,143.31500819104977,151.41075003474754,159.62994554689783,167.8555079579667,176.01405500187474,184.0443853677086,191.95946687984866,199.89762182345336,207.94689483081342,216.06625212640597,224.32563624339636,232.8246608359614,241.44889045929068,250.05858384674988,258.64965781864464,267.1325649902182,275.4676514565854,283.6621822750859,291.5255609293581
Cameroon,CM,CMR,AFW,Other main producer,Secondary aluminium ingot production,kt,6.25,0.0048760504306921,OMNIA 2019 region total allocated using OMNIA primary-production shares; no secondary-country weights available,Cameroon,2.0,0.0032154340836012,Zijie 2024 regional total allocated using country shares from secondary_aluminium_production_estimates_2024.xlsx,-0.06632644620170111,5.852041322789792,0.8760096881689974,Existing values retained through 2024; 2025 extrapolated using a country-level OLS linear trend fitted over 2019-2024 and floored at zero; Zijie regional growth indexed to 2025 thereafter,6.25,6.1836735537982985,6.117347107596597,6.0510206613948965,5.984694215193195,5.9183677689914935,5.852041322789792,6.667762173820934,6.746473639907153,6.823258351713803,6.880013797365371,6.931340635764194,6.9821258616975665,7.0384835730933,7.10683402152461,7.1889065294672685,7.28514092112209,7.393890857035218,7.510742903976891,7.6316437902817365,7.755553329544069,7.882314937227107,8.012416942778845,8.14674695855544,8.283909098690115,8.423559613651674,8.566321338472017,8.71162187932898,8.858725659484643,9.005566293423371,9.151326510094437,9.296888181315587
Gabon,GA,GAB,AFW,Rest of World,Secondary aluminium ingot production,kt,0.0,0.0,No 2019 secondary producer share; assigned zero,,0.0,0.0,No 2024 secondary production estimate; assigned zero share,0.0,0.0,,Existing values retained through 2024; 2025 extrapolated using a country-level OLS linear trend fitted over 2019-2024 and floored at zero; Zijie regional growth indexed to 2025 thereafter,0.0,0.0,0.0,0.0,0.0,0.0,0.0,0.0,0.0,0.0,0.0,0.0,0.0,0.0,0.0,0.0,0.0,0.0,0.0,0.0,0.0,0.0,0.0,0.0,0.0,0.0,0.0,0.0,0.0,0.0,0.0,0.0
Benin,BJ,BEN,AFW,Rest of World,Secondary aluminium ingot production,kt,0.0,0.0,No 2019 secondary producer share; assigned zero,,0.0,0.0,No 2024 secondary production estimate; assigned zero share,0.0,0.0,,Existing values retained through 2024; 2025 extrapolated using a country-level OLS linear trend fitted over 2019-2024 and floored at zero; Zijie regional growth indexed to 2025 thereafter,0.0,0.0,0.0,0.0,0.0,0.0,0.0,0.0,0.0,0.0,0.0,0.0,0.0,0.0,0.0,0.0,0.0,0.0,0.0,0.0,0.0,0.0,0.0,0.0,0.0,0.0,0.0,0.0,0.0,0.0,0.0,0.0
Senegal,SN,SEN,AFW,Rest of World,Secondary aluminium ingot production,kt,0.0,0.0,No 2019 secondary producer share; assigned zero,,0.0,0.0,No 2024 secondary production estimate; assigned zero share,0.0,0.0,,Existing values retained through 2024; 2025 extrapolated using a country-level OLS linear trend fitted over 2019-2024 and floored at zero; Zijie regional growth indexed to 2025 thereafter,0.0,0.0,0.0,0.0,0.0,0.0,0.0,0.0,0.0,0.0,0.0,0.0,0.0,0.0,0.0,0.0,0.0,0.0,0.0,0.0,0.0,0.0,0.0,0.0,0.0,0.0,0.0,0.0,0.0,0.0,0.0,0.0
Togo,TG,TGO,AFW,Rest of World,Secondary aluminium ingot production,kt,0.0,0.0,No 2019 secondary producer share; assigned zero,,0.0,0.0,No 2024 secondary production estimate; assigned zero share,0.0,0.0,,Existing values retained through 2024; 2025 extrapolated using a country-level OLS linear trend fitted over 2019-2024 and floored at zero; Zijie regional growth indexed to 2025 thereafter,0.0,0.0,0.0,0.0,0.0,0.0,0.0,0.0,0.0,0.0,0.0,0.0,0.0,0.0,0.0,0.0,0.0,0.0,0.0,0.0,0.0,0.0,0.0,0.0,0.0,0.0,0.0,0.0,0.0,0.0,0.0,0.0
Niger,NE,NER,AFW,Rest of World,Secondary aluminium ingot production,kt,0.0,0.0,No 2019 secondary producer share; assigned zero,,0.0,0.0,No 2024 secondary production estimate; assigned zero share,0.0,0.0,,Existing values retained through 2024; 2025 extrapolated using a country-level OLS linear trend fitted over 2019-2024 and floored at zero; Zijie regional growth indexed to 2025 thereafter,0.0,0.0,0.0,0.0,0.0,0.0,0.0,0.0,0.0,0.0,0.0,0.0,0.0,0.0,0.0,0.0,0.0,0.0,0.0,0.0,0.0,0.0,0.0,0.0,0.0,0.0,0.0,0.0,0.0,0.0,0.0,0.0
Congo,CG,COG,AFW,Rest of World,Secondary aluminium ingot production,kt,0.0,0.0,No 2019 secondary producer share; assigned zero,,0.0,0.0,No 2024 secondary production estimate; assigned zero share,0.0,0.0,,Existing values retained through 2024; 2025 extrapolated using a country-level OLS linear trend fitted over 2019-2024 and floored at zero; Zijie regional growth indexed to 2025 thereafter,0.0,0.0,0.0,0.0,0.0,0.0,0.0,0.0,0.0,0.0,0.0,0.0,0.0,0.0,0.0,0.0,0.0,0.0,0.0,0.0,0.0,0.0,0.0,0.0,0.0,0.0,0.0,0.0,0.0,0.0,0.0,0.0
Burkina Faso,BF,BFA,AFW,Rest of World,Secondary aluminium ingot production,kt,0.0,0.0,No 2019 secondary producer share; assigned zero,,0.0,0.0,No 2024 secondary production estimate; assigned zero share,0.0,0.0,,Existing values retained through 2024; 2025 extrapolated using a country-level OLS linear trend fitted over 2019-2024 and floored at zero; Zijie regional growth indexed to 2025 thereafter,0.0,0.0,0.0,0.0,0.0,0.0,0.0,0.0,0.0,0.0,0.0,0.0,0.0,0.0,0.0,0.0,0.0,0.0,0.0,0.0,0.0,0.0,0.0,0.0,0.0,0.0,0.0,0.0,0.0,0.0,0.0,0.0
Cabo Verde,CV,CPV,AFW,Rest of World,Secondary aluminium ingot production,kt,0.0,0.0,No 2019 secondary producer share; assigned zero,,0.0,0.0,No 2024 secondary production estimate; assigned zero share,0.0,0.0,,Existing values retained through 2024; 2025 extrapolated using a country-level OLS linear trend fitted over 2019-2024 and floored at zero; Zijie regional growth indexed to 2025 thereafter,0.0,0.0,0.0,0.0,0.0,0.0,0.0,0.0,0.0,0.0,0.0,0.0,0.0,0.0,0.0,0.0,0.0,0.0,0.0,0.0,0.0,0.0,0.0,0.0,0.0,0.0,0.0,0.0,0.0,0.0,0.0,0.0
Central African Republic,CF,CAF,AFW,Rest of World,Secondary aluminium ingot production,kt,0.0,0.0,No 2019 secondary producer share; assigned zero,,0.0,0.0,No 2024 secondary production estimate; assigned zero share,0.0,0.0,,Existing values retained through 2024; 2025 extrapolated using a country-level OLS linear trend fitted over 2019-2024 and floored at zero; Zijie regional growth indexed to 2025 thereafter,0.0,0.0,0.0,0.0,0.0,0.0,0.0,0.0,0.0,0.0,0.0,0.0,0.0,0.0,0.0,0.0,0.0,0.0,0.0,0.0,0.0,0.0,0.0,0.0,0.0,0.0,0.0,0.0,0.0,0.0,0.0,0.0
Chad,TD,TCD,AFW,Rest of World,Secondary aluminium ingot production,kt,0.0,0.0,No 2019 secondary producer share; assigned zero,,0.0,0.0,No 2024 secondary production estimate; assigned zero share,0.0,0.0,,Existing values retained through 2024; 2025 extrapolated using a country-level OLS linear trend fitted over 2019-2024 and floored at zero; Zijie regional growth indexed to 2025 thereafter,0.0,0.0,0.0,0.0,0.0,0.0,0.0,0.0,0.0,0.0,0.0,0.0,0.0,0.0,0.0,0.0,0.0,0.0,0.0,0.0,0.0,0.0,0.0,0.0,0.0,0.0,0.0,0.0,0.0,0.0,0.0,0.0
Equatorial Guinea,GQ,GNQ,AFW,Rest of World,Secondary aluminium ingot production,kt,0.0,0.0,No 2019 secondary producer share; assigned zero,,0.0,0.0,No 2024 secondary production estimate; assigned zero share,0.0,0.0,,Existing values retained through 2024; 2025 extrapolated using a country-level OLS linear trend fitted over 2019-2024 and floored at zero; Zijie regional growth indexed to 2025 thereafter,0.0,0.0,0.0,0.0,0.0,0.0,0.0,0.0,0.0,0.0,0.0,0.0,0.0,0.0,0.0,0.0,0.0,0.0,0.0,0.0,0.0,0.0,0.0,0.0,0.0,0.0,0.0,0.0,0.0,0.0,0.0,0.0
Gambia,GM,GMB,AFW,Rest of World,Secondary aluminium ingot production,kt,0.0,0.0,No 2019 secondary producer share; assigned zero,,0.0,0.0,No 2024 secondary production estimate; assigned zero share,0.0,0.0,,Existing values retained through 2024; 2025 extrapolated using a country-level OLS linear trend fitted over 2019-2024 and floored at zero; Zijie regional growth indexed to 2025 thereafter,0.0,0.0,0.0,0.0,0.0,0.0,0.0,0.0,0.0,0.0,0.0,0.0,0.0,0.0,0.0,0.0,0.0,0.0,0.0,0.0,0.0,0.0,0.0,0.0,0.0,0.0,0.0,0.0,0.0,0.0,0.0,0.0
Guinea,GN,GIN,AFW,Other main producer,Secondary aluminium ingot production,kt,0.0,0.0,No 2019 secondary producer share; assigned zero,,0.0,0.0,No 2024 secondary production estimate; assigned zero share,0.0,0.0,,Existing values retained through 2024; 2025 extrapolated using a country-level OLS linear trend fitted over 2019-2024 and floored at zero; Zijie regional growth indexed to 2025 thereafter,0.0,0.0,0.0,0.0,0.0,0.0,0.0,0.0,0.0,0.0,0.0,0.0,0.0,0.0,0.0,0.0,0.0,0.0,0.0,0.0,0.0,0.0,0.0,0.0,0.0,0.0,0.0,0.0,0.0,0.0,0.0,0.0
Guinea-Bissau,GW,GNB,AFW,Rest of World,Secondary aluminium ingot production,kt,0.0,0.0,No 2019 secondary producer share; assigned zero,,0.0,0.0,No 2024 secondary production estimate; assigned zero share,0.0,0.0,,Existing values retained through 2024; 2025 extrapolated using a country-level OLS linear trend fitted over 2019-2024 and floored at zero; Zijie regional growth indexed to 2025 thereafter,0.0,0.0,0.0,0.0,0.0,0.0,0.0,0.0,0.0,0.0,0.0,0.0,0.0,0.0,0.0,0.0,0.0,0.0,0.0,0.0,0.0,0.0,0.0,0.0,0.0,0.0,0.0,0.0,0.0,0.0,0.0,0.0
Liberia,LR,LBR,AFW,Rest of World,Secondary aluminium ingot production,kt,0.0,0.0,No 2019 secondary producer share; assigned zero,,0.0,0.0,No 2024 secondary production estimate; assigned zero share,0.0,0.0,,Existing values retained through 2024; 2025 extrapolated using a country-level OLS linear trend fitted over 2019-2024 and floored at zero; Zijie regional growth indexed to 2025 thereafter,0.0,0.0,0.0,0.0,0.0,0.0,0.0,0.0,0.0,0.0,0.0,0.0,0.0,0.0,0.0,0.0,0.0,0.0,0.0,0.0,0.0,0.0,0.0,0.0,0.0,0.0,0.0,0.0,0.0,0.0,0.0,0.0
Malawi,MW,MWI,AFW,Rest of World,Secondary aluminium ingot production,kt,0.0,0.0,No 2019 secondary producer share; assigned zero,,0.0,0.0,No 2024 secondary production estimate; assigned zero share,0.0,0.0,,Existing values retained through 2024; 2025 extrapolated using a country-level OLS linear trend fitted over 2019-2024 and floored at zero; Zijie regional growth indexed to 2025 thereafter,0.0,0.0,0.0,0.0,0.0,0.0,0.0,0.0,0.0,0.0,0.0,0.0,0.0,0.0,0.0,0.0,0.0,0.0,0.0,0.0,0.0,0.0,0.0,0.0,0.0,0.0,0.0,0.0,0.0,0.0,0.0,0.0
Mali,ML,MLI,AFW,Rest of World,Secondary aluminium ingot production,kt,0.0,0.0,No 2019 secondary producer share; assigned zero,,0.0,0.0,No 2024 secondary production estimate; assigned zero share,0.0,0.0,,Existing values retained through 2024; 2025 extrapolated using a country-level OLS linear trend fitted over 2019-2024 and floored at zero; Zijie regional growth indexed to 2025 thereafter,0.0,0.0,0.0,0.0,0.0,0.0,0.0,0.0,0.0,0.0,0.0,0.0,0.0,0.0,0.0,0.0,0.0,0.0,0.0,0.0,0.0,0.0,0.0,0.0,0.0,0.0,0.0,0.0,0.0,0.0,0.0,0.0
Mauritania,MR,MRT,AFW,Rest of World,Secondary aluminium ingot production,kt,0.0,0.0,No 2019 secondary producer share; assigned zero,,0.0,0.0,No 2024 secondary production estimate; assigned zero share,0.0,0.0,,Existing values retained through 2024; 2025 extrapolated using a country-level OLS linear trend fitted over 2019-2024 and floored at zero; Zijie regional growth indexed to 2025 thereafter,0.0,0.0,0.0,0.0,0.0,0.0,0.0,0.0,0.0,0.0,0.0,0.0,0.0,0.0,0.0,0.0,0.0,0.0,0.0,0.0,0.0,0.0,0.0,0.0,0.0,0.0,0.0,0.0,0.0,0.0,0.0,0.0
Sao Tome and Principe,ST,STP,AFW,Rest of World,Secondary aluminium ingot production,kt,0.0,0.0,No 2019 secondary producer share; assigned zero,,0.0,0.0,No 2024 secondary production estimate; assigned zero share,0.0,0.0,,Existing values retained through 2024; 2025 extrapolated using a country-level OLS linear trend fitted over 2019-2024 and floored at zero; Zijie regional growth indexed to 2025 thereafter,0.0,0.0,0.0,0.0,0.0,0.0,0.0,0.0,0.0,0.0,0.0,0.0,0.0,0.0,0.0,0.0,0.0,0.0,0.0,0.0,0.0,0.0,0.0,0.0,0.0,0.0,0.0,0.0,0.0,0.0,0.0,0.0
Sierra Leone,SL,SLE,AFW,Other main producer,Secondary aluminium ingot production,kt,0.0,0.0,No 2019 secondary producer share; assigned zero,,0.0,0.0,No 2024 secondary production estimate; assigned zero share,0.0,0.0,,Existing values retained through 2024; 2025 extrapolated using a country-level OLS linear trend fitted over 2019-2024 and floored at zero; Zijie regional growth indexed to 2025 thereafter,0.0,0.0,0.0,0.0,0.0,0.0,0.0,0.0,0.0,0.0,0.0,0.0,0.0,0.0,0.0,0.0,0.0,0.0,0.0,0.0,0.0,0.0,0.0,0.0,0.0,0.0,0.0,0.0,0.0,0.0,0.0,0.0
Angola,AO,AGO,AFZ,Rest of World,Secondary aluminium ingot production,kt,0.0,0.0,No 2019 secondary producer share; assigned zero,,0.0,0.0,No 2024 secondary production estimate; assigned zero share,0.0,0.0,,Existing values retained through 2024; 2025 extrapolated using a country-level OLS linear trend fitted over 2019-2024 and floored at zero; Zijie regional growth indexed to 2025 thereafter,0.0,0.0,0.0,0.0,0.0,0.0,0.0,0.0,0.0,0.0,0.0,0.0,0.0,0.0,0.0,0.0,0.0,0.0,0.0,0.0,0.0,0.0,0.0,0.0,0.0,0.0,0.0,0.0,0.0,0.0,0.0,0.0
Mozambique,MZ,MOZ,AFZ,Rest of World,Secondary aluminium ingot production,kt,22.03588143525741,0.7807247107038319,OMNIA 2019 region total allocated using OMNIA primary-production shares; no secondary-country weights available,Mozambique,2.0,0.3333333333333333,Zijie 2024 regional total allocated using country shares from secondary_aluminium_production_estimates_2024.xlsx,11.211615094417509,89.30557200176246,0.8266037233893452,Existing values retained through 2024; 2025 extrapolated using a country-level OLS linear trend fitted over 2019-2024 and floored at zero; Zijie regional growth indexed to 2025 thereafter,22.03588143525741,33.24749652967492,44.45911162409243,55.67072671850993,66.88234181292745,78.09395690734495,89.30557200176246,95.7187720441724,102.22248118421201,108.82631246569544,115.67490813319438,122.76438480923996,130.10128642448564,137.67696220830246,145.45421567206466,153.35006610805297,161.25203296766537,169.08962086035433,176.80403614910938,184.40773650106314,192.03360257028456,199.76621529261232,207.56615517086166,215.50061318256454,223.66528415741564,231.95023456780106,240.22122060123954,248.47431971128202,256.62350732825774,264.63068954118546,272.50284559834796,280.05687709496976
Zimbabwe,ZW,ZWE,AFZ,Other main producer,Secondary aluminium ingot production,kt,0.0,0.0,No 2019 secondary producer share; assigned zero,,0.0,0.0,No 2024 secondary production estimate; assigned zero share,0.0,0.0,,Existing values retained through 2024; 2025 extrapolated using a country-level OLS linear trend fitted over 2019-2024 and floored at zero; Zijie regional growth indexed to 2025 thereafter,0.0,0.0,0.0,0.0,0.0,0.0,0.0,0.0,0.0,0.0,0.0,0.0,0.0,0.0,0.0,0.0,0.0,0.0,0.0,0.0,0.0,0.0,0.0,0.0,0.0,0.0,0.0,0.0,0.0,0.0,0.0,0.0
Zambia,ZM,ZMB,AFZ,Rest of World,Secondary aluminium ingot production,kt,0.0,0.0,No 2019 secondary producer share; assigned zero,,0.0,0.0,No 2024 secondary production estimate; assigned zero share,0.0,0.0,,Existing values retained through 2024; 2025 extrapolated using a country-level OLS linear trend fitted over 2019-2024 and floored at zero; Zijie regional growth indexed to 2025 thereafter,0.0,0.0,0.0,0.0,0.0,0.0,0.0,0.0,0.0,0.0,0.0,0.0,0.0,0.0,0.0,0.0,0.0,0.0,0.0,0.0,0.0,0.0,0.0,0.0,0.0,0.0,0.0,0.0,0.0,0.0,0.0,0.0
Botswana,BW,BWA,AFZ,Rest of World,Secondary aluminium ingot production,kt,0.0,0.0,No 2019 secondary producer share; assigned zero,,0.0,0.0,No 2024 secondary production estimate; assigned zero share,0.0,0.0,,Existing values retained through 2024; 2025 extrapolated using a country-level OLS linear trend fitted over 2019-2024 and floored at zero; Zijie regional growth indexed to 2025 thereafter,0.0,0.0,0.0,0.0,0.0,0.0,0.0,0.0,0.0,0.0,0.0,0.0,0.0,0.0,0.0,0.0,0.0,0.0,0.0,0.0,0.0,0.0,0.0,0.0,0.0,0.0,0.0,0.0,0.0,0.0,0.0,0.0
Namibia,,NAM,AFZ,Rest of World,Secondary aluminium ingot production,kt,0.0,0.0,No 2019 secondary producer share; assigned zero,,0.0,0.0,No 2024 secondary production estimate; assigned zero share,0.0,0.0,,Existing values retained through 2024; 2025 extrapolated using a country-level OLS linear trend fitted over 2019-2024 and floored at zero; Zijie regional growth indexed to 2025 thereafter,0.0,0.0,0.0,0.0,0.0,0.0,0.0,0.0,0.0,0.0,0.0,0.0,0.0,0.0,0.0,0.0,0.0,0.0,0.0,0.0,0.0,0.0,0.0,0.0,0.0,0.0,0.0,0.0,0.0,0.0,0.0,0.0
South Africa,ZA,ZAF,AFZ,Other main producer,Secondary aluminium ingot production,kt,27.96411856474259,0.0218167123794461,OMNIA 2019 region total allocated using OMNIA primary-production shares; no secondary-country weights available,South Africa,180.0,0.2893890675241157,Zijie 2024 regional total allocated using country shares from secondary_aluminium_production_estimates_2024.xlsx,100.93779612889837,633.5908953381327,1.0538236565426142,Existing values retained through 2024; 2025 extrapolated using a country-level OLS linear trend fitted over 2019-2024 and floored at zero; Zijie regional growth indexed to 2025 thereafter,27.96411856474259,128.90191469364095,229.8397108225393,330.77750695143766,431.715303080336,532.6530992092344,633.5908953381327,721.9076511235173,730.4296121829395,738.7429667234135,744.8877855382863,750.4448579686092,755.9432909075166,762.0450476882443,769.4452383960077,778.331093932866,788.7502333421262,800.5244101571176,813.1757892161728,826.2655294582227,839.6810116108215,853.4052825235411,867.4912128230756,882.034902840306,896.885222306778,912.004954025751,927.461531322409,943.1929820584387,959.119666549453,975.0178606320786,990.7990797129573,1006.558802604312
Eswatini,SZ,SWZ,AFZ,Rest of World,Secondary aluminium ingot production,kt,0.0,0.0,No 2019 secondary producer share; assigned zero,,0.0,0.0,No 2024 secondary production estimate; assigned zero share,0.0,0.0,,Existing values retained through 2024; 2025 extrapolated using a country-level OLS linear trend fitted over 2019-2024 and floored at zero; Zijie regional growth indexed to 2025 thereafter,0.0,0.0,0.0,0.0,0.0,0.0,0.0,0.0,0.0,0.0,0.0,0.0,0.0,0.0,0.0,0.0,0.0,0.0,0.0,0.0,0.0,0.0,0.0,0.0,0.0,0.0,0.0,0.0,0.0,0.0,0.0,0.0
Lesotho,LS,LSO,AFZ,Rest of World,Secondary aluminium ingot production,kt,0.0,0.0,No 2019 secondary producer share; assigned zero,,0.0,0.0,No 2024 secondary production estimate; assigned zero share,0.0,0.0,,Existing values retained through 2024; 2025 extrapolated using a country-level OLS linear trend fitted over 2019-2024 and floored at zero; Zijie regional growth indexed to 2025 thereafter,0.0,0.0,0.0,0.0,0.0,0.0,0.0,0.0,0.0,0.0,0.0,0.0,0.0,0.0,0.0,0.0,0.0,0.0,0.0,0.0,0.0,0.0,0.0,0.0,0.0,0.0,0.0,0.0,0.0,0.0,0.0,0.0
Nigeria,NG,NGA,NIG,Rest of World,Secondary aluminium ingot production,kt,0.0,0.0,No 2019 secondary producer share; assigned zero,,0.0,0.0,No 2024 secondary production estimate; assigned zero share,0.0,0.0,,Existing values retained through 2024; 2025 extrapolated using a country-level OLS linear trend fitted over 2019-2024 and floored at zero; Zijie regional growth indexed to 2025 thereafter,0.0,0.0,0.0,0.0,0.0,0.0,0.0,0.0,0.0,0.0,0.0,0.0,0.0,0.0,0.0,0.0,0.0,0.0,0.0,0.0,0.0,0.0,0.0,0.0,0.0,0.0,0.0,0.0,0.0,0.0,0.0,0.0
Russian Federation,RU,RUS,RUS,Other main producer,Secondary aluminium ingot production,kt,320.0,0.2496537820514366,OMNIA 2019 region total allocated using OMNIA primary-production shares; no secondary-country weights available,Russian Federation,300.0,0.4823151125401929,Zijie 2024 regional total allocated using country shares from secondary_aluminium_production_estimates_2024.xlsx,113.55103306974483,1001.306198418469,0.9992569341827423,Existing values retained through 2024; 2025 extrapolated using a country-level OLS linear trend fitted over 2019-2024 and floored at zero; Zijie regional growth indexed to 2025 thereafter,320.0,433.5510330697448,547.1020661394896,660.6530992092344,774.2041322789793,887.7551653487241,1001.306198418469,1140.8790926042695,1154.3469193900796,1167.4850712989457,1177.196140717339,1185.9783550933412,1194.667897547038,1204.3109131439144,1216.0059309853682,1230.0488446269205,1246.5149096373889,1265.1224311672463,1285.1162542533766,1305.8028489258859,1327.0042353930962,1348.6936214540283,1370.9545621070458,1393.9389311522448,1417.4078872873188,1441.3026136794213,1465.7296797363258,1490.5911467302524,1515.7611547250754,1540.8861374161497,1565.8262566643132,1590.7324040420297
Kazakhstan,KZ,KAZ,ASC,Other main producer,Secondary aluminium ingot production,kt,6.341463414634147,0.0049474072662632,OMNIA 2019 region total allocated using OMNIA primary-production shares; no secondary-country weights available,Kazakhstan,30.0,0.0482315112540192,Zijie 2024 regional total allocated using country shares from secondary_aluminium_production_estimates_2024.xlsx,16.486810624047646,105.26232715892002,1.050468982294309,Existing values retained through 2024; 2025 extrapolated using a country-level OLS linear trend fitted over 2019-2024 and floored at zero; Zijie regional growth indexed to 2025 thereafter,6.341463414634147,22.8282740386818,39.31508466272945,55.801895286777096,72.28870591082475,88.7755165348724,105.26232715892002,119.9349294792774,121.35073494566394,122.73188333631506,123.75275963548953,124.67599003622674,125.58947829992374,126.60320044022428,127.8326393432301,129.30890082282176,131.039896121652,132.99601206499295,135.09786297750503,137.27254151206415,139.50133754075057,141.78143453308718,144.12161620936592,146.5378483048013,149.00502262437547,151.51695604776893,154.08485168536274,156.6984137271226,159.34441114562298,161.98567527847996,164.60750563949156,167.22576470717968
Uzbekistan,UZ,UZB,ASC,Rest of World,Secondary aluminium ingot production,kt,0.0,0.0,No 2019 secondary producer share; assigned zero,,0.0,0.0,No 2024 secondary production estimate; assigned zero share,0.0,0.0,,Existing values retained through 2024; 2025 extrapolated using a country-level OLS linear trend fitted over 2019-2024 and floored at zero; Zijie regional growth indexed to 2025 thereafter,0.0,0.0,0.0,0.0,0.0,0.0,0.0,0.0,0.0,0.0,0.0,0.0,0.0,0.0,0.0,0.0,0.0,0.0,0.0,0.0,0.0,0.0,0.0,0.0,0.0,0.0,0.0,0.0,0.0,0.0,0.0,0.0
Turkmenistan,TM,TKM,ASC,Rest of World,Secondary aluminium ingot production,kt,0.0,0.0,No 2019 secondary producer share; assigned zero,,0.0,0.0,No 2024 secondary production estimate; assigned zero share,0.0,0.0,,Existing values retained through 2024; 2025 extrapolated using a country-level OLS linear trend fitted over 2019-2024 and floored at zero; Zijie regional growth indexed to 2025 thereafter,0.0,0.0,0.0,0.0,0.0,0.0,0.0,0.0,0.0,0.0,0.0,0.0,0.0,0.0,0.0,0.0,0.0,0.0,0.0,0.0,0.0,0.0,0.0,0.0,0.0,0.0,0.0,0.0,0.0,0.0,0.0,0.0
Azerbaijan,AZ,AZE,ASC,Other main producer,Secondary aluminium ingot production,kt,1.2195121951219512,0.0009514244742813,OMNIA 2019 region total allocated using OMNIA primary-production shares; no secondary-country weights available,Azerbaijan,5.0,0.0080385852090032,Zijie 2024 regional total allocated using country shares from secondary_aluminium_production_estimates_2024.xlsx,2.7152814454713563,17.51120086795009,1.0485217561303715,Existing values retained through 2024; 2025 extrapolated using a country-level OLS linear trend fitted over 2019-2024 and floored at zero; Zijie regional growth indexed to 2025 thereafter,1.2195121951219512,3.934793640593308,6.650075086064665,9.36535653153602,12.080637977007378,14.795919422478732,17.51120086795009,19.952101553144146,20.18763172410841,20.417396422931983,20.587227077627503,20.74081358318043,20.89277940901632,21.061419914144913,21.26594656832864,21.51153406387886,21.79949849709465,22.124913487712597,22.474572615692118,22.83634718091136,23.20712460912738,23.586436348748478,23.975743639465552,24.37770250460519,24.788136002062313,25.206015522031034,25.633204788424027,26.067991013746695,26.508173114428203,26.94756779649658,27.383729520567616,27.819297132419837
Mongolia,MN,MNG,ASC,Rest of World,Secondary aluminium ingot production,kt,0.0,0.0,No 2019 secondary producer share; assigned zero,,0.0,0.0,No 2024 secondary production estimate; assigned zero share,0.0,0.0,,Existing values retained through 2024; 2025 extrapolated using a country-level OLS linear trend fitted over 2019-2024 and floored at zero; Zijie regional growth indexed to 2025 thereafter,0.0,0.0,0.0,0.0,0.0,0.0,0.0,0.0,0.0,0.0,0.0,0.0,0.0,0.0,0.0,0.0,0.0,0.0,0.0,0.0,0.0,0.0,0.0,0.0,0.0,0.0,0.0,0.0,0.0,0.0,0.0,0.0
Georgia,GE,GEO,ASC,Rest of World,Secondary aluminium ingot production,kt,0.0,0.0,No 2019 secondary producer share; assigned zero,,0.0,0.0,No 2024 secondary production estimate; assigned zero share,0.0,0.0,,Existing values retained through 2024; 2025 extrapolated using a country-level OLS linear trend fitted over 2019-2024 and floored at zero; Zijie regional growth indexed to 2025 thereafter,0.0,0.0,0.0,0.0,0.0,0.0,0.0,0.0,0.0,0.0,0.0,0.0,0.0,0.0,0.0,0.0,0.0,0.0,0.0,0.0,0.0,0.0,0.0,0.0,0.0,0.0,0.0,0.0,0.0,0.0,0.0,0.0
Kyrgyzstan,KG,KGZ,ASC,Rest of World,Secondary aluminium ingot production,kt,0.0,0.0,No 2019 secondary producer share; assigned zero,,0.0,0.0,No 2024 secondary production estimate; assigned zero share,0.0,0.0,,Existing values retained through 2024; 2025 extrapolated using a country-level OLS linear trend fitted over 2019-2024 and floored at zero; Zijie regional growth indexed to 2025 thereafter,0.0,0.0,0.0,0.0,0.0,0.0,0.0,0.0,0.0,0.0,0.0,0.0,0.0,0.0,0.0,0.0,0.0,0.0,0.0,0.0,0.0,0.0,0.0,0.0,0.0,0.0,0.0,0.0,0.0,0.0,0.0,0.0
Armenia,AM,ARM,ASC,Rest of World,Secondary aluminium ingot production,kt,0.0,0.0,No 2019 secondary producer share; assigned zero,,0.0,0.0,No 2024 secondary production estimate; assigned zero share,0.0,0.0,,Existing values retained through 2024; 2025 extrapolated using a country-level OLS linear trend fitted over 2019-2024 and floored at zero; Zijie regional growth indexed to 2025 thereafter,0.0,0.0,0.0,0.0,0.0,0.0,0.0,0.0,0.0,0.0,0.0,0.0,0.0,0.0,0.0,0.0,0.0,0.0,0.0,0.0,0.0,0.0,0.0,0.0,0.0,0.0,0.0,0.0,0.0,0.0,0.0,0.0
Tajikistan,TJ,TJK,ASC,Rest of World,Secondary aluminium ingot production,kt,2.4390243902439024,0.0864139071117904,OMNIA 2019 region total allocated using OMNIA primary-production shares; no secondary-country weights available,Tajikistan,2.0,0.3333333333333333,Zijie 2024 regional total allocated using country shares from secondary_aluminium_production_estimates_2024.xlsx,15.130986503420209,93.22494341076515,0.8628810454803276,Existing values retained through 2024; 2025 extrapolated using a country-level OLS linear trend fitted over 2019-2024 and floored at zero; Zijie regional growth indexed to 2025 thereafter,2.4390243902439024,17.57001089366411,32.70099739708432,47.831983900504525,62.96297040392474,78.09395690734495,93.22494341076515,99.91960083957356,106.70873955678937,113.60239449579343,120.75155584412677,128.15216979376078,135.81106747013567,143.71921844453055,151.8377937786217,160.08017097385812,168.3289330254194,176.51049069752528,184.56347006511882,192.50087552744893,200.4614194982911,208.53339493384556,216.6756523256107,224.9583314749195,233.48132698949937,242.12988066713478,250.76385711043346,259.3791616233698,267.8859942588662,276.2445892708901,284.4622322073824,292.3477889874432
Afghanistan,AF,AFG,ASC,Rest of World,Secondary aluminium ingot production,kt,0.0,0.0,No 2019 secondary producer share; assigned zero,,0.0,0.0,No 2024 secondary production estimate; assigned zero share,0.0,0.0,,Existing values retained through 2024; 2025 extrapolated using a country-level OLS linear trend fitted over 2019-2024 and floored at zero; Zijie regional growth indexed to 2025 thereafter,0.0,0.0,0.0,0.0,0.0,0.0,0.0,0.0,0.0,0.0,0.0,0.0,0.0,0.0,0.0,0.0,0.0,0.0,0.0,0.0,0.0,0.0,0.0,0.0,0.0,0.0,0.0,0.0,0.0,0.0,0.0,0.0
Thailand,TH,THA,ASE,Other Asia,Secondary aluminium ingot production,kt,290.0,0.0779569892473118,OMNIA 2019 region total allocated using INF_Data secondary-country weights,Thailand,571.0,0.1196814085097463,Zijie 2024 regional total allocated using country shares from secondary_aluminium_production_estimates_2024.xlsx,55.670121474028825,624.0207288441729,1.0313430455193322,Existing values retained through 2024; 2025 extrapolated using a country-level OLS linear trend fitted over 2019-2024 and floored at zero; Zijie regional growth indexed to 2025 thereafter,290.0,345.6701214740288,401.3402429480576,457.01036442208647,512.6804858961152,568.3506073701441,624.0207288441729,667.603685323038,717.8267651355484,769.8136470357623,823.8151548215945,879.8328497185541,937.8713370966873,997.6231063052549,1058.638816803029,1120.5801755193213,1183.1625607915505,1246.2150997941126,1309.7485820059862,1373.8256827810176,1438.6934212022118,1504.6839585144846,1571.9348296248654,1640.6704998067514,1710.841176644184,1782.174934299634,1854.5278054141334,1927.6249463600202,2001.0175811312988,2074.250546329762,2147.1457292699065,2219.6325147282455
Malaysia,MY,MYS,ASE,Other Asia,Secondary aluminium ingot production,kt,0.0,0.0,No 2019 secondary producer share; assigned zero,Malaysia,650.0,0.1362397820163488,Zijie 2024 regional total allocated using country shares from secondary_aluminium_production_estimates_2024.xlsx,129.39681078479637,776.3808647087783,1.1272018750023167,Existing values retained through 2024; 2025 extrapolated using a country-level OLS linear trend fitted over 2019-2024 and floored at zero; Zijie regional growth indexed to 2025 thereafter,0.0,129.39681078479637,258.79362156959274,388.1904323543891,517.5872431391855,646.9840539239818,776.3808647087783,830.6049823920162,893.090467778691,957.7704030077019,1024.9568527078557,1094.6517592915668,1166.8608525703842,1241.2015404702108,1317.1147720143374,1394.1796569108142,1472.0420806209795,1550.4894502196862,1629.535189531868,1709.2572766489022,1789.9630425301598,1872.0657485027577,1955.7365098279543,2041.2545969450189,2128.558060182777,2217.308580624694,2307.3270400179954,2398.271489251955,2489.583579721324,2580.6970158907957,2671.390197300009,2761.575267399111
Singapore,SG,SGP,ASE,Other Asia,Secondary aluminium ingot production,kt,0.0,0.0,No 2019 secondary producer share; assigned zero,,0.0,0.0,No 2024 secondary production estimate; assigned zero share,0.0,0.0,,Existing values retained through 2024; 2025 extrapolated using a country-level OLS linear trend fitted over 2019-2024 and floored at zero; Zijie regional growth indexed to 2025 thereafter,0.0,0.0,0.0,0.0,0.0,0.0,0.0,0.0,0.0,0.0,0.0,0.0,0.0,0.0,0.0,0.0,0.0,0.0,0.0,0.0,0.0,0.0,0.0,0.0,0.0,0.0,0.0,0.0,0.0,0.0,0.0,0.0
Myanmar,MM,MMR,ASE,Rest of World,Secondary aluminium ingot production,kt,0.0,0.0,No 2019 secondary producer share; assigned zero,,0.0,0.0,No 2024 secondary production estimate; assigned zero share,0.0,0.0,,Existing values retained through 2024; 2025 extrapolated using a country-level OLS linear trend fitted over 2019-2024 and floored at zero; Zijie regional growth indexed to 2025 thereafter,0.0,0.0,0.0,0.0,0.0,0.0,0.0,0.0,0.0,0.0,0.0,0.0,0.0,0.0,0.0,0.0,0.0,0.0,0.0,0.0,0.0,0.0,0.0,0.0,0.0,0.0,0.0,0.0,0.0,0.0,0.0,0.0
Cambodia,KH,KHM,ASE,Rest of World,Secondary aluminium ingot production,kt,0.0,0.0,No 2019 secondary producer share; assigned zero,,0.0,0.0,No 2024 secondary production estimate; assigned zero share,0.0,0.0,,Existing values retained through 2024; 2025 extrapolated using a country-level OLS linear trend fitted over 2019-2024 and floored at zero; Zijie regional growth indexed to 2025 thereafter,0.0,0.0,0.0,0.0,0.0,0.0,0.0,0.0,0.0,0.0,0.0,0.0,0.0,0.0,0.0,0.0,0.0,0.0,0.0,0.0,0.0,0.0,0.0,0.0,0.0,0.0,0.0,0.0,0.0,0.0,0.0,0.0
Brunei Darussalam,BN,BRN,ASE,Rest of World,Secondary aluminium ingot production,kt,0.0,0.0,No 2019 secondary producer share; assigned zero,,0.0,0.0,No 2024 secondary production estimate; assigned zero share,0.0,0.0,,Existing values retained through 2024; 2025 extrapolated using a country-level OLS linear trend fitted over 2019-2024 and floored at zero; Zijie regional growth indexed to 2025 thereafter,0.0,0.0,0.0,0.0,0.0,0.0,0.0,0.0,0.0,0.0,0.0,0.0,0.0,0.0,0.0,0.0,0.0,0.0,0.0,0.0,0.0,0.0,0.0,0.0,0.0,0.0,0.0,0.0,0.0,0.0,0.0,0.0
Lao People's Democratic Republic,LA,LAO,ASE,Rest of World,Secondary aluminium ingot production,kt,0.0,0.0,No 2019 secondary producer share; assigned zero,,0.0,0.0,No 2024 secondary production estimate; assigned zero share,0.0,0.0,,Existing values retained through 2024; 2025 extrapolated using a country-level OLS linear trend fitted over 2019-2024 and floored at zero; Zijie regional growth indexed to 2025 thereafter,0.0,0.0,0.0,0.0,0.0,0.0,0.0,0.0,0.0,0.0,0.0,0.0,0.0,0.0,0.0,0.0,0.0,0.0,0.0,0.0,0.0,0.0,0.0,0.0,0.0,0.0,0.0,0.0,0.0,0.0,0.0,0.0
Democratic People's Republic of Korea,KP,PRK,ASE,Rest of World,Secondary aluminium ingot production,kt,0.0,0.0,No 2019 secondary producer share; assigned zero,,0.0,0.0,No 2024 secondary production estimate; assigned zero share,0.0,0.0,,Existing values retained through 2024; 2025 extrapolated using a country-level OLS linear trend fitted over 2019-2024 and floored at zero; Zijie regional growth indexed to 2025 thereafter,0.0,0.0,0.0,0.0,0.0,0.0,0.0,0.0,0.0,0.0,0.0,0.0,0.0,0.0,0.0,0.0,0.0,0.0,0.0,0.0,0.0,0.0,0.0,0.0,0.0,0.0,0.0,0.0,0.0,0.0,0.0,0.0
Cook Islands,CK,COK,ASE,Rest of World,Secondary aluminium ingot production,kt,0.0,0.0,No 2019 secondary producer share; assigned zero,,0.0,0.0,No 2024 secondary production estimate; assigned zero share,0.0,0.0,,Existing values retained through 2024; 2025 extrapolated using a country-level OLS linear trend fitted over 2019-2024 and floored at zero; Zijie regional growth indexed to 2025 thereafter,0.0,0.0,0.0,0.0,0.0,0.0,0.0,0.0,0.0,0.0,0.0,0.0,0.0,0.0,0.0,0.0,0.0,0.0,0.0,0.0,0.0,0.0,0.0,0.0,0.0,0.0,0.0,0.0,0.0,0.0,0.0,0.0
Timor-Leste,TL,TLS,ASE,Rest of World,Secondary aluminium ingot production,kt,0.0,0.0,No 2019 secondary producer share; assigned zero,,0.0,0.0,No 2024 secondary production estimate; assigned zero share,0.0,0.0,,Existing values retained through 2024; 2025 extrapolated using a country-level OLS linear trend fitted over 2019-2024 and floored at zero; Zijie regional growth indexed to 2025 thereafter,0.0,0.0,0.0,0.0,0.0,0.0,0.0,0.0,0.0,0.0,0.0,0.0,0.0,0.0,0.0,0.0,0.0,0.0,0.0,0.0,0.0,0.0,0.0,0.0,0.0,0.0,0.0,0.0,0.0,0.0,0.0,0.0
Fiji,FJ,FJI,ASE,Other main producer,Secondary aluminium ingot production,kt,0.0,0.0,No 2019 secondary producer share; assigned zero,,0.0,0.0,No 2024 secondary production estimate; assigned zero share,0.0,0.0,,Existing values retained through 2024; 2025 extrapolated using a country-level OLS linear trend fitted over 2019-2024 and floored at zero; Zijie regional growth indexed to 2025 thereafter,0.0,0.0,0.0,0.0,0.0,0.0,0.0,0.0,0.0,0.0,0.0,0.0,0.0,0.0,0.0,0.0,0.0,0.0,0.0,0.0,0.0,0.0,0.0,0.0,0.0,0.0,0.0,0.0,0.0,0.0,0.0,0.0
French Polynesia,PF,PYF,ASE,Rest of World,Secondary aluminium ingot production,kt,0.0,0.0,No 2019 secondary producer share; assigned zero,,0.0,0.0,No 2024 secondary production estimate; assigned zero share,0.0,0.0,,Existing values retained through 2024; 2025 extrapolated using a country-level OLS linear trend fitted over 2019-2024 and floored at zero; Zijie regional growth indexed to 2025 thereafter,0.0,0.0,0.0,0.0,0.0,0.0,0.0,0.0,0.0,0.0,0.0,0.0,0.0,0.0,0.0,0.0,0.0,0.0,0.0,0.0,0.0,0.0,0.0,0.0,0.0,0.0,0.0,0.0,0.0,0.0,0.0,0.0
Kiribati,KI,KIR,ASE,Rest of World,Secondary aluminium ingot production,kt,0.0,0.0,No 2019 secondary producer share; assigned zero,,0.0,0.0,No 2024 secondary production estimate; assigned zero share,0.0,0.0,,Existing values retained through 2024; 2025 extrapolated using a country-level OLS linear trend fitted over 2019-2024 and floored at zero; Zijie regional growth indexed to 2025 thereafter,0.0,0.0,0.0,0.0,0.0,0.0,0.0,0.0,0.0,0.0,0.0,0.0,0.0,0.0,0.0,0.0,0.0,0.0,0.0,0.0,0.0,0.0,0.0,0.0,0.0,0.0,0.0,0.0,0.0,0.0,0.0,0.0
New Caledonia,NC,NCL,ASE,Rest of World,Secondary aluminium ingot production,kt,0.0,0.0,No 2019 secondary producer share; assigned zero,,0.0,0.0,No 2024 secondary production estimate; assigned zero share,0.0,0.0,,Existing values retained through 2024; 2025 extrapolated using a country-level OLS linear trend fitted over 2019-2024 and floored at zero; Zijie regional growth indexed to 2025 thereafter,0.0,0.0,0.0,0.0,0.0,0.0,0.0,0.0,0.0,0.0,0.0,0.0,0.0,0.0,0.0,0.0,0.0,0.0,0.0,0.0,0.0,0.0,0.0,0.0,0.0,0.0,0.0,0.0,0.0,0.0,0.0,0.0
Palau,PW,PLW,ASE,Rest of World,Secondary aluminium ingot production,kt,0.0,0.0,No 2019 secondary producer share; assigned zero,,0.0,0.0,No 2024 secondary production estimate; assigned zero share,0.0,0.0,,Existing values retained through 2024; 2025 extrapolated using a country-level OLS linear trend fitted over 2019-2024 and floored at zero; Zijie regional growth indexed to 2025 thereafter,0.0,0.0,0.0,0.0,0.0,0.0,0.0,0.0,0.0,0.0,0.0,0.0,0.0,0.0,0.0,0.0,0.0,0.0,0.0,0.0,0.0,0.0,0.0,0.0,0.0,0.0,0.0,0.0,0.0,0.0,0.0,0.0
Papua New Guinea,PG,PNG,ASE,Rest of World,Secondary aluminium ingot production,kt,0.0,0.0,No 2019 secondary producer share; assigned zero,,0.0,0.0,No 2024 secondary production estimate; assigned zero share,0.0,0.0,,Existing values retained through 2024; 2025 extrapolated using a country-level OLS linear trend fitted over 2019-2024 and floored at zero; Zijie regional growth indexed to 2025 thereafter,0.0,0.0,0.0,0.0,0.0,0.0,0.0,0.0,0.0,0.0,0.0,0.0,0.0,0.0,0.0,0.0,0.0,0.0,0.0,0.0,0.0,0.0,0.0,0.0,0.0,0.0,0.0,0.0,0.0,0.0,0.0,0.0
American Samoa,AS,ASM,ASE,Rest of World,Secondary aluminium ingot production,kt,0.0,0.0,No 2019 secondary producer share; assigned zero,,0.0,0.0,No 2024 secondary production estimate; assigned zero share,0.0,0.0,,Existing values retained through 2024; 2025 extrapolated using a country-level OLS linear trend fitted over 2019-2024 and floored at zero; Zijie regional growth indexed to 2025 thereafter,0.0,0.0,0.0,0.0,0.0,0.0,0.0,0.0,0.0,0.0,0.0,0.0,0.0,0.0,0.0,0.0,0.0,0.0,0.0,0.0,0.0,0.0,0.0,0.0,0.0,0.0,0.0,0.0,0.0,0.0,0.0,0.0
Solomon Islands,SB,SLB,ASE,Rest of World,Secondary aluminium ingot production,kt,0.0,0.0,No 2019 secondary producer share; assigned zero,,0.0,0.0,No 2024 secondary production estimate; assigned zero share,0.0,0.0,,Existing values retained through 2024; 2025 extrapolated using a country-level OLS linear trend fitted over 2019-2024 and floored at zero; Zijie regional growth indexed to 2025 thereafter,0.0,0.0,0.0,0.0,0.0,0.0,0.0,0.0,0.0,0.0,0.0,0.0,0.0,0.0,0.0,0.0,0.0,0.0,0.0,0.0,0.0,0.0,0.0,0.0,0.0,0.0,0.0,0.0,0.0,0.0,0.0,0.0
Tonga,TO,TON,ASE,Rest of World,Secondary aluminium ingot production,kt,0.0,0.0,No 2019 secondary producer share; assigned zero,,0.0,0.0,No 2024 secondary production estimate; assigned zero share,0.0,0.0,,Existing values retained through 2024; 2025 extrapolated using a country-level OLS linear trend fitted over 2019-2024 and floored at zero; Zijie regional growth indexed to 2025 thereafter,0.0,0.0,0.0,0.0,0.0,0.0,0.0,0.0,0.0,0.0,0.0,0.0,0.0,0.0,0.0,0.0,0.0,0.0,0.0,0.0,0.0,0.0,0.0,0.0,0.0,0.0,0.0,0.0,0.0,0.0,0.0,0.0
Vanuatu,VU,VUT,ASE,Rest of World,Secondary aluminium ingot production,kt,0.0,0.0,No 2019 secondary producer share; assigned zero,,0.0,0.0,No 2024 secondary production estimate; assigned zero share,0.0,0.0,,Existing values retained through 2024; 2025 extrapolated using a country-level OLS linear trend fitted over 2019-2024 and floored at zero; Zijie regional growth indexed to 2025 thereafter,0.0,0.0,0.0,0.0,0.0,0.0,0.0,0.0,0.0,0.0,0.0,0.0,0.0,0.0,0.0,0.0,0.0,0.0,0.0,0.0,0.0,0.0,0.0,0.0,0.0,0.0,0.0,0.0,0.0,0.0,0.0,0.0
Niue,NU,NIU,ASE,Rest of World,Secondary aluminium ingot production,kt,0.0,0.0,No 2019 secondary producer share; assigned zero,,0.0,0.0,No 2024 secondary production estimate; assigned zero share,0.0,0.0,,Existing values retained through 2024; 2025 extrapolated using a country-level OLS linear trend fitted over 2019-2024 and floored at zero; Zijie regional growth indexed to 2025 thereafter,0.0,0.0,0.0,0.0,0.0,0.0,0.0,0.0,0.0,0.0,0.0,0.0,0.0,0.0,0.0,0.0,0.0,0.0,0.0,0.0,0.0,0.0,0.0,0.0,0.0,0.0,0.0,0.0,0.0,0.0,0.0,0.0
Samoa,WS,WSM,ASE,Rest of World,Secondary aluminium ingot production,kt,0.0,0.0,No 2019 secondary producer share; assigned zero,,0.0,0.0,No 2024 secondary production estimate; assigned zero share,0.0,0.0,,Existing values retained through 2024; 2025 extrapolated using a country-level OLS linear trend fitted over 2019-2024 and floored at zero; Zijie regional growth indexed to 2025 thereafter,0.0,0.0,0.0,0.0,0.0,0.0,0.0,0.0,0.0,0.0,0.0,0.0,0.0,0.0,0.0,0.0,0.0,0.0,0.0,0.0,0.0,0.0,0.0,0.0,0.0,0.0,0.0,0.0,0.0,0.0,0.0,0.0
Wallis and Futuna Islands,WF,WLF,ASE,Rest of World,Secondary aluminium ingot production,kt,0.0,0.0,No 2019 secondary producer share; assigned zero,,0.0,0.0,No 2024 secondary production estimate; assigned zero share,0.0,0.0,,Existing values retained through 2024; 2025 extrapolated using a country-level OLS linear trend fitted over 2019-2024 and floored at zero; Zijie regional growth indexed to 2025 thereafter,0.0,0.0,0.0,0.0,0.0,0.0,0.0,0.0,0.0,0.0,0.0,0.0,0.0,0.0,0.0,0.0,0.0,0.0,0.0,0.0,0.0,0.0,0.0,0.0,0.0,0.0,0.0,0.0,0.0,0.0,0.0,0.0
Micronesia (Federated States of),FM,FSM,ASE,Rest of World,Secondary aluminium ingot production,kt,0.0,0.0,No 2019 secondary producer share; assigned zero,,0.0,0.0,No 2024 secondary production estimate; assigned zero share,0.0,0.0,,Existing values retained through 2024; 2025 extrapolated using a country-level OLS linear trend fitted over 2019-2024 and floored at zero; Zijie regional growth indexed to 2025 thereafter,0.0,0.0,0.0,0.0,0.0,0.0,0.0,0.0,0.0,0.0,0.0,0.0,0.0,0.0,0.0,0.0,0.0,0.0,0.0,0.0,0.0,0.0,0.0,0.0,0.0,0.0,0.0,0.0,0.0,0.0,0.0,0.0
Nauru,NR,NRU,ASE,Rest of World,Secondary aluminium ingot production,kt,0.0,0.0,No 2019 secondary producer share; assigned zero,,0.0,0.0,No 2024 secondary production estimate; assigned zero share,0.0,0.0,,Existing values retained through 2024; 2025 extrapolated using a country-level OLS linear trend fitted over 2019-2024 and floored at zero; Zijie regional growth indexed to 2025 thereafter,0.0,0.0,0.0,0.0,0.0,0.0,0.0,0.0,0.0,0.0,0.0,0.0,0.0,0.0,0.0,0.0,0.0,0.0,0.0,0.0,0.0,0.0,0.0,0.0,0.0,0.0,0.0,0.0,0.0,0.0,0.0,0.0
Tuvalu,TV,TUV,ASE,Rest of World,Secondary aluminium ingot production,kt,0.0,0.0,No 2019 secondary producer share; assigned zero,,0.0,0.0,No 2024 secondary production estimate; assigned zero share,0.0,0.0,,Existing values retained through 2024; 2025 extrapolated using a country-level OLS linear trend fitted over 2019-2024 and floored at zero; Zijie regional growth indexed to 2025 thereafter,0.0,0.0,0.0,0.0,0.0,0.0,0.0,0.0,0.0,0.0,0.0,0.0,0.0,0.0,0.0,0.0,0.0,0.0,0.0,0.0,0.0,0.0,0.0,0.0,0.0,0.0,0.0,0.0,0.0,0.0,0.0,0.0
Northern Mariana Islands,MP,MNP,ASE,Rest of World,Secondary aluminium ingot production,kt,0.0,0.0,No 2019 secondary producer share; assigned zero,,0.0,0.0,No 2024 secondary production estimate; assigned zero share,0.0,0.0,,Existing values retained through 2024; 2025 extrapolated using a country-level OLS linear trend fitted over 2019-2024 and floored at zero; Zijie regional growth indexed to 2025 thereafter,0.0,0.0,0.0,0.0,0.0,0.0,0.0,0.0,0.0,0.0,0.0,0.0,0.0,0.0,0.0,0.0,0.0,0.0,0.0,0.0,0.0,0.0,0.0,0.0,0.0,0.0,0.0,0.0,0.0,0.0,0.0,0.0
China,CN,CHN,CHN,China,Secondary aluminium ingot production,kt,10610.0,1.0,OMNIA 2019 region total allocated using INF_Data secondary-country weights,China,15840.0,1.0,Zijie 2024 regional total allocated using country shares from secondary_aluminium_production_estimates_2024.xlsx,2057.9727427157222,22957.83645629433,1.1136412043138373,Existing values retained through 2024; 2025 extrapolated using a country-level OLS linear trend fitted over 2019-2024 and floored at zero; Zijie regional growth indexed to 2025 thereafter,10610.0,12667.972742715723,14725.945485431446,16783.918228147166,18841.890970862893,20899.86371357861,22957.83645629433,24153.060282744904,25860.786812076552,27597.337468175938,29329.348393436347,31038.39261565672,32687.353249301806,34235.702176625564,35655.21836966267,36935.02646838004,38079.69789662304,39103.90084102805,40020.67928851247,40839.91660351857,41562.840726136434,42175.67650581366,42665.48464541267,43025.22838181731,43252.33709430816,43355.63939603463,43347.31656544688,43243.189494207836,43065.454719808964,42840.32937279305,42584.608722256955,42309.81243968239
"China, Hong Kong Special Administrative Region",HK,HKG,CHN,Rest of World,Secondary aluminium ingot production,kt,0.0,0.0,No 2019 secondary producer share; assigned zero,,0.0,0.0,No 2024 secondary production estimate; assigned zero share,0.0,0.0,,Existing values retained through 2024; 2025 extrapolated using a country-level OLS linear trend fitted over 2019-2024 and floored at zero; Zijie regional growth indexed to 2025 thereafter,0.0,0.0,0.0,0.0,0.0,0.0,0.0,0.0,0.0,0.0,0.0,0.0,0.0,0.0,0.0,0.0,0.0,0.0,0.0,0.0,0.0,0.0,0.0,0.0,0.0,0.0,0.0,0.0,0.0,0.0,0.0,0.0
"China, Macao Special Administrative Region",MO,MAC,CHN,Rest of World,Secondary aluminium ingot production,kt,0.0,0.0,No 2019 secondary producer share; assigned zero,,0.0,0.0,No 2024 secondary production estimate; assigned zero share,0.0,0.0,,Existing values retained through 2024; 2025 extrapolated using a country-level OLS linear trend fitted over 2019-2024 and floored at zero; Zijie regional growth indexed to 2025 thereafter,0.0,0.0,0.0,0.0,0.0,0.0,0.0,0.0,0.0,0.0,0.0,0.0,0.0,0.0,0.0,0.0,0.0,0.0,0.0,0.0,0.0,0.0,0.0,0.0,0.0,0.0,0.0,0.0,0.0,0.0,0.0,0.0
Indonesia,ID,IDN,IDN,Other Asia,Secondary aluminium ingot production,kt,40.0,0.010752688172043,OMNIA 2019 region total allocated using OMNIA primary-production shares; no secondary-country weights available,Indonesia,300.0,0.0628798993921609,Zijie 2024 regional total allocated using country shares from secondary_aluminium_production_estimates_2024.xlsx,51.72160497759833,350.32962986559,1.1020361776989678,Existing values retained through 2024; 2025 extrapolated using a country-level OLS linear trend fitted over 2019-2024 and floored at zero; Zijie regional growth indexed to 2025 thereafter,40.0,91.72160497759832,143.44320995519666,195.16481493279497,246.88641991039333,298.60802488799163,350.32962986559,374.79740842796156,402.99299897191025,432.1788004238938,462.49562702969484,493.94435527230416,526.5275706388844,560.0726344854396,594.3272838690644,629.1015986785156,664.235790308872,699.633929553008,735.302073700373,771.2754091358092,807.6926141113664,844.7401662881355,882.4952787310772,921.0839678247637,960.4782797563701,1000.5255534465298,1041.1449646064832,1082.182214088944,1123.3853558850606,1164.4988580590307,1205.4227268954173,1246.1173185106704
Philippines,PH,PHL,IDN,Rest of World,Secondary aluminium ingot production,kt,0.0,0.0,No 2019 secondary producer share; assigned zero,,0.0,0.0,No 2024 secondary production estimate; assigned zero share,0.0,0.0,,Existing values retained through 2024; 2025 extrapolated using a country-level OLS linear trend fitted over 2019-2024 and floored at zero; Zijie regional growth indexed to 2025 thereafter,0.0,0.0,0.0,0.0,0.0,0.0,0.0,0.0,0.0,0.0,0.0,0.0,0.0,0.0,0.0,0.0,0.0,0.0,0.0,0.0,0.0,0.0,0.0,0.0,0.0,0.0,0.0,0.0,0.0,0.0,0.0,0.0
Viet Nam,VN,VNM,IDN,Other Asia,Secondary aluminium ingot production,kt,0.0,0.0,No 2019 secondary producer share; assigned zero,Vietnam,300.0,0.0628798993921609,Zijie 2024 regional total allocated using country shares from secondary_aluminium_production_estimates_2024.xlsx,59.721604977598325,358.32962986558994,1.1272018750023167,Existing values retained through 2024; 2025 extrapolated using a country-level OLS linear trend fitted over 2019-2024 and floored at zero; Zijie regional growth indexed to 2025 thereafter,0.0,59.72160497759833,119.44320995519666,179.16481493279497,238.88641991039333,298.60802488799163,358.32962986558994,383.35614571939203,412.19560051324197,442.04787831124696,473.0570089420871,505.2238889038,538.5511627247927,572.8622494477896,607.8991255450787,643.4675339588373,679.4040372096828,715.6105154860089,752.0931643993235,788.8879738379549,826.1367888600737,864.0303454628112,902.6476199205941,942.1175062823163,982.4114123920507,1023.3731910575509,1064.920172315998,1106.894533500902,1149.0385752559955,1191.0909304111362,1232.9493218307732,1274.5732003380513
India,IN,IND,IND,Other Asia,Secondary aluminium ingot production,kt,1390.0,0.3736559139784946,OMNIA 2019 region total allocated using INF_Data secondary-country weights,India,1700.0,0.3563194298889122,Zijie 2024 regional total allocated using country shares from secondary_aluminium_production_estimates_2024.xlsx,60.4224282063905,1752.534569238343,0.9728769371273674,Existing values retained through 2024; 2025 extrapolated using a country-level OLS linear trend fitted over 2019-2024 and floored at zero; Zijie regional growth indexed to 2025 thereafter,1390.0,1450.4224282063906,1510.844856412781,1571.2672846191715,1631.689712825562,1692.1121410319524,1752.534569238343,1874.935371532676,2015.9846660137575,2161.98752051154,2313.6483625495252,2470.971576760384,2633.9700971218463,2801.780293595809,2973.140213180612,3147.099774775565,3322.859631051689,3499.9398932489294,3678.3708631409604,3858.3285616821795,4040.5067310228346,4225.838231302612,4414.709323214313,4607.750407533167,4804.821644465045,5005.15934234313,5208.359175218346,5413.649256939564,5619.769219977313,5825.440758094092,6030.163649704089,6233.739575080799
Bangladesh,BD,BGD,ASO,Rest of World,Secondary aluminium ingot production,kt,0.0,0.0,No 2019 secondary producer share; assigned zero,,0.0,0.0,No 2024 secondary production estimate; assigned zero share,0.0,0.0,,Existing values retained through 2024; 2025 extrapolated using a country-level OLS linear trend fitted over 2019-2024 and floored at zero; Zijie regional growth indexed to 2025 thereafter,0.0,0.0,0.0,0.0,0.0,0.0,0.0,0.0,0.0,0.0,0.0,0.0,0.0,0.0,0.0,0.0,0.0,0.0,0.0,0.0,0.0,0.0,0.0,0.0,0.0,0.0,0.0,0.0,0.0,0.0,0.0,0.0
Nepal,NP,NPL,ASO,Rest of World,Secondary aluminium ingot production,kt,0.0,0.0,No 2019 secondary producer share; assigned zero,,0.0,0.0,No 2024 secondary production estimate; assigned zero share,0.0,0.0,,Existing values retained through 2024; 2025 extrapolated using a country-level OLS linear trend fitted over 2019-2024 and floored at zero; Zijie regional growth indexed to 2025 thereafter,0.0,0.0,0.0,0.0,0.0,0.0,0.0,0.0,0.0,0.0,0.0,0.0,0.0,0.0,0.0,0.0,0.0,0.0,0.0,0.0,0.0,0.0,0.0,0.0,0.0,0.0,0.0,0.0,0.0,0.0,0.0,0.0
Sri Lanka,LK,LKA,ASO,Rest of World,Secondary aluminium ingot production,kt,0.0,0.0,No 2019 secondary producer share; assigned zero,,0.0,0.0,No 2024 secondary production estimate; assigned zero share,0.0,0.0,,Existing values retained through 2024; 2025 extrapolated using a country-level OLS linear trend fitted over 2019-2024 and floored at zero; Zijie regional growth indexed to 2025 thereafter,0.0,0.0,0.0,0.0,0.0,0.0,0.0,0.0,0.0,0.0,0.0,0.0,0.0,0.0,0.0,0.0,0.0,0.0,0.0,0.0,0.0,0.0,0.0,0.0,0.0,0.0,0.0,0.0,0.0,0.0,0.0,0.0
Pakistan,PK,PAK,ASO,Other Asia,Secondary aluminium ingot production,kt,0.0,0.0,No 2019 secondary producer share; assigned zero,,0.0,0.0,No 2024 secondary production estimate; assigned zero share,0.0,0.0,,Existing values retained through 2024; 2025 extrapolated using a country-level OLS linear trend fitted over 2019-2024 and floored at zero; Zijie regional growth indexed to 2025 thereafter,0.0,0.0,0.0,0.0,0.0,0.0,0.0,0.0,0.0,0.0,0.0,0.0,0.0,0.0,0.0,0.0,0.0,0.0,0.0,0.0,0.0,0.0,0.0,0.0,0.0,0.0,0.0,0.0,0.0,0.0,0.0,0.0
Bhutan,BT,BTN,ASO,Rest of World,Secondary aluminium ingot production,kt,0.0,0.0,No 2019 secondary producer share; assigned zero,,0.0,0.0,No 2024 secondary production estimate; assigned zero share,0.0,0.0,,Existing values retained through 2024; 2025 extrapolated using a country-level OLS linear trend fitted over 2019-2024 and floored at zero; Zijie regional growth indexed to 2025 thereafter,0.0,0.0,0.0,0.0,0.0,0.0,0.0,0.0,0.0,0.0,0.0,0.0,0.0,0.0,0.0,0.0,0.0,0.0,0.0,0.0,0.0,0.0,0.0,0.0,0.0,0.0,0.0,0.0,0.0,0.0,0.0,0.0
Maldives,MV,MDV,ASO,Rest of World,Secondary aluminium ingot production,kt,0.0,0.0,No 2019 secondary producer share; assigned zero,,0.0,0.0,No 2024 secondary production estimate; assigned zero share,0.0,0.0,,Existing values retained through 2024; 2025 extrapolated using a country-level OLS linear trend fitted over 2019-2024 and floored at zero; Zijie regional growth indexed to 2025 thereafter,0.0,0.0,0.0,0.0,0.0,0.0,0.0,0.0,0.0,0.0,0.0,0.0,0.0,0.0,0.0,0.0,0.0,0.0,0.0,0.0,0.0,0.0,0.0,0.0,0.0,0.0,0.0,0.0,0.0,0.0,0.0,0.0
Japan,JP,JPN,JPN,Japan,Secondary aluminium ingot production,kt,1320.0,1.0,OMNIA 2019 region total allocated using INF_Data secondary-country weights,Japan,695.0,1.0,Zijie 2024 regional total allocated using country shares from secondary_aluminium_production_estimates_2024.xlsx,134.4797756674737,2126.8786540048427,0.8139611507433755,Existing values retained through 2024; 2025 extrapolated using a country-level OLS linear trend fitted over 2019-2024 and floored at zero; Zijie regional growth indexed to 2025 thereafter,1320.0,1454.479775667474,1588.9595513349475,1723.4393270024214,1857.919102669895,1992.3988783373688,2126.8786540048427,1952.8260613815642,1798.6909121871345,1662.863203775751,1543.089798253947,1437.0838171095406,1343.6632757961133,1262.9895559400516,1194.901817247426,1138.7140873582396,1094.3267707737332,1063.308580135457,1044.69358845063,1037.709304852895,1040.8084040132449,1051.8282528210318,1068.636167825842,1091.2935465223052,1117.1412640286192,1141.649795414469,1162.890829753891,1179.7184465147102,1191.291727296253,1196.068092730615,1192.9682705087612,1182.504838325373
"Taiwan, Province of China",TW,TWN,SKT,Other Asia,Secondary aluminium ingot production,kt,0.0,0.0,No 2019 secondary producer share; assigned zero,Taiwan,350.0,0.0733598826241878,Zijie 2024 regional total allocated using country shares from secondary_aluminium_production_estimates_2024.xlsx,69.67520580719803,418.05123484318824,1.1272018750023167,Existing values retained through 2024; 2025 extrapolated using a country-level OLS linear trend fitted over 2019-2024 and floored at zero; Zijie regional growth indexed to 2025 thereafter,0.0,69.67520580719804,139.35041161439608,209.0256174215941,278.70082322879216,348.3760290359902,418.05123484318824,447.248836672624,480.89486726544897,515.7225246964548,551.8998437657683,589.4278703877666,628.3096898455914,668.3392910224212,709.2156464692586,750.7121229519768,792.6380434112965,834.878934733677,877.4420251325441,920.3693028109473,963.8262536700859,1008.0354030399462,1053.0888899073598,1099.1370906627023,1146.1466477907259,1193.9353895671427,1242.4068677019973,1291.3769557510525,1340.545004465328,1389.606085479659,1438.4408754692354,1487.0020670610595
Republic of Korea,KR,KOR,SKT,Other Asia,Secondary aluminium ingot production,kt,2000.0,0.5376344086021505,OMNIA 2019 region total allocated using INF_Data secondary-country weights,Republic of Korea,900.0,0.1886396981764829,Zijie 2024 regional total allocated using country shares from secondary_aluminium_production_estimates_2024.xlsx,-220.83518506720503,674.9888895967698,0.7077735866131661,Existing values retained through 2024; 2025 extrapolated using a country-level OLS linear trend fitted over 2019-2024 and floored at zero; Zijie regional growth indexed to 2025 thereafter,2000.0,1779.164814932795,1558.32962986559,1337.4944447983848,1116.65925973118,895.8240746639748,674.9888895967698,722.1315725866478,776.4567244731353,832.6897405660774,891.1019312066425,951.6949851366049,1014.4738838789652,1079.1060002258646,1145.105292834516,1212.1058378604264,1279.7997665885018,1348.0022498079722,1416.724958250431,1486.0356864065773,1556.2016291448501,1627.5820776546436,1700.3258002859263,1774.675595969311,1850.5776053921102,1927.737692621586,2006.0001314722501,2085.067629904796,2164.4547572212305,2243.6691736281145,2322.518218724513,2400.9255096451025
Australia,AU,AUS,ANZ,Other main producer,Secondary aluminium ingot production,kt,719.2087454450807,0.5611036980776043,OMNIA 2019 region total allocated using OMNIA primary-production shares; no secondary-country weights available,Australia,5.0,0.0080385852090032,Zijie 2024 regional total allocated using country shares from secondary_aluminium_production_estimates_2024.xlsx,-140.88256520452038,-126.08664578204161,0.0,Existing values retained through 2024; 2025 extrapolated using a country-level OLS linear trend fitted over 2019-2024 and floored at zero; Zijie regional growth indexed to 2025 thereafter,719.2087454450807,578.3261802405602,437.4436150360399,296.56104983151954,155.67848462699908,14.795919422478732,0.0,0.0,0.0,0.0,0.0,0.0,0.0,0.0,0.0,0.0,0.0,0.0,0.0,0.0,0.0,0.0,0.0,0.0,0.0,0.0,0.0,0.0,0.0,0.0,0.0,0.0
New Zealand,NZ,NZL,ANZ,Other main producer,Secondary aluminium ingot production,kt,160.79125455491933,0.1254442025638465,OMNIA 2019 region total allocated using OMNIA primary-production shares; no secondary-country weights available,New Zealand,20.0,0.0321543408360128,Zijie 2024 regional total allocated using country shares from secondary_aluminium_production_estimates_2024.xlsx,-20.32151537300087,38.86216231691408,0.5817394104897323,Existing values retained through 2024; 2025 extrapolated using a country-level OLS linear trend fitted over 2019-2024 and floored at zero; Zijie regional growth indexed to 2025 thereafter,160.79125455491933,140.46973918191844,120.14822380891758,99.82670843591669,79.50519306291581,59.18367768991493,38.86216231691408,44.27919107141221,44.8018971841207,45.311808131274596,45.6887089799905,46.0295596020292,46.3668134908283,46.74107307090705,47.19497386805746,47.739999945197894,48.379072081342045,49.10125728617844,49.87724688789679,50.68012397106779,51.5029808789085,52.34477776679902,53.20875752678769,54.100814603830855,55.011679216643934,55.93906859766928,56.88711886194286,57.85202886377907,58.828913794440446,59.80405122701842,60.77201383821186,61.738657951281944
United States of America,US,USA,USA,North America,Secondary aluminium ingot production,kt,3870.0,0.6935483870967742,OMNIA 2019 region total allocated using INF_Data secondary-country weights,United States,3600.0,0.8888888888888888,Zijie 2024 regional total allocated using country shares from secondary_aluminium_production_estimates_2024.xlsx,453.2150609665923,6589.290365799554,1.0617854175888957,Existing values retained through 2024; 2025 extrapolated using a country-level OLS linear trend fitted over 2019-2024 and floored at zero; Zijie regional growth indexed to 2025 thereafter,3870.0,4323.215060966592,4776.430121933185,5229.645182899777,5682.860243866369,6136.075304832962,6589.290365799554,6515.157077357452,6552.076725937429,6596.842132578881,6651.66851489379,6711.335523932737,6774.988794193053,6844.900182393256,6918.937826320138,6996.475751140089,7078.214590378681,7162.238253283132,7247.718987304861,7335.935139213392,7424.775666170217,7510.791220414009,7594.333450404313,7676.758612556064,7757.60969618193,7833.512540637991,7903.362731010311,7969.996310185537,8031.0742019467225,8087.975883236581,8140.855054402343,8187.8779855874
Canada,CA,CAN,CAN,North America,Secondary aluminium ingot production,kt,1710.0,0.3064516129032258,OMNIA 2019 region total allocated using INF_Data secondary-country weights,Canada,450.0,0.1111111111111111,Zijie 2024 regional total allocated using country shares from secondary_aluminium_production_estimates_2024.xlsx,-188.59811737917593,578.4112957249442,0.7456325583793544,Existing values retained through 2024; 2025 extrapolated using a country-level OLS linear trend fitted over 2019-2024 and floored at zero; Zijie regional growth indexed to 2025 thereafter,1710.0,1521.401882620824,1332.803765241648,1144.2056478624722,955.6075304832962,767.0094131041202,578.4112957249442,571.9038375551381,575.1446632871003,579.0741936950375,583.8868817197258,589.1244824467142,594.711999232967,600.8488568291496,607.3479192742408,614.1542381755463,621.3293155041214,628.7049558286652,636.2084986049332,643.9521577695252,651.7506248968347,659.3011144671351,666.6344943629806,673.869817469697,680.9669671542107,687.6297578606135,693.7612434800038,699.6103733149215,704.971822052573,709.9666808881497,714.6084417171458,718.7361387900662
Argentina,AR,ARG,LAM,South America,Secondary aluminium ingot production,kt,255.2183908045977,0.1772349936143039,OMNIA 2019 region total allocated using OMNIA primary-production shares; no secondary-country weights available,Argentina,100.0,0.0566572237960339,Zijie 2024 regional total allocated using country shares from secondary_aluminium_production_estimates_2024.xlsx,-28.508836508126457,84.16537175583899,0.7251246841793363,Existing values retained through 2024; 2025 extrapolated using a country-level OLS linear trend fitted over 2019-2024 and floored at zero; Zijie regional growth indexed to 2025 thereafter,255.2183908045977,226.70955429647125,198.2007177883448,169.69188128021835,141.1830447720919,112.67420826396544,84.16537175583899,87.28380849252333,90.70094645068941,93.9517481630341,97.07843240899543,100.13760293663347,103.17657388590584,106.21113682458987,109.24414409724947,112.26068371646983,115.24774782918426,118.17550520389935,121.02211656248247,123.7985187072958,126.52778071400205,129.2304786772755,131.93241750174732,134.6484281206261,137.3872956638672,140.15153189169777,142.92518374161978,145.69063574525265,148.4256001854626,151.11429595360232,153.73366659232502,156.26822644394008
Venezuela (Bolivarian Republic of),VE,VEN,LAM,South America,Secondary aluminium ingot production,kt,4.781609195402298,0.0033205619412515,OMNIA 2019 region total allocated using OMNIA primary-production shares; no secondary-country weights available,Venezuela,15.0,0.0084985835694051,Zijie 2024 regional total allocated using country shares from secondary_aluminium_production_estimates_2024.xlsx,2.4239044088385047,19.325035648433328,1.1099624528066854,Existing values retained through 2024; 2025 extrapolated using a country-level OLS linear trend fitted over 2019-2024 and floored at zero; Zijie regional growth indexed to 2025 thereafter,4.781609195402298,7.205513604240803,9.629418013079308,12.053322421917812,14.477226830756315,16.90113123959482,19.325035648433328,20.04105341021109,20.82565533710263,21.57206514515639,22.289976600355374,22.992386371356478,23.69015815925531,24.386917833027145,25.083320313564375,25.77594169050614,26.461795257811957,27.13403152857265,27.787636031638815,28.425119943413755,29.051780106295453,29.672340954511327,30.29272749844864,30.916345037780836,31.54521070789296,32.17990122881744,32.816753651112684,33.45172332378605,34.07969281054338,34.697038643908485,35.29846687874859,35.88042188546608
Colombia,CO,COL,LAM,Rest of World,Secondary aluminium ingot production,kt,0.0,0.0,No 2019 secondary producer share; assigned zero,,0.0,0.0,No 2024 secondary production estimate; assigned zero share,0.0,0.0,,Existing values retained through 2024; 2025 extrapolated using a country-level OLS linear trend fitted over 2019-2024 and floored at zero; Zijie regional growth indexed to 2025 thereafter,0.0,0.0,0.0,0.0,0.0,0.0,0.0,0.0,0.0,0.0,0.0,0.0,0.0,0.0,0.0,0.0,0.0,0.0,0.0,0.0,0.0,0.0,0.0,0.0,0.0,0.0,0.0,0.0,0.0,0.0,0.0,0.0
Peru,PE,PER,LAM,Rest of World,Secondary aluminium ingot production,kt,0.0,0.0,No 2019 secondary producer share; assigned zero,,0.0,0.0,No 2024 secondary production estimate; assigned zero share,0.0,0.0,,Existing values retained through 2024; 2025 extrapolated using a country-level OLS linear trend fitted over 2019-2024 and floored at zero; Zijie regional growth indexed to 2025 thereafter,0.0,0.0,0.0,0.0,0.0,0.0,0.0,0.0,0.0,0.0,0.0,0.0,0.0,0.0,0.0,0.0,0.0,0.0,0.0,0.0,0.0,0.0,0.0,0.0,0.0,0.0,0.0,0.0,0.0,0.0,0.0,0.0
Trinidad and Tobago,TT,TTO,LAM,Rest of World,Secondary aluminium ingot production,kt,0.0,0.0,No 2019 secondary producer share; assigned zero,,0.0,0.0,No 2024 secondary production estimate; assigned zero share,0.0,0.0,,Existing values retained through 2024; 2025 extrapolated using a country-level OLS linear trend fitted over 2019-2024 and floored at zero; Zijie regional growth indexed to 2025 thereafter,0.0,0.0,0.0,0.0,0.0,0.0,0.0,0.0,0.0,0.0,0.0,0.0,0.0,0.0,0.0,0.0,0.0,0.0,0.0,0.0,0.0,0.0,0.0,0.0,0.0,0.0,0.0,0.0,0.0,0.0,0.0,0.0
Ecuador,EC,ECU,LAM,Rest of World,Secondary aluminium ingot production,kt,0.0,0.0,No 2019 secondary producer share; assigned zero,,0.0,0.0,No 2024 secondary production estimate; assigned zero share,0.0,0.0,,Existing values retained through 2024; 2025 extrapolated using a country-level OLS linear trend fitted over 2019-2024 and floored at zero; Zijie regional growth indexed to 2025 thereafter,0.0,0.0,0.0,0.0,0.0,0.0,0.0,0.0,0.0,0.0,0.0,0.0,0.0,0.0,0.0,0.0,0.0,0.0,0.0,0.0,0.0,0.0,0.0,0.0,0.0,0.0,0.0,0.0,0.0,0.0,0.0,0.0
Guatemala,GT,GTM,LAM,Rest of World,Secondary aluminium ingot production,kt,0.0,0.0,No 2019 secondary producer share; assigned zero,,0.0,0.0,No 2024 secondary production estimate; assigned zero share,0.0,0.0,,Existing values retained through 2024; 2025 extrapolated using a country-level OLS linear trend fitted over 2019-2024 and floored at zero; Zijie regional growth indexed to 2025 thereafter,0.0,0.0,0.0,0.0,0.0,0.0,0.0,0.0,0.0,0.0,0.0,0.0,0.0,0.0,0.0,0.0,0.0,0.0,0.0,0.0,0.0,0.0,0.0,0.0,0.0,0.0,0.0,0.0,0.0,0.0,0.0,0.0
Cuba,CU,CUB,LAM,Rest of World,Secondary aluminium ingot production,kt,0.0,0.0,No 2019 secondary producer share; assigned zero,,0.0,0.0,No 2024 secondary production estimate; assigned zero share,0.0,0.0,,Existing values retained through 2024; 2025 extrapolated using a country-level OLS linear trend fitted over 2019-2024 and floored at zero; Zijie regional growth indexed to 2025 thereafter,0.0,0.0,0.0,0.0,0.0,0.0,0.0,0.0,0.0,0.0,0.0,0.0,0.0,0.0,0.0,0.0,0.0,0.0,0.0,0.0,0.0,0.0,0.0,0.0,0.0,0.0,0.0,0.0,0.0,0.0,0.0,0.0
Bolivia (Plurinational State of),BO,BOL,LAM,Rest of World,Secondary aluminium ingot production,kt,0.0,0.0,No 2019 secondary producer share; assigned zero,,0.0,0.0,No 2024 secondary production estimate; assigned zero share,0.0,0.0,,Existing values retained through 2024; 2025 extrapolated using a country-level OLS linear trend fitted over 2019-2024 and floored at zero; Zijie regional growth indexed to 2025 thereafter,0.0,0.0,0.0,0.0,0.0,0.0,0.0,0.0,0.0,0.0,0.0,0.0,0.0,0.0,0.0,0.0,0.0,0.0,0.0,0.0,0.0,0.0,0.0,0.0,0.0,0.0,0.0,0.0,0.0,0.0,0.0,0.0
Dominican Republic,DO,DOM,LAM,South America,Secondary aluminium ingot production,kt,0.0,0.0,No 2019 secondary producer share; assigned zero,,0.0,0.0,No 2024 secondary production estimate; assigned zero share,0.0,0.0,,Existing values retained through 2024; 2025 extrapolated using a country-level OLS linear trend fitted over 2019-2024 and floored at zero; Zijie regional growth indexed to 2025 thereafter,0.0,0.0,0.0,0.0,0.0,0.0,0.0,0.0,0.0,0.0,0.0,0.0,0.0,0.0,0.0,0.0,0.0,0.0,0.0,0.0,0.0,0.0,0.0,0.0,0.0,0.0,0.0,0.0,0.0,0.0,0.0,0.0
Honduras,HN,HND,LAM,Rest of World,Secondary aluminium ingot production,kt,0.0,0.0,No 2019 secondary producer share; assigned zero,,0.0,0.0,No 2024 secondary production estimate; assigned zero share,0.0,0.0,,Existing values retained through 2024; 2025 extrapolated using a country-level OLS linear trend fitted over 2019-2024 and floored at zero; Zijie regional growth indexed to 2025 thereafter,0.0,0.0,0.0,0.0,0.0,0.0,0.0,0.0,0.0,0.0,0.0,0.0,0.0,0.0,0.0,0.0,0.0,0.0,0.0,0.0,0.0,0.0,0.0,0.0,0.0,0.0,0.0,0.0,0.0,0.0,0.0,0.0
Paraguay,PY,PRY,LAM,Rest of World,Secondary aluminium ingot production,kt,0.0,0.0,No 2019 secondary producer share; assigned zero,,0.0,0.0,No 2024 secondary production estimate; assigned zero share,0.0,0.0,,Existing values retained through 2024; 2025 extrapolated using a country-level OLS linear trend fitted over 2019-2024 and floored at zero; Zijie regional growth indexed to 2025 thereafter,0.0,0.0,0.0,0.0,0.0,0.0,0.0,0.0,0.0,0.0,0.0,0.0,0.0,0.0,0.0,0.0,0.0,0.0,0.0,0.0,0.0,0.0,0.0,0.0,0.0,0.0,0.0,0.0,0.0,0.0,0.0,0.0
Uruguay,UY,URY,LAM,Rest of World,Secondary aluminium ingot production,kt,0.0,0.0,No 2019 secondary producer share; assigned zero,,0.0,0.0,No 2024 secondary production estimate; assigned zero share,0.0,0.0,,Existing values retained through 2024; 2025 extrapolated using a country-level OLS linear trend fitted over 2019-2024 and floored at zero; Zijie regional growth indexed to 2025 thereafter,0.0,0.0,0.0,0.0,0.0,0.0,0.0,0.0,0.0,0.0,0.0,0.0,0.0,0.0,0.0,0.0,0.0,0.0,0.0,0.0,0.0,0.0,0.0,0.0,0.0,0.0,0.0,0.0,0.0,0.0,0.0,0.0
Costa Rica,CR,CRI,LAM,Rest of World,Secondary aluminium ingot production,kt,0.0,0.0,No 2019 secondary producer share; assigned zero,,0.0,0.0,No 2024 secondary production estimate; assigned zero share,0.0,0.0,,Existing values retained through 2024; 2025 extrapolated using a country-level OLS linear trend fitted over 2019-2024 and floored at zero; Zijie regional growth indexed to 2025 thereafter,0.0,0.0,0.0,0.0,0.0,0.0,0.0,0.0,0.0,0.0,0.0,0.0,0.0,0.0,0.0,0.0,0.0,0.0,0.0,0.0,0.0,0.0,0.0,0.0,0.0,0.0,0.0,0.0,0.0,0.0,0.0,0.0
El Salvador,SV,SLV,LAM,Rest of World,Secondary aluminium ingot production,kt,0.0,0.0,No 2019 secondary producer share; assigned zero,,0.0,0.0,No 2024 secondary production estimate; assigned zero share,0.0,0.0,,Existing values retained through 2024; 2025 extrapolated using a country-level OLS linear trend fitted over 2019-2024 and floored at zero; Zijie regional growth indexed to 2025 thereafter,0.0,0.0,0.0,0.0,0.0,0.0,0.0,0.0,0.0,0.0,0.0,0.0,0.0,0.0,0.0,0.0,0.0,0.0,0.0,0.0,0.0,0.0,0.0,0.0,0.0,0.0,0.0,0.0,0.0,0.0,0.0,0.0
Haiti,HT,HTI,LAM,South America,Secondary aluminium ingot production,kt,0.0,0.0,No 2019 secondary producer share; assigned zero,,0.0,0.0,No 2024 secondary production estimate; assigned zero share,0.0,0.0,,Existing values retained through 2024; 2025 extrapolated using a country-level OLS linear trend fitted over 2019-2024 and floored at zero; Zijie regional growth indexed to 2025 thereafter,0.0,0.0,0.0,0.0,0.0,0.0,0.0,0.0,0.0,0.0,0.0,0.0,0.0,0.0,0.0,0.0,0.0,0.0,0.0,0.0,0.0,0.0,0.0,0.0,0.0,0.0,0.0,0.0,0.0,0.0,0.0,0.0
Panama,PA,PAN,LAM,Rest of World,Secondary aluminium ingot production,kt,0.0,0.0,No 2019 secondary producer share; assigned zero,,0.0,0.0,No 2024 secondary production estimate; assigned zero share,0.0,0.0,,Existing values retained through 2024; 2025 extrapolated using a country-level OLS linear trend fitted over 2019-2024 and floored at zero; Zijie regional growth indexed to 2025 thereafter,0.0,0.0,0.0,0.0,0.0,0.0,0.0,0.0,0.0,0.0,0.0,0.0,0.0,0.0,0.0,0.0,0.0,0.0,0.0,0.0,0.0,0.0,0.0,0.0,0.0,0.0,0.0,0.0,0.0,0.0,0.0,0.0
Nicaragua,NI,NIC,LAM,Rest of World,Secondary aluminium ingot production,kt,0.0,0.0,No 2019 secondary producer share; assigned zero,,0.0,0.0,No 2024 secondary production estimate; assigned zero share,0.0,0.0,,Existing values retained through 2024; 2025 extrapolated using a country-level OLS linear trend fitted over 2019-2024 and floored at zero; Zijie regional growth indexed to 2025 thereafter,0.0,0.0,0.0,0.0,0.0,0.0,0.0,0.0,0.0,0.0,0.0,0.0,0.0,0.0,0.0,0.0,0.0,0.0,0.0,0.0,0.0,0.0,0.0,0.0,0.0,0.0,0.0,0.0,0.0,0.0,0.0,0.0
Jamaica,JM,JAM,LAM,South America,Secondary aluminium ingot production,kt,0.0,0.0,No 2019 secondary producer share; assigned zero,,0.0,0.0,No 2024 secondary production estimate; assigned zero share,0.0,0.0,,Existing values retained through 2024; 2025 extrapolated using a country-level OLS linear trend fitted over 2019-2024 and floored at zero; Zijie regional growth indexed to 2025 thereafter,0.0,0.0,0.0,0.0,0.0,0.0,0.0,0.0,0.0,0.0,0.0,0.0,0.0,0.0,0.0,0.0,0.0,0.0,0.0,0.0,0.0,0.0,0.0,0.0,0.0,0.0,0.0,0.0,0.0,0.0,0.0,0.0
Curaçao,CW,CUW,LAM,Rest of World,Secondary aluminium ingot production,kt,0.0,0.0,No 2019 secondary producer share; assigned zero,,0.0,0.0,No 2024 secondary production estimate; assigned zero share,0.0,0.0,,Existing values retained through 2024; 2025 extrapolated using a country-level OLS linear trend fitted over 2019-2024 and floored at zero; Zijie regional growth indexed to 2025 thereafter,0.0,0.0,0.0,0.0,0.0,0.0,0.0,0.0,0.0,0.0,0.0,0.0,0.0,0.0,0.0,0.0,0.0,0.0,0.0,0.0,0.0,0.0,0.0,0.0,0.0,0.0,0.0,0.0,0.0,0.0,0.0,0.0
Suriname,SR,SUR,LAM,South America,Secondary aluminium ingot production,kt,0.0,0.0,No 2019 secondary producer share; assigned zero,,0.0,0.0,No 2024 secondary production estimate; assigned zero share,0.0,0.0,,Existing values retained through 2024; 2025 extrapolated using a country-level OLS linear trend fitted over 2019-2024 and floored at zero; Zijie regional growth indexed to 2025 thereafter,0.0,0.0,0.0,0.0,0.0,0.0,0.0,0.0,0.0,0.0,0.0,0.0,0.0,0.0,0.0,0.0,0.0,0.0,0.0,0.0,0.0,0.0,0.0,0.0,0.0,0.0,0.0,0.0,0.0,0.0,0.0,0.0
Antigua and Barbuda,AG,ATG,LAM,Rest of World,Secondary aluminium ingot production,kt,0.0,0.0,No 2019 secondary producer share; assigned zero,,0.0,0.0,No 2024 secondary production estimate; assigned zero share,0.0,0.0,,Existing values retained through 2024; 2025 extrapolated using a country-level OLS linear trend fitted over 2019-2024 and floored at zero; Zijie regional growth indexed to 2025 thereafter,0.0,0.0,0.0,0.0,0.0,0.0,0.0,0.0,0.0,0.0,0.0,0.0,0.0,0.0,0.0,0.0,0.0,0.0,0.0,0.0,0.0,0.0,0.0,0.0,0.0,0.0,0.0,0.0,0.0,0.0,0.0,0.0
Aruba,AW,ABW,LAM,Rest of World,Secondary aluminium ingot production,kt,0.0,0.0,No 2019 secondary producer share; assigned zero,,0.0,0.0,No 2024 secondary production estimate; assigned zero share,0.0,0.0,,Existing values retained through 2024; 2025 extrapolated using a country-level OLS linear trend fitted over 2019-2024 and floored at zero; Zijie regional growth indexed to 2025 thereafter,0.0,0.0,0.0,0.0,0.0,0.0,0.0,0.0,0.0,0.0,0.0,0.0,0.0,0.0,0.0,0.0,0.0,0.0,0.0,0.0,0.0,0.0,0.0,0.0,0.0,0.0,0.0,0.0,0.0,0.0,0.0,0.0
Bahamas,BS,BHS,LAM,Rest of World,Secondary aluminium ingot production,kt,0.0,0.0,No 2019 secondary producer share; assigned zero,,0.0,0.0,No 2024 secondary production estimate; assigned zero share,0.0,0.0,,Existing values retained through 2024; 2025 extrapolated using a country-level OLS linear trend fitted over 2019-2024 and floored at zero; Zijie regional growth indexed to 2025 thereafter,0.0,0.0,0.0,0.0,0.0,0.0,0.0,0.0,0.0,0.0,0.0,0.0,0.0,0.0,0.0,0.0,0.0,0.0,0.0,0.0,0.0,0.0,0.0,0.0,0.0,0.0,0.0,0.0,0.0,0.0,0.0,0.0
Barbados,BB,BRB,LAM,Rest of World,Secondary aluminium ingot production,kt,0.0,0.0,No 2019 secondary producer share; assigned zero,,0.0,0.0,No 2024 secondary production estimate; assigned zero share,0.0,0.0,,Existing values retained through 2024; 2025 extrapolated using a country-level OLS linear trend fitted over 2019-2024 and floored at zero; Zijie regional growth indexed to 2025 thereafter,0.0,0.0,0.0,0.0,0.0,0.0,0.0,0.0,0.0,0.0,0.0,0.0,0.0,0.0,0.0,0.0,0.0,0.0,0.0,0.0,0.0,0.0,0.0,0.0,0.0,0.0,0.0,0.0,0.0,0.0,0.0,0.0
Belize,BZ,BLZ,LAM,Rest of World,Secondary aluminium ingot production,kt,0.0,0.0,No 2019 secondary producer share; assigned zero,,0.0,0.0,No 2024 secondary production estimate; assigned zero share,0.0,0.0,,Existing values retained through 2024; 2025 extrapolated using a country-level OLS linear trend fitted over 2019-2024 and floored at zero; Zijie regional growth indexed to 2025 thereafter,0.0,0.0,0.0,0.0,0.0,0.0,0.0,0.0,0.0,0.0,0.0,0.0,0.0,0.0,0.0,0.0,0.0,0.0,0.0,0.0,0.0,0.0,0.0,0.0,0.0,0.0,0.0,0.0,0.0,0.0,0.0,0.0
Bermuda,BM,BMU,LAM,Rest of World,Secondary aluminium ingot production,kt,0.0,0.0,No 2019 secondary producer share; assigned zero,,0.0,0.0,No 2024 secondary production estimate; assigned zero share,0.0,0.0,,Existing values retained through 2024; 2025 extrapolated using a country-level OLS linear trend fitted over 2019-2024 and floored at zero; Zijie regional growth indexed to 2025 thereafter,0.0,0.0,0.0,0.0,0.0,0.0,0.0,0.0,0.0,0.0,0.0,0.0,0.0,0.0,0.0,0.0,0.0,0.0,0.0,0.0,0.0,0.0,0.0,0.0,0.0,0.0,0.0,0.0,0.0,0.0,0.0,0.0
British Virgin Islands,VG,VGB,LAM,Rest of World,Secondary aluminium ingot production,kt,0.0,0.0,No 2019 secondary producer share; assigned zero,,0.0,0.0,No 2024 secondary production estimate; assigned zero share,0.0,0.0,,Existing values retained through 2024; 2025 extrapolated using a country-level OLS linear trend fitted over 2019-2024 and floored at zero; Zijie regional growth indexed to 2025 thereafter,0.0,0.0,0.0,0.0,0.0,0.0,0.0,0.0,0.0,0.0,0.0,0.0,0.0,0.0,0.0,0.0,0.0,0.0,0.0,0.0,0.0,0.0,0.0,0.0,0.0,0.0,0.0,0.0,0.0,0.0,0.0,0.0
Cayman Islands,KY,CYM,LAM,Rest of World,Secondary aluminium ingot production,kt,0.0,0.0,No 2019 secondary producer share; assigned zero,,0.0,0.0,No 2024 secondary production estimate; assigned zero share,0.0,0.0,,Existing values retained through 2024; 2025 extrapolated using a country-level OLS linear trend fitted over 2019-2024 and floored at zero; Zijie regional growth indexed to 2025 thereafter,0.0,0.0,0.0,0.0,0.0,0.0,0.0,0.0,0.0,0.0,0.0,0.0,0.0,0.0,0.0,0.0,0.0,0.0,0.0,0.0,0.0,0.0,0.0,0.0,0.0,0.0,0.0,0.0,0.0,0.0,0.0,0.0
Dominica,DM,DMA,LAM,Rest of World,Secondary aluminium ingot production,kt,0.0,0.0,No 2019 secondary producer share; assigned zero,,0.0,0.0,No 2024 secondary production estimate; assigned zero share,0.0,0.0,,Existing values retained through 2024; 2025 extrapolated using a country-level OLS linear trend fitted over 2019-2024 and floored at zero; Zijie regional growth indexed to 2025 thereafter,0.0,0.0,0.0,0.0,0.0,0.0,0.0,0.0,0.0,0.0,0.0,0.0,0.0,0.0,0.0,0.0,0.0,0.0,0.0,0.0,0.0,0.0,0.0,0.0,0.0,0.0,0.0,0.0,0.0,0.0,0.0,0.0
Falkland Islands (Malvinas),FK,FLK,LAM,Rest of World,Secondary aluminium ingot production,kt,0.0,0.0,No 2019 secondary producer share; assigned zero,,0.0,0.0,No 2024 secondary production estimate; assigned zero share,0.0,0.0,,Existing values retained through 2024; 2025 extrapolated using a country-level OLS linear trend fitted over 2019-2024 and floored at zero; Zijie regional growth indexed to 2025 thereafter,0.0,0.0,0.0,0.0,0.0,0.0,0.0,0.0,0.0,0.0,0.0,0.0,0.0,0.0,0.0,0.0,0.0,0.0,0.0,0.0,0.0,0.0,0.0,0.0,0.0,0.0,0.0,0.0,0.0,0.0,0.0,0.0
Guyana,GY,GUY,LAM,South America,Secondary aluminium ingot production,kt,0.0,0.0,No 2019 secondary producer share; assigned zero,,0.0,0.0,No 2024 secondary production estimate; assigned zero share,0.0,0.0,,Existing values retained through 2024; 2025 extrapolated using a country-level OLS linear trend fitted over 2019-2024 and floored at zero; Zijie regional growth indexed to 2025 thereafter,0.0,0.0,0.0,0.0,0.0,0.0,0.0,0.0,0.0,0.0,0.0,0.0,0.0,0.0,0.0,0.0,0.0,0.0,0.0,0.0,0.0,0.0,0.0,0.0,0.0,0.0,0.0,0.0,0.0,0.0,0.0,0.0
Grenada,GD,GRD,LAM,Rest of World,Secondary aluminium ingot production,kt,0.0,0.0,No 2019 secondary producer share; assigned zero,,0.0,0.0,No 2024 secondary production estimate; assigned zero share,0.0,0.0,,Existing values retained through 2024; 2025 extrapolated using a country-level OLS linear trend fitted over 2019-2024 and floored at zero; Zijie regional growth indexed to 2025 thereafter,0.0,0.0,0.0,0.0,0.0,0.0,0.0,0.0,0.0,0.0,0.0,0.0,0.0,0.0,0.0,0.0,0.0,0.0,0.0,0.0,0.0,0.0,0.0,0.0,0.0,0.0,0.0,0.0,0.0,0.0,0.0,0.0
Guadeloupe,GP,GLP,LAM,Rest of World,Secondary aluminium ingot production,kt,0.0,0.0,No 2019 secondary producer share; assigned zero,,0.0,0.0,No 2024 secondary production estimate; assigned zero share,0.0,0.0,,Existing values retained through 2024; 2025 extrapolated using a country-level OLS linear trend fitted over 2019-2024 and floored at zero; Zijie regional growth indexed to 2025 thereafter,0.0,0.0,0.0,0.0,0.0,0.0,0.0,0.0,0.0,0.0,0.0,0.0,0.0,0.0,0.0,0.0,0.0,0.0,0.0,0.0,0.0,0.0,0.0,0.0,0.0,0.0,0.0,0.0,0.0,0.0,0.0,0.0
Cooperative Republic of Guyana,GY,GUY,LAM,South America,Secondary aluminium ingot production,kt,0.0,0.0,No 2019 secondary producer share; assigned zero,,0.0,0.0,No 2024 secondary production estimate; assigned zero share,0.0,0.0,,Existing values retained through 2024; 2025 extrapolated using a country-level OLS linear trend fitted over 2019-2024 and floored at zero; Zijie regional growth indexed to 2025 thereafter,0.0,0.0,0.0,0.0,0.0,0.0,0.0,0.0,0.0,0.0,0.0,0.0,0.0,0.0,0.0,0.0,0.0,0.0,0.0,0.0,0.0,0.0,0.0,0.0,0.0,0.0,0.0,0.0,0.0,0.0,0.0,0.0
Martinique,MQ,MTQ,LAM,Rest of World,Secondary aluminium ingot production,kt,0.0,0.0,No 2019 secondary producer share; assigned zero,,0.0,0.0,No 2024 secondary production estimate; assigned zero share,0.0,0.0,,Existing values retained through 2024; 2025 extrapolated using a country-level OLS linear trend fitted over 2019-2024 and floored at zero; Zijie regional growth indexed to 2025 thereafter,0.0,0.0,0.0,0.0,0.0,0.0,0.0,0.0,0.0,0.0,0.0,0.0,0.0,0.0,0.0,0.0,0.0,0.0,0.0,0.0,0.0,0.0,0.0,0.0,0.0,0.0,0.0,0.0,0.0,0.0,0.0,0.0
Montserrat,MS,MSR,LAM,Rest of World,Secondary aluminium ingot production,kt,0.0,0.0,No 2019 secondary producer share; assigned zero,,0.0,0.0,No 2024 secondary production estimate; assigned zero share,0.0,0.0,,Existing values retained through 2024; 2025 extrapolated using a country-level OLS linear trend fitted over 2019-2024 and floored at zero; Zijie regional growth indexed to 2025 thereafter,0.0,0.0,0.0,0.0,0.0,0.0,0.0,0.0,0.0,0.0,0.0,0.0,0.0,0.0,0.0,0.0,0.0,0.0,0.0,0.0,0.0,0.0,0.0,0.0,0.0,0.0,0.0,0.0,0.0,0.0,0.0,0.0
Puerto Rico,PR,PRI,LAM,Rest of World,Secondary aluminium ingot production,kt,0.0,0.0,No 2019 secondary producer share; assigned zero,,0.0,0.0,No 2024 secondary production estimate; assigned zero share,0.0,0.0,,Existing values retained through 2024; 2025 extrapolated using a country-level OLS linear trend fitted over 2019-2024 and floored at zero; Zijie regional growth indexed to 2025 thereafter,0.0,0.0,0.0,0.0,0.0,0.0,0.0,0.0,0.0,0.0,0.0,0.0,0.0,0.0,0.0,0.0,0.0,0.0,0.0,0.0,0.0,0.0,0.0,0.0,0.0,0.0,0.0,0.0,0.0,0.0,0.0,0.0
"Bonaire, Sint Eustatius and Saba",BQ,BES,LAM,Rest of World,Secondary aluminium ingot production,kt,0.0,0.0,No 2019 secondary producer share; assigned zero,,0.0,0.0,No 2024 secondary production estimate; assigned zero share,0.0,0.0,,Existing values retained through 2024; 2025 extrapolated using a country-level OLS linear trend fitted over 2019-2024 and floored at zero; Zijie regional growth indexed to 2025 thereafter,0.0,0.0,0.0,0.0,0.0,0.0,0.0,0.0,0.0,0.0,0.0,0.0,0.0,0.0,0.0,0.0,0.0,0.0,0.0,0.0,0.0,0.0,0.0,0.0,0.0,0.0,0.0,0.0,0.0,0.0,0.0,0.0
Saint Kitts and Nevis,KN,KNA,LAM,Rest of World,Secondary aluminium ingot production,kt,0.0,0.0,No 2019 secondary producer share; assigned zero,,0.0,0.0,No 2024 secondary production estimate; assigned zero share,0.0,0.0,,Existing values retained through 2024; 2025 extrapolated using a country-level OLS linear trend fitted over 2019-2024 and floored at zero; Zijie regional growth indexed to 2025 thereafter,0.0,0.0,0.0,0.0,0.0,0.0,0.0,0.0,0.0,0.0,0.0,0.0,0.0,0.0,0.0,0.0,0.0,0.0,0.0,0.0,0.0,0.0,0.0,0.0,0.0,0.0,0.0,0.0,0.0,0.0,0.0,0.0
Saint Lucia,LC,LCA,LAM,Rest of World,Secondary aluminium ingot production,kt,0.0,0.0,No 2019 secondary producer share; assigned zero,,0.0,0.0,No 2024 secondary production estimate; assigned zero share,0.0,0.0,,Existing values retained through 2024; 2025 extrapolated using a country-level OLS linear trend fitted over 2019-2024 and floored at zero; Zijie regional growth indexed to 2025 thereafter,0.0,0.0,0.0,0.0,0.0,0.0,0.0,0.0,0.0,0.0,0.0,0.0,0.0,0.0,0.0,0.0,0.0,0.0,0.0,0.0,0.0,0.0,0.0,0.0,0.0,0.0,0.0,0.0,0.0,0.0,0.0,0.0
Saint Pierre and Miquelon,PM,SPM,LAM,Rest of World,Secondary aluminium ingot production,kt,0.0,0.0,No 2019 secondary producer share; assigned zero,,0.0,0.0,No 2024 secondary production estimate; assigned zero share,0.0,0.0,,Existing values retained through 2024; 2025 extrapolated using a country-level OLS linear trend fitted over 2019-2024 and floored at zero; Zijie regional growth indexed to 2025 thereafter,0.0,0.0,0.0,0.0,0.0,0.0,0.0,0.0,0.0,0.0,0.0,0.0,0.0,0.0,0.0,0.0,0.0,0.0,0.0,0.0,0.0,0.0,0.0,0.0,0.0,0.0,0.0,0.0,0.0,0.0,0.0,0.0
Saint Vincent and the Grenadines,VC,VCT,LAM,Rest of World,Secondary aluminium ingot production,kt,0.0,0.0,No 2019 secondary producer share; assigned zero,,0.0,0.0,No 2024 secondary production estimate; assigned zero share,0.0,0.0,,Existing values retained through 2024; 2025 extrapolated using a country-level OLS linear trend fitted over 2019-2024 and floored at zero; Zijie regional growth indexed to 2025 thereafter,0.0,0.0,0.0,0.0,0.0,0.0,0.0,0.0,0.0,0.0,0.0,0.0,0.0,0.0,0.0,0.0,0.0,0.0,0.0,0.0,0.0,0.0,0.0,0.0,0.0,0.0,0.0,0.0,0.0,0.0,0.0,0.0
Saint Martin,MF,MAF,LAM,Rest of World,Secondary aluminium ingot production,kt,0.0,0.0,No 2019 secondary producer share; assigned zero,,0.0,0.0,No 2024 secondary production estimate; assigned zero share,0.0,0.0,,Existing values retained through 2024; 2025 extrapolated using a country-level OLS linear trend fitted over 2019-2024 and floored at zero; Zijie regional growth indexed to 2025 thereafter,0.0,0.0,0.0,0.0,0.0,0.0,0.0,0.0,0.0,0.0,0.0,0.0,0.0,0.0,0.0,0.0,0.0,0.0,0.0,0.0,0.0,0.0,0.0,0.0,0.0,0.0,0.0,0.0,0.0,0.0,0.0,0.0
Turks and Caicos Islands,TC,TCA,LAM,Rest of World,Secondary aluminium ingot production,kt,0.0,0.0,No 2019 secondary producer share; assigned zero,,0.0,0.0,No 2024 secondary production estimate; assigned zero share,0.0,0.0,,Existing values retained through 2024; 2025 extrapolated using a country-level OLS linear trend fitted over 2019-2024 and floored at zero; Zijie regional growth indexed to 2025 thereafter,0.0,0.0,0.0,0.0,0.0,0.0,0.0,0.0,0.0,0.0,0.0,0.0,0.0,0.0,0.0,0.0,0.0,0.0,0.0,0.0,0.0,0.0,0.0,0.0,0.0,0.0,0.0,0.0,0.0,0.0,0.0,0.0
Sint Maarten (Dutch part),SX,SXM,LAM,Rest of World,Secondary aluminium ingot production,kt,0.0,0.0,No 2019 secondary producer share; assigned zero,,0.0,0.0,No 2024 secondary production estimate; assigned zero share,0.0,0.0,,Existing values retained through 2024; 2025 extrapolated using a country-level OLS linear trend fitted over 2019-2024 and floored at zero; Zijie regional growth indexed to 2025 thereafter,0.0,0.0,0.0,0.0,0.0,0.0,0.0,0.0,0.0,0.0,0.0,0.0,0.0,0.0,0.0,0.0,0.0,0.0,0.0,0.0,0.0,0.0,0.0,0.0,0.0,0.0,0.0,0.0,0.0,0.0,0.0,0.0
Anguilla,AI,AIA,LAM,Rest of World,Secondary aluminium ingot production,kt,0.0,0.0,No 2019 secondary producer share; assigned zero,,0.0,0.0,No 2024 secondary production estimate; assigned zero share,0.0,0.0,,Existing values retained through 2024; 2025 extrapolated using a country-level OLS linear trend fitted over 2019-2024 and floored at zero; Zijie regional growth indexed to 2025 thereafter,0.0,0.0,0.0,0.0,0.0,0.0,0.0,0.0,0.0,0.0,0.0,0.0,0.0,0.0,0.0,0.0,0.0,0.0,0.0,0.0,0.0,0.0,0.0,0.0,0.0,0.0,0.0,0.0,0.0,0.0,0.0,0.0
Brazil,BR,BRA,BRA,South America,Secondary aluminium ingot production,kt,1170.0,0.8125,OMNIA 2019 region total allocated using INF_Data secondary-country weights,Brazil,1000.0,0.56657223796034,Zijie 2024 regional total allocated using country shares from secondary_aluminium_production_estimates_2024.xlsx,-8.651583472069044,1118.0904991675857,0.963288111463211,Existing values retained through 2024; 2025 extrapolated using a country-level OLS linear trend fitted over 2019-2024 and floored at zero; Zijie regional growth indexed to 2025 thereafter,1170.0,1161.348416527931,1152.6968330558618,1144.0452495837928,1135.3936661117236,1126.7420826396549,1118.0904991675857,1159.517209640115,1204.9120009380617,1248.0971070384,1289.6333811185273,1330.2727727225724,1370.6438240794746,1410.9563174492112,1451.2481446546394,1491.3212081753134,1531.0027058644002,1569.8963462802365,1607.712006669493,1644.5949764137445,1680.8517154475812,1716.7555658294457,1752.649331471423,1788.730033133576,1825.1143764174149,1861.8357286709058,1898.6821622658629,1935.4196654297027,1971.752158144532,2007.469997094142,2042.2668899713035,2075.9371183626586
Mexico,MX,MEX,MEX,South America,Secondary aluminium ingot production,kt,10.0,0.0069444444444444,OMNIA 2019 region total assigned to the sole country; no secondary or primary weight available,Mexico,650.0,0.3682719546742209,Zijie 2024 regional total allocated using country shares from secondary_aluminium_production_estimates_2024.xlsx,144.47647074315512,876.8588244589307,1.1622393187475177,Existing values retained through 2024; 2025 extrapolated using a country-level OLS linear trend fitted over 2019-2024 and floored at zero; Zijie regional growth indexed to 2025 thereafter,10.0,154.4764707431551,298.9529414863102,443.4294122294653,587.9058829726204,732.3823537157755,876.8588244589307,909.3475869277887,944.9483038319308,978.8160823323909,1011.3907697028854,1043.26207991899,1074.9229451721508,1106.537886515014,1138.1366204859737,1169.5637897512224,1200.6838747911431,1231.1860853361293,1260.8428935638608,1289.7682421976042,1318.202471440759,1346.3599489104536,1374.509517455809,1402.805689964817,1431.339992424528,1460.1385930686715,1489.0352883465869,1517.846555289454,1546.3401941096627,1574.351792720764,1601.6411423805698,1628.0469090948814
Chile,CL,CHL,CHL,Rest of World,Secondary aluminium ingot production,kt,0.0,0.0,No 2019 secondary producer share; assigned zero,,0.0,0.0,No 2024 secondary production estimate; assigned zero share,0.0,0.0,,Existing values retained through 2024; 2025 extrapolated using a country-level OLS linear trend fitted over 2019-2024 and floored at zero; Zijie regional growth indexed to 2025 thereafter,0.0,0.0,0.0,0.0,0.0,0.0,0.0,0.0,0.0,0.0,0.0,0.0,0.0,0.0,0.0,0.0,0.0,0.0,0.0,0.0,0.0,0.0,0.0,0.0,0.0,0.0,0.0,0.0,0.0,0.0,0.0,0.0
Ukraine,UA,UKR,ENE,Europe,Secondary aluminium ingot production,kt,0.0,0.0,No 2019 secondary producer share; assigned zero,,0.0,0.0,No 2024 secondary production estimate; assigned zero share,0.0,0.0,,Existing values retained through 2024; 2025 extrapolated using a country-level OLS linear trend fitted over 2019-2024 and floored at zero; Zijie regional growth indexed to 2025 thereafter,0.0,0.0,0.0,0.0,0.0,0.0,0.0,0.0,0.0,0.0,0.0,0.0,0.0,0.0,0.0,0.0,0.0,0.0,0.0,0.0,0.0,0.0,0.0,0.0,0.0,0.0,0.0,0.0,0.0,0.0,0.0,0.0
Belarus,BY,BLR,ENE,Rest of World,Secondary aluminium ingot production,kt,0.0,0.0,No 2019 secondary producer share; assigned zero,,0.0,0.0,No 2024 secondary production estimate; assigned zero share,0.0,0.0,,Existing values retained through 2024; 2025 extrapolated using a country-level OLS linear trend fitted over 2019-2024 and floored at zero; Zijie regional growth indexed to 2025 thereafter,0.0,0.0,0.0,0.0,0.0,0.0,0.0,0.0,0.0,0.0,0.0,0.0,0.0,0.0,0.0,0.0,0.0,0.0,0.0,0.0,0.0,0.0,0.0,0.0,0.0,0.0,0.0,0.0,0.0,0.0,0.0,0.0
Serbia,RS,SRB,ENE,Europe,Secondary aluminium ingot production,kt,50.0,0.0080775444264943,OMNIA 2019 region total allocated using INF_Data secondary-country weights,Serbia,50.0,0.0079436950892076,Zijie 2024 regional total allocated using country shares from secondary_aluminium_production_estimates_2024.xlsx,6.179945419809951,87.07967251885971,1.1898355849638236,Existing values retained through 2024; 2025 extrapolated using a country-level OLS linear trend fitted over 2019-2024 and floored at zero; Zijie regional growth indexed to 2025 thereafter,50.0,56.179945419809954,62.3598908396199,68.53983625942985,74.7197816792398,80.89972709904976,87.07967251885971,85.35332977675907,85.89813510180636,86.52272824064788,87.41367397736926,88.48195124033427,89.72383370079402,91.10472913279492,92.58296183217625,94.10189530276685,95.59039995385744,96.99343505625099,98.27033020717346,99.40071601399745,100.36630340540627,101.1583090513618,101.78788521305982,102.26689917265374,102.5947675741479,102.77243995506136,102.82785753954694,102.79057324280195,102.68695023432899,102.53733496542385,101.3377359410387,100.23064404936937
Bosnia and Herzegovina,BA,BIH,ENE,Rest of World,Secondary aluminium ingot production,kt,0.0,0.0,No 2019 secondary producer share; assigned zero,,0.0,0.0,No 2024 secondary production estimate; assigned zero share,0.0,0.0,,Existing values retained through 2024; 2025 extrapolated using a country-level OLS linear trend fitted over 2019-2024 and floored at zero; Zijie regional growth indexed to 2025 thereafter,0.0,0.0,0.0,0.0,0.0,0.0,0.0,0.0,0.0,0.0,0.0,0.0,0.0,0.0,0.0,0.0,0.0,0.0,0.0,0.0,0.0,0.0,0.0,0.0,0.0,0.0,0.0,0.0,0.0,0.0,0.0,0.0
Republic of Moldova,MD,MDA,ENE,Europe,Secondary aluminium ingot production,kt,0.0,0.0,No 2019 secondary producer share; assigned zero,,0.0,0.0,No 2024 secondary production estimate; assigned zero share,0.0,0.0,,Existing values retained through 2024; 2025 extrapolated using a country-level OLS linear trend fitted over 2019-2024 and floored at zero; Zijie regional growth indexed to 2025 thereafter,0.0,0.0,0.0,0.0,0.0,0.0,0.0,0.0,0.0,0.0,0.0,0.0,0.0,0.0,0.0,0.0,0.0,0.0,0.0,0.0,0.0,0.0,0.0,0.0,0.0,0.0,0.0,0.0,0.0,0.0,0.0,0.0
Republic of North Macedonia,MK,MKD,ENE,Europe,Secondary aluminium ingot production,kt,0.0,0.0,No 2019 secondary producer share; assigned zero,,0.0,0.0,No 2024 secondary production estimate; assigned zero share,0.0,0.0,,Existing values retained through 2024; 2025 extrapolated using a country-level OLS linear trend fitted over 2019-2024 and floored at zero; Zijie regional growth indexed to 2025 thereafter,0.0,0.0,0.0,0.0,0.0,0.0,0.0,0.0,0.0,0.0,0.0,0.0,0.0,0.0,0.0,0.0,0.0,0.0,0.0,0.0,0.0,0.0,0.0,0.0,0.0,0.0,0.0,0.0,0.0,0.0,0.0,0.0
Kosovo,XK,XKX,ENE,Rest of World,Secondary aluminium ingot production,kt,0.0,0.0,No 2019 secondary producer share; assigned zero,,0.0,0.0,No 2024 secondary production estimate; assigned zero share,0.0,0.0,,Existing values retained through 2024; 2025 extrapolated using a country-level OLS linear trend fitted over 2019-2024 and floored at zero; Zijie regional growth indexed to 2025 thereafter,0.0,0.0,0.0,0.0,0.0,0.0,0.0,0.0,0.0,0.0,0.0,0.0,0.0,0.0,0.0,0.0,0.0,0.0,0.0,0.0,0.0,0.0,0.0,0.0,0.0,0.0,0.0,0.0,0.0,0.0,0.0,0.0
Albania,AL,ALB,ENE,Rest of World,Secondary aluminium ingot production,kt,0.0,0.0,No 2019 secondary producer share; assigned zero,,0.0,0.0,No 2024 secondary production estimate; assigned zero share,0.0,0.0,,Existing values retained through 2024; 2025 extrapolated using a country-level OLS linear trend fitted over 2019-2024 and floored at zero; Zijie regional growth indexed to 2025 thereafter,0.0,0.0,0.0,0.0,0.0,0.0,0.0,0.0,0.0,0.0,0.0,0.0,0.0,0.0,0.0,0.0,0.0,0.0,0.0,0.0,0.0,0.0,0.0,0.0,0.0,0.0,0.0,0.0,0.0,0.0,0.0,0.0
Montenegro,ME,MNE,ENE,Europe,Secondary aluminium ingot production,kt,0.0,0.0,No 2019 secondary producer share; assigned zero,,0.0,0.0,No 2024 secondary production estimate; assigned zero share,0.0,0.0,,Existing values retained through 2024; 2025 extrapolated using a country-level OLS linear trend fitted over 2019-2024 and floored at zero; Zijie regional growth indexed to 2025 thereafter,0.0,0.0,0.0,0.0,0.0,0.0,0.0,0.0,0.0,0.0,0.0,0.0,0.0,0.0,0.0,0.0,0.0,0.0,0.0,0.0,0.0,0.0,0.0,0.0,0.0,0.0,0.0,0.0,0.0,0.0,0.0,0.0
Norway,NO,NOR,ENW,Europe,Secondary aluminium ingot production,kt,0.0,0.0,No 2019 secondary producer share; assigned zero,,0.0,0.0,No 2024 secondary production estimate; assigned zero share,0.0,0.0,,Existing values retained through 2024; 2025 extrapolated using a country-level OLS linear trend fitted over 2019-2024 and floored at zero; Zijie regional growth indexed to 2025 thereafter,0.0,0.0,0.0,0.0,0.0,0.0,0.0,0.0,0.0,0.0,0.0,0.0,0.0,0.0,0.0,0.0,0.0,0.0,0.0,0.0,0.0,0.0,0.0,0.0,0.0,0.0,0.0,0.0,0.0,0.0,0.0,0.0
Svalbard and Jan Mayen Islands,SJ,SJM,ENW,Rest of World,Secondary aluminium ingot production,kt,0.0,0.0,No 2019 secondary producer share; assigned zero,,0.0,0.0,No 2024 secondary production estimate; assigned zero share,0.0,0.0,,Existing values retained through 2024; 2025 extrapolated using a country-level OLS linear trend fitted over 2019-2024 and floored at zero; Zijie regional growth indexed to 2025 thereafter,0.0,0.0,0.0,0.0,0.0,0.0,0.0,0.0,0.0,0.0,0.0,0.0,0.0,0.0,0.0,0.0,0.0,0.0,0.0,0.0,0.0,0.0,0.0,0.0,0.0,0.0,0.0,0.0,0.0,0.0,0.0,0.0
Switzerland,CH,CHE,ENW,Europe,Secondary aluminium ingot production,kt,0.0,0.0,No 2019 secondary producer share; assigned zero,,0.0,0.0,No 2024 secondary production estimate; assigned zero share,0.0,0.0,,Existing values retained through 2024; 2025 extrapolated using a country-level OLS linear trend fitted over 2019-2024 and floored at zero; Zijie regional growth indexed to 2025 thereafter,0.0,0.0,0.0,0.0,0.0,0.0,0.0,0.0,0.0,0.0,0.0,0.0,0.0,0.0,0.0,0.0,0.0,0.0,0.0,0.0,0.0,0.0,0.0,0.0,0.0,0.0,0.0,0.0,0.0,0.0,0.0,0.0
Liechtenstein,LI,LIE,ENW,Rest of World,Secondary aluminium ingot production,kt,0.0,0.0,No 2019 secondary producer share; assigned zero,,0.0,0.0,No 2024 secondary production estimate; assigned zero share,0.0,0.0,,Existing values retained through 2024; 2025 extrapolated using a country-level OLS linear trend fitted over 2019-2024 and floored at zero; Zijie regional growth indexed to 2025 thereafter,0.0,0.0,0.0,0.0,0.0,0.0,0.0,0.0,0.0,0.0,0.0,0.0,0.0,0.0,0.0,0.0,0.0,0.0,0.0,0.0,0.0,0.0,0.0,0.0,0.0,0.0,0.0,0.0,0.0,0.0,0.0,0.0
Iceland,IS,ISL,ENW,Europe,Secondary aluminium ingot production,kt,0.0,0.0,No 2019 secondary producer share; assigned zero,,0.0,0.0,No 2024 secondary production estimate; assigned zero share,0.0,0.0,,Existing values retained through 2024; 2025 extrapolated using a country-level OLS linear trend fitted over 2019-2024 and floored at zero; Zijie regional growth indexed to 2025 thereafter,0.0,0.0,0.0,0.0,0.0,0.0,0.0,0.0,0.0,0.0,0.0,0.0,0.0,0.0,0.0,0.0,0.0,0.0,0.0,0.0,0.0,0.0,0.0,0.0,0.0,0.0,0.0,0.0,0.0,0.0,0.0,0.0
United Kingdom of Great Britain and Northern Ireland,GB,GBR,ENW,UK,Secondary aluminium ingot production,kt,1110.0,1.0,OMNIA 2019 region total allocated using INF_Data secondary-country weights,United Kingdom,270.0,1.0,Zijie 2024 regional total allocated using country shares from secondary_aluminium_production_estimates_2024.xlsx,-150.42544306261803,207.44734162429188,0.4725214649949193,Existing values retained through 2024; 2025 extrapolated using a country-level OLS linear trend fitted over 2019-2024 and floored at zero; Zijie regional growth indexed to 2025 thereafter,1110.0,959.574556937382,809.149113874764,658.7236708121459,508.2982277495279,357.87278468690994,207.44734162429188,212.04420851781003,215.90788534209446,218.73853679815528,220.12671793302525,221.10796538767616,221.4684411597472,221.40479272960675,221.9638376151265,222.50817917465255,223.2715869369249,224.29906593235623,225.1353736141883,226.24448625836303,227.10332639138971,227.56013792161446,227.88858250829193,227.97838889759439,228.08708169774016,227.9339040846089,227.5980828278795,227.39571409616448,227.2101764040221,226.88792406597878,226.21693922898103,225.34489606615702
Gibraltar,GI,GIB,ENW,Rest of World,Secondary aluminium ingot production,kt,0.0,0.0,No 2019 secondary producer share; assigned zero,,0.0,0.0,No 2024 secondary production estimate; assigned zero share,0.0,0.0,,Existing values retained through 2024; 2025 extrapolated using a country-level OLS linear trend fitted over 2019-2024 and floored at zero; Zijie regional growth indexed to 2025 thereafter,0.0,0.0,0.0,0.0,0.0,0.0,0.0,0.0,0.0,0.0,0.0,0.0,0.0,0.0,0.0,0.0,0.0,0.0,0.0,0.0,0.0,0.0,0.0,0.0,0.0,0.0,0.0,0.0,0.0,0.0,0.0,0.0
Saint Helena,SH ,SHN,ENW,Rest of World,Secondary aluminium ingot production,kt,0.0,0.0,No 2019 secondary producer share; assigned zero,,0.0,0.0,No 2024 secondary production estimate; assigned zero share,0.0,0.0,,Existing values retained through 2024; 2025 extrapolated using a country-level OLS linear trend fitted over 2019-2024 and floored at zero; Zijie regional growth indexed to 2025 thereafter,0.0,0.0,0.0,0.0,0.0,0.0,0.0,0.0,0.0,0.0,0.0,0.0,0.0,0.0,0.0,0.0,0.0,0.0,0.0,0.0,0.0,0.0,0.0,0.0,0.0,0.0,0.0,0.0,0.0,0.0,0.0,0.0
Liechtenstein,LI,LIE,ENW,Rest of World,Secondary aluminium ingot production,kt,0.0,0.0,No 2019 secondary producer share; assigned zero,,0.0,0.0,No 2024 secondary production estimate; assigned zero share,0.0,0.0,,Existing values retained through 2024; 2025 extrapolated using a country-level OLS linear trend fitted over 2019-2024 and floored at zero; Zijie regional growth indexed to 2025 thereafter,0.0,0.0,0.0,0.0,0.0,0.0,0.0,0.0,0.0,0.0,0.0,0.0,0.0,0.0,0.0,0.0,0.0,0.0,0.0,0.0,0.0,0.0,0.0,0.0,0.0,0.0,0.0,0.0,0.0,0.0,0.0,0.0
Poland,PL,POL,EUE,Europe,Secondary aluminium ingot production,kt,24.869565217391305,0.0040177003582215,OMNIA 2019 region total allocated using INF_Data secondary-country weights,Poland,450.0,0.0714932558028692,Zijie 2024 regional total allocated using country shares from secondary_aluminium_production_estimates_2024.xlsx,140.64559573481128,868.7431396262591,1.3189217947974257,Existing values retained through 2024; 2025 extrapolated using a country-level OLS linear trend fitted over 2019-2024 and floored at zero; Zijie regional growth indexed to 2025 thereafter,24.869565217391305,165.51516095220262,306.160756687014,446.8063524218253,587.4519481566365,728.0975438914478,868.7431396262591,851.5204242615602,856.9556294578612,863.1868311692442,872.0752775100171,882.7328571330752,895.1223946283261,908.8987835189963,923.6462495947399,938.799763542998,953.6497068940903,967.6469703724897,980.3858090738604,991.6630094399568,1001.2961120657658,1009.197490786731,1015.4784052128725,1020.2572483015658,1023.5282002500425,1025.3007340407064,1025.8536029818029,1025.481639283777,1024.4478529233743,1022.9552285865462,1010.9875282887384,999.9427177376275
Czechia,CZ,CZE,EUE,Europe,Secondary aluminium ingot production,kt,126.2608695652174,0.020397555664817,OMNIA 2019 region total allocated using INF_Data secondary-country weights,Czechia,80.0,0.0127099121427323,Zijie 2024 regional total allocated using country shares from secondary_aluminium_production_estimates_2024.xlsx,0.6357387586524412,130.07530211713205,1.1108234182779873,Existing values retained through 2024; 2025 extrapolated using a country-level OLS linear trend fitted over 2019-2024 and floored at zero; Zijie regional growth indexed to 2025 thereafter,126.2608695652174,126.89660832386984,127.53234708252228,128.16808584117473,128.80382459982715,129.4395633584796,130.07530211713205,127.4965768275092,128.31038004013843,129.24336633745716,130.57421695415997,132.1699566222776,134.02501913647438,136.08773234282899,138.2958431384892,140.56475073044305,142.7882052588398,144.88398960834178,146.79135234551984,148.4798666804779,149.9222133042642,151.1052721134694,152.04570180354293,152.76122913282873,153.25098271303168,153.51638091627117,153.59916095937484,153.5434675234323,153.38868060538906,153.16519272651635,151.37329111500625,149.71957207685614
Romania,RO,ROU,EUE,Europe,Secondary aluminium ingot production,kt,15.304347826086955,0.0024724309896747,OMNIA 2019 region total allocated using INF_Data secondary-country weights,Romania,80.0,0.0127099121427323,Zijie 2024 regional total allocated using country shares from secondary_aluminium_production_estimates_2024.xlsx,22.82704310647853,152.26660646495813,1.3003338030357452,Existing values retained through 2024; 2025 extrapolated using a country-level OLS linear trend fitted over 2019-2024 and floored at zero; Zijie regional growth indexed to 2025 thereafter,15.304347826086955,38.13139093256549,60.958434039044015,83.78547714552253,106.61252025200108,129.4395633584796,152.26660646495813,149.24794156497077,150.20058246989637,151.2927395132304,152.85063792913917,154.71861640092462,156.89015910903026,159.304778448213,161.88960071717113,164.54559192984803,167.1483756263506,169.60170816209725,171.83447369529807,173.81105451861208,175.49947055282865,176.88436335871992,177.98523366381013,178.82283247380693,179.39613973850516,179.7068158092998,179.8037184191055,179.73852348697525,179.55732937593345,179.29571367834808,177.19810734522548,175.26225801881867
Hungary,HU,HUN,EUE,Europe,Secondary aluminium ingot production,kt,0.0,0.0,No 2019 secondary producer share; assigned zero,Hungary,100.0,0.0158873901784153,Zijie 2024 regional total allocated using country shares from secondary_aluminium_production_estimates_2024.xlsx,32.3598908396199,194.1593450377194,1.3264731664506082,Existing values retained through 2024; 2025 extrapolated using a country-level OLS linear trend fitted over 2019-2024 and floored at zero; Zijie regional growth indexed to 2025 thereafter,0.0,32.3598908396199,64.7197816792398,97.07967251885972,129.4395633584796,161.7994541980995,194.1593450377194,190.3101622557758,191.52490092008733,192.9175404563265,194.90405964848932,197.28597046299143,200.05496439879747,203.13391204395316,206.42989013416772,209.8166177053109,213.135498906647,216.26381081533802,219.11087166218778,221.63126432725377,223.78421013044348,225.55012510275344,226.95387515911906,228.0219204786342,228.7529603671786,229.14911198456068,229.27267517211132,229.1895433179506,228.95849771483824,228.62490433100953,225.95018870398343,223.4817338928272
Bulgaria,BG,BGR,EUE,Europe,Secondary aluminium ingot production,kt,34.434782608695656,0.0055629697267682,OMNIA 2019 region total allocated using INF_Data secondary-country weights,Bulgaria,20.0,0.003177478035683,Zijie 2024 regional total allocated using country shares from secondary_aluminium_production_estimates_2024.xlsx,-0.4149783538151496,31.944912485804757,1.09121889571684,Existing values retained through 2024; 2025 extrapolated using a country-level OLS linear trend fitted over 2019-2024 and floored at zero; Zijie regional growth indexed to 2025 thereafter,34.434782608695656,34.019804254880505,33.604825901065354,33.1898475472502,32.77486919343505,32.3598908396199,31.944912485804757,31.311608911942955,31.511469085127082,31.74059917464602,32.06743990298019,32.45933416129405,32.91491495724216,33.421492238154215,33.963777398966734,34.52099351366064,35.067046908653644,35.58174606017798,36.05017115492018,36.46484974327118,36.81907253515491,37.10961739271432,37.340575488982275,37.516300300250855,37.636577824150855,37.701756395627406,37.722086167609305,37.708408536973344,37.670394752109054,37.61550884666793,37.175439600383825,36.769306313818454
Slovakia,SK,SVK,EUE,Europe,Secondary aluminium ingot production,kt,0.0,0.0,No 2019 secondary producer share; assigned zero,,0.0,0.0,No 2024 secondary production estimate; assigned zero share,0.0,0.0,,Existing values retained through 2024; 2025 extrapolated using a country-level OLS linear trend fitted over 2019-2024 and floored at zero; Zijie regional growth indexed to 2025 thereafter,0.0,0.0,0.0,0.0,0.0,0.0,0.0,0.0,0.0,0.0,0.0,0.0,0.0,0.0,0.0,0.0,0.0,0.0,0.0,0.0,0.0,0.0,0.0,0.0,0.0,0.0,0.0,0.0,0.0,0.0,0.0,0.0
Croatia,HR,HRV,EUE,Europe,Secondary aluminium ingot production,kt,0.0,0.0,No 2019 secondary producer share; assigned zero,,0.0,0.0,No 2024 secondary production estimate; assigned zero share,0.0,0.0,,Existing values retained through 2024; 2025 extrapolated using a country-level OLS linear trend fitted over 2019-2024 and floored at zero; Zijie regional growth indexed to 2025 thereafter,0.0,0.0,0.0,0.0,0.0,0.0,0.0,0.0,0.0,0.0,0.0,0.0,0.0,0.0,0.0,0.0,0.0,0.0,0.0,0.0,0.0,0.0,0.0,0.0,0.0,0.0,0.0,0.0,0.0,0.0,0.0,0.0
Lithuania,LT,LTU,EUE,Europe,Secondary aluminium ingot production,kt,0.0,0.0,No 2019 secondary producer share; assigned zero,,0.0,0.0,No 2024 secondary production estimate; assigned zero share,0.0,0.0,,Existing values retained through 2024; 2025 extrapolated using a country-level OLS linear trend fitted over 2019-2024 and floored at zero; Zijie regional growth indexed to 2025 thereafter,0.0,0.0,0.0,0.0,0.0,0.0,0.0,0.0,0.0,0.0,0.0,0.0,0.0,0.0,0.0,0.0,0.0,0.0,0.0,0.0,0.0,0.0,0.0,0.0,0.0,0.0,0.0,0.0,0.0,0.0,0.0,0.0
Slovenia,SI,SVN,EUE,Europe,Secondary aluminium ingot production,kt,19.13043478260869,0.0030905387370934,OMNIA 2019 region total allocated using INF_Data secondary-country weights,Slovenia,70.0,0.0111211731248907,Zijie 2024 regional total allocated using country shares from secondary_aluminium_production_estimates_2024.xlsx,18.825836631212194,132.08545456988188,1.2891312187150896,Existing values retained through 2024; 2025 extrapolated using a country-level OLS linear trend fitted over 2019-2024 and floored at zero; Zijie regional growth indexed to 2025 thereafter,19.13043478260869,37.956271413820886,56.78210804503309,75.60794467624528,94.43378130745748,113.25961793866966,132.08545456988188,129.46687827948077,130.2932578113443,131.24066225464009,132.5920795168772,134.21247936225836,136.09620956664864,138.19079944708034,140.43303385621365,142.7370046007168,144.9948198609442,147.12299195802018,149.05983062046627,150.774438850089,152.23907515190282,153.4404166675739,154.39537953202696,155.12196444866845,155.6192865629779,155.88878616625655,155.97284547224854,155.91629136333393,155.75911240546537,155.53217079863228,153.71257757033686,152.0333023556752
Estonia,EE,EST,EUE,Europe,Secondary aluminium ingot production,kt,0.0,0.0,No 2019 secondary producer share; assigned zero,,0.0,0.0,No 2024 secondary production estimate; assigned zero share,0.0,0.0,,Existing values retained through 2024; 2025 extrapolated using a country-level OLS linear trend fitted over 2019-2024 and floored at zero; Zijie regional growth indexed to 2025 thereafter,0.0,0.0,0.0,0.0,0.0,0.0,0.0,0.0,0.0,0.0,0.0,0.0,0.0,0.0,0.0,0.0,0.0,0.0,0.0,0.0,0.0,0.0,0.0,0.0,0.0,0.0,0.0,0.0,0.0,0.0,0.0,0.0
Latvia,LV,LVA,EUE,Europe,Secondary aluminium ingot production,kt,0.0,0.0,No 2019 secondary producer share; assigned zero,,0.0,0.0,No 2024 secondary production estimate; assigned zero share,0.0,0.0,,Existing values retained through 2024; 2025 extrapolated using a country-level OLS linear trend fitted over 2019-2024 and floored at zero; Zijie regional growth indexed to 2025 thereafter,0.0,0.0,0.0,0.0,0.0,0.0,0.0,0.0,0.0,0.0,0.0,0.0,0.0,0.0,0.0,0.0,0.0,0.0,0.0,0.0,0.0,0.0,0.0,0.0,0.0,0.0,0.0,0.0,0.0,0.0,0.0,0.0
Germany,DE,DEU,EUW,Europe,Secondary aluminium ingot production,kt,1184.4155844155846,0.1913433900509829,OMNIA 2019 region total allocated using INF_Data secondary-country weights,Germany,2741.3,0.4355210269609011,Zijie 2024 regional total allocated using country shares from secondary_aluminium_production_estimates_2024.xlsx,650.1985707033834,5085.607008635885,1.2674370591548716,Existing values retained through 2024; 2025 extrapolated using a country-level OLS linear trend fitted over 2019-2024 and floored at zero; Zijie regional growth indexed to 2025 thereafter,1184.4155844155846,1834.614155118968,2484.812725822352,3135.011296525735,3785.209867229119,4435.408437932502,5085.607008635885,4984.785536820712,5016.603132124628,5053.080476980862,5105.113285005067,5167.502568043822,5240.030701902481,5320.677439356116,5407.008845514543,5495.717248753132,5582.64855507303,5664.588288465452,5739.1612254206075,5805.177757354642,5861.569770130478,5907.824301727141,5944.592663938289,5972.567927047112,5991.716022030906,6002.092403561496,6005.328888586179,6003.151419661991,5997.099652551453,5988.3618560240475,5918.303149675047,5853.647023616946
Netherlands,NL,NLD,EUW,Europe,Secondary aluminium ingot production,kt,0.0,0.0,No 2019 secondary producer share; assigned zero,Netherlands,180.0,0.0285973023211477,Zijie 2024 regional total allocated using country shares from secondary_aluminium_production_estimates_2024.xlsx,58.247803511315816,349.4868210678949,1.3264731664506082,Existing values retained through 2024; 2025 extrapolated using a country-level OLS linear trend fitted over 2019-2024 and floored at zero; Zijie regional growth indexed to 2025 thereafter,0.0,58.24780351131582,116.49560702263165,174.74341053394744,232.9912140452633,291.2390175565791,349.4868210678949,342.5582920603964,344.74482165615717,347.25157282138764,350.82730736728075,355.1147468333846,360.0989359178354,365.64104167911563,371.5738022415018,377.6699118695596,383.64389803196457,389.2748594676084,394.399568991938,398.93627578905677,402.8115782347982,405.99022518495616,408.51697528641427,410.43945686154154,411.7553286609214,412.4684015722092,412.6908153098003,412.54117797231106,412.1252958867088,411.5248277958171,406.7103396671701,402.2671210070889
Belgium,BE,BEL,EUW,Europe,Secondary aluminium ingot production,kt,0.0,0.0,No 2019 secondary producer share; assigned zero,Belgium,490.0,0.0778482118742354,Zijie 2024 regional total allocated using country shares from secondary_aluminium_production_estimates_2024.xlsx,158.56346511413753,951.3807906848251,1.3264731664506084,Existing values retained through 2024; 2025 extrapolated using a country-level OLS linear trend fitted over 2019-2024 and floored at zero; Zijie regional growth indexed to 2025 thereafter,0.0,158.56346511413756,317.1269302282751,475.69039534241256,634.2538604565502,792.8173255706877,951.3807906848251,932.5197950533016,938.4720145084281,945.2959482359998,955.0298922775978,966.7012552686582,980.2693255541077,995.3561690153706,1011.5064616574218,1028.1014267560236,1044.3639446425705,1059.6926729951563,1073.6432711447203,1085.9931952035436,1096.5426296391731,1105.1956130034919,1112.0739882796836,1117.3074103453077,1120.8895057991751,1122.8306487243474,1123.4361083433455,1123.028762257958,1121.8966388027075,1120.2620312219467,1107.155924649519,1095.0604960748533
Sweden,SE,SWE,EUW,Europe,Secondary aluminium ingot production,kt,0.0,0.0,No 2019 secondary producer share; assigned zero,,0.0,0.0,No 2024 secondary production estimate; assigned zero share,0.0,0.0,,Existing values retained through 2024; 2025 extrapolated using a country-level OLS linear trend fitted over 2019-2024 and floored at zero; Zijie regional growth indexed to 2025 thereafter,0.0,0.0,0.0,0.0,0.0,0.0,0.0,0.0,0.0,0.0,0.0,0.0,0.0,0.0,0.0,0.0,0.0,0.0,0.0,0.0,0.0,0.0,0.0,0.0,0.0,0.0,0.0,0.0,0.0,0.0,0.0,0.0
Austria,AT,AUT,EUW,Europe,Secondary aluminium ingot production,kt,735.5844155844156,0.1188343159263999,OMNIA 2019 region total allocated using INF_Data secondary-country weights,Austria,369.0,0.0586244697583527,Zijie 2024 regional total allocated using country shares from secondary_aluminium_production_estimates_2024.xlsx,-27.70888591868565,569.3311000723018,1.0540924739714093,Existing values retained through 2024; 2025 extrapolated using a country-level OLS linear trend fitted over 2019-2024 and floored at zero; Zijie regional growth indexed to 2025 thereafter,735.5844155844156,707.8755296657299,680.1666437470443,652.4577578283586,624.748871909673,597.0399859909872,569.3311000723018,558.0441879373357,561.6061514365351,565.6897715116708,571.5148177218807,578.4992660060009,586.618753446895,595.6471144023822,605.3118711080226,615.242731419431,624.9746466409152,634.1477578295543,642.4961599298748,649.8866768701612,656.1997338197915,661.3779049432266,665.4941042622031,668.6259206399752,670.7695400668993,671.9311706650852,672.293493506064,672.0497269751706,671.3722347465,670.394042900235,662.5510066043539,655.3127864051597
Finland,FI,FIN,EUW,Europe,Secondary aluminium ingot production,kt,0.0,0.0,No 2019 secondary producer share; assigned zero,,0.0,0.0,No 2024 secondary production estimate; assigned zero share,0.0,0.0,,Existing values retained through 2024; 2025 extrapolated using a country-level OLS linear trend fitted over 2019-2024 and floored at zero; Zijie regional growth indexed to 2025 thereafter,0.0,0.0,0.0,0.0,0.0,0.0,0.0,0.0,0.0,0.0,0.0,0.0,0.0,0.0,0.0,0.0,0.0,0.0,0.0,0.0,0.0,0.0,0.0,0.0,0.0,0.0,0.0,0.0,0.0,0.0,0.0,0.0
Denmark,DK,DNK,EUW,Europe,Secondary aluminium ingot production,kt,0.0,0.0,No 2019 secondary producer share; assigned zero,,0.0,0.0,No 2024 secondary production estimate; assigned zero share,0.0,0.0,,Existing values retained through 2024; 2025 extrapolated using a country-level OLS linear trend fitted over 2019-2024 and floored at zero; Zijie regional growth indexed to 2025 thereafter,0.0,0.0,0.0,0.0,0.0,0.0,0.0,0.0,0.0,0.0,0.0,0.0,0.0,0.0,0.0,0.0,0.0,0.0,0.0,0.0,0.0,0.0,0.0,0.0,0.0,0.0,0.0,0.0,0.0,0.0,0.0,0.0
Ireland,IE,IRL,EUW,Europe,Secondary aluminium ingot production,kt,0.0,0.0,No 2019 secondary producer share; assigned zero,,0.0,0.0,No 2024 secondary production estimate; assigned zero share,0.0,0.0,,Existing values retained through 2024; 2025 extrapolated using a country-level OLS linear trend fitted over 2019-2024 and floored at zero; Zijie regional growth indexed to 2025 thereafter,0.0,0.0,0.0,0.0,0.0,0.0,0.0,0.0,0.0,0.0,0.0,0.0,0.0,0.0,0.0,0.0,0.0,0.0,0.0,0.0,0.0,0.0,0.0,0.0,0.0,0.0,0.0,0.0,0.0,0.0,0.0,0.0
Luxembourg,LU,LUX,EUW,Europe,Secondary aluminium ingot production,kt,0.0,0.0,No 2019 secondary producer share; assigned zero,,0.0,0.0,No 2024 secondary production estimate; assigned zero share,0.0,0.0,,Existing values retained through 2024; 2025 extrapolated using a country-level OLS linear trend fitted over 2019-2024 and floored at zero; Zijie regional growth indexed to 2025 thereafter,0.0,0.0,0.0,0.0,0.0,0.0,0.0,0.0,0.0,0.0,0.0,0.0,0.0,0.0,0.0,0.0,0.0,0.0,0.0,0.0,0.0,0.0,0.0,0.0,0.0,0.0,0.0,0.0,0.0,0.0,0.0,0.0
Greenland,GL,GRL,EUW,Rest of World,Secondary aluminium ingot production,kt,0.0,0.0,No 2019 secondary producer share; assigned zero,,0.0,0.0,No 2024 secondary production estimate; assigned zero share,0.0,0.0,,Existing values retained through 2024; 2025 extrapolated using a country-level OLS linear trend fitted over 2019-2024 and floored at zero; Zijie regional growth indexed to 2025 thereafter,0.0,0.0,0.0,0.0,0.0,0.0,0.0,0.0,0.0,0.0,0.0,0.0,0.0,0.0,0.0,0.0,0.0,0.0,0.0,0.0,0.0,0.0,0.0,0.0,0.0,0.0,0.0,0.0,0.0,0.0,0.0,0.0
Faroe Islands,FO,FRO,EUW,Rest of World,Secondary aluminium ingot production,kt,0.0,0.0,No 2019 secondary producer share; assigned zero,,0.0,0.0,No 2024 secondary production estimate; assigned zero share,0.0,0.0,,Existing values retained through 2024; 2025 extrapolated using a country-level OLS linear trend fitted over 2019-2024 and floored at zero; Zijie regional growth indexed to 2025 thereafter,0.0,0.0,0.0,0.0,0.0,0.0,0.0,0.0,0.0,0.0,0.0,0.0,0.0,0.0,0.0,0.0,0.0,0.0,0.0,0.0,0.0,0.0,0.0,0.0,0.0,0.0,0.0,0.0,0.0,0.0,0.0,0.0
Andorra,AD,AND,EUW,Rest of World,Secondary aluminium ingot production,kt,0.0,0.0,No 2019 secondary producer share; assigned zero,,0.0,0.0,No 2024 secondary production estimate; assigned zero share,0.0,0.0,,Existing values retained through 2024; 2025 extrapolated using a country-level OLS linear trend fitted over 2019-2024 and floored at zero; Zijie regional growth indexed to 2025 thereafter,0.0,0.0,0.0,0.0,0.0,0.0,0.0,0.0,0.0,0.0,0.0,0.0,0.0,0.0,0.0,0.0,0.0,0.0,0.0,0.0,0.0,0.0,0.0,0.0,0.0,0.0,0.0,0.0,0.0,0.0,0.0,0.0
France,FR,FRA,EUM,Europe,Secondary aluminium ingot production,kt,729.2710706150342,0.1178143894370006,OMNIA 2019 region total allocated using INF_Data secondary-country weights,France,140.0,0.0222423462497815,Zijie 2024 regional total allocated using country shares from secondary_aluminium_production_estimates_2024.xlsx,-100.55036694753899,125.96886892980035,0.6147171997569184,Existing values retained through 2024; 2025 extrapolated using a country-level OLS linear trend fitted over 2019-2024 and floored at zero; Zijie regional growth indexed to 2025 thereafter,729.2710706150342,628.7207036674952,528.1703367199563,427.6199697724173,327.0696028248783,226.51923587733933,125.96886892980035,123.47155312328432,124.25966484440129,125.16319708063172,126.45203319457453,127.9973959023865,129.7938947219473,131.791488771716,133.9298902581913,136.12716920671372,138.28043002948516,140.31005117762444,142.15719911985877,143.79240762973322,145.18921985961728,146.33492990331808,147.24567054691767,147.93860892100906,148.41290114673023,148.6699208186736,148.7500875238821,148.69615231083003,148.54625196331074,148.3298195210031,146.59448763584513,144.99297594705536
Monaco,MC,MCO,EUM,Rest of World,Secondary aluminium ingot production,kt,0.0,0.0,No 2019 secondary producer share; assigned zero,,0.0,0.0,No 2024 secondary production estimate; assigned zero share,0.0,0.0,,Existing values retained through 2024; 2025 extrapolated using a country-level OLS linear trend fitted over 2019-2024 and floored at zero; Zijie regional growth indexed to 2025 thereafter,0.0,0.0,0.0,0.0,0.0,0.0,0.0,0.0,0.0,0.0,0.0,0.0,0.0,0.0,0.0,0.0,0.0,0.0,0.0,0.0,0.0,0.0,0.0,0.0,0.0,0.0,0.0,0.0,0.0,0.0,0.0,0.0
Italy,IT,ITA,EUM,Europe,Secondary aluminium ingot production,kt,2640.728929384966,0.4266121049087182,OMNIA 2019 region total allocated using INF_Data secondary-country weights,Italy,1000.0,0.1588739017841539,Zijie 2024 regional total allocated using country shares from secondary_aluminium_production_estimates_2024.xlsx,-204.5468774807942,1413.4476645002007,0.9656503521772598,Existing values retained through 2024; 2025 extrapolated using a country-level OLS linear trend fitted over 2019-2024 and floored at zero; Zijie regional growth indexed to 2025 thereafter,2640.728929384966,2436.182051904172,2231.635174423377,2027.0882969425836,1822.5414194617888,1617.994541980995,1413.4476645002007,1385.4262555264756,1394.2693504993993,1404.4075341629539,1418.8690627188003,1436.208976371433,1456.3667906183853,1478.7810161985046,1502.7751872385468,1527.4299993713382,1551.5909012422774,1574.3644904316538,1595.090618776844,1613.4386572159356,1629.1117437558744,1641.9673103670643,1652.1863767649581,1659.9615686423092,1665.283417162754,1668.1673348967572,1669.0668543034985,1668.461668263722,1666.7796947895695,1664.3511905670516,1644.879706691332,1626.9097671703926
San Marino,SM,SMR,EUM,Rest of World,Secondary aluminium ingot production,kt,0.0,0.0,No 2019 secondary producer share; assigned zero,,0.0,0.0,No 2024 secondary production estimate; assigned zero share,0.0,0.0,,Existing values retained through 2024; 2025 extrapolated using a country-level OLS linear trend fitted over 2019-2024 and floored at zero; Zijie regional growth indexed to 2025 thereafter,0.0,0.0,0.0,0.0,0.0,0.0,0.0,0.0,0.0,0.0,0.0,0.0,0.0,0.0,0.0,0.0,0.0,0.0,0.0,0.0,0.0,0.0,0.0,0.0,0.0,0.0,0.0,0.0,0.0,0.0,0.0,0.0
Spain,ES,ESP,EUM,Europe,Secondary aluminium ingot production,kt,0.0,0.0,No 2019 secondary producer share; assigned zero,Spain,154.0,0.0244665808747597,Zijie 2024 regional total allocated using country shares from secondary_aluminium_production_estimates_2024.xlsx,49.83423189301466,299.00539135808793,1.3264731664506084,Existing values retained through 2024; 2025 extrapolated using a country-level OLS linear trend fitted over 2019-2024 and floored at zero; Zijie regional growth indexed to 2025 thereafter,0.0,49.83423189301465,99.6684637860293,149.50269567904394,199.3369275720586,249.1711594650733,299.00539135808793,293.0776498738948,294.94834741693455,297.09301230274286,300.15225185867365,303.8203945130069,308.08464517414814,312.8262245476879,317.90203080661837,323.11759126617886,328.22866831623645,333.0462686556206,337.4307423597693,341.3121470639709,344.627683600883,347.3471926582404,349.50896774504344,351.1537575370968,352.2795589654551,352.8896324562235,353.0799197650515,352.951896709644,352.59608648085094,352.08235266975475,347.96329060413456,344.16187019495396
Greece,GR,GRC,EUM,Europe,Secondary aluminium ingot production,kt,0.0,0.0,No 2019 secondary producer share; assigned zero,,0.0,0.0,No 2024 secondary production estimate; assigned zero share,0.0,0.0,,Existing values retained through 2024; 2025 extrapolated using a country-level OLS linear trend fitted over 2019-2024 and floored at zero; Zijie regional growth indexed to 2025 thereafter,0.0,0.0,0.0,0.0,0.0,0.0,0.0,0.0,0.0,0.0,0.0,0.0,0.0,0.0,0.0,0.0,0.0,0.0,0.0,0.0,0.0,0.0,0.0,0.0,0.0,0.0,0.0,0.0,0.0,0.0,0.0,0.0
Portugal,PT,PRT,EUM,Europe,Secondary aluminium ingot production,kt,0.0,0.0,No 2019 secondary producer share; assigned zero,,0.0,0.0,No 2024 secondary production estimate; assigned zero share,0.0,0.0,,Existing values retained through 2024; 2025 extrapolated using a country-level OLS linear trend fitted over 2019-2024 and floored at zero; Zijie regional growth indexed to 2025 thereafter,0.0,0.0,0.0,0.0,0.0,0.0,0.0,0.0,0.0,0.0,0.0,0.0,0.0,0.0,0.0,0.0,0.0,0.0,0.0,0.0,0.0,0.0,0.0,0.0,0.0,0.0,0.0,0.0,0.0,0.0,0.0,0.0
Cyprus,CY,CYP,EUM,Europe,Secondary aluminium ingot production,kt,0.0,0.0,No 2019 secondary producer share; assigned zero,,0.0,0.0,No 2024 secondary production estimate; assigned zero share,0.0,0.0,,Existing values retained through 2024; 2025 extrapolated using a country-level OLS linear trend fitted over 2019-2024 and floored at zero; Zijie regional growth indexed to 2025 thereafter,0.0,0.0,0.0,0.0,0.0,0.0,0.0,0.0,0.0,0.0,0.0,0.0,0.0,0.0,0.0,0.0,0.0,0.0,0.0,0.0,0.0,0.0,0.0,0.0,0.0,0.0,0.0,0.0,0.0,0.0,0.0,0.0
Malta,MT,MLT,EUM,Europe,Secondary aluminium ingot production,kt,0.0,0.0,No 2019 secondary producer share; assigned zero,,0.0,0.0,No 2024 secondary production estimate; assigned zero share,0.0,0.0,,Existing values retained through 2024; 2025 extrapolated using a country-level OLS linear trend fitted over 2019-2024 and floored at zero; Zijie regional growth indexed to 2025 thereafter,0.0,0.0,0.0,0.0,0.0,0.0,0.0,0.0,0.0,0.0,0.0,0.0,0.0,0.0,0.0,0.0,0.0,0.0,0.0,0.0,0.0,0.0,0.0,0.0,0.0,0.0,0.0,0.0,0.0,0.0,0.0,0.0
Iran (Islamic Republic of),IR,IRN,MEA,Middle East,Secondary aluminium ingot production,kt,27.588455894342086,0.0586988423283874,OMNIA 2019 region total allocated using OMNIA primary-production shares; no secondary-country weights available,Iran,150.0,0.7894736842105263,Zijie 2024 regional total allocated using country shares from secondary_aluminium_production_estimates_2024.xlsx,104.27190043064101,653.2198584781881,0.92766509314729,Existing values retained through 2024; 2025 extrapolated using a country-level OLS linear trend fitted over 2019-2024 and floored at zero; Zijie regional growth indexed to 2025 thereafter,27.588455894342086,131.86035632498312,236.13225675562413,340.40415718626514,444.6760576169062,548.9479580475472,653.2198584781881,738.7868497455809,759.2527018706442,777.1535582082797,792.458383035657,805.7091729343687,817.8382918695578,831.0657153853566,846.9776972850062,865.9920017464922,889.0903698092304,916.4948179407627,947.8637136617573,982.4754845856905,1019.3722522126121,1057.5238170030618,1096.0790259737341,1134.2313447540175,1171.198358825338,1206.6473380873476,1240.4373539202406,1272.4573968108534,1302.842318469427,1331.7949359681982,1359.394586740986,1385.6324793899928
Saudi Arabia,SA,SAU,MEA,Middle East,Secondary aluminium ingot production,kt,60.54133376813958,0.1288113484428501,OMNIA 2019 region total allocated using OMNIA primary-production shares; no secondary-country weights available,Saudi Arabia,20.0,0.1052631578947368,Zijie 2024 regional total allocated using country shares from secondary_aluminium_production_estimates_2024.xlsx,2.5303454609733405,75.72340653397963,0.8065350440289767,Existing values retained through 2024; 2025 extrapolated using a country-level OLS linear trend fitted over 2019-2024 and floored at zero; Zijie regional growth indexed to 2025 thereafter,60.54133376813958,63.07167922911293,65.60202469008627,68.1323701510596,70.66271561203295,73.19306107300629,75.72340653397963,85.6426151764196,88.01508444601734,90.09021092015591,91.86439683519347,93.400472227534,94.80651981183135,96.33988649577977,98.18445606682064,100.38865713023036,103.06629635442829,106.24311062265627,109.87949676795319,113.89180773265647,118.16900307284753,122.59165865050424,127.06110599659443,131.48384897924652,135.76918751961395,139.87855044395224,143.79560084052895,147.50747011941172,151.02979073687672,154.3860739187596,157.58551672279899,160.6271000210845
United Arab Emirates,AE,ARE,MEA,Middle East,Secondary aluminium ingot production,kt,199.24995923691503,0.4239360834827979,OMNIA 2019 region total allocated using OMNIA primary-production shares; no secondary-country weights available,United Arab Emirates,5.0,0.0263157894736842,Zijie 2024 regional total allocated using country shares from secondary_aluminium_production_estimates_2024.xlsx,-36.1903387937327,-17.892073525481152,0.0,Existing values retained through 2024; 2025 extrapolated using a country-level OLS linear trend fitted over 2019-2024 and floored at zero; Zijie regional growth indexed to 2025 thereafter,199.24995923691503,163.05962044318233,126.86928164944965,90.67894285571695,54.48860406198426,18.298265268251573,0.0,0.0,0.0,0.0,0.0,0.0,0.0,0.0,0.0,0.0,0.0,0.0,0.0,0.0,0.0,0.0,0.0,0.0,0.0,0.0,0.0,0.0,0.0,0.0,0.0,0.0
Iraq,IQ,IRQ,MEA,Rest of World,Secondary aluminium ingot production,kt,0.0,0.0,No 2019 secondary producer share; assigned zero,,0.0,0.0,No 2024 secondary production estimate; assigned zero share,0.0,0.0,,Existing values retained through 2024; 2025 extrapolated using a country-level OLS linear trend fitted over 2019-2024 and floored at zero; Zijie regional growth indexed to 2025 thereafter,0.0,0.0,0.0,0.0,0.0,0.0,0.0,0.0,0.0,0.0,0.0,0.0,0.0,0.0,0.0,0.0,0.0,0.0,0.0,0.0,0.0,0.0,0.0,0.0,0.0,0.0,0.0,0.0,0.0,0.0,0.0,0.0
Qatar,QA,QAT,MEA,Middle East,Secondary aluminium ingot production,kt,48.049894015979135,0.1022338170552747,OMNIA 2019 region total allocated using OMNIA primary-production shares; no secondary-country weights available,Qatar,5.0,0.0263157894736842,Zijie 2024 regional total allocated using country shares from secondary_aluminium_production_estimates_2024.xlsx,-5.950325749545513,12.347939518706056,0.5260749033480301,Existing values retained through 2024; 2025 extrapolated using a country-level OLS linear trend fitted over 2019-2024 and floored at zero; Zijie regional growth indexed to 2025 thereafter,48.049894015979135,42.09956826643362,36.14924251688811,30.1989167673426,24.24859101779708,18.298265268251573,12.347939518706056,13.9654286676565,14.352298572113794,14.690681872194606,14.979991893713425,15.230474101381699,15.459753148984182,15.709793657461539,16.01058088486972,16.370011907110346,16.806644762216706,17.32467626980134,17.917648485976507,18.5719213903547,19.26938802303545,19.990574325720704,20.719390791297936,21.440591346796765,22.139385861408204,22.809484674611653,23.44822378583942,24.05350476110062,24.62787672798291,25.17517357626909,25.69689503659602,26.192874923495093
Kuwait,KW,KWT,MEA,Rest of World,Secondary aluminium ingot production,kt,0.0,0.0,No 2019 secondary producer share; assigned zero,,0.0,0.0,No 2024 secondary production estimate; assigned zero share,0.0,0.0,,Existing values retained through 2024; 2025 extrapolated using a country-level OLS linear trend fitted over 2019-2024 and floored at zero; Zijie regional growth indexed to 2025 thereafter,0.0,0.0,0.0,0.0,0.0,0.0,0.0,0.0,0.0,0.0,0.0,0.0,0.0,0.0,0.0,0.0,0.0,0.0,0.0,0.0,0.0,0.0,0.0,0.0,0.0,0.0,0.0,0.0,0.0,0.0,0.0,0.0
Oman,OM,OMN,MEA,Middle East,Secondary aluminium ingot production,kt,29.96412848524377,0.0637534648622207,OMNIA 2019 region total allocated using OMNIA primary-production shares; no secondary-country weights available,Oman,5.0,0.0263157894736842,Zijie 2024 regional total allocated using country shares from secondary_aluminium_production_estimates_2024.xlsx,-2.333172643398439,15.965092624853131,0.6801810574823803,Existing values retained through 2024; 2025 extrapolated using a country-level OLS linear trend fitted over 2019-2024 and floored at zero; Zijie regional growth indexed to 2025 thereafter,29.96412848524377,27.63095584184533,25.29778319844689,22.96461055504845,20.63143791165001,18.298265268251573,15.965092624853131,18.05640219464561,18.556600130428503,18.994108001301175,19.368167275226924,19.692024679957775,19.988467760713593,20.311754076763247,20.700652640662884,21.165373864282753,21.72991209871991,22.39969356214966,23.166368547952715,24.012301385937988,24.914080940059055,25.84652850385729,26.788841378149527,27.721307369920183,28.624803790080815,29.491198511596128,30.317047152854798,31.099636573500025,31.842262631758835,32.54988230084955,33.2244346361501,33.86570477052453
Bahrain,BH,BHR,MEA,Middle East,Secondary aluminium ingot production,kt,104.6062285993804,0.2225664438284689,OMNIA 2019 region total allocated using OMNIA primary-production shares; no secondary-country weights available,Bahrain,5.0,0.0263157894736842,Zijie 2024 regional total allocated using country shares from secondary_aluminium_production_estimates_2024.xlsx,-17.261592666225763,1.036672602025817,0.044166675588918965,Existing values retained through 2024; 2025 extrapolated using a country-level OLS linear trend fitted over 2019-2024 and floored at zero; Zijie regional growth indexed to 2025 thereafter,104.6062285993804,87.34463593315463,70.08304326692887,52.8214506007031,35.559857934477336,18.298265268251573,1.036672602025817,1.1724690790210894,1.2049487838246038,1.233357790496967,1.2576468447432814,1.2786761056650138,1.2979252529829117,1.318917431001147,1.3441700553131621,1.3743461257830987,1.4110036845075606,1.4544950759324675,1.5042781226780464,1.5592076753527426,1.617763562173535,1.6783108364631036,1.7394987019061297,1.8000471727922083,1.8587145420845645,1.9149727606517728,1.968598172037132,2.0194146019872603,2.067636062785357,2.1135844290641073,2.157385610871848,2.199025656089531
Yemen,YE,YEM,MEA,Rest of World,Secondary aluminium ingot production,kt,0.0,0.0,No 2019 secondary producer share; assigned zero,,0.0,0.0,No 2024 secondary production estimate; assigned zero share,0.0,0.0,,Existing values retained through 2024; 2025 extrapolated using a country-level OLS linear trend fitted over 2019-2024 and floored at zero; Zijie regional growth indexed to 2025 thereafter,0.0,0.0,0.0,0.0,0.0,0.0,0.0,0.0,0.0,0.0,0.0,0.0,0.0,0.0,0.0,0.0,0.0,0.0,0.0,0.0,0.0,0.0,0.0,0.0,0.0,0.0,0.0,0.0,0.0,0.0,0.0,0.0
Turkey,TR,TUR,MDA,Europe,Secondary aluminium ingot production,kt,630.0,0.1017770597738287,OMNIA 2019 region total allocated using OMNIA primary-production shares; no secondary-country weights available,Turkey,370.0,0.0587833436601369,Zijie 2024 regional total allocated using country shares from secondary_aluminium_production_estimates_2024.xlsx,-6.268403893406373,592.3895766395618,1.0938199871622991,Existing values retained through 2024; 2025 extrapolated using a country-level OLS linear trend fitted over 2019-2024 and floored at zero; Zijie regional growth indexed to 2025 thereafter,630.0,623.7315961065937,617.4631922131873,611.1947883197809,604.9263844263745,598.6579805329682,592.3895766395618,580.6455333221471,584.351759890533,588.6007706457143,594.6617370287803,601.9290624244339,610.3773971931311,619.7714157589376,629.8276047365846,640.1606747810539,650.2867422613215,659.8313735888836,668.5178942886972,676.207734525508,682.7764765689658,688.1643687799996,692.4472782708441,695.705936330988,697.936374479599,699.1450522739151,699.522049550802,699.268410232633,698.5634788939658,697.5456693037157,689.3849822267306,681.8536069007032
Israel,IL,ISR,MDA,Rest of World,Secondary aluminium ingot production,kt,0.0,0.0,No 2019 secondary producer share; assigned zero,,0.0,0.0,No 2024 secondary production estimate; assigned zero share,0.0,0.0,,Existing values retained through 2024; 2025 extrapolated using a country-level OLS linear trend fitted over 2019-2024 and floored at zero; Zijie regional growth indexed to 2025 thereafter,0.0,0.0,0.0,0.0,0.0,0.0,0.0,0.0,0.0,0.0,0.0,0.0,0.0,0.0,0.0,0.0,0.0,0.0,0.0,0.0,0.0,0.0,0.0,0.0,0.0,0.0,0.0,0.0,0.0,0.0,0.0,0.0
Syrian Arab Republic,SY,SYR,MDA,Rest of World,Secondary aluminium ingot production,kt,0.0,0.0,No 2019 secondary producer share; assigned zero,,0.0,0.0,No 2024 secondary production estimate; assigned zero share,0.0,0.0,,Existing values retained through 2024; 2025 extrapolated using a country-level OLS linear trend fitted over 2019-2024 and floored at zero; Zijie regional growth indexed to 2025 thereafter,0.0,0.0,0.0,0.0,0.0,0.0,0.0,0.0,0.0,0.0,0.0,0.0,0.0,0.0,0.0,0.0,0.0,0.0,0.0,0.0,0.0,0.0,0.0,0.0,0.0,0.0,0.0,0.0,0.0,0.0,0.0,0.0
Jordan,JO,JOR,MDA,Rest of World,Secondary aluminium ingot production,kt,0.0,0.0,No 2019 secondary producer share; assigned zero,,0.0,0.0,No 2024 secondary production estimate; assigned zero share,0.0,0.0,,Existing values retained through 2024; 2025 extrapolated using a country-level OLS linear trend fitted over 2019-2024 and floored at zero; Zijie regional growth indexed to 2025 thereafter,0.0,0.0,0.0,0.0,0.0,0.0,0.0,0.0,0.0,0.0,0.0,0.0,0.0,0.0,0.0,0.0,0.0,0.0,0.0,0.0,0.0,0.0,0.0,0.0,0.0,0.0,0.0,0.0,0.0,0.0,0.0,0.0
Lebanon,LB,LBN,MDA,Rest of World,Secondary aluminium ingot production,kt,0.0,0.0,No 2019 secondary producer share; assigned zero,,0.0,0.0,No 2024 secondary production estimate; assigned zero share,0.0,0.0,,Existing values retained through 2024; 2025 extrapolated using a country-level OLS linear trend fitted over 2019-2024 and floored at zero; Zijie regional growth indexed to 2025 thereafter,0.0,0.0,0.0,0.0,0.0,0.0,0.0,0.0,0.0,0.0,0.0,0.0,0.0,0.0,0.0,0.0,0.0,0.0,0.0,0.0,0.0,0.0,0.0,0.0,0.0,0.0,0.0,0.0,0.0,0.0,0.0,0.0
State of Palestine,PS,PSE,MDA,Rest of World,Secondary aluminium ingot production,kt,0.0,0.0,No 2019 secondary producer share; assigned zero,,0.0,0.0,No 2024 secondary production estimate; assigned zero share,0.0,0.0,,Existing values retained through 2024; 2025 extrapolated using a country-level OLS linear trend fitted over 2019-2024 and floored at zero; Zijie regional growth indexed to 2025 thereafter,0.0,0.0,0.0,0.0,0.0,0.0,0.0,0.0,0.0,0.0,0.0,0.0,0.0,0.0,0.0,0.0,0.0,0.0,0.0,0.0,0.0,0.0,0.0,0.0,0.0,0.0,0.0,0.0,0.0,0.0,0.0,0.0
