Country,ISO2,ISO3,OMNIARegion,ZijieRegion,Metric,Unit,Scrap2019_kt,ShareWeight2019,RegionShare2019,AllocationMethod2019,SecondaryEstimate2024Country,SecondaryEstimate2024_kt,RegionShare2024,AllocationMethod2024,Trend2019_2024Slope_kt_per_year,Trend2025Unclipped_kt,AlignmentFactor_vs_old_2025,BoundaryAlignmentMethod,2019,2020,2021,2022,2023,2024,2025,2026,2027,2028,2029,2030,2031,2032,2033,2034,2035,2036,2037,2038,2039,2040,2041,2042,2043,2044,2045,2046,2047,2048,2049,2050
Ethiopia,ET,ETH,AFE,Rest of World,Aluminium scrap,kt,0.0,0.0,0.0,No 2019 secondary producer share; assigned zero,,0.0,0.0,No 2024 secondary production estimate; assigned zero share,0.0,0.0,,Existing values retained through 2024; 2025 extrapolated using a country-level OLS linear trend fitted over 2019-2024 and floored at zero; Zijie regional growth indexed to 2025 thereafter,0.0,0.0,0.0,0.0,0.0,0.0,0.0,0.0,0.0,0.0,0.0,0.0,0.0,0.0,0.0,0.0,0.0,0.0,0.0,0.0,0.0,0.0,0.0,0.0,0.0,0.0,0.0,0.0,0.0,0.0,0.0,0.0
Kenya,KE,KEN,AFE,Rest of World,Aluminium scrap,kt,0.0,0.0,0.0,No 2019 secondary producer share; assigned zero,,0.0,0.0,No 2024 secondary production estimate; assigned zero share,0.0,0.0,,Existing values retained through 2024; 2025 extrapolated using a country-level OLS linear trend fitted over 2019-2024 and floored at zero; Zijie regional growth indexed to 2025 thereafter,0.0,0.0,0.0,0.0,0.0,0.0,0.0,0.0,0.0,0.0,0.0,0.0,0.0,0.0,0.0,0.0,0.0,0.0,0.0,0.0,0.0,0.0,0.0,0.0,0.0,0.0,0.0,0.0,0.0,0.0,0.0,0.0
Sudan,SD,SDN,AFE,Rest of World,Aluminium scrap,kt,0.0,0.0,0.0,No 2019 secondary producer share; assigned zero,,0.0,0.0,No 2024 secondary production estimate; assigned zero share,0.0,0.0,,Existing values retained through 2024; 2025 extrapolated using a country-level OLS linear trend fitted over 2019-2024 and floored at zero; Zijie regional growth indexed to 2025 thereafter,0.0,0.0,0.0,0.0,0.0,0.0,0.0,0.0,0.0,0.0,0.0,0.0,0.0,0.0,0.0,0.0,0.0,0.0,0.0,0.0,0.0,0.0,0.0,0.0,0.0,0.0,0.0,0.0,0.0,0.0,0.0,0.0
Mauritius,MU,MUS,AFE,Rest of World,Aluminium scrap,kt,0.0,0.0,0.0,No 2019 secondary producer share; assigned zero,,0.0,0.0,No 2024 secondary production estimate; assigned zero share,0.0,0.0,,Existing values retained through 2024; 2025 extrapolated using a country-level OLS linear trend fitted over 2019-2024 and floored at zero; Zijie regional growth indexed to 2025 thereafter,0.0,0.0,0.0,0.0,0.0,0.0,0.0,0.0,0.0,0.0,0.0,0.0,0.0,0.0,0.0,0.0,0.0,0.0,0.0,0.0,0.0,0.0,0.0,0.0,0.0,0.0,0.0,0.0,0.0,0.0,0.0,0.0
Eritrea,ER,ERI,AFE,Rest of World,Aluminium scrap,kt,0.0,0.0,0.0,No 2019 secondary producer share; assigned zero,,0.0,0.0,No 2024 secondary production estimate; assigned zero share,0.0,0.0,,Existing values retained through 2024; 2025 extrapolated using a country-level OLS linear trend fitted over 2019-2024 and floored at zero; Zijie regional growth indexed to 2025 thereafter,0.0,0.0,0.0,0.0,0.0,0.0,0.0,0.0,0.0,0.0,0.0,0.0,0.0,0.0,0.0,0.0,0.0,0.0,0.0,0.0,0.0,0.0,0.0,0.0,0.0,0.0,0.0,0.0,0.0,0.0,0.0,0.0
South Sudan,SS,SSD,AFE,Rest of World,Aluminium scrap,kt,0.0,0.0,0.0,No 2019 secondary producer share; assigned zero,,0.0,0.0,No 2024 secondary production estimate; assigned zero share,0.0,0.0,,Existing values retained through 2024; 2025 extrapolated using a country-level OLS linear trend fitted over 2019-2024 and floored at zero; Zijie regional growth indexed to 2025 thereafter,0.0,0.0,0.0,0.0,0.0,0.0,0.0,0.0,0.0,0.0,0.0,0.0,0.0,0.0,0.0,0.0,0.0,0.0,0.0,0.0,0.0,0.0,0.0,0.0,0.0,0.0,0.0,0.0,0.0,0.0,0.0,0.0
Burundi,BI,BDI,AFE,Rest of World,Aluminium scrap,kt,0.0,0.0,0.0,No 2019 secondary producer share; assigned zero,,0.0,0.0,No 2024 secondary production estimate; assigned zero share,0.0,0.0,,Existing values retained through 2024; 2025 extrapolated using a country-level OLS linear trend fitted over 2019-2024 and floored at zero; Zijie regional growth indexed to 2025 thereafter,0.0,0.0,0.0,0.0,0.0,0.0,0.0,0.0,0.0,0.0,0.0,0.0,0.0,0.0,0.0,0.0,0.0,0.0,0.0,0.0,0.0,0.0,0.0,0.0,0.0,0.0,0.0,0.0,0.0,0.0,0.0,0.0
Comoros,KM,COM,AFE,Rest of World,Aluminium scrap,kt,0.0,0.0,0.0,No 2019 secondary producer share; assigned zero,,0.0,0.0,No 2024 secondary production estimate; assigned zero share,0.0,0.0,,Existing values retained through 2024; 2025 extrapolated using a country-level OLS linear trend fitted over 2019-2024 and floored at zero; Zijie regional growth indexed to 2025 thereafter,0.0,0.0,0.0,0.0,0.0,0.0,0.0,0.0,0.0,0.0,0.0,0.0,0.0,0.0,0.0,0.0,0.0,0.0,0.0,0.0,0.0,0.0,0.0,0.0,0.0,0.0,0.0,0.0,0.0,0.0,0.0,0.0
Djibouti,DJ,DJI,AFE,Rest of World,Aluminium scrap,kt,0.0,0.0,0.0,No 2019 secondary producer share; assigned zero,,0.0,0.0,No 2024 secondary production estimate; assigned zero share,0.0,0.0,,Existing values retained through 2024; 2025 extrapolated using a country-level OLS linear trend fitted over 2019-2024 and floored at zero; Zijie regional growth indexed to 2025 thereafter,0.0,0.0,0.0,0.0,0.0,0.0,0.0,0.0,0.0,0.0,0.0,0.0,0.0,0.0,0.0,0.0,0.0,0.0,0.0,0.0,0.0,0.0,0.0,0.0,0.0,0.0,0.0,0.0,0.0,0.0,0.0,0.0
Madagascar,MG,MDG,AFE,Rest of World,Aluminium scrap,kt,0.0,0.0,0.0,No 2019 secondary producer share; assigned zero,,0.0,0.0,No 2024 secondary production estimate; assigned zero share,0.0,0.0,,Existing values retained through 2024; 2025 extrapolated using a country-level OLS linear trend fitted over 2019-2024 and floored at zero; Zijie regional growth indexed to 2025 thereafter,0.0,0.0,0.0,0.0,0.0,0.0,0.0,0.0,0.0,0.0,0.0,0.0,0.0,0.0,0.0,0.0,0.0,0.0,0.0,0.0,0.0,0.0,0.0,0.0,0.0,0.0,0.0,0.0,0.0,0.0,0.0,0.0
Reunion,RE,REU,AFE,Rest of World,Aluminium scrap,kt,0.0,0.0,0.0,No 2019 secondary producer share; assigned zero,,0.0,0.0,No 2024 secondary production estimate; assigned zero share,0.0,0.0,,Existing values retained through 2024; 2025 extrapolated using a country-level OLS linear trend fitted over 2019-2024 and floored at zero; Zijie regional growth indexed to 2025 thereafter,0.0,0.0,0.0,0.0,0.0,0.0,0.0,0.0,0.0,0.0,0.0,0.0,0.0,0.0,0.0,0.0,0.0,0.0,0.0,0.0,0.0,0.0,0.0,0.0,0.0,0.0,0.0,0.0,0.0,0.0,0.0,0.0
Rwanda,RW,RWA,AFE,Rest of World,Aluminium scrap,kt,0.0,0.0,0.0,No 2019 secondary producer share; assigned zero,,0.0,0.0,No 2024 secondary production estimate; assigned zero share,0.0,0.0,,Existing values retained through 2024; 2025 extrapolated using a country-level OLS linear trend fitted over 2019-2024 and floored at zero; Zijie regional growth indexed to 2025 thereafter,0.0,0.0,0.0,0.0,0.0,0.0,0.0,0.0,0.0,0.0,0.0,0.0,0.0,0.0,0.0,0.0,0.0,0.0,0.0,0.0,0.0,0.0,0.0,0.0,0.0,0.0,0.0,0.0,0.0,0.0,0.0,0.0
Somalia,SO,SOM,AFE,Rest of World,Aluminium scrap,kt,0.0,0.0,0.0,No 2019 secondary producer share; assigned zero,,0.0,0.0,No 2024 secondary production estimate; assigned zero share,0.0,0.0,,Existing values retained through 2024; 2025 extrapolated using a country-level OLS linear trend fitted over 2019-2024 and floored at zero; Zijie regional growth indexed to 2025 thereafter,0.0,0.0,0.0,0.0,0.0,0.0,0.0,0.0,0.0,0.0,0.0,0.0,0.0,0.0,0.0,0.0,0.0,0.0,0.0,0.0,0.0,0.0,0.0,0.0,0.0,0.0,0.0,0.0,0.0,0.0,0.0,0.0
Uganda,UG,UGA,AFE,Rest of World,Aluminium scrap,kt,0.0,0.0,0.0,No 2019 secondary producer share; assigned zero,,0.0,0.0,No 2024 secondary production estimate; assigned zero share,0.0,0.0,,Existing values retained through 2024; 2025 extrapolated using a country-level OLS linear trend fitted over 2019-2024 and floored at zero; Zijie regional growth indexed to 2025 thereafter,0.0,0.0,0.0,0.0,0.0,0.0,0.0,0.0,0.0,0.0,0.0,0.0,0.0,0.0,0.0,0.0,0.0,0.0,0.0,0.0,0.0,0.0,0.0,0.0,0.0,0.0,0.0,0.0,0.0,0.0,0.0,0.0
Seychelles,SC,SYC,AFE,Rest of World,Aluminium scrap,kt,0.0,0.0,0.0,No 2019 secondary producer share; assigned zero,,0.0,0.0,No 2024 secondary production estimate; assigned zero share,0.0,0.0,,Existing values retained through 2024; 2025 extrapolated using a country-level OLS linear trend fitted over 2019-2024 and floored at zero; Zijie regional growth indexed to 2025 thereafter,0.0,0.0,0.0,0.0,0.0,0.0,0.0,0.0,0.0,0.0,0.0,0.0,0.0,0.0,0.0,0.0,0.0,0.0,0.0,0.0,0.0,0.0,0.0,0.0,0.0,0.0,0.0,0.0,0.0,0.0,0.0,0.0
United Republic of Tanzania,TZ,TZA,AFE,Other main producer,Aluminium scrap,kt,0.0,0.0,0.0,No 2019 secondary producer share; assigned zero,,0.0,0.0,No 2024 secondary production estimate; assigned zero share,0.0,0.0,,Existing values retained through 2024; 2025 extrapolated using a country-level OLS linear trend fitted over 2019-2024 and floored at zero; Zijie regional growth indexed to 2025 thereafter,0.0,0.0,0.0,0.0,0.0,0.0,0.0,0.0,0.0,0.0,0.0,0.0,0.0,0.0,0.0,0.0,0.0,0.0,0.0,0.0,0.0,0.0,0.0,0.0,0.0,0.0,0.0,0.0,0.0,0.0,0.0,0.0
Egypt,EG,EGY,AFN,Other main producer,Aluminium scrap,kt,57.26436323783123,40.0,0.0312067227564295,Scrap allocated using OMNIA-controlled 2019 secondary country share,Egypt,80.0,0.1286173633440514,Zijie 2024 regional total allocated using country shares from secondary_aluminium_production_estimates_2024.xlsx,44.802610193487304,326.0800243987551,1.0174582955753586,Existing values retained through 2024; 2025 extrapolated using a country-level OLS linear trend fitted over 2019-2024 and floored at zero; Zijie regional growth indexed to 2025 thereafter,57.26436323783123,102.06697343131854,146.86958362480584,191.67219381829312,236.4748040117805,281.27741420526775,326.0800243987551,329.92932737519106,333.68440442302995,336.4599708905156,338.97005692554376,341.4536559621845,344.209771646564,347.55237975272195,351.5660510107466,356.27229456904354,361.5905978965298,367.30512659813587,373.2176596082217,379.2773276846468,385.47647322232035,391.838977468678,398.4082481895047,405.1160210277897,411.94548526764424,418.92710001320256,426.0328729356102,433.2268314140091,440.40792099837745,447.5361738918414,454.654717125083,461.9217344278869
Algeria,DZ,DZA,AFN,Rest of World,Aluminium scrap,kt,0.0,0.0,0.0,No 2019 secondary producer share; assigned zero,,0.0,0.0,No 2024 secondary production estimate; assigned zero share,0.0,0.0,,Existing values retained through 2024; 2025 extrapolated using a country-level OLS linear trend fitted over 2019-2024 and floored at zero; Zijie regional growth indexed to 2025 thereafter,0.0,0.0,0.0,0.0,0.0,0.0,0.0,0.0,0.0,0.0,0.0,0.0,0.0,0.0,0.0,0.0,0.0,0.0,0.0,0.0,0.0,0.0,0.0,0.0,0.0,0.0,0.0,0.0,0.0,0.0,0.0,0.0
Morocco,MA,MAR,AFN,Rest of World,Aluminium scrap,kt,0.0,0.0,0.0,No 2019 secondary producer share; assigned zero,,0.0,0.0,No 2024 secondary production estimate; assigned zero share,0.0,0.0,,Existing values retained through 2024; 2025 extrapolated using a country-level OLS linear trend fitted over 2019-2024 and floored at zero; Zijie regional growth indexed to 2025 thereafter,0.0,0.0,0.0,0.0,0.0,0.0,0.0,0.0,0.0,0.0,0.0,0.0,0.0,0.0,0.0,0.0,0.0,0.0,0.0,0.0,0.0,0.0,0.0,0.0,0.0,0.0,0.0,0.0,0.0,0.0,0.0,0.0
Libya,LY,LBY,AFN,Rest of World,Aluminium scrap,kt,0.0,0.0,0.0,No 2019 secondary producer share; assigned zero,,0.0,0.0,No 2024 secondary production estimate; assigned zero share,0.0,0.0,,Existing values retained through 2024; 2025 extrapolated using a country-level OLS linear trend fitted over 2019-2024 and floored at zero; Zijie regional growth indexed to 2025 thereafter,0.0,0.0,0.0,0.0,0.0,0.0,0.0,0.0,0.0,0.0,0.0,0.0,0.0,0.0,0.0,0.0,0.0,0.0,0.0,0.0,0.0,0.0,0.0,0.0,0.0,0.0,0.0,0.0,0.0,0.0,0.0,0.0
Tunisia,TN,TUN,AFN,Rest of World,Aluminium scrap,kt,0.0,0.0,0.0,No 2019 secondary producer share; assigned zero,,0.0,0.0,No 2024 secondary production estimate; assigned zero share,0.0,0.0,,Existing values retained through 2024; 2025 extrapolated using a country-level OLS linear trend fitted over 2019-2024 and floored at zero; Zijie regional growth indexed to 2025 thereafter,0.0,0.0,0.0,0.0,0.0,0.0,0.0,0.0,0.0,0.0,0.0,0.0,0.0,0.0,0.0,0.0,0.0,0.0,0.0,0.0,0.0,0.0,0.0,0.0,0.0,0.0,0.0,0.0,0.0,0.0,0.0,0.0
Democratic Republic of the Congo,CD,COD,AFW,Rest of World,Aluminium scrap,kt,0.0,0.0,0.0,No 2019 secondary producer share; assigned zero,,0.0,0.0,No 2024 secondary production estimate; assigned zero share,0.0,0.0,,Existing values retained through 2024; 2025 extrapolated using a country-level OLS linear trend fitted over 2019-2024 and floored at zero; Zijie regional growth indexed to 2025 thereafter,0.0,0.0,0.0,0.0,0.0,0.0,0.0,0.0,0.0,0.0,0.0,0.0,0.0,0.0,0.0,0.0,0.0,0.0,0.0,0.0,0.0,0.0,0.0,0.0,0.0,0.0,0.0,0.0,0.0,0.0,0.0,0.0
Cote d'Ivoire,CI,CIV,AFW,Rest of World,Aluminium scrap,kt,0.0,0.0,0.0,No 2019 secondary producer share; assigned zero,,0.0,0.0,No 2024 secondary production estimate; assigned zero share,0.0,0.0,,Existing values retained through 2024; 2025 extrapolated using a country-level OLS linear trend fitted over 2019-2024 and floored at zero; Zijie regional growth indexed to 2025 thereafter,0.0,0.0,0.0,0.0,0.0,0.0,0.0,0.0,0.0,0.0,0.0,0.0,0.0,0.0,0.0,0.0,0.0,0.0,0.0,0.0,0.0,0.0,0.0,0.0,0.0,0.0,0.0,0.0,0.0,0.0,0.0,0.0
Ghana,GH,GHA,AFW,Rest of World,Aluminium scrap,kt,46.40435789651675,3.75,0.1328613821843777,Scrap allocated using OMNIA-controlled 2019 secondary country share,Ghana,2.0,0.3333333333333333,Zijie 2024 regional total allocated using country shares from secondary_aluminium_production_estimates_2024.xlsx,92.17636879261597,599.4625706522127,0.9849461191581113,Existing values retained through 2024; 2025 extrapolated using a country-level OLS linear trend fitted over 2019-2024 and floored at zero; Zijie regional growth indexed to 2025 thereafter,46.40435789651675,138.58072668913275,230.75709548174876,322.93346427436467,415.1098330669807,507.28620185959664,599.4625706522127,674.4946056560616,747.3982796161445,818.8498631714494,890.1212241038459,961.6246208234587,1033.2740167728537,1104.47543839654,1174.3026643065004,1241.7905144891056,1306.3627008370327,1368.326439698267,1428.9023000293737,1490.1746085678665,1554.8088611000076,1625.1555173172574,1702.6272476838737,1788.061338828059,1881.609743523631,1982.3309297910705,2088.8193761413636,2199.8584350650817,2314.1407140313813,2430.698879204508,2548.973706097846,2668.1991843064284
Cameroon,CM,CMR,AFW,Other main producer,Aluminium scrap,kt,8.94755675591113,6.25,0.0048760504306921,Scrap allocated using OMNIA-controlled 2019 secondary country share,Cameroon,2.0,0.0032154340836012,Zijie 2024 regional total allocated using country shares from secondary_aluminium_production_estimates_2024.xlsx,-0.383124280155887,6.648811074975807,0.8298439006094825,Existing values retained through 2024; 2025 extrapolated using a country-level OLS linear trend fitted over 2019-2024 and floored at zero; Zijie regional growth indexed to 2025 thereafter,8.94755675591113,8.564432475755243,8.181308195599355,7.7981839154434685,7.415059635287581,7.031935355131694,6.648811074975807,6.727298827507889,6.803865301977137,6.860459437427099,6.911640394799785,6.962281279076777,7.018478810710324,7.08663499364887,7.16847423529169,7.264435109772224,7.372875956858981,7.489395887172291,7.609953149246541,7.733510513091509,7.8599118392146545,7.9896440691351,8.123592292439126,8.260364590643668,8.399618191221693,8.541974158984738,8.686861726967107,8.833547409085442,8.979970692900444,9.125316630207335,9.270464586369755,9.418639946740306
Gabon,GA,GAB,AFW,Rest of World,Aluminium scrap,kt,0.0,0.0,0.0,No 2019 secondary producer share; assigned zero,,0.0,0.0,No 2024 secondary production estimate; assigned zero share,0.0,0.0,,Existing values retained through 2024; 2025 extrapolated using a country-level OLS linear trend fitted over 2019-2024 and floored at zero; Zijie regional growth indexed to 2025 thereafter,0.0,0.0,0.0,0.0,0.0,0.0,0.0,0.0,0.0,0.0,0.0,0.0,0.0,0.0,0.0,0.0,0.0,0.0,0.0,0.0,0.0,0.0,0.0,0.0,0.0,0.0,0.0,0.0,0.0,0.0,0.0,0.0
Benin,BJ,BEN,AFW,Rest of World,Aluminium scrap,kt,0.0,0.0,0.0,No 2019 secondary producer share; assigned zero,,0.0,0.0,No 2024 secondary production estimate; assigned zero share,0.0,0.0,,Existing values retained through 2024; 2025 extrapolated using a country-level OLS linear trend fitted over 2019-2024 and floored at zero; Zijie regional growth indexed to 2025 thereafter,0.0,0.0,0.0,0.0,0.0,0.0,0.0,0.0,0.0,0.0,0.0,0.0,0.0,0.0,0.0,0.0,0.0,0.0,0.0,0.0,0.0,0.0,0.0,0.0,0.0,0.0,0.0,0.0,0.0,0.0,0.0,0.0
Senegal,SN,SEN,AFW,Rest of World,Aluminium scrap,kt,0.0,0.0,0.0,No 2019 secondary producer share; assigned zero,,0.0,0.0,No 2024 secondary production estimate; assigned zero share,0.0,0.0,,Existing values retained through 2024; 2025 extrapolated using a country-level OLS linear trend fitted over 2019-2024 and floored at zero; Zijie regional growth indexed to 2025 thereafter,0.0,0.0,0.0,0.0,0.0,0.0,0.0,0.0,0.0,0.0,0.0,0.0,0.0,0.0,0.0,0.0,0.0,0.0,0.0,0.0,0.0,0.0,0.0,0.0,0.0,0.0,0.0,0.0,0.0,0.0,0.0,0.0
Togo,TG,TGO,AFW,Rest of World,Aluminium scrap,kt,0.0,0.0,0.0,No 2019 secondary producer share; assigned zero,,0.0,0.0,No 2024 secondary production estimate; assigned zero share,0.0,0.0,,Existing values retained through 2024; 2025 extrapolated using a country-level OLS linear trend fitted over 2019-2024 and floored at zero; Zijie regional growth indexed to 2025 thereafter,0.0,0.0,0.0,0.0,0.0,0.0,0.0,0.0,0.0,0.0,0.0,0.0,0.0,0.0,0.0,0.0,0.0,0.0,0.0,0.0,0.0,0.0,0.0,0.0,0.0,0.0,0.0,0.0,0.0,0.0,0.0,0.0
Niger,NE,NER,AFW,Rest of World,Aluminium scrap,kt,0.0,0.0,0.0,No 2019 secondary producer share; assigned zero,,0.0,0.0,No 2024 secondary production estimate; assigned zero share,0.0,0.0,,Existing values retained through 2024; 2025 extrapolated using a country-level OLS linear trend fitted over 2019-2024 and floored at zero; Zijie regional growth indexed to 2025 thereafter,0.0,0.0,0.0,0.0,0.0,0.0,0.0,0.0,0.0,0.0,0.0,0.0,0.0,0.0,0.0,0.0,0.0,0.0,0.0,0.0,0.0,0.0,0.0,0.0,0.0,0.0,0.0,0.0,0.0,0.0,0.0,0.0
Congo,CG,COG,AFW,Rest of World,Aluminium scrap,kt,0.0,0.0,0.0,No 2019 secondary producer share; assigned zero,,0.0,0.0,No 2024 secondary production estimate; assigned zero share,0.0,0.0,,Existing values retained through 2024; 2025 extrapolated using a country-level OLS linear trend fitted over 2019-2024 and floored at zero; Zijie regional growth indexed to 2025 thereafter,0.0,0.0,0.0,0.0,0.0,0.0,0.0,0.0,0.0,0.0,0.0,0.0,0.0,0.0,0.0,0.0,0.0,0.0,0.0,0.0,0.0,0.0,0.0,0.0,0.0,0.0,0.0,0.0,0.0,0.0,0.0,0.0
Burkina Faso,BF,BFA,AFW,Rest of World,Aluminium scrap,kt,0.0,0.0,0.0,No 2019 secondary producer share; assigned zero,,0.0,0.0,No 2024 secondary production estimate; assigned zero share,0.0,0.0,,Existing values retained through 2024; 2025 extrapolated using a country-level OLS linear trend fitted over 2019-2024 and floored at zero; Zijie regional growth indexed to 2025 thereafter,0.0,0.0,0.0,0.0,0.0,0.0,0.0,0.0,0.0,0.0,0.0,0.0,0.0,0.0,0.0,0.0,0.0,0.0,0.0,0.0,0.0,0.0,0.0,0.0,0.0,0.0,0.0,0.0,0.0,0.0,0.0,0.0
Cabo Verde,CV,CPV,AFW,Rest of World,Aluminium scrap,kt,0.0,0.0,0.0,No 2019 secondary producer share; assigned zero,,0.0,0.0,No 2024 secondary production estimate; assigned zero share,0.0,0.0,,Existing values retained through 2024; 2025 extrapolated using a country-level OLS linear trend fitted over 2019-2024 and floored at zero; Zijie regional growth indexed to 2025 thereafter,0.0,0.0,0.0,0.0,0.0,0.0,0.0,0.0,0.0,0.0,0.0,0.0,0.0,0.0,0.0,0.0,0.0,0.0,0.0,0.0,0.0,0.0,0.0,0.0,0.0,0.0,0.0,0.0,0.0,0.0,0.0,0.0
Central African Republic,CF,CAF,AFW,Rest of World,Aluminium scrap,kt,0.0,0.0,0.0,No 2019 secondary producer share; assigned zero,,0.0,0.0,No 2024 secondary production estimate; assigned zero share,0.0,0.0,,Existing values retained through 2024; 2025 extrapolated using a country-level OLS linear trend fitted over 2019-2024 and floored at zero; Zijie regional growth indexed to 2025 thereafter,0.0,0.0,0.0,0.0,0.0,0.0,0.0,0.0,0.0,0.0,0.0,0.0,0.0,0.0,0.0,0.0,0.0,0.0,0.0,0.0,0.0,0.0,0.0,0.0,0.0,0.0,0.0,0.0,0.0,0.0,0.0,0.0
Chad,TD,TCD,AFW,Rest of World,Aluminium scrap,kt,0.0,0.0,0.0,No 2019 secondary producer share; assigned zero,,0.0,0.0,No 2024 secondary production estimate; assigned zero share,0.0,0.0,,Existing values retained through 2024; 2025 extrapolated using a country-level OLS linear trend fitted over 2019-2024 and floored at zero; Zijie regional growth indexed to 2025 thereafter,0.0,0.0,0.0,0.0,0.0,0.0,0.0,0.0,0.0,0.0,0.0,0.0,0.0,0.0,0.0,0.0,0.0,0.0,0.0,0.0,0.0,0.0,0.0,0.0,0.0,0.0,0.0,0.0,0.0,0.0,0.0,0.0
Equatorial Guinea,GQ,GNQ,AFW,Rest of World,Aluminium scrap,kt,0.0,0.0,0.0,No 2019 secondary producer share; assigned zero,,0.0,0.0,No 2024 secondary production estimate; assigned zero share,0.0,0.0,,Existing values retained through 2024; 2025 extrapolated using a country-level OLS linear trend fitted over 2019-2024 and floored at zero; Zijie regional growth indexed to 2025 thereafter,0.0,0.0,0.0,0.0,0.0,0.0,0.0,0.0,0.0,0.0,0.0,0.0,0.0,0.0,0.0,0.0,0.0,0.0,0.0,0.0,0.0,0.0,0.0,0.0,0.0,0.0,0.0,0.0,0.0,0.0,0.0,0.0
Gambia,GM,GMB,AFW,Rest of World,Aluminium scrap,kt,0.0,0.0,0.0,No 2019 secondary producer share; assigned zero,,0.0,0.0,No 2024 secondary production estimate; assigned zero share,0.0,0.0,,Existing values retained through 2024; 2025 extrapolated using a country-level OLS linear trend fitted over 2019-2024 and floored at zero; Zijie regional growth indexed to 2025 thereafter,0.0,0.0,0.0,0.0,0.0,0.0,0.0,0.0,0.0,0.0,0.0,0.0,0.0,0.0,0.0,0.0,0.0,0.0,0.0,0.0,0.0,0.0,0.0,0.0,0.0,0.0,0.0,0.0,0.0,0.0,0.0,0.0
Guinea,GN,GIN,AFW,Other main producer,Aluminium scrap,kt,0.0,0.0,0.0,No 2019 secondary producer share; assigned zero,,0.0,0.0,No 2024 secondary production estimate; assigned zero share,0.0,0.0,,Existing values retained through 2024; 2025 extrapolated using a country-level OLS linear trend fitted over 2019-2024 and floored at zero; Zijie regional growth indexed to 2025 thereafter,0.0,0.0,0.0,0.0,0.0,0.0,0.0,0.0,0.0,0.0,0.0,0.0,0.0,0.0,0.0,0.0,0.0,0.0,0.0,0.0,0.0,0.0,0.0,0.0,0.0,0.0,0.0,0.0,0.0,0.0,0.0,0.0
Guinea-Bissau,GW,GNB,AFW,Rest of World,Aluminium scrap,kt,0.0,0.0,0.0,No 2019 secondary producer share; assigned zero,,0.0,0.0,No 2024 secondary production estimate; assigned zero share,0.0,0.0,,Existing values retained through 2024; 2025 extrapolated using a country-level OLS linear trend fitted over 2019-2024 and floored at zero; Zijie regional growth indexed to 2025 thereafter,0.0,0.0,0.0,0.0,0.0,0.0,0.0,0.0,0.0,0.0,0.0,0.0,0.0,0.0,0.0,0.0,0.0,0.0,0.0,0.0,0.0,0.0,0.0,0.0,0.0,0.0,0.0,0.0,0.0,0.0,0.0,0.0
Liberia,LR,LBR,AFW,Rest of World,Aluminium scrap,kt,0.0,0.0,0.0,No 2019 secondary producer share; assigned zero,,0.0,0.0,No 2024 secondary production estimate; assigned zero share,0.0,0.0,,Existing values retained through 2024; 2025 extrapolated using a country-level OLS linear trend fitted over 2019-2024 and floored at zero; Zijie regional growth indexed to 2025 thereafter,0.0,0.0,0.0,0.0,0.0,0.0,0.0,0.0,0.0,0.0,0.0,0.0,0.0,0.0,0.0,0.0,0.0,0.0,0.0,0.0,0.0,0.0,0.0,0.0,0.0,0.0,0.0,0.0,0.0,0.0,0.0,0.0
Malawi,MW,MWI,AFW,Rest of World,Aluminium scrap,kt,0.0,0.0,0.0,No 2019 secondary producer share; assigned zero,,0.0,0.0,No 2024 secondary production estimate; assigned zero share,0.0,0.0,,Existing values retained through 2024; 2025 extrapolated using a country-level OLS linear trend fitted over 2019-2024 and floored at zero; Zijie regional growth indexed to 2025 thereafter,0.0,0.0,0.0,0.0,0.0,0.0,0.0,0.0,0.0,0.0,0.0,0.0,0.0,0.0,0.0,0.0,0.0,0.0,0.0,0.0,0.0,0.0,0.0,0.0,0.0,0.0,0.0,0.0,0.0,0.0,0.0,0.0
Mali,ML,MLI,AFW,Rest of World,Aluminium scrap,kt,0.0,0.0,0.0,No 2019 secondary producer share; assigned zero,,0.0,0.0,No 2024 secondary production estimate; assigned zero share,0.0,0.0,,Existing values retained through 2024; 2025 extrapolated using a country-level OLS linear trend fitted over 2019-2024 and floored at zero; Zijie regional growth indexed to 2025 thereafter,0.0,0.0,0.0,0.0,0.0,0.0,0.0,0.0,0.0,0.0,0.0,0.0,0.0,0.0,0.0,0.0,0.0,0.0,0.0,0.0,0.0,0.0,0.0,0.0,0.0,0.0,0.0,0.0,0.0,0.0,0.0,0.0
Mauritania,MR,MRT,AFW,Rest of World,Aluminium scrap,kt,0.0,0.0,0.0,No 2019 secondary producer share; assigned zero,,0.0,0.0,No 2024 secondary production estimate; assigned zero share,0.0,0.0,,Existing values retained through 2024; 2025 extrapolated using a country-level OLS linear trend fitted over 2019-2024 and floored at zero; Zijie regional growth indexed to 2025 thereafter,0.0,0.0,0.0,0.0,0.0,0.0,0.0,0.0,0.0,0.0,0.0,0.0,0.0,0.0,0.0,0.0,0.0,0.0,0.0,0.0,0.0,0.0,0.0,0.0,0.0,0.0,0.0,0.0,0.0,0.0,0.0,0.0
Sao Tome and Principe,ST,STP,AFW,Rest of World,Aluminium scrap,kt,0.0,0.0,0.0,No 2019 secondary producer share; assigned zero,,0.0,0.0,No 2024 secondary production estimate; assigned zero share,0.0,0.0,,Existing values retained through 2024; 2025 extrapolated using a country-level OLS linear trend fitted over 2019-2024 and floored at zero; Zijie regional growth indexed to 2025 thereafter,0.0,0.0,0.0,0.0,0.0,0.0,0.0,0.0,0.0,0.0,0.0,0.0,0.0,0.0,0.0,0.0,0.0,0.0,0.0,0.0,0.0,0.0,0.0,0.0,0.0,0.0,0.0,0.0,0.0,0.0,0.0,0.0
Sierra Leone,SL,SLE,AFW,Other main producer,Aluminium scrap,kt,0.0,0.0,0.0,No 2019 secondary producer share; assigned zero,,0.0,0.0,No 2024 secondary production estimate; assigned zero share,0.0,0.0,,Existing values retained through 2024; 2025 extrapolated using a country-level OLS linear trend fitted over 2019-2024 and floored at zero; Zijie regional growth indexed to 2025 thereafter,0.0,0.0,0.0,0.0,0.0,0.0,0.0,0.0,0.0,0.0,0.0,0.0,0.0,0.0,0.0,0.0,0.0,0.0,0.0,0.0,0.0,0.0,0.0,0.0,0.0,0.0,0.0,0.0,0.0,0.0,0.0,0.0
Angola,AO,AGO,AFZ,Rest of World,Aluminium scrap,kt,0.0,0.0,0.0,No 2019 secondary producer share; assigned zero,,0.0,0.0,No 2024 secondary production estimate; assigned zero share,0.0,0.0,,Existing values retained through 2024; 2025 extrapolated using a country-level OLS linear trend fitted over 2019-2024 and floored at zero; Zijie regional growth indexed to 2025 thereafter,0.0,0.0,0.0,0.0,0.0,0.0,0.0,0.0,0.0,0.0,0.0,0.0,0.0,0.0,0.0,0.0,0.0,0.0,0.0,0.0,0.0,0.0,0.0,0.0,0.0,0.0,0.0,0.0,0.0,0.0,0.0,0.0
Mozambique,MZ,MOZ,AFZ,Rest of World,Aluminium scrap,kt,272.6829143165051,22.03588143525741,0.7807247107038319,Scrap allocated using OMNIA-controlled 2019 secondary country share,Mozambique,2.0,0.3333333333333333,Zijie 2024 regional total allocated using country shares from secondary_aluminium_production_estimates_2024.xlsx,46.9206575086183,554.2068593682149,0.9105887874728038,Existing values retained through 2024; 2025 extrapolated using a country-level OLS linear trend fitted over 2019-2024 and floored at zero; Zijie regional growth indexed to 2025 thereafter,272.6829143165051,319.6035718251234,366.52422933374174,413.44488684236,460.3655443509783,507.28620185959664,554.2068593682149,623.5744404437884,690.9743385522937,757.0317700879903,822.9225846925902,889.0279178195967,955.2682281387899,1021.0943834193151,1085.6500862513533,1148.0430217344158,1207.7404079440141,1265.0262682966202,1321.0290263522306,1377.6756550890552,1437.4304218703694,1502.4663412386133,1574.0894357874358,1653.073782190385,1739.5598617279823,1832.6772222537381,1931.126450445895,2033.7827481466209,2139.4374228637525,2247.1961684749062,2356.5419784786227,2466.766671511187
Zimbabwe,ZW,ZWE,AFZ,Other main producer,Aluminium scrap,kt,0.0,0.0,0.0,No 2019 secondary producer share; assigned zero,,0.0,0.0,No 2024 secondary production estimate; assigned zero share,0.0,0.0,,Existing values retained through 2024; 2025 extrapolated using a country-level OLS linear trend fitted over 2019-2024 and floored at zero; Zijie regional growth indexed to 2025 thereafter,0.0,0.0,0.0,0.0,0.0,0.0,0.0,0.0,0.0,0.0,0.0,0.0,0.0,0.0,0.0,0.0,0.0,0.0,0.0,0.0,0.0,0.0,0.0,0.0,0.0,0.0,0.0,0.0,0.0,0.0,0.0,0.0
Zambia,ZM,ZMB,AFZ,Rest of World,Aluminium scrap,kt,0.0,0.0,0.0,No 2019 secondary producer share; assigned zero,,0.0,0.0,No 2024 secondary production estimate; assigned zero share,0.0,0.0,,Existing values retained through 2024; 2025 extrapolated using a country-level OLS linear trend fitted over 2019-2024 and floored at zero; Zijie regional growth indexed to 2025 thereafter,0.0,0.0,0.0,0.0,0.0,0.0,0.0,0.0,0.0,0.0,0.0,0.0,0.0,0.0,0.0,0.0,0.0,0.0,0.0,0.0,0.0,0.0,0.0,0.0,0.0,0.0,0.0,0.0,0.0,0.0,0.0,0.0
Botswana,BW,BWA,AFZ,Rest of World,Aluminium scrap,kt,0.0,0.0,0.0,No 2019 secondary producer share; assigned zero,,0.0,0.0,No 2024 secondary production estimate; assigned zero share,0.0,0.0,,Existing values retained through 2024; 2025 extrapolated using a country-level OLS linear trend fitted over 2019-2024 and floored at zero; Zijie regional growth indexed to 2025 thereafter,0.0,0.0,0.0,0.0,0.0,0.0,0.0,0.0,0.0,0.0,0.0,0.0,0.0,0.0,0.0,0.0,0.0,0.0,0.0,0.0,0.0,0.0,0.0,0.0,0.0,0.0,0.0,0.0,0.0,0.0,0.0,0.0
Namibia,,NAM,AFZ,Rest of World,Aluminium scrap,kt,0.0,0.0,0.0,No 2019 secondary producer share; assigned zero,,0.0,0.0,No 2024 secondary production estimate; assigned zero share,0.0,0.0,,Existing values retained through 2024; 2025 extrapolated using a country-level OLS linear trend fitted over 2019-2024 and floored at zero; Zijie regional growth indexed to 2025 thereafter,0.0,0.0,0.0,0.0,0.0,0.0,0.0,0.0,0.0,0.0,0.0,0.0,0.0,0.0,0.0,0.0,0.0,0.0,0.0,0.0,0.0,0.0,0.0,0.0,0.0,0.0,0.0,0.0,0.0,0.0,0.0,0.0
South Africa,ZA,ZAF,AFZ,Other main producer,Aluminium scrap,kt,40.03368607792999,27.96411856474259,0.0218167123794461,Scrap allocated using OMNIA-controlled 2019 secondary country share,South Africa,180.0,0.2893890675241157,Zijie 2024 regional total allocated using country shares from secondary_aluminium_production_estimates_2024.xlsx,118.56809917678449,751.4422811386369,1.0420907280867886,Existing values retained through 2024; 2025 extrapolated using a country-level OLS linear trend fitted over 2019-2024 and floored at zero; Zijie regional growth indexed to 2025 thereafter,40.03368607792999,158.60178525471446,277.16988443149893,395.7379836082834,514.3060827850679,632.8741819618524,751.4422811386369,760.3128920101252,768.9663618688885,775.3625770360856,781.1469999840833,786.8703843863268,793.2217757687667,800.9247225066886,810.1741154783426,821.0195219136539,833.2754029402892,846.4443742413827,860.0696409243035,874.0339762456341,888.3197334689692,902.9819462599944,918.1206465988985,933.5785211873668,949.3168302015839,965.4057657937192,981.7808204261291,998.3590962018143,1014.9077159717264,1031.334575067662,1047.7390585236303,1064.4856963134237
Eswatini,SZ,SWZ,AFZ,Rest of World,Aluminium scrap,kt,0.0,0.0,0.0,No 2019 secondary producer share; assigned zero,,0.0,0.0,No 2024 secondary production estimate; assigned zero share,0.0,0.0,,Existing values retained through 2024; 2025 extrapolated using a country-level OLS linear trend fitted over 2019-2024 and floored at zero; Zijie regional growth indexed to 2025 thereafter,0.0,0.0,0.0,0.0,0.0,0.0,0.0,0.0,0.0,0.0,0.0,0.0,0.0,0.0,0.0,0.0,0.0,0.0,0.0,0.0,0.0,0.0,0.0,0.0,0.0,0.0,0.0,0.0,0.0,0.0,0.0,0.0
Lesotho,LS,LSO,AFZ,Rest of World,Aluminium scrap,kt,0.0,0.0,0.0,No 2019 secondary producer share; assigned zero,,0.0,0.0,No 2024 secondary production estimate; assigned zero share,0.0,0.0,,Existing values retained through 2024; 2025 extrapolated using a country-level OLS linear trend fitted over 2019-2024 and floored at zero; Zijie regional growth indexed to 2025 thereafter,0.0,0.0,0.0,0.0,0.0,0.0,0.0,0.0,0.0,0.0,0.0,0.0,0.0,0.0,0.0,0.0,0.0,0.0,0.0,0.0,0.0,0.0,0.0,0.0,0.0,0.0,0.0,0.0,0.0,0.0,0.0,0.0
Nigeria,NG,NGA,NIG,Rest of World,Aluminium scrap,kt,0.0,0.0,0.0,No 2019 secondary producer share; assigned zero,,0.0,0.0,No 2024 secondary production estimate; assigned zero share,0.0,0.0,,Existing values retained through 2024; 2025 extrapolated using a country-level OLS linear trend fitted over 2019-2024 and floored at zero; Zijie regional growth indexed to 2025 thereafter,0.0,0.0,0.0,0.0,0.0,0.0,0.0,0.0,0.0,0.0,0.0,0.0,0.0,0.0,0.0,0.0,0.0,0.0,0.0,0.0,0.0,0.0,0.0,0.0,0.0,0.0,0.0,0.0,0.0,0.0,0.0,0.0
Russian Federation,RU,RUS,RUS,Other main producer,Aluminium scrap,kt,458.11490590264987,320.0,0.2496537820514366,Scrap allocated using OMNIA-controlled 2019 secondary country share,Russian Federation,300.0,0.4823151125401929,Zijie 2024 regional total allocated using country shares from secondary_aluminium_production_estimates_2024.xlsx,119.33507947342082,1174.1253827431747,0.9769574103128834,Existing values retained through 2024; 2025 extrapolated using a country-level OLS linear trend fitted over 2019-2024 and floored at zero; Zijie regional growth indexed to 2025 thereafter,458.11490590264987,577.4499853760707,696.7850648494916,816.1201443229124,935.4552237963331,1054.790303269754,1174.1253827431747,1187.9856746725432,1201.506684688883,1211.5007438066552,1220.5388801721988,1229.481644068433,1239.4056662123016,1251.4414878767525,1265.8936252339022,1282.839526870645,1301.989289084515,1322.5657509862876,1343.8551724902538,1365.6743873061505,1387.9958224830589,1410.905467890606,1434.5596230743101,1458.7124866716047,1483.303527871799,1508.44242161547,1534.0283751481693,1559.931860856817,1585.7890091820047,1611.4559069696277,1637.087842914538,1663.2543935574008
Kazakhstan,KZ,KAZ,ASC,Other main producer,Aluminium scrap,kt,9.078496610875684,6.341463414634147,0.0049474072662632,Scrap allocated using OMNIA-controlled 2019 secondary country share,Kazakhstan,30.0,0.0482315112540192,Zijie 2024 regional total allocated using country shares from secondary_aluminium_production_estimates_2024.xlsx,19.280106743219946,124.75913707019535,1.0380864365627023,Existing values retained through 2024; 2025 extrapolated using a country-level OLS linear trend fitted over 2019-2024 and floored at zero; Zijie regional growth indexed to 2025 thereafter,9.078496610875684,28.358603354095628,47.63871009731557,66.91881684053551,86.19892358375547,105.4790303269754,124.75913707019535,126.23189124625189,127.66859431625531,128.7305338754263,129.6908998723299,130.64113186894173,131.69562950363377,132.9745207931479,134.51016273735436,136.31078479710152,138.34558265090487,140.53197745043238,142.79412925687149,145.11257535469844,147.48438592260655,149.91869799322373,152.43211950017442,154.99853230792115,157.6115045891489,160.28269008301174,163.00137884553544,165.75380765051588,168.5013127803425,171.22860244319887,173.9521771626673,176.7325584799335
Uzbekistan,UZ,UZB,ASC,Rest of World,Aluminium scrap,kt,0.0,0.0,0.0,No 2019 secondary producer share; assigned zero,,0.0,0.0,No 2024 secondary production estimate; assigned zero share,0.0,0.0,,Existing values retained through 2024; 2025 extrapolated using a country-level OLS linear trend fitted over 2019-2024 and floored at zero; Zijie regional growth indexed to 2025 thereafter,0.0,0.0,0.0,0.0,0.0,0.0,0.0,0.0,0.0,0.0,0.0,0.0,0.0,0.0,0.0,0.0,0.0,0.0,0.0,0.0,0.0,0.0,0.0,0.0,0.0,0.0,0.0,0.0,0.0,0.0,0.0,0.0
Turkmenistan,TM,TKM,ASC,Rest of World,Aluminium scrap,kt,0.0,0.0,0.0,No 2019 secondary producer share; assigned zero,,0.0,0.0,No 2024 secondary production estimate; assigned zero share,0.0,0.0,,Existing values retained through 2024; 2025 extrapolated using a country-level OLS linear trend fitted over 2019-2024 and floored at zero; Zijie regional growth indexed to 2025 thereafter,0.0,0.0,0.0,0.0,0.0,0.0,0.0,0.0,0.0,0.0,0.0,0.0,0.0,0.0,0.0,0.0,0.0,0.0,0.0,0.0,0.0,0.0,0.0,0.0,0.0,0.0,0.0,0.0,0.0,0.0,0.0,0.0
Azerbaijan,AZ,AZE,ASC,Other main producer,Aluminium scrap,kt,1.7458647328607084,1.2195121951219512,0.0009514244742813,Scrap allocated using OMNIA-controlled 2019 secondary country share,Azerbaijan,5.0,0.0080385852090032,Zijie 2024 regional total allocated using country shares from secondary_aluminium_production_estimates_2024.xlsx,3.1667947309937055,20.746633118822942,1.0357621389866638,Existing values retained through 2024; 2025 extrapolated using a country-level OLS linear trend fitted over 2019-2024 and floored at zero; Zijie regional growth indexed to 2025 thereafter,1.7458647328607084,4.912659463854414,8.07945419484812,11.246248925841824,14.41304365683553,17.579838387829234,20.746633118822942,20.991542560186485,21.230456937073182,21.407050579397662,21.56675319890473,21.724770600070148,21.900126698752633,22.112798002879067,22.368165271092877,22.667597009212507,23.0059706589122,23.36955389476913,23.745735028186783,24.1312775361501,24.525694208429986,24.93050447412941,25.348470124599775,25.77524788376151,26.20976818056177,26.653968956031335,27.106069216139822,27.563780225879178,28.02067246046176,28.47420299435928,28.927115757331666,29.389475088073876
Mongolia,MN,MNG,ASC,Rest of World,Aluminium scrap,kt,0.0,0.0,0.0,No 2019 secondary producer share; assigned zero,,0.0,0.0,No 2024 secondary production estimate; assigned zero share,0.0,0.0,,Existing values retained through 2024; 2025 extrapolated using a country-level OLS linear trend fitted over 2019-2024 and floored at zero; Zijie regional growth indexed to 2025 thereafter,0.0,0.0,0.0,0.0,0.0,0.0,0.0,0.0,0.0,0.0,0.0,0.0,0.0,0.0,0.0,0.0,0.0,0.0,0.0,0.0,0.0,0.0,0.0,0.0,0.0,0.0,0.0,0.0,0.0,0.0,0.0,0.0
Georgia,GE,GEO,ASC,Rest of World,Aluminium scrap,kt,0.0,0.0,0.0,No 2019 secondary producer share; assigned zero,,0.0,0.0,No 2024 secondary production estimate; assigned zero share,0.0,0.0,,Existing values retained through 2024; 2025 extrapolated using a country-level OLS linear trend fitted over 2019-2024 and floored at zero; Zijie regional growth indexed to 2025 thereafter,0.0,0.0,0.0,0.0,0.0,0.0,0.0,0.0,0.0,0.0,0.0,0.0,0.0,0.0,0.0,0.0,0.0,0.0,0.0,0.0,0.0,0.0,0.0,0.0,0.0,0.0,0.0,0.0,0.0,0.0,0.0,0.0
Kyrgyzstan,KG,KGZ,ASC,Rest of World,Aluminium scrap,kt,0.0,0.0,0.0,No 2019 secondary producer share; assigned zero,,0.0,0.0,No 2024 secondary production estimate; assigned zero share,0.0,0.0,,Existing values retained through 2024; 2025 extrapolated using a country-level OLS linear trend fitted over 2019-2024 and floored at zero; Zijie regional growth indexed to 2025 thereafter,0.0,0.0,0.0,0.0,0.0,0.0,0.0,0.0,0.0,0.0,0.0,0.0,0.0,0.0,0.0,0.0,0.0,0.0,0.0,0.0,0.0,0.0,0.0,0.0,0.0,0.0,0.0,0.0,0.0,0.0,0.0,0.0
Armenia,AM,ARM,ASC,Rest of World,Aluminium scrap,kt,0.0,0.0,0.0,No 2019 secondary producer share; assigned zero,,0.0,0.0,No 2024 secondary production estimate; assigned zero share,0.0,0.0,,Existing values retained through 2024; 2025 extrapolated using a country-level OLS linear trend fitted over 2019-2024 and floored at zero; Zijie regional growth indexed to 2025 thereafter,0.0,0.0,0.0,0.0,0.0,0.0,0.0,0.0,0.0,0.0,0.0,0.0,0.0,0.0,0.0,0.0,0.0,0.0,0.0,0.0,0.0,0.0,0.0,0.0,0.0,0.0,0.0,0.0,0.0,0.0,0.0,0.0
Tajikistan,TJ,TJK,ASC,Rest of World,Aluminium scrap,kt,30.181696192856425,2.4390243902439024,0.0864139071117904,Scrap allocated using OMNIA-controlled 2019 secondary country share,Tajikistan,2.0,0.3333333333333333,Zijie 2024 regional total allocated using country shares from secondary_aluminium_production_estimates_2024.xlsx,95.42090113334804,602.7071029929447,0.9902770433791348,Existing values retained through 2024; 2025 extrapolated using a country-level OLS linear trend fitted over 2019-2024 and floored at zero; Zijie regional growth indexed to 2025 thereafter,30.181696192856425,125.60259732620447,221.0234984595525,316.44439959290054,411.8653007262486,507.28620185959664,602.7071029929447,678.1452415236512,751.4434994652898,823.2818077053229,894.9389178851852,966.8293197231937,1038.866510997489,1110.453303328996,1180.6584622473208,1248.51158379672,1313.4332607670383,1375.7323722845993,1436.6360935156752,1498.24003241172,1563.2241114933843,1633.9515120845672,1711.8425505897942,1797.7390453689832,1891.7937716254303,1993.060101430165,2100.1249060470336,2211.7649529813466,2326.665773568477,2443.8547983732055,2562.7697761612562,2682.6405505715115
Afghanistan,AF,AFG,ASC,Rest of World,Aluminium scrap,kt,0.0,0.0,0.0,No 2019 secondary producer share; assigned zero,,0.0,0.0,No 2024 secondary production estimate; assigned zero share,0.0,0.0,,Existing values retained through 2024; 2025 extrapolated using a country-level OLS linear trend fitted over 2019-2024 and floored at zero; Zijie regional growth indexed to 2025 thereafter,0.0,0.0,0.0,0.0,0.0,0.0,0.0,0.0,0.0,0.0,0.0,0.0,0.0,0.0,0.0,0.0,0.0,0.0,0.0,0.0,0.0,0.0,0.0,0.0,0.0,0.0,0.0,0.0,0.0,0.0,0.0,0.0
Thailand,TH,THA,ASE,Other Asia,Aluminium scrap,kt,240.98162846735752,290.0,0.0779569892473118,Scrap allocated using OMNIA-controlled 2019 secondary country share,Thailand,571.0,0.1196814085097463,Zijie 2024 regional total allocated using country shares from secondary_aluminium_production_estimates_2024.xlsx,79.18397283142251,716.0854654558925,1.050927806391825,Existing values retained through 2024; 2025 extrapolated using a country-level OLS linear trend fitted over 2019-2024 and floored at zero; Zijie regional growth indexed to 2025 thereafter,240.98162846735752,320.1656012987801,399.34957413020254,478.533546961625,557.7175197930476,636.90149262447,716.0854654558925,769.9557754539086,825.7179759053665,883.6411055828574,943.7268390890263,1005.9801162386515,1070.0710947730588,1135.5178027713514,1201.9573801170993,1269.0845357518374,1336.715987962857,1404.8633097675724,1473.593728041627,1543.172200542023,1613.9550102625496,1686.0896799776956,1759.816975763671,1835.083489249398,1911.5975471798959,1989.2047272002198,2067.6102263735834,2146.33267831121,2224.8838653758567,2303.072740231944,2380.823559536094,2458.0179245279746
Malaysia,MY,MYS,ASE,Other Asia,Aluminium scrap,kt,0.0,0.0,0.0,No 2019 secondary producer share; assigned zero,Malaysia,650.0,0.1362397820163488,Zijie 2024 regional total allocated using country shares from secondary_aluminium_production_estimates_2024.xlsx,145.00384245390737,870.0230547234441,1.1216607862951935,Existing values retained through 2024; 2025 extrapolated using a country-level OLS linear trend fitted over 2019-2024 and floored at zero; Zijie regional growth indexed to 2025 thereafter,0.0,145.00384245390737,290.00768490781473,435.0115273617221,580.0153698156295,725.0192122695369,870.0230547234441,935.4739176780976,1003.2233726177981,1073.5982938418583,1146.6007159438827,1222.2366406554397,1300.1053192065679,1379.621169703571,1460.343327637724,1541.9008732346724,1624.0711245335913,1706.868142414709,1790.3736055805384,1874.9094300149115,1960.9084892134595,2048.5500190650437,2138.1265433635444,2229.5731724883876,2322.535531901167,2416.826002923042,2512.086408543058,2607.731902571469,2703.1693147505125,2798.16652811299,2892.6315166952973,2986.4204294403908
Singapore,SG,SGP,ASE,Other Asia,Aluminium scrap,kt,0.0,0.0,0.0,No 2019 secondary producer share; assigned zero,,0.0,0.0,No 2024 secondary production estimate; assigned zero share,0.0,0.0,,Existing values retained through 2024; 2025 extrapolated using a country-level OLS linear trend fitted over 2019-2024 and floored at zero; Zijie regional growth indexed to 2025 thereafter,0.0,0.0,0.0,0.0,0.0,0.0,0.0,0.0,0.0,0.0,0.0,0.0,0.0,0.0,0.0,0.0,0.0,0.0,0.0,0.0,0.0,0.0,0.0,0.0,0.0,0.0,0.0,0.0,0.0,0.0,0.0,0.0
Myanmar,MM,MMR,ASE,Rest of World,Aluminium scrap,kt,0.0,0.0,0.0,No 2019 secondary producer share; assigned zero,,0.0,0.0,No 2024 secondary production estimate; assigned zero share,0.0,0.0,,Existing values retained through 2024; 2025 extrapolated using a country-level OLS linear trend fitted over 2019-2024 and floored at zero; Zijie regional growth indexed to 2025 thereafter,0.0,0.0,0.0,0.0,0.0,0.0,0.0,0.0,0.0,0.0,0.0,0.0,0.0,0.0,0.0,0.0,0.0,0.0,0.0,0.0,0.0,0.0,0.0,0.0,0.0,0.0,0.0,0.0,0.0,0.0,0.0,0.0
Cambodia,KH,KHM,ASE,Rest of World,Aluminium scrap,kt,0.0,0.0,0.0,No 2019 secondary producer share; assigned zero,,0.0,0.0,No 2024 secondary production estimate; assigned zero share,0.0,0.0,,Existing values retained through 2024; 2025 extrapolated using a country-level OLS linear trend fitted over 2019-2024 and floored at zero; Zijie regional growth indexed to 2025 thereafter,0.0,0.0,0.0,0.0,0.0,0.0,0.0,0.0,0.0,0.0,0.0,0.0,0.0,0.0,0.0,0.0,0.0,0.0,0.0,0.0,0.0,0.0,0.0,0.0,0.0,0.0,0.0,0.0,0.0,0.0,0.0,0.0
Brunei Darussalam,BN,BRN,ASE,Rest of World,Aluminium scrap,kt,0.0,0.0,0.0,No 2019 secondary producer share; assigned zero,,0.0,0.0,No 2024 secondary production estimate; assigned zero share,0.0,0.0,,Existing values retained through 2024; 2025 extrapolated using a country-level OLS linear trend fitted over 2019-2024 and floored at zero; Zijie regional growth indexed to 2025 thereafter,0.0,0.0,0.0,0.0,0.0,0.0,0.0,0.0,0.0,0.0,0.0,0.0,0.0,0.0,0.0,0.0,0.0,0.0,0.0,0.0,0.0,0.0,0.0,0.0,0.0,0.0,0.0,0.0,0.0,0.0,0.0,0.0
Lao People's Democratic Republic,LA,LAO,ASE,Rest of World,Aluminium scrap,kt,0.0,0.0,0.0,No 2019 secondary producer share; assigned zero,,0.0,0.0,No 2024 secondary production estimate; assigned zero share,0.0,0.0,,Existing values retained through 2024; 2025 extrapolated using a country-level OLS linear trend fitted over 2019-2024 and floored at zero; Zijie regional growth indexed to 2025 thereafter,0.0,0.0,0.0,0.0,0.0,0.0,0.0,0.0,0.0,0.0,0.0,0.0,0.0,0.0,0.0,0.0,0.0,0.0,0.0,0.0,0.0,0.0,0.0,0.0,0.0,0.0,0.0,0.0,0.0,0.0,0.0,0.0
Democratic People's Republic of Korea,KP,PRK,ASE,Rest of World,Aluminium scrap,kt,0.0,0.0,0.0,No 2019 secondary producer share; assigned zero,,0.0,0.0,No 2024 secondary production estimate; assigned zero share,0.0,0.0,,Existing values retained through 2024; 2025 extrapolated using a country-level OLS linear trend fitted over 2019-2024 and floored at zero; Zijie regional growth indexed to 2025 thereafter,0.0,0.0,0.0,0.0,0.0,0.0,0.0,0.0,0.0,0.0,0.0,0.0,0.0,0.0,0.0,0.0,0.0,0.0,0.0,0.0,0.0,0.0,0.0,0.0,0.0,0.0,0.0,0.0,0.0,0.0,0.0,0.0
Cook Islands,CK,COK,ASE,Rest of World,Aluminium scrap,kt,0.0,0.0,0.0,No 2019 secondary producer share; assigned zero,,0.0,0.0,No 2024 secondary production estimate; assigned zero share,0.0,0.0,,Existing values retained through 2024; 2025 extrapolated using a country-level OLS linear trend fitted over 2019-2024 and floored at zero; Zijie regional growth indexed to 2025 thereafter,0.0,0.0,0.0,0.0,0.0,0.0,0.0,0.0,0.0,0.0,0.0,0.0,0.0,0.0,0.0,0.0,0.0,0.0,0.0,0.0,0.0,0.0,0.0,0.0,0.0,0.0,0.0,0.0,0.0,0.0,0.0,0.0
Timor-Leste,TL,TLS,ASE,Rest of World,Aluminium scrap,kt,0.0,0.0,0.0,No 2019 secondary producer share; assigned zero,,0.0,0.0,No 2024 secondary production estimate; assigned zero share,0.0,0.0,,Existing values retained through 2024; 2025 extrapolated using a country-level OLS linear trend fitted over 2019-2024 and floored at zero; Zijie regional growth indexed to 2025 thereafter,0.0,0.0,0.0,0.0,0.0,0.0,0.0,0.0,0.0,0.0,0.0,0.0,0.0,0.0,0.0,0.0,0.0,0.0,0.0,0.0,0.0,0.0,0.0,0.0,0.0,0.0,0.0,0.0,0.0,0.0,0.0,0.0
Fiji,FJ,FJI,ASE,Other main producer,Aluminium scrap,kt,0.0,0.0,0.0,No 2019 secondary producer share; assigned zero,,0.0,0.0,No 2024 secondary production estimate; assigned zero share,0.0,0.0,,Existing values retained through 2024; 2025 extrapolated using a country-level OLS linear trend fitted over 2019-2024 and floored at zero; Zijie regional growth indexed to 2025 thereafter,0.0,0.0,0.0,0.0,0.0,0.0,0.0,0.0,0.0,0.0,0.0,0.0,0.0,0.0,0.0,0.0,0.0,0.0,0.0,0.0,0.0,0.0,0.0,0.0,0.0,0.0,0.0,0.0,0.0,0.0,0.0,0.0
French Polynesia,PF,PYF,ASE,Rest of World,Aluminium scrap,kt,0.0,0.0,0.0,No 2019 secondary producer share; assigned zero,,0.0,0.0,No 2024 secondary production estimate; assigned zero share,0.0,0.0,,Existing values retained through 2024; 2025 extrapolated using a country-level OLS linear trend fitted over 2019-2024 and floored at zero; Zijie regional growth indexed to 2025 thereafter,0.0,0.0,0.0,0.0,0.0,0.0,0.0,0.0,0.0,0.0,0.0,0.0,0.0,0.0,0.0,0.0,0.0,0.0,0.0,0.0,0.0,0.0,0.0,0.0,0.0,0.0,0.0,0.0,0.0,0.0,0.0,0.0
Kiribati,KI,KIR,ASE,Rest of World,Aluminium scrap,kt,0.0,0.0,0.0,No 2019 secondary producer share; assigned zero,,0.0,0.0,No 2024 secondary production estimate; assigned zero share,0.0,0.0,,Existing values retained through 2024; 2025 extrapolated using a country-level OLS linear trend fitted over 2019-2024 and floored at zero; Zijie regional growth indexed to 2025 thereafter,0.0,0.0,0.0,0.0,0.0,0.0,0.0,0.0,0.0,0.0,0.0,0.0,0.0,0.0,0.0,0.0,0.0,0.0,0.0,0.0,0.0,0.0,0.0,0.0,0.0,0.0,0.0,0.0,0.0,0.0,0.0,0.0
New Caledonia,NC,NCL,ASE,Rest of World,Aluminium scrap,kt,0.0,0.0,0.0,No 2019 secondary producer share; assigned zero,,0.0,0.0,No 2024 secondary production estimate; assigned zero share,0.0,0.0,,Existing values retained through 2024; 2025 extrapolated using a country-level OLS linear trend fitted over 2019-2024 and floored at zero; Zijie regional growth indexed to 2025 thereafter,0.0,0.0,0.0,0.0,0.0,0.0,0.0,0.0,0.0,0.0,0.0,0.0,0.0,0.0,0.0,0.0,0.0,0.0,0.0,0.0,0.0,0.0,0.0,0.0,0.0,0.0,0.0,0.0,0.0,0.0,0.0,0.0
Palau,PW,PLW,ASE,Rest of World,Aluminium scrap,kt,0.0,0.0,0.0,No 2019 secondary producer share; assigned zero,,0.0,0.0,No 2024 secondary production estimate; assigned zero share,0.0,0.0,,Existing values retained through 2024; 2025 extrapolated using a country-level OLS linear trend fitted over 2019-2024 and floored at zero; Zijie regional growth indexed to 2025 thereafter,0.0,0.0,0.0,0.0,0.0,0.0,0.0,0.0,0.0,0.0,0.0,0.0,0.0,0.0,0.0,0.0,0.0,0.0,0.0,0.0,0.0,0.0,0.0,0.0,0.0,0.0,0.0,0.0,0.0,0.0,0.0,0.0
Papua New Guinea,PG,PNG,ASE,Rest of World,Aluminium scrap,kt,0.0,0.0,0.0,No 2019 secondary producer share; assigned zero,,0.0,0.0,No 2024 secondary production estimate; assigned zero share,0.0,0.0,,Existing values retained through 2024; 2025 extrapolated using a country-level OLS linear trend fitted over 2019-2024 and floored at zero; Zijie regional growth indexed to 2025 thereafter,0.0,0.0,0.0,0.0,0.0,0.0,0.0,0.0,0.0,0.0,0.0,0.0,0.0,0.0,0.0,0.0,0.0,0.0,0.0,0.0,0.0,0.0,0.0,0.0,0.0,0.0,0.0,0.0,0.0,0.0,0.0,0.0
American Samoa,AS,ASM,ASE,Rest of World,Aluminium scrap,kt,0.0,0.0,0.0,No 2019 secondary producer share; assigned zero,,0.0,0.0,No 2024 secondary production estimate; assigned zero share,0.0,0.0,,Existing values retained through 2024; 2025 extrapolated using a country-level OLS linear trend fitted over 2019-2024 and floored at zero; Zijie regional growth indexed to 2025 thereafter,0.0,0.0,0.0,0.0,0.0,0.0,0.0,0.0,0.0,0.0,0.0,0.0,0.0,0.0,0.0,0.0,0.0,0.0,0.0,0.0,0.0,0.0,0.0,0.0,0.0,0.0,0.0,0.0,0.0,0.0,0.0,0.0
Solomon Islands,SB,SLB,ASE,Rest of World,Aluminium scrap,kt,0.0,0.0,0.0,No 2019 secondary producer share; assigned zero,,0.0,0.0,No 2024 secondary production estimate; assigned zero share,0.0,0.0,,Existing values retained through 2024; 2025 extrapolated using a country-level OLS linear trend fitted over 2019-2024 and floored at zero; Zijie regional growth indexed to 2025 thereafter,0.0,0.0,0.0,0.0,0.0,0.0,0.0,0.0,0.0,0.0,0.0,0.0,0.0,0.0,0.0,0.0,0.0,0.0,0.0,0.0,0.0,0.0,0.0,0.0,0.0,0.0,0.0,0.0,0.0,0.0,0.0,0.0
Tonga,TO,TON,ASE,Rest of World,Aluminium scrap,kt,0.0,0.0,0.0,No 2019 secondary producer share; assigned zero,,0.0,0.0,No 2024 secondary production estimate; assigned zero share,0.0,0.0,,Existing values retained through 2024; 2025 extrapolated using a country-level OLS linear trend fitted over 2019-2024 and floored at zero; Zijie regional growth indexed to 2025 thereafter,0.0,0.0,0.0,0.0,0.0,0.0,0.0,0.0,0.0,0.0,0.0,0.0,0.0,0.0,0.0,0.0,0.0,0.0,0.0,0.0,0.0,0.0,0.0,0.0,0.0,0.0,0.0,0.0,0.0,0.0,0.0,0.0
Vanuatu,VU,VUT,ASE,Rest of World,Aluminium scrap,kt,0.0,0.0,0.0,No 2019 secondary producer share; assigned zero,,0.0,0.0,No 2024 secondary production estimate; assigned zero share,0.0,0.0,,Existing values retained through 2024; 2025 extrapolated using a country-level OLS linear trend fitted over 2019-2024 and floored at zero; Zijie regional growth indexed to 2025 thereafter,0.0,0.0,0.0,0.0,0.0,0.0,0.0,0.0,0.0,0.0,0.0,0.0,0.0,0.0,0.0,0.0,0.0,0.0,0.0,0.0,0.0,0.0,0.0,0.0,0.0,0.0,0.0,0.0,0.0,0.0,0.0,0.0
Niue,NU,NIU,ASE,Rest of World,Aluminium scrap,kt,0.0,0.0,0.0,No 2019 secondary producer share; assigned zero,,0.0,0.0,No 2024 secondary production estimate; assigned zero share,0.0,0.0,,Existing values retained through 2024; 2025 extrapolated using a country-level OLS linear trend fitted over 2019-2024 and floored at zero; Zijie regional growth indexed to 2025 thereafter,0.0,0.0,0.0,0.0,0.0,0.0,0.0,0.0,0.0,0.0,0.0,0.0,0.0,0.0,0.0,0.0,0.0,0.0,0.0,0.0,0.0,0.0,0.0,0.0,0.0,0.0,0.0,0.0,0.0,0.0,0.0,0.0
Samoa,WS,WSM,ASE,Rest of World,Aluminium scrap,kt,0.0,0.0,0.0,No 2019 secondary producer share; assigned zero,,0.0,0.0,No 2024 secondary production estimate; assigned zero share,0.0,0.0,,Existing values retained through 2024; 2025 extrapolated using a country-level OLS linear trend fitted over 2019-2024 and floored at zero; Zijie regional growth indexed to 2025 thereafter,0.0,0.0,0.0,0.0,0.0,0.0,0.0,0.0,0.0,0.0,0.0,0.0,0.0,0.0,0.0,0.0,0.0,0.0,0.0,0.0,0.0,0.0,0.0,0.0,0.0,0.0,0.0,0.0,0.0,0.0,0.0,0.0
Wallis and Futuna Islands,WF,WLF,ASE,Rest of World,Aluminium scrap,kt,0.0,0.0,0.0,No 2019 secondary producer share; assigned zero,,0.0,0.0,No 2024 secondary production estimate; assigned zero share,0.0,0.0,,Existing values retained through 2024; 2025 extrapolated using a country-level OLS linear trend fitted over 2019-2024 and floored at zero; Zijie regional growth indexed to 2025 thereafter,0.0,0.0,0.0,0.0,0.0,0.0,0.0,0.0,0.0,0.0,0.0,0.0,0.0,0.0,0.0,0.0,0.0,0.0,0.0,0.0,0.0,0.0,0.0,0.0,0.0,0.0,0.0,0.0,0.0,0.0,0.0,0.0
Micronesia (Federated States of),FM,FSM,ASE,Rest of World,Aluminium scrap,kt,0.0,0.0,0.0,No 2019 secondary producer share; assigned zero,,0.0,0.0,No 2024 secondary production estimate; assigned zero share,0.0,0.0,,Existing values retained through 2024; 2025 extrapolated using a country-level OLS linear trend fitted over 2019-2024 and floored at zero; Zijie regional growth indexed to 2025 thereafter,0.0,0.0,0.0,0.0,0.0,0.0,0.0,0.0,0.0,0.0,0.0,0.0,0.0,0.0,0.0,0.0,0.0,0.0,0.0,0.0,0.0,0.0,0.0,0.0,0.0,0.0,0.0,0.0,0.0,0.0,0.0,0.0
Nauru,NR,NRU,ASE,Rest of World,Aluminium scrap,kt,0.0,0.0,0.0,No 2019 secondary producer share; assigned zero,,0.0,0.0,No 2024 secondary production estimate; assigned zero share,0.0,0.0,,Existing values retained through 2024; 2025 extrapolated using a country-level OLS linear trend fitted over 2019-2024 and floored at zero; Zijie regional growth indexed to 2025 thereafter,0.0,0.0,0.0,0.0,0.0,0.0,0.0,0.0,0.0,0.0,0.0,0.0,0.0,0.0,0.0,0.0,0.0,0.0,0.0,0.0,0.0,0.0,0.0,0.0,0.0,0.0,0.0,0.0,0.0,0.0,0.0,0.0
Tuvalu,TV,TUV,ASE,Rest of World,Aluminium scrap,kt,0.0,0.0,0.0,No 2019 secondary producer share; assigned zero,,0.0,0.0,No 2024 secondary production estimate; assigned zero share,0.0,0.0,,Existing values retained through 2024; 2025 extrapolated using a country-level OLS linear trend fitted over 2019-2024 and floored at zero; Zijie regional growth indexed to 2025 thereafter,0.0,0.0,0.0,0.0,0.0,0.0,0.0,0.0,0.0,0.0,0.0,0.0,0.0,0.0,0.0,0.0,0.0,0.0,0.0,0.0,0.0,0.0,0.0,0.0,0.0,0.0,0.0,0.0,0.0,0.0,0.0,0.0
Northern Mariana Islands,MP,MNP,ASE,Rest of World,Aluminium scrap,kt,0.0,0.0,0.0,No 2019 secondary producer share; assigned zero,,0.0,0.0,No 2024 secondary production estimate; assigned zero share,0.0,0.0,,Existing values retained through 2024; 2025 extrapolated using a country-level OLS linear trend fitted over 2019-2024 and floored at zero; Zijie regional growth indexed to 2025 thereafter,0.0,0.0,0.0,0.0,0.0,0.0,0.0,0.0,0.0,0.0,0.0,0.0,0.0,0.0,0.0,0.0,0.0,0.0,0.0,0.0,0.0,0.0,0.0,0.0,0.0,0.0,0.0,0.0,0.0,0.0,0.0,0.0
China,CN,CHN,CHN,China,Aluminium scrap,kt,14036.369814746986,10610.0,1.0,Scrap allocated using OMNIA-controlled 2019 secondary country share,China,15840.0,1.0,Zijie 2024 regional total allocated using country shares from secondary_aluminium_production_estimates_2024.xlsx,1532.7492949174605,23232.865584251747,1.017652516936826,Existing values retained through 2024; 2025 extrapolated using a country-level OLS linear trend fitted over 2019-2024 and floored at zero; Zijie regional growth indexed to 2025 thereafter,14036.369814746986,15569.119109664449,17101.86840458191,18634.61769949937,20167.36699441683,21700.11628933429,23232.865584251747,24875.53034168488,26545.921070690096,28211.945025666024,29855.877273901842,31442.01502649826,32931.37422508115,34296.80901973781,35527.85838503831,36628.91958056316,37614.1019574463,38495.95254663069,39283.97817147201,39979.35998941881,40568.84766211065,41039.99485986373,41386.03290948663,41604.48912698226,41703.85576882638,41695.85002536935,41595.690036471104,41424.72668545399,41208.178270238655,40962.20018582727,40697.8732218165,40427.325818100966
"China, Hong Kong Special Administrative Region",HK,HKG,CHN,Rest of World,Aluminium scrap,kt,0.0,0.0,0.0,No 2019 secondary producer share; assigned zero,,0.0,0.0,No 2024 secondary production estimate; assigned zero share,0.0,0.0,,Existing values retained through 2024; 2025 extrapolated using a country-level OLS linear trend fitted over 2019-2024 and floored at zero; Zijie regional growth indexed to 2025 thereafter,0.0,0.0,0.0,0.0,0.0,0.0,0.0,0.0,0.0,0.0,0.0,0.0,0.0,0.0,0.0,0.0,0.0,0.0,0.0,0.0,0.0,0.0,0.0,0.0,0.0,0.0,0.0,0.0,0.0,0.0,0.0,0.0
"China, Macao Special Administrative Region",MO,MAC,CHN,Rest of World,Aluminium scrap,kt,0.0,0.0,0.0,No 2019 secondary producer share; assigned zero,,0.0,0.0,No 2024 secondary production estimate; assigned zero share,0.0,0.0,,Existing values retained through 2024; 2025 extrapolated using a country-level OLS linear trend fitted over 2019-2024 and floored at zero; Zijie regional growth indexed to 2025 thereafter,0.0,0.0,0.0,0.0,0.0,0.0,0.0,0.0,0.0,0.0,0.0,0.0,0.0,0.0,0.0,0.0,0.0,0.0,0.0,0.0,0.0,0.0,0.0,0.0,0.0,0.0,0.0,0.0,0.0,0.0,0.0,0.0
Indonesia,ID,IDN,IDN,Other Asia,Aluminium scrap,kt,33.23884530584242,40.0,0.010752688172043,Scrap allocated using OMNIA-controlled 2019 secondary country share,Indonesia,300.0,0.0628798993921609,Zijie 2024 regional total allocated using country shares from secondary_aluminium_production_estimates_2024.xlsx,60.277081302173364,394.9013331188826,1.1030913465136651,Existing values retained through 2024; 2025 extrapolated using a country-level OLS linear trend fitted over 2019-2024 and floored at zero; Zijie regional growth indexed to 2025 thereafter,33.23884530584242,93.5159266080158,153.79300791018915,214.0700892123625,274.3471705145359,334.62425181670926,394.9013331188826,424.6093194696464,455.3606310912331,487.3036354273098,520.4392559749293,554.7702169053471,590.1146193336493,626.2066690728713,662.8462588025513,699.8650289458054,737.1619047061511,774.7432682826768,812.6461934383534,851.0167970495983,890.0515593356064,929.831835027232,970.4903999578802,1011.9978008877414,1054.1931880819955,1096.9914018819525,1140.2298666198183,1183.643122042848,1226.961929624218,1270.0809320411668,1312.9583589342633,1355.5289166611287
Philippines,PH,PHL,IDN,Rest of World,Aluminium scrap,kt,0.0,0.0,0.0,No 2019 secondary producer share; assigned zero,,0.0,0.0,No 2024 secondary production estimate; assigned zero share,0.0,0.0,,Existing values retained through 2024; 2025 extrapolated using a country-level OLS linear trend fitted over 2019-2024 and floored at zero; Zijie regional growth indexed to 2025 thereafter,0.0,0.0,0.0,0.0,0.0,0.0,0.0,0.0,0.0,0.0,0.0,0.0,0.0,0.0,0.0,0.0,0.0,0.0,0.0,0.0,0.0,0.0,0.0,0.0,0.0,0.0,0.0,0.0,0.0,0.0,0.0,0.0
Viet Nam,VN,VNM,IDN,Other Asia,Aluminium scrap,kt,0.0,0.0,0.0,No 2019 secondary producer share; assigned zero,Vietnam,300.0,0.0628798993921609,Zijie 2024 regional total allocated using country shares from secondary_aluminium_production_estimates_2024.xlsx,66.92485036334186,401.54910218005114,1.1216607862951935,Existing values retained through 2024; 2025 extrapolated using a country-level OLS linear trend fitted over 2019-2024 and floored at zero; Zijie regional growth indexed to 2025 thereafter,0.0,66.92485036334186,133.84970072668372,200.77455109002557,267.69940145336744,334.62425181670926,401.54910218005114,431.75719277450656,463.02617197744524,495.5069048500884,529.2003304356382,564.109218764049,600.0486088645697,636.748232170879,674.0046127558727,711.6465568775411,749.571288246273,787.7852964990965,826.32627949871,865.3428138530361,905.0346873292889,945.4846241838662,986.827635398559,1029.0337719177173,1071.939476262077,1115.4581551952501,1159.424496250642,1203.568570417601,1247.6166068079287,1291.4614745136876,1335.060700013214,1378.3478905109496
India,IN,IND,IND,Other Asia,Aluminium scrap,kt,1155.049874378024,1390.0,0.3736559139784946,Scrap allocated using OMNIA-controlled 2019 secondary country share,India,1700.0,0.3563194298889122,Zijie 2024 regional total allocated using country shares from secondary_aluminium_production_estimates_2024.xlsx,148.23084384999913,2044.4349374780188,1.007786427634941,Existing values retained through 2024; 2025 extrapolated using a country-level OLS linear trend fitted over 2019-2024 and floored at zero; Zijie regional growth indexed to 2025 thereafter,1155.049874378024,1303.280718228023,1451.511562078022,1599.742405928021,1747.9732497780203,1896.2040936280196,2044.4349374780188,2198.235495044983,2357.437428742987,2522.8088483756155,2694.354534958988,2872.088591739722,3055.069314033082,3241.920664645885,3431.606672405369,3623.2557266782574,3816.344555376318,4010.906199640971,4207.132593228636,4405.7801945810825,4607.86619708551,4813.811780515545,5024.304335694922,5239.191380908744,5457.640184560606,5679.209868469334,5903.058765749182,6127.812568010418,6352.077406444324,6575.307837990806,6797.287614248023,7017.67870494745
Bangladesh,BD,BGD,ASO,Rest of World,Aluminium scrap,kt,0.0,0.0,0.0,No 2019 secondary producer share; assigned zero,,0.0,0.0,No 2024 secondary production estimate; assigned zero share,0.0,0.0,,Existing values retained through 2024; 2025 extrapolated using a country-level OLS linear trend fitted over 2019-2024 and floored at zero; Zijie regional growth indexed to 2025 thereafter,0.0,0.0,0.0,0.0,0.0,0.0,0.0,0.0,0.0,0.0,0.0,0.0,0.0,0.0,0.0,0.0,0.0,0.0,0.0,0.0,0.0,0.0,0.0,0.0,0.0,0.0,0.0,0.0,0.0,0.0,0.0,0.0
Nepal,NP,NPL,ASO,Rest of World,Aluminium scrap,kt,0.0,0.0,0.0,No 2019 secondary producer share; assigned zero,,0.0,0.0,No 2024 secondary production estimate; assigned zero share,0.0,0.0,,Existing values retained through 2024; 2025 extrapolated using a country-level OLS linear trend fitted over 2019-2024 and floored at zero; Zijie regional growth indexed to 2025 thereafter,0.0,0.0,0.0,0.0,0.0,0.0,0.0,0.0,0.0,0.0,0.0,0.0,0.0,0.0,0.0,0.0,0.0,0.0,0.0,0.0,0.0,0.0,0.0,0.0,0.0,0.0,0.0,0.0,0.0,0.0,0.0,0.0
Sri Lanka,LK,LKA,ASO,Rest of World,Aluminium scrap,kt,0.0,0.0,0.0,No 2019 secondary producer share; assigned zero,,0.0,0.0,No 2024 secondary production estimate; assigned zero share,0.0,0.0,,Existing values retained through 2024; 2025 extrapolated using a country-level OLS linear trend fitted over 2019-2024 and floored at zero; Zijie regional growth indexed to 2025 thereafter,0.0,0.0,0.0,0.0,0.0,0.0,0.0,0.0,0.0,0.0,0.0,0.0,0.0,0.0,0.0,0.0,0.0,0.0,0.0,0.0,0.0,0.0,0.0,0.0,0.0,0.0,0.0,0.0,0.0,0.0,0.0,0.0
Pakistan,PK,PAK,ASO,Other Asia,Aluminium scrap,kt,0.0,0.0,0.0,No 2019 secondary producer share; assigned zero,,0.0,0.0,No 2024 secondary production estimate; assigned zero share,0.0,0.0,,Existing values retained through 2024; 2025 extrapolated using a country-level OLS linear trend fitted over 2019-2024 and floored at zero; Zijie regional growth indexed to 2025 thereafter,0.0,0.0,0.0,0.0,0.0,0.0,0.0,0.0,0.0,0.0,0.0,0.0,0.0,0.0,0.0,0.0,0.0,0.0,0.0,0.0,0.0,0.0,0.0,0.0,0.0,0.0,0.0,0.0,0.0,0.0,0.0,0.0
Bhutan,BT,BTN,ASO,Rest of World,Aluminium scrap,kt,0.0,0.0,0.0,No 2019 secondary producer share; assigned zero,,0.0,0.0,No 2024 secondary production estimate; assigned zero share,0.0,0.0,,Existing values retained through 2024; 2025 extrapolated using a country-level OLS linear trend fitted over 2019-2024 and floored at zero; Zijie regional growth indexed to 2025 thereafter,0.0,0.0,0.0,0.0,0.0,0.0,0.0,0.0,0.0,0.0,0.0,0.0,0.0,0.0,0.0,0.0,0.0,0.0,0.0,0.0,0.0,0.0,0.0,0.0,0.0,0.0,0.0,0.0,0.0,0.0,0.0,0.0
Maldives,MV,MDV,ASO,Rest of World,Aluminium scrap,kt,0.0,0.0,0.0,No 2019 secondary producer share; assigned zero,,0.0,0.0,No 2024 secondary production estimate; assigned zero share,0.0,0.0,,Existing values retained through 2024; 2025 extrapolated using a country-level OLS linear trend fitted over 2019-2024 and floored at zero; Zijie regional growth indexed to 2025 thereafter,0.0,0.0,0.0,0.0,0.0,0.0,0.0,0.0,0.0,0.0,0.0,0.0,0.0,0.0,0.0,0.0,0.0,0.0,0.0,0.0,0.0,0.0,0.0,0.0,0.0,0.0,0.0,0.0,0.0,0.0,0.0,0.0
Japan,JP,JPN,JPN,Japan,Aluminium scrap,kt,1994.8846597767408,1320.0,1.0,Scrap allocated using OMNIA-controlled 2019 secondary country share,Japan,695.0,1.0,Zijie 2024 regional total allocated using country shares from secondary_aluminium_production_estimates_2024.xlsx,-16.9934106452548,1892.924195905212,0.8849945748317448,Existing values retained through 2024; 2025 extrapolated using a country-level OLS linear trend fitted over 2019-2024 and floored at zero; Zijie regional growth indexed to 2025 thereafter,1994.8846597767408,1977.891249131486,1960.8978384862312,1943.9044278409765,1926.9110171957216,1909.917606550467,1892.924195905212,1818.4755667501245,1752.6783507373375,1694.943590779765,1644.374141526916,1600.0322627991638,1561.4232335408278,1528.6478713626875,1501.7613608544937,1480.6273693978242,1465.294407442918,1456.4232678290007,1453.6297808673587,1456.477030024683,1464.1186714949868,1475.372328502299,1489.0041456366291,1504.6597459541508,1521.0009200318887,1535.9438116204715,1548.407704640068,1557.7040559119969,1563.3672720391849,1564.733813419237,1561.3529850981931,1553.4374933258423
"Taiwan, Province of China",TW,TWN,SKT,Other Asia,Aluminium scrap,kt,0.0,0.0,0.0,No 2019 secondary producer share; assigned zero,Taiwan,350.0,0.0733598826241878,Zijie 2024 regional total allocated using country shares from secondary_aluminium_production_estimates_2024.xlsx,78.0789920905655,468.473952543393,1.1216607862951935,Existing values retained through 2024; 2025 extrapolated using a country-level OLS linear trend fitted over 2019-2024 and floored at zero; Zijie regional growth indexed to 2025 thereafter,0.0,78.0789920905655,156.157984181131,234.23697627169648,312.315968362262,390.3949604528275,468.473952543393,503.716724903591,540.1972006403528,578.0913889917698,617.4003855082445,658.1274218913906,700.056710341998,742.8729375326922,786.3387148818515,830.2543163571313,874.4998362873184,919.0828459156126,964.0473260818284,1009.5666161618755,1055.8738018841705,1103.0653948811773,1151.2989079649856,1200.5394005706703,1250.59605563909,1301.3678477277917,1352.6619122924158,1404.163332153868,1455.5527079425838,1506.7050535993023,1557.570816682083,1608.0725389294412
Republic of Korea,KR,KOR,SKT,Other Asia,Aluminium scrap,kt,1661.9422652921207,2000.0,0.5376344086021505,Scrap allocated using OMNIA-controlled 2019 secondary country share,Republic of Korea,900.0,0.1886396981764829,Zijie 2024 regional total allocated using country shares from secondary_aluminium_production_estimates_2024.xlsx,-131.6139019683986,872.2588534817289,0.8121701232697264,Existing values retained through 2024; 2025 extrapolated using a country-level OLS linear trend fitted over 2019-2024 and floored at zero; Zijie regional growth indexed to 2025 thereafter,1661.9422652921207,1530.3283633237222,1398.7144613553237,1267.100559386925,1135.4866574185262,1003.8727554501278,872.2588534817289,937.8779130805151,1005.8014716217309,1076.3572434113398,1149.5472682714767,1225.3775633570526,1303.4463500476936,1383.1665416122582,1464.0961406015597,1545.8632740458463,1628.2446877327327,1711.254478676315,1794.9745354783045,1879.7276013872279,1965.9476623037485,2053.8144147198987,2143.6211341617472,2235.3027642543657,2328.504019782155,2423.0367999208793,2518.542007210739,2614.4332925151666,2710.1159612382585,2805.3572999150288,2900.065046092123,2994.0949790418167
Australia,AU,AUS,ANZ,Other main producer,Aluminium scrap,kt,1029.6257710748,719.2087454450807,0.5611036980776043,Scrap allocated using OMNIA-controlled 2019 secondary country share,Australia,5.0,0.0080385852090032,Zijie 2024 regional total allocated using country shares from secondary_aluminium_production_estimates_2024.xlsx,-202.4091865373941,-184.82934814956468,0.0,Existing values retained through 2024; 2025 extrapolated using a country-level OLS linear trend fitted over 2019-2024 and floored at zero; Zijie regional growth indexed to 2025 thereafter,1029.6257710748,827.2165845374059,624.8073980000117,422.3982114626176,219.98902492522336,17.579838387829234,0.0,0.0,0.0,0.0,0.0,0.0,0.0,0.0,0.0,0.0,0.0,0.0,0.0,0.0,0.0,0.0,0.0,0.0,0.0,0.0,0.0,0.0,0.0,0.0,0.0,0.0
New Zealand,NZ,NZL,ANZ,Other main producer,Aluminium scrap,kt,230.1902201574872,160.79125455491933,0.1254442025638465,Scrap allocated using OMNIA-controlled 2019 secondary country share,New Zealand,20.0,0.0321543408360128,Zijie 2024 regional total allocated using country shares from secondary_aluminium_production_estimates_2024.xlsx,-31.974173321234055,38.34518023008286,0.4785895338712321,Existing values retained through 2024; 2025 extrapolated using a country-level OLS linear trend fitted over 2019-2024 and floored at zero; Zijie regional growth indexed to 2025 thereafter,230.1902201574872,198.21604683625316,166.24187351501908,134.26770019378503,102.29352687255098,70.31935355131694,38.34518023008286,38.79783664981844,39.23941262934287,39.56580366366812,39.86097568956465,40.15303299315092,40.47713672458113,40.87020867219735,41.34219387907115,41.89562170030095,42.52102431423515,43.193020807725055,43.88830149628023,44.60088444260894,45.329869155342884,46.07806393510929,46.850573291469814,47.639369719281525,48.4424763727326,49.26347507146938,50.09907407476977,50.94504320437399,51.78949902428722,52.62774154597946,53.46484226614038,54.319402703336586
United States of America,US,USA,USA,North America,Aluminium scrap,kt,4776.116982263704,3870.0,0.6935483870967742,Scrap allocated using OMNIA-controlled 2019 secondary country share,United States,3600.0,0.8888888888888888,Zijie 2024 regional total allocated using country shares from secondary_aluminium_production_estimates_2024.xlsx,298.48544981435094,6567.029681149809,1.0595367858106985,Existing values retained through 2024; 2025 extrapolated using a country-level OLS linear trend fitted over 2019-2024 and floored at zero; Zijie regional growth indexed to 2025 thereafter,4776.116982263704,5074.602432078055,5373.087881892406,5671.573331706757,5970.058781521107,6268.544231335459,6567.029681149809,6604.2432778695165,6649.365099279599,6704.6280001885225,6764.770068091379,6828.930135168576,6899.398146286329,6974.025265696846,7052.180534658361,7134.570165024769,7219.262810445415,7305.424127942746,7394.342642271968,7483.890502820417,7570.590898690021,7654.798278107231,7737.879695776396,7819.3745023666215,7895.88167272464,7966.287998767518,8033.452103486609,8095.016287326739,8152.371010398034,8205.671196784484,8253.068516775455,8297.259900288642
Canada,CA,CAN,CAN,North America,Aluminium scrap,kt,2110.3772712328,1710.0,0.3064516129032258,Scrap allocated using OMNIA-controlled 2019 secondary country share,Canada,450.0,0.1111111111111111,Zijie 2024 regional total allocated using country shares from secondary_aluminium_production_estimates_2024.xlsx,-265.3618484631736,518.2061804537583,0.6688667936449226,Existing values retained through 2024; 2025 extrapolated using a country-level OLS linear trend fitted over 2019-2024 and floored at zero; Zijie regional growth indexed to 2025 thereafter,2110.3772712328,1845.0154227696264,1579.6535743064526,1314.2917258432792,1048.9298773801056,783.5680289169323,518.2061804537583,521.1427159581463,524.7032917227348,529.0641029557052,533.8099306442854,538.8728197908304,544.43347059622,550.3223178202544,556.4895723291135,562.990961501105,569.674082246232,576.4730963227662,583.489681585725,590.5559287378915,597.397481642149,604.0423099088873,610.5982882137521,617.0290665869883,623.0662691661629,628.6220523847448,633.9219909962576,638.780038258039,643.3059157729637,647.511848644575,651.2519846495587,654.7391392949945
Argentina,AR,ARG,LAM,South America,Aluminium scrap,kt,310.2579586709866,255.2183908045977,0.1772349936143039,Scrap allocated using OMNIA-controlled 2019 secondary country share,Argentina,100.0,0.0566572237960339,Zijie 2024 regional total allocated using country shares from secondary_aluminium_production_estimates_2024.xlsx,-37.6157588086339,84.56340581918323,0.6673982643168693,Existing values retained through 2024; 2025 extrapolated using a country-level OLS linear trend fitted over 2019-2024 and floored at zero; Zijie regional growth indexed to 2025 thereafter,310.2579586709866,272.6421998623527,235.02644105371883,197.4106822450849,159.794923436451,122.1791646278171,84.56340581918323,87.87404073403445,91.02352365860514,94.05275752598753,97.01658189692915,99.9608362562934,102.90081999096022,105.83929654554845,108.76181869937525,111.65578401933524,114.49229103356967,117.25018113578699,119.94005025749483,122.58424847301782,125.2027105752363,127.82043719897767,130.45179703696104,133.10530141015673,135.78338379394896,138.47058834009536,141.14984860721256,143.7995715266509,146.4044678446776,148.94219971200482,151.3977641174408,153.78416619371458
Venezuela (Bolivarian Republic of),VE,VEN,LAM,South America,Aluminium scrap,kt,5.8127954786133325,4.781609195402298,0.0033205619412515,Scrap allocated using OMNIA-controlled 2019 secondary country share,Venezuela,15.0,0.0084985835694051,Zijie 2024 regional total allocated using country shares from secondary_aluminium_production_estimates_2024.xlsx,2.502815843111847,20.829690537284414,1.0959586420132517,Existing values retained through 2024; 2025 extrapolated using a country-level OLS linear trend fitted over 2019-2024 and floored at zero; Zijie regional growth indexed to 2025 thereafter,5.8127954786133325,8.315611321725179,10.818427164837026,13.321243007948873,15.82405885106072,18.326874694172567,20.829690537284414,21.64516739858458,22.42094923986405,23.167111287281525,23.89716164246212,24.62239150488916,25.34656942540365,26.07037609674344,26.790252873971827,27.503095520935386,28.201785016006983,28.881109563174103,29.543679156347483,30.19499907440226,30.839979663162385,31.484779088582098,32.13293665255995,32.786548866940024,33.446215146311786,34.108128400211456,34.76808481625534,35.420765581496354,36.062404641094155,36.687499727449335,37.29235529309401,37.880174767307274
Colombia,CO,COL,LAM,Rest of World,Aluminium scrap,kt,0.0,0.0,0.0,No 2019 secondary producer share; assigned zero,,0.0,0.0,No 2024 secondary production estimate; assigned zero share,0.0,0.0,,Existing values retained through 2024; 2025 extrapolated using a country-level OLS linear trend fitted over 2019-2024 and floored at zero; Zijie regional growth indexed to 2025 thereafter,0.0,0.0,0.0,0.0,0.0,0.0,0.0,0.0,0.0,0.0,0.0,0.0,0.0,0.0,0.0,0.0,0.0,0.0,0.0,0.0,0.0,0.0,0.0,0.0,0.0,0.0,0.0,0.0,0.0,0.0,0.0,0.0
Peru,PE,PER,LAM,Rest of World,Aluminium scrap,kt,0.0,0.0,0.0,No 2019 secondary producer share; assigned zero,,0.0,0.0,No 2024 secondary production estimate; assigned zero share,0.0,0.0,,Existing values retained through 2024; 2025 extrapolated using a country-level OLS linear trend fitted over 2019-2024 and floored at zero; Zijie regional growth indexed to 2025 thereafter,0.0,0.0,0.0,0.0,0.0,0.0,0.0,0.0,0.0,0.0,0.0,0.0,0.0,0.0,0.0,0.0,0.0,0.0,0.0,0.0,0.0,0.0,0.0,0.0,0.0,0.0,0.0,0.0,0.0,0.0,0.0,0.0
Trinidad and Tobago,TT,TTO,LAM,Rest of World,Aluminium scrap,kt,0.0,0.0,0.0,No 2019 secondary producer share; assigned zero,,0.0,0.0,No 2024 secondary production estimate; assigned zero share,0.0,0.0,,Existing values retained through 2024; 2025 extrapolated using a country-level OLS linear trend fitted over 2019-2024 and floored at zero; Zijie regional growth indexed to 2025 thereafter,0.0,0.0,0.0,0.0,0.0,0.0,0.0,0.0,0.0,0.0,0.0,0.0,0.0,0.0,0.0,0.0,0.0,0.0,0.0,0.0,0.0,0.0,0.0,0.0,0.0,0.0,0.0,0.0,0.0,0.0,0.0,0.0
Ecuador,EC,ECU,LAM,Rest of World,Aluminium scrap,kt,0.0,0.0,0.0,No 2019 secondary producer share; assigned zero,,0.0,0.0,No 2024 secondary production estimate; assigned zero share,0.0,0.0,,Existing values retained through 2024; 2025 extrapolated using a country-level OLS linear trend fitted over 2019-2024 and floored at zero; Zijie regional growth indexed to 2025 thereafter,0.0,0.0,0.0,0.0,0.0,0.0,0.0,0.0,0.0,0.0,0.0,0.0,0.0,0.0,0.0,0.0,0.0,0.0,0.0,0.0,0.0,0.0,0.0,0.0,0.0,0.0,0.0,0.0,0.0,0.0,0.0,0.0
Guatemala,GT,GTM,LAM,Rest of World,Aluminium scrap,kt,0.0,0.0,0.0,No 2019 secondary producer share; assigned zero,,0.0,0.0,No 2024 secondary production estimate; assigned zero share,0.0,0.0,,Existing values retained through 2024; 2025 extrapolated using a country-level OLS linear trend fitted over 2019-2024 and floored at zero; Zijie regional growth indexed to 2025 thereafter,0.0,0.0,0.0,0.0,0.0,0.0,0.0,0.0,0.0,0.0,0.0,0.0,0.0,0.0,0.0,0.0,0.0,0.0,0.0,0.0,0.0,0.0,0.0,0.0,0.0,0.0,0.0,0.0,0.0,0.0,0.0,0.0
Cuba,CU,CUB,LAM,Rest of World,Aluminium scrap,kt,0.0,0.0,0.0,No 2019 secondary producer share; assigned zero,,0.0,0.0,No 2024 secondary production estimate; assigned zero share,0.0,0.0,,Existing values retained through 2024; 2025 extrapolated using a country-level OLS linear trend fitted over 2019-2024 and floored at zero; Zijie regional growth indexed to 2025 thereafter,0.0,0.0,0.0,0.0,0.0,0.0,0.0,0.0,0.0,0.0,0.0,0.0,0.0,0.0,0.0,0.0,0.0,0.0,0.0,0.0,0.0,0.0,0.0,0.0,0.0,0.0,0.0,0.0,0.0,0.0,0.0,0.0
Bolivia (Plurinational State of),BO,BOL,LAM,Rest of World,Aluminium scrap,kt,0.0,0.0,0.0,No 2019 secondary producer share; assigned zero,,0.0,0.0,No 2024 secondary production estimate; assigned zero share,0.0,0.0,,Existing values retained through 2024; 2025 extrapolated using a country-level OLS linear trend fitted over 2019-2024 and floored at zero; Zijie regional growth indexed to 2025 thereafter,0.0,0.0,0.0,0.0,0.0,0.0,0.0,0.0,0.0,0.0,0.0,0.0,0.0,0.0,0.0,0.0,0.0,0.0,0.0,0.0,0.0,0.0,0.0,0.0,0.0,0.0,0.0,0.0,0.0,0.0,0.0,0.0
Dominican Republic,DO,DOM,LAM,South America,Aluminium scrap,kt,0.0,0.0,0.0,No 2019 secondary producer share; assigned zero,,0.0,0.0,No 2024 secondary production estimate; assigned zero share,0.0,0.0,,Existing values retained through 2024; 2025 extrapolated using a country-level OLS linear trend fitted over 2019-2024 and floored at zero; Zijie regional growth indexed to 2025 thereafter,0.0,0.0,0.0,0.0,0.0,0.0,0.0,0.0,0.0,0.0,0.0,0.0,0.0,0.0,0.0,0.0,0.0,0.0,0.0,0.0,0.0,0.0,0.0,0.0,0.0,0.0,0.0,0.0,0.0,0.0,0.0,0.0
Honduras,HN,HND,LAM,Rest of World,Aluminium scrap,kt,0.0,0.0,0.0,No 2019 secondary producer share; assigned zero,,0.0,0.0,No 2024 secondary production estimate; assigned zero share,0.0,0.0,,Existing values retained through 2024; 2025 extrapolated using a country-level OLS linear trend fitted over 2019-2024 and floored at zero; Zijie regional growth indexed to 2025 thereafter,0.0,0.0,0.0,0.0,0.0,0.0,0.0,0.0,0.0,0.0,0.0,0.0,0.0,0.0,0.0,0.0,0.0,0.0,0.0,0.0,0.0,0.0,0.0,0.0,0.0,0.0,0.0,0.0,0.0,0.0,0.0,0.0
Paraguay,PY,PRY,LAM,Rest of World,Aluminium scrap,kt,0.0,0.0,0.0,No 2019 secondary producer share; assigned zero,,0.0,0.0,No 2024 secondary production estimate; assigned zero share,0.0,0.0,,Existing values retained through 2024; 2025 extrapolated using a country-level OLS linear trend fitted over 2019-2024 and floored at zero; Zijie regional growth indexed to 2025 thereafter,0.0,0.0,0.0,0.0,0.0,0.0,0.0,0.0,0.0,0.0,0.0,0.0,0.0,0.0,0.0,0.0,0.0,0.0,0.0,0.0,0.0,0.0,0.0,0.0,0.0,0.0,0.0,0.0,0.0,0.0,0.0,0.0
Uruguay,UY,URY,LAM,Rest of World,Aluminium scrap,kt,0.0,0.0,0.0,No 2019 secondary producer share; assigned zero,,0.0,0.0,No 2024 secondary production estimate; assigned zero share,0.0,0.0,,Existing values retained through 2024; 2025 extrapolated using a country-level OLS linear trend fitted over 2019-2024 and floored at zero; Zijie regional growth indexed to 2025 thereafter,0.0,0.0,0.0,0.0,0.0,0.0,0.0,0.0,0.0,0.0,0.0,0.0,0.0,0.0,0.0,0.0,0.0,0.0,0.0,0.0,0.0,0.0,0.0,0.0,0.0,0.0,0.0,0.0,0.0,0.0,0.0,0.0
Costa Rica,CR,CRI,LAM,Rest of World,Aluminium scrap,kt,0.0,0.0,0.0,No 2019 secondary producer share; assigned zero,,0.0,0.0,No 2024 secondary production estimate; assigned zero share,0.0,0.0,,Existing values retained through 2024; 2025 extrapolated using a country-level OLS linear trend fitted over 2019-2024 and floored at zero; Zijie regional growth indexed to 2025 thereafter,0.0,0.0,0.0,0.0,0.0,0.0,0.0,0.0,0.0,0.0,0.0,0.0,0.0,0.0,0.0,0.0,0.0,0.0,0.0,0.0,0.0,0.0,0.0,0.0,0.0,0.0,0.0,0.0,0.0,0.0,0.0,0.0
El Salvador,SV,SLV,LAM,Rest of World,Aluminium scrap,kt,0.0,0.0,0.0,No 2019 secondary producer share; assigned zero,,0.0,0.0,No 2024 secondary production estimate; assigned zero share,0.0,0.0,,Existing values retained through 2024; 2025 extrapolated using a country-level OLS linear trend fitted over 2019-2024 and floored at zero; Zijie regional growth indexed to 2025 thereafter,0.0,0.0,0.0,0.0,0.0,0.0,0.0,0.0,0.0,0.0,0.0,0.0,0.0,0.0,0.0,0.0,0.0,0.0,0.0,0.0,0.0,0.0,0.0,0.0,0.0,0.0,0.0,0.0,0.0,0.0,0.0,0.0
Haiti,HT,HTI,LAM,South America,Aluminium scrap,kt,0.0,0.0,0.0,No 2019 secondary producer share; assigned zero,,0.0,0.0,No 2024 secondary production estimate; assigned zero share,0.0,0.0,,Existing values retained through 2024; 2025 extrapolated using a country-level OLS linear trend fitted over 2019-2024 and floored at zero; Zijie regional growth indexed to 2025 thereafter,0.0,0.0,0.0,0.0,0.0,0.0,0.0,0.0,0.0,0.0,0.0,0.0,0.0,0.0,0.0,0.0,0.0,0.0,0.0,0.0,0.0,0.0,0.0,0.0,0.0,0.0,0.0,0.0,0.0,0.0,0.0,0.0
Panama,PA,PAN,LAM,Rest of World,Aluminium scrap,kt,0.0,0.0,0.0,No 2019 secondary producer share; assigned zero,,0.0,0.0,No 2024 secondary production estimate; assigned zero share,0.0,0.0,,Existing values retained through 2024; 2025 extrapolated using a country-level OLS linear trend fitted over 2019-2024 and floored at zero; Zijie regional growth indexed to 2025 thereafter,0.0,0.0,0.0,0.0,0.0,0.0,0.0,0.0,0.0,0.0,0.0,0.0,0.0,0.0,0.0,0.0,0.0,0.0,0.0,0.0,0.0,0.0,0.0,0.0,0.0,0.0,0.0,0.0,0.0,0.0,0.0,0.0
Nicaragua,NI,NIC,LAM,Rest of World,Aluminium scrap,kt,0.0,0.0,0.0,No 2019 secondary producer share; assigned zero,,0.0,0.0,No 2024 secondary production estimate; assigned zero share,0.0,0.0,,Existing values retained through 2024; 2025 extrapolated using a country-level OLS linear trend fitted over 2019-2024 and floored at zero; Zijie regional growth indexed to 2025 thereafter,0.0,0.0,0.0,0.0,0.0,0.0,0.0,0.0,0.0,0.0,0.0,0.0,0.0,0.0,0.0,0.0,0.0,0.0,0.0,0.0,0.0,0.0,0.0,0.0,0.0,0.0,0.0,0.0,0.0,0.0,0.0,0.0
Jamaica,JM,JAM,LAM,South America,Aluminium scrap,kt,0.0,0.0,0.0,No 2019 secondary producer share; assigned zero,,0.0,0.0,No 2024 secondary production estimate; assigned zero share,0.0,0.0,,Existing values retained through 2024; 2025 extrapolated using a country-level OLS linear trend fitted over 2019-2024 and floored at zero; Zijie regional growth indexed to 2025 thereafter,0.0,0.0,0.0,0.0,0.0,0.0,0.0,0.0,0.0,0.0,0.0,0.0,0.0,0.0,0.0,0.0,0.0,0.0,0.0,0.0,0.0,0.0,0.0,0.0,0.0,0.0,0.0,0.0,0.0,0.0,0.0,0.0
Curaçao,CW,CUW,LAM,Rest of World,Aluminium scrap,kt,0.0,0.0,0.0,No 2019 secondary producer share; assigned zero,,0.0,0.0,No 2024 secondary production estimate; assigned zero share,0.0,0.0,,Existing values retained through 2024; 2025 extrapolated using a country-level OLS linear trend fitted over 2019-2024 and floored at zero; Zijie regional growth indexed to 2025 thereafter,0.0,0.0,0.0,0.0,0.0,0.0,0.0,0.0,0.0,0.0,0.0,0.0,0.0,0.0,0.0,0.0,0.0,0.0,0.0,0.0,0.0,0.0,0.0,0.0,0.0,0.0,0.0,0.0,0.0,0.0,0.0,0.0
Suriname,SR,SUR,LAM,South America,Aluminium scrap,kt,0.0,0.0,0.0,No 2019 secondary producer share; assigned zero,,0.0,0.0,No 2024 secondary production estimate; assigned zero share,0.0,0.0,,Existing values retained through 2024; 2025 extrapolated using a country-level OLS linear trend fitted over 2019-2024 and floored at zero; Zijie regional growth indexed to 2025 thereafter,0.0,0.0,0.0,0.0,0.0,0.0,0.0,0.0,0.0,0.0,0.0,0.0,0.0,0.0,0.0,0.0,0.0,0.0,0.0,0.0,0.0,0.0,0.0,0.0,0.0,0.0,0.0,0.0,0.0,0.0,0.0,0.0
Antigua and Barbuda,AG,ATG,LAM,Rest of World,Aluminium scrap,kt,0.0,0.0,0.0,No 2019 secondary producer share; assigned zero,,0.0,0.0,No 2024 secondary production estimate; assigned zero share,0.0,0.0,,Existing values retained through 2024; 2025 extrapolated using a country-level OLS linear trend fitted over 2019-2024 and floored at zero; Zijie regional growth indexed to 2025 thereafter,0.0,0.0,0.0,0.0,0.0,0.0,0.0,0.0,0.0,0.0,0.0,0.0,0.0,0.0,0.0,0.0,0.0,0.0,0.0,0.0,0.0,0.0,0.0,0.0,0.0,0.0,0.0,0.0,0.0,0.0,0.0,0.0
Aruba,AW,ABW,LAM,Rest of World,Aluminium scrap,kt,0.0,0.0,0.0,No 2019 secondary producer share; assigned zero,,0.0,0.0,No 2024 secondary production estimate; assigned zero share,0.0,0.0,,Existing values retained through 2024; 2025 extrapolated using a country-level OLS linear trend fitted over 2019-2024 and floored at zero; Zijie regional growth indexed to 2025 thereafter,0.0,0.0,0.0,0.0,0.0,0.0,0.0,0.0,0.0,0.0,0.0,0.0,0.0,0.0,0.0,0.0,0.0,0.0,0.0,0.0,0.0,0.0,0.0,0.0,0.0,0.0,0.0,0.0,0.0,0.0,0.0,0.0
Bahamas,BS,BHS,LAM,Rest of World,Aluminium scrap,kt,0.0,0.0,0.0,No 2019 secondary producer share; assigned zero,,0.0,0.0,No 2024 secondary production estimate; assigned zero share,0.0,0.0,,Existing values retained through 2024; 2025 extrapolated using a country-level OLS linear trend fitted over 2019-2024 and floored at zero; Zijie regional growth indexed to 2025 thereafter,0.0,0.0,0.0,0.0,0.0,0.0,0.0,0.0,0.0,0.0,0.0,0.0,0.0,0.0,0.0,0.0,0.0,0.0,0.0,0.0,0.0,0.0,0.0,0.0,0.0,0.0,0.0,0.0,0.0,0.0,0.0,0.0
Barbados,BB,BRB,LAM,Rest of World,Aluminium scrap,kt,0.0,0.0,0.0,No 2019 secondary producer share; assigned zero,,0.0,0.0,No 2024 secondary production estimate; assigned zero share,0.0,0.0,,Existing values retained through 2024; 2025 extrapolated using a country-level OLS linear trend fitted over 2019-2024 and floored at zero; Zijie regional growth indexed to 2025 thereafter,0.0,0.0,0.0,0.0,0.0,0.0,0.0,0.0,0.0,0.0,0.0,0.0,0.0,0.0,0.0,0.0,0.0,0.0,0.0,0.0,0.0,0.0,0.0,0.0,0.0,0.0,0.0,0.0,0.0,0.0,0.0,0.0
Belize,BZ,BLZ,LAM,Rest of World,Aluminium scrap,kt,0.0,0.0,0.0,No 2019 secondary producer share; assigned zero,,0.0,0.0,No 2024 secondary production estimate; assigned zero share,0.0,0.0,,Existing values retained through 2024; 2025 extrapolated using a country-level OLS linear trend fitted over 2019-2024 and floored at zero; Zijie regional growth indexed to 2025 thereafter,0.0,0.0,0.0,0.0,0.0,0.0,0.0,0.0,0.0,0.0,0.0,0.0,0.0,0.0,0.0,0.0,0.0,0.0,0.0,0.0,0.0,0.0,0.0,0.0,0.0,0.0,0.0,0.0,0.0,0.0,0.0,0.0
Bermuda,BM,BMU,LAM,Rest of World,Aluminium scrap,kt,0.0,0.0,0.0,No 2019 secondary producer share; assigned zero,,0.0,0.0,No 2024 secondary production estimate; assigned zero share,0.0,0.0,,Existing values retained through 2024; 2025 extrapolated using a country-level OLS linear trend fitted over 2019-2024 and floored at zero; Zijie regional growth indexed to 2025 thereafter,0.0,0.0,0.0,0.0,0.0,0.0,0.0,0.0,0.0,0.0,0.0,0.0,0.0,0.0,0.0,0.0,0.0,0.0,0.0,0.0,0.0,0.0,0.0,0.0,0.0,0.0,0.0,0.0,0.0,0.0,0.0,0.0
British Virgin Islands,VG,VGB,LAM,Rest of World,Aluminium scrap,kt,0.0,0.0,0.0,No 2019 secondary producer share; assigned zero,,0.0,0.0,No 2024 secondary production estimate; assigned zero share,0.0,0.0,,Existing values retained through 2024; 2025 extrapolated using a country-level OLS linear trend fitted over 2019-2024 and floored at zero; Zijie regional growth indexed to 2025 thereafter,0.0,0.0,0.0,0.0,0.0,0.0,0.0,0.0,0.0,0.0,0.0,0.0,0.0,0.0,0.0,0.0,0.0,0.0,0.0,0.0,0.0,0.0,0.0,0.0,0.0,0.0,0.0,0.0,0.0,0.0,0.0,0.0
Cayman Islands,KY,CYM,LAM,Rest of World,Aluminium scrap,kt,0.0,0.0,0.0,No 2019 secondary producer share; assigned zero,,0.0,0.0,No 2024 secondary production estimate; assigned zero share,0.0,0.0,,Existing values retained through 2024; 2025 extrapolated using a country-level OLS linear trend fitted over 2019-2024 and floored at zero; Zijie regional growth indexed to 2025 thereafter,0.0,0.0,0.0,0.0,0.0,0.0,0.0,0.0,0.0,0.0,0.0,0.0,0.0,0.0,0.0,0.0,0.0,0.0,0.0,0.0,0.0,0.0,0.0,0.0,0.0,0.0,0.0,0.0,0.0,0.0,0.0,0.0
Dominica,DM,DMA,LAM,Rest of World,Aluminium scrap,kt,0.0,0.0,0.0,No 2019 secondary producer share; assigned zero,,0.0,0.0,No 2024 secondary production estimate; assigned zero share,0.0,0.0,,Existing values retained through 2024; 2025 extrapolated using a country-level OLS linear trend fitted over 2019-2024 and floored at zero; Zijie regional growth indexed to 2025 thereafter,0.0,0.0,0.0,0.0,0.0,0.0,0.0,0.0,0.0,0.0,0.0,0.0,0.0,0.0,0.0,0.0,0.0,0.0,0.0,0.0,0.0,0.0,0.0,0.0,0.0,0.0,0.0,0.0,0.0,0.0,0.0,0.0
Falkland Islands (Malvinas),FK,FLK,LAM,Rest of World,Aluminium scrap,kt,0.0,0.0,0.0,No 2019 secondary producer share; assigned zero,,0.0,0.0,No 2024 secondary production estimate; assigned zero share,0.0,0.0,,Existing values retained through 2024; 2025 extrapolated using a country-level OLS linear trend fitted over 2019-2024 and floored at zero; Zijie regional growth indexed to 2025 thereafter,0.0,0.0,0.0,0.0,0.0,0.0,0.0,0.0,0.0,0.0,0.0,0.0,0.0,0.0,0.0,0.0,0.0,0.0,0.0,0.0,0.0,0.0,0.0,0.0,0.0,0.0,0.0,0.0,0.0,0.0,0.0,0.0
Guyana,GY,GUY,LAM,South America,Aluminium scrap,kt,0.0,0.0,0.0,No 2019 secondary producer share; assigned zero,,0.0,0.0,No 2024 secondary production estimate; assigned zero share,0.0,0.0,,Existing values retained through 2024; 2025 extrapolated using a country-level OLS linear trend fitted over 2019-2024 and floored at zero; Zijie regional growth indexed to 2025 thereafter,0.0,0.0,0.0,0.0,0.0,0.0,0.0,0.0,0.0,0.0,0.0,0.0,0.0,0.0,0.0,0.0,0.0,0.0,0.0,0.0,0.0,0.0,0.0,0.0,0.0,0.0,0.0,0.0,0.0,0.0,0.0,0.0
Grenada,GD,GRD,LAM,Rest of World,Aluminium scrap,kt,0.0,0.0,0.0,No 2019 secondary producer share; assigned zero,,0.0,0.0,No 2024 secondary production estimate; assigned zero share,0.0,0.0,,Existing values retained through 2024; 2025 extrapolated using a country-level OLS linear trend fitted over 2019-2024 and floored at zero; Zijie regional growth indexed to 2025 thereafter,0.0,0.0,0.0,0.0,0.0,0.0,0.0,0.0,0.0,0.0,0.0,0.0,0.0,0.0,0.0,0.0,0.0,0.0,0.0,0.0,0.0,0.0,0.0,0.0,0.0,0.0,0.0,0.0,0.0,0.0,0.0,0.0
Guadeloupe,GP,GLP,LAM,Rest of World,Aluminium scrap,kt,0.0,0.0,0.0,No 2019 secondary producer share; assigned zero,,0.0,0.0,No 2024 secondary production estimate; assigned zero share,0.0,0.0,,Existing values retained through 2024; 2025 extrapolated using a country-level OLS linear trend fitted over 2019-2024 and floored at zero; Zijie regional growth indexed to 2025 thereafter,0.0,0.0,0.0,0.0,0.0,0.0,0.0,0.0,0.0,0.0,0.0,0.0,0.0,0.0,0.0,0.0,0.0,0.0,0.0,0.0,0.0,0.0,0.0,0.0,0.0,0.0,0.0,0.0,0.0,0.0,0.0,0.0
Cooperative Republic of Guyana,GY,GUY,LAM,South America,Aluminium scrap,kt,0.0,0.0,0.0,No 2019 secondary producer share; assigned zero,,0.0,0.0,No 2024 secondary production estimate; assigned zero share,0.0,0.0,,Existing values retained through 2024; 2025 extrapolated using a country-level OLS linear trend fitted over 2019-2024 and floored at zero; Zijie regional growth indexed to 2025 thereafter,0.0,0.0,0.0,0.0,0.0,0.0,0.0,0.0,0.0,0.0,0.0,0.0,0.0,0.0,0.0,0.0,0.0,0.0,0.0,0.0,0.0,0.0,0.0,0.0,0.0,0.0,0.0,0.0,0.0,0.0,0.0,0.0
Martinique,MQ,MTQ,LAM,Rest of World,Aluminium scrap,kt,0.0,0.0,0.0,No 2019 secondary producer share; assigned zero,,0.0,0.0,No 2024 secondary production estimate; assigned zero share,0.0,0.0,,Existing values retained through 2024; 2025 extrapolated using a country-level OLS linear trend fitted over 2019-2024 and floored at zero; Zijie regional growth indexed to 2025 thereafter,0.0,0.0,0.0,0.0,0.0,0.0,0.0,0.0,0.0,0.0,0.0,0.0,0.0,0.0,0.0,0.0,0.0,0.0,0.0,0.0,0.0,0.0,0.0,0.0,0.0,0.0,0.0,0.0,0.0,0.0,0.0,0.0
Montserrat,MS,MSR,LAM,Rest of World,Aluminium scrap,kt,0.0,0.0,0.0,No 2019 secondary producer share; assigned zero,,0.0,0.0,No 2024 secondary production estimate; assigned zero share,0.0,0.0,,Existing values retained through 2024; 2025 extrapolated using a country-level OLS linear trend fitted over 2019-2024 and floored at zero; Zijie regional growth indexed to 2025 thereafter,0.0,0.0,0.0,0.0,0.0,0.0,0.0,0.0,0.0,0.0,0.0,0.0,0.0,0.0,0.0,0.0,0.0,0.0,0.0,0.0,0.0,0.0,0.0,0.0,0.0,0.0,0.0,0.0,0.0,0.0,0.0,0.0
Puerto Rico,PR,PRI,LAM,Rest of World,Aluminium scrap,kt,0.0,0.0,0.0,No 2019 secondary producer share; assigned zero,,0.0,0.0,No 2024 secondary production estimate; assigned zero share,0.0,0.0,,Existing values retained through 2024; 2025 extrapolated using a country-level OLS linear trend fitted over 2019-2024 and floored at zero; Zijie regional growth indexed to 2025 thereafter,0.0,0.0,0.0,0.0,0.0,0.0,0.0,0.0,0.0,0.0,0.0,0.0,0.0,0.0,0.0,0.0,0.0,0.0,0.0,0.0,0.0,0.0,0.0,0.0,0.0,0.0,0.0,0.0,0.0,0.0,0.0,0.0
"Bonaire, Sint Eustatius and Saba",BQ,BES,LAM,Rest of World,Aluminium scrap,kt,0.0,0.0,0.0,No 2019 secondary producer share; assigned zero,,0.0,0.0,No 2024 secondary production estimate; assigned zero share,0.0,0.0,,Existing values retained through 2024; 2025 extrapolated using a country-level OLS linear trend fitted over 2019-2024 and floored at zero; Zijie regional growth indexed to 2025 thereafter,0.0,0.0,0.0,0.0,0.0,0.0,0.0,0.0,0.0,0.0,0.0,0.0,0.0,0.0,0.0,0.0,0.0,0.0,0.0,0.0,0.0,0.0,0.0,0.0,0.0,0.0,0.0,0.0,0.0,0.0,0.0,0.0
Saint Kitts and Nevis,KN,KNA,LAM,Rest of World,Aluminium scrap,kt,0.0,0.0,0.0,No 2019 secondary producer share; assigned zero,,0.0,0.0,No 2024 secondary production estimate; assigned zero share,0.0,0.0,,Existing values retained through 2024; 2025 extrapolated using a country-level OLS linear trend fitted over 2019-2024 and floored at zero; Zijie regional growth indexed to 2025 thereafter,0.0,0.0,0.0,0.0,0.0,0.0,0.0,0.0,0.0,0.0,0.0,0.0,0.0,0.0,0.0,0.0,0.0,0.0,0.0,0.0,0.0,0.0,0.0,0.0,0.0,0.0,0.0,0.0,0.0,0.0,0.0,0.0
Saint Lucia,LC,LCA,LAM,Rest of World,Aluminium scrap,kt,0.0,0.0,0.0,No 2019 secondary producer share; assigned zero,,0.0,0.0,No 2024 secondary production estimate; assigned zero share,0.0,0.0,,Existing values retained through 2024; 2025 extrapolated using a country-level OLS linear trend fitted over 2019-2024 and floored at zero; Zijie regional growth indexed to 2025 thereafter,0.0,0.0,0.0,0.0,0.0,0.0,0.0,0.0,0.0,0.0,0.0,0.0,0.0,0.0,0.0,0.0,0.0,0.0,0.0,0.0,0.0,0.0,0.0,0.0,0.0,0.0,0.0,0.0,0.0,0.0,0.0,0.0
Saint Pierre and Miquelon,PM,SPM,LAM,Rest of World,Aluminium scrap,kt,0.0,0.0,0.0,No 2019 secondary producer share; assigned zero,,0.0,0.0,No 2024 secondary production estimate; assigned zero share,0.0,0.0,,Existing values retained through 2024; 2025 extrapolated using a country-level OLS linear trend fitted over 2019-2024 and floored at zero; Zijie regional growth indexed to 2025 thereafter,0.0,0.0,0.0,0.0,0.0,0.0,0.0,0.0,0.0,0.0,0.0,0.0,0.0,0.0,0.0,0.0,0.0,0.0,0.0,0.0,0.0,0.0,0.0,0.0,0.0,0.0,0.0,0.0,0.0,0.0,0.0,0.0
Saint Vincent and the Grenadines,VC,VCT,LAM,Rest of World,Aluminium scrap,kt,0.0,0.0,0.0,No 2019 secondary producer share; assigned zero,,0.0,0.0,No 2024 secondary production estimate; assigned zero share,0.0,0.0,,Existing values retained through 2024; 2025 extrapolated using a country-level OLS linear trend fitted over 2019-2024 and floored at zero; Zijie regional growth indexed to 2025 thereafter,0.0,0.0,0.0,0.0,0.0,0.0,0.0,0.0,0.0,0.0,0.0,0.0,0.0,0.0,0.0,0.0,0.0,0.0,0.0,0.0,0.0,0.0,0.0,0.0,0.0,0.0,0.0,0.0,0.0,0.0,0.0,0.0
Saint Martin,MF,MAF,LAM,Rest of World,Aluminium scrap,kt,0.0,0.0,0.0,No 2019 secondary producer share; assigned zero,,0.0,0.0,No 2024 secondary production estimate; assigned zero share,0.0,0.0,,Existing values retained through 2024; 2025 extrapolated using a country-level OLS linear trend fitted over 2019-2024 and floored at zero; Zijie regional growth indexed to 2025 thereafter,0.0,0.0,0.0,0.0,0.0,0.0,0.0,0.0,0.0,0.0,0.0,0.0,0.0,0.0,0.0,0.0,0.0,0.0,0.0,0.0,0.0,0.0,0.0,0.0,0.0,0.0,0.0,0.0,0.0,0.0,0.0,0.0
Turks and Caicos Islands,TC,TCA,LAM,Rest of World,Aluminium scrap,kt,0.0,0.0,0.0,No 2019 secondary producer share; assigned zero,,0.0,0.0,No 2024 secondary production estimate; assigned zero share,0.0,0.0,,Existing values retained through 2024; 2025 extrapolated using a country-level OLS linear trend fitted over 2019-2024 and floored at zero; Zijie regional growth indexed to 2025 thereafter,0.0,0.0,0.0,0.0,0.0,0.0,0.0,0.0,0.0,0.0,0.0,0.0,0.0,0.0,0.0,0.0,0.0,0.0,0.0,0.0,0.0,0.0,0.0,0.0,0.0,0.0,0.0,0.0,0.0,0.0,0.0,0.0
Sint Maarten (Dutch part),SX,SXM,LAM,Rest of World,Aluminium scrap,kt,0.0,0.0,0.0,No 2019 secondary producer share; assigned zero,,0.0,0.0,No 2024 secondary production estimate; assigned zero share,0.0,0.0,,Existing values retained through 2024; 2025 extrapolated using a country-level OLS linear trend fitted over 2019-2024 and floored at zero; Zijie regional growth indexed to 2025 thereafter,0.0,0.0,0.0,0.0,0.0,0.0,0.0,0.0,0.0,0.0,0.0,0.0,0.0,0.0,0.0,0.0,0.0,0.0,0.0,0.0,0.0,0.0,0.0,0.0,0.0,0.0,0.0,0.0,0.0,0.0,0.0,0.0
Anguilla,AI,AIA,LAM,Rest of World,Aluminium scrap,kt,0.0,0.0,0.0,No 2019 secondary producer share; assigned zero,,0.0,0.0,No 2024 secondary production estimate; assigned zero share,0.0,0.0,,Existing values retained through 2024; 2025 extrapolated using a country-level OLS linear trend fitted over 2019-2024 and floored at zero; Zijie regional growth indexed to 2025 thereafter,0.0,0.0,0.0,0.0,0.0,0.0,0.0,0.0,0.0,0.0,0.0,0.0,0.0,0.0,0.0,0.0,0.0,0.0,0.0,0.0,0.0,0.0,0.0,0.0,0.0,0.0,0.0,0.0,0.0,0.0,0.0,0.0
Brazil,BR,BRA,BRA,South America,Aluminium scrap,kt,1422.3183936731998,1170.0,0.8125,Scrap allocated using OMNIA-controlled 2019 secondary country share,Brazil,1000.0,0.56657223796034,Zijie 2024 regional total allocated using country shares from secondary_aluminium_production_estimates_2024.xlsx,-40.10534947900581,1181.6862967991651,0.9326201751347685,Existing values retained through 2024; 2025 extrapolated using a country-level OLS linear trend fitted over 2019-2024 and floored at zero; Zijie regional growth indexed to 2025 thereafter,1422.3183936731998,1382.213044194194,1342.1076947151882,1302.0023452361825,1261.896995757177,1221.791646278171,1181.6862967991651,1227.9490019809978,1271.959774464855,1314.2901905143192,1355.7065763768976,1396.849491530898,1437.9327291135555,1478.9949054105614,1519.8341354275444,1560.2743131720526,1599.911570411462,1638.4502374660585,1676.0383815398905,1712.9883218484144,1749.5786265423344,1786.1586536838122,1822.9291909199937,1860.0091751747282,1897.4326117542967,1934.9835211354475,1972.4234174184876,2009.4505597607688,2045.8512966253247,2081.3134796289664,2115.627457178736,2148.974962578596
Mexico,MX,MEX,MEX,South America,Aluminium scrap,kt,12.156567467292309,10.0,0.0069444444444444,Scrap allocated using OMNIA-controlled 2019 secondary country share,Mexico,650.0,0.3682719546742209,Zijie 2024 regional total allocated using country shares from secondary_aluminium_production_estimates_2024.xlsx,156.40160052270377,950.5661706035148,1.1541748443685893,Existing values retained through 2024; 2025 extrapolated using a country-level OLS linear trend fitted over 2019-2024 and floored at zero; Zijie regional growth indexed to 2025 thereafter,12.156567467292309,168.5581679899961,324.95976851269984,481.3613690354035,637.7629695581074,794.1645700808111,950.5661706035148,987.7805841289753,1023.1835092357499,1057.2347304381833,1090.5506920569883,1123.6466697384915,1156.694641887041,1189.7256720217035,1222.5773608267548,1255.1080460020403,1286.9928498872591,1317.9939313599657,1348.230397898621,1377.953483761799,1407.387273345657,1436.8127955122704,1466.3915668548068,1496.2192620176727,1526.3232353789801,1556.5297497726954,1586.6469635662058,1616.4321519025953,1645.7134502828944,1674.2397618685673,1701.8424397755641,1728.6676729977723
Chile,CL,CHL,CHL,Rest of World,Aluminium scrap,kt,0.0,0.0,0.0,No 2019 secondary producer share; assigned zero,,0.0,0.0,No 2024 secondary production estimate; assigned zero share,0.0,0.0,,Existing values retained through 2024; 2025 extrapolated using a country-level OLS linear trend fitted over 2019-2024 and floored at zero; Zijie regional growth indexed to 2025 thereafter,0.0,0.0,0.0,0.0,0.0,0.0,0.0,0.0,0.0,0.0,0.0,0.0,0.0,0.0,0.0,0.0,0.0,0.0,0.0,0.0,0.0,0.0,0.0,0.0,0.0,0.0,0.0,0.0,0.0,0.0,0.0,0.0
Ukraine,UA,UKR,ENE,Europe,Aluminium scrap,kt,0.0,0.0,0.0,No 2019 secondary producer share; assigned zero,,0.0,0.0,No 2024 secondary production estimate; assigned zero share,0.0,0.0,,Existing values retained through 2024; 2025 extrapolated using a country-level OLS linear trend fitted over 2019-2024 and floored at zero; Zijie regional growth indexed to 2025 thereafter,0.0,0.0,0.0,0.0,0.0,0.0,0.0,0.0,0.0,0.0,0.0,0.0,0.0,0.0,0.0,0.0,0.0,0.0,0.0,0.0,0.0,0.0,0.0,0.0,0.0,0.0,0.0,0.0,0.0,0.0,0.0,0.0
Belarus,BY,BLR,ENE,Rest of World,Aluminium scrap,kt,0.0,0.0,0.0,No 2019 secondary producer share; assigned zero,,0.0,0.0,No 2024 secondary production estimate; assigned zero share,0.0,0.0,,Existing values retained through 2024; 2025 extrapolated using a country-level OLS linear trend fitted over 2019-2024 and floored at zero; Zijie regional growth indexed to 2025 thereafter,0.0,0.0,0.0,0.0,0.0,0.0,0.0,0.0,0.0,0.0,0.0,0.0,0.0,0.0,0.0,0.0,0.0,0.0,0.0,0.0,0.0,0.0,0.0,0.0,0.0,0.0,0.0,0.0,0.0,0.0,0.0,0.0
Serbia,RS,SRB,ENE,Europe,Aluminium scrap,kt,73.26905561548843,50.0,0.0080775444264943,Scrap allocated using OMNIA-controlled 2019 secondary country share,Serbia,50.0,0.0079436950892076,Zijie 2024 regional total allocated using country shares from secondary_aluminium_production_estimates_2024.xlsx,0.13130142221919933,74.05686414880363,1.0220378933134548,Existing values retained through 2024; 2025 extrapolated using a country-level OLS linear trend fitted over 2019-2024 and floored at zero; Zijie regional growth indexed to 2025 thereafter,73.26905561548843,73.40035703770762,73.53165845992683,73.66295988214603,73.79426130436524,73.92556272658443,74.05686414880363,74.52956479270469,75.07149337771062,75.84452294270712,76.77141430527702,77.84893431420451,79.04706900536262,80.32965843081006,81.64756190308012,82.93906379315276,84.15640798166561,85.2643067709861,86.24508664624865,87.08287908453305,87.77006322463653,88.31631533220099,88.73193206120041,89.01640726248007,89.1705648027977,89.21864790086126,89.18629816001165,89.0963895989603,88.96657582751315,88.81495262934108,88.66071213260122,88.52127072113107
Bosnia and Herzegovina,BA,BIH,ENE,Rest of World,Aluminium scrap,kt,0.0,0.0,0.0,No 2019 secondary producer share; assigned zero,,0.0,0.0,No 2024 secondary production estimate; assigned zero share,0.0,0.0,,Existing values retained through 2024; 2025 extrapolated using a country-level OLS linear trend fitted over 2019-2024 and floored at zero; Zijie regional growth indexed to 2025 thereafter,0.0,0.0,0.0,0.0,0.0,0.0,0.0,0.0,0.0,0.0,0.0,0.0,0.0,0.0,0.0,0.0,0.0,0.0,0.0,0.0,0.0,0.0,0.0,0.0,0.0,0.0,0.0,0.0,0.0,0.0,0.0,0.0
Republic of Moldova,MD,MDA,ENE,Europe,Aluminium scrap,kt,0.0,0.0,0.0,No 2019 secondary producer share; assigned zero,,0.0,0.0,No 2024 secondary production estimate; assigned zero share,0.0,0.0,,Existing values retained through 2024; 2025 extrapolated using a country-level OLS linear trend fitted over 2019-2024 and floored at zero; Zijie regional growth indexed to 2025 thereafter,0.0,0.0,0.0,0.0,0.0,0.0,0.0,0.0,0.0,0.0,0.0,0.0,0.0,0.0,0.0,0.0,0.0,0.0,0.0,0.0,0.0,0.0,0.0,0.0,0.0,0.0,0.0,0.0,0.0,0.0,0.0,0.0
Republic of North Macedonia,MK,MKD,ENE,Europe,Aluminium scrap,kt,0.0,0.0,0.0,No 2019 secondary producer share; assigned zero,,0.0,0.0,No 2024 secondary production estimate; assigned zero share,0.0,0.0,,Existing values retained through 2024; 2025 extrapolated using a country-level OLS linear trend fitted over 2019-2024 and floored at zero; Zijie regional growth indexed to 2025 thereafter,0.0,0.0,0.0,0.0,0.0,0.0,0.0,0.0,0.0,0.0,0.0,0.0,0.0,0.0,0.0,0.0,0.0,0.0,0.0,0.0,0.0,0.0,0.0,0.0,0.0,0.0,0.0,0.0,0.0,0.0,0.0,0.0
Kosovo,XK,XKX,ENE,Rest of World,Aluminium scrap,kt,0.0,0.0,0.0,No 2019 secondary producer share; assigned zero,,0.0,0.0,No 2024 secondary production estimate; assigned zero share,0.0,0.0,,Existing values retained through 2024; 2025 extrapolated using a country-level OLS linear trend fitted over 2019-2024 and floored at zero; Zijie regional growth indexed to 2025 thereafter,0.0,0.0,0.0,0.0,0.0,0.0,0.0,0.0,0.0,0.0,0.0,0.0,0.0,0.0,0.0,0.0,0.0,0.0,0.0,0.0,0.0,0.0,0.0,0.0,0.0,0.0,0.0,0.0,0.0,0.0,0.0,0.0
Albania,AL,ALB,ENE,Rest of World,Aluminium scrap,kt,0.0,0.0,0.0,No 2019 secondary producer share; assigned zero,,0.0,0.0,No 2024 secondary production estimate; assigned zero share,0.0,0.0,,Existing values retained through 2024; 2025 extrapolated using a country-level OLS linear trend fitted over 2019-2024 and floored at zero; Zijie regional growth indexed to 2025 thereafter,0.0,0.0,0.0,0.0,0.0,0.0,0.0,0.0,0.0,0.0,0.0,0.0,0.0,0.0,0.0,0.0,0.0,0.0,0.0,0.0,0.0,0.0,0.0,0.0,0.0,0.0,0.0,0.0,0.0,0.0,0.0,0.0
Montenegro,ME,MNE,ENE,Europe,Aluminium scrap,kt,0.0,0.0,0.0,No 2019 secondary producer share; assigned zero,,0.0,0.0,No 2024 secondary production estimate; assigned zero share,0.0,0.0,,Existing values retained through 2024; 2025 extrapolated using a country-level OLS linear trend fitted over 2019-2024 and floored at zero; Zijie regional growth indexed to 2025 thereafter,0.0,0.0,0.0,0.0,0.0,0.0,0.0,0.0,0.0,0.0,0.0,0.0,0.0,0.0,0.0,0.0,0.0,0.0,0.0,0.0,0.0,0.0,0.0,0.0,0.0,0.0,0.0,0.0,0.0,0.0,0.0,0.0
Norway,NO,NOR,ENW,Europe,Aluminium scrap,kt,0.0,0.0,0.0,No 2019 secondary producer share; assigned zero,,0.0,0.0,No 2024 secondary production estimate; assigned zero share,0.0,0.0,,Existing values retained through 2024; 2025 extrapolated using a country-level OLS linear trend fitted over 2019-2024 and floored at zero; Zijie regional growth indexed to 2025 thereafter,0.0,0.0,0.0,0.0,0.0,0.0,0.0,0.0,0.0,0.0,0.0,0.0,0.0,0.0,0.0,0.0,0.0,0.0,0.0,0.0,0.0,0.0,0.0,0.0,0.0,0.0,0.0,0.0,0.0,0.0,0.0,0.0
Svalbard and Jan Mayen Islands,SJ,SJM,ENW,Rest of World,Aluminium scrap,kt,0.0,0.0,0.0,No 2019 secondary producer share; assigned zero,,0.0,0.0,No 2024 secondary production estimate; assigned zero share,0.0,0.0,,Existing values retained through 2024; 2025 extrapolated using a country-level OLS linear trend fitted over 2019-2024 and floored at zero; Zijie regional growth indexed to 2025 thereafter,0.0,0.0,0.0,0.0,0.0,0.0,0.0,0.0,0.0,0.0,0.0,0.0,0.0,0.0,0.0,0.0,0.0,0.0,0.0,0.0,0.0,0.0,0.0,0.0,0.0,0.0,0.0,0.0,0.0,0.0,0.0,0.0
Switzerland,CH,CHE,ENW,Europe,Aluminium scrap,kt,0.0,0.0,0.0,No 2019 secondary producer share; assigned zero,,0.0,0.0,No 2024 secondary production estimate; assigned zero share,0.0,0.0,,Existing values retained through 2024; 2025 extrapolated using a country-level OLS linear trend fitted over 2019-2024 and floored at zero; Zijie regional growth indexed to 2025 thereafter,0.0,0.0,0.0,0.0,0.0,0.0,0.0,0.0,0.0,0.0,0.0,0.0,0.0,0.0,0.0,0.0,0.0,0.0,0.0,0.0,0.0,0.0,0.0,0.0,0.0,0.0,0.0,0.0,0.0,0.0,0.0,0.0
Liechtenstein,LI,LIE,ENW,Rest of World,Aluminium scrap,kt,0.0,0.0,0.0,No 2019 secondary producer share; assigned zero,,0.0,0.0,No 2024 secondary production estimate; assigned zero share,0.0,0.0,,Existing values retained through 2024; 2025 extrapolated using a country-level OLS linear trend fitted over 2019-2024 and floored at zero; Zijie regional growth indexed to 2025 thereafter,0.0,0.0,0.0,0.0,0.0,0.0,0.0,0.0,0.0,0.0,0.0,0.0,0.0,0.0,0.0,0.0,0.0,0.0,0.0,0.0,0.0,0.0,0.0,0.0,0.0,0.0,0.0,0.0,0.0,0.0,0.0,0.0
Iceland,IS,ISL,ENW,Europe,Aluminium scrap,kt,0.0,0.0,0.0,No 2019 secondary producer share; assigned zero,,0.0,0.0,No 2024 secondary production estimate; assigned zero share,0.0,0.0,,Existing values retained through 2024; 2025 extrapolated using a country-level OLS linear trend fitted over 2019-2024 and floored at zero; Zijie regional growth indexed to 2025 thereafter,0.0,0.0,0.0,0.0,0.0,0.0,0.0,0.0,0.0,0.0,0.0,0.0,0.0,0.0,0.0,0.0,0.0,0.0,0.0,0.0,0.0,0.0,0.0,0.0,0.0,0.0,0.0,0.0,0.0,0.0,0.0,0.0
United Kingdom of Great Britain and Northern Ireland,GB,GBR,ENW,UK,Aluminium scrap,kt,281.8043338127871,1110.0,1.0,Scrap allocated using OMNIA-controlled 2019 secondary country share,United Kingdom,270.0,1.0,Zijie 2024 regional total allocated using country shares from secondary_aluminium_production_estimates_2024.xlsx,16.30768874015617,379.6504662537241,0.9248617449754155,Existing values retained through 2024; 2025 extrapolated using a country-level OLS linear trend fitted over 2019-2024 and floored at zero; Zijie regional growth indexed to 2025 thereafter,281.8043338127871,298.11202255294324,314.4197112930994,330.7274000332556,347.03508877341176,363.3427775135679,379.6504662537241,393.2876156161783,404.8231832328081,414.0980535128988,420.9308050214872,426.5359800238332,430.9506696236916,434.5980699025456,438.7131932951133,442.86943044286846,447.39514743255467,452.3699795876823,457.3253031718562,462.6387821477766,467.734107660028,472.387656404953,476.80790859872246,480.8593868974477,484.7715797644557,488.257668819062,491.36218643183594,494.35640828413835,497.0955025178753,499.3897557731907,500.9890885408408,501.9978423814243
Gibraltar,GI,GIB,ENW,Rest of World,Aluminium scrap,kt,0.0,0.0,0.0,No 2019 secondary producer share; assigned zero,,0.0,0.0,No 2024 secondary production estimate; assigned zero share,0.0,0.0,,Existing values retained through 2024; 2025 extrapolated using a country-level OLS linear trend fitted over 2019-2024 and floored at zero; Zijie regional growth indexed to 2025 thereafter,0.0,0.0,0.0,0.0,0.0,0.0,0.0,0.0,0.0,0.0,0.0,0.0,0.0,0.0,0.0,0.0,0.0,0.0,0.0,0.0,0.0,0.0,0.0,0.0,0.0,0.0,0.0,0.0,0.0,0.0,0.0,0.0
Saint Helena,SH ,SHN,ENW,Rest of World,Aluminium scrap,kt,0.0,0.0,0.0,No 2019 secondary producer share; assigned zero,,0.0,0.0,No 2024 secondary production estimate; assigned zero share,0.0,0.0,,Existing values retained through 2024; 2025 extrapolated using a country-level OLS linear trend fitted over 2019-2024 and floored at zero; Zijie regional growth indexed to 2025 thereafter,0.0,0.0,0.0,0.0,0.0,0.0,0.0,0.0,0.0,0.0,0.0,0.0,0.0,0.0,0.0,0.0,0.0,0.0,0.0,0.0,0.0,0.0,0.0,0.0,0.0,0.0,0.0,0.0,0.0,0.0,0.0,0.0
Liechtenstein,LI,LIE,ENW,Rest of World,Aluminium scrap,kt,0.0,0.0,0.0,No 2019 secondary producer share; assigned zero,,0.0,0.0,No 2024 secondary production estimate; assigned zero share,0.0,0.0,,Existing values retained through 2024; 2025 extrapolated using a country-level OLS linear trend fitted over 2019-2024 and floored at zero; Zijie regional growth indexed to 2025 thereafter,0.0,0.0,0.0,0.0,0.0,0.0,0.0,0.0,0.0,0.0,0.0,0.0,0.0,0.0,0.0,0.0,0.0,0.0,0.0,0.0,0.0,0.0,0.0,0.0,0.0,0.0,0.0,0.0,0.0,0.0,0.0,0.0
Poland,PL,POL,EUE,Europe,Aluminium scrap,kt,36.4433911409212,24.869565217391305,0.0040177003582215,Scrap allocated using OMNIA-controlled 2019 secondary country share,Poland,450.0,0.0714932558028692,Zijie 2024 regional total allocated using country shares from secondary_aluminium_production_estimates_2024.xlsx,125.77733467966773,791.1073992189275,1.2130944525994143,Existing values retained through 2024; 2025 extrapolated using a country-level OLS linear trend fitted over 2019-2024 and floored at zero; Zijie regional growth indexed to 2025 thereafter,36.4433911409212,162.22072582058894,287.99806050025666,413.7753951799244,539.5527298595921,665.3300645392599,791.1073992189275,796.156991600456,801.9461067402085,810.2039423333403,820.1053960828237,831.6159300713568,844.4149221746618,858.1160962156345,872.1945101527172,885.9908909890532,898.9950872374064,910.8301404750919,921.3072545852193,930.2569151542209,937.5977128521821,943.4330137267217,947.8728110814943,950.9116980126832,952.558475420725,953.0721198356305,952.7265459358564,951.7661038658555,950.3793771080765,948.7596726371155,947.1120090527526,945.6224356872114
Czechia,CZ,CZE,EUE,Europe,Aluminium scrap,kt,185.02029348467687,126.2608695652174,0.020397555664817,Scrap allocated using OMNIA-controlled 2019 secondary country share,Czechia,80.0,0.0127099121427323,Zijie 2024 regional total allocated using country shares from secondary_aluminium_production_estimates_2024.xlsx,-13.347878624428358,104.93302173810676,0.9050943969618019,Existing values retained through 2024; 2025 extrapolated using a country-level OLS linear trend fitted over 2019-2024 and floored at zero; Zijie regional growth indexed to 2025 thereafter,185.02029348467687,171.67241486024852,158.32453623582015,144.9766576113918,131.62877898696345,118.28090036253508,104.93302173810676,105.60280309480075,106.37067525148115,107.46600016268704,108.77933570038928,110.30610073182304,112.0037677210687,113.82110073413169,115.68847110275233,117.5184324096947,119.24331781585109,120.81312730048974,122.20281881867814,123.38990786368382,124.36359624679808,125.13759451065076,125.72649224160502,126.12957226427315,126.34800193605535,126.41613207945704,126.37029492312035,126.24290123585476,126.05896485861635,125.84412615956175,125.62557894475154,125.428000923738
Romania,RO,ROU,EUE,Europe,Aluminium scrap,kt,22.42670224056689,15.304347826086955,0.0024724309896747,Scrap allocated using OMNIA-controlled 2019 secondary country share,Romania,80.0,0.0127099121427323,Zijie 2024 regional total allocated using country shares from secondary_aluminium_production_estimates_2024.xlsx,19.17083962439364,137.45173998692871,1.185582933324038,Existing values retained through 2024; 2025 extrapolated using a country-level OLS linear trend fitted over 2019-2024 and floored at zero; Zijie regional growth indexed to 2025 thereafter,22.42670224056689,41.597541864960526,60.76838148935417,79.9392211137478,99.11006073814144,118.28090036253508,137.45173998692871,138.3290864252898,139.33492197900765,140.76968781727766,142.49002572286457,144.4899348710594,146.71370845276925,149.09423253035314,151.54030052797117,153.9373664046764,156.19679338416415,158.2530864512798,160.0734430373773,161.62841069248483,162.9038448718049,163.9177050118372,164.6891020082569,165.21709643319574,165.503217407832,165.59246106632014,165.53241898623733,165.36554602586733,165.12460780947427,164.84319064915192,164.55691570493147,164.29810830263187
Hungary,HU,HUN,EUE,Europe,Aluminium scrap,kt,0.0,0.0,0.0,No 2019 secondary producer share; assigned zero,Hungary,100.0,0.0158873901784153,Zijie 2024 regional total allocated using country shares from secondary_aluminium_production_estimates_2024.xlsx,29.570225090633766,177.42135054380262,1.2242710073050358,Existing values retained through 2024; 2025 extrapolated using a country-level OLS linear trend fitted over 2019-2024 and floored at zero; Zijie regional growth indexed to 2025 thereafter,0.0,29.570225090633773,59.140450181267546,88.71067527190131,118.28090036253508,147.85112545316886,177.42135054380262,178.55382067480002,179.85214328885036,181.7041248844575,183.92472008849026,186.50618309558917,189.37660810590995,192.44936511056582,195.60672556086377,198.70083455670442,201.61728062129367,204.27152343492565,206.62122176546288,208.6283586809166,210.27467654234349,211.58335721327694,212.57906884939905,213.26059884648132,213.62992097906186,213.74511581339382,213.6676140885065,213.4522161168191,213.14121544302526,212.77796494757615,212.40844407257467,212.0743780298233
Bulgaria,BG,BGR,EUE,Europe,Aluminium scrap,kt,50.4600800412755,34.434782608695656,0.0055629697267682,Scrap allocated using OMNIA-controlled 2019 secondary country share,Bulgaria,20.0,0.003177478035683,Zijie 2024 regional total allocated using country shares from secondary_aluminium_production_estimates_2024.xlsx,-4.177970990128348,25.392254100505426,0.8760783414760531,Existing values retained through 2024; 2025 extrapolated using a country-level OLS linear trend fitted over 2019-2024 and floored at zero; Zijie regional growth indexed to 2025 thereafter,50.4600800412755,46.28210905114716,42.10413806101881,37.92616707089047,33.74819608076211,29.57022509063377,25.392254100505426,25.554331377222013,25.74014519060666,26.005197773742683,26.32300573486088,26.692460506941018,27.10327104927491,27.543039016389255,27.994915290553106,28.43773911979483,28.855136120299495,29.235007019498546,29.57129200935834,29.85855016862437,30.094168493811406,30.281464735390617,30.42396935953956,30.521508820320282,30.574365601123056,30.590852097790208,30.57976017742361,30.548932771290943,30.504422862476716,30.452435044469993,30.399549819976325,30.35173883320448
Slovakia,SK,SVK,EUE,Europe,Aluminium scrap,kt,0.0,0.0,0.0,No 2019 secondary producer share; assigned zero,,0.0,0.0,No 2024 secondary production estimate; assigned zero share,0.0,0.0,,Existing values retained through 2024; 2025 extrapolated using a country-level OLS linear trend fitted over 2019-2024 and floored at zero; Zijie regional growth indexed to 2025 thereafter,0.0,0.0,0.0,0.0,0.0,0.0,0.0,0.0,0.0,0.0,0.0,0.0,0.0,0.0,0.0,0.0,0.0,0.0,0.0,0.0,0.0,0.0,0.0,0.0,0.0,0.0,0.0,0.0,0.0,0.0,0.0,0.0
Croatia,HR,HRV,EUE,Europe,Aluminium scrap,kt,0.0,0.0,0.0,No 2019 secondary producer share; assigned zero,,0.0,0.0,No 2024 secondary production estimate; assigned zero share,0.0,0.0,,Existing values retained through 2024; 2025 extrapolated using a country-level OLS linear trend fitted over 2019-2024 and floored at zero; Zijie regional growth indexed to 2025 thereafter,0.0,0.0,0.0,0.0,0.0,0.0,0.0,0.0,0.0,0.0,0.0,0.0,0.0,0.0,0.0,0.0,0.0,0.0,0.0,0.0,0.0,0.0,0.0,0.0,0.0,0.0,0.0,0.0,0.0,0.0,0.0,0.0
Lithuania,LT,LTU,EUE,Europe,Aluminium scrap,kt,0.0,0.0,0.0,No 2019 secondary producer share; assigned zero,,0.0,0.0,No 2024 secondary production estimate; assigned zero share,0.0,0.0,,Existing values retained through 2024; 2025 extrapolated using a country-level OLS linear trend fitted over 2019-2024 and floored at zero; Zijie regional growth indexed to 2025 thereafter,0.0,0.0,0.0,0.0,0.0,0.0,0.0,0.0,0.0,0.0,0.0,0.0,0.0,0.0,0.0,0.0,0.0,0.0,0.0,0.0,0.0,0.0,0.0,0.0,0.0,0.0,0.0,0.0,0.0,0.0,0.0,0.0
Slovenia,SI,SVN,EUE,Europe,Aluminium scrap,kt,28.033377800708607,19.13043478260869,0.0030905387370934,Scrap allocated using OMNIA-controlled 2019 secondary country share,Slovenia,70.0,0.0111211731248907,Zijie 2024 regional total allocated using country shares from secondary_aluminium_production_estimates_2024.xlsx,15.09248200330192,118.58826982052014,1.1690023301893246,Existing values retained through 2024; 2025 extrapolated using a country-level OLS linear trend fitted over 2019-2024 and floored at zero; Zijie regional growth indexed to 2025 thereafter,28.033377800708607,43.12585980401053,58.218341807312456,73.31082381061438,88.40330581391629,103.4957878172182,118.58826982052014,119.34521182917227,120.21300948710449,121.45087230625984,122.93511612703367,124.66056366014755,126.57915313418862,128.6329811297717,130.74335799170487,132.8114576388342,134.76080754381712,136.5349010336221,138.1054372670828,139.44700576133113,140.5474031270531,141.42212410081348,142.08765685550145,142.5431908875503,142.7900454660715,142.86704158888207,142.81523950624475,142.67126769728847,142.4633951289353,142.2205988271671,141.97361140939196,141.7503219693429
Estonia,EE,EST,EUE,Europe,Aluminium scrap,kt,0.0,0.0,0.0,No 2019 secondary producer share; assigned zero,,0.0,0.0,No 2024 secondary production estimate; assigned zero share,0.0,0.0,,Existing values retained through 2024; 2025 extrapolated using a country-level OLS linear trend fitted over 2019-2024 and floored at zero; Zijie regional growth indexed to 2025 thereafter,0.0,0.0,0.0,0.0,0.0,0.0,0.0,0.0,0.0,0.0,0.0,0.0,0.0,0.0,0.0,0.0,0.0,0.0,0.0,0.0,0.0,0.0,0.0,0.0,0.0,0.0,0.0,0.0,0.0,0.0,0.0,0.0
Latvia,LV,LVA,EUE,Europe,Aluminium scrap,kt,0.0,0.0,0.0,No 2019 secondary producer share; assigned zero,,0.0,0.0,No 2024 secondary production estimate; assigned zero share,0.0,0.0,,Existing values retained through 2024; 2025 extrapolated using a country-level OLS linear trend fitted over 2019-2024 and floored at zero; Zijie regional growth indexed to 2025 thereafter,0.0,0.0,0.0,0.0,0.0,0.0,0.0,0.0,0.0,0.0,0.0,0.0,0.0,0.0,0.0,0.0,0.0,0.0,0.0,0.0,0.0,0.0,0.0,0.0,0.0,0.0,0.0,0.0,0.0,0.0,0.0,0.0
Germany,DE,DEU,EUW,Europe,Aluminium scrap,kt,1735.6202265279337,1184.4155844155846,0.1913433900509829,Scrap allocated using OMNIA-controlled 2019 secondary country share,Germany,2741.3,0.4355210269609011,Zijie 2024 regional total allocated using country shares from secondary_aluminium_production_estimates_2024.xlsx,463.48453510395706,4516.527437151676,1.136893466759849,Existing values retained through 2024; 2025 extrapolated using a country-level OLS linear trend fitted over 2019-2024 and floored at zero; Zijie regional growth indexed to 2025 thereafter,1735.6202265279337,2199.1047616318906,2662.589296735848,3126.073831839805,3589.558366943762,4053.042902047719,4516.527437151676,4545.356168320317,4578.406923996901,4625.551902118317,4682.080494280878,4747.795519354345,4820.866507009799,4899.0881600221965,4979.463521042952,5058.228721118475,5132.471243956437,5200.03898851417,5259.854095018394,5310.948785262726,5352.8582835763,5386.172719176213,5411.520057082573,5428.869428630188,5438.271079219786,5441.203537056927,5439.230614036066,5433.747334565748,5425.830344463614,5416.583256532955,5407.176546655992,5398.672392881473
Netherlands,NL,NLD,EUW,Europe,Aluminium scrap,kt,0.0,0.0,0.0,No 2019 secondary producer share; assigned zero,Netherlands,180.0,0.0285973023211477,Zijie 2024 regional total allocated using country shares from secondary_aluminium_production_estimates_2024.xlsx,53.226405163140804,319.3584309788448,1.2242710073050365,Existing values retained through 2024; 2025 extrapolated using a country-level OLS linear trend fitted over 2019-2024 and floored at zero; Zijie regional growth indexed to 2025 thereafter,0.0,53.2264051631408,106.4528103262816,159.67921548942238,212.9056206525632,266.132025815704,319.3584309788448,321.39687721464014,323.7338579199307,327.06742479202364,331.06449615928256,335.7111295720606,340.877894590638,346.4088571990186,352.09210600955487,357.66150220206805,362.9111051183287,367.6887421828663,371.9181991778333,375.53104562564994,378.4944177762184,380.8500429838986,382.6423239289184,383.8690779236665,384.53385776231147,384.741208464109,384.6017053593118,384.2139890102745,383.65418779744556,383.0003369056372,382.3351993306345,381.73388045368205
Belgium,BE,BEL,EUW,Europe,Aluminium scrap,kt,0.0,0.0,0.0,No 2019 secondary producer share; assigned zero,Belgium,490.0,0.0778482118742354,Zijie 2024 regional total allocated using country shares from secondary_aluminium_production_estimates_2024.xlsx,144.8941029441055,869.364617664633,1.224271007305036,Existing values retained through 2024; 2025 extrapolated using a country-level OLS linear trend fitted over 2019-2024 and floored at zero; Zijie regional growth indexed to 2025 thereafter,0.0,144.8941029441055,289.788205888211,434.6823088323165,579.576411776422,724.4705147205275,869.364617664633,874.9137213065203,881.2755021153669,890.3502119338419,901.2311284336024,913.8802971683871,927.9453797189589,943.0018890417726,958.4729552482326,973.6340893278518,987.9246750443391,1000.930464831136,1012.4439866507682,1022.2789575364915,1030.3459150574834,1036.7584503450573,1041.6374373620554,1044.9769343477587,1046.7866127974034,1047.35106748563,1046.971309033682,1045.9158589724138,1044.391955670824,1042.6120282431234,1040.801375955616,1039.1644523461343
Sweden,SE,SWE,EUW,Europe,Aluminium scrap,kt,0.0,0.0,0.0,No 2019 secondary producer share; assigned zero,,0.0,0.0,No 2024 secondary production estimate; assigned zero share,0.0,0.0,,Existing values retained through 2024; 2025 extrapolated using a country-level OLS linear trend fitted over 2019-2024 and floored at zero; Zijie regional growth indexed to 2025 thereafter,0.0,0.0,0.0,0.0,0.0,0.0,0.0,0.0,0.0,0.0,0.0,0.0,0.0,0.0,0.0,0.0,0.0,0.0,0.0,0.0,0.0,0.0,0.0,0.0,0.0,0.0,0.0,0.0,0.0,0.0,0.0,0.0
Austria,AT,AUT,EUW,Europe,Aluminium scrap,kt,1077.911509106822,735.5844155844156,0.1188343159263999,Scrap allocated using OMNIA-controlled 2019 secondary country share,Austria,369.0,0.0586244697583527,Zijie 2024 regional total allocated using country shares from secondary_aluminium_production_estimates_2024.xlsx,-106.46817123692578,439.1024816852673,0.8211286578001211,Existing values retained through 2024; 2025 extrapolated using a country-level OLS linear trend fitted over 2019-2024 and floored at zero; Zijie regional growth indexed to 2025 thereafter,1077.911509106822,971.4433378698964,864.9751666329705,758.5069953960447,652.0388241591189,545.5706529221932,439.1024816852673,441.9052472116893,445.11848327437417,449.701977381335,455.1977582550605,461.586655697908,468.69070908077373,476.29551663197697,484.1097103862876,491.76736226704537,498.98531377478236,505.5543349376179,511.36963487186057,516.337124962295,520.4116191332593,523.6504904899427,526.1147905819216,527.8015183187163,528.7155586214213,529.0006558629734,528.8088458038762,528.2757544728272,527.5060547312229,526.6070412047435,525.6925090317534,524.8657244989489
Finland,FI,FIN,EUW,Europe,Aluminium scrap,kt,0.0,0.0,0.0,No 2019 secondary producer share; assigned zero,,0.0,0.0,No 2024 secondary production estimate; assigned zero share,0.0,0.0,,Existing values retained through 2024; 2025 extrapolated using a country-level OLS linear trend fitted over 2019-2024 and floored at zero; Zijie regional growth indexed to 2025 thereafter,0.0,0.0,0.0,0.0,0.0,0.0,0.0,0.0,0.0,0.0,0.0,0.0,0.0,0.0,0.0,0.0,0.0,0.0,0.0,0.0,0.0,0.0,0.0,0.0,0.0,0.0,0.0,0.0,0.0,0.0,0.0,0.0
Denmark,DK,DNK,EUW,Europe,Aluminium scrap,kt,0.0,0.0,0.0,No 2019 secondary producer share; assigned zero,,0.0,0.0,No 2024 secondary production estimate; assigned zero share,0.0,0.0,,Existing values retained through 2024; 2025 extrapolated using a country-level OLS linear trend fitted over 2019-2024 and floored at zero; Zijie regional growth indexed to 2025 thereafter,0.0,0.0,0.0,0.0,0.0,0.0,0.0,0.0,0.0,0.0,0.0,0.0,0.0,0.0,0.0,0.0,0.0,0.0,0.0,0.0,0.0,0.0,0.0,0.0,0.0,0.0,0.0,0.0,0.0,0.0,0.0,0.0
Ireland,IE,IRL,EUW,Europe,Aluminium scrap,kt,0.0,0.0,0.0,No 2019 secondary producer share; assigned zero,,0.0,0.0,No 2024 secondary production estimate; assigned zero share,0.0,0.0,,Existing values retained through 2024; 2025 extrapolated using a country-level OLS linear trend fitted over 2019-2024 and floored at zero; Zijie regional growth indexed to 2025 thereafter,0.0,0.0,0.0,0.0,0.0,0.0,0.0,0.0,0.0,0.0,0.0,0.0,0.0,0.0,0.0,0.0,0.0,0.0,0.0,0.0,0.0,0.0,0.0,0.0,0.0,0.0,0.0,0.0,0.0,0.0,0.0,0.0
Luxembourg,LU,LUX,EUW,Europe,Aluminium scrap,kt,0.0,0.0,0.0,No 2019 secondary producer share; assigned zero,,0.0,0.0,No 2024 secondary production estimate; assigned zero share,0.0,0.0,,Existing values retained through 2024; 2025 extrapolated using a country-level OLS linear trend fitted over 2019-2024 and floored at zero; Zijie regional growth indexed to 2025 thereafter,0.0,0.0,0.0,0.0,0.0,0.0,0.0,0.0,0.0,0.0,0.0,0.0,0.0,0.0,0.0,0.0,0.0,0.0,0.0,0.0,0.0,0.0,0.0,0.0,0.0,0.0,0.0,0.0,0.0,0.0,0.0,0.0
Greenland,GL,GRL,EUW,Rest of World,Aluminium scrap,kt,0.0,0.0,0.0,No 2019 secondary producer share; assigned zero,,0.0,0.0,No 2024 secondary production estimate; assigned zero share,0.0,0.0,,Existing values retained through 2024; 2025 extrapolated using a country-level OLS linear trend fitted over 2019-2024 and floored at zero; Zijie regional growth indexed to 2025 thereafter,0.0,0.0,0.0,0.0,0.0,0.0,0.0,0.0,0.0,0.0,0.0,0.0,0.0,0.0,0.0,0.0,0.0,0.0,0.0,0.0,0.0,0.0,0.0,0.0,0.0,0.0,0.0,0.0,0.0,0.0,0.0,0.0
Faroe Islands,FO,FRO,EUW,Rest of World,Aluminium scrap,kt,0.0,0.0,0.0,No 2019 secondary producer share; assigned zero,,0.0,0.0,No 2024 secondary production estimate; assigned zero share,0.0,0.0,,Existing values retained through 2024; 2025 extrapolated using a country-level OLS linear trend fitted over 2019-2024 and floored at zero; Zijie regional growth indexed to 2025 thereafter,0.0,0.0,0.0,0.0,0.0,0.0,0.0,0.0,0.0,0.0,0.0,0.0,0.0,0.0,0.0,0.0,0.0,0.0,0.0,0.0,0.0,0.0,0.0,0.0,0.0,0.0,0.0,0.0,0.0,0.0,0.0,0.0
Andorra,AD,AND,EUW,Rest of World,Aluminium scrap,kt,0.0,0.0,0.0,No 2019 secondary producer share; assigned zero,,0.0,0.0,No 2024 secondary production estimate; assigned zero share,0.0,0.0,,Existing values retained through 2024; 2025 extrapolated using a country-level OLS linear trend fitted over 2019-2024 and floored at zero; Zijie regional growth indexed to 2025 thereafter,0.0,0.0,0.0,0.0,0.0,0.0,0.0,0.0,0.0,0.0,0.0,0.0,0.0,0.0,0.0,0.0,0.0,0.0,0.0,0.0,0.0,0.0,0.0,0.0,0.0,0.0,0.0,0.0,0.0,0.0,0.0,0.0
France,FR,FRA,EUM,Europe,Aluminium scrap,kt,1068.6600526331945,729.2710706150342,0.1178143894370006,Scrap allocated using OMNIA-controlled 2019 secondary country share,France,140.0,0.0222423462497815,Zijie 2024 regional total allocated using country shares from secondary_aluminium_production_estimates_2024.xlsx,-172.3336953997517,34.65788023468451,0.170822724773231,Existing values retained through 2024; 2025 extrapolated using a country-level OLS linear trend fitted over 2019-2024 and floored at zero; Zijie regional growth indexed to 2025 thereafter,1068.6600526331945,896.3263572334429,723.9926618336913,551.6589664339397,379.32527103418806,206.99157563443643,34.65788023468451,34.879099462523584,35.13271668235548,35.49448687596894,35.928262869642715,36.43253158057339,36.993246770292224,37.59348594066963,38.210251735816364,38.81466185152242,39.38436689608242,39.90285257588745,40.361847860715315,40.753926438728584,41.07552182223047,41.331162407873855,41.525666927917406,41.65879850956091,41.730942714301555,41.75344512880632,41.7383057699248,41.696229452262614,41.63547789067086,41.56451973299774,41.492336705471665,41.4270795035359
Monaco,MC,MCO,EUM,Rest of World,Aluminium scrap,kt,0.0,0.0,0.0,No 2019 secondary producer share; assigned zero,,0.0,0.0,No 2024 secondary production estimate; assigned zero share,0.0,0.0,,Existing values retained through 2024; 2025 extrapolated using a country-level OLS linear trend fitted over 2019-2024 and floored at zero; Zijie regional growth indexed to 2025 thereafter,0.0,0.0,0.0,0.0,0.0,0.0,0.0,0.0,0.0,0.0,0.0,0.0,0.0,0.0,0.0,0.0,0.0,0.0,0.0,0.0,0.0,0.0,0.0,0.0,0.0,0.0,0.0,0.0,0.0,0.0,0.0,0.0
Italy,IT,ITA,EUM,Europe,Aluminium scrap,kt,3869.674295850725,2640.728929384966,0.4266121049087182,Scrap allocated using OMNIA-controlled 2019 secondary country share,Italy,1000.0,0.1588739017841539,Zijie 2024 regional total allocated using country shares from secondary_aluminium_production_estimates_2024.xlsx,-478.2326082638072,1000.2786462678821,0.6902281727078612,Existing values retained through 2024; 2025 extrapolated using a country-level OLS linear trend fitted over 2019-2024 and floored at zero; Zijie regional growth indexed to 2025 thereafter,3869.674295850725,3391.4416875869174,2913.2090793231105,2434.9764710593035,1956.743862795496,1478.5112545316888,1000.2786462678821,1006.6633665177329,1013.9831416339787,1024.4243745390884,1036.943803332696,1051.4977581651726,1067.6808434293573,1085.0046503303113,1102.8054405245223,1120.2496271924658,1136.6921732133317,1151.6564511897334,1164.903746726622,1176.2197252743597,1185.5014526240125,1192.8796251263973,1198.4933186553928,1202.3356967050634,1204.4178871611846,1205.0673407505606,1204.6303960411663,1203.416010112596,1201.662628504253,1199.6146691536433,1197.5313582134363,1195.6479370356399
San Marino,SM,SMR,EUM,Rest of World,Aluminium scrap,kt,0.0,0.0,0.0,No 2019 secondary producer share; assigned zero,,0.0,0.0,No 2024 secondary production estimate; assigned zero share,0.0,0.0,,Existing values retained through 2024; 2025 extrapolated using a country-level OLS linear trend fitted over 2019-2024 and floored at zero; Zijie regional growth indexed to 2025 thereafter,0.0,0.0,0.0,0.0,0.0,0.0,0.0,0.0,0.0,0.0,0.0,0.0,0.0,0.0,0.0,0.0,0.0,0.0,0.0,0.0,0.0,0.0,0.0,0.0,0.0,0.0,0.0,0.0,0.0,0.0,0.0,0.0
Spain,ES,ESP,EUM,Europe,Aluminium scrap,kt,0.0,0.0,0.0,No 2019 secondary producer share; assigned zero,Spain,154.0,0.0244665808747597,Zijie 2024 regional total allocated using country shares from secondary_aluminium_production_estimates_2024.xlsx,45.53814663957602,273.22887983745613,1.2242710073050365,Existing values retained through 2024; 2025 extrapolated using a country-level OLS linear trend fitted over 2019-2024 and floored at zero; Zijie regional growth indexed to 2025 thereafter,0.0,45.53814663957601,91.07629327915204,136.61443991872804,182.15258655830405,227.6907331978801,273.22887983745613,274.97288383919215,276.9723006648296,279.82435232206467,283.2440689362751,287.2195219672074,291.6399764831014,296.3720222702715,301.2343573637303,305.9992852173249,310.49061215679234,314.57814608978566,318.19668151881297,321.28767236861165,323.8230018752091,325.8383701084466,327.37176602807466,328.42132222358134,328.9900783077554,329.16747835262663,329.04812569630013,328.71641281990156,328.23747178225904,327.6780660192674,327.10900387176514,326.594542165928
Greece,GR,GRC,EUM,Europe,Aluminium scrap,kt,0.0,0.0,0.0,No 2019 secondary producer share; assigned zero,,0.0,0.0,No 2024 secondary production estimate; assigned zero share,0.0,0.0,,Existing values retained through 2024; 2025 extrapolated using a country-level OLS linear trend fitted over 2019-2024 and floored at zero; Zijie regional growth indexed to 2025 thereafter,0.0,0.0,0.0,0.0,0.0,0.0,0.0,0.0,0.0,0.0,0.0,0.0,0.0,0.0,0.0,0.0,0.0,0.0,0.0,0.0,0.0,0.0,0.0,0.0,0.0,0.0,0.0,0.0,0.0,0.0,0.0,0.0
Portugal,PT,PRT,EUM,Europe,Aluminium scrap,kt,0.0,0.0,0.0,No 2019 secondary producer share; assigned zero,,0.0,0.0,No 2024 secondary production estimate; assigned zero share,0.0,0.0,,Existing values retained through 2024; 2025 extrapolated using a country-level OLS linear trend fitted over 2019-2024 and floored at zero; Zijie regional growth indexed to 2025 thereafter,0.0,0.0,0.0,0.0,0.0,0.0,0.0,0.0,0.0,0.0,0.0,0.0,0.0,0.0,0.0,0.0,0.0,0.0,0.0,0.0,0.0,0.0,0.0,0.0,0.0,0.0,0.0,0.0,0.0,0.0,0.0,0.0
Cyprus,CY,CYP,EUM,Europe,Aluminium scrap,kt,0.0,0.0,0.0,No 2019 secondary producer share; assigned zero,,0.0,0.0,No 2024 secondary production estimate; assigned zero share,0.0,0.0,,Existing values retained through 2024; 2025 extrapolated using a country-level OLS linear trend fitted over 2019-2024 and floored at zero; Zijie regional growth indexed to 2025 thereafter,0.0,0.0,0.0,0.0,0.0,0.0,0.0,0.0,0.0,0.0,0.0,0.0,0.0,0.0,0.0,0.0,0.0,0.0,0.0,0.0,0.0,0.0,0.0,0.0,0.0,0.0,0.0,0.0,0.0,0.0,0.0,0.0
Malta,MT,MLT,EUM,Europe,Aluminium scrap,kt,0.0,0.0,0.0,No 2019 secondary producer share; assigned zero,,0.0,0.0,No 2024 secondary production estimate; assigned zero share,0.0,0.0,,Existing values retained through 2024; 2025 extrapolated using a country-level OLS linear trend fitted over 2019-2024 and floored at zero; Zijie regional growth indexed to 2025 thereafter,0.0,0.0,0.0,0.0,0.0,0.0,0.0,0.0,0.0,0.0,0.0,0.0,0.0,0.0,0.0,0.0,0.0,0.0,0.0,0.0,0.0,0.0,0.0,0.0,0.0,0.0,0.0,0.0,0.0,0.0,0.0,0.0
Iran (Islamic Republic of),IR,IRN,MEA,Middle East,Aluminium scrap,kt,43.53700989820207,27.588455894342086,0.0586988423283874,Scrap allocated using OMNIA-controlled 2019 secondary country share,Iran,150.0,0.7894736842105263,Zijie 2024 regional total allocated using country shares from secondary_aluminium_production_estimates_2024.xlsx,139.53572069663736,880.7513340780262,1.0506280061915523,Existing values retained through 2024; 2025 extrapolated using a country-level OLS linear trend fitted over 2019-2024 and floored at zero; Zijie regional growth indexed to 2025 thereafter,43.53700989820207,183.0727305948394,322.6084512914768,462.1441719881141,601.6798926847515,741.2156133813888,880.7513340780262,905.1498822768748,926.4905478638992,944.7363313252384,960.5333787211107,974.9932160707302,990.7624070247473,1009.7320182066034,1032.4000909082042,1059.9370164683814,1092.607473799655,1130.0041826938848,1171.2669141929027,1215.2537248971935,1260.736453234771,1306.7003895829484,1352.1840167962332,1396.2545724259237,1438.5153893144095,1478.7984581502815,1516.9714379520399,1553.195093389141,1587.7112146437016,1620.6143845452655,1651.8941223505167,1681.8245632233904
Saudi Arabia,SA,SAU,MEA,Middle East,Aluminium scrap,kt,95.53954949883232,60.54133376813958,0.1288113484428501,Scrap allocated using OMNIA-controlled 2019 secondary country share,Saudi Arabia,20.0,0.1052631578947368,Zijie 2024 regional total allocated using country shares from secondary_aluminium_production_estimates_2024.xlsx,0.6578397904039028,99.48658824125573,0.8900644694122939,Existing values retained through 2024; 2025 extrapolated using a country-level OLS linear trend fitted over 2019-2024 and floored at zero; Zijie regional growth indexed to 2025 thereafter,95.53954949883232,96.1973892892362,96.85522907964013,97.51306887004402,98.17090866044794,98.82874845085183,99.48658824125573,102.24256285568447,104.65312975226841,106.71410959541282,108.49848878269603,110.13182140312631,111.91305402422961,114.05579491342915,116.6163010720122,119.72677580947398,123.41711632944869,127.64131768502536,132.3022114237212,137.270807615704,142.40837742812573,147.60030281329162,152.73797415956741,157.7160298852326,162.48966385642044,167.0398983293137,171.35178452980952,175.44348187232495,179.34230212961398,183.05892904708054,186.59217875664018,189.973016606992
United Arab Emirates,AE,ARE,MEA,Middle East,Aluminium scrap,kt,314.4339603759037,199.24995923691503,0.4239360834827979,Scrap allocated using OMNIA-controlled 2019 secondary country share,United Arab Emirates,5.0,0.0263157894736842,Zijie 2024 regional total allocated using country shares from secondary_aluminium_production_estimates_2024.xlsx,-57.945354652638144,-33.23816753992517,0.0,Existing values retained through 2024; 2025 extrapolated using a country-level OLS linear trend fitted over 2019-2024 and floored at zero; Zijie regional growth indexed to 2025 thereafter,314.4339603759037,256.48860572326555,198.54325107062743,140.5978964179893,82.65254176535112,24.70718711271296,0.0,0.0,0.0,0.0,0.0,0.0,0.0,0.0,0.0,0.0,0.0,0.0,0.0,0.0,0.0,0.0,0.0,0.0,0.0,0.0,0.0,0.0,0.0,0.0,0.0,0.0
Iraq,IQ,IRQ,MEA,Rest of World,Aluminium scrap,kt,0.0,0.0,0.0,No 2019 secondary producer share; assigned zero,,0.0,0.0,No 2024 secondary production estimate; assigned zero share,0.0,0.0,,Existing values retained through 2024; 2025 extrapolated using a country-level OLS linear trend fitted over 2019-2024 and floored at zero; Zijie regional growth indexed to 2025 thereafter,0.0,0.0,0.0,0.0,0.0,0.0,0.0,0.0,0.0,0.0,0.0,0.0,0.0,0.0,0.0,0.0,0.0,0.0,0.0,0.0,0.0,0.0,0.0,0.0,0.0,0.0,0.0,0.0,0.0,0.0,0.0,0.0
Qatar,QA,QAT,MEA,Middle East,Aluminium scrap,kt,75.82695890603526,48.049894015979135,0.1022338170552747,Scrap allocated using OMNIA-controlled 2019 secondary country share,Qatar,5.0,0.0263157894736842,Zijie 2024 regional total allocated using country shares from secondary_aluminium_production_estimates_2024.xlsx,-10.22395435866446,14.483232754048501,0.5183014556834992,Existing values retained through 2024; 2025 extrapolated using a country-level OLS linear trend fitted over 2019-2024 and floored at zero; Zijie regional growth indexed to 2025 thereafter,75.82695890603526,65.6030045473708,55.37905018870634,45.15509583004188,34.931141471377416,24.70718711271296,14.483232754048501,14.884446852457678,15.23537658127465,15.535413513863768,15.79518299181824,16.032963148165607,16.292274549798783,16.604214235122363,16.97697208438143,17.429794222467027,17.96703307684284,18.581991258788147,19.26052300917564,19.983850006125813,20.731776140682122,21.48761534598947,22.235556261818978,22.960260375328165,23.655204820700913,24.31762682271585,24.945350142559814,25.54101842326379,26.108607705907417,26.649673327487427,27.16404294078276,27.656224473549777
Kuwait,KW,KWT,MEA,Rest of World,Aluminium scrap,kt,0.0,0.0,0.0,No 2019 secondary producer share; assigned zero,,0.0,0.0,No 2024 secondary production estimate; assigned zero share,0.0,0.0,,Existing values retained through 2024; 2025 extrapolated using a country-level OLS linear trend fitted over 2019-2024 and floored at zero; Zijie regional growth indexed to 2025 thereafter,0.0,0.0,0.0,0.0,0.0,0.0,0.0,0.0,0.0,0.0,0.0,0.0,0.0,0.0,0.0,0.0,0.0,0.0,0.0,0.0,0.0,0.0,0.0,0.0,0.0,0.0,0.0,0.0,0.0,0.0,0.0,0.0
Oman,OM,OMN,MEA,Middle East,Aluminium scrap,kt,47.286030194991696,29.96412848524377,0.0637534648622207,Scrap allocated using OMNIA-controlled 2019 secondary country share,Oman,5.0,0.0263157894736842,Zijie 2024 regional total allocated using country shares from secondary_aluminium_production_estimates_2024.xlsx,-4.515768616455746,20.191418496257217,0.7225763596182968,Existing values retained through 2024; 2025 extrapolated using a country-level OLS linear trend fitted over 2019-2024 and floored at zero; Zijie regional growth indexed to 2025 thereafter,47.286030194991696,42.77026157853595,38.2544929620802,33.738724345624455,29.222955729168707,24.70718711271296,20.191418496257217,20.75076059240034,21.24000005555409,21.65828866370663,22.020439457732007,22.35193441665774,22.713446595612606,23.14832911382654,23.667999677710196,24.299289766720225,25.048267203274886,25.90559499881724,26.851552214842933,27.85995954717551,28.902661121027734,29.956394494605753,30.999116675381728,32.009443878590744,32.97828242219892,33.90178065570438,34.77690463293152,35.60733991936838,36.39862960824287,37.15294203177316,37.870036916608235,38.55619887181469
Bahrain,BH,BHR,MEA,Middle East,Aluminium scrap,kt,165.07782919734947,104.6062285993804,0.2225664438284689,Scrap allocated using OMNIA-controlled 2019 secondary country share,Bahrain,5.0,0.0263157894736842,Zijie 2024 regional total allocated using country shares from secondary_aluminium_production_estimates_2024.xlsx,-28.074128416927294,-3.3669413042143077,0.0,Existing values retained through 2024; 2025 extrapolated using a country-level OLS linear trend fitted over 2019-2024 and floored at zero; Zijie regional growth indexed to 2025 thereafter,165.07782919734947,137.00370078042215,108.92957236349486,80.85544394656756,52.78131552964024,24.70718711271296,0.0,0.0,0.0,0.0,0.0,0.0,0.0,0.0,0.0,0.0,0.0,0.0,0.0,0.0,0.0,0.0,0.0,0.0,0.0,0.0,0.0,0.0,0.0,0.0,0.0,0.0
Yemen,YE,YEM,MEA,Rest of World,Aluminium scrap,kt,0.0,0.0,0.0,No 2019 secondary producer share; assigned zero,,0.0,0.0,No 2024 secondary production estimate; assigned zero share,0.0,0.0,,Existing values retained through 2024; 2025 extrapolated using a country-level OLS linear trend fitted over 2019-2024 and floored at zero; Zijie regional growth indexed to 2025 thereafter,0.0,0.0,0.0,0.0,0.0,0.0,0.0,0.0,0.0,0.0,0.0,0.0,0.0,0.0,0.0,0.0,0.0,0.0,0.0,0.0,0.0,0.0,0.0,0.0,0.0,0.0,0.0,0.0,0.0,0.0,0.0,0.0
Turkey,TR,TUR,MDA,Europe,Aluminium scrap,kt,923.190100755154,630.0,0.1017770597738287,Scrap allocated using OMNIA-controlled 2019 secondary country share,Turkey,370.0,0.0587833436601369,Zijie 2024 regional total allocated using country shares from secondary_aluminium_production_estimates_2024.xlsx,-75.22818731568586,471.8209768610389,0.8799281375355873,Existing values retained through 2024; 2025 extrapolated using a country-level OLS linear trend fitted over 2019-2024 and floored at zero; Zijie regional growth indexed to 2025 thereafter,923.190100755154,847.9619134394682,772.7337261237823,697.5055388080965,622.2773514924106,547.0491641767247,471.8209768610389,474.8325826335991,478.285244008143,483.2102643785201,489.11554801641574,495.980496310445,503.6138883922032,511.7853469407357,520.1817935205637,528.4100339462933,536.1658109536232,543.224304383618,549.4729151525295,554.8105438947333,559.1886376203272,562.6688444312124,565.3167649626878,567.1291745063976,568.1113219696903,568.4176624360279,568.2115601860298,567.63874704317,566.8116952748001,565.8456942659996,564.8630182820813,563.974628208711
Israel,IL,ISR,MDA,Rest of World,Aluminium scrap,kt,0.0,0.0,0.0,No 2019 secondary producer share; assigned zero,,0.0,0.0,No 2024 secondary production estimate; assigned zero share,0.0,0.0,,Existing values retained through 2024; 2025 extrapolated using a country-level OLS linear trend fitted over 2019-2024 and floored at zero; Zijie regional growth indexed to 2025 thereafter,0.0,0.0,0.0,0.0,0.0,0.0,0.0,0.0,0.0,0.0,0.0,0.0,0.0,0.0,0.0,0.0,0.0,0.0,0.0,0.0,0.0,0.0,0.0,0.0,0.0,0.0,0.0,0.0,0.0,0.0,0.0,0.0
Syrian Arab Republic,SY,SYR,MDA,Rest of World,Aluminium scrap,kt,0.0,0.0,0.0,No 2019 secondary producer share; assigned zero,,0.0,0.0,No 2024 secondary production estimate; assigned zero share,0.0,0.0,,Existing values retained through 2024; 2025 extrapolated using a country-level OLS linear trend fitted over 2019-2024 and floored at zero; Zijie regional growth indexed to 2025 thereafter,0.0,0.0,0.0,0.0,0.0,0.0,0.0,0.0,0.0,0.0,0.0,0.0,0.0,0.0,0.0,0.0,0.0,0.0,0.0,0.0,0.0,0.0,0.0,0.0,0.0,0.0,0.0,0.0,0.0,0.0,0.0,0.0
Jordan,JO,JOR,MDA,Rest of World,Aluminium scrap,kt,0.0,0.0,0.0,No 2019 secondary producer share; assigned zero,,0.0,0.0,No 2024 secondary production estimate; assigned zero share,0.0,0.0,,Existing values retained through 2024; 2025 extrapolated using a country-level OLS linear trend fitted over 2019-2024 and floored at zero; Zijie regional growth indexed to 2025 thereafter,0.0,0.0,0.0,0.0,0.0,0.0,0.0,0.0,0.0,0.0,0.0,0.0,0.0,0.0,0.0,0.0,0.0,0.0,0.0,0.0,0.0,0.0,0.0,0.0,0.0,0.0,0.0,0.0,0.0,0.0,0.0,0.0
Lebanon,LB,LBN,MDA,Rest of World,Aluminium scrap,kt,0.0,0.0,0.0,No 2019 secondary producer share; assigned zero,,0.0,0.0,No 2024 secondary production estimate; assigned zero share,0.0,0.0,,Existing values retained through 2024; 2025 extrapolated using a country-level OLS linear trend fitted over 2019-2024 and floored at zero; Zijie regional growth indexed to 2025 thereafter,0.0,0.0,0.0,0.0,0.0,0.0,0.0,0.0,0.0,0.0,0.0,0.0,0.0,0.0,0.0,0.0,0.0,0.0,0.0,0.0,0.0,0.0,0.0,0.0,0.0,0.0,0.0,0.0,0.0,0.0,0.0,0.0
State of Palestine,PS,PSE,MDA,Rest of World,Aluminium scrap,kt,0.0,0.0,0.0,No 2019 secondary producer share; assigned zero,,0.0,0.0,No 2024 secondary production estimate; assigned zero share,0.0,0.0,,Existing values retained through 2024; 2025 extrapolated using a country-level OLS linear trend fitted over 2019-2024 and floored at zero; Zijie regional growth indexed to 2025 thereafter,0.0,0.0,0.0,0.0,0.0,0.0,0.0,0.0,0.0,0.0,0.0,0.0,0.0,0.0,0.0,0.0,0.0,0.0,0.0,0.0,0.0,0.0,0.0,0.0,0.0,0.0,0.0,0.0,0.0,0.0,0.0,0.0
