Country,ISO2,ISO3,OMNIARegion,ZijieRegion,Metric,Unit,OMNIA2019_kt,BGSRecordPresent,BGS_Country,EstimatedYears,BGSNotes,AlignmentFactor_vs_old_2025,HistoricalSource2019,HistoricalSource2020_2024,ProjectionMethod2025_2050,2019,2020,2021,2022,2023,2024,2025,2026,2027,2028,2029,2030,2031,2032,2033,2034,2035,2036,2037,2038,2039,2040,2041,2042,2043,2044,2045,2046,2047,2048,2049,2050
Ethiopia,ET,ETH,AFE,Rest of World,Primary aluminium ingot production,kt,0.0,False,,,,,OMNIA INF_Data,"British Geological Survey, World Mineral Production 2020-24, Production of primary aluminium",BGS 2024 country value rebased to a synthetic Zijie 2024 regional value linearly back-extrapolated from Zijie 2025-2026; Zijie regional trajectory applied from 2025 onward,0.0,0.0,0.0,0.0,0.0,0.0,0.0,0.0,0.0,0.0,0.0,0.0,0.0,0.0,0.0,0.0,0.0,0.0,0.0,0.0,0.0,0.0,0.0,0.0,0.0,0.0,0.0,0.0,0.0,0.0,0.0,0.0
Kenya,KE,KEN,AFE,Rest of World,Primary aluminium ingot production,kt,0.0,False,,,,,OMNIA INF_Data,"British Geological Survey, World Mineral Production 2020-24, Production of primary aluminium",BGS 2024 country value rebased to a synthetic Zijie 2024 regional value linearly back-extrapolated from Zijie 2025-2026; Zijie regional trajectory applied from 2025 onward,0.0,0.0,0.0,0.0,0.0,0.0,0.0,0.0,0.0,0.0,0.0,0.0,0.0,0.0,0.0,0.0,0.0,0.0,0.0,0.0,0.0,0.0,0.0,0.0,0.0,0.0,0.0,0.0,0.0,0.0,0.0,0.0
Sudan,SD,SDN,AFE,Rest of World,Primary aluminium ingot production,kt,0.0,False,,,,,OMNIA INF_Data,"British Geological Survey, World Mineral Production 2020-24, Production of primary aluminium",BGS 2024 country value rebased to a synthetic Zijie 2024 regional value linearly back-extrapolated from Zijie 2025-2026; Zijie regional trajectory applied from 2025 onward,0.0,0.0,0.0,0.0,0.0,0.0,0.0,0.0,0.0,0.0,0.0,0.0,0.0,0.0,0.0,0.0,0.0,0.0,0.0,0.0,0.0,0.0,0.0,0.0,0.0,0.0,0.0,0.0,0.0,0.0,0.0,0.0
Mauritius,MU,MUS,AFE,Rest of World,Primary aluminium ingot production,kt,0.0,False,,,,,OMNIA INF_Data,"British Geological Survey, World Mineral Production 2020-24, Production of primary aluminium",BGS 2024 country value rebased to a synthetic Zijie 2024 regional value linearly back-extrapolated from Zijie 2025-2026; Zijie regional trajectory applied from 2025 onward,0.0,0.0,0.0,0.0,0.0,0.0,0.0,0.0,0.0,0.0,0.0,0.0,0.0,0.0,0.0,0.0,0.0,0.0,0.0,0.0,0.0,0.0,0.0,0.0,0.0,0.0,0.0,0.0,0.0,0.0,0.0,0.0
Eritrea,ER,ERI,AFE,Rest of World,Primary aluminium ingot production,kt,0.0,False,,,,,OMNIA INF_Data,"British Geological Survey, World Mineral Production 2020-24, Production of primary aluminium",BGS 2024 country value rebased to a synthetic Zijie 2024 regional value linearly back-extrapolated from Zijie 2025-2026; Zijie regional trajectory applied from 2025 onward,0.0,0.0,0.0,0.0,0.0,0.0,0.0,0.0,0.0,0.0,0.0,0.0,0.0,0.0,0.0,0.0,0.0,0.0,0.0,0.0,0.0,0.0,0.0,0.0,0.0,0.0,0.0,0.0,0.0,0.0,0.0,0.0
South Sudan,SS,SSD,AFE,Rest of World,Primary aluminium ingot production,kt,0.0,False,,,,,OMNIA INF_Data,"British Geological Survey, World Mineral Production 2020-24, Production of primary aluminium",BGS 2024 country value rebased to a synthetic Zijie 2024 regional value linearly back-extrapolated from Zijie 2025-2026; Zijie regional trajectory applied from 2025 onward,0.0,0.0,0.0,0.0,0.0,0.0,0.0,0.0,0.0,0.0,0.0,0.0,0.0,0.0,0.0,0.0,0.0,0.0,0.0,0.0,0.0,0.0,0.0,0.0,0.0,0.0,0.0,0.0,0.0,0.0,0.0,0.0
Burundi,BI,BDI,AFE,Rest of World,Primary aluminium ingot production,kt,0.0,False,,,,,OMNIA INF_Data,"British Geological Survey, World Mineral Production 2020-24, Production of primary aluminium",BGS 2024 country value rebased to a synthetic Zijie 2024 regional value linearly back-extrapolated from Zijie 2025-2026; Zijie regional trajectory applied from 2025 onward,0.0,0.0,0.0,0.0,0.0,0.0,0.0,0.0,0.0,0.0,0.0,0.0,0.0,0.0,0.0,0.0,0.0,0.0,0.0,0.0,0.0,0.0,0.0,0.0,0.0,0.0,0.0,0.0,0.0,0.0,0.0,0.0
Comoros,KM,COM,AFE,Rest of World,Primary aluminium ingot production,kt,0.0,False,,,,,OMNIA INF_Data,"British Geological Survey, World Mineral Production 2020-24, Production of primary aluminium",BGS 2024 country value rebased to a synthetic Zijie 2024 regional value linearly back-extrapolated from Zijie 2025-2026; Zijie regional trajectory applied from 2025 onward,0.0,0.0,0.0,0.0,0.0,0.0,0.0,0.0,0.0,0.0,0.0,0.0,0.0,0.0,0.0,0.0,0.0,0.0,0.0,0.0,0.0,0.0,0.0,0.0,0.0,0.0,0.0,0.0,0.0,0.0,0.0,0.0
Djibouti,DJ,DJI,AFE,Rest of World,Primary aluminium ingot production,kt,0.0,False,,,,,OMNIA INF_Data,"British Geological Survey, World Mineral Production 2020-24, Production of primary aluminium",BGS 2024 country value rebased to a synthetic Zijie 2024 regional value linearly back-extrapolated from Zijie 2025-2026; Zijie regional trajectory applied from 2025 onward,0.0,0.0,0.0,0.0,0.0,0.0,0.0,0.0,0.0,0.0,0.0,0.0,0.0,0.0,0.0,0.0,0.0,0.0,0.0,0.0,0.0,0.0,0.0,0.0,0.0,0.0,0.0,0.0,0.0,0.0,0.0,0.0
Madagascar,MG,MDG,AFE,Rest of World,Primary aluminium ingot production,kt,0.0,False,,,,,OMNIA INF_Data,"British Geological Survey, World Mineral Production 2020-24, Production of primary aluminium",BGS 2024 country value rebased to a synthetic Zijie 2024 regional value linearly back-extrapolated from Zijie 2025-2026; Zijie regional trajectory applied from 2025 onward,0.0,0.0,0.0,0.0,0.0,0.0,0.0,0.0,0.0,0.0,0.0,0.0,0.0,0.0,0.0,0.0,0.0,0.0,0.0,0.0,0.0,0.0,0.0,0.0,0.0,0.0,0.0,0.0,0.0,0.0,0.0,0.0
Reunion,RE,REU,AFE,Rest of World,Primary aluminium ingot production,kt,0.0,False,,,,,OMNIA INF_Data,"British Geological Survey, World Mineral Production 2020-24, Production of primary aluminium",BGS 2024 country value rebased to a synthetic Zijie 2024 regional value linearly back-extrapolated from Zijie 2025-2026; Zijie regional trajectory applied from 2025 onward,0.0,0.0,0.0,0.0,0.0,0.0,0.0,0.0,0.0,0.0,0.0,0.0,0.0,0.0,0.0,0.0,0.0,0.0,0.0,0.0,0.0,0.0,0.0,0.0,0.0,0.0,0.0,0.0,0.0,0.0,0.0,0.0
Rwanda,RW,RWA,AFE,Rest of World,Primary aluminium ingot production,kt,0.0,False,,,,,OMNIA INF_Data,"British Geological Survey, World Mineral Production 2020-24, Production of primary aluminium",BGS 2024 country value rebased to a synthetic Zijie 2024 regional value linearly back-extrapolated from Zijie 2025-2026; Zijie regional trajectory applied from 2025 onward,0.0,0.0,0.0,0.0,0.0,0.0,0.0,0.0,0.0,0.0,0.0,0.0,0.0,0.0,0.0,0.0,0.0,0.0,0.0,0.0,0.0,0.0,0.0,0.0,0.0,0.0,0.0,0.0,0.0,0.0,0.0,0.0
Somalia,SO,SOM,AFE,Rest of World,Primary aluminium ingot production,kt,0.0,False,,,,,OMNIA INF_Data,"British Geological Survey, World Mineral Production 2020-24, Production of primary aluminium",BGS 2024 country value rebased to a synthetic Zijie 2024 regional value linearly back-extrapolated from Zijie 2025-2026; Zijie regional trajectory applied from 2025 onward,0.0,0.0,0.0,0.0,0.0,0.0,0.0,0.0,0.0,0.0,0.0,0.0,0.0,0.0,0.0,0.0,0.0,0.0,0.0,0.0,0.0,0.0,0.0,0.0,0.0,0.0,0.0,0.0,0.0,0.0,0.0,0.0
Uganda,UG,UGA,AFE,Rest of World,Primary aluminium ingot production,kt,0.0,False,,,,,OMNIA INF_Data,"British Geological Survey, World Mineral Production 2020-24, Production of primary aluminium",BGS 2024 country value rebased to a synthetic Zijie 2024 regional value linearly back-extrapolated from Zijie 2025-2026; Zijie regional trajectory applied from 2025 onward,0.0,0.0,0.0,0.0,0.0,0.0,0.0,0.0,0.0,0.0,0.0,0.0,0.0,0.0,0.0,0.0,0.0,0.0,0.0,0.0,0.0,0.0,0.0,0.0,0.0,0.0,0.0,0.0,0.0,0.0,0.0,0.0
Seychelles,SC,SYC,AFE,Rest of World,Primary aluminium ingot production,kt,0.0,False,,,,,OMNIA INF_Data,"British Geological Survey, World Mineral Production 2020-24, Production of primary aluminium",BGS 2024 country value rebased to a synthetic Zijie 2024 regional value linearly back-extrapolated from Zijie 2025-2026; Zijie regional trajectory applied from 2025 onward,0.0,0.0,0.0,0.0,0.0,0.0,0.0,0.0,0.0,0.0,0.0,0.0,0.0,0.0,0.0,0.0,0.0,0.0,0.0,0.0,0.0,0.0,0.0,0.0,0.0,0.0,0.0,0.0,0.0,0.0,0.0,0.0
United Republic of Tanzania,TZ,TZA,AFE,Other main producer,Primary aluminium ingot production,kt,0.0,False,,,,,OMNIA INF_Data,"British Geological Survey, World Mineral Production 2020-24, Production of primary aluminium",BGS 2024 country value rebased to a synthetic Zijie 2024 regional value linearly back-extrapolated from Zijie 2025-2026; Zijie regional trajectory applied from 2025 onward,0.0,0.0,0.0,0.0,0.0,0.0,0.0,0.0,0.0,0.0,0.0,0.0,0.0,0.0,0.0,0.0,0.0,0.0,0.0,0.0,0.0,0.0,0.0,0.0,0.0,0.0,0.0,0.0,0.0,0.0,0.0,0.0
Egypt,EG,EGY,AFN,Other main producer,Primary aluminium ingot production,kt,300.0,True,Egypt,2021;2022,Years ended 30 June of the stated year,0.6068761826480698,OMNIA INF_Data,"British Geological Survey, World Mineral Production 2020-24, Production of primary aluminium",BGS 2024 country value rebased to a synthetic Zijie 2024 regional value linearly back-extrapolated from Zijie 2025-2026; Zijie regional trajectory applied from 2025 onward,300.0,268.0,260.0,260.0,310.0,305.0,291.4421763694959,277.8843527389918,273.2440054716761,267.6347778818489,262.91668639970464,258.9553990806391,255.84910498756938,253.8079417044758,252.5646809299633,252.0339657398659,252.13076764792112,252.5592304266331,253.12069539187925,253.9254613013658,254.99806912636586,256.3240763682061,257.911619584225,259.48081047253675,261.01907875789726,262.69757295165357,264.5090422067249,266.4166571940153,268.1572165345522,269.6325929277587,270.93989132225255,272.4576001437725
Algeria,DZ,DZA,AFN,Rest of World,Primary aluminium ingot production,kt,0.0,False,,,,,OMNIA INF_Data,"British Geological Survey, World Mineral Production 2020-24, Production of primary aluminium",BGS 2024 country value rebased to a synthetic Zijie 2024 regional value linearly back-extrapolated from Zijie 2025-2026; Zijie regional trajectory applied from 2025 onward,0.0,0.0,0.0,0.0,0.0,0.0,0.0,0.0,0.0,0.0,0.0,0.0,0.0,0.0,0.0,0.0,0.0,0.0,0.0,0.0,0.0,0.0,0.0,0.0,0.0,0.0,0.0,0.0,0.0,0.0,0.0,0.0
Morocco,MA,MAR,AFN,Rest of World,Primary aluminium ingot production,kt,0.0,False,,,,,OMNIA INF_Data,"British Geological Survey, World Mineral Production 2020-24, Production of primary aluminium",BGS 2024 country value rebased to a synthetic Zijie 2024 regional value linearly back-extrapolated from Zijie 2025-2026; Zijie regional trajectory applied from 2025 onward,0.0,0.0,0.0,0.0,0.0,0.0,0.0,0.0,0.0,0.0,0.0,0.0,0.0,0.0,0.0,0.0,0.0,0.0,0.0,0.0,0.0,0.0,0.0,0.0,0.0,0.0,0.0,0.0,0.0,0.0,0.0,0.0
Libya,LY,LBY,AFN,Rest of World,Primary aluminium ingot production,kt,0.0,False,,,,,OMNIA INF_Data,"British Geological Survey, World Mineral Production 2020-24, Production of primary aluminium",BGS 2024 country value rebased to a synthetic Zijie 2024 regional value linearly back-extrapolated from Zijie 2025-2026; Zijie regional trajectory applied from 2025 onward,0.0,0.0,0.0,0.0,0.0,0.0,0.0,0.0,0.0,0.0,0.0,0.0,0.0,0.0,0.0,0.0,0.0,0.0,0.0,0.0,0.0,0.0,0.0,0.0,0.0,0.0,0.0,0.0,0.0,0.0,0.0,0.0
Tunisia,TN,TUN,AFN,Rest of World,Primary aluminium ingot production,kt,0.0,False,,,,,OMNIA INF_Data,"British Geological Survey, World Mineral Production 2020-24, Production of primary aluminium",BGS 2024 country value rebased to a synthetic Zijie 2024 regional value linearly back-extrapolated from Zijie 2025-2026; Zijie regional trajectory applied from 2025 onward,0.0,0.0,0.0,0.0,0.0,0.0,0.0,0.0,0.0,0.0,0.0,0.0,0.0,0.0,0.0,0.0,0.0,0.0,0.0,0.0,0.0,0.0,0.0,0.0,0.0,0.0,0.0,0.0,0.0,0.0,0.0,0.0
Democratic Republic of the Congo,CD,COD,AFW,Rest of World,Primary aluminium ingot production,kt,0.0,False,,,,,OMNIA INF_Data,"British Geological Survey, World Mineral Production 2020-24, Production of primary aluminium",BGS 2024 country value rebased to a synthetic Zijie 2024 regional value linearly back-extrapolated from Zijie 2025-2026; Zijie regional trajectory applied from 2025 onward,0.0,0.0,0.0,0.0,0.0,0.0,0.0,0.0,0.0,0.0,0.0,0.0,0.0,0.0,0.0,0.0,0.0,0.0,0.0,0.0,0.0,0.0,0.0,0.0,0.0,0.0,0.0,0.0,0.0,0.0,0.0,0.0
Cote d'Ivoire,CI,CIV,AFW,Rest of World,Primary aluminium ingot production,kt,0.0,False,,,,,OMNIA INF_Data,"British Geological Survey, World Mineral Production 2020-24, Production of primary aluminium",BGS 2024 country value rebased to a synthetic Zijie 2024 regional value linearly back-extrapolated from Zijie 2025-2026; Zijie regional trajectory applied from 2025 onward,0.0,0.0,0.0,0.0,0.0,0.0,0.0,0.0,0.0,0.0,0.0,0.0,0.0,0.0,0.0,0.0,0.0,0.0,0.0,0.0,0.0,0.0,0.0,0.0,0.0,0.0,0.0,0.0,0.0,0.0,0.0,0.0
Ghana,GH,GHA,AFW,Rest of World,Primary aluminium ingot production,kt,42.0,True,Ghana,,Exports,1.190142174703103,OMNIA INF_Data,"British Geological Survey, World Mineral Production 2020-24, Production of primary aluminium",BGS 2024 country value rebased to a synthetic Zijie 2024 regional value linearly back-extrapolated from Zijie 2025-2026; Zijie regional trajectory applied from 2025 onward,42.0,37.566,39.239,55.592,48.314,35.084,37.79837172045506,40.51274344091012,43.265422922455656,46.060478863105736,48.95913075011357,51.95973495316799,55.06506117541075,58.27144799867311,61.56315209728946,64.90505208335874,68.24954083123275,71.56678133391662,74.83188932387021,78.05013747918609,81.27776722180892,84.55057723239925,87.85188330218685,91.21012385318818,94.66580149530151,98.17238712347601,101.67306236219937,105.16616700298253,108.61529135056624,112.00431224739997,115.33618364378033,118.53340957377824
Cameroon,CM,CMR,AFW,Other main producer,Primary aluminium ingot production,kt,70.0,True,Cameroon,,,0.2438874776168824,OMNIA INF_Data,"British Geological Survey, World Mineral Production 2020-24, Production of primary aluminium",BGS 2024 country value rebased to a synthetic Zijie 2024 regional value linearly back-extrapolated from Zijie 2025-2026; Zijie regional trajectory applied from 2025 onward,70.0,61.7,47.3,62.8,62.2,28.6,27.32867621038552,26.057352420771036,25.62222477537684,25.096244745642224,24.653826986988697,24.282375126905833,23.99109640211306,23.799695517206587,23.683114342940822,23.633348918557918,23.64242608108375,23.682603246562973,23.735252092484416,23.810715387603484,23.911294350865784,24.035634702067853,24.184499410192903,24.33164321152312,24.47588738516676,24.63328061120424,24.803142974138797,24.98202096966832,25.14523407504326,25.283580845029178,25.4061668584145,25.5484831610226
Gabon,GA,GAB,AFW,Rest of World,Primary aluminium ingot production,kt,0.0,False,,,,,OMNIA INF_Data,"British Geological Survey, World Mineral Production 2020-24, Production of primary aluminium",BGS 2024 country value rebased to a synthetic Zijie 2024 regional value linearly back-extrapolated from Zijie 2025-2026; Zijie regional trajectory applied from 2025 onward,0.0,0.0,0.0,0.0,0.0,0.0,0.0,0.0,0.0,0.0,0.0,0.0,0.0,0.0,0.0,0.0,0.0,0.0,0.0,0.0,0.0,0.0,0.0,0.0,0.0,0.0,0.0,0.0,0.0,0.0,0.0,0.0
Benin,BJ,BEN,AFW,Rest of World,Primary aluminium ingot production,kt,0.0,False,,,,,OMNIA INF_Data,"British Geological Survey, World Mineral Production 2020-24, Production of primary aluminium",BGS 2024 country value rebased to a synthetic Zijie 2024 regional value linearly back-extrapolated from Zijie 2025-2026; Zijie regional trajectory applied from 2025 onward,0.0,0.0,0.0,0.0,0.0,0.0,0.0,0.0,0.0,0.0,0.0,0.0,0.0,0.0,0.0,0.0,0.0,0.0,0.0,0.0,0.0,0.0,0.0,0.0,0.0,0.0,0.0,0.0,0.0,0.0,0.0,0.0
Senegal,SN,SEN,AFW,Rest of World,Primary aluminium ingot production,kt,0.0,False,,,,,OMNIA INF_Data,"British Geological Survey, World Mineral Production 2020-24, Production of primary aluminium",BGS 2024 country value rebased to a synthetic Zijie 2024 regional value linearly back-extrapolated from Zijie 2025-2026; Zijie regional trajectory applied from 2025 onward,0.0,0.0,0.0,0.0,0.0,0.0,0.0,0.0,0.0,0.0,0.0,0.0,0.0,0.0,0.0,0.0,0.0,0.0,0.0,0.0,0.0,0.0,0.0,0.0,0.0,0.0,0.0,0.0,0.0,0.0,0.0,0.0
Togo,TG,TGO,AFW,Rest of World,Primary aluminium ingot production,kt,0.0,False,,,,,OMNIA INF_Data,"British Geological Survey, World Mineral Production 2020-24, Production of primary aluminium",BGS 2024 country value rebased to a synthetic Zijie 2024 regional value linearly back-extrapolated from Zijie 2025-2026; Zijie regional trajectory applied from 2025 onward,0.0,0.0,0.0,0.0,0.0,0.0,0.0,0.0,0.0,0.0,0.0,0.0,0.0,0.0,0.0,0.0,0.0,0.0,0.0,0.0,0.0,0.0,0.0,0.0,0.0,0.0,0.0,0.0,0.0,0.0,0.0,0.0
Niger,NE,NER,AFW,Rest of World,Primary aluminium ingot production,kt,0.0,False,,,,,OMNIA INF_Data,"British Geological Survey, World Mineral Production 2020-24, Production of primary aluminium",BGS 2024 country value rebased to a synthetic Zijie 2024 regional value linearly back-extrapolated from Zijie 2025-2026; Zijie regional trajectory applied from 2025 onward,0.0,0.0,0.0,0.0,0.0,0.0,0.0,0.0,0.0,0.0,0.0,0.0,0.0,0.0,0.0,0.0,0.0,0.0,0.0,0.0,0.0,0.0,0.0,0.0,0.0,0.0,0.0,0.0,0.0,0.0,0.0,0.0
Congo,CG,COG,AFW,Rest of World,Primary aluminium ingot production,kt,0.0,False,,,,,OMNIA INF_Data,"British Geological Survey, World Mineral Production 2020-24, Production of primary aluminium",BGS 2024 country value rebased to a synthetic Zijie 2024 regional value linearly back-extrapolated from Zijie 2025-2026; Zijie regional trajectory applied from 2025 onward,0.0,0.0,0.0,0.0,0.0,0.0,0.0,0.0,0.0,0.0,0.0,0.0,0.0,0.0,0.0,0.0,0.0,0.0,0.0,0.0,0.0,0.0,0.0,0.0,0.0,0.0,0.0,0.0,0.0,0.0,0.0,0.0
Burkina Faso,BF,BFA,AFW,Rest of World,Primary aluminium ingot production,kt,0.0,False,,,,,OMNIA INF_Data,"British Geological Survey, World Mineral Production 2020-24, Production of primary aluminium",BGS 2024 country value rebased to a synthetic Zijie 2024 regional value linearly back-extrapolated from Zijie 2025-2026; Zijie regional trajectory applied from 2025 onward,0.0,0.0,0.0,0.0,0.0,0.0,0.0,0.0,0.0,0.0,0.0,0.0,0.0,0.0,0.0,0.0,0.0,0.0,0.0,0.0,0.0,0.0,0.0,0.0,0.0,0.0,0.0,0.0,0.0,0.0,0.0,0.0
Cabo Verde,CV,CPV,AFW,Rest of World,Primary aluminium ingot production,kt,0.0,False,,,,,OMNIA INF_Data,"British Geological Survey, World Mineral Production 2020-24, Production of primary aluminium",BGS 2024 country value rebased to a synthetic Zijie 2024 regional value linearly back-extrapolated from Zijie 2025-2026; Zijie regional trajectory applied from 2025 onward,0.0,0.0,0.0,0.0,0.0,0.0,0.0,0.0,0.0,0.0,0.0,0.0,0.0,0.0,0.0,0.0,0.0,0.0,0.0,0.0,0.0,0.0,0.0,0.0,0.0,0.0,0.0,0.0,0.0,0.0,0.0,0.0
Central African Republic,CF,CAF,AFW,Rest of World,Primary aluminium ingot production,kt,0.0,False,,,,,OMNIA INF_Data,"British Geological Survey, World Mineral Production 2020-24, Production of primary aluminium",BGS 2024 country value rebased to a synthetic Zijie 2024 regional value linearly back-extrapolated from Zijie 2025-2026; Zijie regional trajectory applied from 2025 onward,0.0,0.0,0.0,0.0,0.0,0.0,0.0,0.0,0.0,0.0,0.0,0.0,0.0,0.0,0.0,0.0,0.0,0.0,0.0,0.0,0.0,0.0,0.0,0.0,0.0,0.0,0.0,0.0,0.0,0.0,0.0,0.0
Chad,TD,TCD,AFW,Rest of World,Primary aluminium ingot production,kt,0.0,False,,,,,OMNIA INF_Data,"British Geological Survey, World Mineral Production 2020-24, Production of primary aluminium",BGS 2024 country value rebased to a synthetic Zijie 2024 regional value linearly back-extrapolated from Zijie 2025-2026; Zijie regional trajectory applied from 2025 onward,0.0,0.0,0.0,0.0,0.0,0.0,0.0,0.0,0.0,0.0,0.0,0.0,0.0,0.0,0.0,0.0,0.0,0.0,0.0,0.0,0.0,0.0,0.0,0.0,0.0,0.0,0.0,0.0,0.0,0.0,0.0,0.0
Equatorial Guinea,GQ,GNQ,AFW,Rest of World,Primary aluminium ingot production,kt,0.0,False,,,,,OMNIA INF_Data,"British Geological Survey, World Mineral Production 2020-24, Production of primary aluminium",BGS 2024 country value rebased to a synthetic Zijie 2024 regional value linearly back-extrapolated from Zijie 2025-2026; Zijie regional trajectory applied from 2025 onward,0.0,0.0,0.0,0.0,0.0,0.0,0.0,0.0,0.0,0.0,0.0,0.0,0.0,0.0,0.0,0.0,0.0,0.0,0.0,0.0,0.0,0.0,0.0,0.0,0.0,0.0,0.0,0.0,0.0,0.0,0.0,0.0
Gambia,GM,GMB,AFW,Rest of World,Primary aluminium ingot production,kt,0.0,False,,,,,OMNIA INF_Data,"British Geological Survey, World Mineral Production 2020-24, Production of primary aluminium",BGS 2024 country value rebased to a synthetic Zijie 2024 regional value linearly back-extrapolated from Zijie 2025-2026; Zijie regional trajectory applied from 2025 onward,0.0,0.0,0.0,0.0,0.0,0.0,0.0,0.0,0.0,0.0,0.0,0.0,0.0,0.0,0.0,0.0,0.0,0.0,0.0,0.0,0.0,0.0,0.0,0.0,0.0,0.0,0.0,0.0,0.0,0.0,0.0,0.0
Guinea,GN,GIN,AFW,Other main producer,Primary aluminium ingot production,kt,0.0,False,,,,,OMNIA INF_Data,"British Geological Survey, World Mineral Production 2020-24, Production of primary aluminium",BGS 2024 country value rebased to a synthetic Zijie 2024 regional value linearly back-extrapolated from Zijie 2025-2026; Zijie regional trajectory applied from 2025 onward,0.0,0.0,0.0,0.0,0.0,0.0,0.0,0.0,0.0,0.0,0.0,0.0,0.0,0.0,0.0,0.0,0.0,0.0,0.0,0.0,0.0,0.0,0.0,0.0,0.0,0.0,0.0,0.0,0.0,0.0,0.0,0.0
Guinea-Bissau,GW,GNB,AFW,Rest of World,Primary aluminium ingot production,kt,0.0,False,,,,,OMNIA INF_Data,"British Geological Survey, World Mineral Production 2020-24, Production of primary aluminium",BGS 2024 country value rebased to a synthetic Zijie 2024 regional value linearly back-extrapolated from Zijie 2025-2026; Zijie regional trajectory applied from 2025 onward,0.0,0.0,0.0,0.0,0.0,0.0,0.0,0.0,0.0,0.0,0.0,0.0,0.0,0.0,0.0,0.0,0.0,0.0,0.0,0.0,0.0,0.0,0.0,0.0,0.0,0.0,0.0,0.0,0.0,0.0,0.0,0.0
Liberia,LR,LBR,AFW,Rest of World,Primary aluminium ingot production,kt,0.0,False,,,,,OMNIA INF_Data,"British Geological Survey, World Mineral Production 2020-24, Production of primary aluminium",BGS 2024 country value rebased to a synthetic Zijie 2024 regional value linearly back-extrapolated from Zijie 2025-2026; Zijie regional trajectory applied from 2025 onward,0.0,0.0,0.0,0.0,0.0,0.0,0.0,0.0,0.0,0.0,0.0,0.0,0.0,0.0,0.0,0.0,0.0,0.0,0.0,0.0,0.0,0.0,0.0,0.0,0.0,0.0,0.0,0.0,0.0,0.0,0.0,0.0
Malawi,MW,MWI,AFW,Rest of World,Primary aluminium ingot production,kt,0.0,False,,,,,OMNIA INF_Data,"British Geological Survey, World Mineral Production 2020-24, Production of primary aluminium",BGS 2024 country value rebased to a synthetic Zijie 2024 regional value linearly back-extrapolated from Zijie 2025-2026; Zijie regional trajectory applied from 2025 onward,0.0,0.0,0.0,0.0,0.0,0.0,0.0,0.0,0.0,0.0,0.0,0.0,0.0,0.0,0.0,0.0,0.0,0.0,0.0,0.0,0.0,0.0,0.0,0.0,0.0,0.0,0.0,0.0,0.0,0.0,0.0,0.0
Mali,ML,MLI,AFW,Rest of World,Primary aluminium ingot production,kt,0.0,False,,,,,OMNIA INF_Data,"British Geological Survey, World Mineral Production 2020-24, Production of primary aluminium",BGS 2024 country value rebased to a synthetic Zijie 2024 regional value linearly back-extrapolated from Zijie 2025-2026; Zijie regional trajectory applied from 2025 onward,0.0,0.0,0.0,0.0,0.0,0.0,0.0,0.0,0.0,0.0,0.0,0.0,0.0,0.0,0.0,0.0,0.0,0.0,0.0,0.0,0.0,0.0,0.0,0.0,0.0,0.0,0.0,0.0,0.0,0.0,0.0,0.0
Mauritania,MR,MRT,AFW,Rest of World,Primary aluminium ingot production,kt,0.0,False,,,,,OMNIA INF_Data,"British Geological Survey, World Mineral Production 2020-24, Production of primary aluminium",BGS 2024 country value rebased to a synthetic Zijie 2024 regional value linearly back-extrapolated from Zijie 2025-2026; Zijie regional trajectory applied from 2025 onward,0.0,0.0,0.0,0.0,0.0,0.0,0.0,0.0,0.0,0.0,0.0,0.0,0.0,0.0,0.0,0.0,0.0,0.0,0.0,0.0,0.0,0.0,0.0,0.0,0.0,0.0,0.0,0.0,0.0,0.0,0.0,0.0
Sao Tome and Principe,ST,STP,AFW,Rest of World,Primary aluminium ingot production,kt,0.0,False,,,,,OMNIA INF_Data,"British Geological Survey, World Mineral Production 2020-24, Production of primary aluminium",BGS 2024 country value rebased to a synthetic Zijie 2024 regional value linearly back-extrapolated from Zijie 2025-2026; Zijie regional trajectory applied from 2025 onward,0.0,0.0,0.0,0.0,0.0,0.0,0.0,0.0,0.0,0.0,0.0,0.0,0.0,0.0,0.0,0.0,0.0,0.0,0.0,0.0,0.0,0.0,0.0,0.0,0.0,0.0,0.0,0.0,0.0,0.0,0.0,0.0
Sierra Leone,SL,SLE,AFW,Other main producer,Primary aluminium ingot production,kt,0.0,False,,,,,OMNIA INF_Data,"British Geological Survey, World Mineral Production 2020-24, Production of primary aluminium",BGS 2024 country value rebased to a synthetic Zijie 2024 regional value linearly back-extrapolated from Zijie 2025-2026; Zijie regional trajectory applied from 2025 onward,0.0,0.0,0.0,0.0,0.0,0.0,0.0,0.0,0.0,0.0,0.0,0.0,0.0,0.0,0.0,0.0,0.0,0.0,0.0,0.0,0.0,0.0,0.0,0.0,0.0,0.0,0.0,0.0,0.0,0.0,0.0,0.0
Angola,AO,AGO,AFZ,Rest of World,Primary aluminium ingot production,kt,0.0,False,,,,,OMNIA INF_Data,"British Geological Survey, World Mineral Production 2020-24, Production of primary aluminium",BGS 2024 country value rebased to a synthetic Zijie 2024 regional value linearly back-extrapolated from Zijie 2025-2026; Zijie regional trajectory applied from 2025 onward,0.0,0.0,0.0,0.0,0.0,0.0,0.0,0.0,0.0,0.0,0.0,0.0,0.0,0.0,0.0,0.0,0.0,0.0,0.0,0.0,0.0,0.0,0.0,0.0,0.0,0.0,0.0,0.0,0.0,0.0,0.0,0.0
Mozambique,MZ,MOZ,AFZ,Rest of World,Primary aluminium ingot production,kt,565.0,True,Mozambique,,Years ended 30 June of the stated year,1.2430286032730973,OMNIA INF_Data,"British Geological Survey, World Mineral Production 2020-24, Production of primary aluminium",BGS 2024 country value rebased to a synthetic Zijie 2024 regional value linearly back-extrapolated from Zijie 2025-2026; Zijie regional trajectory applied from 2025 onward,565.0,569.002,562.633,576.22,541.601,492.936,531.0733714056046,569.2107428112093,607.8863445930793,647.1573426309396,687.8838808413516,730.0428659467225,773.6732127340745,818.7234776728402,864.97246443477,911.9267117136735,958.9173315239011,1005.5251089845947,1051.4004160230102,1096.6173346380135,1141.9660661056207,1187.9495878072612,1234.3334838515214,1281.5173187691016,1330.0701609248642,1379.3382687007686,1428.5233345277934,1477.602032202206,1526.0627994864528,1573.679103351509,1620.4924472873815,1665.4140001613255
Zimbabwe,ZW,ZWE,AFZ,Other main producer,Primary aluminium ingot production,kt,0.0,False,,,,,OMNIA INF_Data,"British Geological Survey, World Mineral Production 2020-24, Production of primary aluminium",BGS 2024 country value rebased to a synthetic Zijie 2024 regional value linearly back-extrapolated from Zijie 2025-2026; Zijie regional trajectory applied from 2025 onward,0.0,0.0,0.0,0.0,0.0,0.0,0.0,0.0,0.0,0.0,0.0,0.0,0.0,0.0,0.0,0.0,0.0,0.0,0.0,0.0,0.0,0.0,0.0,0.0,0.0,0.0,0.0,0.0,0.0,0.0,0.0,0.0
Zambia,ZM,ZMB,AFZ,Rest of World,Primary aluminium ingot production,kt,0.0,False,,,,,OMNIA INF_Data,"British Geological Survey, World Mineral Production 2020-24, Production of primary aluminium",BGS 2024 country value rebased to a synthetic Zijie 2024 regional value linearly back-extrapolated from Zijie 2025-2026; Zijie regional trajectory applied from 2025 onward,0.0,0.0,0.0,0.0,0.0,0.0,0.0,0.0,0.0,0.0,0.0,0.0,0.0,0.0,0.0,0.0,0.0,0.0,0.0,0.0,0.0,0.0,0.0,0.0,0.0,0.0,0.0,0.0,0.0,0.0,0.0,0.0
Botswana,BW,BWA,AFZ,Rest of World,Primary aluminium ingot production,kt,0.0,False,,,,,OMNIA INF_Data,"British Geological Survey, World Mineral Production 2020-24, Production of primary aluminium",BGS 2024 country value rebased to a synthetic Zijie 2024 regional value linearly back-extrapolated from Zijie 2025-2026; Zijie regional trajectory applied from 2025 onward,0.0,0.0,0.0,0.0,0.0,0.0,0.0,0.0,0.0,0.0,0.0,0.0,0.0,0.0,0.0,0.0,0.0,0.0,0.0,0.0,0.0,0.0,0.0,0.0,0.0,0.0,0.0,0.0,0.0,0.0,0.0,0.0
Namibia,,NAM,AFZ,Rest of World,Primary aluminium ingot production,kt,0.0,False,,,,,OMNIA INF_Data,"British Geological Survey, World Mineral Production 2020-24, Production of primary aluminium",BGS 2024 country value rebased to a synthetic Zijie 2024 regional value linearly back-extrapolated from Zijie 2025-2026; Zijie regional trajectory applied from 2025 onward,0.0,0.0,0.0,0.0,0.0,0.0,0.0,0.0,0.0,0.0,0.0,0.0,0.0,0.0,0.0,0.0,0.0,0.0,0.0,0.0,0.0,0.0,0.0,0.0,0.0,0.0,0.0,0.0,0.0,0.0,0.0,0.0
South Africa,ZA,ZAF,AFZ,Other main producer,Primary aluminium ingot production,kt,717.0,True,South Africa,,,0.6019226010762803,OMNIA INF_Data,"British Geological Survey, World Mineral Production 2020-24, Production of primary aluminium",BGS 2024 country value rebased to a synthetic Zijie 2024 regional value linearly back-extrapolated from Zijie 2025-2026; Zijie regional trajectory applied from 2025 onward,717.0,717.0,714.0,718.0,720.0,723.0,690.8612902135919,658.7225804271839,647.7226752656452,634.4260472412352,623.2418500556932,613.8516509354166,606.4882062492218,601.6496454174951,598.7025059421752,597.4444499341739,597.6739180637605,598.6895855687073,600.0205336666514,601.9282246586474,604.4708327159426,607.6141220138131,611.3773801947367,615.0971343332593,618.7435866949498,622.7224434231001,627.0165164441381,631.5385021353214,635.6644837851845,639.1618514320313,642.2607915606183,645.858507881795
Eswatini,SZ,SWZ,AFZ,Rest of World,Primary aluminium ingot production,kt,0.0,False,,,,,OMNIA INF_Data,"British Geological Survey, World Mineral Production 2020-24, Production of primary aluminium",BGS 2024 country value rebased to a synthetic Zijie 2024 regional value linearly back-extrapolated from Zijie 2025-2026; Zijie regional trajectory applied from 2025 onward,0.0,0.0,0.0,0.0,0.0,0.0,0.0,0.0,0.0,0.0,0.0,0.0,0.0,0.0,0.0,0.0,0.0,0.0,0.0,0.0,0.0,0.0,0.0,0.0,0.0,0.0,0.0,0.0,0.0,0.0,0.0,0.0
Lesotho,LS,LSO,AFZ,Rest of World,Primary aluminium ingot production,kt,0.0,False,,,,,OMNIA INF_Data,"British Geological Survey, World Mineral Production 2020-24, Production of primary aluminium",BGS 2024 country value rebased to a synthetic Zijie 2024 regional value linearly back-extrapolated from Zijie 2025-2026; Zijie regional trajectory applied from 2025 onward,0.0,0.0,0.0,0.0,0.0,0.0,0.0,0.0,0.0,0.0,0.0,0.0,0.0,0.0,0.0,0.0,0.0,0.0,0.0,0.0,0.0,0.0,0.0,0.0,0.0,0.0,0.0,0.0,0.0,0.0,0.0,0.0
Nigeria,NG,NGA,NIG,Rest of World,Primary aluminium ingot production,kt,0.0,False,,,,,OMNIA INF_Data,"British Geological Survey, World Mineral Production 2020-24, Production of primary aluminium",BGS 2024 country value rebased to a synthetic Zijie 2024 regional value linearly back-extrapolated from Zijie 2025-2026; Zijie regional trajectory applied from 2025 onward,0.0,0.0,0.0,0.0,0.0,0.0,0.0,0.0,0.0,0.0,0.0,0.0,0.0,0.0,0.0,0.0,0.0,0.0,0.0,0.0,0.0,0.0,0.0,0.0,0.0,0.0,0.0,0.0,0.0,0.0,0.0,0.0
Russian Federation,RU,RUS,RUS,Other main producer,Primary aluminium ingot production,kt,3637.0,True,Russia,,,0.6863762322128835,OMNIA INF_Data,"British Geological Survey, World Mineral Production 2020-24, Production of primary aluminium",BGS 2024 country value rebased to a synthetic Zijie 2024 regional value linearly back-extrapolated from Zijie 2025-2026; Zijie regional trajectory applied from 2025 onward,3637.0,3936.0,3937.0,4014.0,4026.0,4182.0,3996.102234679449,3810.2044693588978,3746.5784619099977,3669.6676757439086,3604.9756804051303,3550.6605867384683,3508.068711665623,3480.081351502026,3463.0344119642837,3455.757523685637,3457.084820667561,3462.9596775219,3470.6581905863573,3481.6927185649565,3496.3997543818427,3514.5812700715996,3536.348829840095,3557.8647521185203,3578.9566798869714,3601.971311750214,3626.809227896799,3652.9654438864654,3676.8310804835983,3697.060667619301,3714.9856574087216,3735.7956845942836
Kazakhstan,KZ,KAZ,ASC,Other main producer,Primary aluminium ingot production,kt,260.0,True,Kazakhstan,,,0.6072588284126651,OMNIA INF_Data,"British Geological Survey, World Mineral Production 2020-24, Production of primary aluminium",BGS 2024 country value rebased to a synthetic Zijie 2024 regional value linearly back-extrapolated from Zijie 2025-2026; Zijie regional trajectory applied from 2025 onward,260.0,264.6,262.361,249.141,260.877,264.5,252.74247754010383,240.98495508020764,236.9607850729781,232.09638934343945,228.00479853351433,224.56951821911161,221.87569924331834,220.1055756748651,219.0274036261485,218.56716045309682,218.65110833729554,219.02267687817854,219.50958665951495,220.2074902105287,221.1376697833566,222.2876006537394,223.6643389509099,225.02516186880646,226.3591682998814,227.8147804777455,229.38571037271717,231.04001910759686,232.54945499471825,233.8289207521055,234.96262706470753,236.2788040591076
Uzbekistan,UZ,UZB,ASC,Rest of World,Primary aluminium ingot production,kt,0.0,False,,,,,OMNIA INF_Data,"British Geological Survey, World Mineral Production 2020-24, Production of primary aluminium",BGS 2024 country value rebased to a synthetic Zijie 2024 regional value linearly back-extrapolated from Zijie 2025-2026; Zijie regional trajectory applied from 2025 onward,0.0,0.0,0.0,0.0,0.0,0.0,0.0,0.0,0.0,0.0,0.0,0.0,0.0,0.0,0.0,0.0,0.0,0.0,0.0,0.0,0.0,0.0,0.0,0.0,0.0,0.0,0.0,0.0,0.0,0.0,0.0,0.0
Turkmenistan,TM,TKM,ASC,Rest of World,Primary aluminium ingot production,kt,0.0,False,,,,,OMNIA INF_Data,"British Geological Survey, World Mineral Production 2020-24, Production of primary aluminium",BGS 2024 country value rebased to a synthetic Zijie 2024 regional value linearly back-extrapolated from Zijie 2025-2026; Zijie regional trajectory applied from 2025 onward,0.0,0.0,0.0,0.0,0.0,0.0,0.0,0.0,0.0,0.0,0.0,0.0,0.0,0.0,0.0,0.0,0.0,0.0,0.0,0.0,0.0,0.0,0.0,0.0,0.0,0.0,0.0,0.0,0.0,0.0,0.0,0.0
Azerbaijan,AZ,AZE,ASC,Other main producer,Primary aluminium ingot production,kt,50.0,True,Azerbaijan,,,0.19406109538906968,OMNIA INF_Data,"British Geological Survey, World Mineral Production 2020-24, Production of primary aluminium",BGS 2024 country value rebased to a synthetic Zijie 2024 regional value linearly back-extrapolated from Zijie 2025-2026; Zijie regional trajectory applied from 2025 onward,50.0,31.492,24.9,33.529,28.23,16.255,15.532434678315264,14.80986935663053,14.562561668662605,14.263617424490011,14.012166352220323,13.801049219855045,13.635499021550622,13.526715057069685,13.46045537218542,13.432170862627935,13.43732992825232,13.460164887163675,13.490088208508187,13.532978273618692,13.590142995570742,13.660812660213738,13.745420906037959,13.829051063052738,13.911033197408589,14.000488683046324,14.097031085476436,14.198697582585961,14.291460835308676,14.370091141117106,14.439763716207262,14.520650132252529
Mongolia,MN,MNG,ASC,Rest of World,Primary aluminium ingot production,kt,0.0,False,,,,,OMNIA INF_Data,"British Geological Survey, World Mineral Production 2020-24, Production of primary aluminium",BGS 2024 country value rebased to a synthetic Zijie 2024 regional value linearly back-extrapolated from Zijie 2025-2026; Zijie regional trajectory applied from 2025 onward,0.0,0.0,0.0,0.0,0.0,0.0,0.0,0.0,0.0,0.0,0.0,0.0,0.0,0.0,0.0,0.0,0.0,0.0,0.0,0.0,0.0,0.0,0.0,0.0,0.0,0.0,0.0,0.0,0.0,0.0,0.0,0.0
Georgia,GE,GEO,ASC,Rest of World,Primary aluminium ingot production,kt,0.0,False,,,,,OMNIA INF_Data,"British Geological Survey, World Mineral Production 2020-24, Production of primary aluminium",BGS 2024 country value rebased to a synthetic Zijie 2024 regional value linearly back-extrapolated from Zijie 2025-2026; Zijie regional trajectory applied from 2025 onward,0.0,0.0,0.0,0.0,0.0,0.0,0.0,0.0,0.0,0.0,0.0,0.0,0.0,0.0,0.0,0.0,0.0,0.0,0.0,0.0,0.0,0.0,0.0,0.0,0.0,0.0,0.0,0.0,0.0,0.0,0.0,0.0
Kyrgyzstan,KG,KGZ,ASC,Rest of World,Primary aluminium ingot production,kt,0.0,False,,,,,OMNIA INF_Data,"British Geological Survey, World Mineral Production 2020-24, Production of primary aluminium",BGS 2024 country value rebased to a synthetic Zijie 2024 regional value linearly back-extrapolated from Zijie 2025-2026; Zijie regional trajectory applied from 2025 onward,0.0,0.0,0.0,0.0,0.0,0.0,0.0,0.0,0.0,0.0,0.0,0.0,0.0,0.0,0.0,0.0,0.0,0.0,0.0,0.0,0.0,0.0,0.0,0.0,0.0,0.0,0.0,0.0,0.0,0.0,0.0,0.0
Armenia,AM,ARM,ASC,Rest of World,Primary aluminium ingot production,kt,0.0,False,,,,,OMNIA INF_Data,"British Geological Survey, World Mineral Production 2020-24, Production of primary aluminium",BGS 2024 country value rebased to a synthetic Zijie 2024 regional value linearly back-extrapolated from Zijie 2025-2026; Zijie regional trajectory applied from 2025 onward,0.0,0.0,0.0,0.0,0.0,0.0,0.0,0.0,0.0,0.0,0.0,0.0,0.0,0.0,0.0,0.0,0.0,0.0,0.0,0.0,0.0,0.0,0.0,0.0,0.0,0.0,0.0,0.0,0.0,0.0,0.0,0.0
Tajikistan,TJ,TJK,ASC,Rest of World,Primary aluminium ingot production,kt,100.0,True,Tajikistan,2022,,1.171145491946469,OMNIA INF_Data,"British Geological Survey, World Mineral Production 2020-24, Production of primary aluminium",BGS 2024 country value rebased to a synthetic Zijie 2024 regional value linearly back-extrapolated from Zijie 2025-2026; Zijie regional trajectory applied from 2025 onward,100.0,84.0,61.0,62.0,66.649,82.2,88.55963275058161,94.91926550116325,101.36865135748074,107.91732306884309,114.70871473205266,121.73897540617969,129.0145943626372,136.5269930877588,144.23928578261297,152.06918484927854,159.9051492511496,167.67727242184318,175.32725180772238,182.86744102123748,190.4296108092775,198.09763563171867,205.83242524910952,213.70060941546197,221.79708365391014,230.0128326744307,238.21473395772398,246.39889772104559,254.48001792887197,262.42031885578257,270.2267214547584,277.71765668009834
Afghanistan,AF,AFG,ASC,Rest of World,Primary aluminium ingot production,kt,0.0,False,,,,,OMNIA INF_Data,"British Geological Survey, World Mineral Production 2020-24, Production of primary aluminium",BGS 2024 country value rebased to a synthetic Zijie 2024 regional value linearly back-extrapolated from Zijie 2025-2026; Zijie regional trajectory applied from 2025 onward,0.0,0.0,0.0,0.0,0.0,0.0,0.0,0.0,0.0,0.0,0.0,0.0,0.0,0.0,0.0,0.0,0.0,0.0,0.0,0.0,0.0,0.0,0.0,0.0,0.0,0.0,0.0,0.0,0.0,0.0,0.0,0.0
Thailand,TH,THA,ASE,Other Asia,Primary aluminium ingot production,kt,0.0,False,,,,,OMNIA INF_Data,"British Geological Survey, World Mineral Production 2020-24, Production of primary aluminium",BGS 2024 country value rebased to a synthetic Zijie 2024 regional value linearly back-extrapolated from Zijie 2025-2026; Zijie regional trajectory applied from 2025 onward,0.0,0.0,0.0,0.0,0.0,0.0,0.0,0.0,0.0,0.0,0.0,0.0,0.0,0.0,0.0,0.0,0.0,0.0,0.0,0.0,0.0,0.0,0.0,0.0,0.0,0.0,0.0,0.0,0.0,0.0,0.0,0.0
Malaysia,MY,MYS,ASE,Other Asia,Primary aluminium ingot production,kt,760.0,True,Malaysia,2020;2023;2024,,1.1354950425351107,OMNIA INF_Data,"British Geological Survey, World Mineral Production 2020-24, Production of primary aluminium",BGS 2024 country value rebased to a synthetic Zijie 2024 regional value linearly back-extrapolated from Zijie 2025-2026; Zijie regional trajectory applied from 2025 onward,760.0,800.0,901.0,928.0,1000.0,1000.0,1045.556665102898,1091.1133302057963,1127.1612329456984,1161.25063730317,1192.0817073965118,1219.8047903638856,1243.1942470446158,1261.048754958782,1273.210087591437,1279.273712961674,1278.7931319532609,1271.5339851976985,1256.5575596682984,1233.620533201523,1202.6227119577406,1162.260377363926,1112.7699652062122,1053.1316542557254,982.0724477478914,900.2610383826806,807.6690488141767,703.4893225488553,587.2292998551435,460.1921419421711,323.63550376332074,177.9717717439638
Singapore,SG,SGP,ASE,Other Asia,Primary aluminium ingot production,kt,0.0,False,,,,,OMNIA INF_Data,"British Geological Survey, World Mineral Production 2020-24, Production of primary aluminium",BGS 2024 country value rebased to a synthetic Zijie 2024 regional value linearly back-extrapolated from Zijie 2025-2026; Zijie regional trajectory applied from 2025 onward,0.0,0.0,0.0,0.0,0.0,0.0,0.0,0.0,0.0,0.0,0.0,0.0,0.0,0.0,0.0,0.0,0.0,0.0,0.0,0.0,0.0,0.0,0.0,0.0,0.0,0.0,0.0,0.0,0.0,0.0,0.0,0.0
Myanmar,MM,MMR,ASE,Rest of World,Primary aluminium ingot production,kt,0.0,False,,,,,OMNIA INF_Data,"British Geological Survey, World Mineral Production 2020-24, Production of primary aluminium",BGS 2024 country value rebased to a synthetic Zijie 2024 regional value linearly back-extrapolated from Zijie 2025-2026; Zijie regional trajectory applied from 2025 onward,0.0,0.0,0.0,0.0,0.0,0.0,0.0,0.0,0.0,0.0,0.0,0.0,0.0,0.0,0.0,0.0,0.0,0.0,0.0,0.0,0.0,0.0,0.0,0.0,0.0,0.0,0.0,0.0,0.0,0.0,0.0,0.0
Cambodia,KH,KHM,ASE,Rest of World,Primary aluminium ingot production,kt,0.0,False,,,,,OMNIA INF_Data,"British Geological Survey, World Mineral Production 2020-24, Production of primary aluminium",BGS 2024 country value rebased to a synthetic Zijie 2024 regional value linearly back-extrapolated from Zijie 2025-2026; Zijie regional trajectory applied from 2025 onward,0.0,0.0,0.0,0.0,0.0,0.0,0.0,0.0,0.0,0.0,0.0,0.0,0.0,0.0,0.0,0.0,0.0,0.0,0.0,0.0,0.0,0.0,0.0,0.0,0.0,0.0,0.0,0.0,0.0,0.0,0.0,0.0
Brunei Darussalam,BN,BRN,ASE,Rest of World,Primary aluminium ingot production,kt,0.0,False,,,,,OMNIA INF_Data,"British Geological Survey, World Mineral Production 2020-24, Production of primary aluminium",BGS 2024 country value rebased to a synthetic Zijie 2024 regional value linearly back-extrapolated from Zijie 2025-2026; Zijie regional trajectory applied from 2025 onward,0.0,0.0,0.0,0.0,0.0,0.0,0.0,0.0,0.0,0.0,0.0,0.0,0.0,0.0,0.0,0.0,0.0,0.0,0.0,0.0,0.0,0.0,0.0,0.0,0.0,0.0,0.0,0.0,0.0,0.0,0.0,0.0
Lao People's Democratic Republic,LA,LAO,ASE,Rest of World,Primary aluminium ingot production,kt,0.0,False,,,,,OMNIA INF_Data,"British Geological Survey, World Mineral Production 2020-24, Production of primary aluminium",BGS 2024 country value rebased to a synthetic Zijie 2024 regional value linearly back-extrapolated from Zijie 2025-2026; Zijie regional trajectory applied from 2025 onward,0.0,0.0,0.0,0.0,0.0,0.0,0.0,0.0,0.0,0.0,0.0,0.0,0.0,0.0,0.0,0.0,0.0,0.0,0.0,0.0,0.0,0.0,0.0,0.0,0.0,0.0,0.0,0.0,0.0,0.0,0.0,0.0
Democratic People's Republic of Korea,KP,PRK,ASE,Rest of World,Primary aluminium ingot production,kt,0.0,False,,,,,OMNIA INF_Data,"British Geological Survey, World Mineral Production 2020-24, Production of primary aluminium",BGS 2024 country value rebased to a synthetic Zijie 2024 regional value linearly back-extrapolated from Zijie 2025-2026; Zijie regional trajectory applied from 2025 onward,0.0,0.0,0.0,0.0,0.0,0.0,0.0,0.0,0.0,0.0,0.0,0.0,0.0,0.0,0.0,0.0,0.0,0.0,0.0,0.0,0.0,0.0,0.0,0.0,0.0,0.0,0.0,0.0,0.0,0.0,0.0,0.0
Cook Islands,CK,COK,ASE,Rest of World,Primary aluminium ingot production,kt,0.0,False,,,,,OMNIA INF_Data,"British Geological Survey, World Mineral Production 2020-24, Production of primary aluminium",BGS 2024 country value rebased to a synthetic Zijie 2024 regional value linearly back-extrapolated from Zijie 2025-2026; Zijie regional trajectory applied from 2025 onward,0.0,0.0,0.0,0.0,0.0,0.0,0.0,0.0,0.0,0.0,0.0,0.0,0.0,0.0,0.0,0.0,0.0,0.0,0.0,0.0,0.0,0.0,0.0,0.0,0.0,0.0,0.0,0.0,0.0,0.0,0.0,0.0
Timor-Leste,TL,TLS,ASE,Rest of World,Primary aluminium ingot production,kt,0.0,False,,,,,OMNIA INF_Data,"British Geological Survey, World Mineral Production 2020-24, Production of primary aluminium",BGS 2024 country value rebased to a synthetic Zijie 2024 regional value linearly back-extrapolated from Zijie 2025-2026; Zijie regional trajectory applied from 2025 onward,0.0,0.0,0.0,0.0,0.0,0.0,0.0,0.0,0.0,0.0,0.0,0.0,0.0,0.0,0.0,0.0,0.0,0.0,0.0,0.0,0.0,0.0,0.0,0.0,0.0,0.0,0.0,0.0,0.0,0.0,0.0,0.0
Fiji,FJ,FJI,ASE,Other main producer,Primary aluminium ingot production,kt,0.0,False,,,,,OMNIA INF_Data,"British Geological Survey, World Mineral Production 2020-24, Production of primary aluminium",BGS 2024 country value rebased to a synthetic Zijie 2024 regional value linearly back-extrapolated from Zijie 2025-2026; Zijie regional trajectory applied from 2025 onward,0.0,0.0,0.0,0.0,0.0,0.0,0.0,0.0,0.0,0.0,0.0,0.0,0.0,0.0,0.0,0.0,0.0,0.0,0.0,0.0,0.0,0.0,0.0,0.0,0.0,0.0,0.0,0.0,0.0,0.0,0.0,0.0
French Polynesia,PF,PYF,ASE,Rest of World,Primary aluminium ingot production,kt,0.0,False,,,,,OMNIA INF_Data,"British Geological Survey, World Mineral Production 2020-24, Production of primary aluminium",BGS 2024 country value rebased to a synthetic Zijie 2024 regional value linearly back-extrapolated from Zijie 2025-2026; Zijie regional trajectory applied from 2025 onward,0.0,0.0,0.0,0.0,0.0,0.0,0.0,0.0,0.0,0.0,0.0,0.0,0.0,0.0,0.0,0.0,0.0,0.0,0.0,0.0,0.0,0.0,0.0,0.0,0.0,0.0,0.0,0.0,0.0,0.0,0.0,0.0
Kiribati,KI,KIR,ASE,Rest of World,Primary aluminium ingot production,kt,0.0,False,,,,,OMNIA INF_Data,"British Geological Survey, World Mineral Production 2020-24, Production of primary aluminium",BGS 2024 country value rebased to a synthetic Zijie 2024 regional value linearly back-extrapolated from Zijie 2025-2026; Zijie regional trajectory applied from 2025 onward,0.0,0.0,0.0,0.0,0.0,0.0,0.0,0.0,0.0,0.0,0.0,0.0,0.0,0.0,0.0,0.0,0.0,0.0,0.0,0.0,0.0,0.0,0.0,0.0,0.0,0.0,0.0,0.0,0.0,0.0,0.0,0.0
New Caledonia,NC,NCL,ASE,Rest of World,Primary aluminium ingot production,kt,0.0,False,,,,,OMNIA INF_Data,"British Geological Survey, World Mineral Production 2020-24, Production of primary aluminium",BGS 2024 country value rebased to a synthetic Zijie 2024 regional value linearly back-extrapolated from Zijie 2025-2026; Zijie regional trajectory applied from 2025 onward,0.0,0.0,0.0,0.0,0.0,0.0,0.0,0.0,0.0,0.0,0.0,0.0,0.0,0.0,0.0,0.0,0.0,0.0,0.0,0.0,0.0,0.0,0.0,0.0,0.0,0.0,0.0,0.0,0.0,0.0,0.0,0.0
Palau,PW,PLW,ASE,Rest of World,Primary aluminium ingot production,kt,0.0,False,,,,,OMNIA INF_Data,"British Geological Survey, World Mineral Production 2020-24, Production of primary aluminium",BGS 2024 country value rebased to a synthetic Zijie 2024 regional value linearly back-extrapolated from Zijie 2025-2026; Zijie regional trajectory applied from 2025 onward,0.0,0.0,0.0,0.0,0.0,0.0,0.0,0.0,0.0,0.0,0.0,0.0,0.0,0.0,0.0,0.0,0.0,0.0,0.0,0.0,0.0,0.0,0.0,0.0,0.0,0.0,0.0,0.0,0.0,0.0,0.0,0.0
Papua New Guinea,PG,PNG,ASE,Rest of World,Primary aluminium ingot production,kt,0.0,False,,,,,OMNIA INF_Data,"British Geological Survey, World Mineral Production 2020-24, Production of primary aluminium",BGS 2024 country value rebased to a synthetic Zijie 2024 regional value linearly back-extrapolated from Zijie 2025-2026; Zijie regional trajectory applied from 2025 onward,0.0,0.0,0.0,0.0,0.0,0.0,0.0,0.0,0.0,0.0,0.0,0.0,0.0,0.0,0.0,0.0,0.0,0.0,0.0,0.0,0.0,0.0,0.0,0.0,0.0,0.0,0.0,0.0,0.0,0.0,0.0,0.0
American Samoa,AS,ASM,ASE,Rest of World,Primary aluminium ingot production,kt,0.0,False,,,,,OMNIA INF_Data,"British Geological Survey, World Mineral Production 2020-24, Production of primary aluminium",BGS 2024 country value rebased to a synthetic Zijie 2024 regional value linearly back-extrapolated from Zijie 2025-2026; Zijie regional trajectory applied from 2025 onward,0.0,0.0,0.0,0.0,0.0,0.0,0.0,0.0,0.0,0.0,0.0,0.0,0.0,0.0,0.0,0.0,0.0,0.0,0.0,0.0,0.0,0.0,0.0,0.0,0.0,0.0,0.0,0.0,0.0,0.0,0.0,0.0
Solomon Islands,SB,SLB,ASE,Rest of World,Primary aluminium ingot production,kt,0.0,False,,,,,OMNIA INF_Data,"British Geological Survey, World Mineral Production 2020-24, Production of primary aluminium",BGS 2024 country value rebased to a synthetic Zijie 2024 regional value linearly back-extrapolated from Zijie 2025-2026; Zijie regional trajectory applied from 2025 onward,0.0,0.0,0.0,0.0,0.0,0.0,0.0,0.0,0.0,0.0,0.0,0.0,0.0,0.0,0.0,0.0,0.0,0.0,0.0,0.0,0.0,0.0,0.0,0.0,0.0,0.0,0.0,0.0,0.0,0.0,0.0,0.0
Tonga,TO,TON,ASE,Rest of World,Primary aluminium ingot production,kt,0.0,False,,,,,OMNIA INF_Data,"British Geological Survey, World Mineral Production 2020-24, Production of primary aluminium",BGS 2024 country value rebased to a synthetic Zijie 2024 regional value linearly back-extrapolated from Zijie 2025-2026; Zijie regional trajectory applied from 2025 onward,0.0,0.0,0.0,0.0,0.0,0.0,0.0,0.0,0.0,0.0,0.0,0.0,0.0,0.0,0.0,0.0,0.0,0.0,0.0,0.0,0.0,0.0,0.0,0.0,0.0,0.0,0.0,0.0,0.0,0.0,0.0,0.0
Vanuatu,VU,VUT,ASE,Rest of World,Primary aluminium ingot production,kt,0.0,False,,,,,OMNIA INF_Data,"British Geological Survey, World Mineral Production 2020-24, Production of primary aluminium",BGS 2024 country value rebased to a synthetic Zijie 2024 regional value linearly back-extrapolated from Zijie 2025-2026; Zijie regional trajectory applied from 2025 onward,0.0,0.0,0.0,0.0,0.0,0.0,0.0,0.0,0.0,0.0,0.0,0.0,0.0,0.0,0.0,0.0,0.0,0.0,0.0,0.0,0.0,0.0,0.0,0.0,0.0,0.0,0.0,0.0,0.0,0.0,0.0,0.0
Niue,NU,NIU,ASE,Rest of World,Primary aluminium ingot production,kt,0.0,False,,,,,OMNIA INF_Data,"British Geological Survey, World Mineral Production 2020-24, Production of primary aluminium",BGS 2024 country value rebased to a synthetic Zijie 2024 regional value linearly back-extrapolated from Zijie 2025-2026; Zijie regional trajectory applied from 2025 onward,0.0,0.0,0.0,0.0,0.0,0.0,0.0,0.0,0.0,0.0,0.0,0.0,0.0,0.0,0.0,0.0,0.0,0.0,0.0,0.0,0.0,0.0,0.0,0.0,0.0,0.0,0.0,0.0,0.0,0.0,0.0,0.0
Samoa,WS,WSM,ASE,Rest of World,Primary aluminium ingot production,kt,0.0,False,,,,,OMNIA INF_Data,"British Geological Survey, World Mineral Production 2020-24, Production of primary aluminium",BGS 2024 country value rebased to a synthetic Zijie 2024 regional value linearly back-extrapolated from Zijie 2025-2026; Zijie regional trajectory applied from 2025 onward,0.0,0.0,0.0,0.0,0.0,0.0,0.0,0.0,0.0,0.0,0.0,0.0,0.0,0.0,0.0,0.0,0.0,0.0,0.0,0.0,0.0,0.0,0.0,0.0,0.0,0.0,0.0,0.0,0.0,0.0,0.0,0.0
Wallis and Futuna Islands,WF,WLF,ASE,Rest of World,Primary aluminium ingot production,kt,0.0,False,,,,,OMNIA INF_Data,"British Geological Survey, World Mineral Production 2020-24, Production of primary aluminium",BGS 2024 country value rebased to a synthetic Zijie 2024 regional value linearly back-extrapolated from Zijie 2025-2026; Zijie regional trajectory applied from 2025 onward,0.0,0.0,0.0,0.0,0.0,0.0,0.0,0.0,0.0,0.0,0.0,0.0,0.0,0.0,0.0,0.0,0.0,0.0,0.0,0.0,0.0,0.0,0.0,0.0,0.0,0.0,0.0,0.0,0.0,0.0,0.0,0.0
Micronesia (Federated States of),FM,FSM,ASE,Rest of World,Primary aluminium ingot production,kt,0.0,False,,,,,OMNIA INF_Data,"British Geological Survey, World Mineral Production 2020-24, Production of primary aluminium",BGS 2024 country value rebased to a synthetic Zijie 2024 regional value linearly back-extrapolated from Zijie 2025-2026; Zijie regional trajectory applied from 2025 onward,0.0,0.0,0.0,0.0,0.0,0.0,0.0,0.0,0.0,0.0,0.0,0.0,0.0,0.0,0.0,0.0,0.0,0.0,0.0,0.0,0.0,0.0,0.0,0.0,0.0,0.0,0.0,0.0,0.0,0.0,0.0,0.0
Nauru,NR,NRU,ASE,Rest of World,Primary aluminium ingot production,kt,0.0,False,,,,,OMNIA INF_Data,"British Geological Survey, World Mineral Production 2020-24, Production of primary aluminium",BGS 2024 country value rebased to a synthetic Zijie 2024 regional value linearly back-extrapolated from Zijie 2025-2026; Zijie regional trajectory applied from 2025 onward,0.0,0.0,0.0,0.0,0.0,0.0,0.0,0.0,0.0,0.0,0.0,0.0,0.0,0.0,0.0,0.0,0.0,0.0,0.0,0.0,0.0,0.0,0.0,0.0,0.0,0.0,0.0,0.0,0.0,0.0,0.0,0.0
Tuvalu,TV,TUV,ASE,Rest of World,Primary aluminium ingot production,kt,0.0,False,,,,,OMNIA INF_Data,"British Geological Survey, World Mineral Production 2020-24, Production of primary aluminium",BGS 2024 country value rebased to a synthetic Zijie 2024 regional value linearly back-extrapolated from Zijie 2025-2026; Zijie regional trajectory applied from 2025 onward,0.0,0.0,0.0,0.0,0.0,0.0,0.0,0.0,0.0,0.0,0.0,0.0,0.0,0.0,0.0,0.0,0.0,0.0,0.0,0.0,0.0,0.0,0.0,0.0,0.0,0.0,0.0,0.0,0.0,0.0,0.0,0.0
Northern Mariana Islands,MP,MNP,ASE,Rest of World,Primary aluminium ingot production,kt,0.0,False,,,,,OMNIA INF_Data,"British Geological Survey, World Mineral Production 2020-24, Production of primary aluminium",BGS 2024 country value rebased to a synthetic Zijie 2024 regional value linearly back-extrapolated from Zijie 2025-2026; Zijie regional trajectory applied from 2025 onward,0.0,0.0,0.0,0.0,0.0,0.0,0.0,0.0,0.0,0.0,0.0,0.0,0.0,0.0,0.0,0.0,0.0,0.0,0.0,0.0,0.0,0.0,0.0,0.0,0.0,0.0,0.0,0.0,0.0,0.0,0.0,0.0
China,CN,CHN,CHN,China,Primary aluminium ingot production,kt,35044.0,True,China,,,0.9752273222345335,OMNIA INF_Data,"British Geological Survey, World Mineral Production 2020-24, Production of primary aluminium",BGS 2024 country value rebased to a synthetic Zijie 2024 regional value linearly back-extrapolated from Zijie 2025-2026; Zijie regional trajectory applied from 2025 onward,35044.0,37080.401,38502.6,40144.3,41594.0,44005.0,41864.03798888547,39723.07597777094,36990.56854082816,34089.61304734369,31264.006788013994,28584.510951425684,26060.6808997965,23713.618920877685,21569.53320110745,19641.331863601405,17929.60448354482,16393.624163207056,15017.051079458482,13786.29092151793,12624.888769848261,11510.094465568,10451.62515122279,9436.02755150316,8481.441673168654,7561.356992079727,6640.118620552741,5724.442555706634,4857.881770524281,4015.0632952219294,3173.0916271482397,2369.0315144802375
"China, Hong Kong Special Administrative Region",HK,HKG,CHN,Rest of World,Primary aluminium ingot production,kt,0.0,False,,,,,OMNIA INF_Data,"British Geological Survey, World Mineral Production 2020-24, Production of primary aluminium",BGS 2024 country value rebased to a synthetic Zijie 2024 regional value linearly back-extrapolated from Zijie 2025-2026; Zijie regional trajectory applied from 2025 onward,0.0,0.0,0.0,0.0,0.0,0.0,0.0,0.0,0.0,0.0,0.0,0.0,0.0,0.0,0.0,0.0,0.0,0.0,0.0,0.0,0.0,0.0,0.0,0.0,0.0,0.0,0.0,0.0,0.0,0.0,0.0,0.0
"China, Macao Special Administrative Region",MO,MAC,CHN,Rest of World,Primary aluminium ingot production,kt,0.0,False,,,,,OMNIA INF_Data,"British Geological Survey, World Mineral Production 2020-24, Production of primary aluminium",BGS 2024 country value rebased to a synthetic Zijie 2024 regional value linearly back-extrapolated from Zijie 2025-2026; Zijie regional trajectory applied from 2025 onward,0.0,0.0,0.0,0.0,0.0,0.0,0.0,0.0,0.0,0.0,0.0,0.0,0.0,0.0,0.0,0.0,0.0,0.0,0.0,0.0,0.0,0.0,0.0,0.0,0.0,0.0,0.0,0.0,0.0,0.0,0.0,0.0
Indonesia,ID,IDN,IDN,Other Asia,Primary aluminium ingot production,kt,240.0,True,Indonesia,,,0.9860582174622773,OMNIA INF_Data,"British Geological Survey, World Mineral Production 2020-24, Production of primary aluminium",BGS 2024 country value rebased to a synthetic Zijie 2024 regional value linearly back-extrapolated from Zijie 2025-2026; Zijie regional trajectory applied from 2025 onward,240.0,220.1,243.4,223.774,214.882,274.23,286.7230042711677,299.21600854233554,309.1014249106989,318.4497622676483,326.9045666193454,334.50706766148835,340.921158367045,345.8174000723468,349.15240232019977,350.8152303054799,350.68344057554276,348.6927647607649,344.58577958783746,338.29575881985363,329.79522630017124,318.7266632845094,305.1549075584996,288.8002935465476,269.3137273459043,246.87858455568252,221.48708325631168,192.91787692257262,161.035890899276,126.19849108480157,88.75056419701545,48.805198965347195
Philippines,PH,PHL,IDN,Rest of World,Primary aluminium ingot production,kt,0.0,False,,,,,OMNIA INF_Data,"British Geological Survey, World Mineral Production 2020-24, Production of primary aluminium",BGS 2024 country value rebased to a synthetic Zijie 2024 regional value linearly back-extrapolated from Zijie 2025-2026; Zijie regional trajectory applied from 2025 onward,0.0,0.0,0.0,0.0,0.0,0.0,0.0,0.0,0.0,0.0,0.0,0.0,0.0,0.0,0.0,0.0,0.0,0.0,0.0,0.0,0.0,0.0,0.0,0.0,0.0,0.0,0.0,0.0,0.0,0.0,0.0,0.0
Viet Nam,VN,VNM,IDN,Other Asia,Primary aluminium ingot production,kt,0.0,False,,,,,OMNIA INF_Data,"British Geological Survey, World Mineral Production 2020-24, Production of primary aluminium",BGS 2024 country value rebased to a synthetic Zijie 2024 regional value linearly back-extrapolated from Zijie 2025-2026; Zijie regional trajectory applied from 2025 onward,0.0,0.0,0.0,0.0,0.0,0.0,0.0,0.0,0.0,0.0,0.0,0.0,0.0,0.0,0.0,0.0,0.0,0.0,0.0,0.0,0.0,0.0,0.0,0.0,0.0,0.0,0.0,0.0,0.0,0.0,0.0,0.0
India,IN,IND,IND,Other Asia,Primary aluminium ingot production,kt,3640.0,True,India,2022,Years ended 31 March following the stated year,0.9955047251482819,OMNIA INF_Data,"British Geological Survey, World Mineral Production 2020-24, Production of primary aluminium",BGS 2024 country value rebased to a synthetic Zijie 2024 regional value linearly back-extrapolated from Zijie 2025-2026; Zijie regional trajectory applied from 2025 onward,3640.0,3619.237,4016.621,4100.0,4159.0,4199.0,4390.2924367670685,4581.584873534139,4732.950017138987,4876.0914260360105,5005.551089357953,5121.960314737956,5220.172643340342,5295.143722071925,5346.209157796444,5371.670320726069,5369.652361071742,5339.171203845136,5276.285193047184,5179.972618913194,5049.8127675105525,4880.331324551125,4672.521083900885,4422.099816219791,4123.722208093396,3780.1961001688755,3391.402335970728,2953.9516653826436,2465.7758300917476,1932.3468040151763,1358.9454803021838,747.3034695529041
Bangladesh,BD,BGD,ASO,Rest of World,Primary aluminium ingot production,kt,0.0,False,,,,,OMNIA INF_Data,"British Geological Survey, World Mineral Production 2020-24, Production of primary aluminium",BGS 2024 country value rebased to a synthetic Zijie 2024 regional value linearly back-extrapolated from Zijie 2025-2026; Zijie regional trajectory applied from 2025 onward,0.0,0.0,0.0,0.0,0.0,0.0,0.0,0.0,0.0,0.0,0.0,0.0,0.0,0.0,0.0,0.0,0.0,0.0,0.0,0.0,0.0,0.0,0.0,0.0,0.0,0.0,0.0,0.0,0.0,0.0,0.0,0.0
Nepal,NP,NPL,ASO,Rest of World,Primary aluminium ingot production,kt,0.0,False,,,,,OMNIA INF_Data,"British Geological Survey, World Mineral Production 2020-24, Production of primary aluminium",BGS 2024 country value rebased to a synthetic Zijie 2024 regional value linearly back-extrapolated from Zijie 2025-2026; Zijie regional trajectory applied from 2025 onward,0.0,0.0,0.0,0.0,0.0,0.0,0.0,0.0,0.0,0.0,0.0,0.0,0.0,0.0,0.0,0.0,0.0,0.0,0.0,0.0,0.0,0.0,0.0,0.0,0.0,0.0,0.0,0.0,0.0,0.0,0.0,0.0
Sri Lanka,LK,LKA,ASO,Rest of World,Primary aluminium ingot production,kt,0.0,False,,,,,OMNIA INF_Data,"British Geological Survey, World Mineral Production 2020-24, Production of primary aluminium",BGS 2024 country value rebased to a synthetic Zijie 2024 regional value linearly back-extrapolated from Zijie 2025-2026; Zijie regional trajectory applied from 2025 onward,0.0,0.0,0.0,0.0,0.0,0.0,0.0,0.0,0.0,0.0,0.0,0.0,0.0,0.0,0.0,0.0,0.0,0.0,0.0,0.0,0.0,0.0,0.0,0.0,0.0,0.0,0.0,0.0,0.0,0.0,0.0,0.0
Pakistan,PK,PAK,ASO,Other Asia,Primary aluminium ingot production,kt,0.0,False,,,,,OMNIA INF_Data,"British Geological Survey, World Mineral Production 2020-24, Production of primary aluminium",BGS 2024 country value rebased to a synthetic Zijie 2024 regional value linearly back-extrapolated from Zijie 2025-2026; Zijie regional trajectory applied from 2025 onward,0.0,0.0,0.0,0.0,0.0,0.0,0.0,0.0,0.0,0.0,0.0,0.0,0.0,0.0,0.0,0.0,0.0,0.0,0.0,0.0,0.0,0.0,0.0,0.0,0.0,0.0,0.0,0.0,0.0,0.0,0.0,0.0
Bhutan,BT,BTN,ASO,Rest of World,Primary aluminium ingot production,kt,0.0,False,,,,,OMNIA INF_Data,"British Geological Survey, World Mineral Production 2020-24, Production of primary aluminium",BGS 2024 country value rebased to a synthetic Zijie 2024 regional value linearly back-extrapolated from Zijie 2025-2026; Zijie regional trajectory applied from 2025 onward,0.0,0.0,0.0,0.0,0.0,0.0,0.0,0.0,0.0,0.0,0.0,0.0,0.0,0.0,0.0,0.0,0.0,0.0,0.0,0.0,0.0,0.0,0.0,0.0,0.0,0.0,0.0,0.0,0.0,0.0,0.0,0.0
Maldives,MV,MDV,ASO,Rest of World,Primary aluminium ingot production,kt,0.0,False,,,,,OMNIA INF_Data,"British Geological Survey, World Mineral Production 2020-24, Production of primary aluminium",BGS 2024 country value rebased to a synthetic Zijie 2024 regional value linearly back-extrapolated from Zijie 2025-2026; Zijie regional trajectory applied from 2025 onward,0.0,0.0,0.0,0.0,0.0,0.0,0.0,0.0,0.0,0.0,0.0,0.0,0.0,0.0,0.0,0.0,0.0,0.0,0.0,0.0,0.0,0.0,0.0,0.0,0.0,0.0,0.0,0.0,0.0,0.0,0.0,0.0
Japan,JP,JPN,JPN,Japan,Primary aluminium ingot production,kt,90.89354286806416,False,,,,0.0,Zijie back-extrapolated fallback used by old approach,"British Geological Survey, World Mineral Production 2020-24, Production of primary aluminium",BGS 2024 country value rebased to a synthetic Zijie 2024 regional value linearly back-extrapolated from Zijie 2025-2026; Zijie regional trajectory applied from 2025 onward,90.89354286806416,0.0,0.0,0.0,0.0,0.0,0.0,0.0,0.0,0.0,0.0,0.0,0.0,0.0,0.0,0.0,0.0,0.0,0.0,0.0,0.0,0.0,0.0,0.0,0.0,0.0,0.0,0.0,0.0,0.0,0.0,0.0
"Taiwan, Province of China",TW,TWN,SKT,Other Asia,Primary aluminium ingot production,kt,0.0,False,,,,,OMNIA INF_Data,"British Geological Survey, World Mineral Production 2020-24, Production of primary aluminium",BGS 2024 country value rebased to a synthetic Zijie 2024 regional value linearly back-extrapolated from Zijie 2025-2026; Zijie regional trajectory applied from 2025 onward,0.0,0.0,0.0,0.0,0.0,0.0,0.0,0.0,0.0,0.0,0.0,0.0,0.0,0.0,0.0,0.0,0.0,0.0,0.0,0.0,0.0,0.0,0.0,0.0,0.0,0.0,0.0,0.0,0.0,0.0,0.0,0.0
Republic of Korea,KR,KOR,SKT,Other Asia,Primary aluminium ingot production,kt,0.0,False,,,,,OMNIA INF_Data,"British Geological Survey, World Mineral Production 2020-24, Production of primary aluminium",BGS 2024 country value rebased to a synthetic Zijie 2024 regional value linearly back-extrapolated from Zijie 2025-2026; Zijie regional trajectory applied from 2025 onward,0.0,0.0,0.0,0.0,0.0,0.0,0.0,0.0,0.0,0.0,0.0,0.0,0.0,0.0,0.0,0.0,0.0,0.0,0.0,0.0,0.0,0.0,0.0,0.0,0.0,0.0,0.0,0.0,0.0,0.0,0.0,0.0
Australia,AU,AUS,ANZ,Other main producer,Primary aluminium ingot production,kt,1570.0,True,Australia,,,0.5991687220554537,OMNIA INF_Data,"British Geological Survey, World Mineral Production 2020-24, Production of primary aluminium",BGS 2024 country value rebased to a synthetic Zijie 2024 regional value linearly back-extrapolated from Zijie 2025-2026; Zijie regional trajectory applied from 2025 onward,1570.0,1582.947,1558.529,1509.646,1555.474,1575.895,1505.8435033764156,1435.7920067528312,1411.8159409927441,1382.8337976725122,1358.456037750369,1337.9885856858484,1321.938771489789,1311.3923484995898,1304.968583128277,1302.226447343036,1302.7266101066252,1304.94042109239,1307.8414369330674,1311.9995568443144,1317.541580806211,1324.3928863222104,1332.595513916991,1340.7033174413716,1348.6513479317261,1357.323907300479,1366.6835313716942,1376.539927832009,1385.5331696744859,1393.1562460061978,1399.9108853615776,1407.7526877985913
New Zealand,NZ,NZL,ANZ,Other main producer,Primary aluminium ingot production,kt,351.0,True,New Zealand,,,0.4926776800144201,OMNIA INF_Data,"British Geological Survey, World Mineral Production 2020-24, Production of primary aluminium",BGS 2024 country value rebased to a synthetic Zijie 2024 regional value linearly back-extrapolated from Zijie 2025-2026; Zijie regional trajectory applied from 2025 onward,351.0,335.405,333.115,333.689,333.716,289.7,276.8222901450589,263.9445802901178,259.5370110988346,254.20916443400532,249.7277509835883,245.96517742183983,243.01470726196342,241.0759367599562,239.895042837411,239.3909504093087,239.4828963527959,239.88986575277247,240.4231654263194,241.187561111494,242.2063627078957,243.46585220940756,244.9737580116393,246.46423211112753,247.92533480709125,249.51962912817717,251.24022795832198,253.0521494724794,254.7053955083927,256.1067612169564,257.3484803805133,258.7900549562324
United States of America,US,USA,USA,North America,Primary aluminium ingot production,kt,1090.0,True,USA,2023;2024,,1.1631112294436945,OMNIA INF_Data,"British Geological Survey, World Mineral Production 2020-24, Production of primary aluminium",BGS 2024 country value rebased to a synthetic Zijie 2024 regional value linearly back-extrapolated from Zijie 2025-2026; Zijie regional trajectory applied from 2025 onward,1090.0,1026.617,907.846,872.3,735.0,685.0,691.3316931337973,697.6633862675945,669.5889354110045,645.3920872630459,615.9429171885347,582.7618427347979,550.8812708885932,516.5906159424217,480.3723767932335,444.34184306736637,405.8571069347317,365.3471713421731,326.40588771404674,286.2219211708472,241.32647906853686,195.193554337701,151.16414662130663,108.73710007091542,63.209784078430374,14.90179129800012,14.917024429843273,14.919852756652752,14.922678879990244,14.9266017295295,14.917014447989189,14.915511099706102
Canada,CA,CAN,CAN,North America,Primary aluminium ingot production,kt,2854.0,True,Canada,,,2.1649912626394276,OMNIA INF_Data,"British Geological Survey, World Mineral Production 2020-24, Production of primary aluminium",BGS 2024 country value rebased to a synthetic Zijie 2024 regional value linearly back-extrapolated from Zijie 2025-2026; Zijie regional trajectory applied from 2025 onward,2854.0,3154.493,3157.762,3026.236,3301.844,3338.512,3369.3710270182482,3400.2300540364963,3263.402475820239,3145.4733255952206,3001.9457231371234,2840.2297884850154,2684.8521656011962,2517.7284239579067,2341.210137799608,2165.6066790985687,1978.0420756012918,1780.6071761925564,1590.8174788379529,1394.971267871427,1176.1625493256338,951.3226620132363,736.7347700218855,529.9563699736525,308.06806228211497,72.6274584961591,72.70170082237216,72.71548535228948,72.72925914305692,72.74837809234305,72.70165217340917,72.6943252445285
Argentina,AR,ARG,LAM,South America,Primary aluminium ingot production,kt,427.0,True,Argentina,,,0.9852075579201365,OMNIA INF_Data,"British Geological Survey, World Mineral Production 2020-24, Production of primary aluminium",BGS 2024 country value rebased to a synthetic Zijie 2024 regional value linearly back-extrapolated from Zijie 2025-2026; Zijie regional trajectory applied from 2025 onward,427.0,309.804,338.239,400.038,441.0,447.0,445.06641304604494,443.13282609208983,436.7441009646844,429.76235808362,422.4788101664949,415.20714858463924,407.02743914969835,397.84077761478113,387.39107698929365,376.4242512078629,364.11073428917206,349.951538730021,335.09465433614986,320.0358173192154,304.16699984168963,287.42413016599534,269.34462527158394,250.0345811305932,230.03013940054217,209.0411429464565,187.33538631409502,164.88458792066933,142.07335533685645,118.20267952701734,93.0357508680556,68.32325263585413
Venezuela (Bolivarian Republic of),VE,VEN,LAM,South America,Primary aluminium ingot production,kt,8.0,True,Venezuela,2020;2023;2024,,1.0822956852722214,OMNIA INF_Data,"British Geological Survey, World Mineral Production 2020-24, Production of primary aluminium",BGS 2024 country value rebased to a synthetic Zijie 2024 regional value linearly back-extrapolated from Zijie 2025-2026; Zijie regional trajectory applied from 2025 onward,8.0,10.0,38.3,8.4,8.0,9.2,9.16020357947117,9.12040715894234,8.988916619407375,8.84522079277249,8.695313318862981,8.545650485410919,8.377298523886408,8.18822182115433,7.973149683001122,7.747434253047737,7.49400169006797,7.2025820051816405,6.896802729066171,6.586866933639333,6.260260399426274,5.9156644239981135,5.543558282994569,5.146125607162097,4.73440107938476,4.302412785475167,3.855672380513812,3.393597782707288,2.924104852570647,2.4328068269542715,1.91482977178101,1.4062056470914048
Colombia,CO,COL,LAM,Rest of World,Primary aluminium ingot production,kt,0.0,False,,,,,OMNIA INF_Data,"British Geological Survey, World Mineral Production 2020-24, Production of primary aluminium",BGS 2024 country value rebased to a synthetic Zijie 2024 regional value linearly back-extrapolated from Zijie 2025-2026; Zijie regional trajectory applied from 2025 onward,0.0,0.0,0.0,0.0,0.0,0.0,0.0,0.0,0.0,0.0,0.0,0.0,0.0,0.0,0.0,0.0,0.0,0.0,0.0,0.0,0.0,0.0,0.0,0.0,0.0,0.0,0.0,0.0,0.0,0.0,0.0,0.0
Peru,PE,PER,LAM,Rest of World,Primary aluminium ingot production,kt,0.0,False,,,,,OMNIA INF_Data,"British Geological Survey, World Mineral Production 2020-24, Production of primary aluminium",BGS 2024 country value rebased to a synthetic Zijie 2024 regional value linearly back-extrapolated from Zijie 2025-2026; Zijie regional trajectory applied from 2025 onward,0.0,0.0,0.0,0.0,0.0,0.0,0.0,0.0,0.0,0.0,0.0,0.0,0.0,0.0,0.0,0.0,0.0,0.0,0.0,0.0,0.0,0.0,0.0,0.0,0.0,0.0,0.0,0.0,0.0,0.0,0.0,0.0
Trinidad and Tobago,TT,TTO,LAM,Rest of World,Primary aluminium ingot production,kt,0.0,False,,,,,OMNIA INF_Data,"British Geological Survey, World Mineral Production 2020-24, Production of primary aluminium",BGS 2024 country value rebased to a synthetic Zijie 2024 regional value linearly back-extrapolated from Zijie 2025-2026; Zijie regional trajectory applied from 2025 onward,0.0,0.0,0.0,0.0,0.0,0.0,0.0,0.0,0.0,0.0,0.0,0.0,0.0,0.0,0.0,0.0,0.0,0.0,0.0,0.0,0.0,0.0,0.0,0.0,0.0,0.0,0.0,0.0,0.0,0.0,0.0,0.0
Ecuador,EC,ECU,LAM,Rest of World,Primary aluminium ingot production,kt,0.0,False,,,,,OMNIA INF_Data,"British Geological Survey, World Mineral Production 2020-24, Production of primary aluminium",BGS 2024 country value rebased to a synthetic Zijie 2024 regional value linearly back-extrapolated from Zijie 2025-2026; Zijie regional trajectory applied from 2025 onward,0.0,0.0,0.0,0.0,0.0,0.0,0.0,0.0,0.0,0.0,0.0,0.0,0.0,0.0,0.0,0.0,0.0,0.0,0.0,0.0,0.0,0.0,0.0,0.0,0.0,0.0,0.0,0.0,0.0,0.0,0.0,0.0
Guatemala,GT,GTM,LAM,Rest of World,Primary aluminium ingot production,kt,0.0,False,,,,,OMNIA INF_Data,"British Geological Survey, World Mineral Production 2020-24, Production of primary aluminium",BGS 2024 country value rebased to a synthetic Zijie 2024 regional value linearly back-extrapolated from Zijie 2025-2026; Zijie regional trajectory applied from 2025 onward,0.0,0.0,0.0,0.0,0.0,0.0,0.0,0.0,0.0,0.0,0.0,0.0,0.0,0.0,0.0,0.0,0.0,0.0,0.0,0.0,0.0,0.0,0.0,0.0,0.0,0.0,0.0,0.0,0.0,0.0,0.0,0.0
Cuba,CU,CUB,LAM,Rest of World,Primary aluminium ingot production,kt,0.0,False,,,,,OMNIA INF_Data,"British Geological Survey, World Mineral Production 2020-24, Production of primary aluminium",BGS 2024 country value rebased to a synthetic Zijie 2024 regional value linearly back-extrapolated from Zijie 2025-2026; Zijie regional trajectory applied from 2025 onward,0.0,0.0,0.0,0.0,0.0,0.0,0.0,0.0,0.0,0.0,0.0,0.0,0.0,0.0,0.0,0.0,0.0,0.0,0.0,0.0,0.0,0.0,0.0,0.0,0.0,0.0,0.0,0.0,0.0,0.0,0.0,0.0
Bolivia (Plurinational State of),BO,BOL,LAM,Rest of World,Primary aluminium ingot production,kt,0.0,False,,,,,OMNIA INF_Data,"British Geological Survey, World Mineral Production 2020-24, Production of primary aluminium",BGS 2024 country value rebased to a synthetic Zijie 2024 regional value linearly back-extrapolated from Zijie 2025-2026; Zijie regional trajectory applied from 2025 onward,0.0,0.0,0.0,0.0,0.0,0.0,0.0,0.0,0.0,0.0,0.0,0.0,0.0,0.0,0.0,0.0,0.0,0.0,0.0,0.0,0.0,0.0,0.0,0.0,0.0,0.0,0.0,0.0,0.0,0.0,0.0,0.0
Dominican Republic,DO,DOM,LAM,South America,Primary aluminium ingot production,kt,0.0,False,,,,,OMNIA INF_Data,"British Geological Survey, World Mineral Production 2020-24, Production of primary aluminium",BGS 2024 country value rebased to a synthetic Zijie 2024 regional value linearly back-extrapolated from Zijie 2025-2026; Zijie regional trajectory applied from 2025 onward,0.0,0.0,0.0,0.0,0.0,0.0,0.0,0.0,0.0,0.0,0.0,0.0,0.0,0.0,0.0,0.0,0.0,0.0,0.0,0.0,0.0,0.0,0.0,0.0,0.0,0.0,0.0,0.0,0.0,0.0,0.0,0.0
Honduras,HN,HND,LAM,Rest of World,Primary aluminium ingot production,kt,0.0,False,,,,,OMNIA INF_Data,"British Geological Survey, World Mineral Production 2020-24, Production of primary aluminium",BGS 2024 country value rebased to a synthetic Zijie 2024 regional value linearly back-extrapolated from Zijie 2025-2026; Zijie regional trajectory applied from 2025 onward,0.0,0.0,0.0,0.0,0.0,0.0,0.0,0.0,0.0,0.0,0.0,0.0,0.0,0.0,0.0,0.0,0.0,0.0,0.0,0.0,0.0,0.0,0.0,0.0,0.0,0.0,0.0,0.0,0.0,0.0,0.0,0.0
Paraguay,PY,PRY,LAM,Rest of World,Primary aluminium ingot production,kt,0.0,False,,,,,OMNIA INF_Data,"British Geological Survey, World Mineral Production 2020-24, Production of primary aluminium",BGS 2024 country value rebased to a synthetic Zijie 2024 regional value linearly back-extrapolated from Zijie 2025-2026; Zijie regional trajectory applied from 2025 onward,0.0,0.0,0.0,0.0,0.0,0.0,0.0,0.0,0.0,0.0,0.0,0.0,0.0,0.0,0.0,0.0,0.0,0.0,0.0,0.0,0.0,0.0,0.0,0.0,0.0,0.0,0.0,0.0,0.0,0.0,0.0,0.0
Uruguay,UY,URY,LAM,Rest of World,Primary aluminium ingot production,kt,0.0,False,,,,,OMNIA INF_Data,"British Geological Survey, World Mineral Production 2020-24, Production of primary aluminium",BGS 2024 country value rebased to a synthetic Zijie 2024 regional value linearly back-extrapolated from Zijie 2025-2026; Zijie regional trajectory applied from 2025 onward,0.0,0.0,0.0,0.0,0.0,0.0,0.0,0.0,0.0,0.0,0.0,0.0,0.0,0.0,0.0,0.0,0.0,0.0,0.0,0.0,0.0,0.0,0.0,0.0,0.0,0.0,0.0,0.0,0.0,0.0,0.0,0.0
Costa Rica,CR,CRI,LAM,Rest of World,Primary aluminium ingot production,kt,0.0,False,,,,,OMNIA INF_Data,"British Geological Survey, World Mineral Production 2020-24, Production of primary aluminium",BGS 2024 country value rebased to a synthetic Zijie 2024 regional value linearly back-extrapolated from Zijie 2025-2026; Zijie regional trajectory applied from 2025 onward,0.0,0.0,0.0,0.0,0.0,0.0,0.0,0.0,0.0,0.0,0.0,0.0,0.0,0.0,0.0,0.0,0.0,0.0,0.0,0.0,0.0,0.0,0.0,0.0,0.0,0.0,0.0,0.0,0.0,0.0,0.0,0.0
El Salvador,SV,SLV,LAM,Rest of World,Primary aluminium ingot production,kt,0.0,False,,,,,OMNIA INF_Data,"British Geological Survey, World Mineral Production 2020-24, Production of primary aluminium",BGS 2024 country value rebased to a synthetic Zijie 2024 regional value linearly back-extrapolated from Zijie 2025-2026; Zijie regional trajectory applied from 2025 onward,0.0,0.0,0.0,0.0,0.0,0.0,0.0,0.0,0.0,0.0,0.0,0.0,0.0,0.0,0.0,0.0,0.0,0.0,0.0,0.0,0.0,0.0,0.0,0.0,0.0,0.0,0.0,0.0,0.0,0.0,0.0,0.0
Haiti,HT,HTI,LAM,South America,Primary aluminium ingot production,kt,0.0,False,,,,,OMNIA INF_Data,"British Geological Survey, World Mineral Production 2020-24, Production of primary aluminium",BGS 2024 country value rebased to a synthetic Zijie 2024 regional value linearly back-extrapolated from Zijie 2025-2026; Zijie regional trajectory applied from 2025 onward,0.0,0.0,0.0,0.0,0.0,0.0,0.0,0.0,0.0,0.0,0.0,0.0,0.0,0.0,0.0,0.0,0.0,0.0,0.0,0.0,0.0,0.0,0.0,0.0,0.0,0.0,0.0,0.0,0.0,0.0,0.0,0.0
Panama,PA,PAN,LAM,Rest of World,Primary aluminium ingot production,kt,0.0,False,,,,,OMNIA INF_Data,"British Geological Survey, World Mineral Production 2020-24, Production of primary aluminium",BGS 2024 country value rebased to a synthetic Zijie 2024 regional value linearly back-extrapolated from Zijie 2025-2026; Zijie regional trajectory applied from 2025 onward,0.0,0.0,0.0,0.0,0.0,0.0,0.0,0.0,0.0,0.0,0.0,0.0,0.0,0.0,0.0,0.0,0.0,0.0,0.0,0.0,0.0,0.0,0.0,0.0,0.0,0.0,0.0,0.0,0.0,0.0,0.0,0.0
Nicaragua,NI,NIC,LAM,Rest of World,Primary aluminium ingot production,kt,0.0,False,,,,,OMNIA INF_Data,"British Geological Survey, World Mineral Production 2020-24, Production of primary aluminium",BGS 2024 country value rebased to a synthetic Zijie 2024 regional value linearly back-extrapolated from Zijie 2025-2026; Zijie regional trajectory applied from 2025 onward,0.0,0.0,0.0,0.0,0.0,0.0,0.0,0.0,0.0,0.0,0.0,0.0,0.0,0.0,0.0,0.0,0.0,0.0,0.0,0.0,0.0,0.0,0.0,0.0,0.0,0.0,0.0,0.0,0.0,0.0,0.0,0.0
Jamaica,JM,JAM,LAM,South America,Primary aluminium ingot production,kt,0.0,False,,,,,OMNIA INF_Data,"British Geological Survey, World Mineral Production 2020-24, Production of primary aluminium",BGS 2024 country value rebased to a synthetic Zijie 2024 regional value linearly back-extrapolated from Zijie 2025-2026; Zijie regional trajectory applied from 2025 onward,0.0,0.0,0.0,0.0,0.0,0.0,0.0,0.0,0.0,0.0,0.0,0.0,0.0,0.0,0.0,0.0,0.0,0.0,0.0,0.0,0.0,0.0,0.0,0.0,0.0,0.0,0.0,0.0,0.0,0.0,0.0,0.0
Curaçao,CW,CUW,LAM,Rest of World,Primary aluminium ingot production,kt,0.0,False,,,,,OMNIA INF_Data,"British Geological Survey, World Mineral Production 2020-24, Production of primary aluminium",BGS 2024 country value rebased to a synthetic Zijie 2024 regional value linearly back-extrapolated from Zijie 2025-2026; Zijie regional trajectory applied from 2025 onward,0.0,0.0,0.0,0.0,0.0,0.0,0.0,0.0,0.0,0.0,0.0,0.0,0.0,0.0,0.0,0.0,0.0,0.0,0.0,0.0,0.0,0.0,0.0,0.0,0.0,0.0,0.0,0.0,0.0,0.0,0.0,0.0
Suriname,SR,SUR,LAM,South America,Primary aluminium ingot production,kt,0.0,False,,,,,OMNIA INF_Data,"British Geological Survey, World Mineral Production 2020-24, Production of primary aluminium",BGS 2024 country value rebased to a synthetic Zijie 2024 regional value linearly back-extrapolated from Zijie 2025-2026; Zijie regional trajectory applied from 2025 onward,0.0,0.0,0.0,0.0,0.0,0.0,0.0,0.0,0.0,0.0,0.0,0.0,0.0,0.0,0.0,0.0,0.0,0.0,0.0,0.0,0.0,0.0,0.0,0.0,0.0,0.0,0.0,0.0,0.0,0.0,0.0,0.0
Antigua and Barbuda,AG,ATG,LAM,Rest of World,Primary aluminium ingot production,kt,0.0,False,,,,,OMNIA INF_Data,"British Geological Survey, World Mineral Production 2020-24, Production of primary aluminium",BGS 2024 country value rebased to a synthetic Zijie 2024 regional value linearly back-extrapolated from Zijie 2025-2026; Zijie regional trajectory applied from 2025 onward,0.0,0.0,0.0,0.0,0.0,0.0,0.0,0.0,0.0,0.0,0.0,0.0,0.0,0.0,0.0,0.0,0.0,0.0,0.0,0.0,0.0,0.0,0.0,0.0,0.0,0.0,0.0,0.0,0.0,0.0,0.0,0.0
Aruba,AW,ABW,LAM,Rest of World,Primary aluminium ingot production,kt,0.0,False,,,,,OMNIA INF_Data,"British Geological Survey, World Mineral Production 2020-24, Production of primary aluminium",BGS 2024 country value rebased to a synthetic Zijie 2024 regional value linearly back-extrapolated from Zijie 2025-2026; Zijie regional trajectory applied from 2025 onward,0.0,0.0,0.0,0.0,0.0,0.0,0.0,0.0,0.0,0.0,0.0,0.0,0.0,0.0,0.0,0.0,0.0,0.0,0.0,0.0,0.0,0.0,0.0,0.0,0.0,0.0,0.0,0.0,0.0,0.0,0.0,0.0
Bahamas,BS,BHS,LAM,Rest of World,Primary aluminium ingot production,kt,0.0,False,,,,,OMNIA INF_Data,"British Geological Survey, World Mineral Production 2020-24, Production of primary aluminium",BGS 2024 country value rebased to a synthetic Zijie 2024 regional value linearly back-extrapolated from Zijie 2025-2026; Zijie regional trajectory applied from 2025 onward,0.0,0.0,0.0,0.0,0.0,0.0,0.0,0.0,0.0,0.0,0.0,0.0,0.0,0.0,0.0,0.0,0.0,0.0,0.0,0.0,0.0,0.0,0.0,0.0,0.0,0.0,0.0,0.0,0.0,0.0,0.0,0.0
Barbados,BB,BRB,LAM,Rest of World,Primary aluminium ingot production,kt,0.0,False,,,,,OMNIA INF_Data,"British Geological Survey, World Mineral Production 2020-24, Production of primary aluminium",BGS 2024 country value rebased to a synthetic Zijie 2024 regional value linearly back-extrapolated from Zijie 2025-2026; Zijie regional trajectory applied from 2025 onward,0.0,0.0,0.0,0.0,0.0,0.0,0.0,0.0,0.0,0.0,0.0,0.0,0.0,0.0,0.0,0.0,0.0,0.0,0.0,0.0,0.0,0.0,0.0,0.0,0.0,0.0,0.0,0.0,0.0,0.0,0.0,0.0
Belize,BZ,BLZ,LAM,Rest of World,Primary aluminium ingot production,kt,0.0,False,,,,,OMNIA INF_Data,"British Geological Survey, World Mineral Production 2020-24, Production of primary aluminium",BGS 2024 country value rebased to a synthetic Zijie 2024 regional value linearly back-extrapolated from Zijie 2025-2026; Zijie regional trajectory applied from 2025 onward,0.0,0.0,0.0,0.0,0.0,0.0,0.0,0.0,0.0,0.0,0.0,0.0,0.0,0.0,0.0,0.0,0.0,0.0,0.0,0.0,0.0,0.0,0.0,0.0,0.0,0.0,0.0,0.0,0.0,0.0,0.0,0.0
Bermuda,BM,BMU,LAM,Rest of World,Primary aluminium ingot production,kt,0.0,False,,,,,OMNIA INF_Data,"British Geological Survey, World Mineral Production 2020-24, Production of primary aluminium",BGS 2024 country value rebased to a synthetic Zijie 2024 regional value linearly back-extrapolated from Zijie 2025-2026; Zijie regional trajectory applied from 2025 onward,0.0,0.0,0.0,0.0,0.0,0.0,0.0,0.0,0.0,0.0,0.0,0.0,0.0,0.0,0.0,0.0,0.0,0.0,0.0,0.0,0.0,0.0,0.0,0.0,0.0,0.0,0.0,0.0,0.0,0.0,0.0,0.0
British Virgin Islands,VG,VGB,LAM,Rest of World,Primary aluminium ingot production,kt,0.0,False,,,,,OMNIA INF_Data,"British Geological Survey, World Mineral Production 2020-24, Production of primary aluminium",BGS 2024 country value rebased to a synthetic Zijie 2024 regional value linearly back-extrapolated from Zijie 2025-2026; Zijie regional trajectory applied from 2025 onward,0.0,0.0,0.0,0.0,0.0,0.0,0.0,0.0,0.0,0.0,0.0,0.0,0.0,0.0,0.0,0.0,0.0,0.0,0.0,0.0,0.0,0.0,0.0,0.0,0.0,0.0,0.0,0.0,0.0,0.0,0.0,0.0
Cayman Islands,KY,CYM,LAM,Rest of World,Primary aluminium ingot production,kt,0.0,False,,,,,OMNIA INF_Data,"British Geological Survey, World Mineral Production 2020-24, Production of primary aluminium",BGS 2024 country value rebased to a synthetic Zijie 2024 regional value linearly back-extrapolated from Zijie 2025-2026; Zijie regional trajectory applied from 2025 onward,0.0,0.0,0.0,0.0,0.0,0.0,0.0,0.0,0.0,0.0,0.0,0.0,0.0,0.0,0.0,0.0,0.0,0.0,0.0,0.0,0.0,0.0,0.0,0.0,0.0,0.0,0.0,0.0,0.0,0.0,0.0,0.0
Dominica,DM,DMA,LAM,Rest of World,Primary aluminium ingot production,kt,0.0,False,,,,,OMNIA INF_Data,"British Geological Survey, World Mineral Production 2020-24, Production of primary aluminium",BGS 2024 country value rebased to a synthetic Zijie 2024 regional value linearly back-extrapolated from Zijie 2025-2026; Zijie regional trajectory applied from 2025 onward,0.0,0.0,0.0,0.0,0.0,0.0,0.0,0.0,0.0,0.0,0.0,0.0,0.0,0.0,0.0,0.0,0.0,0.0,0.0,0.0,0.0,0.0,0.0,0.0,0.0,0.0,0.0,0.0,0.0,0.0,0.0,0.0
Falkland Islands (Malvinas),FK,FLK,LAM,Rest of World,Primary aluminium ingot production,kt,0.0,False,,,,,OMNIA INF_Data,"British Geological Survey, World Mineral Production 2020-24, Production of primary aluminium",BGS 2024 country value rebased to a synthetic Zijie 2024 regional value linearly back-extrapolated from Zijie 2025-2026; Zijie regional trajectory applied from 2025 onward,0.0,0.0,0.0,0.0,0.0,0.0,0.0,0.0,0.0,0.0,0.0,0.0,0.0,0.0,0.0,0.0,0.0,0.0,0.0,0.0,0.0,0.0,0.0,0.0,0.0,0.0,0.0,0.0,0.0,0.0,0.0,0.0
Guyana,GY,GUY,LAM,South America,Primary aluminium ingot production,kt,0.0,False,,,,,OMNIA INF_Data,"British Geological Survey, World Mineral Production 2020-24, Production of primary aluminium",BGS 2024 country value rebased to a synthetic Zijie 2024 regional value linearly back-extrapolated from Zijie 2025-2026; Zijie regional trajectory applied from 2025 onward,0.0,0.0,0.0,0.0,0.0,0.0,0.0,0.0,0.0,0.0,0.0,0.0,0.0,0.0,0.0,0.0,0.0,0.0,0.0,0.0,0.0,0.0,0.0,0.0,0.0,0.0,0.0,0.0,0.0,0.0,0.0,0.0
Grenada,GD,GRD,LAM,Rest of World,Primary aluminium ingot production,kt,0.0,False,,,,,OMNIA INF_Data,"British Geological Survey, World Mineral Production 2020-24, Production of primary aluminium",BGS 2024 country value rebased to a synthetic Zijie 2024 regional value linearly back-extrapolated from Zijie 2025-2026; Zijie regional trajectory applied from 2025 onward,0.0,0.0,0.0,0.0,0.0,0.0,0.0,0.0,0.0,0.0,0.0,0.0,0.0,0.0,0.0,0.0,0.0,0.0,0.0,0.0,0.0,0.0,0.0,0.0,0.0,0.0,0.0,0.0,0.0,0.0,0.0,0.0
Guadeloupe,GP,GLP,LAM,Rest of World,Primary aluminium ingot production,kt,0.0,False,,,,,OMNIA INF_Data,"British Geological Survey, World Mineral Production 2020-24, Production of primary aluminium",BGS 2024 country value rebased to a synthetic Zijie 2024 regional value linearly back-extrapolated from Zijie 2025-2026; Zijie regional trajectory applied from 2025 onward,0.0,0.0,0.0,0.0,0.0,0.0,0.0,0.0,0.0,0.0,0.0,0.0,0.0,0.0,0.0,0.0,0.0,0.0,0.0,0.0,0.0,0.0,0.0,0.0,0.0,0.0,0.0,0.0,0.0,0.0,0.0,0.0
Cooperative Republic of Guyana,GY,GUY,LAM,South America,Primary aluminium ingot production,kt,0.0,False,,,,,OMNIA INF_Data,"British Geological Survey, World Mineral Production 2020-24, Production of primary aluminium",BGS 2024 country value rebased to a synthetic Zijie 2024 regional value linearly back-extrapolated from Zijie 2025-2026; Zijie regional trajectory applied from 2025 onward,0.0,0.0,0.0,0.0,0.0,0.0,0.0,0.0,0.0,0.0,0.0,0.0,0.0,0.0,0.0,0.0,0.0,0.0,0.0,0.0,0.0,0.0,0.0,0.0,0.0,0.0,0.0,0.0,0.0,0.0,0.0,0.0
Martinique,MQ,MTQ,LAM,Rest of World,Primary aluminium ingot production,kt,0.0,False,,,,,OMNIA INF_Data,"British Geological Survey, World Mineral Production 2020-24, Production of primary aluminium",BGS 2024 country value rebased to a synthetic Zijie 2024 regional value linearly back-extrapolated from Zijie 2025-2026; Zijie regional trajectory applied from 2025 onward,0.0,0.0,0.0,0.0,0.0,0.0,0.0,0.0,0.0,0.0,0.0,0.0,0.0,0.0,0.0,0.0,0.0,0.0,0.0,0.0,0.0,0.0,0.0,0.0,0.0,0.0,0.0,0.0,0.0,0.0,0.0,0.0
Montserrat,MS,MSR,LAM,Rest of World,Primary aluminium ingot production,kt,0.0,False,,,,,OMNIA INF_Data,"British Geological Survey, World Mineral Production 2020-24, Production of primary aluminium",BGS 2024 country value rebased to a synthetic Zijie 2024 regional value linearly back-extrapolated from Zijie 2025-2026; Zijie regional trajectory applied from 2025 onward,0.0,0.0,0.0,0.0,0.0,0.0,0.0,0.0,0.0,0.0,0.0,0.0,0.0,0.0,0.0,0.0,0.0,0.0,0.0,0.0,0.0,0.0,0.0,0.0,0.0,0.0,0.0,0.0,0.0,0.0,0.0,0.0
Puerto Rico,PR,PRI,LAM,Rest of World,Primary aluminium ingot production,kt,0.0,False,,,,,OMNIA INF_Data,"British Geological Survey, World Mineral Production 2020-24, Production of primary aluminium",BGS 2024 country value rebased to a synthetic Zijie 2024 regional value linearly back-extrapolated from Zijie 2025-2026; Zijie regional trajectory applied from 2025 onward,0.0,0.0,0.0,0.0,0.0,0.0,0.0,0.0,0.0,0.0,0.0,0.0,0.0,0.0,0.0,0.0,0.0,0.0,0.0,0.0,0.0,0.0,0.0,0.0,0.0,0.0,0.0,0.0,0.0,0.0,0.0,0.0
"Bonaire, Sint Eustatius and Saba",BQ,BES,LAM,Rest of World,Primary aluminium ingot production,kt,0.0,False,,,,,OMNIA INF_Data,"British Geological Survey, World Mineral Production 2020-24, Production of primary aluminium",BGS 2024 country value rebased to a synthetic Zijie 2024 regional value linearly back-extrapolated from Zijie 2025-2026; Zijie regional trajectory applied from 2025 onward,0.0,0.0,0.0,0.0,0.0,0.0,0.0,0.0,0.0,0.0,0.0,0.0,0.0,0.0,0.0,0.0,0.0,0.0,0.0,0.0,0.0,0.0,0.0,0.0,0.0,0.0,0.0,0.0,0.0,0.0,0.0,0.0
Saint Kitts and Nevis,KN,KNA,LAM,Rest of World,Primary aluminium ingot production,kt,0.0,False,,,,,OMNIA INF_Data,"British Geological Survey, World Mineral Production 2020-24, Production of primary aluminium",BGS 2024 country value rebased to a synthetic Zijie 2024 regional value linearly back-extrapolated from Zijie 2025-2026; Zijie regional trajectory applied from 2025 onward,0.0,0.0,0.0,0.0,0.0,0.0,0.0,0.0,0.0,0.0,0.0,0.0,0.0,0.0,0.0,0.0,0.0,0.0,0.0,0.0,0.0,0.0,0.0,0.0,0.0,0.0,0.0,0.0,0.0,0.0,0.0,0.0
Saint Lucia,LC,LCA,LAM,Rest of World,Primary aluminium ingot production,kt,0.0,False,,,,,OMNIA INF_Data,"British Geological Survey, World Mineral Production 2020-24, Production of primary aluminium",BGS 2024 country value rebased to a synthetic Zijie 2024 regional value linearly back-extrapolated from Zijie 2025-2026; Zijie regional trajectory applied from 2025 onward,0.0,0.0,0.0,0.0,0.0,0.0,0.0,0.0,0.0,0.0,0.0,0.0,0.0,0.0,0.0,0.0,0.0,0.0,0.0,0.0,0.0,0.0,0.0,0.0,0.0,0.0,0.0,0.0,0.0,0.0,0.0,0.0
Saint Pierre and Miquelon,PM,SPM,LAM,Rest of World,Primary aluminium ingot production,kt,0.0,False,,,,,OMNIA INF_Data,"British Geological Survey, World Mineral Production 2020-24, Production of primary aluminium",BGS 2024 country value rebased to a synthetic Zijie 2024 regional value linearly back-extrapolated from Zijie 2025-2026; Zijie regional trajectory applied from 2025 onward,0.0,0.0,0.0,0.0,0.0,0.0,0.0,0.0,0.0,0.0,0.0,0.0,0.0,0.0,0.0,0.0,0.0,0.0,0.0,0.0,0.0,0.0,0.0,0.0,0.0,0.0,0.0,0.0,0.0,0.0,0.0,0.0
Saint Vincent and the Grenadines,VC,VCT,LAM,Rest of World,Primary aluminium ingot production,kt,0.0,False,,,,,OMNIA INF_Data,"British Geological Survey, World Mineral Production 2020-24, Production of primary aluminium",BGS 2024 country value rebased to a synthetic Zijie 2024 regional value linearly back-extrapolated from Zijie 2025-2026; Zijie regional trajectory applied from 2025 onward,0.0,0.0,0.0,0.0,0.0,0.0,0.0,0.0,0.0,0.0,0.0,0.0,0.0,0.0,0.0,0.0,0.0,0.0,0.0,0.0,0.0,0.0,0.0,0.0,0.0,0.0,0.0,0.0,0.0,0.0,0.0,0.0
Saint Martin,MF,MAF,LAM,Rest of World,Primary aluminium ingot production,kt,0.0,False,,,,,OMNIA INF_Data,"British Geological Survey, World Mineral Production 2020-24, Production of primary aluminium",BGS 2024 country value rebased to a synthetic Zijie 2024 regional value linearly back-extrapolated from Zijie 2025-2026; Zijie regional trajectory applied from 2025 onward,0.0,0.0,0.0,0.0,0.0,0.0,0.0,0.0,0.0,0.0,0.0,0.0,0.0,0.0,0.0,0.0,0.0,0.0,0.0,0.0,0.0,0.0,0.0,0.0,0.0,0.0,0.0,0.0,0.0,0.0,0.0,0.0
Turks and Caicos Islands,TC,TCA,LAM,Rest of World,Primary aluminium ingot production,kt,0.0,False,,,,,OMNIA INF_Data,"British Geological Survey, World Mineral Production 2020-24, Production of primary aluminium",BGS 2024 country value rebased to a synthetic Zijie 2024 regional value linearly back-extrapolated from Zijie 2025-2026; Zijie regional trajectory applied from 2025 onward,0.0,0.0,0.0,0.0,0.0,0.0,0.0,0.0,0.0,0.0,0.0,0.0,0.0,0.0,0.0,0.0,0.0,0.0,0.0,0.0,0.0,0.0,0.0,0.0,0.0,0.0,0.0,0.0,0.0,0.0,0.0,0.0
Sint Maarten (Dutch part),SX,SXM,LAM,Rest of World,Primary aluminium ingot production,kt,0.0,False,,,,,OMNIA INF_Data,"British Geological Survey, World Mineral Production 2020-24, Production of primary aluminium",BGS 2024 country value rebased to a synthetic Zijie 2024 regional value linearly back-extrapolated from Zijie 2025-2026; Zijie regional trajectory applied from 2025 onward,0.0,0.0,0.0,0.0,0.0,0.0,0.0,0.0,0.0,0.0,0.0,0.0,0.0,0.0,0.0,0.0,0.0,0.0,0.0,0.0,0.0,0.0,0.0,0.0,0.0,0.0,0.0,0.0,0.0,0.0,0.0,0.0
Anguilla,AI,AIA,LAM,Rest of World,Primary aluminium ingot production,kt,0.0,False,,,,,OMNIA INF_Data,"British Geological Survey, World Mineral Production 2020-24, Production of primary aluminium",BGS 2024 country value rebased to a synthetic Zijie 2024 regional value linearly back-extrapolated from Zijie 2025-2026; Zijie regional trajectory applied from 2025 onward,0.0,0.0,0.0,0.0,0.0,0.0,0.0,0.0,0.0,0.0,0.0,0.0,0.0,0.0,0.0,0.0,0.0,0.0,0.0,0.0,0.0,0.0,0.0,0.0,0.0,0.0,0.0,0.0,0.0,0.0,0.0,0.0
Brazil,BR,BRA,BRA,South America,Primary aluminium ingot production,kt,650.0,True,Brazil,,,1.6039694450094542,OMNIA INF_Data,"British Geological Survey, World Mineral Production 2020-24, Production of primary aluminium",BGS 2024 country value rebased to a synthetic Zijie 2024 regional value linearly back-extrapolated from Zijie 2025-2026; Zijie regional trajectory applied from 2025 onward,650.0,685.1,771.7,819.0,1021.7,1107.8,1103.007991884583,1098.2159837691659,1082.3828077151618,1065.0799558949311,1047.029140721349,1029.007783449806,1008.7360113871047,985.9687101603009,960.0712194378959,932.8921375572047,902.3755513323149,867.2848201456762,830.4650068760332,793.1446944658319,753.8170076613507,712.3231574896859,667.5167245544982,619.6606464798012,570.0836430154824,518.0666177988467,464.27324599273925,408.6334373568624,352.1003647475829,292.9416742282546,230.5704805629351,169.3255017225933
Mexico,MX,MEX,MEX,South America,Primary aluminium ingot production,kt,0.0,False,,,,,OMNIA INF_Data,"British Geological Survey, World Mineral Production 2020-24, Production of primary aluminium",BGS 2024 country value rebased to a synthetic Zijie 2024 regional value linearly back-extrapolated from Zijie 2025-2026; Zijie regional trajectory applied from 2025 onward,0.0,0.0,0.0,0.0,0.0,0.0,0.0,0.0,0.0,0.0,0.0,0.0,0.0,0.0,0.0,0.0,0.0,0.0,0.0,0.0,0.0,0.0,0.0,0.0,0.0,0.0,0.0,0.0,0.0,0.0,0.0,0.0
Chile,CL,CHL,CHL,Rest of World,Primary aluminium ingot production,kt,0.0,False,,,,,OMNIA INF_Data,"British Geological Survey, World Mineral Production 2020-24, Production of primary aluminium",BGS 2024 country value rebased to a synthetic Zijie 2024 regional value linearly back-extrapolated from Zijie 2025-2026; Zijie regional trajectory applied from 2025 onward,0.0,0.0,0.0,0.0,0.0,0.0,0.0,0.0,0.0,0.0,0.0,0.0,0.0,0.0,0.0,0.0,0.0,0.0,0.0,0.0,0.0,0.0,0.0,0.0,0.0,0.0,0.0,0.0,0.0,0.0,0.0,0.0
Ukraine,UA,UKR,ENE,Europe,Primary aluminium ingot production,kt,0.0,False,,,,,OMNIA INF_Data,"British Geological Survey, World Mineral Production 2020-24, Production of primary aluminium",BGS 2024 country value rebased to a synthetic Zijie 2024 regional value linearly back-extrapolated from Zijie 2025-2026; Zijie regional trajectory applied from 2025 onward,0.0,0.0,0.0,0.0,0.0,0.0,0.0,0.0,0.0,0.0,0.0,0.0,0.0,0.0,0.0,0.0,0.0,0.0,0.0,0.0,0.0,0.0,0.0,0.0,0.0,0.0,0.0,0.0,0.0,0.0,0.0,0.0
Belarus,BY,BLR,ENE,Rest of World,Primary aluminium ingot production,kt,0.0,False,,,,,OMNIA INF_Data,"British Geological Survey, World Mineral Production 2020-24, Production of primary aluminium",BGS 2024 country value rebased to a synthetic Zijie 2024 regional value linearly back-extrapolated from Zijie 2025-2026; Zijie regional trajectory applied from 2025 onward,0.0,0.0,0.0,0.0,0.0,0.0,0.0,0.0,0.0,0.0,0.0,0.0,0.0,0.0,0.0,0.0,0.0,0.0,0.0,0.0,0.0,0.0,0.0,0.0,0.0,0.0,0.0,0.0,0.0,0.0,0.0,0.0
Serbia,RS,SRB,ENE,Europe,Primary aluminium ingot production,kt,0.0,False,,,,,OMNIA INF_Data,"British Geological Survey, World Mineral Production 2020-24, Production of primary aluminium",BGS 2024 country value rebased to a synthetic Zijie 2024 regional value linearly back-extrapolated from Zijie 2025-2026; Zijie regional trajectory applied from 2025 onward,0.0,0.0,0.0,0.0,0.0,0.0,0.0,0.0,0.0,0.0,0.0,0.0,0.0,0.0,0.0,0.0,0.0,0.0,0.0,0.0,0.0,0.0,0.0,0.0,0.0,0.0,0.0,0.0,0.0,0.0,0.0,0.0
Bosnia and Herzegovina,BA,BIH,ENE,Rest of World,Primary aluminium ingot production,kt,55.0,True,Bosnia & Herzegovina,,,0.8255785628917046,OMNIA INF_Data,"British Geological Survey, World Mineral Production 2020-24, Production of primary aluminium",BGS 2024 country value rebased to a synthetic Zijie 2024 regional value linearly back-extrapolated from Zijie 2025-2026; Zijie regional trajectory applied from 2025 onward,55.0,0.0,90.037,138.969,35.6,31.87,34.335711627263215,36.80142325452643,39.301933318283595,41.840937788370184,44.47404791375326,47.199770634975025,50.020621926243884,52.93327578718823,55.92343111790602,58.95918395555361,61.99728840187515,65.01064077961243,67.976636436887,70.90006502855034,73.8320157724048,76.80500787813716,79.80388555582871,82.8544820203257,85.99358948966078,89.17894133009862,92.35892422424165,95.53203005315964,98.66518456682664,101.74374162936486,104.7703845834933,107.6747167687924
Republic of Moldova,MD,MDA,ENE,Europe,Primary aluminium ingot production,kt,0.0,False,,,,,OMNIA INF_Data,"British Geological Survey, World Mineral Production 2020-24, Production of primary aluminium",BGS 2024 country value rebased to a synthetic Zijie 2024 regional value linearly back-extrapolated from Zijie 2025-2026; Zijie regional trajectory applied from 2025 onward,0.0,0.0,0.0,0.0,0.0,0.0,0.0,0.0,0.0,0.0,0.0,0.0,0.0,0.0,0.0,0.0,0.0,0.0,0.0,0.0,0.0,0.0,0.0,0.0,0.0,0.0,0.0,0.0,0.0,0.0,0.0,0.0
Republic of North Macedonia,MK,MKD,ENE,Europe,Primary aluminium ingot production,kt,0.0,False,,,,,OMNIA INF_Data,"British Geological Survey, World Mineral Production 2020-24, Production of primary aluminium",BGS 2024 country value rebased to a synthetic Zijie 2024 regional value linearly back-extrapolated from Zijie 2025-2026; Zijie regional trajectory applied from 2025 onward,0.0,0.0,0.0,0.0,0.0,0.0,0.0,0.0,0.0,0.0,0.0,0.0,0.0,0.0,0.0,0.0,0.0,0.0,0.0,0.0,0.0,0.0,0.0,0.0,0.0,0.0,0.0,0.0,0.0,0.0,0.0,0.0
Kosovo,XK,XKX,ENE,Rest of World,Primary aluminium ingot production,kt,0.0,False,,,,,OMNIA INF_Data,"British Geological Survey, World Mineral Production 2020-24, Production of primary aluminium",BGS 2024 country value rebased to a synthetic Zijie 2024 regional value linearly back-extrapolated from Zijie 2025-2026; Zijie regional trajectory applied from 2025 onward,0.0,0.0,0.0,0.0,0.0,0.0,0.0,0.0,0.0,0.0,0.0,0.0,0.0,0.0,0.0,0.0,0.0,0.0,0.0,0.0,0.0,0.0,0.0,0.0,0.0,0.0,0.0,0.0,0.0,0.0,0.0,0.0
Albania,AL,ALB,ENE,Rest of World,Primary aluminium ingot production,kt,0.0,False,,,,,OMNIA INF_Data,"British Geological Survey, World Mineral Production 2020-24, Production of primary aluminium",BGS 2024 country value rebased to a synthetic Zijie 2024 regional value linearly back-extrapolated from Zijie 2025-2026; Zijie regional trajectory applied from 2025 onward,0.0,0.0,0.0,0.0,0.0,0.0,0.0,0.0,0.0,0.0,0.0,0.0,0.0,0.0,0.0,0.0,0.0,0.0,0.0,0.0,0.0,0.0,0.0,0.0,0.0,0.0,0.0,0.0,0.0,0.0,0.0,0.0
Montenegro,ME,MNE,ENE,Europe,Primary aluminium ingot production,kt,60.0,True,Montenegro,,,0.5711139429825196,OMNIA INF_Data,"British Geological Survey, World Mineral Production 2020-24, Production of primary aluminium",BGS 2024 country value rebased to a synthetic Zijie 2024 regional value linearly back-extrapolated from Zijie 2025-2026; Zijie regional trajectory applied from 2025 onward,60.0,37.208,45.214,43.196,21.778,14.887,15.301638086865108,15.716276173730215,14.006412309854657,13.14135473529533,11.901269876240521,10.477835567383245,8.861978148610374,7.146689668177785,5.3612842936914324,3.4305433798782876,1.3974085807803094,1.4001434760258067,1.4018045218705535,1.401419966359794,1.3984648178800319,1.3944259307750466,1.3897338306163638,1.3825382963059905,1.3714247020998693,1.3585892489235245,1.34523343109956,1.3315462601835018,1.3169861103920715,1.3016664790599672,1.2864380957702932,1.272384049942878
Norway,NO,NOR,ENW,Europe,Primary aluminium ingot production,kt,1400.0,True,Norway,,,2.1094315908795958,OMNIA INF_Data,"British Geological Survey, World Mineral Production 2020-24, Production of primary aluminium",BGS 2024 country value rebased to a synthetic Zijie 2024 regional value linearly back-extrapolated from Zijie 2025-2026; Zijie regional trajectory applied from 2025 onward,1400.0,1330.0,1419.0,1424.6,1321.2,1283.0,1318.7345781855265,1354.469156371053,1207.1086849965423,1132.5557953505681,1025.682088480996,903.0068538290255,763.7480999977906,615.9201211978302,462.0492878891723,295.65306350398623,120.43227037960213,120.66797069531202,120.81112390407202,120.77798191976997,120.52329961309067,120.1752179206277,119.77084064491132,119.15071096665451,118.1929127960054,117.08672038482446,115.93568160816386,114.7560859686594,113.50125476140443,112.18096947900437,110.86854818790125,109.65733432368593
Svalbard and Jan Mayen Islands,SJ,SJM,ENW,Rest of World,Primary aluminium ingot production,kt,0.0,False,,,,,OMNIA INF_Data,"British Geological Survey, World Mineral Production 2020-24, Production of primary aluminium",BGS 2024 country value rebased to a synthetic Zijie 2024 regional value linearly back-extrapolated from Zijie 2025-2026; Zijie regional trajectory applied from 2025 onward,0.0,0.0,0.0,0.0,0.0,0.0,0.0,0.0,0.0,0.0,0.0,0.0,0.0,0.0,0.0,0.0,0.0,0.0,0.0,0.0,0.0,0.0,0.0,0.0,0.0,0.0,0.0,0.0,0.0,0.0,0.0,0.0
Switzerland,CH,CHE,ENW,Europe,Primary aluminium ingot production,kt,0.0,False,,,,,OMNIA INF_Data,"British Geological Survey, World Mineral Production 2020-24, Production of primary aluminium",BGS 2024 country value rebased to a synthetic Zijie 2024 regional value linearly back-extrapolated from Zijie 2025-2026; Zijie regional trajectory applied from 2025 onward,0.0,0.0,0.0,0.0,0.0,0.0,0.0,0.0,0.0,0.0,0.0,0.0,0.0,0.0,0.0,0.0,0.0,0.0,0.0,0.0,0.0,0.0,0.0,0.0,0.0,0.0,0.0,0.0,0.0,0.0,0.0,0.0
Liechtenstein,LI,LIE,ENW,Rest of World,Primary aluminium ingot production,kt,0.0,False,,,,,OMNIA INF_Data,"British Geological Survey, World Mineral Production 2020-24, Production of primary aluminium",BGS 2024 country value rebased to a synthetic Zijie 2024 regional value linearly back-extrapolated from Zijie 2025-2026; Zijie regional trajectory applied from 2025 onward,0.0,0.0,0.0,0.0,0.0,0.0,0.0,0.0,0.0,0.0,0.0,0.0,0.0,0.0,0.0,0.0,0.0,0.0,0.0,0.0,0.0,0.0,0.0,0.0,0.0,0.0,0.0,0.0,0.0,0.0,0.0,0.0
Iceland,IS,ISL,ENW,Europe,Primary aluminium ingot production,kt,845.0,True,Iceland,,,2.0217450334297413,OMNIA INF_Data,"British Geological Survey, World Mineral Production 2020-24, Production of primary aluminium",BGS 2024 country value rebased to a synthetic Zijie 2024 regional value linearly back-extrapolated from Zijie 2025-2026; Zijie regional trajectory applied from 2025 onward,845.0,728.104,729.813,756.012,768.389,742.192,762.8637989498615,783.5355978997229,698.2902643296599,655.1627832134286,593.3383013358437,522.3729250639689,441.81428669802045,356.29850864540924,267.28704994313375,171.02988192373385,69.66786252344323,69.80421083888933,69.88702234809901,69.86785031722363,69.72052126768433,69.51916238421397,69.2852375369665,68.9265038766666,68.37243517840439,67.7325231300496,67.06666828069085,66.38429380923715,65.65839693988798,64.8946360869534,64.13542440894373,63.4347593736283
United Kingdom of Great Britain and Northern Ireland,GB,GBR,ENW,UK,Primary aluminium ingot production,kt,48.0,True,United Kingdom,,,0.18585137577668648,OMNIA INF_Data,"British Geological Survey, World Mineral Production 2020-24, Production of primary aluminium",BGS 2024 country value rebased to a synthetic Zijie 2024 regional value linearly back-extrapolated from Zijie 2025-2026; Zijie regional trajectory applied from 2025 onward,48.0,35.7,37.571,31.337,29.246,29.05,29.708312401949943,30.366624803899885,30.91993783851037,31.32531241260346,31.52411235143277,31.66463575220586,31.716259102817027,31.707144079063518,31.787204300494622,31.865158874301855,31.974485685212432,32.121629855601434,32.24139658619187,32.40023142429634,32.52322500317525,32.5886444949001,32.63568069363536,32.64854177080415,32.664107550713815,32.6421711482116,32.59407854443074,32.56509753433389,32.53852687945181,32.49237746603493,32.3962864436173,32.27140207293166
Gibraltar,GI,GIB,ENW,Rest of World,Primary aluminium ingot production,kt,0.0,False,,,,,OMNIA INF_Data,"British Geological Survey, World Mineral Production 2020-24, Production of primary aluminium",BGS 2024 country value rebased to a synthetic Zijie 2024 regional value linearly back-extrapolated from Zijie 2025-2026; Zijie regional trajectory applied from 2025 onward,0.0,0.0,0.0,0.0,0.0,0.0,0.0,0.0,0.0,0.0,0.0,0.0,0.0,0.0,0.0,0.0,0.0,0.0,0.0,0.0,0.0,0.0,0.0,0.0,0.0,0.0,0.0,0.0,0.0,0.0,0.0,0.0
Saint Helena,SH ,SHN,ENW,Rest of World,Primary aluminium ingot production,kt,0.0,False,,,,,OMNIA INF_Data,"British Geological Survey, World Mineral Production 2020-24, Production of primary aluminium",BGS 2024 country value rebased to a synthetic Zijie 2024 regional value linearly back-extrapolated from Zijie 2025-2026; Zijie regional trajectory applied from 2025 onward,0.0,0.0,0.0,0.0,0.0,0.0,0.0,0.0,0.0,0.0,0.0,0.0,0.0,0.0,0.0,0.0,0.0,0.0,0.0,0.0,0.0,0.0,0.0,0.0,0.0,0.0,0.0,0.0,0.0,0.0,0.0,0.0
Liechtenstein,LI,LIE,ENW,Rest of World,Primary aluminium ingot production,kt,0.0,False,,,,,OMNIA INF_Data,"British Geological Survey, World Mineral Production 2020-24, Production of primary aluminium",BGS 2024 country value rebased to a synthetic Zijie 2024 regional value linearly back-extrapolated from Zijie 2025-2026; Zijie regional trajectory applied from 2025 onward,0.0,0.0,0.0,0.0,0.0,0.0,0.0,0.0,0.0,0.0,0.0,0.0,0.0,0.0,0.0,0.0,0.0,0.0,0.0,0.0,0.0,0.0,0.0,0.0,0.0,0.0,0.0,0.0,0.0,0.0,0.0,0.0
Poland,PL,POL,EUE,Europe,Primary aluminium ingot production,kt,0.0,False,,,,,OMNIA INF_Data,"British Geological Survey, World Mineral Production 2020-24, Production of primary aluminium",BGS 2024 country value rebased to a synthetic Zijie 2024 regional value linearly back-extrapolated from Zijie 2025-2026; Zijie regional trajectory applied from 2025 onward,0.0,0.0,0.0,0.0,0.0,0.0,0.0,0.0,0.0,0.0,0.0,0.0,0.0,0.0,0.0,0.0,0.0,0.0,0.0,0.0,0.0,0.0,0.0,0.0,0.0,0.0,0.0,0.0,0.0,0.0,0.0,0.0
Czechia,CZ,CZE,EUE,Europe,Primary aluminium ingot production,kt,0.0,False,,,,,OMNIA INF_Data,"British Geological Survey, World Mineral Production 2020-24, Production of primary aluminium",BGS 2024 country value rebased to a synthetic Zijie 2024 regional value linearly back-extrapolated from Zijie 2025-2026; Zijie regional trajectory applied from 2025 onward,0.0,0.0,0.0,0.0,0.0,0.0,0.0,0.0,0.0,0.0,0.0,0.0,0.0,0.0,0.0,0.0,0.0,0.0,0.0,0.0,0.0,0.0,0.0,0.0,0.0,0.0,0.0,0.0,0.0,0.0,0.0,0.0
Romania,RO,ROU,EUE,Europe,Primary aluminium ingot production,kt,280.0,True,Romania,,,2.0392185931488758,OMNIA INF_Data,"British Geological Survey, World Mineral Production 2020-24, Production of primary aluminium",BGS 2024 country value rebased to a synthetic Zijie 2024 regional value linearly back-extrapolated from Zijie 2025-2026; Zijie regional trajectory applied from 2025 onward,280.0,271.307,293.399,191.454,196.438,248.059,254.96802862831137,261.8770572566228,233.38594956473673,218.9716742313847,198.30839687179065,174.5900055759737,147.66530782334524,119.08381086844315,89.3339706192519,57.16243435676954,23.28472997513151,23.330300968595793,23.35797863173827,23.35157086284974,23.30232983532631,23.23503069538035,23.156847201509006,23.0369495024765,22.851765982279268,22.637891482415565,22.415346254122774,22.187279757832957,21.944666995213733,21.68939914886387,21.435651749760403,21.201472092750745
Hungary,HU,HUN,EUE,Europe,Primary aluminium ingot production,kt,0.0,False,,,,,OMNIA INF_Data,"British Geological Survey, World Mineral Production 2020-24, Production of primary aluminium",BGS 2024 country value rebased to a synthetic Zijie 2024 regional value linearly back-extrapolated from Zijie 2025-2026; Zijie regional trajectory applied from 2025 onward,0.0,0.0,0.0,0.0,0.0,0.0,0.0,0.0,0.0,0.0,0.0,0.0,0.0,0.0,0.0,0.0,0.0,0.0,0.0,0.0,0.0,0.0,0.0,0.0,0.0,0.0,0.0,0.0,0.0,0.0,0.0,0.0
Bulgaria,BG,BGR,EUE,Europe,Primary aluminium ingot production,kt,0.0,False,,,,,OMNIA INF_Data,"British Geological Survey, World Mineral Production 2020-24, Production of primary aluminium",BGS 2024 country value rebased to a synthetic Zijie 2024 regional value linearly back-extrapolated from Zijie 2025-2026; Zijie regional trajectory applied from 2025 onward,0.0,0.0,0.0,0.0,0.0,0.0,0.0,0.0,0.0,0.0,0.0,0.0,0.0,0.0,0.0,0.0,0.0,0.0,0.0,0.0,0.0,0.0,0.0,0.0,0.0,0.0,0.0,0.0,0.0,0.0,0.0,0.0
Slovakia,SK,SVK,EUE,Europe,Primary aluminium ingot production,kt,220.0,True,Slovakia,,,0.0,OMNIA INF_Data,"British Geological Survey, World Mineral Production 2020-24, Production of primary aluminium",BGS 2024 country value rebased to a synthetic Zijie 2024 regional value linearly back-extrapolated from Zijie 2025-2026; Zijie regional trajectory applied from 2025 onward,220.0,151.875,163.995,71.933,56.114,0.0,0.0,0.0,0.0,0.0,0.0,0.0,0.0,0.0,0.0,0.0,0.0,0.0,0.0,0.0,0.0,0.0,0.0,0.0,0.0,0.0,0.0,0.0,0.0,0.0,0.0,0.0
Croatia,HR,HRV,EUE,Europe,Primary aluminium ingot production,kt,0.0,False,,,,,OMNIA INF_Data,"British Geological Survey, World Mineral Production 2020-24, Production of primary aluminium",BGS 2024 country value rebased to a synthetic Zijie 2024 regional value linearly back-extrapolated from Zijie 2025-2026; Zijie regional trajectory applied from 2025 onward,0.0,0.0,0.0,0.0,0.0,0.0,0.0,0.0,0.0,0.0,0.0,0.0,0.0,0.0,0.0,0.0,0.0,0.0,0.0,0.0,0.0,0.0,0.0,0.0,0.0,0.0,0.0,0.0,0.0,0.0,0.0,0.0
Lithuania,LT,LTU,EUE,Europe,Primary aluminium ingot production,kt,0.0,False,,,,,OMNIA INF_Data,"British Geological Survey, World Mineral Production 2020-24, Production of primary aluminium",BGS 2024 country value rebased to a synthetic Zijie 2024 regional value linearly back-extrapolated from Zijie 2025-2026; Zijie regional trajectory applied from 2025 onward,0.0,0.0,0.0,0.0,0.0,0.0,0.0,0.0,0.0,0.0,0.0,0.0,0.0,0.0,0.0,0.0,0.0,0.0,0.0,0.0,0.0,0.0,0.0,0.0,0.0,0.0,0.0,0.0,0.0,0.0,0.0,0.0
Slovenia,SI,SVN,EUE,Europe,Primary aluminium ingot production,kt,80.0,True,Slovenia,,,0.0,OMNIA INF_Data,"British Geological Survey, World Mineral Production 2020-24, Production of primary aluminium",BGS 2024 country value rebased to a synthetic Zijie 2024 regional value linearly back-extrapolated from Zijie 2025-2026; Zijie regional trajectory applied from 2025 onward,80.0,50.185,37.867,19.211,1.487,0.0,0.0,0.0,0.0,0.0,0.0,0.0,0.0,0.0,0.0,0.0,0.0,0.0,0.0,0.0,0.0,0.0,0.0,0.0,0.0,0.0,0.0,0.0,0.0,0.0,0.0,0.0
Estonia,EE,EST,EUE,Europe,Primary aluminium ingot production,kt,0.0,False,,,,,OMNIA INF_Data,"British Geological Survey, World Mineral Production 2020-24, Production of primary aluminium",BGS 2024 country value rebased to a synthetic Zijie 2024 regional value linearly back-extrapolated from Zijie 2025-2026; Zijie regional trajectory applied from 2025 onward,0.0,0.0,0.0,0.0,0.0,0.0,0.0,0.0,0.0,0.0,0.0,0.0,0.0,0.0,0.0,0.0,0.0,0.0,0.0,0.0,0.0,0.0,0.0,0.0,0.0,0.0,0.0,0.0,0.0,0.0,0.0,0.0
Latvia,LV,LVA,EUE,Europe,Primary aluminium ingot production,kt,0.0,False,,,,,OMNIA INF_Data,"British Geological Survey, World Mineral Production 2020-24, Production of primary aluminium",BGS 2024 country value rebased to a synthetic Zijie 2024 regional value linearly back-extrapolated from Zijie 2025-2026; Zijie regional trajectory applied from 2025 onward,0.0,0.0,0.0,0.0,0.0,0.0,0.0,0.0,0.0,0.0,0.0,0.0,0.0,0.0,0.0,0.0,0.0,0.0,0.0,0.0,0.0,0.0,0.0,0.0,0.0,0.0,0.0,0.0,0.0,0.0,0.0,0.0
Germany,DE,DEU,EUW,Europe,Primary aluminium ingot production,kt,550.0,True,Germany,,,0.9207183872896132,OMNIA INF_Data,"British Geological Survey, World Mineral Production 2020-24, Production of primary aluminium",BGS 2024 country value rebased to a synthetic Zijie 2024 regional value linearly back-extrapolated from Zijie 2025-2026; Zijie regional trajectory applied from 2025 onward,550.0,529.056,509.193,341.212,189.471,220.0,226.12751925238956,232.25503850477915,206.9866802020571,194.20286436252923,175.8768974792043,154.84139348588124,130.96226188582537,105.61373863096075,79.22902832082455,50.69655025009896,20.650895934148455,20.69131220028733,20.715859126185382,20.710176167068894,20.66650499990643,20.60681834960101,20.537478520561567,20.431142956090408,20.266906325113943,20.077224072222435,19.879851873574474,19.677582940845728,19.462413131339808,19.23601970801322,19.010974747730536,18.803284139681143
Netherlands,NL,NLD,EUW,Europe,Primary aluminium ingot production,kt,150.0,True,Netherlands,2022;2023;2024,Nil values marked as estimated in the BGS table,0.0,OMNIA INF_Data,"British Geological Survey, World Mineral Production 2020-24, Production of primary aluminium",BGS 2024 country value rebased to a synthetic Zijie 2024 regional value linearly back-extrapolated from Zijie 2025-2026; Zijie regional trajectory applied from 2025 onward,150.0,70.6,46.7,0.0,0.0,0.0,0.0,0.0,0.0,0.0,0.0,0.0,0.0,0.0,0.0,0.0,0.0,0.0,0.0,0.0,0.0,0.0,0.0,0.0,0.0,0.0,0.0,0.0,0.0,0.0,0.0,0.0
Belgium,BE,BEL,EUW,Europe,Primary aluminium ingot production,kt,0.0,False,,,,,OMNIA INF_Data,"British Geological Survey, World Mineral Production 2020-24, Production of primary aluminium",BGS 2024 country value rebased to a synthetic Zijie 2024 regional value linearly back-extrapolated from Zijie 2025-2026; Zijie regional trajectory applied from 2025 onward,0.0,0.0,0.0,0.0,0.0,0.0,0.0,0.0,0.0,0.0,0.0,0.0,0.0,0.0,0.0,0.0,0.0,0.0,0.0,0.0,0.0,0.0,0.0,0.0,0.0,0.0,0.0,0.0,0.0,0.0,0.0,0.0
Sweden,SE,SWE,EUW,Europe,Primary aluminium ingot production,kt,120.0,True,Sweden,,,2.0907980044701633,OMNIA INF_Data,"British Geological Survey, World Mineral Production 2020-24, Production of primary aluminium",BGS 2024 country value rebased to a synthetic Zijie 2024 regional value linearly back-extrapolated from Zijie 2025-2026; Zijie regional trajectory applied from 2025 onward,120.0,117.0,124.0,120.0,119.0,109.0,112.03590726595665,115.0718145319133,102.55249155465557,96.21869188870765,87.13900829651486,76.7168722270957,64.88584793434075,52.32680686715783,39.25438221349944,25.117836260276302,10.231580258282644,10.25160468105145,10.263766567064575,10.26095091913868,10.23931384086273,10.209741818665956,10.175387085187321,10.12270264642661,10.04133086107918,9.947351926692024,9.849562973725535,9.749347911600838,9.642741051436541,9.530573400788368,9.419073852284674,9.316172596478383
Austria,AT,AUT,EUW,Europe,Primary aluminium ingot production,kt,0.0,False,,,,,OMNIA INF_Data,"British Geological Survey, World Mineral Production 2020-24, Production of primary aluminium",BGS 2024 country value rebased to a synthetic Zijie 2024 regional value linearly back-extrapolated from Zijie 2025-2026; Zijie regional trajectory applied from 2025 onward,0.0,0.0,0.0,0.0,0.0,0.0,0.0,0.0,0.0,0.0,0.0,0.0,0.0,0.0,0.0,0.0,0.0,0.0,0.0,0.0,0.0,0.0,0.0,0.0,0.0,0.0,0.0,0.0,0.0,0.0,0.0,0.0
Finland,FI,FIN,EUW,Europe,Primary aluminium ingot production,kt,0.0,False,,,,,OMNIA INF_Data,"British Geological Survey, World Mineral Production 2020-24, Production of primary aluminium",BGS 2024 country value rebased to a synthetic Zijie 2024 regional value linearly back-extrapolated from Zijie 2025-2026; Zijie regional trajectory applied from 2025 onward,0.0,0.0,0.0,0.0,0.0,0.0,0.0,0.0,0.0,0.0,0.0,0.0,0.0,0.0,0.0,0.0,0.0,0.0,0.0,0.0,0.0,0.0,0.0,0.0,0.0,0.0,0.0,0.0,0.0,0.0,0.0,0.0
Denmark,DK,DNK,EUW,Europe,Primary aluminium ingot production,kt,0.0,False,,,,,OMNIA INF_Data,"British Geological Survey, World Mineral Production 2020-24, Production of primary aluminium",BGS 2024 country value rebased to a synthetic Zijie 2024 regional value linearly back-extrapolated from Zijie 2025-2026; Zijie regional trajectory applied from 2025 onward,0.0,0.0,0.0,0.0,0.0,0.0,0.0,0.0,0.0,0.0,0.0,0.0,0.0,0.0,0.0,0.0,0.0,0.0,0.0,0.0,0.0,0.0,0.0,0.0,0.0,0.0,0.0,0.0,0.0,0.0,0.0,0.0
Ireland,IE,IRL,EUW,Europe,Primary aluminium ingot production,kt,0.0,False,,,,,OMNIA INF_Data,"British Geological Survey, World Mineral Production 2020-24, Production of primary aluminium",BGS 2024 country value rebased to a synthetic Zijie 2024 regional value linearly back-extrapolated from Zijie 2025-2026; Zijie regional trajectory applied from 2025 onward,0.0,0.0,0.0,0.0,0.0,0.0,0.0,0.0,0.0,0.0,0.0,0.0,0.0,0.0,0.0,0.0,0.0,0.0,0.0,0.0,0.0,0.0,0.0,0.0,0.0,0.0,0.0,0.0,0.0,0.0,0.0,0.0
Luxembourg,LU,LUX,EUW,Europe,Primary aluminium ingot production,kt,0.0,False,,,,,OMNIA INF_Data,"British Geological Survey, World Mineral Production 2020-24, Production of primary aluminium",BGS 2024 country value rebased to a synthetic Zijie 2024 regional value linearly back-extrapolated from Zijie 2025-2026; Zijie regional trajectory applied from 2025 onward,0.0,0.0,0.0,0.0,0.0,0.0,0.0,0.0,0.0,0.0,0.0,0.0,0.0,0.0,0.0,0.0,0.0,0.0,0.0,0.0,0.0,0.0,0.0,0.0,0.0,0.0,0.0,0.0,0.0,0.0,0.0,0.0
Greenland,GL,GRL,EUW,Rest of World,Primary aluminium ingot production,kt,0.0,False,,,,,OMNIA INF_Data,"British Geological Survey, World Mineral Production 2020-24, Production of primary aluminium",BGS 2024 country value rebased to a synthetic Zijie 2024 regional value linearly back-extrapolated from Zijie 2025-2026; Zijie regional trajectory applied from 2025 onward,0.0,0.0,0.0,0.0,0.0,0.0,0.0,0.0,0.0,0.0,0.0,0.0,0.0,0.0,0.0,0.0,0.0,0.0,0.0,0.0,0.0,0.0,0.0,0.0,0.0,0.0,0.0,0.0,0.0,0.0,0.0,0.0
Faroe Islands,FO,FRO,EUW,Rest of World,Primary aluminium ingot production,kt,0.0,False,,,,,OMNIA INF_Data,"British Geological Survey, World Mineral Production 2020-24, Production of primary aluminium",BGS 2024 country value rebased to a synthetic Zijie 2024 regional value linearly back-extrapolated from Zijie 2025-2026; Zijie regional trajectory applied from 2025 onward,0.0,0.0,0.0,0.0,0.0,0.0,0.0,0.0,0.0,0.0,0.0,0.0,0.0,0.0,0.0,0.0,0.0,0.0,0.0,0.0,0.0,0.0,0.0,0.0,0.0,0.0,0.0,0.0,0.0,0.0,0.0,0.0
Andorra,AD,AND,EUW,Rest of World,Primary aluminium ingot production,kt,0.0,False,,,,,OMNIA INF_Data,"British Geological Survey, World Mineral Production 2020-24, Production of primary aluminium",BGS 2024 country value rebased to a synthetic Zijie 2024 regional value linearly back-extrapolated from Zijie 2025-2026; Zijie regional trajectory applied from 2025 onward,0.0,0.0,0.0,0.0,0.0,0.0,0.0,0.0,0.0,0.0,0.0,0.0,0.0,0.0,0.0,0.0,0.0,0.0,0.0,0.0,0.0,0.0,0.0,0.0,0.0,0.0,0.0,0.0,0.0,0.0,0.0,0.0
France,FR,FRA,EUM,Europe,Primary aluminium ingot production,kt,430.0,True,France,,,2.2975135571203604,OMNIA INF_Data,"British Geological Survey, World Mineral Production 2020-24, Production of primary aluminium",BGS 2024 country value rebased to a synthetic Zijie 2024 regional value linearly back-extrapolated from Zijie 2025-2026; Zijie regional trajectory applied from 2025 onward,430.0,417.0,438.9,388.59,356.7,429.2,441.1542330142073,453.10846602841457,403.81219610328594,378.87213356544333,343.1198381730659,302.08148220063737,255.49546727907386,206.042802820038,154.56863161499044,98.9043607606476,40.288020613347804,40.366869074378734,40.414757895267115,40.4036709586635,40.31847248163563,40.202029252948876,40.066753550113745,39.85930253070001,39.53889179426774,39.16883896271759,38.78378374608256,38.389175446413574,37.9693987089593,37.52772572126943,37.08868346239066,36.68349796705066
Monaco,MC,MCO,EUM,Rest of World,Primary aluminium ingot production,kt,0.0,False,,,,,OMNIA INF_Data,"British Geological Survey, World Mineral Production 2020-24, Production of primary aluminium",BGS 2024 country value rebased to a synthetic Zijie 2024 regional value linearly back-extrapolated from Zijie 2025-2026; Zijie regional trajectory applied from 2025 onward,0.0,0.0,0.0,0.0,0.0,0.0,0.0,0.0,0.0,0.0,0.0,0.0,0.0,0.0,0.0,0.0,0.0,0.0,0.0,0.0,0.0,0.0,0.0,0.0,0.0,0.0,0.0,0.0,0.0,0.0,0.0,0.0
Italy,IT,ITA,EUM,Europe,Primary aluminium ingot production,kt,0.0,False,,,,,OMNIA INF_Data,"British Geological Survey, World Mineral Production 2020-24, Production of primary aluminium",BGS 2024 country value rebased to a synthetic Zijie 2024 regional value linearly back-extrapolated from Zijie 2025-2026; Zijie regional trajectory applied from 2025 onward,0.0,0.0,0.0,0.0,0.0,0.0,0.0,0.0,0.0,0.0,0.0,0.0,0.0,0.0,0.0,0.0,0.0,0.0,0.0,0.0,0.0,0.0,0.0,0.0,0.0,0.0,0.0,0.0,0.0,0.0,0.0,0.0
San Marino,SM,SMR,EUM,Rest of World,Primary aluminium ingot production,kt,0.0,False,,,,,OMNIA INF_Data,"British Geological Survey, World Mineral Production 2020-24, Production of primary aluminium",BGS 2024 country value rebased to a synthetic Zijie 2024 regional value linearly back-extrapolated from Zijie 2025-2026; Zijie regional trajectory applied from 2025 onward,0.0,0.0,0.0,0.0,0.0,0.0,0.0,0.0,0.0,0.0,0.0,0.0,0.0,0.0,0.0,0.0,0.0,0.0,0.0,0.0,0.0,0.0,0.0,0.0,0.0,0.0,0.0,0.0,0.0,0.0,0.0,0.0
Spain,ES,ESP,EUM,Europe,Primary aluminium ingot production,kt,240.0,True,Spain,2020;2021,,0.0,OMNIA INF_Data,"British Geological Survey, World Mineral Production 2020-24, Production of primary aluminium",BGS 2024 country value rebased to a synthetic Zijie 2024 regional value linearly back-extrapolated from Zijie 2025-2026; Zijie regional trajectory applied from 2025 onward,240.0,200.0,190.0,0.0,0.0,0.0,0.0,0.0,0.0,0.0,0.0,0.0,0.0,0.0,0.0,0.0,0.0,0.0,0.0,0.0,0.0,0.0,0.0,0.0,0.0,0.0,0.0,0.0,0.0,0.0,0.0,0.0
Greece,GR,GRC,EUM,Europe,Primary aluminium ingot production,kt,180.0,True,Greece,,,2.327371478982078,OMNIA INF_Data,"British Geological Survey, World Mineral Production 2020-24, Production of primary aluminium",BGS 2024 country value rebased to a synthetic Zijie 2024 regional value linearly back-extrapolated from Zijie 2025-2026; Zijie regional trajectory applied from 2025 onward,180.0,189.036,183.77,186.448,182.875,182.0,187.06912956334045,192.13825912668094,171.2344354398836,160.65873324536508,145.4981606418872,128.09606188377447,108.3415075600919,87.3713655947039,65.54401433813668,41.93987338871823,17.083923000068268,17.117358274783154,17.137665277116998,17.132963920029724,17.096835954468045,17.04745881648811,16.990095867010023,16.902127354583882,16.766258868957898,16.609339914293106,16.44605927722979,16.278727705608738,16.100723590472025,15.913434485720027,15.727260927667988,15.555444151918035
Portugal,PT,PRT,EUM,Europe,Primary aluminium ingot production,kt,0.0,False,,,,,OMNIA INF_Data,"British Geological Survey, World Mineral Production 2020-24, Production of primary aluminium",BGS 2024 country value rebased to a synthetic Zijie 2024 regional value linearly back-extrapolated from Zijie 2025-2026; Zijie regional trajectory applied from 2025 onward,0.0,0.0,0.0,0.0,0.0,0.0,0.0,0.0,0.0,0.0,0.0,0.0,0.0,0.0,0.0,0.0,0.0,0.0,0.0,0.0,0.0,0.0,0.0,0.0,0.0,0.0,0.0,0.0,0.0,0.0,0.0,0.0
Cyprus,CY,CYP,EUM,Europe,Primary aluminium ingot production,kt,0.0,False,,,,,OMNIA INF_Data,"British Geological Survey, World Mineral Production 2020-24, Production of primary aluminium",BGS 2024 country value rebased to a synthetic Zijie 2024 regional value linearly back-extrapolated from Zijie 2025-2026; Zijie regional trajectory applied from 2025 onward,0.0,0.0,0.0,0.0,0.0,0.0,0.0,0.0,0.0,0.0,0.0,0.0,0.0,0.0,0.0,0.0,0.0,0.0,0.0,0.0,0.0,0.0,0.0,0.0,0.0,0.0,0.0,0.0,0.0,0.0,0.0,0.0
Malta,MT,MLT,EUM,Europe,Primary aluminium ingot production,kt,0.0,False,,,,,OMNIA INF_Data,"British Geological Survey, World Mineral Production 2020-24, Production of primary aluminium",BGS 2024 country value rebased to a synthetic Zijie 2024 regional value linearly back-extrapolated from Zijie 2025-2026; Zijie regional trajectory applied from 2025 onward,0.0,0.0,0.0,0.0,0.0,0.0,0.0,0.0,0.0,0.0,0.0,0.0,0.0,0.0,0.0,0.0,0.0,0.0,0.0,0.0,0.0,0.0,0.0,0.0,0.0,0.0,0.0,0.0,0.0,0.0,0.0,0.0
Iran (Islamic Republic of),IR,IRN,MEA,Middle East,Primary aluminium ingot production,kt,360.0,True,Iran,,Years ended 20 March following the stated year,1.7397166046515224,OMNIA INF_Data,"British Geological Survey, World Mineral Production 2020-24, Production of primary aluminium",BGS 2024 country value rebased to a synthetic Zijie 2024 regional value linearly back-extrapolated from Zijie 2025-2026; Zijie regional trajectory applied from 2025 onward,360.0,446.836,562.649,632.166,635.596,604.526,587.2763667349782,570.0267334699564,562.4501009568803,555.4824595572269,549.0061473066211,542.9586950267211,539.4044579083323,538.6547806747767,538.9917943409838,540.8930622217447,544.1008991637007,548.2422068258944,552.9967155300789,558.0719235449584,563.2208441635033,568.4909094414852,573.715281102554,578.4074761018552,582.6497983712648,586.4888194798415,589.7055387533499,592.4017676845763,594.6730413164931,596.3144508745979,597.0012029633605,597.0074832878373
Saudi Arabia,SA,SAU,MEA,Middle East,Primary aluminium ingot production,kt,790.0,True,Saudi Arabia,,,1.2930515787871055,OMNIA INF_Data,"British Geological Survey, World Mineral Production 2020-24, Production of primary aluminium",BGS 2024 country value rebased to a synthetic Zijie 2024 regional value linearly back-extrapolated from Zijie 2025-2026; Zijie regional trajectory applied from 2025 onward,790.0,796.004,998.0,952.0,895.0,986.0,957.8653318479082,929.7306636958164,917.37294929165,906.0085176211209,895.4454584986063,885.5818828244724,879.7848157029073,878.5620696964727,879.1117490731749,882.2127738933318,887.4448519590702,894.1994487091241,901.9541947123164,910.2320108900676,918.6300545306807,927.2256887368028,935.746795286089,943.3999057715124,950.319260369392,956.5808187027916,961.827384117148,966.2250142045044,969.9295294793976,972.6067175975121,973.7268308093837,973.737074206581
United Arab Emirates,AE,ARE,MEA,Middle East,Primary aluminium ingot production,kt,2600.0,True,United Arab Emirates,,,1.0718770128259003,OMNIA INF_Data,"British Geological Survey, World Mineral Production 2020-24, Production of primary aluminium",BGS 2024 country value rebased to a synthetic Zijie 2024 regional value linearly back-extrapolated from Zijie 2025-2026; Zijie regional trajectory applied from 2025 onward,2600.0,2520.0,2540.0,2650.0,2660.0,2690.0,2613.2431467250235,2536.4862934500466,2502.7720421851304,2471.767659635715,2442.9495774454876,2416.0398223101733,2400.2242943618867,2396.888405155691,2398.3880375322924,2406.8482370923557,2421.1223648781934,2439.550220109071,2460.7066772577396,2483.2901716980546,2506.20167006849,2529.652233977687,2552.899471926551,2573.7786475916514,2592.6559943140614,2609.738744736825,2624.052396830759,2636.049988042715,2646.156627078681,2653.4605175834763,2656.5164045408137,2656.5443505230255
Iraq,IQ,IRQ,MEA,Rest of World,Primary aluminium ingot production,kt,0.0,False,,,,,OMNIA INF_Data,"British Geological Survey, World Mineral Production 2020-24, Production of primary aluminium",BGS 2024 country value rebased to a synthetic Zijie 2024 regional value linearly back-extrapolated from Zijie 2025-2026; Zijie regional trajectory applied from 2025 onward,0.0,0.0,0.0,0.0,0.0,0.0,0.0,0.0,0.0,0.0,0.0,0.0,0.0,0.0,0.0,0.0,0.0,0.0,0.0,0.0,0.0,0.0,0.0,0.0,0.0,0.0,0.0,0.0,0.0,0.0,0.0,0.0
Qatar,QA,QAT,MEA,Middle East,Primary aluminium ingot production,kt,627.0,True,Qatar,,,1.1268934616026551,OMNIA INF_Data,"British Geological Survey, World Mineral Production 2020-24, Production of primary aluminium",BGS 2024 country value rebased to a synthetic Zijie 2024 regional value linearly back-extrapolated from Zijie 2025-2026; Zijie regional trajectory applied from 2025 onward,627.0,655.0,662.0,638.0,677.0,682.0,662.5397122923665,643.079424584733,634.5317965688695,626.6712059002074,619.3649114564396,612.5424382213896,608.5327021393334,607.6869488164243,608.0671530100459,610.2120809282478,613.8310233631703,618.5030669570209,623.8668973567949,629.5925268022578,635.4013156084425,641.3467745623727,647.2406839605605,652.5342147425674,657.3202186327844,661.6512356544664,665.2801987504006,668.3219672286734,670.884319579056,672.7360866141007,673.5108505192695,673.5179357088116
Kuwait,KW,KWT,MEA,Rest of World,Primary aluminium ingot production,kt,0.0,False,,,,,OMNIA INF_Data,"British Geological Survey, World Mineral Production 2020-24, Production of primary aluminium",BGS 2024 country value rebased to a synthetic Zijie 2024 regional value linearly back-extrapolated from Zijie 2025-2026; Zijie regional trajectory applied from 2025 onward,0.0,0.0,0.0,0.0,0.0,0.0,0.0,0.0,0.0,0.0,0.0,0.0,0.0,0.0,0.0,0.0,0.0,0.0,0.0,0.0,0.0,0.0,0.0,0.0,0.0,0.0,0.0,0.0,0.0,0.0,0.0,0.0
Oman,OM,OMN,MEA,Middle East,Primary aluminium ingot production,kt,391.0,True,Oman,,,1.057212193599092,OMNIA INF_Data,"British Geological Survey, World Mineral Production 2020-24, Production of primary aluminium",BGS 2024 country value rebased to a synthetic Zijie 2024 regional value linearly back-extrapolated from Zijie 2025-2026; Zijie regional trajectory applied from 2025 onward,391.0,397.0,395.0,395.0,398.0,399.0,387.61487566664846,376.2297513332969,371.2290129486495,366.630221633699,362.3557179928437,358.36427104154615,356.01839905219066,355.5235961550635,355.74603233285677,357.00090951667283,359.11815003211865,361.8515010496354,364.98957777912193,368.3393228652505,371.7377198354377,375.21607485393946,378.6642711147561,381.7612194754903,384.56124227929763,387.0950777509268,389.21818079385605,390.99774915577814,392.4968379941984,393.58020316572754,394.03347413077495,394.0376192783224
Bahrain,BH,BHR,MEA,Middle East,Primary aluminium ingot production,kt,1365.0,True,Bahrain,,,1.2310741829021847,OMNIA INF_Data,"British Geological Survey, World Mineral Production 2020-24, Production of primary aluminium",BGS 2024 country value rebased to a synthetic Zijie 2024 regional value linearly back-extrapolated from Zijie 2025-2026; Zijie regional trajectory applied from 2025 onward,1365.0,1548.0,1561.222,1600.111,1620.665,1622.0,1575.717614865423,1529.435229730846,1509.1064135406252,1490.4115776688216,1473.035024021034,1456.8091419282903,1447.272790131963,1445.261335748153,1446.1655750473526,1451.2668552281789,1459.8737828373344,1470.9853000062872,1483.7420931271574,1497.359352600091,1511.1743899074686,1525.314469706992,1539.3319492434446,1551.9215488452262,1563.3040976867687,1573.6045516591562,1582.2353113975803,1589.469546693414,1595.5635870340598,1599.967642944386,1601.8102632584385,1601.8271139584933
Yemen,YE,YEM,MEA,Rest of World,Primary aluminium ingot production,kt,0.0,False,,,,,OMNIA INF_Data,"British Geological Survey, World Mineral Production 2020-24, Production of primary aluminium",BGS 2024 country value rebased to a synthetic Zijie 2024 regional value linearly back-extrapolated from Zijie 2025-2026; Zijie regional trajectory applied from 2025 onward,0.0,0.0,0.0,0.0,0.0,0.0,0.0,0.0,0.0,0.0,0.0,0.0,0.0,0.0,0.0,0.0,0.0,0.0,0.0,0.0,0.0,0.0,0.0,0.0,0.0,0.0,0.0,0.0,0.0,0.0,0.0,0.0
Turkey,TR,TUR,MDA,Europe,Primary aluminium ingot production,kt,80.0,True,Turkey,2023;2024,,2.3593408674296343,OMNIA INF_Data,"British Geological Survey, World Mineral Production 2020-24, Production of primary aluminium",BGS 2024 country value rebased to a synthetic Zijie 2024 regional value linearly back-extrapolated from Zijie 2025-2026; Zijie regional trajectory applied from 2025 onward,80.0,79.9,79.2,82.0,82.0,82.0,84.28389353952703,86.56778707905404,77.14958080258492,72.38470398966997,65.55411633315798,57.713610299283005,48.81320670289855,39.36512076244901,29.53081964685279,18.895986911400524,7.6971521209098785,7.712216365561641,7.72136567430546,7.719247480452952,7.702970045419669,7.680723203033104,7.654878357663857,7.615244192724607,7.554028721178833,7.483328972373816,7.4097629710595765,7.334371823406135,7.254172167135747,7.169789163895836,7.085908769608654,7.008496815699335
Israel,IL,ISR,MDA,Rest of World,Primary aluminium ingot production,kt,0.0,False,,,,,OMNIA INF_Data,"British Geological Survey, World Mineral Production 2020-24, Production of primary aluminium",BGS 2024 country value rebased to a synthetic Zijie 2024 regional value linearly back-extrapolated from Zijie 2025-2026; Zijie regional trajectory applied from 2025 onward,0.0,0.0,0.0,0.0,0.0,0.0,0.0,0.0,0.0,0.0,0.0,0.0,0.0,0.0,0.0,0.0,0.0,0.0,0.0,0.0,0.0,0.0,0.0,0.0,0.0,0.0,0.0,0.0,0.0,0.0,0.0,0.0
Syrian Arab Republic,SY,SYR,MDA,Rest of World,Primary aluminium ingot production,kt,0.0,False,,,,,OMNIA INF_Data,"British Geological Survey, World Mineral Production 2020-24, Production of primary aluminium",BGS 2024 country value rebased to a synthetic Zijie 2024 regional value linearly back-extrapolated from Zijie 2025-2026; Zijie regional trajectory applied from 2025 onward,0.0,0.0,0.0,0.0,0.0,0.0,0.0,0.0,0.0,0.0,0.0,0.0,0.0,0.0,0.0,0.0,0.0,0.0,0.0,0.0,0.0,0.0,0.0,0.0,0.0,0.0,0.0,0.0,0.0,0.0,0.0,0.0
Jordan,JO,JOR,MDA,Rest of World,Primary aluminium ingot production,kt,0.0,False,,,,,OMNIA INF_Data,"British Geological Survey, World Mineral Production 2020-24, Production of primary aluminium",BGS 2024 country value rebased to a synthetic Zijie 2024 regional value linearly back-extrapolated from Zijie 2025-2026; Zijie regional trajectory applied from 2025 onward,0.0,0.0,0.0,0.0,0.0,0.0,0.0,0.0,0.0,0.0,0.0,0.0,0.0,0.0,0.0,0.0,0.0,0.0,0.0,0.0,0.0,0.0,0.0,0.0,0.0,0.0,0.0,0.0,0.0,0.0,0.0,0.0
Lebanon,LB,LBN,MDA,Rest of World,Primary aluminium ingot production,kt,0.0,False,,,,,OMNIA INF_Data,"British Geological Survey, World Mineral Production 2020-24, Production of primary aluminium",BGS 2024 country value rebased to a synthetic Zijie 2024 regional value linearly back-extrapolated from Zijie 2025-2026; Zijie regional trajectory applied from 2025 onward,0.0,0.0,0.0,0.0,0.0,0.0,0.0,0.0,0.0,0.0,0.0,0.0,0.0,0.0,0.0,0.0,0.0,0.0,0.0,0.0,0.0,0.0,0.0,0.0,0.0,0.0,0.0,0.0,0.0,0.0,0.0,0.0
State of Palestine,PS,PSE,MDA,Rest of World,Primary aluminium ingot production,kt,0.0,False,,,,,OMNIA INF_Data,"British Geological Survey, World Mineral Production 2020-24, Production of primary aluminium",BGS 2024 country value rebased to a synthetic Zijie 2024 regional value linearly back-extrapolated from Zijie 2025-2026; Zijie regional trajectory applied from 2025 onward,0.0,0.0,0.0,0.0,0.0,0.0,0.0,0.0,0.0,0.0,0.0,0.0,0.0,0.0,0.0,0.0,0.0,0.0,0.0,0.0,0.0,0.0,0.0,0.0,0.0,0.0,0.0,0.0,0.0,0.0,0.0,0.0
