Country,ISO2,ISO3,OMNIARegion,ZijieRegion,Metric,Unit,Scrap2019_kt,ShareWeight,RegionShare,AllocationMethod,Trend2019_2024Slope_kt_per_year,Trend2025Unclipped_kt,AlignmentFactor_vs_old_2025,BoundaryAlignmentMethod,2019,2020,2021,2022,2023,2024,2025,2026,2027,2028,2029,2030,2031,2032,2033,2034,2035,2036,2037,2038,2039,2040,2041,2042,2043,2044,2045,2046,2047,2048,2049,2050
Ethiopia,ET,ETH,AFE,Rest of World,Aluminium scrap,kt,0.0,0.0,0.0,No secondary producer share; assigned zero,0.0,0.0,,Existing values retained through 2024; 2025 extrapolated using a country-level OLS linear trend fitted over 2019-2024 and floored at zero; Zijie regional growth indexed to 2025 thereafter,0.0,0.0,0.0,0.0,0.0,0.0,0.0,0.0,0.0,0.0,0.0,0.0,0.0,0.0,0.0,0.0,0.0,0.0,0.0,0.0,0.0,0.0,0.0,0.0,0.0,0.0,0.0,0.0,0.0,0.0,0.0,0.0
Kenya,KE,KEN,AFE,Rest of World,Aluminium scrap,kt,0.0,0.0,0.0,No secondary producer share; assigned zero,0.0,0.0,,Existing values retained through 2024; 2025 extrapolated using a country-level OLS linear trend fitted over 2019-2024 and floored at zero; Zijie regional growth indexed to 2025 thereafter,0.0,0.0,0.0,0.0,0.0,0.0,0.0,0.0,0.0,0.0,0.0,0.0,0.0,0.0,0.0,0.0,0.0,0.0,0.0,0.0,0.0,0.0,0.0,0.0,0.0,0.0,0.0,0.0,0.0,0.0,0.0,0.0
Sudan,SD,SDN,AFE,Rest of World,Aluminium scrap,kt,0.0,0.0,0.0,No secondary producer share; assigned zero,0.0,0.0,,Existing values retained through 2024; 2025 extrapolated using a country-level OLS linear trend fitted over 2019-2024 and floored at zero; Zijie regional growth indexed to 2025 thereafter,0.0,0.0,0.0,0.0,0.0,0.0,0.0,0.0,0.0,0.0,0.0,0.0,0.0,0.0,0.0,0.0,0.0,0.0,0.0,0.0,0.0,0.0,0.0,0.0,0.0,0.0,0.0,0.0,0.0,0.0,0.0,0.0
Mauritius,MU,MUS,AFE,Rest of World,Aluminium scrap,kt,0.0,0.0,0.0,No secondary producer share; assigned zero,0.0,0.0,,Existing values retained through 2024; 2025 extrapolated using a country-level OLS linear trend fitted over 2019-2024 and floored at zero; Zijie regional growth indexed to 2025 thereafter,0.0,0.0,0.0,0.0,0.0,0.0,0.0,0.0,0.0,0.0,0.0,0.0,0.0,0.0,0.0,0.0,0.0,0.0,0.0,0.0,0.0,0.0,0.0,0.0,0.0,0.0,0.0,0.0,0.0,0.0,0.0,0.0
Eritrea,ER,ERI,AFE,Rest of World,Aluminium scrap,kt,0.0,0.0,0.0,No secondary producer share; assigned zero,0.0,0.0,,Existing values retained through 2024; 2025 extrapolated using a country-level OLS linear trend fitted over 2019-2024 and floored at zero; Zijie regional growth indexed to 2025 thereafter,0.0,0.0,0.0,0.0,0.0,0.0,0.0,0.0,0.0,0.0,0.0,0.0,0.0,0.0,0.0,0.0,0.0,0.0,0.0,0.0,0.0,0.0,0.0,0.0,0.0,0.0,0.0,0.0,0.0,0.0,0.0,0.0
South Sudan,SS,SSD,AFE,Rest of World,Aluminium scrap,kt,0.0,0.0,0.0,No secondary producer share; assigned zero,0.0,0.0,,Existing values retained through 2024; 2025 extrapolated using a country-level OLS linear trend fitted over 2019-2024 and floored at zero; Zijie regional growth indexed to 2025 thereafter,0.0,0.0,0.0,0.0,0.0,0.0,0.0,0.0,0.0,0.0,0.0,0.0,0.0,0.0,0.0,0.0,0.0,0.0,0.0,0.0,0.0,0.0,0.0,0.0,0.0,0.0,0.0,0.0,0.0,0.0,0.0,0.0
Burundi,BI,BDI,AFE,Rest of World,Aluminium scrap,kt,0.0,0.0,0.0,No secondary producer share; assigned zero,0.0,0.0,,Existing values retained through 2024; 2025 extrapolated using a country-level OLS linear trend fitted over 2019-2024 and floored at zero; Zijie regional growth indexed to 2025 thereafter,0.0,0.0,0.0,0.0,0.0,0.0,0.0,0.0,0.0,0.0,0.0,0.0,0.0,0.0,0.0,0.0,0.0,0.0,0.0,0.0,0.0,0.0,0.0,0.0,0.0,0.0,0.0,0.0,0.0,0.0,0.0,0.0
Comoros,KM,COM,AFE,Rest of World,Aluminium scrap,kt,0.0,0.0,0.0,No secondary producer share; assigned zero,0.0,0.0,,Existing values retained through 2024; 2025 extrapolated using a country-level OLS linear trend fitted over 2019-2024 and floored at zero; Zijie regional growth indexed to 2025 thereafter,0.0,0.0,0.0,0.0,0.0,0.0,0.0,0.0,0.0,0.0,0.0,0.0,0.0,0.0,0.0,0.0,0.0,0.0,0.0,0.0,0.0,0.0,0.0,0.0,0.0,0.0,0.0,0.0,0.0,0.0,0.0,0.0
Djibouti,DJ,DJI,AFE,Rest of World,Aluminium scrap,kt,0.0,0.0,0.0,No secondary producer share; assigned zero,0.0,0.0,,Existing values retained through 2024; 2025 extrapolated using a country-level OLS linear trend fitted over 2019-2024 and floored at zero; Zijie regional growth indexed to 2025 thereafter,0.0,0.0,0.0,0.0,0.0,0.0,0.0,0.0,0.0,0.0,0.0,0.0,0.0,0.0,0.0,0.0,0.0,0.0,0.0,0.0,0.0,0.0,0.0,0.0,0.0,0.0,0.0,0.0,0.0,0.0,0.0,0.0
Madagascar,MG,MDG,AFE,Rest of World,Aluminium scrap,kt,0.0,0.0,0.0,No secondary producer share; assigned zero,0.0,0.0,,Existing values retained through 2024; 2025 extrapolated using a country-level OLS linear trend fitted over 2019-2024 and floored at zero; Zijie regional growth indexed to 2025 thereafter,0.0,0.0,0.0,0.0,0.0,0.0,0.0,0.0,0.0,0.0,0.0,0.0,0.0,0.0,0.0,0.0,0.0,0.0,0.0,0.0,0.0,0.0,0.0,0.0,0.0,0.0,0.0,0.0,0.0,0.0,0.0,0.0
Reunion,RE,REU,AFE,Rest of World,Aluminium scrap,kt,0.0,0.0,0.0,No secondary producer share; assigned zero,0.0,0.0,,Existing values retained through 2024; 2025 extrapolated using a country-level OLS linear trend fitted over 2019-2024 and floored at zero; Zijie regional growth indexed to 2025 thereafter,0.0,0.0,0.0,0.0,0.0,0.0,0.0,0.0,0.0,0.0,0.0,0.0,0.0,0.0,0.0,0.0,0.0,0.0,0.0,0.0,0.0,0.0,0.0,0.0,0.0,0.0,0.0,0.0,0.0,0.0,0.0,0.0
Rwanda,RW,RWA,AFE,Rest of World,Aluminium scrap,kt,0.0,0.0,0.0,No secondary producer share; assigned zero,0.0,0.0,,Existing values retained through 2024; 2025 extrapolated using a country-level OLS linear trend fitted over 2019-2024 and floored at zero; Zijie regional growth indexed to 2025 thereafter,0.0,0.0,0.0,0.0,0.0,0.0,0.0,0.0,0.0,0.0,0.0,0.0,0.0,0.0,0.0,0.0,0.0,0.0,0.0,0.0,0.0,0.0,0.0,0.0,0.0,0.0,0.0,0.0,0.0,0.0,0.0,0.0
Somalia,SO,SOM,AFE,Rest of World,Aluminium scrap,kt,0.0,0.0,0.0,No secondary producer share; assigned zero,0.0,0.0,,Existing values retained through 2024; 2025 extrapolated using a country-level OLS linear trend fitted over 2019-2024 and floored at zero; Zijie regional growth indexed to 2025 thereafter,0.0,0.0,0.0,0.0,0.0,0.0,0.0,0.0,0.0,0.0,0.0,0.0,0.0,0.0,0.0,0.0,0.0,0.0,0.0,0.0,0.0,0.0,0.0,0.0,0.0,0.0,0.0,0.0,0.0,0.0,0.0,0.0
Uganda,UG,UGA,AFE,Rest of World,Aluminium scrap,kt,0.0,0.0,0.0,No secondary producer share; assigned zero,0.0,0.0,,Existing values retained through 2024; 2025 extrapolated using a country-level OLS linear trend fitted over 2019-2024 and floored at zero; Zijie regional growth indexed to 2025 thereafter,0.0,0.0,0.0,0.0,0.0,0.0,0.0,0.0,0.0,0.0,0.0,0.0,0.0,0.0,0.0,0.0,0.0,0.0,0.0,0.0,0.0,0.0,0.0,0.0,0.0,0.0,0.0,0.0,0.0,0.0,0.0,0.0
Seychelles,SC,SYC,AFE,Rest of World,Aluminium scrap,kt,0.0,0.0,0.0,No secondary producer share; assigned zero,0.0,0.0,,Existing values retained through 2024; 2025 extrapolated using a country-level OLS linear trend fitted over 2019-2024 and floored at zero; Zijie regional growth indexed to 2025 thereafter,0.0,0.0,0.0,0.0,0.0,0.0,0.0,0.0,0.0,0.0,0.0,0.0,0.0,0.0,0.0,0.0,0.0,0.0,0.0,0.0,0.0,0.0,0.0,0.0,0.0,0.0,0.0,0.0,0.0,0.0,0.0,0.0
United Republic of Tanzania,TZ,TZA,AFE,Other main producer,Aluminium scrap,kt,0.0,0.0,0.0,No secondary producer share; assigned zero,0.0,0.0,,Existing values retained through 2024; 2025 extrapolated using a country-level OLS linear trend fitted over 2019-2024 and floored at zero; Zijie regional growth indexed to 2025 thereafter,0.0,0.0,0.0,0.0,0.0,0.0,0.0,0.0,0.0,0.0,0.0,0.0,0.0,0.0,0.0,0.0,0.0,0.0,0.0,0.0,0.0,0.0,0.0,0.0,0.0,0.0,0.0,0.0,0.0,0.0,0.0,0.0
Egypt,EG,EGY,AFN,Other main producer,Aluminium scrap,kt,79.15172672395454,300.0,0.0431344356578001,Secondary-share fallback from primary producer shares; no explicit 2019 secondary producer map for region,3.036069281629999,97.36814241373452,0.905909447349059,Existing values retained through 2024; 2025 extrapolated using a country-level OLS linear trend fitted over 2019-2024 and floored at zero; Zijie regional growth indexed to 2025 thereafter,79.15172672395454,82.18779600558454,85.22386528721454,88.25993456884454,91.29600385047452,94.33207313210454,97.36814241373452,98.51755192170516,99.63882538039888,100.4676150358929,101.21713170739093,101.95873930860519,102.7817209216623,103.77983033579707,104.97832053885027,106.38361420522222,107.97167013334884,109.6780397445242,111.44353383516479,113.25296274861397,115.10403990879455,117.00389630358482,118.96549357799387,120.96844785954295,123.00773943510566,125.09246345362466,127.21426135015135,129.36239162870731,131.50667922996658,133.6351896904637,135.76080082714896,137.93074661566254
Algeria,DZ,DZA,AFN,Rest of World,Aluminium scrap,kt,0.0,0.0,0.0,No secondary producer share; assigned zero,0.0,0.0,,Existing values retained through 2024; 2025 extrapolated using a country-level OLS linear trend fitted over 2019-2024 and floored at zero; Zijie regional growth indexed to 2025 thereafter,0.0,0.0,0.0,0.0,0.0,0.0,0.0,0.0,0.0,0.0,0.0,0.0,0.0,0.0,0.0,0.0,0.0,0.0,0.0,0.0,0.0,0.0,0.0,0.0,0.0,0.0,0.0,0.0,0.0,0.0,0.0,0.0
Morocco,MA,MAR,AFN,Rest of World,Aluminium scrap,kt,0.0,0.0,0.0,No secondary producer share; assigned zero,0.0,0.0,,Existing values retained through 2024; 2025 extrapolated using a country-level OLS linear trend fitted over 2019-2024 and floored at zero; Zijie regional growth indexed to 2025 thereafter,0.0,0.0,0.0,0.0,0.0,0.0,0.0,0.0,0.0,0.0,0.0,0.0,0.0,0.0,0.0,0.0,0.0,0.0,0.0,0.0,0.0,0.0,0.0,0.0,0.0,0.0,0.0,0.0,0.0,0.0,0.0,0.0
Libya,LY,LBY,AFN,Rest of World,Aluminium scrap,kt,0.0,0.0,0.0,No secondary producer share; assigned zero,0.0,0.0,,Existing values retained through 2024; 2025 extrapolated using a country-level OLS linear trend fitted over 2019-2024 and floored at zero; Zijie regional growth indexed to 2025 thereafter,0.0,0.0,0.0,0.0,0.0,0.0,0.0,0.0,0.0,0.0,0.0,0.0,0.0,0.0,0.0,0.0,0.0,0.0,0.0,0.0,0.0,0.0,0.0,0.0,0.0,0.0,0.0,0.0,0.0,0.0,0.0,0.0
Tunisia,TN,TUN,AFN,Rest of World,Aluminium scrap,kt,0.0,0.0,0.0,No secondary producer share; assigned zero,0.0,0.0,,Existing values retained through 2024; 2025 extrapolated using a country-level OLS linear trend fitted over 2019-2024 and floored at zero; Zijie regional growth indexed to 2025 thereafter,0.0,0.0,0.0,0.0,0.0,0.0,0.0,0.0,0.0,0.0,0.0,0.0,0.0,0.0,0.0,0.0,0.0,0.0,0.0,0.0,0.0,0.0,0.0,0.0,0.0,0.0,0.0,0.0,0.0,0.0,0.0,0.0
Democratic Republic of the Congo,CD,COD,AFW,Rest of World,Aluminium scrap,kt,0.0,0.0,0.0,No secondary producer share; assigned zero,0.0,0.0,,Existing values retained through 2024; 2025 extrapolated using a country-level OLS linear trend fitted over 2019-2024 and floored at zero; Zijie regional growth indexed to 2025 thereafter,0.0,0.0,0.0,0.0,0.0,0.0,0.0,0.0,0.0,0.0,0.0,0.0,0.0,0.0,0.0,0.0,0.0,0.0,0.0,0.0,0.0,0.0,0.0,0.0,0.0,0.0,0.0,0.0,0.0,0.0,0.0,0.0
Cote d'Ivoire,CI,CIV,AFW,Rest of World,Aluminium scrap,kt,0.0,0.0,0.0,No secondary producer share; assigned zero,0.0,0.0,,Existing values retained through 2024; 2025 extrapolated using a country-level OLS linear trend fitted over 2019-2024 and floored at zero; Zijie regional growth indexed to 2025 thereafter,0.0,0.0,0.0,0.0,0.0,0.0,0.0,0.0,0.0,0.0,0.0,0.0,0.0,0.0,0.0,0.0,0.0,0.0,0.0,0.0,0.0,0.0,0.0,0.0,0.0,0.0,0.0,0.0,0.0,0.0,0.0,0.0
Ghana,GH,GHA,AFW,Rest of World,Aluminium scrap,kt,19.251045502686203,42.0,0.0551181102362204,Secondary-share fallback from primary producer shares; no explicit 2019 secondary producer map for region,12.926184976709264,96.80815536294179,0.9619373166700167,Existing values retained through 2024; 2025 extrapolated using a country-level OLS linear trend fitted over 2019-2024 and floored at zero; Zijie regional growth indexed to 2025 thereafter,19.251045502686203,32.17723047939547,45.103415456104734,58.029600432814,70.95578540952326,83.88197038623252,96.80815536294179,108.92519695562606,120.69852616878818,132.23735501380582,143.74707942339646,155.29427565798227,166.86504953829868,178.36347933869263,189.63998810737186,200.5387074026905,210.9665715498945,220.97319340123155,230.7556845612674,240.6506462400039,251.08853355312073,262.4489259408116,274.9599577828955,288.7568438166299,303.8641231349552,320.12974625452614,337.32673329480355,355.25860593190043,373.71423128539595,392.5373930895145,411.63778130050457,430.8916916907393
Cameroon,CM,CMR,AFW,Other main producer,Aluminium scrap,kt,18.46873623558939,70.0,0.0100647016534867,Secondary-share fallback from primary producer shares; no explicit 2019 secondary producer map for region,0.7084161657136682,22.719233229871396,0.9059094473490594,Existing values retained through 2024; 2025 extrapolated using a country-level OLS linear trend fitted over 2019-2024 and floored at zero; Zijie regional growth indexed to 2025 thereafter,18.46873623558939,19.177152401303054,19.88556856701673,20.59398473273039,21.30240089844406,22.010817064157727,22.719233229871396,22.987428781731214,23.249059255426413,23.44244350837502,23.61733073172456,23.790372505341217,23.982401548387877,24.215293745019324,24.49494145906507,24.82284331455186,25.193389697781406,25.591542607055654,26.003491228205128,26.425691308009938,26.857609312052073,27.300909137503137,27.758615168198578,28.225971167226696,28.701805868191332,29.18824147251243,29.683327648368657,30.18455804669839,30.684891820325543,31.181544261108208,31.677520193001435,32.183840876987944
Gabon,GA,GAB,AFW,Rest of World,Aluminium scrap,kt,0.0,0.0,0.0,No secondary producer share; assigned zero,0.0,0.0,,Existing values retained through 2024; 2025 extrapolated using a country-level OLS linear trend fitted over 2019-2024 and floored at zero; Zijie regional growth indexed to 2025 thereafter,0.0,0.0,0.0,0.0,0.0,0.0,0.0,0.0,0.0,0.0,0.0,0.0,0.0,0.0,0.0,0.0,0.0,0.0,0.0,0.0,0.0,0.0,0.0,0.0,0.0,0.0,0.0,0.0,0.0,0.0,0.0,0.0
Benin,BJ,BEN,AFW,Rest of World,Aluminium scrap,kt,0.0,0.0,0.0,No secondary producer share; assigned zero,0.0,0.0,,Existing values retained through 2024; 2025 extrapolated using a country-level OLS linear trend fitted over 2019-2024 and floored at zero; Zijie regional growth indexed to 2025 thereafter,0.0,0.0,0.0,0.0,0.0,0.0,0.0,0.0,0.0,0.0,0.0,0.0,0.0,0.0,0.0,0.0,0.0,0.0,0.0,0.0,0.0,0.0,0.0,0.0,0.0,0.0,0.0,0.0,0.0,0.0,0.0,0.0
Senegal,SN,SEN,AFW,Rest of World,Aluminium scrap,kt,0.0,0.0,0.0,No secondary producer share; assigned zero,0.0,0.0,,Existing values retained through 2024; 2025 extrapolated using a country-level OLS linear trend fitted over 2019-2024 and floored at zero; Zijie regional growth indexed to 2025 thereafter,0.0,0.0,0.0,0.0,0.0,0.0,0.0,0.0,0.0,0.0,0.0,0.0,0.0,0.0,0.0,0.0,0.0,0.0,0.0,0.0,0.0,0.0,0.0,0.0,0.0,0.0,0.0,0.0,0.0,0.0,0.0,0.0
Togo,TG,TGO,AFW,Rest of World,Aluminium scrap,kt,0.0,0.0,0.0,No secondary producer share; assigned zero,0.0,0.0,,Existing values retained through 2024; 2025 extrapolated using a country-level OLS linear trend fitted over 2019-2024 and floored at zero; Zijie regional growth indexed to 2025 thereafter,0.0,0.0,0.0,0.0,0.0,0.0,0.0,0.0,0.0,0.0,0.0,0.0,0.0,0.0,0.0,0.0,0.0,0.0,0.0,0.0,0.0,0.0,0.0,0.0,0.0,0.0,0.0,0.0,0.0,0.0,0.0,0.0
Niger,NE,NER,AFW,Rest of World,Aluminium scrap,kt,0.0,0.0,0.0,No secondary producer share; assigned zero,0.0,0.0,,Existing values retained through 2024; 2025 extrapolated using a country-level OLS linear trend fitted over 2019-2024 and floored at zero; Zijie regional growth indexed to 2025 thereafter,0.0,0.0,0.0,0.0,0.0,0.0,0.0,0.0,0.0,0.0,0.0,0.0,0.0,0.0,0.0,0.0,0.0,0.0,0.0,0.0,0.0,0.0,0.0,0.0,0.0,0.0,0.0,0.0,0.0,0.0,0.0,0.0
Congo,CG,COG,AFW,Rest of World,Aluminium scrap,kt,0.0,0.0,0.0,No secondary producer share; assigned zero,0.0,0.0,,Existing values retained through 2024; 2025 extrapolated using a country-level OLS linear trend fitted over 2019-2024 and floored at zero; Zijie regional growth indexed to 2025 thereafter,0.0,0.0,0.0,0.0,0.0,0.0,0.0,0.0,0.0,0.0,0.0,0.0,0.0,0.0,0.0,0.0,0.0,0.0,0.0,0.0,0.0,0.0,0.0,0.0,0.0,0.0,0.0,0.0,0.0,0.0,0.0,0.0
Burkina Faso,BF,BFA,AFW,Rest of World,Aluminium scrap,kt,0.0,0.0,0.0,No secondary producer share; assigned zero,0.0,0.0,,Existing values retained through 2024; 2025 extrapolated using a country-level OLS linear trend fitted over 2019-2024 and floored at zero; Zijie regional growth indexed to 2025 thereafter,0.0,0.0,0.0,0.0,0.0,0.0,0.0,0.0,0.0,0.0,0.0,0.0,0.0,0.0,0.0,0.0,0.0,0.0,0.0,0.0,0.0,0.0,0.0,0.0,0.0,0.0,0.0,0.0,0.0,0.0,0.0,0.0
Cabo Verde,CV,CPV,AFW,Rest of World,Aluminium scrap,kt,0.0,0.0,0.0,No secondary producer share; assigned zero,0.0,0.0,,Existing values retained through 2024; 2025 extrapolated using a country-level OLS linear trend fitted over 2019-2024 and floored at zero; Zijie regional growth indexed to 2025 thereafter,0.0,0.0,0.0,0.0,0.0,0.0,0.0,0.0,0.0,0.0,0.0,0.0,0.0,0.0,0.0,0.0,0.0,0.0,0.0,0.0,0.0,0.0,0.0,0.0,0.0,0.0,0.0,0.0,0.0,0.0,0.0,0.0
Central African Republic,CF,CAF,AFW,Rest of World,Aluminium scrap,kt,0.0,0.0,0.0,No secondary producer share; assigned zero,0.0,0.0,,Existing values retained through 2024; 2025 extrapolated using a country-level OLS linear trend fitted over 2019-2024 and floored at zero; Zijie regional growth indexed to 2025 thereafter,0.0,0.0,0.0,0.0,0.0,0.0,0.0,0.0,0.0,0.0,0.0,0.0,0.0,0.0,0.0,0.0,0.0,0.0,0.0,0.0,0.0,0.0,0.0,0.0,0.0,0.0,0.0,0.0,0.0,0.0,0.0,0.0
Chad,TD,TCD,AFW,Rest of World,Aluminium scrap,kt,0.0,0.0,0.0,No secondary producer share; assigned zero,0.0,0.0,,Existing values retained through 2024; 2025 extrapolated using a country-level OLS linear trend fitted over 2019-2024 and floored at zero; Zijie regional growth indexed to 2025 thereafter,0.0,0.0,0.0,0.0,0.0,0.0,0.0,0.0,0.0,0.0,0.0,0.0,0.0,0.0,0.0,0.0,0.0,0.0,0.0,0.0,0.0,0.0,0.0,0.0,0.0,0.0,0.0,0.0,0.0,0.0,0.0,0.0
Equatorial Guinea,GQ,GNQ,AFW,Rest of World,Aluminium scrap,kt,0.0,0.0,0.0,No secondary producer share; assigned zero,0.0,0.0,,Existing values retained through 2024; 2025 extrapolated using a country-level OLS linear trend fitted over 2019-2024 and floored at zero; Zijie regional growth indexed to 2025 thereafter,0.0,0.0,0.0,0.0,0.0,0.0,0.0,0.0,0.0,0.0,0.0,0.0,0.0,0.0,0.0,0.0,0.0,0.0,0.0,0.0,0.0,0.0,0.0,0.0,0.0,0.0,0.0,0.0,0.0,0.0,0.0,0.0
Gambia,GM,GMB,AFW,Rest of World,Aluminium scrap,kt,0.0,0.0,0.0,No secondary producer share; assigned zero,0.0,0.0,,Existing values retained through 2024; 2025 extrapolated using a country-level OLS linear trend fitted over 2019-2024 and floored at zero; Zijie regional growth indexed to 2025 thereafter,0.0,0.0,0.0,0.0,0.0,0.0,0.0,0.0,0.0,0.0,0.0,0.0,0.0,0.0,0.0,0.0,0.0,0.0,0.0,0.0,0.0,0.0,0.0,0.0,0.0,0.0,0.0,0.0,0.0,0.0,0.0,0.0
Guinea,GN,GIN,AFW,Other main producer,Aluminium scrap,kt,0.0,0.0,0.0,No secondary producer share; assigned zero,0.0,0.0,,Existing values retained through 2024; 2025 extrapolated using a country-level OLS linear trend fitted over 2019-2024 and floored at zero; Zijie regional growth indexed to 2025 thereafter,0.0,0.0,0.0,0.0,0.0,0.0,0.0,0.0,0.0,0.0,0.0,0.0,0.0,0.0,0.0,0.0,0.0,0.0,0.0,0.0,0.0,0.0,0.0,0.0,0.0,0.0,0.0,0.0,0.0,0.0,0.0,0.0
Guinea-Bissau,GW,GNB,AFW,Rest of World,Aluminium scrap,kt,0.0,0.0,0.0,No secondary producer share; assigned zero,0.0,0.0,,Existing values retained through 2024; 2025 extrapolated using a country-level OLS linear trend fitted over 2019-2024 and floored at zero; Zijie regional growth indexed to 2025 thereafter,0.0,0.0,0.0,0.0,0.0,0.0,0.0,0.0,0.0,0.0,0.0,0.0,0.0,0.0,0.0,0.0,0.0,0.0,0.0,0.0,0.0,0.0,0.0,0.0,0.0,0.0,0.0,0.0,0.0,0.0,0.0,0.0
Liberia,LR,LBR,AFW,Rest of World,Aluminium scrap,kt,0.0,0.0,0.0,No secondary producer share; assigned zero,0.0,0.0,,Existing values retained through 2024; 2025 extrapolated using a country-level OLS linear trend fitted over 2019-2024 and floored at zero; Zijie regional growth indexed to 2025 thereafter,0.0,0.0,0.0,0.0,0.0,0.0,0.0,0.0,0.0,0.0,0.0,0.0,0.0,0.0,0.0,0.0,0.0,0.0,0.0,0.0,0.0,0.0,0.0,0.0,0.0,0.0,0.0,0.0,0.0,0.0,0.0,0.0
Malawi,MW,MWI,AFW,Rest of World,Aluminium scrap,kt,0.0,0.0,0.0,No secondary producer share; assigned zero,0.0,0.0,,Existing values retained through 2024; 2025 extrapolated using a country-level OLS linear trend fitted over 2019-2024 and floored at zero; Zijie regional growth indexed to 2025 thereafter,0.0,0.0,0.0,0.0,0.0,0.0,0.0,0.0,0.0,0.0,0.0,0.0,0.0,0.0,0.0,0.0,0.0,0.0,0.0,0.0,0.0,0.0,0.0,0.0,0.0,0.0,0.0,0.0,0.0,0.0,0.0,0.0
Mali,ML,MLI,AFW,Rest of World,Aluminium scrap,kt,0.0,0.0,0.0,No secondary producer share; assigned zero,0.0,0.0,,Existing values retained through 2024; 2025 extrapolated using a country-level OLS linear trend fitted over 2019-2024 and floored at zero; Zijie regional growth indexed to 2025 thereafter,0.0,0.0,0.0,0.0,0.0,0.0,0.0,0.0,0.0,0.0,0.0,0.0,0.0,0.0,0.0,0.0,0.0,0.0,0.0,0.0,0.0,0.0,0.0,0.0,0.0,0.0,0.0,0.0,0.0,0.0,0.0,0.0
Mauritania,MR,MRT,AFW,Rest of World,Aluminium scrap,kt,0.0,0.0,0.0,No secondary producer share; assigned zero,0.0,0.0,,Existing values retained through 2024; 2025 extrapolated using a country-level OLS linear trend fitted over 2019-2024 and floored at zero; Zijie regional growth indexed to 2025 thereafter,0.0,0.0,0.0,0.0,0.0,0.0,0.0,0.0,0.0,0.0,0.0,0.0,0.0,0.0,0.0,0.0,0.0,0.0,0.0,0.0,0.0,0.0,0.0,0.0,0.0,0.0,0.0,0.0,0.0,0.0,0.0,0.0
Sao Tome and Principe,ST,STP,AFW,Rest of World,Aluminium scrap,kt,0.0,0.0,0.0,No secondary producer share; assigned zero,0.0,0.0,,Existing values retained through 2024; 2025 extrapolated using a country-level OLS linear trend fitted over 2019-2024 and floored at zero; Zijie regional growth indexed to 2025 thereafter,0.0,0.0,0.0,0.0,0.0,0.0,0.0,0.0,0.0,0.0,0.0,0.0,0.0,0.0,0.0,0.0,0.0,0.0,0.0,0.0,0.0,0.0,0.0,0.0,0.0,0.0,0.0,0.0,0.0,0.0,0.0,0.0
Sierra Leone,SL,SLE,AFW,Other main producer,Aluminium scrap,kt,0.0,0.0,0.0,No secondary producer share; assigned zero,0.0,0.0,,Existing values retained through 2024; 2025 extrapolated using a country-level OLS linear trend fitted over 2019-2024 and floored at zero; Zijie regional growth indexed to 2025 thereafter,0.0,0.0,0.0,0.0,0.0,0.0,0.0,0.0,0.0,0.0,0.0,0.0,0.0,0.0,0.0,0.0,0.0,0.0,0.0,0.0,0.0,0.0,0.0,0.0,0.0,0.0,0.0,0.0,0.0,0.0,0.0,0.0
Angola,AO,AGO,AFZ,Rest of World,Aluminium scrap,kt,0.0,0.0,0.0,No secondary producer share; assigned zero,0.0,0.0,,Existing values retained through 2024; 2025 extrapolated using a country-level OLS linear trend fitted over 2019-2024 and floored at zero; Zijie regional growth indexed to 2025 thereafter,0.0,0.0,0.0,0.0,0.0,0.0,0.0,0.0,0.0,0.0,0.0,0.0,0.0,0.0,0.0,0.0,0.0,0.0,0.0,0.0,0.0,0.0,0.0,0.0,0.0,0.0,0.0,0.0,0.0,0.0,0.0,0.0
Mozambique,MZ,MOZ,AFZ,Rest of World,Aluminium scrap,kt,258.9723978337549,565.0,0.7414698162729659,Secondary-share fallback from primary producer shares; no explicit 2019 secondary producer map for region,173.88796456763657,1302.3001852395741,0.9619373166700167,Existing values retained through 2024; 2025 extrapolated using a country-level OLS linear trend fitted over 2019-2024 and floored at zero; Zijie regional growth indexed to 2025 thereafter,258.9723978337549,432.8603624013914,606.748326969028,780.6362915366644,954.524256104301,1128.4122206719376,1302.3001852395741,1465.303244760208,1623.6825544134601,1778.9072757809595,1933.7404731956908,2089.077755875238,2244.732214027113,2399.4134720562224,2551.1093638253597,2697.723087679051,2838.0026887069143,2972.61557789752,3104.2133756456215,3237.324169657196,3377.7386061312673,3530.562932299013,3698.866098746095,3884.467065628474,4087.695942172612,4306.507300804936,4537.847721703905,4779.074103607708,5027.346206577351,5280.56254989466,5537.508248447264,5796.519185839708
Zimbabwe,ZW,ZWE,AFZ,Other main producer,Aluminium scrap,kt,0.0,0.0,0.0,No secondary producer share; assigned zero,0.0,0.0,,Existing values retained through 2024; 2025 extrapolated using a country-level OLS linear trend fitted over 2019-2024 and floored at zero; Zijie regional growth indexed to 2025 thereafter,0.0,0.0,0.0,0.0,0.0,0.0,0.0,0.0,0.0,0.0,0.0,0.0,0.0,0.0,0.0,0.0,0.0,0.0,0.0,0.0,0.0,0.0,0.0,0.0,0.0,0.0,0.0,0.0,0.0,0.0,0.0,0.0
Zambia,ZM,ZMB,AFZ,Rest of World,Aluminium scrap,kt,0.0,0.0,0.0,No secondary producer share; assigned zero,0.0,0.0,,Existing values retained through 2024; 2025 extrapolated using a country-level OLS linear trend fitted over 2019-2024 and floored at zero; Zijie regional growth indexed to 2025 thereafter,0.0,0.0,0.0,0.0,0.0,0.0,0.0,0.0,0.0,0.0,0.0,0.0,0.0,0.0,0.0,0.0,0.0,0.0,0.0,0.0,0.0,0.0,0.0,0.0,0.0,0.0,0.0,0.0,0.0,0.0,0.0,0.0
Botswana,BW,BWA,AFZ,Rest of World,Aluminium scrap,kt,0.0,0.0,0.0,No secondary producer share; assigned zero,0.0,0.0,,Existing values retained through 2024; 2025 extrapolated using a country-level OLS linear trend fitted over 2019-2024 and floored at zero; Zijie regional growth indexed to 2025 thereafter,0.0,0.0,0.0,0.0,0.0,0.0,0.0,0.0,0.0,0.0,0.0,0.0,0.0,0.0,0.0,0.0,0.0,0.0,0.0,0.0,0.0,0.0,0.0,0.0,0.0,0.0,0.0,0.0,0.0,0.0,0.0,0.0
Namibia,,NAM,AFZ,Rest of World,Aluminium scrap,kt,0.0,0.0,0.0,No secondary producer share; assigned zero,0.0,0.0,,Existing values retained through 2024; 2025 extrapolated using a country-level OLS linear trend fitted over 2019-2024 and floored at zero; Zijie regional growth indexed to 2025 thereafter,0.0,0.0,0.0,0.0,0.0,0.0,0.0,0.0,0.0,0.0,0.0,0.0,0.0,0.0,0.0,0.0,0.0,0.0,0.0,0.0,0.0,0.0,0.0,0.0,0.0,0.0,0.0,0.0,0.0,0.0,0.0,0.0
South Africa,ZA,ZAF,AFZ,Other main producer,Aluminium scrap,kt,189.1726268702513,717.0,0.1030913012221423,Secondary-share fallback from primary producer shares; no explicit 2019 secondary producer map for region,7.256205583095711,232.70986036882556,0.9059094473490594,Existing values retained through 2024; 2025 extrapolated using a country-level OLS linear trend fitted over 2019-2024 and floored at zero; Zijie regional growth indexed to 2025 thereafter,189.1726268702513,196.428832453347,203.68503803644276,210.94124361953843,218.19744920263412,225.45365478572984,232.70986036882556,235.4569490928754,238.1367926591534,240.1175999357841,241.9089447806644,243.68138694756647,245.64831300277294,248.03379450255505,250.89818608785222,254.25683795048116,258.0522916187038,262.1305149894129,266.3500458660439,270.67458096918745,275.09865538201905,279.6393121655678,284.3275296514054,289.1145903843077,293.9884972499026,298.970987654163,304.0420846268618,309.17611599261056,314.3009633596202,319.38810336020833,324.46831397688607,329.6544844114336
Eswatini,SZ,SWZ,AFZ,Rest of World,Aluminium scrap,kt,0.0,0.0,0.0,No secondary producer share; assigned zero,0.0,0.0,,Existing values retained through 2024; 2025 extrapolated using a country-level OLS linear trend fitted over 2019-2024 and floored at zero; Zijie regional growth indexed to 2025 thereafter,0.0,0.0,0.0,0.0,0.0,0.0,0.0,0.0,0.0,0.0,0.0,0.0,0.0,0.0,0.0,0.0,0.0,0.0,0.0,0.0,0.0,0.0,0.0,0.0,0.0,0.0,0.0,0.0,0.0,0.0,0.0,0.0
Lesotho,LS,LSO,AFZ,Rest of World,Aluminium scrap,kt,0.0,0.0,0.0,No secondary producer share; assigned zero,0.0,0.0,,Existing values retained through 2024; 2025 extrapolated using a country-level OLS linear trend fitted over 2019-2024 and floored at zero; Zijie regional growth indexed to 2025 thereafter,0.0,0.0,0.0,0.0,0.0,0.0,0.0,0.0,0.0,0.0,0.0,0.0,0.0,0.0,0.0,0.0,0.0,0.0,0.0,0.0,0.0,0.0,0.0,0.0,0.0,0.0,0.0,0.0,0.0,0.0,0.0,0.0
Nigeria,NG,NGA,NIG,Rest of World,Aluminium scrap,kt,0.0,0.0,0.0,No secondary producer share; assigned zero,0.0,0.0,,Existing values retained through 2024; 2025 extrapolated using a country-level OLS linear trend fitted over 2019-2024 and floored at zero; Zijie regional growth indexed to 2025 thereafter,0.0,0.0,0.0,0.0,0.0,0.0,0.0,0.0,0.0,0.0,0.0,0.0,0.0,0.0,0.0,0.0,0.0,0.0,0.0,0.0,0.0,0.0,0.0,0.0,0.0,0.0,0.0,0.0,0.0,0.0,0.0,0.0
Russian Federation,RU,RUS,RUS,Other main producer,Aluminium scrap,kt,959.5827669834086,3637.0,0.5229331416247304,Secondary-share fallback from primary producer shares; no explicit 2019 secondary producer map for region,36.807279924294356,1180.4264465291747,0.9059094473490591,Existing values retained through 2024; 2025 extrapolated using a country-level OLS linear trend fitted over 2019-2024 and floored at zero; Zijie regional growth indexed to 2025 thereafter,959.5827669834086,996.390046907703,1033.197326831997,1070.004606756292,1106.8118866805862,1143.6191666048803,1180.4264465291747,1194.3611211308055,1207.954693028369,1218.0023862851415,1227.0890267326026,1236.0797828846567,1246.0570633069524,1258.1574764376462,1272.6871726659947,1289.7240162146438,1308.976547583299,1329.6634351694481,1351.0671085283143,1373.0034183890298,1395.444643827619,1418.4772361871267,1442.2583338105453,1466.540816217192,1491.2638277515975,1516.5376319361094,1542.260895101668,1568.3033945120283,1594.299307864628,1620.1039496807214,1645.8734420278022,1672.1804181372154
Kazakhstan,KZ,KAZ,ASC,Other main producer,Aluminium scrap,kt,68.59816316076059,260.0,0.0373831775700934,Secondary-share fallback from primary producer shares; no explicit 2019 secondary producer map for region,2.6312600440793306,84.38572342523659,0.9059094473490593,Existing values retained through 2024; 2025 extrapolated using a country-level OLS linear trend fitted over 2019-2024 and floored at zero; Zijie regional growth indexed to 2025 thereafter,68.59816316076059,71.22942320483992,73.86068324891926,76.49194329299858,79.12320333707792,81.75446338115725,84.38572342523659,85.38187833214448,86.35364866301238,87.07193303110719,87.72151414640548,88.36424073412451,89.07749146544066,89.94251962435747,90.98121113367024,92.1991323111926,93.57544744890234,95.05430111192098,96.58439599047617,98.15256771546545,99.75683458762195,101.4033767964402,103.1034277675947,104.83932147827056,106.60670751042491,108.41346832647471,110.25235983679785,112.11407274487969,113.97245533263771,115.81716439840189,117.65936071686244,119.53998040024089
Uzbekistan,UZ,UZB,ASC,Rest of World,Aluminium scrap,kt,0.0,0.0,0.0,No secondary producer share; assigned zero,0.0,0.0,,Existing values retained through 2024; 2025 extrapolated using a country-level OLS linear trend fitted over 2019-2024 and floored at zero; Zijie regional growth indexed to 2025 thereafter,0.0,0.0,0.0,0.0,0.0,0.0,0.0,0.0,0.0,0.0,0.0,0.0,0.0,0.0,0.0,0.0,0.0,0.0,0.0,0.0,0.0,0.0,0.0,0.0,0.0,0.0,0.0,0.0,0.0,0.0,0.0,0.0
Turkmenistan,TM,TKM,ASC,Rest of World,Aluminium scrap,kt,0.0,0.0,0.0,No secondary producer share; assigned zero,0.0,0.0,,Existing values retained through 2024; 2025 extrapolated using a country-level OLS linear trend fitted over 2019-2024 and floored at zero; Zijie regional growth indexed to 2025 thereafter,0.0,0.0,0.0,0.0,0.0,0.0,0.0,0.0,0.0,0.0,0.0,0.0,0.0,0.0,0.0,0.0,0.0,0.0,0.0,0.0,0.0,0.0,0.0,0.0,0.0,0.0,0.0,0.0,0.0,0.0,0.0,0.0
Azerbaijan,AZ,AZE,ASC,Other main producer,Aluminium scrap,kt,13.19195445399242,50.0,0.0071890726096333,Secondary-share fallback from primary producer shares; no explicit 2019 secondary producer map for region,0.5060115469383334,16.228023735622422,0.9059094473490593,Existing values retained through 2024; 2025 extrapolated using a country-level OLS linear trend fitted over 2019-2024 and floored at zero; Zijie regional growth indexed to 2025 thereafter,13.19195445399242,13.697966000930755,14.203977547869089,14.70998909480742,15.216000641745756,15.722012188684088,16.228023735622422,16.419591986950863,16.60647089673315,16.744602505982154,16.869521951231825,16.993123218100866,17.13028682027705,17.296638389299513,17.496386756475047,17.73060236753704,17.995278355558142,18.279673290754037,18.5739223058608,18.875493791435666,19.18400665146576,19.500649383930806,19.82758226299898,20.161407976590493,20.501289905850946,20.848743908937447,21.202376891691895,21.560398604784556,21.917779871661097,22.272531615077284,22.62680013785816,22.988457769277094
Mongolia,MN,MNG,ASC,Rest of World,Aluminium scrap,kt,0.0,0.0,0.0,No secondary producer share; assigned zero,0.0,0.0,,Existing values retained through 2024; 2025 extrapolated using a country-level OLS linear trend fitted over 2019-2024 and floored at zero; Zijie regional growth indexed to 2025 thereafter,0.0,0.0,0.0,0.0,0.0,0.0,0.0,0.0,0.0,0.0,0.0,0.0,0.0,0.0,0.0,0.0,0.0,0.0,0.0,0.0,0.0,0.0,0.0,0.0,0.0,0.0,0.0,0.0,0.0,0.0,0.0,0.0
Georgia,GE,GEO,ASC,Rest of World,Aluminium scrap,kt,0.0,0.0,0.0,No secondary producer share; assigned zero,0.0,0.0,,Existing values retained through 2024; 2025 extrapolated using a country-level OLS linear trend fitted over 2019-2024 and floored at zero; Zijie regional growth indexed to 2025 thereafter,0.0,0.0,0.0,0.0,0.0,0.0,0.0,0.0,0.0,0.0,0.0,0.0,0.0,0.0,0.0,0.0,0.0,0.0,0.0,0.0,0.0,0.0,0.0,0.0,0.0,0.0,0.0,0.0,0.0,0.0,0.0,0.0
Kyrgyzstan,KG,KGZ,ASC,Rest of World,Aluminium scrap,kt,0.0,0.0,0.0,No secondary producer share; assigned zero,0.0,0.0,,Existing values retained through 2024; 2025 extrapolated using a country-level OLS linear trend fitted over 2019-2024 and floored at zero; Zijie regional growth indexed to 2025 thereafter,0.0,0.0,0.0,0.0,0.0,0.0,0.0,0.0,0.0,0.0,0.0,0.0,0.0,0.0,0.0,0.0,0.0,0.0,0.0,0.0,0.0,0.0,0.0,0.0,0.0,0.0,0.0,0.0,0.0,0.0,0.0,0.0
Armenia,AM,ARM,ASC,Rest of World,Aluminium scrap,kt,0.0,0.0,0.0,No secondary producer share; assigned zero,0.0,0.0,,Existing values retained through 2024; 2025 extrapolated using a country-level OLS linear trend fitted over 2019-2024 and floored at zero; Zijie regional growth indexed to 2025 thereafter,0.0,0.0,0.0,0.0,0.0,0.0,0.0,0.0,0.0,0.0,0.0,0.0,0.0,0.0,0.0,0.0,0.0,0.0,0.0,0.0,0.0,0.0,0.0,0.0,0.0,0.0,0.0,0.0,0.0,0.0,0.0,0.0
Tajikistan,TJ,TJK,ASC,Rest of World,Aluminium scrap,kt,45.835822625443335,100.0,0.1312335958005249,Secondary-share fallback from primary producer shares; no explicit 2019 secondary producer map for region,30.77663089692682,230.49560800700425,0.9619373166700167,Existing values retained through 2024; 2025 extrapolated using a country-level OLS linear trend fitted over 2019-2024 and floored at zero; Zijie regional growth indexed to 2025 thereafter,45.835822625443335,76.61245352237015,107.38908441929698,138.16571531622378,168.9423462131506,199.71897711007745,230.49560800700425,259.34570703720493,287.37744325901946,314.85084527096626,342.25495100808683,369.74827537614823,397.2977369959492,424.67495080641095,451.5237812080282,477.4731128635488,502.3013608330821,526.1266509553133,549.4182965744462,572.9777291428665,597.8298417931446,624.8783950971704,654.6665661497512,687.5162948014997,723.486007464179,762.2136815583956,803.1588887971512,845.8538236473819,889.7957887747523,934.6128406893203,980.0899554773919,1025.932599263665
Afghanistan,AF,AFG,ASC,Rest of World,Aluminium scrap,kt,0.0,0.0,0.0,No secondary producer share; assigned zero,0.0,0.0,,Existing values retained through 2024; 2025 extrapolated using a country-level OLS linear trend fitted over 2019-2024 and floored at zero; Zijie regional growth indexed to 2025 thereafter,0.0,0.0,0.0,0.0,0.0,0.0,0.0,0.0,0.0,0.0,0.0,0.0,0.0,0.0,0.0,0.0,0.0,0.0,0.0,0.0,0.0,0.0,0.0,0.0,0.0,0.0,0.0,0.0,0.0,0.0,0.0,0.0
Thailand,TH,THA,ASE,Other Asia,Aluminium scrap,kt,60.61201202830088,23.0,0.0196078431372549,Scrap allocated using 2019 secondary producer share from INF_Data,8.746778057313941,113.09268037218453,1.0130698473086852,Existing values retained through 2024; 2025 extrapolated using a country-level OLS linear trend fitted over 2019-2024 and floored at zero; Zijie regional growth indexed to 2025 thereafter,60.61201202830088,69.35879008561481,78.10556814292876,86.85234620024269,95.59912425755664,104.3459023148706,113.09268037218453,121.6005164393186,130.4071422077826,139.55504746040862,149.04449667023894,158.87626999120886,168.99827483530626,179.33439250018642,189.82731582749074,200.42882964492335,211.10998793814198,221.8726184548422,232.72733845780388,243.71599320764224,254.89485112577123,266.28721075236194,277.9310967118688,289.8180741230789,301.9020784981762,314.15872163369545,326.5414447654792,338.9742248239722,351.37995670948396,363.72846796872403,376.0077963176686,388.19924282468924
Malaysia,MY,MYS,ASE,Other Asia,Aluminium scrap,kt,0.0,0.0,0.0,No secondary producer share; assigned zero,0.0,0.0,,Existing values retained through 2024; 2025 extrapolated using a country-level OLS linear trend fitted over 2019-2024 and floored at zero; Zijie regional growth indexed to 2025 thereafter,0.0,0.0,0.0,0.0,0.0,0.0,0.0,0.0,0.0,0.0,0.0,0.0,0.0,0.0,0.0,0.0,0.0,0.0,0.0,0.0,0.0,0.0,0.0,0.0,0.0,0.0,0.0,0.0,0.0,0.0,0.0,0.0
Singapore,SG,SGP,ASE,Other Asia,Aluminium scrap,kt,0.0,0.0,0.0,No secondary producer share; assigned zero,0.0,0.0,,Existing values retained through 2024; 2025 extrapolated using a country-level OLS linear trend fitted over 2019-2024 and floored at zero; Zijie regional growth indexed to 2025 thereafter,0.0,0.0,0.0,0.0,0.0,0.0,0.0,0.0,0.0,0.0,0.0,0.0,0.0,0.0,0.0,0.0,0.0,0.0,0.0,0.0,0.0,0.0,0.0,0.0,0.0,0.0,0.0,0.0,0.0,0.0,0.0,0.0
Myanmar,MM,MMR,ASE,Rest of World,Aluminium scrap,kt,0.0,0.0,0.0,No secondary producer share; assigned zero,0.0,0.0,,Existing values retained through 2024; 2025 extrapolated using a country-level OLS linear trend fitted over 2019-2024 and floored at zero; Zijie regional growth indexed to 2025 thereafter,0.0,0.0,0.0,0.0,0.0,0.0,0.0,0.0,0.0,0.0,0.0,0.0,0.0,0.0,0.0,0.0,0.0,0.0,0.0,0.0,0.0,0.0,0.0,0.0,0.0,0.0,0.0,0.0,0.0,0.0,0.0,0.0
Cambodia,KH,KHM,ASE,Rest of World,Aluminium scrap,kt,0.0,0.0,0.0,No secondary producer share; assigned zero,0.0,0.0,,Existing values retained through 2024; 2025 extrapolated using a country-level OLS linear trend fitted over 2019-2024 and floored at zero; Zijie regional growth indexed to 2025 thereafter,0.0,0.0,0.0,0.0,0.0,0.0,0.0,0.0,0.0,0.0,0.0,0.0,0.0,0.0,0.0,0.0,0.0,0.0,0.0,0.0,0.0,0.0,0.0,0.0,0.0,0.0,0.0,0.0,0.0,0.0,0.0,0.0
Brunei Darussalam,BN,BRN,ASE,Rest of World,Aluminium scrap,kt,0.0,0.0,0.0,No secondary producer share; assigned zero,0.0,0.0,,Existing values retained through 2024; 2025 extrapolated using a country-level OLS linear trend fitted over 2019-2024 and floored at zero; Zijie regional growth indexed to 2025 thereafter,0.0,0.0,0.0,0.0,0.0,0.0,0.0,0.0,0.0,0.0,0.0,0.0,0.0,0.0,0.0,0.0,0.0,0.0,0.0,0.0,0.0,0.0,0.0,0.0,0.0,0.0,0.0,0.0,0.0,0.0,0.0,0.0
Lao People's Democratic Republic,LA,LAO,ASE,Rest of World,Aluminium scrap,kt,0.0,0.0,0.0,No secondary producer share; assigned zero,0.0,0.0,,Existing values retained through 2024; 2025 extrapolated using a country-level OLS linear trend fitted over 2019-2024 and floored at zero; Zijie regional growth indexed to 2025 thereafter,0.0,0.0,0.0,0.0,0.0,0.0,0.0,0.0,0.0,0.0,0.0,0.0,0.0,0.0,0.0,0.0,0.0,0.0,0.0,0.0,0.0,0.0,0.0,0.0,0.0,0.0,0.0,0.0,0.0,0.0,0.0,0.0
Democratic People's Republic of Korea,KP,PRK,ASE,Rest of World,Aluminium scrap,kt,0.0,0.0,0.0,No secondary producer share; assigned zero,0.0,0.0,,Existing values retained through 2024; 2025 extrapolated using a country-level OLS linear trend fitted over 2019-2024 and floored at zero; Zijie regional growth indexed to 2025 thereafter,0.0,0.0,0.0,0.0,0.0,0.0,0.0,0.0,0.0,0.0,0.0,0.0,0.0,0.0,0.0,0.0,0.0,0.0,0.0,0.0,0.0,0.0,0.0,0.0,0.0,0.0,0.0,0.0,0.0,0.0,0.0,0.0
Cook Islands,CK,COK,ASE,Rest of World,Aluminium scrap,kt,0.0,0.0,0.0,No secondary producer share; assigned zero,0.0,0.0,,Existing values retained through 2024; 2025 extrapolated using a country-level OLS linear trend fitted over 2019-2024 and floored at zero; Zijie regional growth indexed to 2025 thereafter,0.0,0.0,0.0,0.0,0.0,0.0,0.0,0.0,0.0,0.0,0.0,0.0,0.0,0.0,0.0,0.0,0.0,0.0,0.0,0.0,0.0,0.0,0.0,0.0,0.0,0.0,0.0,0.0,0.0,0.0,0.0,0.0
Timor-Leste,TL,TLS,ASE,Rest of World,Aluminium scrap,kt,0.0,0.0,0.0,No secondary producer share; assigned zero,0.0,0.0,,Existing values retained through 2024; 2025 extrapolated using a country-level OLS linear trend fitted over 2019-2024 and floored at zero; Zijie regional growth indexed to 2025 thereafter,0.0,0.0,0.0,0.0,0.0,0.0,0.0,0.0,0.0,0.0,0.0,0.0,0.0,0.0,0.0,0.0,0.0,0.0,0.0,0.0,0.0,0.0,0.0,0.0,0.0,0.0,0.0,0.0,0.0,0.0,0.0,0.0
Fiji,FJ,FJI,ASE,Other main producer,Aluminium scrap,kt,0.0,0.0,0.0,No secondary producer share; assigned zero,0.0,0.0,,Existing values retained through 2024; 2025 extrapolated using a country-level OLS linear trend fitted over 2019-2024 and floored at zero; Zijie regional growth indexed to 2025 thereafter,0.0,0.0,0.0,0.0,0.0,0.0,0.0,0.0,0.0,0.0,0.0,0.0,0.0,0.0,0.0,0.0,0.0,0.0,0.0,0.0,0.0,0.0,0.0,0.0,0.0,0.0,0.0,0.0,0.0,0.0,0.0,0.0
French Polynesia,PF,PYF,ASE,Rest of World,Aluminium scrap,kt,0.0,0.0,0.0,No secondary producer share; assigned zero,0.0,0.0,,Existing values retained through 2024; 2025 extrapolated using a country-level OLS linear trend fitted over 2019-2024 and floored at zero; Zijie regional growth indexed to 2025 thereafter,0.0,0.0,0.0,0.0,0.0,0.0,0.0,0.0,0.0,0.0,0.0,0.0,0.0,0.0,0.0,0.0,0.0,0.0,0.0,0.0,0.0,0.0,0.0,0.0,0.0,0.0,0.0,0.0,0.0,0.0,0.0,0.0
Kiribati,KI,KIR,ASE,Rest of World,Aluminium scrap,kt,0.0,0.0,0.0,No secondary producer share; assigned zero,0.0,0.0,,Existing values retained through 2024; 2025 extrapolated using a country-level OLS linear trend fitted over 2019-2024 and floored at zero; Zijie regional growth indexed to 2025 thereafter,0.0,0.0,0.0,0.0,0.0,0.0,0.0,0.0,0.0,0.0,0.0,0.0,0.0,0.0,0.0,0.0,0.0,0.0,0.0,0.0,0.0,0.0,0.0,0.0,0.0,0.0,0.0,0.0,0.0,0.0,0.0,0.0
New Caledonia,NC,NCL,ASE,Rest of World,Aluminium scrap,kt,0.0,0.0,0.0,No secondary producer share; assigned zero,0.0,0.0,,Existing values retained through 2024; 2025 extrapolated using a country-level OLS linear trend fitted over 2019-2024 and floored at zero; Zijie regional growth indexed to 2025 thereafter,0.0,0.0,0.0,0.0,0.0,0.0,0.0,0.0,0.0,0.0,0.0,0.0,0.0,0.0,0.0,0.0,0.0,0.0,0.0,0.0,0.0,0.0,0.0,0.0,0.0,0.0,0.0,0.0,0.0,0.0,0.0,0.0
Palau,PW,PLW,ASE,Rest of World,Aluminium scrap,kt,0.0,0.0,0.0,No secondary producer share; assigned zero,0.0,0.0,,Existing values retained through 2024; 2025 extrapolated using a country-level OLS linear trend fitted over 2019-2024 and floored at zero; Zijie regional growth indexed to 2025 thereafter,0.0,0.0,0.0,0.0,0.0,0.0,0.0,0.0,0.0,0.0,0.0,0.0,0.0,0.0,0.0,0.0,0.0,0.0,0.0,0.0,0.0,0.0,0.0,0.0,0.0,0.0,0.0,0.0,0.0,0.0,0.0,0.0
Papua New Guinea,PG,PNG,ASE,Rest of World,Aluminium scrap,kt,0.0,0.0,0.0,No secondary producer share; assigned zero,0.0,0.0,,Existing values retained through 2024; 2025 extrapolated using a country-level OLS linear trend fitted over 2019-2024 and floored at zero; Zijie regional growth indexed to 2025 thereafter,0.0,0.0,0.0,0.0,0.0,0.0,0.0,0.0,0.0,0.0,0.0,0.0,0.0,0.0,0.0,0.0,0.0,0.0,0.0,0.0,0.0,0.0,0.0,0.0,0.0,0.0,0.0,0.0,0.0,0.0,0.0,0.0
American Samoa,AS,ASM,ASE,Rest of World,Aluminium scrap,kt,0.0,0.0,0.0,No secondary producer share; assigned zero,0.0,0.0,,Existing values retained through 2024; 2025 extrapolated using a country-level OLS linear trend fitted over 2019-2024 and floored at zero; Zijie regional growth indexed to 2025 thereafter,0.0,0.0,0.0,0.0,0.0,0.0,0.0,0.0,0.0,0.0,0.0,0.0,0.0,0.0,0.0,0.0,0.0,0.0,0.0,0.0,0.0,0.0,0.0,0.0,0.0,0.0,0.0,0.0,0.0,0.0,0.0,0.0
Solomon Islands,SB,SLB,ASE,Rest of World,Aluminium scrap,kt,0.0,0.0,0.0,No secondary producer share; assigned zero,0.0,0.0,,Existing values retained through 2024; 2025 extrapolated using a country-level OLS linear trend fitted over 2019-2024 and floored at zero; Zijie regional growth indexed to 2025 thereafter,0.0,0.0,0.0,0.0,0.0,0.0,0.0,0.0,0.0,0.0,0.0,0.0,0.0,0.0,0.0,0.0,0.0,0.0,0.0,0.0,0.0,0.0,0.0,0.0,0.0,0.0,0.0,0.0,0.0,0.0,0.0,0.0
Tonga,TO,TON,ASE,Rest of World,Aluminium scrap,kt,0.0,0.0,0.0,No secondary producer share; assigned zero,0.0,0.0,,Existing values retained through 2024; 2025 extrapolated using a country-level OLS linear trend fitted over 2019-2024 and floored at zero; Zijie regional growth indexed to 2025 thereafter,0.0,0.0,0.0,0.0,0.0,0.0,0.0,0.0,0.0,0.0,0.0,0.0,0.0,0.0,0.0,0.0,0.0,0.0,0.0,0.0,0.0,0.0,0.0,0.0,0.0,0.0,0.0,0.0,0.0,0.0,0.0,0.0
Vanuatu,VU,VUT,ASE,Rest of World,Aluminium scrap,kt,0.0,0.0,0.0,No secondary producer share; assigned zero,0.0,0.0,,Existing values retained through 2024; 2025 extrapolated using a country-level OLS linear trend fitted over 2019-2024 and floored at zero; Zijie regional growth indexed to 2025 thereafter,0.0,0.0,0.0,0.0,0.0,0.0,0.0,0.0,0.0,0.0,0.0,0.0,0.0,0.0,0.0,0.0,0.0,0.0,0.0,0.0,0.0,0.0,0.0,0.0,0.0,0.0,0.0,0.0,0.0,0.0,0.0,0.0
Niue,NU,NIU,ASE,Rest of World,Aluminium scrap,kt,0.0,0.0,0.0,No secondary producer share; assigned zero,0.0,0.0,,Existing values retained through 2024; 2025 extrapolated using a country-level OLS linear trend fitted over 2019-2024 and floored at zero; Zijie regional growth indexed to 2025 thereafter,0.0,0.0,0.0,0.0,0.0,0.0,0.0,0.0,0.0,0.0,0.0,0.0,0.0,0.0,0.0,0.0,0.0,0.0,0.0,0.0,0.0,0.0,0.0,0.0,0.0,0.0,0.0,0.0,0.0,0.0,0.0,0.0
Samoa,WS,WSM,ASE,Rest of World,Aluminium scrap,kt,0.0,0.0,0.0,No secondary producer share; assigned zero,0.0,0.0,,Existing values retained through 2024; 2025 extrapolated using a country-level OLS linear trend fitted over 2019-2024 and floored at zero; Zijie regional growth indexed to 2025 thereafter,0.0,0.0,0.0,0.0,0.0,0.0,0.0,0.0,0.0,0.0,0.0,0.0,0.0,0.0,0.0,0.0,0.0,0.0,0.0,0.0,0.0,0.0,0.0,0.0,0.0,0.0,0.0,0.0,0.0,0.0,0.0,0.0
Wallis and Futuna Islands,WF,WLF,ASE,Rest of World,Aluminium scrap,kt,0.0,0.0,0.0,No secondary producer share; assigned zero,0.0,0.0,,Existing values retained through 2024; 2025 extrapolated using a country-level OLS linear trend fitted over 2019-2024 and floored at zero; Zijie regional growth indexed to 2025 thereafter,0.0,0.0,0.0,0.0,0.0,0.0,0.0,0.0,0.0,0.0,0.0,0.0,0.0,0.0,0.0,0.0,0.0,0.0,0.0,0.0,0.0,0.0,0.0,0.0,0.0,0.0,0.0,0.0,0.0,0.0,0.0,0.0
Micronesia (Federated States of),FM,FSM,ASE,Rest of World,Aluminium scrap,kt,0.0,0.0,0.0,No secondary producer share; assigned zero,0.0,0.0,,Existing values retained through 2024; 2025 extrapolated using a country-level OLS linear trend fitted over 2019-2024 and floored at zero; Zijie regional growth indexed to 2025 thereafter,0.0,0.0,0.0,0.0,0.0,0.0,0.0,0.0,0.0,0.0,0.0,0.0,0.0,0.0,0.0,0.0,0.0,0.0,0.0,0.0,0.0,0.0,0.0,0.0,0.0,0.0,0.0,0.0,0.0,0.0,0.0,0.0
Nauru,NR,NRU,ASE,Rest of World,Aluminium scrap,kt,0.0,0.0,0.0,No secondary producer share; assigned zero,0.0,0.0,,Existing values retained through 2024; 2025 extrapolated using a country-level OLS linear trend fitted over 2019-2024 and floored at zero; Zijie regional growth indexed to 2025 thereafter,0.0,0.0,0.0,0.0,0.0,0.0,0.0,0.0,0.0,0.0,0.0,0.0,0.0,0.0,0.0,0.0,0.0,0.0,0.0,0.0,0.0,0.0,0.0,0.0,0.0,0.0,0.0,0.0,0.0,0.0,0.0,0.0
Tuvalu,TV,TUV,ASE,Rest of World,Aluminium scrap,kt,0.0,0.0,0.0,No secondary producer share; assigned zero,0.0,0.0,,Existing values retained through 2024; 2025 extrapolated using a country-level OLS linear trend fitted over 2019-2024 and floored at zero; Zijie regional growth indexed to 2025 thereafter,0.0,0.0,0.0,0.0,0.0,0.0,0.0,0.0,0.0,0.0,0.0,0.0,0.0,0.0,0.0,0.0,0.0,0.0,0.0,0.0,0.0,0.0,0.0,0.0,0.0,0.0,0.0,0.0,0.0,0.0,0.0,0.0
Northern Mariana Islands,MP,MNP,ASE,Rest of World,Aluminium scrap,kt,0.0,0.0,0.0,No secondary producer share; assigned zero,0.0,0.0,,Existing values retained through 2024; 2025 extrapolated using a country-level OLS linear trend fitted over 2019-2024 and floored at zero; Zijie regional growth indexed to 2025 thereafter,0.0,0.0,0.0,0.0,0.0,0.0,0.0,0.0,0.0,0.0,0.0,0.0,0.0,0.0,0.0,0.0,0.0,0.0,0.0,0.0,0.0,0.0,0.0,0.0,0.0,0.0,0.0,0.0,0.0,0.0,0.0,0.0
China,CN,CHN,CHN,China,Aluminium scrap,kt,14036.369814746986,11400.0,1.0,Scrap allocated using 2019 secondary producer share from INF_Data,1532.7492949174605,23232.865584251747,1.017652516936826,Existing values retained through 2024; 2025 extrapolated using a country-level OLS linear trend fitted over 2019-2024 and floored at zero; Zijie regional growth indexed to 2025 thereafter,14036.369814746986,15569.119109664449,17101.86840458191,18634.61769949937,20167.36699441683,21700.11628933429,23232.865584251747,24875.53034168488,26545.921070690096,28211.945025666024,29855.877273901842,31442.01502649826,32931.37422508115,34296.80901973781,35527.85838503831,36628.91958056316,37614.1019574463,38495.95254663069,39283.97817147201,39979.35998941881,40568.84766211065,41039.99485986373,41386.03290948663,41604.48912698226,41703.85576882638,41695.85002536935,41595.690036471104,41424.72668545399,41208.178270238655,40962.20018582727,40697.8732218165,40427.325818100966
"China, Hong Kong Special Administrative Region",HK,HKG,CHN,Rest of World,Aluminium scrap,kt,0.0,0.0,0.0,No secondary producer share; assigned zero,0.0,0.0,,Existing values retained through 2024; 2025 extrapolated using a country-level OLS linear trend fitted over 2019-2024 and floored at zero; Zijie regional growth indexed to 2025 thereafter,0.0,0.0,0.0,0.0,0.0,0.0,0.0,0.0,0.0,0.0,0.0,0.0,0.0,0.0,0.0,0.0,0.0,0.0,0.0,0.0,0.0,0.0,0.0,0.0,0.0,0.0,0.0,0.0,0.0,0.0,0.0,0.0
"China, Macao Special Administrative Region",MO,MAC,CHN,Rest of World,Aluminium scrap,kt,0.0,0.0,0.0,No secondary producer share; assigned zero,0.0,0.0,,Existing values retained through 2024; 2025 extrapolated using a country-level OLS linear trend fitted over 2019-2024 and floored at zero; Zijie regional growth indexed to 2025 thereafter,0.0,0.0,0.0,0.0,0.0,0.0,0.0,0.0,0.0,0.0,0.0,0.0,0.0,0.0,0.0,0.0,0.0,0.0,0.0,0.0,0.0,0.0,0.0,0.0,0.0,0.0,0.0,0.0,0.0,0.0,0.0,0.0
Indonesia,ID,IDN,IDN,Other Asia,Aluminium scrap,kt,0.0,0.0,0.0,No secondary producer share; assigned zero,0.0,0.0,,Existing values retained through 2024; 2025 extrapolated using a country-level OLS linear trend fitted over 2019-2024 and floored at zero; Zijie regional growth indexed to 2025 thereafter,0.0,0.0,0.0,0.0,0.0,0.0,0.0,0.0,0.0,0.0,0.0,0.0,0.0,0.0,0.0,0.0,0.0,0.0,0.0,0.0,0.0,0.0,0.0,0.0,0.0,0.0,0.0,0.0,0.0,0.0,0.0,0.0
Philippines,PH,PHL,IDN,Rest of World,Aluminium scrap,kt,0.0,0.0,0.0,No secondary producer share; assigned zero,0.0,0.0,,Existing values retained through 2024; 2025 extrapolated using a country-level OLS linear trend fitted over 2019-2024 and floored at zero; Zijie regional growth indexed to 2025 thereafter,0.0,0.0,0.0,0.0,0.0,0.0,0.0,0.0,0.0,0.0,0.0,0.0,0.0,0.0,0.0,0.0,0.0,0.0,0.0,0.0,0.0,0.0,0.0,0.0,0.0,0.0,0.0,0.0,0.0,0.0,0.0,0.0
Viet Nam,VN,VNM,IDN,Other Asia,Aluminium scrap,kt,0.0,0.0,0.0,No secondary producer share; assigned zero,0.0,0.0,,Existing values retained through 2024; 2025 extrapolated using a country-level OLS linear trend fitted over 2019-2024 and floored at zero; Zijie regional growth indexed to 2025 thereafter,0.0,0.0,0.0,0.0,0.0,0.0,0.0,0.0,0.0,0.0,0.0,0.0,0.0,0.0,0.0,0.0,0.0,0.0,0.0,0.0,0.0,0.0,0.0,0.0,0.0,0.0,0.0,0.0,0.0,0.0,0.0,0.0
India,IN,IND,IND,Other Asia,Aluminium scrap,kt,1528.4768250615002,580.0,0.4944586530264279,Scrap allocated using 2019 secondary producer share from INF_Data,220.57092492356895,2851.902374602914,1.0130698473086852,Existing values retained through 2024; 2025 extrapolated using a country-level OLS linear trend fitted over 2019-2024 and floored at zero; Zijie regional growth indexed to 2025 thereafter,1528.4768250615002,1749.0477499850692,1969.6186749086385,2190.189599832207,2410.7605247557763,2631.331449679345,2851.902374602914,3066.447805861077,3288.5279339353874,3519.2142403059556,3758.513394292981,4006.4450693435274,4261.695626281636,4522.345550004701,4786.949703475852,5054.292225828502,5323.643174092275,5595.04863929602,5868.776361109836,6145.881567844891,6427.783202302056,6715.068792885648,7008.697221429734,7308.455782234162,7613.182849084442,7922.26341511058,8234.52338973817,8548.045669474079,8860.885864847854,9172.283105298256,9481.935733228162,9789.372210361727
Bangladesh,BD,BGD,ASO,Rest of World,Aluminium scrap,kt,0.0,0.0,0.0,No secondary producer share; assigned zero,0.0,0.0,,Existing values retained through 2024; 2025 extrapolated using a country-level OLS linear trend fitted over 2019-2024 and floored at zero; Zijie regional growth indexed to 2025 thereafter,0.0,0.0,0.0,0.0,0.0,0.0,0.0,0.0,0.0,0.0,0.0,0.0,0.0,0.0,0.0,0.0,0.0,0.0,0.0,0.0,0.0,0.0,0.0,0.0,0.0,0.0,0.0,0.0,0.0,0.0,0.0,0.0
Nepal,NP,NPL,ASO,Rest of World,Aluminium scrap,kt,0.0,0.0,0.0,No secondary producer share; assigned zero,0.0,0.0,,Existing values retained through 2024; 2025 extrapolated using a country-level OLS linear trend fitted over 2019-2024 and floored at zero; Zijie regional growth indexed to 2025 thereafter,0.0,0.0,0.0,0.0,0.0,0.0,0.0,0.0,0.0,0.0,0.0,0.0,0.0,0.0,0.0,0.0,0.0,0.0,0.0,0.0,0.0,0.0,0.0,0.0,0.0,0.0,0.0,0.0,0.0,0.0,0.0,0.0
Sri Lanka,LK,LKA,ASO,Rest of World,Aluminium scrap,kt,0.0,0.0,0.0,No secondary producer share; assigned zero,0.0,0.0,,Existing values retained through 2024; 2025 extrapolated using a country-level OLS linear trend fitted over 2019-2024 and floored at zero; Zijie regional growth indexed to 2025 thereafter,0.0,0.0,0.0,0.0,0.0,0.0,0.0,0.0,0.0,0.0,0.0,0.0,0.0,0.0,0.0,0.0,0.0,0.0,0.0,0.0,0.0,0.0,0.0,0.0,0.0,0.0,0.0,0.0,0.0,0.0,0.0,0.0
Pakistan,PK,PAK,ASO,Other Asia,Aluminium scrap,kt,0.0,0.0,0.0,No secondary producer share; assigned zero,0.0,0.0,,Existing values retained through 2024; 2025 extrapolated using a country-level OLS linear trend fitted over 2019-2024 and floored at zero; Zijie regional growth indexed to 2025 thereafter,0.0,0.0,0.0,0.0,0.0,0.0,0.0,0.0,0.0,0.0,0.0,0.0,0.0,0.0,0.0,0.0,0.0,0.0,0.0,0.0,0.0,0.0,0.0,0.0,0.0,0.0,0.0,0.0,0.0,0.0,0.0,0.0
Bhutan,BT,BTN,ASO,Rest of World,Aluminium scrap,kt,0.0,0.0,0.0,No secondary producer share; assigned zero,0.0,0.0,,Existing values retained through 2024; 2025 extrapolated using a country-level OLS linear trend fitted over 2019-2024 and floored at zero; Zijie regional growth indexed to 2025 thereafter,0.0,0.0,0.0,0.0,0.0,0.0,0.0,0.0,0.0,0.0,0.0,0.0,0.0,0.0,0.0,0.0,0.0,0.0,0.0,0.0,0.0,0.0,0.0,0.0,0.0,0.0,0.0,0.0,0.0,0.0,0.0,0.0
Maldives,MV,MDV,ASO,Rest of World,Aluminium scrap,kt,0.0,0.0,0.0,No secondary producer share; assigned zero,0.0,0.0,,Existing values retained through 2024; 2025 extrapolated using a country-level OLS linear trend fitted over 2019-2024 and floored at zero; Zijie regional growth indexed to 2025 thereafter,0.0,0.0,0.0,0.0,0.0,0.0,0.0,0.0,0.0,0.0,0.0,0.0,0.0,0.0,0.0,0.0,0.0,0.0,0.0,0.0,0.0,0.0,0.0,0.0,0.0,0.0,0.0,0.0,0.0,0.0,0.0,0.0
Japan,JP,JPN,JPN,Japan,Aluminium scrap,kt,1994.8846597767408,1210.0,1.0,Scrap allocated using 2019 secondary producer share from INF_Data,-16.9934106452548,1892.924195905212,0.8849945748317448,Existing values retained through 2024; 2025 extrapolated using a country-level OLS linear trend fitted over 2019-2024 and floored at zero; Zijie regional growth indexed to 2025 thereafter,1994.8846597767408,1977.891249131486,1960.8978384862312,1943.9044278409765,1926.9110171957216,1909.917606550467,1892.924195905212,1818.4755667501245,1752.6783507373375,1694.943590779765,1644.374141526916,1600.0322627991638,1561.4232335408278,1528.6478713626875,1501.7613608544937,1480.6273693978242,1465.294407442918,1456.4232678290007,1453.6297808673587,1456.477030024683,1464.1186714949868,1475.372328502299,1489.0041456366291,1504.6597459541508,1521.0009200318887,1535.9438116204715,1548.407704640068,1557.7040559119969,1563.3672720391849,1564.733813419237,1561.3529850981931,1553.4374933258423
"Taiwan, Province of China",TW,TWN,SKT,Other Asia,Aluminium scrap,kt,0.0,0.0,0.0,No secondary producer share; assigned zero,0.0,0.0,,Existing values retained through 2024; 2025 extrapolated using a country-level OLS linear trend fitted over 2019-2024 and floored at zero; Zijie regional growth indexed to 2025 thereafter,0.0,0.0,0.0,0.0,0.0,0.0,0.0,0.0,0.0,0.0,0.0,0.0,0.0,0.0,0.0,0.0,0.0,0.0,0.0,0.0,0.0,0.0,0.0,0.0,0.0,0.0,0.0,0.0,0.0,0.0,0.0,0.0
Republic of Korea,KR,KOR,SKT,Other Asia,Aluminium scrap,kt,1502.1237763535437,570.0,0.4859335038363171,Scrap allocated using 2019 secondary producer share from INF_Data,216.76797794212803,2802.731644006312,1.013069847308685,Existing values retained through 2024; 2025 extrapolated using a country-level OLS linear trend fitted over 2019-2024 and floored at zero; Zijie regional growth indexed to 2025 thereafter,1502.1237763535437,1718.8917542956715,1935.6597322378,2152.427710179928,2369.195688122056,2585.963666064184,2802.731644006312,3013.5780161048515,3231.8291764537425,3458.5381327144737,3693.711439218964,3937.368430216915,4188.218115483676,4444.37407500462,4704.416087898682,4967.149256417665,5231.856222814822,5498.582283446089,5767.5905617803555,6039.91809253722,6316.959353986504,6599.291744732447,6887.857614163704,7182.44792391978,7481.921075824365,7785.672666574191,8092.548848535787,8400.665571724527,8708.11197062634,9014.140293137942,9318.454082655262,9620.589930872731
Australia,AU,AUS,ANZ,Other main producer,Aluminium scrap,kt,414.2273698553621,1570.0,0.2257368799424874,Secondary-share fallback from primary producer shares; no explicit 2019 secondary producer map for region,15.888762573863655,509.55994529854405,0.9059094473490593,Existing values retained through 2024; 2025 extrapolated using a country-level OLS linear trend fitted over 2019-2024 and floored at zero; Zijie regional growth indexed to 2025 thereafter,414.2273698553621,430.1161324292257,446.0048950030894,461.89365757695305,477.78242015081673,493.6711827246804,509.55994529854405,515.575188390257,521.4431861574209,525.7805186878396,529.7029892686793,533.5840690483673,537.8910061566994,543.1144454240048,549.3865441533165,556.740914340663,565.0517403645257,573.9817413296768,583.2211604040292,592.6905050510799,602.3778088560249,612.3203906554273,622.586083058168,633.0682104649414,643.7405030437197,654.6505587406358,665.7546343991255,676.9965161902351,688.2182879701585,699.3574927134267,710.4815243287463,721.8375739553007
New Zealand,NZ,NZL,ANZ,Other main producer,Aluminium scrap,kt,92.6075202670268,351.0,0.0504672897196261,Secondary-share fallback from primary producer shares; no explicit 2019 secondary producer map for region,3.552201059507099,113.9207266240694,0.9059094473490594,Existing values retained through 2024; 2025 extrapolated using a country-level OLS linear trend fitted over 2019-2024 and floored at zero; Zijie regional growth indexed to 2025 thereafter,92.6075202670268,96.1597213265339,99.711922386041,103.26412344554812,106.8163245050552,110.3685255645623,113.9207266240694,115.26553574839505,116.57742569506671,117.54710959199473,118.42404409764741,119.2917249910681,120.25461347834491,121.42240149288259,122.82463503045484,124.46882862011002,126.32685405601816,128.32330650109333,130.3889345871428,132.50596641587836,134.67172669328966,136.89455867519428,139.18962748625285,141.53308399566527,143.91905513907363,146.3581822407409,148.8406857796771,151.3539982055876,153.86281469906092,156.35317193784255,158.8401369677643,161.3789735403252
United States of America,US,USA,USA,North America,Aluminium scrap,kt,4760.186266859137,3470.0,0.6912350597609562,Scrap allocated using 2019 secondary producer share from INF_Data,22.896194559479774,4897.563434216015,1.0161290089033908,Existing values retained through 2024; 2025 extrapolated using a country-level OLS linear trend fitted over 2019-2024 and floored at zero; Zijie regional growth indexed to 2025 thereafter,4760.186266859137,4783.082461418616,4805.978655978095,4828.874850537575,4851.771045097054,4874.667239656534,4897.563434216015,4925.316613263348,4958.967592983688,5000.18159320926,5045.034381596169,5092.883715878318,5145.437392546307,5201.092851554652,5259.379536104891,5320.8241253077285,5383.98625849403,5448.243698844889,5514.557403144663,5581.34046165485,5645.999936205707,5708.800167413536,5770.76067817646,5831.537925153196,5888.595489713368,5941.103162848281,5991.1928501704315,6037.106225055617,6079.880265699877,6119.630511481843,6154.97851393323,6187.93559110662
Canada,CA,CAN,CAN,North America,Aluminium scrap,kt,2126.3079866373664,1550.0,0.3087649402390438,Scrap allocated using 2019 secondary producer share from INF_Data,10.227406791698325,2187.6724273875566,1.0161290089033905,Existing values retained through 2024; 2025 extrapolated using a country-level OLS linear trend fitted over 2019-2024 and floored at zero; Zijie regional growth indexed to 2025 thereafter,2126.3079866373664,2136.5353934290647,2146.762800220763,2156.9902070124613,2167.21761380416,2177.445020595858,2187.6724273875566,2200.069380564319,2215.10079801865,2233.5105099349717,2253.5456171394985,2274.9192390810927,2298.394224336246,2323.2547319624523,2349.2905708825874,2376.737001218149,2404.950634197621,2433.6535254206274,2463.2749207130337,2493.1059699034627,2521.988444126468,2550.0404206025873,2577.7173058136923,2604.8656438004186,2630.3524521774402,2653.8068883039864,2676.18124431244,2696.6901005291656,2715.796660471126,2733.5525339472206,2749.3419874917877,2764.06344847702
Argentina,AR,ARG,LAM,South America,Aluminium scrap,kt,0.0,0.0,0.0,No secondary producer share; assigned zero,0.0,0.0,,Existing values retained through 2024; 2025 extrapolated using a country-level OLS linear trend fitted over 2019-2024 and floored at zero; Zijie regional growth indexed to 2025 thereafter,0.0,0.0,0.0,0.0,0.0,0.0,0.0,0.0,0.0,0.0,0.0,0.0,0.0,0.0,0.0,0.0,0.0,0.0,0.0,0.0,0.0,0.0,0.0,0.0,0.0,0.0,0.0,0.0,0.0,0.0,0.0,0.0
Venezuela (Bolivarian Republic of),VE,VEN,LAM,South America,Aluminium scrap,kt,0.0,0.0,0.0,No secondary producer share; assigned zero,0.0,0.0,,Existing values retained through 2024; 2025 extrapolated using a country-level OLS linear trend fitted over 2019-2024 and floored at zero; Zijie regional growth indexed to 2025 thereafter,0.0,0.0,0.0,0.0,0.0,0.0,0.0,0.0,0.0,0.0,0.0,0.0,0.0,0.0,0.0,0.0,0.0,0.0,0.0,0.0,0.0,0.0,0.0,0.0,0.0,0.0,0.0,0.0,0.0,0.0,0.0,0.0
Colombia,CO,COL,LAM,Rest of World,Aluminium scrap,kt,0.0,0.0,0.0,No secondary producer share; assigned zero,0.0,0.0,,Existing values retained through 2024; 2025 extrapolated using a country-level OLS linear trend fitted over 2019-2024 and floored at zero; Zijie regional growth indexed to 2025 thereafter,0.0,0.0,0.0,0.0,0.0,0.0,0.0,0.0,0.0,0.0,0.0,0.0,0.0,0.0,0.0,0.0,0.0,0.0,0.0,0.0,0.0,0.0,0.0,0.0,0.0,0.0,0.0,0.0,0.0,0.0,0.0,0.0
Peru,PE,PER,LAM,Rest of World,Aluminium scrap,kt,0.0,0.0,0.0,No secondary producer share; assigned zero,0.0,0.0,,Existing values retained through 2024; 2025 extrapolated using a country-level OLS linear trend fitted over 2019-2024 and floored at zero; Zijie regional growth indexed to 2025 thereafter,0.0,0.0,0.0,0.0,0.0,0.0,0.0,0.0,0.0,0.0,0.0,0.0,0.0,0.0,0.0,0.0,0.0,0.0,0.0,0.0,0.0,0.0,0.0,0.0,0.0,0.0,0.0,0.0,0.0,0.0,0.0,0.0
Trinidad and Tobago,TT,TTO,LAM,Rest of World,Aluminium scrap,kt,0.0,0.0,0.0,No secondary producer share; assigned zero,0.0,0.0,,Existing values retained through 2024; 2025 extrapolated using a country-level OLS linear trend fitted over 2019-2024 and floored at zero; Zijie regional growth indexed to 2025 thereafter,0.0,0.0,0.0,0.0,0.0,0.0,0.0,0.0,0.0,0.0,0.0,0.0,0.0,0.0,0.0,0.0,0.0,0.0,0.0,0.0,0.0,0.0,0.0,0.0,0.0,0.0,0.0,0.0,0.0,0.0,0.0,0.0
Ecuador,EC,ECU,LAM,Rest of World,Aluminium scrap,kt,0.0,0.0,0.0,No secondary producer share; assigned zero,0.0,0.0,,Existing values retained through 2024; 2025 extrapolated using a country-level OLS linear trend fitted over 2019-2024 and floored at zero; Zijie regional growth indexed to 2025 thereafter,0.0,0.0,0.0,0.0,0.0,0.0,0.0,0.0,0.0,0.0,0.0,0.0,0.0,0.0,0.0,0.0,0.0,0.0,0.0,0.0,0.0,0.0,0.0,0.0,0.0,0.0,0.0,0.0,0.0,0.0,0.0,0.0
Guatemala,GT,GTM,LAM,Rest of World,Aluminium scrap,kt,0.0,0.0,0.0,No secondary producer share; assigned zero,0.0,0.0,,Existing values retained through 2024; 2025 extrapolated using a country-level OLS linear trend fitted over 2019-2024 and floored at zero; Zijie regional growth indexed to 2025 thereafter,0.0,0.0,0.0,0.0,0.0,0.0,0.0,0.0,0.0,0.0,0.0,0.0,0.0,0.0,0.0,0.0,0.0,0.0,0.0,0.0,0.0,0.0,0.0,0.0,0.0,0.0,0.0,0.0,0.0,0.0,0.0,0.0
Cuba,CU,CUB,LAM,Rest of World,Aluminium scrap,kt,0.0,0.0,0.0,No secondary producer share; assigned zero,0.0,0.0,,Existing values retained through 2024; 2025 extrapolated using a country-level OLS linear trend fitted over 2019-2024 and floored at zero; Zijie regional growth indexed to 2025 thereafter,0.0,0.0,0.0,0.0,0.0,0.0,0.0,0.0,0.0,0.0,0.0,0.0,0.0,0.0,0.0,0.0,0.0,0.0,0.0,0.0,0.0,0.0,0.0,0.0,0.0,0.0,0.0,0.0,0.0,0.0,0.0,0.0
Bolivia (Plurinational State of),BO,BOL,LAM,Rest of World,Aluminium scrap,kt,0.0,0.0,0.0,No secondary producer share; assigned zero,0.0,0.0,,Existing values retained through 2024; 2025 extrapolated using a country-level OLS linear trend fitted over 2019-2024 and floored at zero; Zijie regional growth indexed to 2025 thereafter,0.0,0.0,0.0,0.0,0.0,0.0,0.0,0.0,0.0,0.0,0.0,0.0,0.0,0.0,0.0,0.0,0.0,0.0,0.0,0.0,0.0,0.0,0.0,0.0,0.0,0.0,0.0,0.0,0.0,0.0,0.0,0.0
Dominican Republic,DO,DOM,LAM,South America,Aluminium scrap,kt,0.0,0.0,0.0,No secondary producer share; assigned zero,0.0,0.0,,Existing values retained through 2024; 2025 extrapolated using a country-level OLS linear trend fitted over 2019-2024 and floored at zero; Zijie regional growth indexed to 2025 thereafter,0.0,0.0,0.0,0.0,0.0,0.0,0.0,0.0,0.0,0.0,0.0,0.0,0.0,0.0,0.0,0.0,0.0,0.0,0.0,0.0,0.0,0.0,0.0,0.0,0.0,0.0,0.0,0.0,0.0,0.0,0.0,0.0
Honduras,HN,HND,LAM,Rest of World,Aluminium scrap,kt,0.0,0.0,0.0,No secondary producer share; assigned zero,0.0,0.0,,Existing values retained through 2024; 2025 extrapolated using a country-level OLS linear trend fitted over 2019-2024 and floored at zero; Zijie regional growth indexed to 2025 thereafter,0.0,0.0,0.0,0.0,0.0,0.0,0.0,0.0,0.0,0.0,0.0,0.0,0.0,0.0,0.0,0.0,0.0,0.0,0.0,0.0,0.0,0.0,0.0,0.0,0.0,0.0,0.0,0.0,0.0,0.0,0.0,0.0
Paraguay,PY,PRY,LAM,Rest of World,Aluminium scrap,kt,0.0,0.0,0.0,No secondary producer share; assigned zero,0.0,0.0,,Existing values retained through 2024; 2025 extrapolated using a country-level OLS linear trend fitted over 2019-2024 and floored at zero; Zijie regional growth indexed to 2025 thereafter,0.0,0.0,0.0,0.0,0.0,0.0,0.0,0.0,0.0,0.0,0.0,0.0,0.0,0.0,0.0,0.0,0.0,0.0,0.0,0.0,0.0,0.0,0.0,0.0,0.0,0.0,0.0,0.0,0.0,0.0,0.0,0.0
Uruguay,UY,URY,LAM,Rest of World,Aluminium scrap,kt,0.0,0.0,0.0,No secondary producer share; assigned zero,0.0,0.0,,Existing values retained through 2024; 2025 extrapolated using a country-level OLS linear trend fitted over 2019-2024 and floored at zero; Zijie regional growth indexed to 2025 thereafter,0.0,0.0,0.0,0.0,0.0,0.0,0.0,0.0,0.0,0.0,0.0,0.0,0.0,0.0,0.0,0.0,0.0,0.0,0.0,0.0,0.0,0.0,0.0,0.0,0.0,0.0,0.0,0.0,0.0,0.0,0.0,0.0
Costa Rica,CR,CRI,LAM,Rest of World,Aluminium scrap,kt,0.0,0.0,0.0,No secondary producer share; assigned zero,0.0,0.0,,Existing values retained through 2024; 2025 extrapolated using a country-level OLS linear trend fitted over 2019-2024 and floored at zero; Zijie regional growth indexed to 2025 thereafter,0.0,0.0,0.0,0.0,0.0,0.0,0.0,0.0,0.0,0.0,0.0,0.0,0.0,0.0,0.0,0.0,0.0,0.0,0.0,0.0,0.0,0.0,0.0,0.0,0.0,0.0,0.0,0.0,0.0,0.0,0.0,0.0
El Salvador,SV,SLV,LAM,Rest of World,Aluminium scrap,kt,0.0,0.0,0.0,No secondary producer share; assigned zero,0.0,0.0,,Existing values retained through 2024; 2025 extrapolated using a country-level OLS linear trend fitted over 2019-2024 and floored at zero; Zijie regional growth indexed to 2025 thereafter,0.0,0.0,0.0,0.0,0.0,0.0,0.0,0.0,0.0,0.0,0.0,0.0,0.0,0.0,0.0,0.0,0.0,0.0,0.0,0.0,0.0,0.0,0.0,0.0,0.0,0.0,0.0,0.0,0.0,0.0,0.0,0.0
Haiti,HT,HTI,LAM,South America,Aluminium scrap,kt,0.0,0.0,0.0,No secondary producer share; assigned zero,0.0,0.0,,Existing values retained through 2024; 2025 extrapolated using a country-level OLS linear trend fitted over 2019-2024 and floored at zero; Zijie regional growth indexed to 2025 thereafter,0.0,0.0,0.0,0.0,0.0,0.0,0.0,0.0,0.0,0.0,0.0,0.0,0.0,0.0,0.0,0.0,0.0,0.0,0.0,0.0,0.0,0.0,0.0,0.0,0.0,0.0,0.0,0.0,0.0,0.0,0.0,0.0
Panama,PA,PAN,LAM,Rest of World,Aluminium scrap,kt,0.0,0.0,0.0,No secondary producer share; assigned zero,0.0,0.0,,Existing values retained through 2024; 2025 extrapolated using a country-level OLS linear trend fitted over 2019-2024 and floored at zero; Zijie regional growth indexed to 2025 thereafter,0.0,0.0,0.0,0.0,0.0,0.0,0.0,0.0,0.0,0.0,0.0,0.0,0.0,0.0,0.0,0.0,0.0,0.0,0.0,0.0,0.0,0.0,0.0,0.0,0.0,0.0,0.0,0.0,0.0,0.0,0.0,0.0
Nicaragua,NI,NIC,LAM,Rest of World,Aluminium scrap,kt,0.0,0.0,0.0,No secondary producer share; assigned zero,0.0,0.0,,Existing values retained through 2024; 2025 extrapolated using a country-level OLS linear trend fitted over 2019-2024 and floored at zero; Zijie regional growth indexed to 2025 thereafter,0.0,0.0,0.0,0.0,0.0,0.0,0.0,0.0,0.0,0.0,0.0,0.0,0.0,0.0,0.0,0.0,0.0,0.0,0.0,0.0,0.0,0.0,0.0,0.0,0.0,0.0,0.0,0.0,0.0,0.0,0.0,0.0
Jamaica,JM,JAM,LAM,South America,Aluminium scrap,kt,0.0,0.0,0.0,No secondary producer share; assigned zero,0.0,0.0,,Existing values retained through 2024; 2025 extrapolated using a country-level OLS linear trend fitted over 2019-2024 and floored at zero; Zijie regional growth indexed to 2025 thereafter,0.0,0.0,0.0,0.0,0.0,0.0,0.0,0.0,0.0,0.0,0.0,0.0,0.0,0.0,0.0,0.0,0.0,0.0,0.0,0.0,0.0,0.0,0.0,0.0,0.0,0.0,0.0,0.0,0.0,0.0,0.0,0.0
Curaçao,CW,CUW,LAM,Rest of World,Aluminium scrap,kt,0.0,0.0,0.0,No secondary producer share; assigned zero,0.0,0.0,,Existing values retained through 2024; 2025 extrapolated using a country-level OLS linear trend fitted over 2019-2024 and floored at zero; Zijie regional growth indexed to 2025 thereafter,0.0,0.0,0.0,0.0,0.0,0.0,0.0,0.0,0.0,0.0,0.0,0.0,0.0,0.0,0.0,0.0,0.0,0.0,0.0,0.0,0.0,0.0,0.0,0.0,0.0,0.0,0.0,0.0,0.0,0.0,0.0,0.0
Suriname,SR,SUR,LAM,South America,Aluminium scrap,kt,0.0,0.0,0.0,No secondary producer share; assigned zero,0.0,0.0,,Existing values retained through 2024; 2025 extrapolated using a country-level OLS linear trend fitted over 2019-2024 and floored at zero; Zijie regional growth indexed to 2025 thereafter,0.0,0.0,0.0,0.0,0.0,0.0,0.0,0.0,0.0,0.0,0.0,0.0,0.0,0.0,0.0,0.0,0.0,0.0,0.0,0.0,0.0,0.0,0.0,0.0,0.0,0.0,0.0,0.0,0.0,0.0,0.0,0.0
Antigua and Barbuda,AG,ATG,LAM,Rest of World,Aluminium scrap,kt,0.0,0.0,0.0,No secondary producer share; assigned zero,0.0,0.0,,Existing values retained through 2024; 2025 extrapolated using a country-level OLS linear trend fitted over 2019-2024 and floored at zero; Zijie regional growth indexed to 2025 thereafter,0.0,0.0,0.0,0.0,0.0,0.0,0.0,0.0,0.0,0.0,0.0,0.0,0.0,0.0,0.0,0.0,0.0,0.0,0.0,0.0,0.0,0.0,0.0,0.0,0.0,0.0,0.0,0.0,0.0,0.0,0.0,0.0
Aruba,AW,ABW,LAM,Rest of World,Aluminium scrap,kt,0.0,0.0,0.0,No secondary producer share; assigned zero,0.0,0.0,,Existing values retained through 2024; 2025 extrapolated using a country-level OLS linear trend fitted over 2019-2024 and floored at zero; Zijie regional growth indexed to 2025 thereafter,0.0,0.0,0.0,0.0,0.0,0.0,0.0,0.0,0.0,0.0,0.0,0.0,0.0,0.0,0.0,0.0,0.0,0.0,0.0,0.0,0.0,0.0,0.0,0.0,0.0,0.0,0.0,0.0,0.0,0.0,0.0,0.0
Bahamas,BS,BHS,LAM,Rest of World,Aluminium scrap,kt,0.0,0.0,0.0,No secondary producer share; assigned zero,0.0,0.0,,Existing values retained through 2024; 2025 extrapolated using a country-level OLS linear trend fitted over 2019-2024 and floored at zero; Zijie regional growth indexed to 2025 thereafter,0.0,0.0,0.0,0.0,0.0,0.0,0.0,0.0,0.0,0.0,0.0,0.0,0.0,0.0,0.0,0.0,0.0,0.0,0.0,0.0,0.0,0.0,0.0,0.0,0.0,0.0,0.0,0.0,0.0,0.0,0.0,0.0
Barbados,BB,BRB,LAM,Rest of World,Aluminium scrap,kt,0.0,0.0,0.0,No secondary producer share; assigned zero,0.0,0.0,,Existing values retained through 2024; 2025 extrapolated using a country-level OLS linear trend fitted over 2019-2024 and floored at zero; Zijie regional growth indexed to 2025 thereafter,0.0,0.0,0.0,0.0,0.0,0.0,0.0,0.0,0.0,0.0,0.0,0.0,0.0,0.0,0.0,0.0,0.0,0.0,0.0,0.0,0.0,0.0,0.0,0.0,0.0,0.0,0.0,0.0,0.0,0.0,0.0,0.0
Belize,BZ,BLZ,LAM,Rest of World,Aluminium scrap,kt,0.0,0.0,0.0,No secondary producer share; assigned zero,0.0,0.0,,Existing values retained through 2024; 2025 extrapolated using a country-level OLS linear trend fitted over 2019-2024 and floored at zero; Zijie regional growth indexed to 2025 thereafter,0.0,0.0,0.0,0.0,0.0,0.0,0.0,0.0,0.0,0.0,0.0,0.0,0.0,0.0,0.0,0.0,0.0,0.0,0.0,0.0,0.0,0.0,0.0,0.0,0.0,0.0,0.0,0.0,0.0,0.0,0.0,0.0
Bermuda,BM,BMU,LAM,Rest of World,Aluminium scrap,kt,0.0,0.0,0.0,No secondary producer share; assigned zero,0.0,0.0,,Existing values retained through 2024; 2025 extrapolated using a country-level OLS linear trend fitted over 2019-2024 and floored at zero; Zijie regional growth indexed to 2025 thereafter,0.0,0.0,0.0,0.0,0.0,0.0,0.0,0.0,0.0,0.0,0.0,0.0,0.0,0.0,0.0,0.0,0.0,0.0,0.0,0.0,0.0,0.0,0.0,0.0,0.0,0.0,0.0,0.0,0.0,0.0,0.0,0.0
British Virgin Islands,VG,VGB,LAM,Rest of World,Aluminium scrap,kt,0.0,0.0,0.0,No secondary producer share; assigned zero,0.0,0.0,,Existing values retained through 2024; 2025 extrapolated using a country-level OLS linear trend fitted over 2019-2024 and floored at zero; Zijie regional growth indexed to 2025 thereafter,0.0,0.0,0.0,0.0,0.0,0.0,0.0,0.0,0.0,0.0,0.0,0.0,0.0,0.0,0.0,0.0,0.0,0.0,0.0,0.0,0.0,0.0,0.0,0.0,0.0,0.0,0.0,0.0,0.0,0.0,0.0,0.0
Cayman Islands,KY,CYM,LAM,Rest of World,Aluminium scrap,kt,0.0,0.0,0.0,No secondary producer share; assigned zero,0.0,0.0,,Existing values retained through 2024; 2025 extrapolated using a country-level OLS linear trend fitted over 2019-2024 and floored at zero; Zijie regional growth indexed to 2025 thereafter,0.0,0.0,0.0,0.0,0.0,0.0,0.0,0.0,0.0,0.0,0.0,0.0,0.0,0.0,0.0,0.0,0.0,0.0,0.0,0.0,0.0,0.0,0.0,0.0,0.0,0.0,0.0,0.0,0.0,0.0,0.0,0.0
Dominica,DM,DMA,LAM,Rest of World,Aluminium scrap,kt,0.0,0.0,0.0,No secondary producer share; assigned zero,0.0,0.0,,Existing values retained through 2024; 2025 extrapolated using a country-level OLS linear trend fitted over 2019-2024 and floored at zero; Zijie regional growth indexed to 2025 thereafter,0.0,0.0,0.0,0.0,0.0,0.0,0.0,0.0,0.0,0.0,0.0,0.0,0.0,0.0,0.0,0.0,0.0,0.0,0.0,0.0,0.0,0.0,0.0,0.0,0.0,0.0,0.0,0.0,0.0,0.0,0.0,0.0
Falkland Islands (Malvinas),FK,FLK,LAM,Rest of World,Aluminium scrap,kt,0.0,0.0,0.0,No secondary producer share; assigned zero,0.0,0.0,,Existing values retained through 2024; 2025 extrapolated using a country-level OLS linear trend fitted over 2019-2024 and floored at zero; Zijie regional growth indexed to 2025 thereafter,0.0,0.0,0.0,0.0,0.0,0.0,0.0,0.0,0.0,0.0,0.0,0.0,0.0,0.0,0.0,0.0,0.0,0.0,0.0,0.0,0.0,0.0,0.0,0.0,0.0,0.0,0.0,0.0,0.0,0.0,0.0,0.0
Guyana,GY,GUY,LAM,South America,Aluminium scrap,kt,0.0,0.0,0.0,No secondary producer share; assigned zero,0.0,0.0,,Existing values retained through 2024; 2025 extrapolated using a country-level OLS linear trend fitted over 2019-2024 and floored at zero; Zijie regional growth indexed to 2025 thereafter,0.0,0.0,0.0,0.0,0.0,0.0,0.0,0.0,0.0,0.0,0.0,0.0,0.0,0.0,0.0,0.0,0.0,0.0,0.0,0.0,0.0,0.0,0.0,0.0,0.0,0.0,0.0,0.0,0.0,0.0,0.0,0.0
Grenada,GD,GRD,LAM,Rest of World,Aluminium scrap,kt,0.0,0.0,0.0,No secondary producer share; assigned zero,0.0,0.0,,Existing values retained through 2024; 2025 extrapolated using a country-level OLS linear trend fitted over 2019-2024 and floored at zero; Zijie regional growth indexed to 2025 thereafter,0.0,0.0,0.0,0.0,0.0,0.0,0.0,0.0,0.0,0.0,0.0,0.0,0.0,0.0,0.0,0.0,0.0,0.0,0.0,0.0,0.0,0.0,0.0,0.0,0.0,0.0,0.0,0.0,0.0,0.0,0.0,0.0
Guadeloupe,GP,GLP,LAM,Rest of World,Aluminium scrap,kt,0.0,0.0,0.0,No secondary producer share; assigned zero,0.0,0.0,,Existing values retained through 2024; 2025 extrapolated using a country-level OLS linear trend fitted over 2019-2024 and floored at zero; Zijie regional growth indexed to 2025 thereafter,0.0,0.0,0.0,0.0,0.0,0.0,0.0,0.0,0.0,0.0,0.0,0.0,0.0,0.0,0.0,0.0,0.0,0.0,0.0,0.0,0.0,0.0,0.0,0.0,0.0,0.0,0.0,0.0,0.0,0.0,0.0,0.0
Cooperative Republic of Guyana,GY,GUY,LAM,South America,Aluminium scrap,kt,0.0,0.0,0.0,No secondary producer share; assigned zero,0.0,0.0,,Existing values retained through 2024; 2025 extrapolated using a country-level OLS linear trend fitted over 2019-2024 and floored at zero; Zijie regional growth indexed to 2025 thereafter,0.0,0.0,0.0,0.0,0.0,0.0,0.0,0.0,0.0,0.0,0.0,0.0,0.0,0.0,0.0,0.0,0.0,0.0,0.0,0.0,0.0,0.0,0.0,0.0,0.0,0.0,0.0,0.0,0.0,0.0,0.0,0.0
Martinique,MQ,MTQ,LAM,Rest of World,Aluminium scrap,kt,0.0,0.0,0.0,No secondary producer share; assigned zero,0.0,0.0,,Existing values retained through 2024; 2025 extrapolated using a country-level OLS linear trend fitted over 2019-2024 and floored at zero; Zijie regional growth indexed to 2025 thereafter,0.0,0.0,0.0,0.0,0.0,0.0,0.0,0.0,0.0,0.0,0.0,0.0,0.0,0.0,0.0,0.0,0.0,0.0,0.0,0.0,0.0,0.0,0.0,0.0,0.0,0.0,0.0,0.0,0.0,0.0,0.0,0.0
Montserrat,MS,MSR,LAM,Rest of World,Aluminium scrap,kt,0.0,0.0,0.0,No secondary producer share; assigned zero,0.0,0.0,,Existing values retained through 2024; 2025 extrapolated using a country-level OLS linear trend fitted over 2019-2024 and floored at zero; Zijie regional growth indexed to 2025 thereafter,0.0,0.0,0.0,0.0,0.0,0.0,0.0,0.0,0.0,0.0,0.0,0.0,0.0,0.0,0.0,0.0,0.0,0.0,0.0,0.0,0.0,0.0,0.0,0.0,0.0,0.0,0.0,0.0,0.0,0.0,0.0,0.0
Puerto Rico,PR,PRI,LAM,Rest of World,Aluminium scrap,kt,0.0,0.0,0.0,No secondary producer share; assigned zero,0.0,0.0,,Existing values retained through 2024; 2025 extrapolated using a country-level OLS linear trend fitted over 2019-2024 and floored at zero; Zijie regional growth indexed to 2025 thereafter,0.0,0.0,0.0,0.0,0.0,0.0,0.0,0.0,0.0,0.0,0.0,0.0,0.0,0.0,0.0,0.0,0.0,0.0,0.0,0.0,0.0,0.0,0.0,0.0,0.0,0.0,0.0,0.0,0.0,0.0,0.0,0.0
"Bonaire, Sint Eustatius and Saba",BQ,BES,LAM,Rest of World,Aluminium scrap,kt,0.0,0.0,0.0,No secondary producer share; assigned zero,0.0,0.0,,Existing values retained through 2024; 2025 extrapolated using a country-level OLS linear trend fitted over 2019-2024 and floored at zero; Zijie regional growth indexed to 2025 thereafter,0.0,0.0,0.0,0.0,0.0,0.0,0.0,0.0,0.0,0.0,0.0,0.0,0.0,0.0,0.0,0.0,0.0,0.0,0.0,0.0,0.0,0.0,0.0,0.0,0.0,0.0,0.0,0.0,0.0,0.0,0.0,0.0
Saint Kitts and Nevis,KN,KNA,LAM,Rest of World,Aluminium scrap,kt,0.0,0.0,0.0,No secondary producer share; assigned zero,0.0,0.0,,Existing values retained through 2024; 2025 extrapolated using a country-level OLS linear trend fitted over 2019-2024 and floored at zero; Zijie regional growth indexed to 2025 thereafter,0.0,0.0,0.0,0.0,0.0,0.0,0.0,0.0,0.0,0.0,0.0,0.0,0.0,0.0,0.0,0.0,0.0,0.0,0.0,0.0,0.0,0.0,0.0,0.0,0.0,0.0,0.0,0.0,0.0,0.0,0.0,0.0
Saint Lucia,LC,LCA,LAM,Rest of World,Aluminium scrap,kt,0.0,0.0,0.0,No secondary producer share; assigned zero,0.0,0.0,,Existing values retained through 2024; 2025 extrapolated using a country-level OLS linear trend fitted over 2019-2024 and floored at zero; Zijie regional growth indexed to 2025 thereafter,0.0,0.0,0.0,0.0,0.0,0.0,0.0,0.0,0.0,0.0,0.0,0.0,0.0,0.0,0.0,0.0,0.0,0.0,0.0,0.0,0.0,0.0,0.0,0.0,0.0,0.0,0.0,0.0,0.0,0.0,0.0,0.0
Saint Pierre and Miquelon,PM,SPM,LAM,Rest of World,Aluminium scrap,kt,0.0,0.0,0.0,No secondary producer share; assigned zero,0.0,0.0,,Existing values retained through 2024; 2025 extrapolated using a country-level OLS linear trend fitted over 2019-2024 and floored at zero; Zijie regional growth indexed to 2025 thereafter,0.0,0.0,0.0,0.0,0.0,0.0,0.0,0.0,0.0,0.0,0.0,0.0,0.0,0.0,0.0,0.0,0.0,0.0,0.0,0.0,0.0,0.0,0.0,0.0,0.0,0.0,0.0,0.0,0.0,0.0,0.0,0.0
Saint Vincent and the Grenadines,VC,VCT,LAM,Rest of World,Aluminium scrap,kt,0.0,0.0,0.0,No secondary producer share; assigned zero,0.0,0.0,,Existing values retained through 2024; 2025 extrapolated using a country-level OLS linear trend fitted over 2019-2024 and floored at zero; Zijie regional growth indexed to 2025 thereafter,0.0,0.0,0.0,0.0,0.0,0.0,0.0,0.0,0.0,0.0,0.0,0.0,0.0,0.0,0.0,0.0,0.0,0.0,0.0,0.0,0.0,0.0,0.0,0.0,0.0,0.0,0.0,0.0,0.0,0.0,0.0,0.0
Saint Martin,MF,MAF,LAM,Rest of World,Aluminium scrap,kt,0.0,0.0,0.0,No secondary producer share; assigned zero,0.0,0.0,,Existing values retained through 2024; 2025 extrapolated using a country-level OLS linear trend fitted over 2019-2024 and floored at zero; Zijie regional growth indexed to 2025 thereafter,0.0,0.0,0.0,0.0,0.0,0.0,0.0,0.0,0.0,0.0,0.0,0.0,0.0,0.0,0.0,0.0,0.0,0.0,0.0,0.0,0.0,0.0,0.0,0.0,0.0,0.0,0.0,0.0,0.0,0.0,0.0,0.0
Turks and Caicos Islands,TC,TCA,LAM,Rest of World,Aluminium scrap,kt,0.0,0.0,0.0,No secondary producer share; assigned zero,0.0,0.0,,Existing values retained through 2024; 2025 extrapolated using a country-level OLS linear trend fitted over 2019-2024 and floored at zero; Zijie regional growth indexed to 2025 thereafter,0.0,0.0,0.0,0.0,0.0,0.0,0.0,0.0,0.0,0.0,0.0,0.0,0.0,0.0,0.0,0.0,0.0,0.0,0.0,0.0,0.0,0.0,0.0,0.0,0.0,0.0,0.0,0.0,0.0,0.0,0.0,0.0
Sint Maarten (Dutch part),SX,SXM,LAM,Rest of World,Aluminium scrap,kt,0.0,0.0,0.0,No secondary producer share; assigned zero,0.0,0.0,,Existing values retained through 2024; 2025 extrapolated using a country-level OLS linear trend fitted over 2019-2024 and floored at zero; Zijie regional growth indexed to 2025 thereafter,0.0,0.0,0.0,0.0,0.0,0.0,0.0,0.0,0.0,0.0,0.0,0.0,0.0,0.0,0.0,0.0,0.0,0.0,0.0,0.0,0.0,0.0,0.0,0.0,0.0,0.0,0.0,0.0,0.0,0.0,0.0,0.0
Anguilla,AI,AIA,LAM,Rest of World,Aluminium scrap,kt,0.0,0.0,0.0,No secondary producer share; assigned zero,0.0,0.0,,Existing values retained through 2024; 2025 extrapolated using a country-level OLS linear trend fitted over 2019-2024 and floored at zero; Zijie regional growth indexed to 2025 thereafter,0.0,0.0,0.0,0.0,0.0,0.0,0.0,0.0,0.0,0.0,0.0,0.0,0.0,0.0,0.0,0.0,0.0,0.0,0.0,0.0,0.0,0.0,0.0,0.0,0.0,0.0,0.0,0.0,0.0,0.0,0.0,0.0
Brazil,BR,BRA,BRA,South America,Aluminium scrap,kt,1750.5457152900922,760.8000000000001,1.0,Scrap allocated using 2019 secondary producer share from INF_Data,81.18330807817594,2237.645563759148,1.000573954694752,Existing values retained through 2024; 2025 extrapolated using a country-level OLS linear trend fitted over 2019-2024 and floored at zero; Zijie regional growth indexed to 2025 thereafter,1750.5457152900922,1831.729023368268,1912.912331446444,1994.09563952462,2075.278947602796,2156.462255680972,2237.645563759148,2325.2487942425923,2408.5877565990745,2488.744789765772,2567.1710119732775,2645.0793890305727,2722.8747604169607,2800.6302500745574,2877.963567827647,2954.541238714364,3029.5984963482983,3102.575459524986,3173.7525088523544,3243.7210531576343,3313.0085901263906,3382.2766654836432,3451.905491464322,3522.120287469498,3592.9854460735382,3664.0919876484504,3734.988314408162,3805.103048771512,3874.0316193939916,3941.182940936989,4006.160016364836,4069.306976537391
Mexico,MX,MEX,MEX,North America,Aluminium scrap,kt,0.0,0.0,0.0,No secondary producer share; assigned zero,0.0,0.0,,Existing values retained through 2024; 2025 extrapolated using a country-level OLS linear trend fitted over 2019-2024 and floored at zero; Zijie regional growth indexed to 2025 thereafter,0.0,0.0,0.0,0.0,0.0,0.0,0.0,0.0,0.0,0.0,0.0,0.0,0.0,0.0,0.0,0.0,0.0,0.0,0.0,0.0,0.0,0.0,0.0,0.0,0.0,0.0,0.0,0.0,0.0,0.0,0.0,0.0
Chile,CL,CHL,CHL,Rest of World,Aluminium scrap,kt,0.0,0.0,0.0,No secondary producer share; assigned zero,0.0,0.0,,Existing values retained through 2024; 2025 extrapolated using a country-level OLS linear trend fitted over 2019-2024 and floored at zero; Zijie regional growth indexed to 2025 thereafter,0.0,0.0,0.0,0.0,0.0,0.0,0.0,0.0,0.0,0.0,0.0,0.0,0.0,0.0,0.0,0.0,0.0,0.0,0.0,0.0,0.0,0.0,0.0,0.0,0.0,0.0,0.0,0.0,0.0,0.0,0.0,0.0
Ukraine,UA,UKR,ENE,Europe,Aluminium scrap,kt,0.0,0.0,0.0,No secondary producer share; assigned zero,0.0,0.0,,Existing values retained through 2024; 2025 extrapolated using a country-level OLS linear trend fitted over 2019-2024 and floored at zero; Zijie regional growth indexed to 2025 thereafter,0.0,0.0,0.0,0.0,0.0,0.0,0.0,0.0,0.0,0.0,0.0,0.0,0.0,0.0,0.0,0.0,0.0,0.0,0.0,0.0,0.0,0.0,0.0,0.0,0.0,0.0,0.0,0.0,0.0,0.0,0.0,0.0
Belarus,BY,BLR,ENE,Rest of World,Aluminium scrap,kt,0.0,0.0,0.0,No secondary producer share; assigned zero,0.0,0.0,,Existing values retained through 2024; 2025 extrapolated using a country-level OLS linear trend fitted over 2019-2024 and floored at zero; Zijie regional growth indexed to 2025 thereafter,0.0,0.0,0.0,0.0,0.0,0.0,0.0,0.0,0.0,0.0,0.0,0.0,0.0,0.0,0.0,0.0,0.0,0.0,0.0,0.0,0.0,0.0,0.0,0.0,0.0,0.0,0.0,0.0,0.0,0.0,0.0,0.0
Serbia,RS,SRB,ENE,Europe,Aluminium scrap,kt,311.0182368622395,79.0,0.0342881944444444,Scrap allocated using 2019 secondary producer share from INF_Data,1.6148663222140385,320.7074347955238,1.025389006827161,Existing values retained through 2024; 2025 extrapolated using a country-level OLS linear trend fitted over 2019-2024 and floored at zero; Zijie regional growth indexed to 2025 thereafter,311.0182368622395,312.6331031844536,314.24796950666763,315.8628358288817,317.47770215109574,319.0925684733098,320.7074347955238,322.7544916439895,325.1013440031496,328.4489922145697,332.4629476343756,337.12920891853736,342.3177988994575,347.87212487935057,353.57938033443685,359.1723022459901,364.4440800406418,369.24189834985486,373.4892210188584,377.11732851249195,380.0932182606986,382.4587938786,384.2586456080452,385.49058154151953,386.1581694805702,386.36639605368026,386.22630367300195,385.83694956906635,385.27478369665926,384.6181708694735,383.9502236829489,383.3463647714103
Bosnia and Herzegovina,BA,BIH,ENE,Rest of World,Aluminium scrap,kt,25.20970244399384,55.0,0.0721784776902887,Secondary-share fallback from primary producer shares; no explicit 2019 secondary producer map for region,16.92714699330975,126.77258440385235,0.9619373166700166,Existing values retained through 2024; 2025 extrapolated using a country-level OLS linear trend fitted over 2019-2024 and floored at zero; Zijie regional growth indexed to 2025 thereafter,25.20970244399384,42.1368494373036,59.063996430613344,75.99114342392309,92.91829041723284,109.8454374105426,126.77258440385235,142.64013887046272,158.05759379246072,173.16796489903146,188.24022305444777,203.36155145688156,218.51375534777208,233.57122294352604,248.33807966441552,262.61021207495185,276.26574845819516,289.3696580254223,302.1800631159454,315.1377510285766,328.80641298622953,343.68311730344374,360.0666113823632,378.13396214082485,397.9173041052985,419.2175248571176,441.7373888384332,465.2196030060601,489.3876838261138,514.0370623791262,539.0494755125656,564.2629295950159
Republic of Moldova,MD,MDA,ENE,Europe,Aluminium scrap,kt,0.0,0.0,0.0,No secondary producer share; assigned zero,0.0,0.0,,Existing values retained through 2024; 2025 extrapolated using a country-level OLS linear trend fitted over 2019-2024 and floored at zero; Zijie regional growth indexed to 2025 thereafter,0.0,0.0,0.0,0.0,0.0,0.0,0.0,0.0,0.0,0.0,0.0,0.0,0.0,0.0,0.0,0.0,0.0,0.0,0.0,0.0,0.0,0.0,0.0,0.0,0.0,0.0,0.0,0.0,0.0,0.0,0.0,0.0
Republic of North Macedonia,MK,MKD,ENE,Europe,Aluminium scrap,kt,0.0,0.0,0.0,No secondary producer share; assigned zero,0.0,0.0,,Existing values retained through 2024; 2025 extrapolated using a country-level OLS linear trend fitted over 2019-2024 and floored at zero; Zijie regional growth indexed to 2025 thereafter,0.0,0.0,0.0,0.0,0.0,0.0,0.0,0.0,0.0,0.0,0.0,0.0,0.0,0.0,0.0,0.0,0.0,0.0,0.0,0.0,0.0,0.0,0.0,0.0,0.0,0.0,0.0,0.0,0.0,0.0,0.0,0.0
Kosovo,XK,XKX,ENE,Rest of World,Aluminium scrap,kt,0.0,0.0,0.0,No secondary producer share; assigned zero,0.0,0.0,,Existing values retained through 2024; 2025 extrapolated using a country-level OLS linear trend fitted over 2019-2024 and floored at zero; Zijie regional growth indexed to 2025 thereafter,0.0,0.0,0.0,0.0,0.0,0.0,0.0,0.0,0.0,0.0,0.0,0.0,0.0,0.0,0.0,0.0,0.0,0.0,0.0,0.0,0.0,0.0,0.0,0.0,0.0,0.0,0.0,0.0,0.0,0.0,0.0,0.0
Albania,AL,ALB,ENE,Rest of World,Aluminium scrap,kt,0.0,0.0,0.0,No secondary producer share; assigned zero,0.0,0.0,,Existing values retained through 2024; 2025 extrapolated using a country-level OLS linear trend fitted over 2019-2024 and floored at zero; Zijie regional growth indexed to 2025 thereafter,0.0,0.0,0.0,0.0,0.0,0.0,0.0,0.0,0.0,0.0,0.0,0.0,0.0,0.0,0.0,0.0,0.0,0.0,0.0,0.0,0.0,0.0,0.0,0.0,0.0,0.0,0.0,0.0,0.0,0.0,0.0,0.0
Montenegro,ME,MNE,ENE,Europe,Aluminium scrap,kt,0.0,0.0,0.0,No secondary producer share; assigned zero,0.0,0.0,,Existing values retained through 2024; 2025 extrapolated using a country-level OLS linear trend fitted over 2019-2024 and floored at zero; Zijie regional growth indexed to 2025 thereafter,0.0,0.0,0.0,0.0,0.0,0.0,0.0,0.0,0.0,0.0,0.0,0.0,0.0,0.0,0.0,0.0,0.0,0.0,0.0,0.0,0.0,0.0,0.0,0.0,0.0,0.0,0.0,0.0,0.0,0.0,0.0,0.0
Norway,NO,NOR,ENW,Europe,Aluminium scrap,kt,0.0,0.0,0.0,No secondary producer share; assigned zero,0.0,0.0,,Existing values retained through 2024; 2025 extrapolated using a country-level OLS linear trend fitted over 2019-2024 and floored at zero; Zijie regional growth indexed to 2025 thereafter,0.0,0.0,0.0,0.0,0.0,0.0,0.0,0.0,0.0,0.0,0.0,0.0,0.0,0.0,0.0,0.0,0.0,0.0,0.0,0.0,0.0,0.0,0.0,0.0,0.0,0.0,0.0,0.0,0.0,0.0,0.0,0.0
Svalbard and Jan Mayen Islands,SJ,SJM,ENW,Rest of World,Aluminium scrap,kt,0.0,0.0,0.0,No secondary producer share; assigned zero,0.0,0.0,,Existing values retained through 2024; 2025 extrapolated using a country-level OLS linear trend fitted over 2019-2024 and floored at zero; Zijie regional growth indexed to 2025 thereafter,0.0,0.0,0.0,0.0,0.0,0.0,0.0,0.0,0.0,0.0,0.0,0.0,0.0,0.0,0.0,0.0,0.0,0.0,0.0,0.0,0.0,0.0,0.0,0.0,0.0,0.0,0.0,0.0,0.0,0.0,0.0,0.0
Switzerland,CH,CHE,ENW,Europe,Aluminium scrap,kt,0.0,0.0,0.0,No secondary producer share; assigned zero,0.0,0.0,,Existing values retained through 2024; 2025 extrapolated using a country-level OLS linear trend fitted over 2019-2024 and floored at zero; Zijie regional growth indexed to 2025 thereafter,0.0,0.0,0.0,0.0,0.0,0.0,0.0,0.0,0.0,0.0,0.0,0.0,0.0,0.0,0.0,0.0,0.0,0.0,0.0,0.0,0.0,0.0,0.0,0.0,0.0,0.0,0.0,0.0,0.0,0.0,0.0,0.0
Liechtenstein,LI,LIE,ENW,Rest of World,Aluminium scrap,kt,0.0,0.0,0.0,No secondary producer share; assigned zero,0.0,0.0,,Existing values retained through 2024; 2025 extrapolated using a country-level OLS linear trend fitted over 2019-2024 and floored at zero; Zijie regional growth indexed to 2025 thereafter,0.0,0.0,0.0,0.0,0.0,0.0,0.0,0.0,0.0,0.0,0.0,0.0,0.0,0.0,0.0,0.0,0.0,0.0,0.0,0.0,0.0,0.0,0.0,0.0,0.0,0.0,0.0,0.0,0.0,0.0,0.0,0.0
Iceland,IS,ISL,ENW,Europe,Aluminium scrap,kt,0.0,0.0,0.0,No secondary producer share; assigned zero,0.0,0.0,,Existing values retained through 2024; 2025 extrapolated using a country-level OLS linear trend fitted over 2019-2024 and floored at zero; Zijie regional growth indexed to 2025 thereafter,0.0,0.0,0.0,0.0,0.0,0.0,0.0,0.0,0.0,0.0,0.0,0.0,0.0,0.0,0.0,0.0,0.0,0.0,0.0,0.0,0.0,0.0,0.0,0.0,0.0,0.0,0.0,0.0,0.0,0.0,0.0,0.0
United Kingdom of Great Britain and Northern Ireland,GB,GBR,ENW,UK,Aluminium scrap,kt,281.8043338127871,149.0,1.0,Scrap allocated using 2019 secondary producer share from INF_Data,16.30768874015617,379.6504662537241,0.9248617449754155,Existing values retained through 2024; 2025 extrapolated using a country-level OLS linear trend fitted over 2019-2024 and floored at zero; Zijie regional growth indexed to 2025 thereafter,281.8043338127871,298.11202255294324,314.4197112930994,330.7274000332556,347.03508877341176,363.3427775135679,379.6504662537241,393.2876156161783,404.8231832328081,414.0980535128988,420.9308050214872,426.5359800238332,430.9506696236916,434.5980699025456,438.7131932951133,442.86943044286846,447.39514743255467,452.3699795876823,457.3253031718562,462.6387821477766,467.734107660028,472.387656404953,476.80790859872246,480.8593868974477,484.7715797644557,488.257668819062,491.36218643183594,494.35640828413835,497.0955025178753,499.3897557731907,500.9890885408408,501.9978423814243
Gibraltar,GI,GIB,ENW,Rest of World,Aluminium scrap,kt,0.0,0.0,0.0,No secondary producer share; assigned zero,0.0,0.0,,Existing values retained through 2024; 2025 extrapolated using a country-level OLS linear trend fitted over 2019-2024 and floored at zero; Zijie regional growth indexed to 2025 thereafter,0.0,0.0,0.0,0.0,0.0,0.0,0.0,0.0,0.0,0.0,0.0,0.0,0.0,0.0,0.0,0.0,0.0,0.0,0.0,0.0,0.0,0.0,0.0,0.0,0.0,0.0,0.0,0.0,0.0,0.0,0.0,0.0
Saint Helena,SH ,SHN,ENW,Rest of World,Aluminium scrap,kt,0.0,0.0,0.0,No secondary producer share; assigned zero,0.0,0.0,,Existing values retained through 2024; 2025 extrapolated using a country-level OLS linear trend fitted over 2019-2024 and floored at zero; Zijie regional growth indexed to 2025 thereafter,0.0,0.0,0.0,0.0,0.0,0.0,0.0,0.0,0.0,0.0,0.0,0.0,0.0,0.0,0.0,0.0,0.0,0.0,0.0,0.0,0.0,0.0,0.0,0.0,0.0,0.0,0.0,0.0,0.0,0.0,0.0,0.0
Liechtenstein,LI,LIE,ENW,Rest of World,Aluminium scrap,kt,0.0,0.0,0.0,No secondary producer share; assigned zero,0.0,0.0,,Existing values retained through 2024; 2025 extrapolated using a country-level OLS linear trend fitted over 2019-2024 and floored at zero; Zijie regional growth indexed to 2025 thereafter,0.0,0.0,0.0,0.0,0.0,0.0,0.0,0.0,0.0,0.0,0.0,0.0,0.0,0.0,0.0,0.0,0.0,0.0,0.0,0.0,0.0,0.0,0.0,0.0,0.0,0.0,0.0,0.0,0.0,0.0,0.0,0.0
Poland,PL,POL,EUE,Europe,Aluminium scrap,kt,51.180216192520426,13.0,0.0056423611111111,Scrap allocated using 2019 secondary producer share from INF_Data,0.26573749606054176,52.774641168883676,1.0253890068271614,Existing values retained through 2024; 2025 extrapolated using a country-level OLS linear trend fitted over 2019-2024 and floored at zero; Zijie regional growth indexed to 2025 thereafter,51.180216192520426,51.44595368858097,51.71169118464151,51.97742868070205,52.24316617676259,52.50890367282314,52.774641168883676,53.11149862496031,53.49768951950565,54.048568339106424,54.709092648694735,55.476958429632745,56.33077703408795,57.24478004343745,58.183948662628865,59.104302901238896,59.97181063959929,60.761325044912844,61.46025156006532,62.05728190711895,62.546985283406116,62.93625722052912,63.23243535322264,63.43515898784501,63.54501523097992,63.579280363263855,63.55622718669653,63.49215625820081,63.399647950083185,63.29159773801464,63.1816823782068,63.08231319023209
Czechia,CZ,CZE,EUE,Europe,Aluminium scrap,kt,259.83802066971907,66.0,0.0286458333333333,Scrap allocated using 2019 secondary producer share from INF_Data,1.3491288261535375,267.93279362664026,1.0253890068271618,Existing values retained through 2024; 2025 extrapolated using a country-level OLS linear trend fitted over 2019-2024 and floored at zero; Zijie regional growth indexed to 2025 thereafter,259.83802066971907,261.1871494958726,262.53627832202613,263.88540714817964,265.2345359743332,266.5836648004867,267.93279362664026,269.64299301902935,271.6036544836441,274.40042387546345,277.753854985681,281.65225048890477,285.9870218653697,290.6273448359133,295.3954316718081,300.0679993447514,304.47226940104264,308.4805733049422,312.02896945879326,315.0600466053732,317.5462329772927,319.52253665807103,321.02621025482273,322.0554225536747,322.6131542495904,322.78711569041656,322.67007648630556,322.3447933108657,321.87513574657623,321.326573131459,320.76854130474226,320.2640515811784
Romania,RO,ROU,EUE,Europe,Aluminium scrap,kt,31.495517656935647,8.0,0.0034722222222222,Scrap allocated using 2019 secondary producer share from INF_Data,0.16353076680648784,32.47670225777457,1.0253890068271616,Existing values retained through 2024; 2025 extrapolated using a country-level OLS linear trend fitted over 2019-2024 and floored at zero; Zijie regional growth indexed to 2025 thereafter,31.495517656935647,31.65904842374213,31.82257919054862,31.986109957355108,32.14964072416159,32.31317149096808,32.47670225777457,32.68399915382173,32.921655088926556,33.26065743945011,33.6671339376583,34.139666725927846,34.66509355943874,35.22755694980766,35.80550686931007,36.37187870845471,36.905729624368796,37.391584643023286,37.821693267732506,38.18909655822704,38.49045248209607,38.730004443402535,38.91226790967547,39.037020915596926,39.1046247575261,39.125710992777755,39.111524422582484,39.072096158892805,39.01516796928196,38.94867553108593,38.88103530966572,38.81988504014283
Hungary,HU,HUN,EUE,Europe,Aluminium scrap,kt,0.0,0.0,0.0,No secondary producer share; assigned zero,0.0,0.0,,Existing values retained through 2024; 2025 extrapolated using a country-level OLS linear trend fitted over 2019-2024 and floored at zero; Zijie regional growth indexed to 2025 thereafter,0.0,0.0,0.0,0.0,0.0,0.0,0.0,0.0,0.0,0.0,0.0,0.0,0.0,0.0,0.0,0.0,0.0,0.0,0.0,0.0,0.0,0.0,0.0,0.0,0.0,0.0,0.0,0.0,0.0,0.0,0.0,0.0
Bulgaria,BG,BGR,EUE,Europe,Aluminium scrap,kt,70.8649147281052,18.0,0.0078125,Scrap allocated using 2019 secondary producer share from INF_Data,0.36794422531459403,73.07258007999278,1.0253890068271614,Existing values retained through 2024; 2025 extrapolated using a country-level OLS linear trend fitted over 2019-2024 and floored at zero; Zijie regional growth indexed to 2025 thereafter,70.8649147281052,71.23285895341981,71.6008031787344,71.968747404049,72.33669162936359,72.70463585467819,73.07258007999278,73.5389980960989,74.07372395008474,74.83647923876273,75.75105135973116,76.81425013333764,77.99646050873716,79.26200313706724,80.56239045594765,81.83672709402308,83.03789165482978,84.1310654468024,85.09880985239813,85.92546725601083,86.60351808471616,87.14250999765571,87.5526027967698,87.83329706009307,87.98540570443373,88.03284973374994,88.00092995081057,87.91221635750881,87.78412793088441,87.63451994494334,87.48232944674787,87.34474134032135
Slovakia,SK,SVK,EUE,Europe,Aluminium scrap,kt,0.0,0.0,0.0,No secondary producer share; assigned zero,0.0,0.0,,Existing values retained through 2024; 2025 extrapolated using a country-level OLS linear trend fitted over 2019-2024 and floored at zero; Zijie regional growth indexed to 2025 thereafter,0.0,0.0,0.0,0.0,0.0,0.0,0.0,0.0,0.0,0.0,0.0,0.0,0.0,0.0,0.0,0.0,0.0,0.0,0.0,0.0,0.0,0.0,0.0,0.0,0.0,0.0,0.0,0.0,0.0,0.0,0.0,0.0
Croatia,HR,HRV,EUE,Europe,Aluminium scrap,kt,0.0,0.0,0.0,No secondary producer share; assigned zero,0.0,0.0,,Existing values retained through 2024; 2025 extrapolated using a country-level OLS linear trend fitted over 2019-2024 and floored at zero; Zijie regional growth indexed to 2025 thereafter,0.0,0.0,0.0,0.0,0.0,0.0,0.0,0.0,0.0,0.0,0.0,0.0,0.0,0.0,0.0,0.0,0.0,0.0,0.0,0.0,0.0,0.0,0.0,0.0,0.0,0.0,0.0,0.0,0.0,0.0,0.0,0.0
Lithuania,LT,LTU,EUE,Europe,Aluminium scrap,kt,0.0,0.0,0.0,No secondary producer share; assigned zero,0.0,0.0,,Existing values retained through 2024; 2025 extrapolated using a country-level OLS linear trend fitted over 2019-2024 and floored at zero; Zijie regional growth indexed to 2025 thereafter,0.0,0.0,0.0,0.0,0.0,0.0,0.0,0.0,0.0,0.0,0.0,0.0,0.0,0.0,0.0,0.0,0.0,0.0,0.0,0.0,0.0,0.0,0.0,0.0,0.0,0.0,0.0,0.0,0.0,0.0,0.0,0.0
Slovenia,SI,SVN,EUE,Europe,Aluminium scrap,kt,39.36939707116956,10.0,0.0043402777777777,Scrap allocated using 2019 secondary producer share from INF_Data,0.2044134585081094,40.59587782221821,1.0253890068271614,Existing values retained through 2024; 2025 extrapolated using a country-level OLS linear trend fitted over 2019-2024 and floored at zero; Zijie regional growth indexed to 2025 thereafter,39.36939707116956,39.57381052967767,39.77822398818578,39.982637446693886,40.187050905202,40.39146436371011,40.59587782221821,40.85499894227716,41.15206886115819,41.575821799312635,42.08391742207288,42.674583407409806,43.33136694929843,44.034446187259576,44.75688358663759,45.46484838556839,46.132162030461,46.73948080377911,47.277116584665634,47.736370697783805,48.11306560262009,48.41250555425317,48.64033488709434,48.79627614449616,48.880780946907635,48.9071387409722,48.8894055282281,48.840120198616006,48.768959961602455,48.68584441385742,48.60129413708216,48.524856300178534
Estonia,EE,EST,EUE,Europe,Aluminium scrap,kt,0.0,0.0,0.0,No secondary producer share; assigned zero,0.0,0.0,,Existing values retained through 2024; 2025 extrapolated using a country-level OLS linear trend fitted over 2019-2024 and floored at zero; Zijie regional growth indexed to 2025 thereafter,0.0,0.0,0.0,0.0,0.0,0.0,0.0,0.0,0.0,0.0,0.0,0.0,0.0,0.0,0.0,0.0,0.0,0.0,0.0,0.0,0.0,0.0,0.0,0.0,0.0,0.0,0.0,0.0,0.0,0.0,0.0,0.0
Latvia,LV,LVA,EUE,Europe,Aluminium scrap,kt,0.0,0.0,0.0,No secondary producer share; assigned zero,0.0,0.0,,Existing values retained through 2024; 2025 extrapolated using a country-level OLS linear trend fitted over 2019-2024 and floored at zero; Zijie regional growth indexed to 2025 thereafter,0.0,0.0,0.0,0.0,0.0,0.0,0.0,0.0,0.0,0.0,0.0,0.0,0.0,0.0,0.0,0.0,0.0,0.0,0.0,0.0,0.0,0.0,0.0,0.0,0.0,0.0,0.0,0.0,0.0,0.0,0.0,0.0
Germany,DE,DEU,EUW,Europe,Aluminium scrap,kt,2992.0741774088865,760.0,0.3298611111111111,Scrap allocated using 2019 secondary producer share from INF_Data,15.535422846616296,3085.2867144885845,1.0253890068271616,Existing values retained through 2024; 2025 extrapolated using a country-level OLS linear trend fitted over 2019-2024 and floored at zero; Zijie regional growth indexed to 2025 thereafter,2992.0741774088865,3007.6096002555028,3023.145023102119,3038.6804459487357,3054.2158687953515,3069.751291641968,3085.2867144885845,3104.979919613065,3127.557233448023,3159.7624567477606,3198.377724077539,3243.2683389631457,3293.1838881466806,3346.6179102317283,3401.523152584457,3455.3284773031974,3506.044314315036,3552.200541087213,3593.0608604345884,3627.9641730315693,3656.5929857991273,3679.3504221232415,3696.6654514191705,3708.5169869817087,3714.9393519649807,3716.9425443138875,3715.594820145336,3711.849135094817,3706.4409570817866,3700.124175453164,3693.698354418244,3687.889078813569
Netherlands,NL,NLD,EUW,Europe,Aluminium scrap,kt,0.0,0.0,0.0,No secondary producer share; assigned zero,0.0,0.0,,Existing values retained through 2024; 2025 extrapolated using a country-level OLS linear trend fitted over 2019-2024 and floored at zero; Zijie regional growth indexed to 2025 thereafter,0.0,0.0,0.0,0.0,0.0,0.0,0.0,0.0,0.0,0.0,0.0,0.0,0.0,0.0,0.0,0.0,0.0,0.0,0.0,0.0,0.0,0.0,0.0,0.0,0.0,0.0,0.0,0.0,0.0,0.0,0.0,0.0
Belgium,BE,BEL,EUW,Europe,Aluminium scrap,kt,0.0,0.0,0.0,No secondary producer share; assigned zero,0.0,0.0,,Existing values retained through 2024; 2025 extrapolated using a country-level OLS linear trend fitted over 2019-2024 and floored at zero; Zijie regional growth indexed to 2025 thereafter,0.0,0.0,0.0,0.0,0.0,0.0,0.0,0.0,0.0,0.0,0.0,0.0,0.0,0.0,0.0,0.0,0.0,0.0,0.0,0.0,0.0,0.0,0.0,0.0,0.0,0.0,0.0,0.0,0.0,0.0,0.0,0.0
Sweden,SE,SWE,EUW,Europe,Aluminium scrap,kt,0.0,0.0,0.0,No secondary producer share; assigned zero,0.0,0.0,,Existing values retained through 2024; 2025 extrapolated using a country-level OLS linear trend fitted over 2019-2024 and floored at zero; Zijie regional growth indexed to 2025 thereafter,0.0,0.0,0.0,0.0,0.0,0.0,0.0,0.0,0.0,0.0,0.0,0.0,0.0,0.0,0.0,0.0,0.0,0.0,0.0,0.0,0.0,0.0,0.0,0.0,0.0,0.0,0.0,0.0,0.0,0.0,0.0,0.0
Austria,AT,AUT,EUW,Europe,Aluminium scrap,kt,1858.2355417592032,472.0,0.2048611111111111,Scrap allocated using 2019 secondary producer share from INF_Data,9.648315241582688,1916.1254332086994,1.0253890068271614,Existing values retained through 2024; 2025 extrapolated using a country-level OLS linear trend fitted over 2019-2024 and floored at zero; Zijie regional growth indexed to 2025 thereafter,1858.2355417592032,1867.8838570007856,1877.5321722423687,1887.1804874839515,1896.8288027255344,1906.4771179671168,1916.1254332086994,1928.3559500754818,1942.3776502466665,1962.3787889275561,1986.3609023218396,2014.2403368297425,2045.2405200068854,2078.425860038652,2112.524905289294,2145.9408437988272,2177.438047837759,2206.103493938374,2231.4799027962176,2253.1566969353953,2270.936696443668,2285.0702621607493,2295.8238066708527,2303.1842340202184,2307.17286069404,2308.4169485738876,2307.5799409323663,2305.253673374675,2301.8949101876356,2297.97185633407,2293.9810832702774,2290.3732173684266
Finland,FI,FIN,EUW,Europe,Aluminium scrap,kt,0.0,0.0,0.0,No secondary producer share; assigned zero,0.0,0.0,,Existing values retained through 2024; 2025 extrapolated using a country-level OLS linear trend fitted over 2019-2024 and floored at zero; Zijie regional growth indexed to 2025 thereafter,0.0,0.0,0.0,0.0,0.0,0.0,0.0,0.0,0.0,0.0,0.0,0.0,0.0,0.0,0.0,0.0,0.0,0.0,0.0,0.0,0.0,0.0,0.0,0.0,0.0,0.0,0.0,0.0,0.0,0.0,0.0,0.0
Denmark,DK,DNK,EUW,Europe,Aluminium scrap,kt,0.0,0.0,0.0,No secondary producer share; assigned zero,0.0,0.0,,Existing values retained through 2024; 2025 extrapolated using a country-level OLS linear trend fitted over 2019-2024 and floored at zero; Zijie regional growth indexed to 2025 thereafter,0.0,0.0,0.0,0.0,0.0,0.0,0.0,0.0,0.0,0.0,0.0,0.0,0.0,0.0,0.0,0.0,0.0,0.0,0.0,0.0,0.0,0.0,0.0,0.0,0.0,0.0,0.0,0.0,0.0,0.0,0.0,0.0
Ireland,IE,IRL,EUW,Europe,Aluminium scrap,kt,0.0,0.0,0.0,No secondary producer share; assigned zero,0.0,0.0,,Existing values retained through 2024; 2025 extrapolated using a country-level OLS linear trend fitted over 2019-2024 and floored at zero; Zijie regional growth indexed to 2025 thereafter,0.0,0.0,0.0,0.0,0.0,0.0,0.0,0.0,0.0,0.0,0.0,0.0,0.0,0.0,0.0,0.0,0.0,0.0,0.0,0.0,0.0,0.0,0.0,0.0,0.0,0.0,0.0,0.0,0.0,0.0,0.0,0.0
Luxembourg,LU,LUX,EUW,Europe,Aluminium scrap,kt,0.0,0.0,0.0,No secondary producer share; assigned zero,0.0,0.0,,Existing values retained through 2024; 2025 extrapolated using a country-level OLS linear trend fitted over 2019-2024 and floored at zero; Zijie regional growth indexed to 2025 thereafter,0.0,0.0,0.0,0.0,0.0,0.0,0.0,0.0,0.0,0.0,0.0,0.0,0.0,0.0,0.0,0.0,0.0,0.0,0.0,0.0,0.0,0.0,0.0,0.0,0.0,0.0,0.0,0.0,0.0,0.0,0.0,0.0
Greenland,GL,GRL,EUW,Rest of World,Aluminium scrap,kt,0.0,0.0,0.0,No secondary producer share; assigned zero,0.0,0.0,,Existing values retained through 2024; 2025 extrapolated using a country-level OLS linear trend fitted over 2019-2024 and floored at zero; Zijie regional growth indexed to 2025 thereafter,0.0,0.0,0.0,0.0,0.0,0.0,0.0,0.0,0.0,0.0,0.0,0.0,0.0,0.0,0.0,0.0,0.0,0.0,0.0,0.0,0.0,0.0,0.0,0.0,0.0,0.0,0.0,0.0,0.0,0.0,0.0,0.0
Faroe Islands,FO,FRO,EUW,Rest of World,Aluminium scrap,kt,0.0,0.0,0.0,No secondary producer share; assigned zero,0.0,0.0,,Existing values retained through 2024; 2025 extrapolated using a country-level OLS linear trend fitted over 2019-2024 and floored at zero; Zijie regional growth indexed to 2025 thereafter,0.0,0.0,0.0,0.0,0.0,0.0,0.0,0.0,0.0,0.0,0.0,0.0,0.0,0.0,0.0,0.0,0.0,0.0,0.0,0.0,0.0,0.0,0.0,0.0,0.0,0.0,0.0,0.0,0.0,0.0,0.0,0.0
Andorra,AD,AND,EUW,Rest of World,Aluminium scrap,kt,0.0,0.0,0.0,No secondary producer share; assigned zero,0.0,0.0,,Existing values retained through 2024; 2025 extrapolated using a country-level OLS linear trend fitted over 2019-2024 and floored at zero; Zijie regional growth indexed to 2025 thereafter,0.0,0.0,0.0,0.0,0.0,0.0,0.0,0.0,0.0,0.0,0.0,0.0,0.0,0.0,0.0,0.0,0.0,0.0,0.0,0.0,0.0,0.0,0.0,0.0,0.0,0.0,0.0,0.0,0.0,0.0,0.0,0.0
France,FR,FRA,EUM,Europe,Aluminium scrap,kt,748.0185443522216,190.0,0.0824652777777777,Scrap allocated using 2019 secondary producer share from INF_Data,3.883855711654074,771.3216786221461,1.0253890068271616,Existing values retained through 2024; 2025 extrapolated using a country-level OLS linear trend fitted over 2019-2024 and floored at zero; Zijie regional growth indexed to 2025 thereafter,748.0185443522216,751.9024000638757,755.7862557755298,759.6701114871838,763.5539671988379,767.437822910492,771.3216786221461,776.2449799032662,781.8893083620057,789.9406141869401,799.5944310193847,810.8170847407864,823.2959720366702,836.6544775579321,850.3807881461142,863.8321193257993,876.511078578759,888.0501352718032,898.2652151086471,906.9910432578923,914.1482464497818,919.8376055308104,924.1663628547926,927.1292467454272,928.7348379912452,929.2356360784719,928.898705036334,927.9622837737043,926.6102392704466,925.031043863291,923.424588604561,921.9722697033923
Monaco,MC,MCO,EUM,Rest of World,Aluminium scrap,kt,0.0,0.0,0.0,No secondary producer share; assigned zero,0.0,0.0,,Existing values retained through 2024; 2025 extrapolated using a country-level OLS linear trend fitted over 2019-2024 and floored at zero; Zijie regional growth indexed to 2025 thereafter,0.0,0.0,0.0,0.0,0.0,0.0,0.0,0.0,0.0,0.0,0.0,0.0,0.0,0.0,0.0,0.0,0.0,0.0,0.0,0.0,0.0,0.0,0.0,0.0,0.0,0.0,0.0,0.0,0.0,0.0,0.0,0.0
Italy,IT,ITA,EUM,Europe,Aluminium scrap,kt,2708.6145184964657,688.0,0.2986111111111111,Scrap allocated using 2019 secondary producer share from INF_Data,14.063645945357816,2792.996394168613,1.0253890068271614,Existing values retained through 2024; 2025 extrapolated using a country-level OLS linear trend fitted over 2019-2024 and floored at zero; Zijie regional growth indexed to 2025 thereafter,2708.6145184964657,2722.678164441824,2736.741810387181,2750.8054563325395,2764.869102277897,2778.932748223255,2792.996394168613,2810.8239272286687,2831.2623376476836,2860.416539792709,2895.373518638614,2936.0113384297943,2981.1980461117314,3029.5698976834587,3079.2735907606657,3127.9815689271045,3173.892747695716,3215.6762793000025,3252.6656210249953,3284.2623040075255,3310.178913460262,3330.780382132618,3346.4550402320906,3357.1837987413355,3362.997729147245,3364.811145378887,3363.5911003420933,3360.200269664781,3355.3044453582484,3349.58609567339,3343.7690366312518,3338.510113452283
San Marino,SM,SMR,EUM,Rest of World,Aluminium scrap,kt,0.0,0.0,0.0,No secondary producer share; assigned zero,0.0,0.0,,Existing values retained through 2024; 2025 extrapolated using a country-level OLS linear trend fitted over 2019-2024 and floored at zero; Zijie regional growth indexed to 2025 thereafter,0.0,0.0,0.0,0.0,0.0,0.0,0.0,0.0,0.0,0.0,0.0,0.0,0.0,0.0,0.0,0.0,0.0,0.0,0.0,0.0,0.0,0.0,0.0,0.0,0.0,0.0,0.0,0.0,0.0,0.0,0.0,0.0
Spain,ES,ESP,EUM,Europe,Aluminium scrap,kt,0.0,0.0,0.0,No secondary producer share; assigned zero,0.0,0.0,,Existing values retained through 2024; 2025 extrapolated using a country-level OLS linear trend fitted over 2019-2024 and floored at zero; Zijie regional growth indexed to 2025 thereafter,0.0,0.0,0.0,0.0,0.0,0.0,0.0,0.0,0.0,0.0,0.0,0.0,0.0,0.0,0.0,0.0,0.0,0.0,0.0,0.0,0.0,0.0,0.0,0.0,0.0,0.0,0.0,0.0,0.0,0.0,0.0,0.0
Greece,GR,GRC,EUM,Europe,Aluminium scrap,kt,0.0,0.0,0.0,No secondary producer share; assigned zero,0.0,0.0,,Existing values retained through 2024; 2025 extrapolated using a country-level OLS linear trend fitted over 2019-2024 and floored at zero; Zijie regional growth indexed to 2025 thereafter,0.0,0.0,0.0,0.0,0.0,0.0,0.0,0.0,0.0,0.0,0.0,0.0,0.0,0.0,0.0,0.0,0.0,0.0,0.0,0.0,0.0,0.0,0.0,0.0,0.0,0.0,0.0,0.0,0.0,0.0,0.0,0.0
Portugal,PT,PRT,EUM,Europe,Aluminium scrap,kt,0.0,0.0,0.0,No secondary producer share; assigned zero,0.0,0.0,,Existing values retained through 2024; 2025 extrapolated using a country-level OLS linear trend fitted over 2019-2024 and floored at zero; Zijie regional growth indexed to 2025 thereafter,0.0,0.0,0.0,0.0,0.0,0.0,0.0,0.0,0.0,0.0,0.0,0.0,0.0,0.0,0.0,0.0,0.0,0.0,0.0,0.0,0.0,0.0,0.0,0.0,0.0,0.0,0.0,0.0,0.0,0.0,0.0,0.0
Cyprus,CY,CYP,EUM,Europe,Aluminium scrap,kt,0.0,0.0,0.0,No secondary producer share; assigned zero,0.0,0.0,,Existing values retained through 2024; 2025 extrapolated using a country-level OLS linear trend fitted over 2019-2024 and floored at zero; Zijie regional growth indexed to 2025 thereafter,0.0,0.0,0.0,0.0,0.0,0.0,0.0,0.0,0.0,0.0,0.0,0.0,0.0,0.0,0.0,0.0,0.0,0.0,0.0,0.0,0.0,0.0,0.0,0.0,0.0,0.0,0.0,0.0,0.0,0.0,0.0,0.0
Malta,MT,MLT,EUM,Europe,Aluminium scrap,kt,0.0,0.0,0.0,No secondary producer share; assigned zero,0.0,0.0,,Existing values retained through 2024; 2025 extrapolated using a country-level OLS linear trend fitted over 2019-2024 and floored at zero; Zijie regional growth indexed to 2025 thereafter,0.0,0.0,0.0,0.0,0.0,0.0,0.0,0.0,0.0,0.0,0.0,0.0,0.0,0.0,0.0,0.0,0.0,0.0,0.0,0.0,0.0,0.0,0.0,0.0,0.0,0.0,0.0,0.0,0.0,0.0,0.0,0.0
Iran (Islamic Republic of),IR,IRN,MEA,Middle East,Aluminium scrap,kt,43.53700989820207,360.0,0.0586988423283874,Secondary-share fallback from primary producer shares; no explicit 2019 secondary producer map for region,2.3147509537335735,57.425515620603505,0.9213161607814444,Existing values retained through 2024; 2025 extrapolated using a country-level OLS linear trend fitted over 2019-2024 and floored at zero; Zijie regional growth indexed to 2025 thereafter,43.53700989820207,45.85176085193564,48.16651180566921,50.48126275940279,52.79601371313636,55.11076466686993,57.425515620603505,59.016315607502996,60.407739812729545,61.597375845771836,62.627352817581574,63.570142891764306,64.59830360684528,65.83513364171634,67.31310558754076,69.10852966209488,71.23866308933884,73.67695095524687,76.36730581542548,79.23527227481662,82.2007734617678,85.19764969983758,88.16320949402439,91.03663617281642,93.79206679945253,96.41854706598741,98.90744826099447,101.26925233741535,103.51972416024977,105.66503058675384,107.70448826617269,109.65597097573449
Saudi Arabia,SA,SAU,MEA,Middle East,Aluminium scrap,kt,95.53954949883232,790.0,0.1288113484428501,Secondary-share fallback from primary producer shares; no explicit 2019 secondary producer map for region,5.079592370693123,126.01710372299105,0.9213161607814444,Existing values retained through 2024; 2025 extrapolated using a country-level OLS linear trend fitted over 2019-2024 and floored at zero; Zijie regional growth indexed to 2025 thereafter,95.53954949883232,100.61914186952544,105.69873424021856,110.77832661091168,115.8579189816048,120.93751135229792,126.01710372299105,129.50802591646493,132.56142903348987,135.17201921711043,137.43224646080404,139.5011469013717,141.75738847057718,144.47154326932198,147.71487059488115,151.65482898070826,156.32928844604913,161.67997570734732,167.5838099838504,173.8774030475143,180.38503065221272,186.9615090635325,193.46926527855356,199.77484049034717,205.82147992102085,211.58514495036133,217.0469003505157,222.22974818488373,227.1682835738815,231.8760393431543,236.35151591743457,240.63393630786186
United Arab Emirates,AE,ARE,MEA,Middle East,Aluminium scrap,kt,314.4339603759038,2600.0,0.423936083482798,Secondary-share fallback from primary producer shares; no explicit 2019 secondary producer map for region,16.717645776964698,414.73983503769193,0.9213161607814443,Existing values retained through 2024; 2025 extrapolated using a country-level OLS linear trend fitted over 2019-2024 and floored at zero; Zijie regional growth indexed to 2025 thereafter,314.4339603759038,331.1516061528685,347.8692519298332,364.5868977067979,381.3045434837626,398.0221892607273,414.73983503769193,426.2289460541882,436.27812086971335,444.86993666390765,452.3086592380891,459.11769866274216,466.5433038272159,475.47596519017344,486.15020702112764,499.1171586706852,514.5014556452248,532.1113124545607,551.5416531114062,572.2547442070089,593.6722527794341,615.3163589432713,636.734290790176,657.4868168036741,677.387149107157,696.3561732543535,714.3315707738489,731.3890446591107,747.6424522684705,763.1363320154443,777.8657485890249,791.9597903803045
Iraq,IQ,IRQ,MEA,Rest of World,Aluminium scrap,kt,0.0,0.0,0.0,No secondary producer share; assigned zero,0.0,0.0,,Existing values retained through 2024; 2025 extrapolated using a country-level OLS linear trend fitted over 2019-2024 and floored at zero; Zijie regional growth indexed to 2025 thereafter,0.0,0.0,0.0,0.0,0.0,0.0,0.0,0.0,0.0,0.0,0.0,0.0,0.0,0.0,0.0,0.0,0.0,0.0,0.0,0.0,0.0,0.0,0.0,0.0,0.0,0.0,0.0,0.0,0.0,0.0,0.0,0.0
Qatar,QA,QAT,MEA,Middle East,Aluminium scrap,kt,75.82695890603526,627.0,0.1022338170552747,Secondary-share fallback from primary producer shares; no explicit 2019 secondary producer map for region,4.031524577752644,100.0161063725511,0.9213161607814443,Existing values retained through 2024; 2025 extrapolated using a country-level OLS linear trend fitted over 2019-2024 and floored at zero; Zijie regional growth indexed to 2025 thereafter,75.82695890603526,79.85848348378791,83.89000806154054,87.92153263929319,91.95305721704582,95.98458179479849,100.0161063725511,102.78674968306771,105.21014684050397,107.28209626471927,109.07597282395457,110.71799886982284,112.50871211525553,114.66285775932262,117.2369922316335,120.36402249481526,124.07400488059848,128.3206895803883,133.00639096186606,138.00143254530562,143.16634711257893,148.38590656055044,153.5509232020925,158.55547466765526,163.3545163423798,167.92896947326142,172.26380572123205,176.37728115433174,180.296852912435,184.03326160526294,187.5853170635841,190.98414944940424
Kuwait,KW,KWT,MEA,Rest of World,Aluminium scrap,kt,0.0,0.0,0.0,No secondary producer share; assigned zero,0.0,0.0,,Existing values retained through 2024; 2025 extrapolated using a country-level OLS linear trend fitted over 2019-2024 and floored at zero; Zijie regional growth indexed to 2025 thereafter,0.0,0.0,0.0,0.0,0.0,0.0,0.0,0.0,0.0,0.0,0.0,0.0,0.0,0.0,0.0,0.0,0.0,0.0,0.0,0.0,0.0,0.0,0.0,0.0,0.0,0.0,0.0,0.0,0.0,0.0,0.0,0.0
Oman,OM,OMN,MEA,Middle East,Aluminium scrap,kt,47.28603019499169,391.0,0.0637534648622207,Secondary-share fallback from primary producer shares; no explicit 2019 secondary producer map for region,2.514076730305076,62.37049057682215,0.9213161607814445,Existing values retained through 2024; 2025 extrapolated using a country-level OLS linear trend fitted over 2019-2024 and floored at zero; Zijie regional growth indexed to 2025 thereafter,47.28603019499169,49.80010692529677,52.314183655601845,54.82826038590692,57.34233711621199,59.85641384651707,62.37049057682215,64.09827611814909,65.6095174077146,66.90159432137997,68.02026375465111,69.04423852966625,70.16093530632364,71.50427014975303,73.10951190202346,75.05954193855307,77.37310352203191,80.02135506528202,82.94337937175379,86.05830960959251,89.27917339875337,92.53411397954582,95.7550414226765,98.87590206547561,101.86860588496094,104.72125528555857,107.42447852791345,109.98966017758168,112.43392262960462,114.76396377616877,116.97904142242646,119.09856847642276
Bahrain,BH,BHR,MEA,Middle East,Aluminium scrap,kt,165.07782919734947,1365.0,0.2225664438284689,Secondary-share fallback from primary producer shares; no explicit 2019 secondary producer map for region,8.77676403290647,217.73841339478832,0.9213161607814445,Existing values retained through 2024; 2025 extrapolated using a country-level OLS linear trend fitted over 2019-2024 and floored at zero; Zijie regional growth indexed to 2025 thereafter,165.07782919734947,173.85459323025594,182.6313572631624,191.40812129606888,200.18488532897533,208.96164936188185,217.73841339478832,223.77019667844888,229.04601345659955,233.55671674855157,237.46204609999685,241.0367917979397,244.93523450928842,249.62488172484115,255.22885868609208,262.03650830210984,270.11326421374315,279.3584390386444,289.55936788348833,300.43374070867975,311.67793270920293,323.04108844521755,334.2855026648425,345.180578821929,355.6282532812575,365.5869909585357,375.0240746562707,383.97924844603324,392.5122874409471,400.64657430810837,408.37951800923815,415.77888994966
Yemen,YE,YEM,MEA,Rest of World,Aluminium scrap,kt,0.0,0.0,0.0,No secondary producer share; assigned zero,0.0,0.0,,Existing values retained through 2024; 2025 extrapolated using a country-level OLS linear trend fitted over 2019-2024 and floored at zero; Zijie regional growth indexed to 2025 thereafter,0.0,0.0,0.0,0.0,0.0,0.0,0.0,0.0,0.0,0.0,0.0,0.0,0.0,0.0,0.0,0.0,0.0,0.0,0.0,0.0,0.0,0.0,0.0,0.0,0.0,0.0,0.0,0.0,0.0,0.0,0.0,0.0
Turkey,TR,TUR,MDA,Europe,Aluminium scrap,kt,0.0,0.0,0.0,No secondary producer share; assigned zero,0.0,0.0,,Existing values retained through 2024; 2025 extrapolated using a country-level OLS linear trend fitted over 2019-2024 and floored at zero; Zijie regional growth indexed to 2025 thereafter,0.0,0.0,0.0,0.0,0.0,0.0,0.0,0.0,0.0,0.0,0.0,0.0,0.0,0.0,0.0,0.0,0.0,0.0,0.0,0.0,0.0,0.0,0.0,0.0,0.0,0.0,0.0,0.0,0.0,0.0,0.0,0.0
Israel,IL,ISR,MDA,Rest of World,Aluminium scrap,kt,0.0,0.0,0.0,No secondary producer share; assigned zero,0.0,0.0,,Existing values retained through 2024; 2025 extrapolated using a country-level OLS linear trend fitted over 2019-2024 and floored at zero; Zijie regional growth indexed to 2025 thereafter,0.0,0.0,0.0,0.0,0.0,0.0,0.0,0.0,0.0,0.0,0.0,0.0,0.0,0.0,0.0,0.0,0.0,0.0,0.0,0.0,0.0,0.0,0.0,0.0,0.0,0.0,0.0,0.0,0.0,0.0,0.0,0.0
Syrian Arab Republic,SY,SYR,MDA,Rest of World,Aluminium scrap,kt,0.0,0.0,0.0,No secondary producer share; assigned zero,0.0,0.0,,Existing values retained through 2024; 2025 extrapolated using a country-level OLS linear trend fitted over 2019-2024 and floored at zero; Zijie regional growth indexed to 2025 thereafter,0.0,0.0,0.0,0.0,0.0,0.0,0.0,0.0,0.0,0.0,0.0,0.0,0.0,0.0,0.0,0.0,0.0,0.0,0.0,0.0,0.0,0.0,0.0,0.0,0.0,0.0,0.0,0.0,0.0,0.0,0.0,0.0
Jordan,JO,JOR,MDA,Rest of World,Aluminium scrap,kt,0.0,0.0,0.0,No secondary producer share; assigned zero,0.0,0.0,,Existing values retained through 2024; 2025 extrapolated using a country-level OLS linear trend fitted over 2019-2024 and floored at zero; Zijie regional growth indexed to 2025 thereafter,0.0,0.0,0.0,0.0,0.0,0.0,0.0,0.0,0.0,0.0,0.0,0.0,0.0,0.0,0.0,0.0,0.0,0.0,0.0,0.0,0.0,0.0,0.0,0.0,0.0,0.0,0.0,0.0,0.0,0.0,0.0,0.0
Lebanon,LB,LBN,MDA,Rest of World,Aluminium scrap,kt,0.0,0.0,0.0,No secondary producer share; assigned zero,0.0,0.0,,Existing values retained through 2024; 2025 extrapolated using a country-level OLS linear trend fitted over 2019-2024 and floored at zero; Zijie regional growth indexed to 2025 thereafter,0.0,0.0,0.0,0.0,0.0,0.0,0.0,0.0,0.0,0.0,0.0,0.0,0.0,0.0,0.0,0.0,0.0,0.0,0.0,0.0,0.0,0.0,0.0,0.0,0.0,0.0,0.0,0.0,0.0,0.0,0.0,0.0
State of Palestine,PS,PSE,MDA,Rest of World,Aluminium scrap,kt,0.0,0.0,0.0,No secondary producer share; assigned zero,0.0,0.0,,Existing values retained through 2024; 2025 extrapolated using a country-level OLS linear trend fitted over 2019-2024 and floored at zero; Zijie regional growth indexed to 2025 thereafter,0.0,0.0,0.0,0.0,0.0,0.0,0.0,0.0,0.0,0.0,0.0,0.0,0.0,0.0,0.0,0.0,0.0,0.0,0.0,0.0,0.0,0.0,0.0,0.0,0.0,0.0,0.0,0.0,0.0,0.0,0.0,0.0
