Country,ISO2,ISO3,OMNIARegion,ZijieRegion,Metric,Unit,OMNIA2019_kt,BGSRecordPresent,BGS_Country,EstimatedYears,BGSNotes,AlignmentFactor_vs_old_2025,HistoricalSource2019,HistoricalSource2020_2024,ProjectionMethod2025_2050,2019,2020,2021,2022,2023,2024,2025,2026,2027,2028,2029,2030,2031,2032,2033,2034,2035,2036,2037,2038,2039,2040,2041,2042,2043,2044,2045,2046,2047,2048,2049,2050
Ethiopia,ET,ETH,AFE,Rest of World,Primary aluminium ingot production,kt,0.0,False,,,,,OMNIA INF_Data,"British Geological Survey, World Mineral Production 2020-24, Production of primary aluminium",BGS 2024 country value held to 2025; Zijie regional growth indexed to 2025 thereafter,0.0,0.0,0.0,0.0,0.0,0.0,0.0,0.0,0.0,0.0,0.0,0.0,0.0,0.0,0.0,0.0,0.0,0.0,0.0,0.0,0.0,0.0,0.0,0.0,0.0,0.0,0.0,0.0,0.0,0.0,0.0,0.0
Kenya,KE,KEN,AFE,Rest of World,Primary aluminium ingot production,kt,0.0,False,,,,,OMNIA INF_Data,"British Geological Survey, World Mineral Production 2020-24, Production of primary aluminium",BGS 2024 country value held to 2025; Zijie regional growth indexed to 2025 thereafter,0.0,0.0,0.0,0.0,0.0,0.0,0.0,0.0,0.0,0.0,0.0,0.0,0.0,0.0,0.0,0.0,0.0,0.0,0.0,0.0,0.0,0.0,0.0,0.0,0.0,0.0,0.0,0.0,0.0,0.0,0.0,0.0
Sudan,SD,SDN,AFE,Rest of World,Primary aluminium ingot production,kt,0.0,False,,,,,OMNIA INF_Data,"British Geological Survey, World Mineral Production 2020-24, Production of primary aluminium",BGS 2024 country value held to 2025; Zijie regional growth indexed to 2025 thereafter,0.0,0.0,0.0,0.0,0.0,0.0,0.0,0.0,0.0,0.0,0.0,0.0,0.0,0.0,0.0,0.0,0.0,0.0,0.0,0.0,0.0,0.0,0.0,0.0,0.0,0.0,0.0,0.0,0.0,0.0,0.0,0.0
Mauritius,MU,MUS,AFE,Rest of World,Primary aluminium ingot production,kt,0.0,False,,,,,OMNIA INF_Data,"British Geological Survey, World Mineral Production 2020-24, Production of primary aluminium",BGS 2024 country value held to 2025; Zijie regional growth indexed to 2025 thereafter,0.0,0.0,0.0,0.0,0.0,0.0,0.0,0.0,0.0,0.0,0.0,0.0,0.0,0.0,0.0,0.0,0.0,0.0,0.0,0.0,0.0,0.0,0.0,0.0,0.0,0.0,0.0,0.0,0.0,0.0,0.0,0.0
Eritrea,ER,ERI,AFE,Rest of World,Primary aluminium ingot production,kt,0.0,False,,,,,OMNIA INF_Data,"British Geological Survey, World Mineral Production 2020-24, Production of primary aluminium",BGS 2024 country value held to 2025; Zijie regional growth indexed to 2025 thereafter,0.0,0.0,0.0,0.0,0.0,0.0,0.0,0.0,0.0,0.0,0.0,0.0,0.0,0.0,0.0,0.0,0.0,0.0,0.0,0.0,0.0,0.0,0.0,0.0,0.0,0.0,0.0,0.0,0.0,0.0,0.0,0.0
South Sudan,SS,SSD,AFE,Rest of World,Primary aluminium ingot production,kt,0.0,False,,,,,OMNIA INF_Data,"British Geological Survey, World Mineral Production 2020-24, Production of primary aluminium",BGS 2024 country value held to 2025; Zijie regional growth indexed to 2025 thereafter,0.0,0.0,0.0,0.0,0.0,0.0,0.0,0.0,0.0,0.0,0.0,0.0,0.0,0.0,0.0,0.0,0.0,0.0,0.0,0.0,0.0,0.0,0.0,0.0,0.0,0.0,0.0,0.0,0.0,0.0,0.0,0.0
Burundi,BI,BDI,AFE,Rest of World,Primary aluminium ingot production,kt,0.0,False,,,,,OMNIA INF_Data,"British Geological Survey, World Mineral Production 2020-24, Production of primary aluminium",BGS 2024 country value held to 2025; Zijie regional growth indexed to 2025 thereafter,0.0,0.0,0.0,0.0,0.0,0.0,0.0,0.0,0.0,0.0,0.0,0.0,0.0,0.0,0.0,0.0,0.0,0.0,0.0,0.0,0.0,0.0,0.0,0.0,0.0,0.0,0.0,0.0,0.0,0.0,0.0,0.0
Comoros,KM,COM,AFE,Rest of World,Primary aluminium ingot production,kt,0.0,False,,,,,OMNIA INF_Data,"British Geological Survey, World Mineral Production 2020-24, Production of primary aluminium",BGS 2024 country value held to 2025; Zijie regional growth indexed to 2025 thereafter,0.0,0.0,0.0,0.0,0.0,0.0,0.0,0.0,0.0,0.0,0.0,0.0,0.0,0.0,0.0,0.0,0.0,0.0,0.0,0.0,0.0,0.0,0.0,0.0,0.0,0.0,0.0,0.0,0.0,0.0,0.0,0.0
Djibouti,DJ,DJI,AFE,Rest of World,Primary aluminium ingot production,kt,0.0,False,,,,,OMNIA INF_Data,"British Geological Survey, World Mineral Production 2020-24, Production of primary aluminium",BGS 2024 country value held to 2025; Zijie regional growth indexed to 2025 thereafter,0.0,0.0,0.0,0.0,0.0,0.0,0.0,0.0,0.0,0.0,0.0,0.0,0.0,0.0,0.0,0.0,0.0,0.0,0.0,0.0,0.0,0.0,0.0,0.0,0.0,0.0,0.0,0.0,0.0,0.0,0.0,0.0
Madagascar,MG,MDG,AFE,Rest of World,Primary aluminium ingot production,kt,0.0,False,,,,,OMNIA INF_Data,"British Geological Survey, World Mineral Production 2020-24, Production of primary aluminium",BGS 2024 country value held to 2025; Zijie regional growth indexed to 2025 thereafter,0.0,0.0,0.0,0.0,0.0,0.0,0.0,0.0,0.0,0.0,0.0,0.0,0.0,0.0,0.0,0.0,0.0,0.0,0.0,0.0,0.0,0.0,0.0,0.0,0.0,0.0,0.0,0.0,0.0,0.0,0.0,0.0
Reunion,RE,REU,AFE,Rest of World,Primary aluminium ingot production,kt,0.0,False,,,,,OMNIA INF_Data,"British Geological Survey, World Mineral Production 2020-24, Production of primary aluminium",BGS 2024 country value held to 2025; Zijie regional growth indexed to 2025 thereafter,0.0,0.0,0.0,0.0,0.0,0.0,0.0,0.0,0.0,0.0,0.0,0.0,0.0,0.0,0.0,0.0,0.0,0.0,0.0,0.0,0.0,0.0,0.0,0.0,0.0,0.0,0.0,0.0,0.0,0.0,0.0,0.0
Rwanda,RW,RWA,AFE,Rest of World,Primary aluminium ingot production,kt,0.0,False,,,,,OMNIA INF_Data,"British Geological Survey, World Mineral Production 2020-24, Production of primary aluminium",BGS 2024 country value held to 2025; Zijie regional growth indexed to 2025 thereafter,0.0,0.0,0.0,0.0,0.0,0.0,0.0,0.0,0.0,0.0,0.0,0.0,0.0,0.0,0.0,0.0,0.0,0.0,0.0,0.0,0.0,0.0,0.0,0.0,0.0,0.0,0.0,0.0,0.0,0.0,0.0,0.0
Somalia,SO,SOM,AFE,Rest of World,Primary aluminium ingot production,kt,0.0,False,,,,,OMNIA INF_Data,"British Geological Survey, World Mineral Production 2020-24, Production of primary aluminium",BGS 2024 country value held to 2025; Zijie regional growth indexed to 2025 thereafter,0.0,0.0,0.0,0.0,0.0,0.0,0.0,0.0,0.0,0.0,0.0,0.0,0.0,0.0,0.0,0.0,0.0,0.0,0.0,0.0,0.0,0.0,0.0,0.0,0.0,0.0,0.0,0.0,0.0,0.0,0.0,0.0
Uganda,UG,UGA,AFE,Rest of World,Primary aluminium ingot production,kt,0.0,False,,,,,OMNIA INF_Data,"British Geological Survey, World Mineral Production 2020-24, Production of primary aluminium",BGS 2024 country value held to 2025; Zijie regional growth indexed to 2025 thereafter,0.0,0.0,0.0,0.0,0.0,0.0,0.0,0.0,0.0,0.0,0.0,0.0,0.0,0.0,0.0,0.0,0.0,0.0,0.0,0.0,0.0,0.0,0.0,0.0,0.0,0.0,0.0,0.0,0.0,0.0,0.0,0.0
Seychelles,SC,SYC,AFE,Rest of World,Primary aluminium ingot production,kt,0.0,False,,,,,OMNIA INF_Data,"British Geological Survey, World Mineral Production 2020-24, Production of primary aluminium",BGS 2024 country value held to 2025; Zijie regional growth indexed to 2025 thereafter,0.0,0.0,0.0,0.0,0.0,0.0,0.0,0.0,0.0,0.0,0.0,0.0,0.0,0.0,0.0,0.0,0.0,0.0,0.0,0.0,0.0,0.0,0.0,0.0,0.0,0.0,0.0,0.0,0.0,0.0,0.0,0.0
United Republic of Tanzania,TZ,TZA,AFE,Other main producer,Primary aluminium ingot production,kt,0.0,False,,,,,OMNIA INF_Data,"British Geological Survey, World Mineral Production 2020-24, Production of primary aluminium",BGS 2024 country value held to 2025; Zijie regional growth indexed to 2025 thereafter,0.0,0.0,0.0,0.0,0.0,0.0,0.0,0.0,0.0,0.0,0.0,0.0,0.0,0.0,0.0,0.0,0.0,0.0,0.0,0.0,0.0,0.0,0.0,0.0,0.0,0.0,0.0,0.0,0.0,0.0,0.0,0.0
Egypt,EG,EGY,AFN,Other main producer,Primary aluminium ingot production,kt,300.0,True,Egypt,2021;2022,Years ended 30 June of the stated year,0.6339425791392297,OMNIA INF_Data,"British Geological Survey, World Mineral Production 2020-24, Production of primary aluminium",BGS 2024 country value held to 2025; Zijie regional growth indexed to 2025 thereafter,300.0,268.0,260.0,260.0,310.0,305.0,305.0,291.42550161836425,287.19946107534025,281.9839230175167,277.71740130179523,274.2564222139316,271.7039313088057,270.28269206752367,269.7188705434306,269.9292077522058,270.82912086173246,272.111036418533,273.5663204688801,275.30762715834777,277.35843335224735,279.7034520617446,282.35280132790837,285.01650899322027,287.68351845910024,290.53312785641407,293.55709644636903,296.71598995454576,299.73399149007804,302.5083608523241,305.1407920731692,308.02777350517164
Algeria,DZ,DZA,AFN,Rest of World,Primary aluminium ingot production,kt,0.0,False,,,,,OMNIA INF_Data,"British Geological Survey, World Mineral Production 2020-24, Production of primary aluminium",BGS 2024 country value held to 2025; Zijie regional growth indexed to 2025 thereafter,0.0,0.0,0.0,0.0,0.0,0.0,0.0,0.0,0.0,0.0,0.0,0.0,0.0,0.0,0.0,0.0,0.0,0.0,0.0,0.0,0.0,0.0,0.0,0.0,0.0,0.0,0.0,0.0,0.0,0.0,0.0,0.0
Morocco,MA,MAR,AFN,Rest of World,Primary aluminium ingot production,kt,0.0,False,,,,,OMNIA INF_Data,"British Geological Survey, World Mineral Production 2020-24, Production of primary aluminium",BGS 2024 country value held to 2025; Zijie regional growth indexed to 2025 thereafter,0.0,0.0,0.0,0.0,0.0,0.0,0.0,0.0,0.0,0.0,0.0,0.0,0.0,0.0,0.0,0.0,0.0,0.0,0.0,0.0,0.0,0.0,0.0,0.0,0.0,0.0,0.0,0.0,0.0,0.0,0.0,0.0
Libya,LY,LBY,AFN,Rest of World,Primary aluminium ingot production,kt,0.0,False,,,,,OMNIA INF_Data,"British Geological Survey, World Mineral Production 2020-24, Production of primary aluminium",BGS 2024 country value held to 2025; Zijie regional growth indexed to 2025 thereafter,0.0,0.0,0.0,0.0,0.0,0.0,0.0,0.0,0.0,0.0,0.0,0.0,0.0,0.0,0.0,0.0,0.0,0.0,0.0,0.0,0.0,0.0,0.0,0.0,0.0,0.0,0.0,0.0,0.0,0.0,0.0,0.0
Tunisia,TN,TUN,AFN,Rest of World,Primary aluminium ingot production,kt,0.0,False,,,,,OMNIA INF_Data,"British Geological Survey, World Mineral Production 2020-24, Production of primary aluminium",BGS 2024 country value held to 2025; Zijie regional growth indexed to 2025 thereafter,0.0,0.0,0.0,0.0,0.0,0.0,0.0,0.0,0.0,0.0,0.0,0.0,0.0,0.0,0.0,0.0,0.0,0.0,0.0,0.0,0.0,0.0,0.0,0.0,0.0,0.0,0.0,0.0,0.0,0.0,0.0,0.0
Democratic Republic of the Congo,CD,COD,AFW,Rest of World,Primary aluminium ingot production,kt,0.0,False,,,,,OMNIA INF_Data,"British Geological Survey, World Mineral Production 2020-24, Production of primary aluminium",BGS 2024 country value held to 2025; Zijie regional growth indexed to 2025 thereafter,0.0,0.0,0.0,0.0,0.0,0.0,0.0,0.0,0.0,0.0,0.0,0.0,0.0,0.0,0.0,0.0,0.0,0.0,0.0,0.0,0.0,0.0,0.0,0.0,0.0,0.0,0.0,0.0,0.0,0.0,0.0,0.0
Cote d'Ivoire,CI,CIV,AFW,Rest of World,Primary aluminium ingot production,kt,0.0,False,,,,,OMNIA INF_Data,"British Geological Survey, World Mineral Production 2020-24, Production of primary aluminium",BGS 2024 country value held to 2025; Zijie regional growth indexed to 2025 thereafter,0.0,0.0,0.0,0.0,0.0,0.0,0.0,0.0,0.0,0.0,0.0,0.0,0.0,0.0,0.0,0.0,0.0,0.0,0.0,0.0,0.0,0.0,0.0,0.0,0.0,0.0,0.0,0.0,0.0,0.0,0.0,0.0
Ghana,GH,GHA,AFW,Rest of World,Primary aluminium ingot production,kt,42.0,True,Ghana,,Exports,1.1046758406973243,OMNIA INF_Data,"British Geological Survey, World Mineral Production 2020-24, Production of primary aluminium",BGS 2024 country value held to 2025; Zijie regional growth indexed to 2025 thereafter,42.0,37.566,39.239,55.592,48.314,35.084,35.084,37.60344761390105,40.15845203696938,42.752789786410055,45.443284063674085,48.22840927061498,51.11073621281516,54.08686640538797,57.14218708030898,60.24409898218609,63.3484137420442,66.42743700412771,69.45807148665862,72.44521122686069,75.44105884505055,78.47884225172075,81.5430753623166,84.66015438261658,87.8676733544006,91.12244451461694,94.37172972149548,97.61398798922176,100.81542427080478,103.9610732427728,107.05367672673053,110.02130388690642
Cameroon,CM,CMR,AFW,Other main producer,Primary aluminium ingot production,kt,70.0,True,Cameroon,,,0.2547647460896764,OMNIA INF_Data,"British Geological Survey, World Mineral Production 2020-24, Production of primary aluminium",BGS 2024 country value held to 2025; Zijie regional growth indexed to 2025 thereafter,70.0,61.7,47.3,62.8,62.2,28.6,28.6,27.32711261077121,26.930834710671252,26.441771141970417,26.041697302397846,25.717159591208016,25.47781126371096,25.344540961085826,25.291671139482347,25.311394562993726,25.395779857854258,25.515985710065717,25.652448411180234,25.815731595831956,26.00803670122713,26.22793025890458,26.47636104255141,26.726138220347867,26.976225009607436,27.2434342842408,27.52699330611854,27.823204303934453,28.106203792184367,28.36635777172613,28.61320214194308,28.883915810648883
Gabon,GA,GAB,AFW,Rest of World,Primary aluminium ingot production,kt,0.0,False,,,,,OMNIA INF_Data,"British Geological Survey, World Mineral Production 2020-24, Production of primary aluminium",BGS 2024 country value held to 2025; Zijie regional growth indexed to 2025 thereafter,0.0,0.0,0.0,0.0,0.0,0.0,0.0,0.0,0.0,0.0,0.0,0.0,0.0,0.0,0.0,0.0,0.0,0.0,0.0,0.0,0.0,0.0,0.0,0.0,0.0,0.0,0.0,0.0,0.0,0.0,0.0,0.0
Benin,BJ,BEN,AFW,Rest of World,Primary aluminium ingot production,kt,0.0,False,,,,,OMNIA INF_Data,"British Geological Survey, World Mineral Production 2020-24, Production of primary aluminium",BGS 2024 country value held to 2025; Zijie regional growth indexed to 2025 thereafter,0.0,0.0,0.0,0.0,0.0,0.0,0.0,0.0,0.0,0.0,0.0,0.0,0.0,0.0,0.0,0.0,0.0,0.0,0.0,0.0,0.0,0.0,0.0,0.0,0.0,0.0,0.0,0.0,0.0,0.0,0.0,0.0
Senegal,SN,SEN,AFW,Rest of World,Primary aluminium ingot production,kt,0.0,False,,,,,OMNIA INF_Data,"British Geological Survey, World Mineral Production 2020-24, Production of primary aluminium",BGS 2024 country value held to 2025; Zijie regional growth indexed to 2025 thereafter,0.0,0.0,0.0,0.0,0.0,0.0,0.0,0.0,0.0,0.0,0.0,0.0,0.0,0.0,0.0,0.0,0.0,0.0,0.0,0.0,0.0,0.0,0.0,0.0,0.0,0.0,0.0,0.0,0.0,0.0,0.0,0.0
Togo,TG,TGO,AFW,Rest of World,Primary aluminium ingot production,kt,0.0,False,,,,,OMNIA INF_Data,"British Geological Survey, World Mineral Production 2020-24, Production of primary aluminium",BGS 2024 country value held to 2025; Zijie regional growth indexed to 2025 thereafter,0.0,0.0,0.0,0.0,0.0,0.0,0.0,0.0,0.0,0.0,0.0,0.0,0.0,0.0,0.0,0.0,0.0,0.0,0.0,0.0,0.0,0.0,0.0,0.0,0.0,0.0,0.0,0.0,0.0,0.0,0.0,0.0
Niger,NE,NER,AFW,Rest of World,Primary aluminium ingot production,kt,0.0,False,,,,,OMNIA INF_Data,"British Geological Survey, World Mineral Production 2020-24, Production of primary aluminium",BGS 2024 country value held to 2025; Zijie regional growth indexed to 2025 thereafter,0.0,0.0,0.0,0.0,0.0,0.0,0.0,0.0,0.0,0.0,0.0,0.0,0.0,0.0,0.0,0.0,0.0,0.0,0.0,0.0,0.0,0.0,0.0,0.0,0.0,0.0,0.0,0.0,0.0,0.0,0.0,0.0
Congo,CG,COG,AFW,Rest of World,Primary aluminium ingot production,kt,0.0,False,,,,,OMNIA INF_Data,"British Geological Survey, World Mineral Production 2020-24, Production of primary aluminium",BGS 2024 country value held to 2025; Zijie regional growth indexed to 2025 thereafter,0.0,0.0,0.0,0.0,0.0,0.0,0.0,0.0,0.0,0.0,0.0,0.0,0.0,0.0,0.0,0.0,0.0,0.0,0.0,0.0,0.0,0.0,0.0,0.0,0.0,0.0,0.0,0.0,0.0,0.0,0.0,0.0
Burkina Faso,BF,BFA,AFW,Rest of World,Primary aluminium ingot production,kt,0.0,False,,,,,OMNIA INF_Data,"British Geological Survey, World Mineral Production 2020-24, Production of primary aluminium",BGS 2024 country value held to 2025; Zijie regional growth indexed to 2025 thereafter,0.0,0.0,0.0,0.0,0.0,0.0,0.0,0.0,0.0,0.0,0.0,0.0,0.0,0.0,0.0,0.0,0.0,0.0,0.0,0.0,0.0,0.0,0.0,0.0,0.0,0.0,0.0,0.0,0.0,0.0,0.0,0.0
Cabo Verde,CV,CPV,AFW,Rest of World,Primary aluminium ingot production,kt,0.0,False,,,,,OMNIA INF_Data,"British Geological Survey, World Mineral Production 2020-24, Production of primary aluminium",BGS 2024 country value held to 2025; Zijie regional growth indexed to 2025 thereafter,0.0,0.0,0.0,0.0,0.0,0.0,0.0,0.0,0.0,0.0,0.0,0.0,0.0,0.0,0.0,0.0,0.0,0.0,0.0,0.0,0.0,0.0,0.0,0.0,0.0,0.0,0.0,0.0,0.0,0.0,0.0,0.0
Central African Republic,CF,CAF,AFW,Rest of World,Primary aluminium ingot production,kt,0.0,False,,,,,OMNIA INF_Data,"British Geological Survey, World Mineral Production 2020-24, Production of primary aluminium",BGS 2024 country value held to 2025; Zijie regional growth indexed to 2025 thereafter,0.0,0.0,0.0,0.0,0.0,0.0,0.0,0.0,0.0,0.0,0.0,0.0,0.0,0.0,0.0,0.0,0.0,0.0,0.0,0.0,0.0,0.0,0.0,0.0,0.0,0.0,0.0,0.0,0.0,0.0,0.0,0.0
Chad,TD,TCD,AFW,Rest of World,Primary aluminium ingot production,kt,0.0,False,,,,,OMNIA INF_Data,"British Geological Survey, World Mineral Production 2020-24, Production of primary aluminium",BGS 2024 country value held to 2025; Zijie regional growth indexed to 2025 thereafter,0.0,0.0,0.0,0.0,0.0,0.0,0.0,0.0,0.0,0.0,0.0,0.0,0.0,0.0,0.0,0.0,0.0,0.0,0.0,0.0,0.0,0.0,0.0,0.0,0.0,0.0,0.0,0.0,0.0,0.0,0.0,0.0
Equatorial Guinea,GQ,GNQ,AFW,Rest of World,Primary aluminium ingot production,kt,0.0,False,,,,,OMNIA INF_Data,"British Geological Survey, World Mineral Production 2020-24, Production of primary aluminium",BGS 2024 country value held to 2025; Zijie regional growth indexed to 2025 thereafter,0.0,0.0,0.0,0.0,0.0,0.0,0.0,0.0,0.0,0.0,0.0,0.0,0.0,0.0,0.0,0.0,0.0,0.0,0.0,0.0,0.0,0.0,0.0,0.0,0.0,0.0,0.0,0.0,0.0,0.0,0.0,0.0
Gambia,GM,GMB,AFW,Rest of World,Primary aluminium ingot production,kt,0.0,False,,,,,OMNIA INF_Data,"British Geological Survey, World Mineral Production 2020-24, Production of primary aluminium",BGS 2024 country value held to 2025; Zijie regional growth indexed to 2025 thereafter,0.0,0.0,0.0,0.0,0.0,0.0,0.0,0.0,0.0,0.0,0.0,0.0,0.0,0.0,0.0,0.0,0.0,0.0,0.0,0.0,0.0,0.0,0.0,0.0,0.0,0.0,0.0,0.0,0.0,0.0,0.0,0.0
Guinea,GN,GIN,AFW,Other main producer,Primary aluminium ingot production,kt,0.0,False,,,,,OMNIA INF_Data,"British Geological Survey, World Mineral Production 2020-24, Production of primary aluminium",BGS 2024 country value held to 2025; Zijie regional growth indexed to 2025 thereafter,0.0,0.0,0.0,0.0,0.0,0.0,0.0,0.0,0.0,0.0,0.0,0.0,0.0,0.0,0.0,0.0,0.0,0.0,0.0,0.0,0.0,0.0,0.0,0.0,0.0,0.0,0.0,0.0,0.0,0.0,0.0,0.0
Guinea-Bissau,GW,GNB,AFW,Rest of World,Primary aluminium ingot production,kt,0.0,False,,,,,OMNIA INF_Data,"British Geological Survey, World Mineral Production 2020-24, Production of primary aluminium",BGS 2024 country value held to 2025; Zijie regional growth indexed to 2025 thereafter,0.0,0.0,0.0,0.0,0.0,0.0,0.0,0.0,0.0,0.0,0.0,0.0,0.0,0.0,0.0,0.0,0.0,0.0,0.0,0.0,0.0,0.0,0.0,0.0,0.0,0.0,0.0,0.0,0.0,0.0,0.0,0.0
Liberia,LR,LBR,AFW,Rest of World,Primary aluminium ingot production,kt,0.0,False,,,,,OMNIA INF_Data,"British Geological Survey, World Mineral Production 2020-24, Production of primary aluminium",BGS 2024 country value held to 2025; Zijie regional growth indexed to 2025 thereafter,0.0,0.0,0.0,0.0,0.0,0.0,0.0,0.0,0.0,0.0,0.0,0.0,0.0,0.0,0.0,0.0,0.0,0.0,0.0,0.0,0.0,0.0,0.0,0.0,0.0,0.0,0.0,0.0,0.0,0.0,0.0,0.0
Malawi,MW,MWI,AFW,Rest of World,Primary aluminium ingot production,kt,0.0,False,,,,,OMNIA INF_Data,"British Geological Survey, World Mineral Production 2020-24, Production of primary aluminium",BGS 2024 country value held to 2025; Zijie regional growth indexed to 2025 thereafter,0.0,0.0,0.0,0.0,0.0,0.0,0.0,0.0,0.0,0.0,0.0,0.0,0.0,0.0,0.0,0.0,0.0,0.0,0.0,0.0,0.0,0.0,0.0,0.0,0.0,0.0,0.0,0.0,0.0,0.0,0.0,0.0
Mali,ML,MLI,AFW,Rest of World,Primary aluminium ingot production,kt,0.0,False,,,,,OMNIA INF_Data,"British Geological Survey, World Mineral Production 2020-24, Production of primary aluminium",BGS 2024 country value held to 2025; Zijie regional growth indexed to 2025 thereafter,0.0,0.0,0.0,0.0,0.0,0.0,0.0,0.0,0.0,0.0,0.0,0.0,0.0,0.0,0.0,0.0,0.0,0.0,0.0,0.0,0.0,0.0,0.0,0.0,0.0,0.0,0.0,0.0,0.0,0.0,0.0,0.0
Mauritania,MR,MRT,AFW,Rest of World,Primary aluminium ingot production,kt,0.0,False,,,,,OMNIA INF_Data,"British Geological Survey, World Mineral Production 2020-24, Production of primary aluminium",BGS 2024 country value held to 2025; Zijie regional growth indexed to 2025 thereafter,0.0,0.0,0.0,0.0,0.0,0.0,0.0,0.0,0.0,0.0,0.0,0.0,0.0,0.0,0.0,0.0,0.0,0.0,0.0,0.0,0.0,0.0,0.0,0.0,0.0,0.0,0.0,0.0,0.0,0.0,0.0,0.0
Sao Tome and Principe,ST,STP,AFW,Rest of World,Primary aluminium ingot production,kt,0.0,False,,,,,OMNIA INF_Data,"British Geological Survey, World Mineral Production 2020-24, Production of primary aluminium",BGS 2024 country value held to 2025; Zijie regional growth indexed to 2025 thereafter,0.0,0.0,0.0,0.0,0.0,0.0,0.0,0.0,0.0,0.0,0.0,0.0,0.0,0.0,0.0,0.0,0.0,0.0,0.0,0.0,0.0,0.0,0.0,0.0,0.0,0.0,0.0,0.0,0.0,0.0,0.0,0.0
Sierra Leone,SL,SLE,AFW,Other main producer,Primary aluminium ingot production,kt,0.0,False,,,,,OMNIA INF_Data,"British Geological Survey, World Mineral Production 2020-24, Production of primary aluminium",BGS 2024 country value held to 2025; Zijie regional growth indexed to 2025 thereafter,0.0,0.0,0.0,0.0,0.0,0.0,0.0,0.0,0.0,0.0,0.0,0.0,0.0,0.0,0.0,0.0,0.0,0.0,0.0,0.0,0.0,0.0,0.0,0.0,0.0,0.0,0.0,0.0,0.0,0.0,0.0,0.0
Angola,AO,AGO,AFZ,Rest of World,Primary aluminium ingot production,kt,0.0,False,,,,,OMNIA INF_Data,"British Geological Survey, World Mineral Production 2020-24, Production of primary aluminium",BGS 2024 country value held to 2025; Zijie regional growth indexed to 2025 thereafter,0.0,0.0,0.0,0.0,0.0,0.0,0.0,0.0,0.0,0.0,0.0,0.0,0.0,0.0,0.0,0.0,0.0,0.0,0.0,0.0,0.0,0.0,0.0,0.0,0.0,0.0,0.0,0.0,0.0,0.0,0.0,0.0
Mozambique,MZ,MOZ,AFZ,Rest of World,Primary aluminium ingot production,kt,565.0,True,Mozambique,,Years ended 30 June of the stated year,1.1537643959841009,OMNIA INF_Data,"British Geological Survey, World Mineral Production 2020-24, Production of primary aluminium",BGS 2024 country value held to 2025; Zijie regional growth indexed to 2025 thereafter,565.0,569.002,562.633,576.22,541.601,492.936,492.936,528.3346554841502,564.2328900152643,600.6837642843981,638.4856536658091,677.617123253331,718.114293290396,759.9294145025175,802.8571750832056,846.4395501049731,890.0556856786084,933.3164715273828,975.8973870239298,1017.8671942003135,1059.9593485019902,1102.640707564537,1145.6936893398383,1189.489164882838,1234.5553366954966,1280.2854095672446,1325.9384038876724,1371.4926685513342,1416.473377561094,1460.6702656481427,1504.1218558592986,1545.817508060543
Zimbabwe,ZW,ZWE,AFZ,Other main producer,Primary aluminium ingot production,kt,0.0,False,,,,,OMNIA INF_Data,"British Geological Survey, World Mineral Production 2020-24, Production of primary aluminium",BGS 2024 country value held to 2025; Zijie regional growth indexed to 2025 thereafter,0.0,0.0,0.0,0.0,0.0,0.0,0.0,0.0,0.0,0.0,0.0,0.0,0.0,0.0,0.0,0.0,0.0,0.0,0.0,0.0,0.0,0.0,0.0,0.0,0.0,0.0,0.0,0.0,0.0,0.0,0.0,0.0
Zambia,ZM,ZMB,AFZ,Rest of World,Primary aluminium ingot production,kt,0.0,False,,,,,OMNIA INF_Data,"British Geological Survey, World Mineral Production 2020-24, Production of primary aluminium",BGS 2024 country value held to 2025; Zijie regional growth indexed to 2025 thereafter,0.0,0.0,0.0,0.0,0.0,0.0,0.0,0.0,0.0,0.0,0.0,0.0,0.0,0.0,0.0,0.0,0.0,0.0,0.0,0.0,0.0,0.0,0.0,0.0,0.0,0.0,0.0,0.0,0.0,0.0,0.0,0.0
Botswana,BW,BWA,AFZ,Rest of World,Primary aluminium ingot production,kt,0.0,False,,,,,OMNIA INF_Data,"British Geological Survey, World Mineral Production 2020-24, Production of primary aluminium",BGS 2024 country value held to 2025; Zijie regional growth indexed to 2025 thereafter,0.0,0.0,0.0,0.0,0.0,0.0,0.0,0.0,0.0,0.0,0.0,0.0,0.0,0.0,0.0,0.0,0.0,0.0,0.0,0.0,0.0,0.0,0.0,0.0,0.0,0.0,0.0,0.0,0.0,0.0,0.0,0.0
Namibia,,NAM,AFZ,Rest of World,Primary aluminium ingot production,kt,0.0,False,,,,,OMNIA INF_Data,"British Geological Survey, World Mineral Production 2020-24, Production of primary aluminium",BGS 2024 country value held to 2025; Zijie regional growth indexed to 2025 thereafter,0.0,0.0,0.0,0.0,0.0,0.0,0.0,0.0,0.0,0.0,0.0,0.0,0.0,0.0,0.0,0.0,0.0,0.0,0.0,0.0,0.0,0.0,0.0,0.0,0.0,0.0,0.0,0.0,0.0,0.0,0.0,0.0
South Africa,ZA,ZAF,AFZ,Other main producer,Primary aluminium ingot production,kt,717.0,True,South Africa,,,0.6287680701250609,OMNIA INF_Data,"British Geological Survey, World Mineral Production 2020-24, Production of primary aluminium",BGS 2024 country value held to 2025; Zijie regional growth indexed to 2025 thereafter,717.0,717.0,714.0,718.0,720.0,723.0,723.0,690.8217628527127,680.8039683851508,668.440578169392,658.3268234137637,650.1226008546641,644.0719420861197,640.7029061141626,639.366371812788,639.8649744421141,641.9982110919101,645.0369814118012,648.4867203245913,652.6144735589687,657.4758928317208,663.0347404611192,669.3150011805828,675.6292983675352,681.9514224456705,688.7063981645488,695.8746909204092,703.3628220889724,710.5169699912342,717.093589823706,723.3337464554141,730.1773122761938
Eswatini,SZ,SWZ,AFZ,Rest of World,Primary aluminium ingot production,kt,0.0,False,,,,,OMNIA INF_Data,"British Geological Survey, World Mineral Production 2020-24, Production of primary aluminium",BGS 2024 country value held to 2025; Zijie regional growth indexed to 2025 thereafter,0.0,0.0,0.0,0.0,0.0,0.0,0.0,0.0,0.0,0.0,0.0,0.0,0.0,0.0,0.0,0.0,0.0,0.0,0.0,0.0,0.0,0.0,0.0,0.0,0.0,0.0,0.0,0.0,0.0,0.0,0.0,0.0
Lesotho,LS,LSO,AFZ,Rest of World,Primary aluminium ingot production,kt,0.0,False,,,,,OMNIA INF_Data,"British Geological Survey, World Mineral Production 2020-24, Production of primary aluminium",BGS 2024 country value held to 2025; Zijie regional growth indexed to 2025 thereafter,0.0,0.0,0.0,0.0,0.0,0.0,0.0,0.0,0.0,0.0,0.0,0.0,0.0,0.0,0.0,0.0,0.0,0.0,0.0,0.0,0.0,0.0,0.0,0.0,0.0,0.0,0.0,0.0,0.0,0.0,0.0,0.0
Nigeria,NG,NGA,NIG,Rest of World,Primary aluminium ingot production,kt,0.0,False,,,,,OMNIA INF_Data,"British Geological Survey, World Mineral Production 2020-24, Production of primary aluminium",BGS 2024 country value held to 2025; Zijie regional growth indexed to 2025 thereafter,0.0,0.0,0.0,0.0,0.0,0.0,0.0,0.0,0.0,0.0,0.0,0.0,0.0,0.0,0.0,0.0,0.0,0.0,0.0,0.0,0.0,0.0,0.0,0.0,0.0,0.0,0.0,0.0,0.0,0.0,0.0,0.0
Russian Federation,RU,RUS,RUS,Other main producer,Primary aluminium ingot production,kt,3637.0,True,Russia,,,0.716988294070575,OMNIA INF_Data,"British Geological Survey, World Mineral Production 2020-24, Production of primary aluminium",BGS 2024 country value held to 2025; Zijie regional growth indexed to 2025 thereafter,3637.0,3936.0,3937.0,4014.0,4026.0,4182.0,4182.0,3995.873599239342,3937.928348252698,3866.4156264237863,3807.9153188331397,3760.460189175941,3725.461772896477,3705.974485988144,3698.2436610250056,3701.127694490901,3713.4668309631643,3731.0437845977212,3750.9978760683825,3774.873759922001,3802.993338619995,3835.147004990872,3871.473492305944,3907.996854457859,3944.565489167073,3983.637838345979,4025.1009093072635,4068.4139999669187,4109.795253808217,4147.835951096457,4183.930467049159,4223.515241962714
Kazakhstan,KZ,KAZ,ASC,Other main producer,Primary aluminium ingot production,kt,260.0,True,Kazakhstan,,,0.6343422907275901,OMNIA INF_Data,"British Geological Survey, World Mineral Production 2020-24, Production of primary aluminium",BGS 2024 country value held to 2025; Zijie regional growth indexed to 2025 thereafter,260.0,264.6,262.361,249.141,260.877,264.5,264.5,252.72801697723722,249.06313919484427,244.54015619060053,240.8401726043437,237.83876614945873,235.625212561243,234.392695252,233.90374183192588,234.08614901789653,234.86656546861715,235.9782594514819,237.24030086563536,238.75038486355078,240.52887089071945,242.56250186993918,244.86005229912055,247.17005452035002,249.4829201063345,251.95413874761155,254.57656396742496,257.3159978458274,259.933248357789,262.3392178539007,264.62209673230575,267.12572489218985
Uzbekistan,UZ,UZB,ASC,Rest of World,Primary aluminium ingot production,kt,0.0,False,,,,,OMNIA INF_Data,"British Geological Survey, World Mineral Production 2020-24, Production of primary aluminium",BGS 2024 country value held to 2025; Zijie regional growth indexed to 2025 thereafter,0.0,0.0,0.0,0.0,0.0,0.0,0.0,0.0,0.0,0.0,0.0,0.0,0.0,0.0,0.0,0.0,0.0,0.0,0.0,0.0,0.0,0.0,0.0,0.0,0.0,0.0,0.0,0.0,0.0,0.0,0.0,0.0
Turkmenistan,TM,TKM,ASC,Rest of World,Primary aluminium ingot production,kt,0.0,False,,,,,OMNIA INF_Data,"British Geological Survey, World Mineral Production 2020-24, Production of primary aluminium",BGS 2024 country value held to 2025; Zijie regional growth indexed to 2025 thereafter,0.0,0.0,0.0,0.0,0.0,0.0,0.0,0.0,0.0,0.0,0.0,0.0,0.0,0.0,0.0,0.0,0.0,0.0,0.0,0.0,0.0,0.0,0.0,0.0,0.0,0.0,0.0,0.0,0.0,0.0,0.0,0.0
Azerbaijan,AZ,AZE,ASC,Other main producer,Primary aluminium ingot production,kt,50.0,True,Azerbaijan,,,0.20271613030639038,OMNIA INF_Data,"British Geological Survey, World Mineral Production 2020-24, Production of primary aluminium",BGS 2024 country value held to 2025; Zijie regional growth indexed to 2025 thereafter,50.0,31.492,24.9,33.529,28.23,16.255,16.255,15.53154599608692,15.306318818949691,15.028356290654864,14.800971666100594,14.616518501926093,14.480483289916842,14.404738228057694,14.374689313716276,14.385899252498707,14.433860195434297,14.502179990109028,14.579739472857856,14.67254255560309,14.781840439805839,14.906818404143143,15.048015690443117,15.189978208802605,15.332116696894014,15.483986863298396,15.645149517166322,15.813503005610297,15.974347644823666,16.122207887391895,16.262503525079886,16.416365437136278
Mongolia,MN,MNG,ASC,Rest of World,Primary aluminium ingot production,kt,0.0,False,,,,,OMNIA INF_Data,"British Geological Survey, World Mineral Production 2020-24, Production of primary aluminium",BGS 2024 country value held to 2025; Zijie regional growth indexed to 2025 thereafter,0.0,0.0,0.0,0.0,0.0,0.0,0.0,0.0,0.0,0.0,0.0,0.0,0.0,0.0,0.0,0.0,0.0,0.0,0.0,0.0,0.0,0.0,0.0,0.0,0.0,0.0,0.0,0.0,0.0,0.0,0.0,0.0
Georgia,GE,GEO,ASC,Rest of World,Primary aluminium ingot production,kt,0.0,False,,,,,OMNIA INF_Data,"British Geological Survey, World Mineral Production 2020-24, Production of primary aluminium",BGS 2024 country value held to 2025; Zijie regional growth indexed to 2025 thereafter,0.0,0.0,0.0,0.0,0.0,0.0,0.0,0.0,0.0,0.0,0.0,0.0,0.0,0.0,0.0,0.0,0.0,0.0,0.0,0.0,0.0,0.0,0.0,0.0,0.0,0.0,0.0,0.0,0.0,0.0,0.0,0.0
Kyrgyzstan,KG,KGZ,ASC,Rest of World,Primary aluminium ingot production,kt,0.0,False,,,,,OMNIA INF_Data,"British Geological Survey, World Mineral Production 2020-24, Production of primary aluminium",BGS 2024 country value held to 2025; Zijie regional growth indexed to 2025 thereafter,0.0,0.0,0.0,0.0,0.0,0.0,0.0,0.0,0.0,0.0,0.0,0.0,0.0,0.0,0.0,0.0,0.0,0.0,0.0,0.0,0.0,0.0,0.0,0.0,0.0,0.0,0.0,0.0,0.0,0.0,0.0,0.0
Armenia,AM,ARM,ASC,Rest of World,Primary aluminium ingot production,kt,0.0,False,,,,,OMNIA INF_Data,"British Geological Survey, World Mineral Production 2020-24, Production of primary aluminium",BGS 2024 country value held to 2025; Zijie regional growth indexed to 2025 thereafter,0.0,0.0,0.0,0.0,0.0,0.0,0.0,0.0,0.0,0.0,0.0,0.0,0.0,0.0,0.0,0.0,0.0,0.0,0.0,0.0,0.0,0.0,0.0,0.0,0.0,0.0,0.0,0.0,0.0,0.0,0.0,0.0
Tajikistan,TJ,TJK,ASC,Rest of World,Primary aluminium ingot production,kt,100.0,True,Tajikistan,2022,,1.0870433452352761,OMNIA INF_Data,"British Geological Survey, World Mineral Production 2020-24, Production of primary aluminium",BGS 2024 country value held to 2025; Zijie regional growth indexed to 2025 thereafter,100.0,84.0,61.0,62.0,66.649,82.2,82.2,88.10293563626342,94.08917903998639,100.1675783959328,106.4712675303275,112.99667204550653,119.74981520617392,126.7227345377634,133.88119307950626,141.14881245968806,148.4220616120178,155.63605409130366,162.73667415925604,169.73538829232552,176.75450453378048,183.87187416176735,191.05121407999155,198.3543692352948,205.86942052593,213.49518125360598,221.10808867594713,228.70453234277812,236.20533220442803,243.57542528092358,250.8212355186766,257.7742326845202
Afghanistan,AF,AFG,ASC,Rest of World,Primary aluminium ingot production,kt,0.0,False,,,,,OMNIA INF_Data,"British Geological Survey, World Mineral Production 2020-24, Production of primary aluminium",BGS 2024 country value held to 2025; Zijie regional growth indexed to 2025 thereafter,0.0,0.0,0.0,0.0,0.0,0.0,0.0,0.0,0.0,0.0,0.0,0.0,0.0,0.0,0.0,0.0,0.0,0.0,0.0,0.0,0.0,0.0,0.0,0.0,0.0,0.0,0.0,0.0,0.0,0.0,0.0,0.0
Thailand,TH,THA,ASE,Other Asia,Primary aluminium ingot production,kt,0.0,False,,,,,OMNIA INF_Data,"British Geological Survey, World Mineral Production 2020-24, Production of primary aluminium",BGS 2024 country value held to 2025; Zijie regional growth indexed to 2025 thereafter,0.0,0.0,0.0,0.0,0.0,0.0,0.0,0.0,0.0,0.0,0.0,0.0,0.0,0.0,0.0,0.0,0.0,0.0,0.0,0.0,0.0,0.0,0.0,0.0,0.0,0.0,0.0,0.0,0.0,0.0,0.0,0.0
Malaysia,MY,MYS,ASE,Other Asia,Primary aluminium ingot production,kt,760.0,True,Malaysia,2020;2023;2024,,1.0705450623299377,OMNIA INF_Data,"British Geological Survey, World Mineral Production 2020-24, Production of primary aluminium",BGS 2024 country value held to 2025; Zijie regional growth indexed to 2025 thereafter,760.0,800.0,901.0,928.0,1000.0,1000.0,1000.0,1059.2676439145853,1112.3995286306324,1166.4667289489466,1220.4460726045681,1274.6896272826077,1328.2235205260617,1380.0543824961421,1430.121239215557,1478.0916876404533,1523.5888866605055,1566.4645484380803,1605.9633248604237,1642.0604953026027,1674.9314328380935,1703.663937671424,1728.810637805357,1749.6973405394642,1765.3509017245156,1776.5363532345073,1783.257221418176,1784.7135112549174,1780.3459832909944,1771.2398492087225,1758.4101157434925,1742.0940654960862
Singapore,SG,SGP,ASE,Other Asia,Primary aluminium ingot production,kt,0.0,False,,,,,OMNIA INF_Data,"British Geological Survey, World Mineral Production 2020-24, Production of primary aluminium",BGS 2024 country value held to 2025; Zijie regional growth indexed to 2025 thereafter,0.0,0.0,0.0,0.0,0.0,0.0,0.0,0.0,0.0,0.0,0.0,0.0,0.0,0.0,0.0,0.0,0.0,0.0,0.0,0.0,0.0,0.0,0.0,0.0,0.0,0.0,0.0,0.0,0.0,0.0,0.0,0.0
Myanmar,MM,MMR,ASE,Rest of World,Primary aluminium ingot production,kt,0.0,False,,,,,OMNIA INF_Data,"British Geological Survey, World Mineral Production 2020-24, Production of primary aluminium",BGS 2024 country value held to 2025; Zijie regional growth indexed to 2025 thereafter,0.0,0.0,0.0,0.0,0.0,0.0,0.0,0.0,0.0,0.0,0.0,0.0,0.0,0.0,0.0,0.0,0.0,0.0,0.0,0.0,0.0,0.0,0.0,0.0,0.0,0.0,0.0,0.0,0.0,0.0,0.0,0.0
Cambodia,KH,KHM,ASE,Rest of World,Primary aluminium ingot production,kt,0.0,False,,,,,OMNIA INF_Data,"British Geological Survey, World Mineral Production 2020-24, Production of primary aluminium",BGS 2024 country value held to 2025; Zijie regional growth indexed to 2025 thereafter,0.0,0.0,0.0,0.0,0.0,0.0,0.0,0.0,0.0,0.0,0.0,0.0,0.0,0.0,0.0,0.0,0.0,0.0,0.0,0.0,0.0,0.0,0.0,0.0,0.0,0.0,0.0,0.0,0.0,0.0,0.0,0.0
Brunei Darussalam,BN,BRN,ASE,Rest of World,Primary aluminium ingot production,kt,0.0,False,,,,,OMNIA INF_Data,"British Geological Survey, World Mineral Production 2020-24, Production of primary aluminium",BGS 2024 country value held to 2025; Zijie regional growth indexed to 2025 thereafter,0.0,0.0,0.0,0.0,0.0,0.0,0.0,0.0,0.0,0.0,0.0,0.0,0.0,0.0,0.0,0.0,0.0,0.0,0.0,0.0,0.0,0.0,0.0,0.0,0.0,0.0,0.0,0.0,0.0,0.0,0.0,0.0
Lao People's Democratic Republic,LA,LAO,ASE,Rest of World,Primary aluminium ingot production,kt,0.0,False,,,,,OMNIA INF_Data,"British Geological Survey, World Mineral Production 2020-24, Production of primary aluminium",BGS 2024 country value held to 2025; Zijie regional growth indexed to 2025 thereafter,0.0,0.0,0.0,0.0,0.0,0.0,0.0,0.0,0.0,0.0,0.0,0.0,0.0,0.0,0.0,0.0,0.0,0.0,0.0,0.0,0.0,0.0,0.0,0.0,0.0,0.0,0.0,0.0,0.0,0.0,0.0,0.0
Democratic People's Republic of Korea,KP,PRK,ASE,Rest of World,Primary aluminium ingot production,kt,0.0,False,,,,,OMNIA INF_Data,"British Geological Survey, World Mineral Production 2020-24, Production of primary aluminium",BGS 2024 country value held to 2025; Zijie regional growth indexed to 2025 thereafter,0.0,0.0,0.0,0.0,0.0,0.0,0.0,0.0,0.0,0.0,0.0,0.0,0.0,0.0,0.0,0.0,0.0,0.0,0.0,0.0,0.0,0.0,0.0,0.0,0.0,0.0,0.0,0.0,0.0,0.0,0.0,0.0
Cook Islands,CK,COK,ASE,Rest of World,Primary aluminium ingot production,kt,0.0,False,,,,,OMNIA INF_Data,"British Geological Survey, World Mineral Production 2020-24, Production of primary aluminium",BGS 2024 country value held to 2025; Zijie regional growth indexed to 2025 thereafter,0.0,0.0,0.0,0.0,0.0,0.0,0.0,0.0,0.0,0.0,0.0,0.0,0.0,0.0,0.0,0.0,0.0,0.0,0.0,0.0,0.0,0.0,0.0,0.0,0.0,0.0,0.0,0.0,0.0,0.0,0.0,0.0
Timor-Leste,TL,TLS,ASE,Rest of World,Primary aluminium ingot production,kt,0.0,False,,,,,OMNIA INF_Data,"British Geological Survey, World Mineral Production 2020-24, Production of primary aluminium",BGS 2024 country value held to 2025; Zijie regional growth indexed to 2025 thereafter,0.0,0.0,0.0,0.0,0.0,0.0,0.0,0.0,0.0,0.0,0.0,0.0,0.0,0.0,0.0,0.0,0.0,0.0,0.0,0.0,0.0,0.0,0.0,0.0,0.0,0.0,0.0,0.0,0.0,0.0,0.0,0.0
Fiji,FJ,FJI,ASE,Other main producer,Primary aluminium ingot production,kt,0.0,False,,,,,OMNIA INF_Data,"British Geological Survey, World Mineral Production 2020-24, Production of primary aluminium",BGS 2024 country value held to 2025; Zijie regional growth indexed to 2025 thereafter,0.0,0.0,0.0,0.0,0.0,0.0,0.0,0.0,0.0,0.0,0.0,0.0,0.0,0.0,0.0,0.0,0.0,0.0,0.0,0.0,0.0,0.0,0.0,0.0,0.0,0.0,0.0,0.0,0.0,0.0,0.0,0.0
French Polynesia,PF,PYF,ASE,Rest of World,Primary aluminium ingot production,kt,0.0,False,,,,,OMNIA INF_Data,"British Geological Survey, World Mineral Production 2020-24, Production of primary aluminium",BGS 2024 country value held to 2025; Zijie regional growth indexed to 2025 thereafter,0.0,0.0,0.0,0.0,0.0,0.0,0.0,0.0,0.0,0.0,0.0,0.0,0.0,0.0,0.0,0.0,0.0,0.0,0.0,0.0,0.0,0.0,0.0,0.0,0.0,0.0,0.0,0.0,0.0,0.0,0.0,0.0
Kiribati,KI,KIR,ASE,Rest of World,Primary aluminium ingot production,kt,0.0,False,,,,,OMNIA INF_Data,"British Geological Survey, World Mineral Production 2020-24, Production of primary aluminium",BGS 2024 country value held to 2025; Zijie regional growth indexed to 2025 thereafter,0.0,0.0,0.0,0.0,0.0,0.0,0.0,0.0,0.0,0.0,0.0,0.0,0.0,0.0,0.0,0.0,0.0,0.0,0.0,0.0,0.0,0.0,0.0,0.0,0.0,0.0,0.0,0.0,0.0,0.0,0.0,0.0
New Caledonia,NC,NCL,ASE,Rest of World,Primary aluminium ingot production,kt,0.0,False,,,,,OMNIA INF_Data,"British Geological Survey, World Mineral Production 2020-24, Production of primary aluminium",BGS 2024 country value held to 2025; Zijie regional growth indexed to 2025 thereafter,0.0,0.0,0.0,0.0,0.0,0.0,0.0,0.0,0.0,0.0,0.0,0.0,0.0,0.0,0.0,0.0,0.0,0.0,0.0,0.0,0.0,0.0,0.0,0.0,0.0,0.0,0.0,0.0,0.0,0.0,0.0,0.0
Palau,PW,PLW,ASE,Rest of World,Primary aluminium ingot production,kt,0.0,False,,,,,OMNIA INF_Data,"British Geological Survey, World Mineral Production 2020-24, Production of primary aluminium",BGS 2024 country value held to 2025; Zijie regional growth indexed to 2025 thereafter,0.0,0.0,0.0,0.0,0.0,0.0,0.0,0.0,0.0,0.0,0.0,0.0,0.0,0.0,0.0,0.0,0.0,0.0,0.0,0.0,0.0,0.0,0.0,0.0,0.0,0.0,0.0,0.0,0.0,0.0,0.0,0.0
Papua New Guinea,PG,PNG,ASE,Rest of World,Primary aluminium ingot production,kt,0.0,False,,,,,OMNIA INF_Data,"British Geological Survey, World Mineral Production 2020-24, Production of primary aluminium",BGS 2024 country value held to 2025; Zijie regional growth indexed to 2025 thereafter,0.0,0.0,0.0,0.0,0.0,0.0,0.0,0.0,0.0,0.0,0.0,0.0,0.0,0.0,0.0,0.0,0.0,0.0,0.0,0.0,0.0,0.0,0.0,0.0,0.0,0.0,0.0,0.0,0.0,0.0,0.0,0.0
American Samoa,AS,ASM,ASE,Rest of World,Primary aluminium ingot production,kt,0.0,False,,,,,OMNIA INF_Data,"British Geological Survey, World Mineral Production 2020-24, Production of primary aluminium",BGS 2024 country value held to 2025; Zijie regional growth indexed to 2025 thereafter,0.0,0.0,0.0,0.0,0.0,0.0,0.0,0.0,0.0,0.0,0.0,0.0,0.0,0.0,0.0,0.0,0.0,0.0,0.0,0.0,0.0,0.0,0.0,0.0,0.0,0.0,0.0,0.0,0.0,0.0,0.0,0.0
Solomon Islands,SB,SLB,ASE,Rest of World,Primary aluminium ingot production,kt,0.0,False,,,,,OMNIA INF_Data,"British Geological Survey, World Mineral Production 2020-24, Production of primary aluminium",BGS 2024 country value held to 2025; Zijie regional growth indexed to 2025 thereafter,0.0,0.0,0.0,0.0,0.0,0.0,0.0,0.0,0.0,0.0,0.0,0.0,0.0,0.0,0.0,0.0,0.0,0.0,0.0,0.0,0.0,0.0,0.0,0.0,0.0,0.0,0.0,0.0,0.0,0.0,0.0,0.0
Tonga,TO,TON,ASE,Rest of World,Primary aluminium ingot production,kt,0.0,False,,,,,OMNIA INF_Data,"British Geological Survey, World Mineral Production 2020-24, Production of primary aluminium",BGS 2024 country value held to 2025; Zijie regional growth indexed to 2025 thereafter,0.0,0.0,0.0,0.0,0.0,0.0,0.0,0.0,0.0,0.0,0.0,0.0,0.0,0.0,0.0,0.0,0.0,0.0,0.0,0.0,0.0,0.0,0.0,0.0,0.0,0.0,0.0,0.0,0.0,0.0,0.0,0.0
Vanuatu,VU,VUT,ASE,Rest of World,Primary aluminium ingot production,kt,0.0,False,,,,,OMNIA INF_Data,"British Geological Survey, World Mineral Production 2020-24, Production of primary aluminium",BGS 2024 country value held to 2025; Zijie regional growth indexed to 2025 thereafter,0.0,0.0,0.0,0.0,0.0,0.0,0.0,0.0,0.0,0.0,0.0,0.0,0.0,0.0,0.0,0.0,0.0,0.0,0.0,0.0,0.0,0.0,0.0,0.0,0.0,0.0,0.0,0.0,0.0,0.0,0.0,0.0
Niue,NU,NIU,ASE,Rest of World,Primary aluminium ingot production,kt,0.0,False,,,,,OMNIA INF_Data,"British Geological Survey, World Mineral Production 2020-24, Production of primary aluminium",BGS 2024 country value held to 2025; Zijie regional growth indexed to 2025 thereafter,0.0,0.0,0.0,0.0,0.0,0.0,0.0,0.0,0.0,0.0,0.0,0.0,0.0,0.0,0.0,0.0,0.0,0.0,0.0,0.0,0.0,0.0,0.0,0.0,0.0,0.0,0.0,0.0,0.0,0.0,0.0,0.0
Samoa,WS,WSM,ASE,Rest of World,Primary aluminium ingot production,kt,0.0,False,,,,,OMNIA INF_Data,"British Geological Survey, World Mineral Production 2020-24, Production of primary aluminium",BGS 2024 country value held to 2025; Zijie regional growth indexed to 2025 thereafter,0.0,0.0,0.0,0.0,0.0,0.0,0.0,0.0,0.0,0.0,0.0,0.0,0.0,0.0,0.0,0.0,0.0,0.0,0.0,0.0,0.0,0.0,0.0,0.0,0.0,0.0,0.0,0.0,0.0,0.0,0.0,0.0
Wallis and Futuna Islands,WF,WLF,ASE,Rest of World,Primary aluminium ingot production,kt,0.0,False,,,,,OMNIA INF_Data,"British Geological Survey, World Mineral Production 2020-24, Production of primary aluminium",BGS 2024 country value held to 2025; Zijie regional growth indexed to 2025 thereafter,0.0,0.0,0.0,0.0,0.0,0.0,0.0,0.0,0.0,0.0,0.0,0.0,0.0,0.0,0.0,0.0,0.0,0.0,0.0,0.0,0.0,0.0,0.0,0.0,0.0,0.0,0.0,0.0,0.0,0.0,0.0,0.0
Micronesia (Federated States of),FM,FSM,ASE,Rest of World,Primary aluminium ingot production,kt,0.0,False,,,,,OMNIA INF_Data,"British Geological Survey, World Mineral Production 2020-24, Production of primary aluminium",BGS 2024 country value held to 2025; Zijie regional growth indexed to 2025 thereafter,0.0,0.0,0.0,0.0,0.0,0.0,0.0,0.0,0.0,0.0,0.0,0.0,0.0,0.0,0.0,0.0,0.0,0.0,0.0,0.0,0.0,0.0,0.0,0.0,0.0,0.0,0.0,0.0,0.0,0.0,0.0,0.0
Nauru,NR,NRU,ASE,Rest of World,Primary aluminium ingot production,kt,0.0,False,,,,,OMNIA INF_Data,"British Geological Survey, World Mineral Production 2020-24, Production of primary aluminium",BGS 2024 country value held to 2025; Zijie regional growth indexed to 2025 thereafter,0.0,0.0,0.0,0.0,0.0,0.0,0.0,0.0,0.0,0.0,0.0,0.0,0.0,0.0,0.0,0.0,0.0,0.0,0.0,0.0,0.0,0.0,0.0,0.0,0.0,0.0,0.0,0.0,0.0,0.0,0.0,0.0
Tuvalu,TV,TUV,ASE,Rest of World,Primary aluminium ingot production,kt,0.0,False,,,,,OMNIA INF_Data,"British Geological Survey, World Mineral Production 2020-24, Production of primary aluminium",BGS 2024 country value held to 2025; Zijie regional growth indexed to 2025 thereafter,0.0,0.0,0.0,0.0,0.0,0.0,0.0,0.0,0.0,0.0,0.0,0.0,0.0,0.0,0.0,0.0,0.0,0.0,0.0,0.0,0.0,0.0,0.0,0.0,0.0,0.0,0.0,0.0,0.0,0.0,0.0,0.0
Northern Mariana Islands,MP,MNP,ASE,Rest of World,Primary aluminium ingot production,kt,0.0,False,,,,,OMNIA INF_Data,"British Geological Survey, World Mineral Production 2020-24, Production of primary aluminium",BGS 2024 country value held to 2025; Zijie regional growth indexed to 2025 thereafter,0.0,0.0,0.0,0.0,0.0,0.0,0.0,0.0,0.0,0.0,0.0,0.0,0.0,0.0,0.0,0.0,0.0,0.0,0.0,0.0,0.0,0.0,0.0,0.0,0.0,0.0,0.0,0.0,0.0,0.0,0.0,0.0
China,CN,CHN,CHN,China,Primary aluminium ingot production,kt,35044.0,True,China,,,1.0218220998277896,OMNIA INF_Data,"British Geological Survey, World Mineral Production 2020-24, Production of primary aluminium",BGS 2024 country value held to 2025; Zijie regional growth indexed to 2025 thereafter,35044.0,37080.401,38502.6,40144.3,41594.0,44005.0,44005.0,41933.626237353856,39276.12572218876,36476.44519588206,33789.63552475733,31287.75257982702,28977.14471992834,26875.09125651416,25003.79520227935,23371.99349212711,21976.649933713765,20772.67861949301,19741.291430508976,18866.43666518302,18065.40875356564,17310.81641068182,16608.55081894662,15940.284332104127,15321.672442375853,14722.922607486147,14106.274520939109,13479.71704918831,12890.755340163869,12315.22118796207,11731.730828278425,11181.238443285472
"China, Hong Kong Special Administrative Region",HK,HKG,CHN,Rest of World,Primary aluminium ingot production,kt,0.0,False,,,,,OMNIA INF_Data,"British Geological Survey, World Mineral Production 2020-24, Production of primary aluminium",BGS 2024 country value held to 2025; Zijie regional growth indexed to 2025 thereafter,0.0,0.0,0.0,0.0,0.0,0.0,0.0,0.0,0.0,0.0,0.0,0.0,0.0,0.0,0.0,0.0,0.0,0.0,0.0,0.0,0.0,0.0,0.0,0.0,0.0,0.0,0.0,0.0,0.0,0.0,0.0,0.0
"China, Macao Special Administrative Region",MO,MAC,CHN,Rest of World,Primary aluminium ingot production,kt,0.0,False,,,,,OMNIA INF_Data,"British Geological Survey, World Mineral Production 2020-24, Production of primary aluminium",BGS 2024 country value held to 2025; Zijie regional growth indexed to 2025 thereafter,0.0,0.0,0.0,0.0,0.0,0.0,0.0,0.0,0.0,0.0,0.0,0.0,0.0,0.0,0.0,0.0,0.0,0.0,0.0,0.0,0.0,0.0,0.0,0.0,0.0,0.0,0.0,0.0,0.0,0.0,0.0,0.0
Indonesia,ID,IDN,IDN,Other Asia,Primary aluminium ingot production,kt,240.0,True,Indonesia,,,0.9296559794020065,OMNIA INF_Data,"British Geological Survey, World Mineral Production 2020-24, Production of primary aluminium",BGS 2024 country value held to 2025; Zijie regional growth indexed to 2025 thereafter,240.0,220.1,243.4,223.774,214.882,274.23,274.23,290.4829659906967,305.05332273637833,319.88017107966965,334.6829264903507,349.55813648970957,364.2387360338619,378.4523133119171,392.1821474300822,405.33708350164153,417.81378038891046,429.5715731181748,440.403322576474,450.3022496268328,459.3164468271904,467.1957616276346,474.09174120536306,479.8195016961373,484.1121777799139,487.179564147499,489.0226278295064,489.4219861914361,488.22427899788937,485.72710384850797,482.208806040338,477.7344555809917
Philippines,PH,PHL,IDN,Rest of World,Primary aluminium ingot production,kt,0.0,False,,,,,OMNIA INF_Data,"British Geological Survey, World Mineral Production 2020-24, Production of primary aluminium",BGS 2024 country value held to 2025; Zijie regional growth indexed to 2025 thereafter,0.0,0.0,0.0,0.0,0.0,0.0,0.0,0.0,0.0,0.0,0.0,0.0,0.0,0.0,0.0,0.0,0.0,0.0,0.0,0.0,0.0,0.0,0.0,0.0,0.0,0.0,0.0,0.0,0.0,0.0,0.0,0.0
Viet Nam,VN,VNM,IDN,Other Asia,Primary aluminium ingot production,kt,0.0,False,,,,,OMNIA INF_Data,"British Geological Survey, World Mineral Production 2020-24, Production of primary aluminium",BGS 2024 country value held to 2025; Zijie regional growth indexed to 2025 thereafter,0.0,0.0,0.0,0.0,0.0,0.0,0.0,0.0,0.0,0.0,0.0,0.0,0.0,0.0,0.0,0.0,0.0,0.0,0.0,0.0,0.0,0.0,0.0,0.0,0.0,0.0,0.0,0.0,0.0,0.0,0.0,0.0
India,IN,IND,IND,Other Asia,Primary aluminium ingot production,kt,3640.0,True,India,2022,Years ended 31 March following the stated year,0.9385621496455469,OMNIA INF_Data,"British Geological Survey, World Mineral Production 2020-24, Production of primary aluminium",BGS 2024 country value held to 2025; Zijie regional growth indexed to 2025 thereafter,3640.0,3619.237,4016.621,4100.0,4159.0,4199.0,4199.0,4447.864836797343,4670.965620720025,4897.993794856627,5124.653058866581,5352.42174495967,5577.210562688933,5794.848352101301,6005.079083466124,6206.506996402263,6397.549735087463,6577.5846388915,6743.440001088919,6895.012019775629,7033.037086487155,7153.6848742823095,7259.275868144694,7346.97913292521,7412.7084363412405,7459.676147231697,7487.897072734921,7494.012033759399,7475.672783838885,7437.436126827426,7383.5640760069255,7315.052981018066
Bangladesh,BD,BGD,ASO,Rest of World,Primary aluminium ingot production,kt,0.0,False,,,,,OMNIA INF_Data,"British Geological Survey, World Mineral Production 2020-24, Production of primary aluminium",BGS 2024 country value held to 2025; Zijie regional growth indexed to 2025 thereafter,0.0,0.0,0.0,0.0,0.0,0.0,0.0,0.0,0.0,0.0,0.0,0.0,0.0,0.0,0.0,0.0,0.0,0.0,0.0,0.0,0.0,0.0,0.0,0.0,0.0,0.0,0.0,0.0,0.0,0.0,0.0,0.0
Nepal,NP,NPL,ASO,Rest of World,Primary aluminium ingot production,kt,0.0,False,,,,,OMNIA INF_Data,"British Geological Survey, World Mineral Production 2020-24, Production of primary aluminium",BGS 2024 country value held to 2025; Zijie regional growth indexed to 2025 thereafter,0.0,0.0,0.0,0.0,0.0,0.0,0.0,0.0,0.0,0.0,0.0,0.0,0.0,0.0,0.0,0.0,0.0,0.0,0.0,0.0,0.0,0.0,0.0,0.0,0.0,0.0,0.0,0.0,0.0,0.0,0.0,0.0
Sri Lanka,LK,LKA,ASO,Rest of World,Primary aluminium ingot production,kt,0.0,False,,,,,OMNIA INF_Data,"British Geological Survey, World Mineral Production 2020-24, Production of primary aluminium",BGS 2024 country value held to 2025; Zijie regional growth indexed to 2025 thereafter,0.0,0.0,0.0,0.0,0.0,0.0,0.0,0.0,0.0,0.0,0.0,0.0,0.0,0.0,0.0,0.0,0.0,0.0,0.0,0.0,0.0,0.0,0.0,0.0,0.0,0.0,0.0,0.0,0.0,0.0,0.0,0.0
Pakistan,PK,PAK,ASO,Other Asia,Primary aluminium ingot production,kt,0.0,False,,,,,OMNIA INF_Data,"British Geological Survey, World Mineral Production 2020-24, Production of primary aluminium",BGS 2024 country value held to 2025; Zijie regional growth indexed to 2025 thereafter,0.0,0.0,0.0,0.0,0.0,0.0,0.0,0.0,0.0,0.0,0.0,0.0,0.0,0.0,0.0,0.0,0.0,0.0,0.0,0.0,0.0,0.0,0.0,0.0,0.0,0.0,0.0,0.0,0.0,0.0,0.0,0.0
Bhutan,BT,BTN,ASO,Rest of World,Primary aluminium ingot production,kt,0.0,False,,,,,OMNIA INF_Data,"British Geological Survey, World Mineral Production 2020-24, Production of primary aluminium",BGS 2024 country value held to 2025; Zijie regional growth indexed to 2025 thereafter,0.0,0.0,0.0,0.0,0.0,0.0,0.0,0.0,0.0,0.0,0.0,0.0,0.0,0.0,0.0,0.0,0.0,0.0,0.0,0.0,0.0,0.0,0.0,0.0,0.0,0.0,0.0,0.0,0.0,0.0,0.0,0.0
Maldives,MV,MDV,ASO,Rest of World,Primary aluminium ingot production,kt,0.0,False,,,,,OMNIA INF_Data,"British Geological Survey, World Mineral Production 2020-24, Production of primary aluminium",BGS 2024 country value held to 2025; Zijie regional growth indexed to 2025 thereafter,0.0,0.0,0.0,0.0,0.0,0.0,0.0,0.0,0.0,0.0,0.0,0.0,0.0,0.0,0.0,0.0,0.0,0.0,0.0,0.0,0.0,0.0,0.0,0.0,0.0,0.0,0.0,0.0,0.0,0.0,0.0,0.0
Japan,JP,JPN,JPN,Japan,Primary aluminium ingot production,kt,90.89354286806416,False,,,,0.0,Zijie back-extrapolated fallback used by old approach,"British Geological Survey, World Mineral Production 2020-24, Production of primary aluminium",BGS 2024 country value held to 2025; Zijie regional growth indexed to 2025 thereafter,90.89354286806416,0.0,0.0,0.0,0.0,0.0,0.0,0.0,0.0,0.0,0.0,0.0,0.0,0.0,0.0,0.0,0.0,0.0,0.0,0.0,0.0,0.0,0.0,0.0,0.0,0.0,0.0,0.0,0.0,0.0,0.0,0.0
"Taiwan, Province of China",TW,TWN,SKT,Other Asia,Primary aluminium ingot production,kt,0.0,False,,,,,OMNIA INF_Data,"British Geological Survey, World Mineral Production 2020-24, Production of primary aluminium",BGS 2024 country value held to 2025; Zijie regional growth indexed to 2025 thereafter,0.0,0.0,0.0,0.0,0.0,0.0,0.0,0.0,0.0,0.0,0.0,0.0,0.0,0.0,0.0,0.0,0.0,0.0,0.0,0.0,0.0,0.0,0.0,0.0,0.0,0.0,0.0,0.0,0.0,0.0,0.0,0.0
Republic of Korea,KR,KOR,SKT,Other Asia,Primary aluminium ingot production,kt,0.0,False,,,,,OMNIA INF_Data,"British Geological Survey, World Mineral Production 2020-24, Production of primary aluminium",BGS 2024 country value held to 2025; Zijie regional growth indexed to 2025 thereafter,0.0,0.0,0.0,0.0,0.0,0.0,0.0,0.0,0.0,0.0,0.0,0.0,0.0,0.0,0.0,0.0,0.0,0.0,0.0,0.0,0.0,0.0,0.0,0.0,0.0,0.0,0.0,0.0,0.0,0.0,0.0,0.0
Australia,AU,AUS,ANZ,Other main producer,Primary aluminium ingot production,kt,1570.0,True,Australia,,,0.6258913693761822,OMNIA INF_Data,"British Geological Survey, World Mineral Production 2020-24, Production of primary aluminium",BGS 2024 country value held to 2025; Zijie regional growth indexed to 2025 thereafter,1570.0,1582.947,1558.529,1509.646,1555.474,1575.895,1575.895,1505.757347124171,1483.9219498731914,1456.973948733408,1434.9293905721067,1417.0469655240124,1403.8585797701323,1396.5152230024596,1393.6020311312773,1394.688815903811,1399.3385489193438,1405.9620384812592,1413.4813003124782,1422.478403608867,1433.074650254557,1445.191054383092,1458.8798945857186,1472.6429227536748,1486.4230108921436,1501.1465689287988,1516.7710180470517,1533.0926065226847,1548.6862246533,1563.0210272963059,1576.6224541775312,1591.539108616172
New Zealand,NZ,NZL,ANZ,Other main producer,Primary aluminium ingot production,kt,351.0,True,New Zealand,,,0.5146508762130723,OMNIA INF_Data,"British Geological Survey, World Mineral Production 2020-24, Production of primary aluminium",BGS 2024 country value held to 2025; Zijie regional growth indexed to 2025 thereafter,351.0,335.405,333.115,333.689,333.716,289.7,289.7,276.8064518650496,272.79240614270844,267.838499994015,263.7860037938691,260.49864103401967,258.074193115282,256.7242488261036,256.1887108079732,256.3884966748001,257.24326660211113,258.4608762309803,259.8431575076543,261.49711340253555,263.4450430890035,265.67242643372924,268.188873917033,270.7189595256915,273.25218130361094,275.95884308197753,278.83111750987905,281.83154849125214,284.6981551956577,287.3333512751419,289.833729388843,292.57588847360074
United States of America,US,USA,USA,North America,Primary aluminium ingot production,kt,1090.0,True,USA,2023;2024,,1.1273101180875504,OMNIA INF_Data,"British Geological Survey, World Mineral Production 2020-24, Production of primary aluminium",BGS 2024 country value held to 2025; Zijie regional growth indexed to 2025 thereafter,1090.0,1026.617,907.846,872.3,735.0,685.0,685.0,706.5827095232146,694.9486871565989,687.3990817375095,675.1418612400307,659.7068264903653,646.0109855055999,630.4878615933998,613.6379625309391,597.5341960290224,579.6317303850163,560.3591053094696,543.1950268963193,525.3963669158708,503.58177657864564,481.0806900765272,461.0685714039538,443.00015010312944,422.2716258922488,399.1483145331046,379.14197639151456,357.7126161639214,338.11676064406277,320.1191700804732,300.7431763964155,284.91965212122574
Canada,CA,CAN,CAN,North America,Primary aluminium ingot production,kt,2854.0,True,Canada,,,2.0983518120720865,OMNIA INF_Data,"British Geological Survey, World Mineral Production 2020-24, Production of primary aluminium",BGS 2024 country value held to 2025; Zijie regional growth indexed to 2025 thereafter,2854.0,3154.493,3157.762,3026.236,3301.844,3338.512,3338.512,3443.700517862432,3386.999315994966,3350.2045009776007,3290.4659933608427,3215.2396448467193,3148.4896748062356,3072.8340026042397,2990.711973087724,2912.226399785757,2824.9744342644403,2731.044667715223,2647.391409684212,2560.6453659927556,2454.3267212979963,2344.6622726843316,2247.128406503586,2159.067616235181,2058.0421756215815,1945.3451647424004,1847.8394713675739,1743.39833812357,1647.8932303815056,1560.1776507207312,1465.7440924343796,1388.6243469234125
Argentina,AR,ARG,LAM,South America,Primary aluminium ingot production,kt,427.0,True,Argentina,,,0.981055215764687,OMNIA INF_Data,"British Geological Survey, World Mineral Production 2020-24, Production of primary aluminium",BGS 2024 country value held to 2025; Zijie regional growth indexed to 2025 thereafter,427.0,309.804,338.239,400.038,441.0,447.0,447.0,449.190081702799,447.2912479511206,445.1023888037782,442.9022246999814,441.0023581775569,438.492195780524,435.28014018810364,431.113172633145,426.72867783818856,421.28743799733985,414.2766647993331,406.8238977304459,399.4132928891959,391.44327916266764,382.8659413192548,373.24082419670685,362.6924130523915,351.7648534946617,340.16876078614104,328.1607027930262,315.69196266982374,303.11995158095203,289.72132334234016,275.236636710996,261.38665523700763
Venezuela (Bolivarian Republic of),VE,VEN,LAM,South America,Primary aluminium ingot production,kt,8.0,True,Venezuela,2020;2023;2024,,1.0777341469826611,OMNIA INF_Data,"British Geological Survey, World Mineral Production 2020-24, Production of primary aluminium",BGS 2024 country value held to 2025; Zijie regional growth indexed to 2025 thereafter,8.0,10.0,38.3,8.4,8.0,9.2,9.2,9.245075507082214,9.205994364989506,9.160944020122503,9.115661000536528,9.076558602312133,9.024895304655079,8.958785883066115,8.873022792449515,8.782782631121554,8.6707929073278,8.526499588711106,8.373109304519243,8.220586788770921,8.0565507120728,7.880014899635668,7.681914055055263,7.464810291011189,7.239903024946057,7.00123623989373,6.75409052728376,6.497463213786081,6.238710412851809,5.962944462526911,5.664825632530565,5.379770085414922
Colombia,CO,COL,LAM,Rest of World,Primary aluminium ingot production,kt,0.0,False,,,,,OMNIA INF_Data,"British Geological Survey, World Mineral Production 2020-24, Production of primary aluminium",BGS 2024 country value held to 2025; Zijie regional growth indexed to 2025 thereafter,0.0,0.0,0.0,0.0,0.0,0.0,0.0,0.0,0.0,0.0,0.0,0.0,0.0,0.0,0.0,0.0,0.0,0.0,0.0,0.0,0.0,0.0,0.0,0.0,0.0,0.0,0.0,0.0,0.0,0.0,0.0,0.0
Peru,PE,PER,LAM,Rest of World,Primary aluminium ingot production,kt,0.0,False,,,,,OMNIA INF_Data,"British Geological Survey, World Mineral Production 2020-24, Production of primary aluminium",BGS 2024 country value held to 2025; Zijie regional growth indexed to 2025 thereafter,0.0,0.0,0.0,0.0,0.0,0.0,0.0,0.0,0.0,0.0,0.0,0.0,0.0,0.0,0.0,0.0,0.0,0.0,0.0,0.0,0.0,0.0,0.0,0.0,0.0,0.0,0.0,0.0,0.0,0.0,0.0,0.0
Trinidad and Tobago,TT,TTO,LAM,Rest of World,Primary aluminium ingot production,kt,0.0,False,,,,,OMNIA INF_Data,"British Geological Survey, World Mineral Production 2020-24, Production of primary aluminium",BGS 2024 country value held to 2025; Zijie regional growth indexed to 2025 thereafter,0.0,0.0,0.0,0.0,0.0,0.0,0.0,0.0,0.0,0.0,0.0,0.0,0.0,0.0,0.0,0.0,0.0,0.0,0.0,0.0,0.0,0.0,0.0,0.0,0.0,0.0,0.0,0.0,0.0,0.0,0.0,0.0
Ecuador,EC,ECU,LAM,Rest of World,Primary aluminium ingot production,kt,0.0,False,,,,,OMNIA INF_Data,"British Geological Survey, World Mineral Production 2020-24, Production of primary aluminium",BGS 2024 country value held to 2025; Zijie regional growth indexed to 2025 thereafter,0.0,0.0,0.0,0.0,0.0,0.0,0.0,0.0,0.0,0.0,0.0,0.0,0.0,0.0,0.0,0.0,0.0,0.0,0.0,0.0,0.0,0.0,0.0,0.0,0.0,0.0,0.0,0.0,0.0,0.0,0.0,0.0
Guatemala,GT,GTM,LAM,Rest of World,Primary aluminium ingot production,kt,0.0,False,,,,,OMNIA INF_Data,"British Geological Survey, World Mineral Production 2020-24, Production of primary aluminium",BGS 2024 country value held to 2025; Zijie regional growth indexed to 2025 thereafter,0.0,0.0,0.0,0.0,0.0,0.0,0.0,0.0,0.0,0.0,0.0,0.0,0.0,0.0,0.0,0.0,0.0,0.0,0.0,0.0,0.0,0.0,0.0,0.0,0.0,0.0,0.0,0.0,0.0,0.0,0.0,0.0
Cuba,CU,CUB,LAM,Rest of World,Primary aluminium ingot production,kt,0.0,False,,,,,OMNIA INF_Data,"British Geological Survey, World Mineral Production 2020-24, Production of primary aluminium",BGS 2024 country value held to 2025; Zijie regional growth indexed to 2025 thereafter,0.0,0.0,0.0,0.0,0.0,0.0,0.0,0.0,0.0,0.0,0.0,0.0,0.0,0.0,0.0,0.0,0.0,0.0,0.0,0.0,0.0,0.0,0.0,0.0,0.0,0.0,0.0,0.0,0.0,0.0,0.0,0.0
Bolivia (Plurinational State of),BO,BOL,LAM,Rest of World,Primary aluminium ingot production,kt,0.0,False,,,,,OMNIA INF_Data,"British Geological Survey, World Mineral Production 2020-24, Production of primary aluminium",BGS 2024 country value held to 2025; Zijie regional growth indexed to 2025 thereafter,0.0,0.0,0.0,0.0,0.0,0.0,0.0,0.0,0.0,0.0,0.0,0.0,0.0,0.0,0.0,0.0,0.0,0.0,0.0,0.0,0.0,0.0,0.0,0.0,0.0,0.0,0.0,0.0,0.0,0.0,0.0,0.0
Dominican Republic,DO,DOM,LAM,South America,Primary aluminium ingot production,kt,0.0,False,,,,,OMNIA INF_Data,"British Geological Survey, World Mineral Production 2020-24, Production of primary aluminium",BGS 2024 country value held to 2025; Zijie regional growth indexed to 2025 thereafter,0.0,0.0,0.0,0.0,0.0,0.0,0.0,0.0,0.0,0.0,0.0,0.0,0.0,0.0,0.0,0.0,0.0,0.0,0.0,0.0,0.0,0.0,0.0,0.0,0.0,0.0,0.0,0.0,0.0,0.0,0.0,0.0
Honduras,HN,HND,LAM,Rest of World,Primary aluminium ingot production,kt,0.0,False,,,,,OMNIA INF_Data,"British Geological Survey, World Mineral Production 2020-24, Production of primary aluminium",BGS 2024 country value held to 2025; Zijie regional growth indexed to 2025 thereafter,0.0,0.0,0.0,0.0,0.0,0.0,0.0,0.0,0.0,0.0,0.0,0.0,0.0,0.0,0.0,0.0,0.0,0.0,0.0,0.0,0.0,0.0,0.0,0.0,0.0,0.0,0.0,0.0,0.0,0.0,0.0,0.0
Paraguay,PY,PRY,LAM,Rest of World,Primary aluminium ingot production,kt,0.0,False,,,,,OMNIA INF_Data,"British Geological Survey, World Mineral Production 2020-24, Production of primary aluminium",BGS 2024 country value held to 2025; Zijie regional growth indexed to 2025 thereafter,0.0,0.0,0.0,0.0,0.0,0.0,0.0,0.0,0.0,0.0,0.0,0.0,0.0,0.0,0.0,0.0,0.0,0.0,0.0,0.0,0.0,0.0,0.0,0.0,0.0,0.0,0.0,0.0,0.0,0.0,0.0,0.0
Uruguay,UY,URY,LAM,Rest of World,Primary aluminium ingot production,kt,0.0,False,,,,,OMNIA INF_Data,"British Geological Survey, World Mineral Production 2020-24, Production of primary aluminium",BGS 2024 country value held to 2025; Zijie regional growth indexed to 2025 thereafter,0.0,0.0,0.0,0.0,0.0,0.0,0.0,0.0,0.0,0.0,0.0,0.0,0.0,0.0,0.0,0.0,0.0,0.0,0.0,0.0,0.0,0.0,0.0,0.0,0.0,0.0,0.0,0.0,0.0,0.0,0.0,0.0
Costa Rica,CR,CRI,LAM,Rest of World,Primary aluminium ingot production,kt,0.0,False,,,,,OMNIA INF_Data,"British Geological Survey, World Mineral Production 2020-24, Production of primary aluminium",BGS 2024 country value held to 2025; Zijie regional growth indexed to 2025 thereafter,0.0,0.0,0.0,0.0,0.0,0.0,0.0,0.0,0.0,0.0,0.0,0.0,0.0,0.0,0.0,0.0,0.0,0.0,0.0,0.0,0.0,0.0,0.0,0.0,0.0,0.0,0.0,0.0,0.0,0.0,0.0,0.0
El Salvador,SV,SLV,LAM,Rest of World,Primary aluminium ingot production,kt,0.0,False,,,,,OMNIA INF_Data,"British Geological Survey, World Mineral Production 2020-24, Production of primary aluminium",BGS 2024 country value held to 2025; Zijie regional growth indexed to 2025 thereafter,0.0,0.0,0.0,0.0,0.0,0.0,0.0,0.0,0.0,0.0,0.0,0.0,0.0,0.0,0.0,0.0,0.0,0.0,0.0,0.0,0.0,0.0,0.0,0.0,0.0,0.0,0.0,0.0,0.0,0.0,0.0,0.0
Haiti,HT,HTI,LAM,South America,Primary aluminium ingot production,kt,0.0,False,,,,,OMNIA INF_Data,"British Geological Survey, World Mineral Production 2020-24, Production of primary aluminium",BGS 2024 country value held to 2025; Zijie regional growth indexed to 2025 thereafter,0.0,0.0,0.0,0.0,0.0,0.0,0.0,0.0,0.0,0.0,0.0,0.0,0.0,0.0,0.0,0.0,0.0,0.0,0.0,0.0,0.0,0.0,0.0,0.0,0.0,0.0,0.0,0.0,0.0,0.0,0.0,0.0
Panama,PA,PAN,LAM,Rest of World,Primary aluminium ingot production,kt,0.0,False,,,,,OMNIA INF_Data,"British Geological Survey, World Mineral Production 2020-24, Production of primary aluminium",BGS 2024 country value held to 2025; Zijie regional growth indexed to 2025 thereafter,0.0,0.0,0.0,0.0,0.0,0.0,0.0,0.0,0.0,0.0,0.0,0.0,0.0,0.0,0.0,0.0,0.0,0.0,0.0,0.0,0.0,0.0,0.0,0.0,0.0,0.0,0.0,0.0,0.0,0.0,0.0,0.0
Nicaragua,NI,NIC,LAM,Rest of World,Primary aluminium ingot production,kt,0.0,False,,,,,OMNIA INF_Data,"British Geological Survey, World Mineral Production 2020-24, Production of primary aluminium",BGS 2024 country value held to 2025; Zijie regional growth indexed to 2025 thereafter,0.0,0.0,0.0,0.0,0.0,0.0,0.0,0.0,0.0,0.0,0.0,0.0,0.0,0.0,0.0,0.0,0.0,0.0,0.0,0.0,0.0,0.0,0.0,0.0,0.0,0.0,0.0,0.0,0.0,0.0,0.0,0.0
Jamaica,JM,JAM,LAM,South America,Primary aluminium ingot production,kt,0.0,False,,,,,OMNIA INF_Data,"British Geological Survey, World Mineral Production 2020-24, Production of primary aluminium",BGS 2024 country value held to 2025; Zijie regional growth indexed to 2025 thereafter,0.0,0.0,0.0,0.0,0.0,0.0,0.0,0.0,0.0,0.0,0.0,0.0,0.0,0.0,0.0,0.0,0.0,0.0,0.0,0.0,0.0,0.0,0.0,0.0,0.0,0.0,0.0,0.0,0.0,0.0,0.0,0.0
Curaçao,CW,CUW,LAM,Rest of World,Primary aluminium ingot production,kt,0.0,False,,,,,OMNIA INF_Data,"British Geological Survey, World Mineral Production 2020-24, Production of primary aluminium",BGS 2024 country value held to 2025; Zijie regional growth indexed to 2025 thereafter,0.0,0.0,0.0,0.0,0.0,0.0,0.0,0.0,0.0,0.0,0.0,0.0,0.0,0.0,0.0,0.0,0.0,0.0,0.0,0.0,0.0,0.0,0.0,0.0,0.0,0.0,0.0,0.0,0.0,0.0,0.0,0.0
Suriname,SR,SUR,LAM,South America,Primary aluminium ingot production,kt,0.0,False,,,,,OMNIA INF_Data,"British Geological Survey, World Mineral Production 2020-24, Production of primary aluminium",BGS 2024 country value held to 2025; Zijie regional growth indexed to 2025 thereafter,0.0,0.0,0.0,0.0,0.0,0.0,0.0,0.0,0.0,0.0,0.0,0.0,0.0,0.0,0.0,0.0,0.0,0.0,0.0,0.0,0.0,0.0,0.0,0.0,0.0,0.0,0.0,0.0,0.0,0.0,0.0,0.0
Antigua and Barbuda,AG,ATG,LAM,Rest of World,Primary aluminium ingot production,kt,0.0,False,,,,,OMNIA INF_Data,"British Geological Survey, World Mineral Production 2020-24, Production of primary aluminium",BGS 2024 country value held to 2025; Zijie regional growth indexed to 2025 thereafter,0.0,0.0,0.0,0.0,0.0,0.0,0.0,0.0,0.0,0.0,0.0,0.0,0.0,0.0,0.0,0.0,0.0,0.0,0.0,0.0,0.0,0.0,0.0,0.0,0.0,0.0,0.0,0.0,0.0,0.0,0.0,0.0
Aruba,AW,ABW,LAM,Rest of World,Primary aluminium ingot production,kt,0.0,False,,,,,OMNIA INF_Data,"British Geological Survey, World Mineral Production 2020-24, Production of primary aluminium",BGS 2024 country value held to 2025; Zijie regional growth indexed to 2025 thereafter,0.0,0.0,0.0,0.0,0.0,0.0,0.0,0.0,0.0,0.0,0.0,0.0,0.0,0.0,0.0,0.0,0.0,0.0,0.0,0.0,0.0,0.0,0.0,0.0,0.0,0.0,0.0,0.0,0.0,0.0,0.0,0.0
Bahamas,BS,BHS,LAM,Rest of World,Primary aluminium ingot production,kt,0.0,False,,,,,OMNIA INF_Data,"British Geological Survey, World Mineral Production 2020-24, Production of primary aluminium",BGS 2024 country value held to 2025; Zijie regional growth indexed to 2025 thereafter,0.0,0.0,0.0,0.0,0.0,0.0,0.0,0.0,0.0,0.0,0.0,0.0,0.0,0.0,0.0,0.0,0.0,0.0,0.0,0.0,0.0,0.0,0.0,0.0,0.0,0.0,0.0,0.0,0.0,0.0,0.0,0.0
Barbados,BB,BRB,LAM,Rest of World,Primary aluminium ingot production,kt,0.0,False,,,,,OMNIA INF_Data,"British Geological Survey, World Mineral Production 2020-24, Production of primary aluminium",BGS 2024 country value held to 2025; Zijie regional growth indexed to 2025 thereafter,0.0,0.0,0.0,0.0,0.0,0.0,0.0,0.0,0.0,0.0,0.0,0.0,0.0,0.0,0.0,0.0,0.0,0.0,0.0,0.0,0.0,0.0,0.0,0.0,0.0,0.0,0.0,0.0,0.0,0.0,0.0,0.0
Belize,BZ,BLZ,LAM,Rest of World,Primary aluminium ingot production,kt,0.0,False,,,,,OMNIA INF_Data,"British Geological Survey, World Mineral Production 2020-24, Production of primary aluminium",BGS 2024 country value held to 2025; Zijie regional growth indexed to 2025 thereafter,0.0,0.0,0.0,0.0,0.0,0.0,0.0,0.0,0.0,0.0,0.0,0.0,0.0,0.0,0.0,0.0,0.0,0.0,0.0,0.0,0.0,0.0,0.0,0.0,0.0,0.0,0.0,0.0,0.0,0.0,0.0,0.0
Bermuda,BM,BMU,LAM,Rest of World,Primary aluminium ingot production,kt,0.0,False,,,,,OMNIA INF_Data,"British Geological Survey, World Mineral Production 2020-24, Production of primary aluminium",BGS 2024 country value held to 2025; Zijie regional growth indexed to 2025 thereafter,0.0,0.0,0.0,0.0,0.0,0.0,0.0,0.0,0.0,0.0,0.0,0.0,0.0,0.0,0.0,0.0,0.0,0.0,0.0,0.0,0.0,0.0,0.0,0.0,0.0,0.0,0.0,0.0,0.0,0.0,0.0,0.0
British Virgin Islands,VG,VGB,LAM,Rest of World,Primary aluminium ingot production,kt,0.0,False,,,,,OMNIA INF_Data,"British Geological Survey, World Mineral Production 2020-24, Production of primary aluminium",BGS 2024 country value held to 2025; Zijie regional growth indexed to 2025 thereafter,0.0,0.0,0.0,0.0,0.0,0.0,0.0,0.0,0.0,0.0,0.0,0.0,0.0,0.0,0.0,0.0,0.0,0.0,0.0,0.0,0.0,0.0,0.0,0.0,0.0,0.0,0.0,0.0,0.0,0.0,0.0,0.0
Cayman Islands,KY,CYM,LAM,Rest of World,Primary aluminium ingot production,kt,0.0,False,,,,,OMNIA INF_Data,"British Geological Survey, World Mineral Production 2020-24, Production of primary aluminium",BGS 2024 country value held to 2025; Zijie regional growth indexed to 2025 thereafter,0.0,0.0,0.0,0.0,0.0,0.0,0.0,0.0,0.0,0.0,0.0,0.0,0.0,0.0,0.0,0.0,0.0,0.0,0.0,0.0,0.0,0.0,0.0,0.0,0.0,0.0,0.0,0.0,0.0,0.0,0.0,0.0
Dominica,DM,DMA,LAM,Rest of World,Primary aluminium ingot production,kt,0.0,False,,,,,OMNIA INF_Data,"British Geological Survey, World Mineral Production 2020-24, Production of primary aluminium",BGS 2024 country value held to 2025; Zijie regional growth indexed to 2025 thereafter,0.0,0.0,0.0,0.0,0.0,0.0,0.0,0.0,0.0,0.0,0.0,0.0,0.0,0.0,0.0,0.0,0.0,0.0,0.0,0.0,0.0,0.0,0.0,0.0,0.0,0.0,0.0,0.0,0.0,0.0,0.0,0.0
Falkland Islands (Malvinas),FK,FLK,LAM,Rest of World,Primary aluminium ingot production,kt,0.0,False,,,,,OMNIA INF_Data,"British Geological Survey, World Mineral Production 2020-24, Production of primary aluminium",BGS 2024 country value held to 2025; Zijie regional growth indexed to 2025 thereafter,0.0,0.0,0.0,0.0,0.0,0.0,0.0,0.0,0.0,0.0,0.0,0.0,0.0,0.0,0.0,0.0,0.0,0.0,0.0,0.0,0.0,0.0,0.0,0.0,0.0,0.0,0.0,0.0,0.0,0.0,0.0,0.0
Guyana,GY,GUY,LAM,South America,Primary aluminium ingot production,kt,0.0,False,,,,,OMNIA INF_Data,"British Geological Survey, World Mineral Production 2020-24, Production of primary aluminium",BGS 2024 country value held to 2025; Zijie regional growth indexed to 2025 thereafter,0.0,0.0,0.0,0.0,0.0,0.0,0.0,0.0,0.0,0.0,0.0,0.0,0.0,0.0,0.0,0.0,0.0,0.0,0.0,0.0,0.0,0.0,0.0,0.0,0.0,0.0,0.0,0.0,0.0,0.0,0.0,0.0
Grenada,GD,GRD,LAM,Rest of World,Primary aluminium ingot production,kt,0.0,False,,,,,OMNIA INF_Data,"British Geological Survey, World Mineral Production 2020-24, Production of primary aluminium",BGS 2024 country value held to 2025; Zijie regional growth indexed to 2025 thereafter,0.0,0.0,0.0,0.0,0.0,0.0,0.0,0.0,0.0,0.0,0.0,0.0,0.0,0.0,0.0,0.0,0.0,0.0,0.0,0.0,0.0,0.0,0.0,0.0,0.0,0.0,0.0,0.0,0.0,0.0,0.0,0.0
Guadeloupe,GP,GLP,LAM,Rest of World,Primary aluminium ingot production,kt,0.0,False,,,,,OMNIA INF_Data,"British Geological Survey, World Mineral Production 2020-24, Production of primary aluminium",BGS 2024 country value held to 2025; Zijie regional growth indexed to 2025 thereafter,0.0,0.0,0.0,0.0,0.0,0.0,0.0,0.0,0.0,0.0,0.0,0.0,0.0,0.0,0.0,0.0,0.0,0.0,0.0,0.0,0.0,0.0,0.0,0.0,0.0,0.0,0.0,0.0,0.0,0.0,0.0,0.0
Cooperative Republic of Guyana,GY,GUY,LAM,South America,Primary aluminium ingot production,kt,0.0,False,,,,,OMNIA INF_Data,"British Geological Survey, World Mineral Production 2020-24, Production of primary aluminium",BGS 2024 country value held to 2025; Zijie regional growth indexed to 2025 thereafter,0.0,0.0,0.0,0.0,0.0,0.0,0.0,0.0,0.0,0.0,0.0,0.0,0.0,0.0,0.0,0.0,0.0,0.0,0.0,0.0,0.0,0.0,0.0,0.0,0.0,0.0,0.0,0.0,0.0,0.0,0.0,0.0
Martinique,MQ,MTQ,LAM,Rest of World,Primary aluminium ingot production,kt,0.0,False,,,,,OMNIA INF_Data,"British Geological Survey, World Mineral Production 2020-24, Production of primary aluminium",BGS 2024 country value held to 2025; Zijie regional growth indexed to 2025 thereafter,0.0,0.0,0.0,0.0,0.0,0.0,0.0,0.0,0.0,0.0,0.0,0.0,0.0,0.0,0.0,0.0,0.0,0.0,0.0,0.0,0.0,0.0,0.0,0.0,0.0,0.0,0.0,0.0,0.0,0.0,0.0,0.0
Montserrat,MS,MSR,LAM,Rest of World,Primary aluminium ingot production,kt,0.0,False,,,,,OMNIA INF_Data,"British Geological Survey, World Mineral Production 2020-24, Production of primary aluminium",BGS 2024 country value held to 2025; Zijie regional growth indexed to 2025 thereafter,0.0,0.0,0.0,0.0,0.0,0.0,0.0,0.0,0.0,0.0,0.0,0.0,0.0,0.0,0.0,0.0,0.0,0.0,0.0,0.0,0.0,0.0,0.0,0.0,0.0,0.0,0.0,0.0,0.0,0.0,0.0,0.0
Puerto Rico,PR,PRI,LAM,Rest of World,Primary aluminium ingot production,kt,0.0,False,,,,,OMNIA INF_Data,"British Geological Survey, World Mineral Production 2020-24, Production of primary aluminium",BGS 2024 country value held to 2025; Zijie regional growth indexed to 2025 thereafter,0.0,0.0,0.0,0.0,0.0,0.0,0.0,0.0,0.0,0.0,0.0,0.0,0.0,0.0,0.0,0.0,0.0,0.0,0.0,0.0,0.0,0.0,0.0,0.0,0.0,0.0,0.0,0.0,0.0,0.0,0.0,0.0
"Bonaire, Sint Eustatius and Saba",BQ,BES,LAM,Rest of World,Primary aluminium ingot production,kt,0.0,False,,,,,OMNIA INF_Data,"British Geological Survey, World Mineral Production 2020-24, Production of primary aluminium",BGS 2024 country value held to 2025; Zijie regional growth indexed to 2025 thereafter,0.0,0.0,0.0,0.0,0.0,0.0,0.0,0.0,0.0,0.0,0.0,0.0,0.0,0.0,0.0,0.0,0.0,0.0,0.0,0.0,0.0,0.0,0.0,0.0,0.0,0.0,0.0,0.0,0.0,0.0,0.0,0.0
Saint Kitts and Nevis,KN,KNA,LAM,Rest of World,Primary aluminium ingot production,kt,0.0,False,,,,,OMNIA INF_Data,"British Geological Survey, World Mineral Production 2020-24, Production of primary aluminium",BGS 2024 country value held to 2025; Zijie regional growth indexed to 2025 thereafter,0.0,0.0,0.0,0.0,0.0,0.0,0.0,0.0,0.0,0.0,0.0,0.0,0.0,0.0,0.0,0.0,0.0,0.0,0.0,0.0,0.0,0.0,0.0,0.0,0.0,0.0,0.0,0.0,0.0,0.0,0.0,0.0
Saint Lucia,LC,LCA,LAM,Rest of World,Primary aluminium ingot production,kt,0.0,False,,,,,OMNIA INF_Data,"British Geological Survey, World Mineral Production 2020-24, Production of primary aluminium",BGS 2024 country value held to 2025; Zijie regional growth indexed to 2025 thereafter,0.0,0.0,0.0,0.0,0.0,0.0,0.0,0.0,0.0,0.0,0.0,0.0,0.0,0.0,0.0,0.0,0.0,0.0,0.0,0.0,0.0,0.0,0.0,0.0,0.0,0.0,0.0,0.0,0.0,0.0,0.0,0.0
Saint Pierre and Miquelon,PM,SPM,LAM,Rest of World,Primary aluminium ingot production,kt,0.0,False,,,,,OMNIA INF_Data,"British Geological Survey, World Mineral Production 2020-24, Production of primary aluminium",BGS 2024 country value held to 2025; Zijie regional growth indexed to 2025 thereafter,0.0,0.0,0.0,0.0,0.0,0.0,0.0,0.0,0.0,0.0,0.0,0.0,0.0,0.0,0.0,0.0,0.0,0.0,0.0,0.0,0.0,0.0,0.0,0.0,0.0,0.0,0.0,0.0,0.0,0.0,0.0,0.0
Saint Vincent and the Grenadines,VC,VCT,LAM,Rest of World,Primary aluminium ingot production,kt,0.0,False,,,,,OMNIA INF_Data,"British Geological Survey, World Mineral Production 2020-24, Production of primary aluminium",BGS 2024 country value held to 2025; Zijie regional growth indexed to 2025 thereafter,0.0,0.0,0.0,0.0,0.0,0.0,0.0,0.0,0.0,0.0,0.0,0.0,0.0,0.0,0.0,0.0,0.0,0.0,0.0,0.0,0.0,0.0,0.0,0.0,0.0,0.0,0.0,0.0,0.0,0.0,0.0,0.0
Saint Martin,MF,MAF,LAM,Rest of World,Primary aluminium ingot production,kt,0.0,False,,,,,OMNIA INF_Data,"British Geological Survey, World Mineral Production 2020-24, Production of primary aluminium",BGS 2024 country value held to 2025; Zijie regional growth indexed to 2025 thereafter,0.0,0.0,0.0,0.0,0.0,0.0,0.0,0.0,0.0,0.0,0.0,0.0,0.0,0.0,0.0,0.0,0.0,0.0,0.0,0.0,0.0,0.0,0.0,0.0,0.0,0.0,0.0,0.0,0.0,0.0,0.0,0.0
Turks and Caicos Islands,TC,TCA,LAM,Rest of World,Primary aluminium ingot production,kt,0.0,False,,,,,OMNIA INF_Data,"British Geological Survey, World Mineral Production 2020-24, Production of primary aluminium",BGS 2024 country value held to 2025; Zijie regional growth indexed to 2025 thereafter,0.0,0.0,0.0,0.0,0.0,0.0,0.0,0.0,0.0,0.0,0.0,0.0,0.0,0.0,0.0,0.0,0.0,0.0,0.0,0.0,0.0,0.0,0.0,0.0,0.0,0.0,0.0,0.0,0.0,0.0,0.0,0.0
Sint Maarten (Dutch part),SX,SXM,LAM,Rest of World,Primary aluminium ingot production,kt,0.0,False,,,,,OMNIA INF_Data,"British Geological Survey, World Mineral Production 2020-24, Production of primary aluminium",BGS 2024 country value held to 2025; Zijie regional growth indexed to 2025 thereafter,0.0,0.0,0.0,0.0,0.0,0.0,0.0,0.0,0.0,0.0,0.0,0.0,0.0,0.0,0.0,0.0,0.0,0.0,0.0,0.0,0.0,0.0,0.0,0.0,0.0,0.0,0.0,0.0,0.0,0.0,0.0,0.0
Anguilla,AI,AIA,LAM,Rest of World,Primary aluminium ingot production,kt,0.0,False,,,,,OMNIA INF_Data,"British Geological Survey, World Mineral Production 2020-24, Production of primary aluminium",BGS 2024 country value held to 2025; Zijie regional growth indexed to 2025 thereafter,0.0,0.0,0.0,0.0,0.0,0.0,0.0,0.0,0.0,0.0,0.0,0.0,0.0,0.0,0.0,0.0,0.0,0.0,0.0,0.0,0.0,0.0,0.0,0.0,0.0,0.0,0.0,0.0,0.0,0.0,0.0,0.0
Brazil,BR,BRA,BRA,South America,Primary aluminium ingot production,kt,650.0,True,Brazil,,,1.5972092147523642,OMNIA INF_Data,"British Geological Survey, World Mineral Production 2020-24, Production of primary aluminium",BGS 2024 country value held to 2025; Zijie regional growth indexed to 2025 thereafter,650.0,685.1,771.7,819.0,1021.7,1107.8,1107.8,1113.2276789940954,1108.521799732106,1103.097150596925,1097.644484390692,1092.9360456131935,1086.7151107061845,1078.7546740500698,1068.427679290823,1057.561586821354,1044.0765633410583,1026.701765692844,1008.2315747333063,989.8658744130898,970.1137911776357,948.8565767191733,925.0026511076327,898.8605261284995,871.778757721222,843.0401637558994,813.2805963179294,782.379320460024,751.2221081910037,718.0162908247079,682.1188951866696,647.7944891981142
Mexico,MX,MEX,MEX,North America,Primary aluminium ingot production,kt,0.0,False,,,,,OMNIA INF_Data,"British Geological Survey, World Mineral Production 2020-24, Production of primary aluminium",BGS 2024 country value held to 2025; Zijie regional growth indexed to 2025 thereafter,0.0,0.0,0.0,0.0,0.0,0.0,0.0,0.0,0.0,0.0,0.0,0.0,0.0,0.0,0.0,0.0,0.0,0.0,0.0,0.0,0.0,0.0,0.0,0.0,0.0,0.0,0.0,0.0,0.0,0.0,0.0,0.0
Chile,CL,CHL,CHL,Rest of World,Primary aluminium ingot production,kt,0.0,False,,,,,OMNIA INF_Data,"British Geological Survey, World Mineral Production 2020-24, Production of primary aluminium",BGS 2024 country value held to 2025; Zijie regional growth indexed to 2025 thereafter,0.0,0.0,0.0,0.0,0.0,0.0,0.0,0.0,0.0,0.0,0.0,0.0,0.0,0.0,0.0,0.0,0.0,0.0,0.0,0.0,0.0,0.0,0.0,0.0,0.0,0.0,0.0,0.0,0.0,0.0,0.0,0.0
Ukraine,UA,UKR,ENE,Europe,Primary aluminium ingot production,kt,0.0,False,,,,,OMNIA INF_Data,"British Geological Survey, World Mineral Production 2020-24, Production of primary aluminium",BGS 2024 country value held to 2025; Zijie regional growth indexed to 2025 thereafter,0.0,0.0,0.0,0.0,0.0,0.0,0.0,0.0,0.0,0.0,0.0,0.0,0.0,0.0,0.0,0.0,0.0,0.0,0.0,0.0,0.0,0.0,0.0,0.0,0.0,0.0,0.0,0.0,0.0,0.0,0.0,0.0
Belarus,BY,BLR,ENE,Rest of World,Primary aluminium ingot production,kt,0.0,False,,,,,OMNIA INF_Data,"British Geological Survey, World Mineral Production 2020-24, Production of primary aluminium",BGS 2024 country value held to 2025; Zijie regional growth indexed to 2025 thereafter,0.0,0.0,0.0,0.0,0.0,0.0,0.0,0.0,0.0,0.0,0.0,0.0,0.0,0.0,0.0,0.0,0.0,0.0,0.0,0.0,0.0,0.0,0.0,0.0,0.0,0.0,0.0,0.0,0.0,0.0,0.0,0.0
Serbia,RS,SRB,ENE,Europe,Primary aluminium ingot production,kt,0.0,False,,,,,OMNIA INF_Data,"British Geological Survey, World Mineral Production 2020-24, Production of primary aluminium",BGS 2024 country value held to 2025; Zijie regional growth indexed to 2025 thereafter,0.0,0.0,0.0,0.0,0.0,0.0,0.0,0.0,0.0,0.0,0.0,0.0,0.0,0.0,0.0,0.0,0.0,0.0,0.0,0.0,0.0,0.0,0.0,0.0,0.0,0.0,0.0,0.0,0.0,0.0,0.0,0.0
Bosnia and Herzegovina,BA,BIH,ENE,Rest of World,Primary aluminium ingot production,kt,55.0,True,Bosnia & Herzegovina,,,0.7662922232392888,OMNIA INF_Data,"British Geological Survey, World Mineral Production 2020-24, Production of primary aluminium",BGS 2024 country value held to 2025; Zijie regional growth indexed to 2025 thereafter,55.0,0.0,90.037,138.969,35.6,31.87,31.87,34.158644266760525,36.479588029250195,38.83626184280266,41.28028340865617,43.81026688674323,46.42854757446184,49.13203831774355,51.907465005399814,54.72521475778904,57.54514724543805,60.3421051568108,63.09510712232956,65.80859884277876,68.53000072374189,71.28949670967792,74.07301937626923,76.90454680692027,79.81822910172006,82.77483487290051,85.72645725185444,88.67169642049075,91.57985325249538,94.43733337838242,97.24662744501488,99.94239410773308
Republic of Moldova,MD,MDA,ENE,Europe,Primary aluminium ingot production,kt,0.0,False,,,,,OMNIA INF_Data,"British Geological Survey, World Mineral Production 2020-24, Production of primary aluminium",BGS 2024 country value held to 2025; Zijie regional growth indexed to 2025 thereafter,0.0,0.0,0.0,0.0,0.0,0.0,0.0,0.0,0.0,0.0,0.0,0.0,0.0,0.0,0.0,0.0,0.0,0.0,0.0,0.0,0.0,0.0,0.0,0.0,0.0,0.0,0.0,0.0,0.0,0.0,0.0,0.0
Republic of North Macedonia,MK,MKD,ENE,Europe,Primary aluminium ingot production,kt,0.0,False,,,,,OMNIA INF_Data,"British Geological Survey, World Mineral Production 2020-24, Production of primary aluminium",BGS 2024 country value held to 2025; Zijie regional growth indexed to 2025 thereafter,0.0,0.0,0.0,0.0,0.0,0.0,0.0,0.0,0.0,0.0,0.0,0.0,0.0,0.0,0.0,0.0,0.0,0.0,0.0,0.0,0.0,0.0,0.0,0.0,0.0,0.0,0.0,0.0,0.0,0.0,0.0,0.0
Kosovo,XK,XKX,ENE,Rest of World,Primary aluminium ingot production,kt,0.0,False,,,,,OMNIA INF_Data,"British Geological Survey, World Mineral Production 2020-24, Production of primary aluminium",BGS 2024 country value held to 2025; Zijie regional growth indexed to 2025 thereafter,0.0,0.0,0.0,0.0,0.0,0.0,0.0,0.0,0.0,0.0,0.0,0.0,0.0,0.0,0.0,0.0,0.0,0.0,0.0,0.0,0.0,0.0,0.0,0.0,0.0,0.0,0.0,0.0,0.0,0.0,0.0,0.0
Albania,AL,ALB,ENE,Rest of World,Primary aluminium ingot production,kt,0.0,False,,,,,OMNIA INF_Data,"British Geological Survey, World Mineral Production 2020-24, Production of primary aluminium",BGS 2024 country value held to 2025; Zijie regional growth indexed to 2025 thereafter,0.0,0.0,0.0,0.0,0.0,0.0,0.0,0.0,0.0,0.0,0.0,0.0,0.0,0.0,0.0,0.0,0.0,0.0,0.0,0.0,0.0,0.0,0.0,0.0,0.0,0.0,0.0,0.0,0.0,0.0,0.0,0.0
Montenegro,ME,MNE,ENE,Europe,Primary aluminium ingot production,kt,60.0,True,Montenegro,,,0.5263713509476087,OMNIA INF_Data,"British Geological Survey, World Mineral Production 2020-24, Production of primary aluminium",BGS 2024 country value held to 2025; Zijie regional growth indexed to 2025 thereafter,60.0,37.208,45.214,43.196,21.778,14.887,14.887,16.076563915162453,15.313986090742908,15.346889331628047,15.05655519669871,14.627155296840932,14.055063270678513,13.42869182737308,12.774774685457869,12.020930313336326,11.201305680833816,10.346628654040039,9.521323712928547,8.684364609779685,7.81883827649755,7.0163185910984245,6.2934478884303084,5.535597088536709,4.662085789590745,3.7981383658544745,2.992493620290458,2.234682498180161,1.4746478059696941,0.7042283147911982,0.6959894464838366,0.6883859188765298
Norway,NO,NOR,ENW,Europe,Primary aluminium ingot production,kt,1400.0,True,Norway,,,1.944173084663845,OMNIA INF_Data,"British Geological Survey, World Mineral Production 2020-24, Production of primary aluminium",BGS 2024 country value held to 2025; Zijie regional growth indexed to 2025 thereafter,1400.0,1330.0,1419.0,1424.6,1321.2,1283.0,1283.0,1385.5196818132213,1319.7987609607812,1322.6344469993137,1297.6127035241784,1260.6059142773504,1211.3015500960926,1157.3192459541656,1100.962982564818,1035.9947331235646,965.3573714321075,891.6991041266452,820.5721988101919,748.440907795213,673.8476193152653,604.6844060172821,542.3855471791553,477.07201347434653,401.79056008899886,327.33334610003965,257.9008070687619,192.5906928975043,127.08894572842866,60.69220983926292,59.9821629501419,59.32687135880887
Svalbard and Jan Mayen Islands,SJ,SJM,ENW,Rest of World,Primary aluminium ingot production,kt,0.0,False,,,,,OMNIA INF_Data,"British Geological Survey, World Mineral Production 2020-24, Production of primary aluminium",BGS 2024 country value held to 2025; Zijie regional growth indexed to 2025 thereafter,0.0,0.0,0.0,0.0,0.0,0.0,0.0,0.0,0.0,0.0,0.0,0.0,0.0,0.0,0.0,0.0,0.0,0.0,0.0,0.0,0.0,0.0,0.0,0.0,0.0,0.0,0.0,0.0,0.0,0.0,0.0,0.0
Switzerland,CH,CHE,ENW,Europe,Primary aluminium ingot production,kt,0.0,False,,,,,OMNIA INF_Data,"British Geological Survey, World Mineral Production 2020-24, Production of primary aluminium",BGS 2024 country value held to 2025; Zijie regional growth indexed to 2025 thereafter,0.0,0.0,0.0,0.0,0.0,0.0,0.0,0.0,0.0,0.0,0.0,0.0,0.0,0.0,0.0,0.0,0.0,0.0,0.0,0.0,0.0,0.0,0.0,0.0,0.0,0.0,0.0,0.0,0.0,0.0,0.0,0.0
Liechtenstein,LI,LIE,ENW,Rest of World,Primary aluminium ingot production,kt,0.0,False,,,,,OMNIA INF_Data,"British Geological Survey, World Mineral Production 2020-24, Production of primary aluminium",BGS 2024 country value held to 2025; Zijie regional growth indexed to 2025 thereafter,0.0,0.0,0.0,0.0,0.0,0.0,0.0,0.0,0.0,0.0,0.0,0.0,0.0,0.0,0.0,0.0,0.0,0.0,0.0,0.0,0.0,0.0,0.0,0.0,0.0,0.0,0.0,0.0,0.0,0.0,0.0,0.0
Iceland,IS,ISL,ENW,Europe,Primary aluminium ingot production,kt,845.0,True,Iceland,,,1.8633561263809024,OMNIA INF_Data,"British Geological Survey, World Mineral Production 2020-24, Production of primary aluminium",BGS 2024 country value held to 2025; Zijie regional growth indexed to 2025 thereafter,845.0,728.104,729.813,756.012,768.389,742.192,742.192,801.49775813275,763.4794091933003,765.1198016269016,750.6451813359447,729.2374315895053,700.7157599913634,669.4879858092081,636.8869196849162,599.3039773705726,558.4415574574737,515.8315989789269,474.68598704546685,432.95935638218606,389.8085052804641,349.79885321183053,313.7601044676474,275.97742153121766,232.42847963645693,189.35634513537073,149.19089306311653,111.41018826421241,73.51862728610594,35.10933172643978,34.69858260661864,34.31950842364542
United Kingdom of Great Britain and Northern Ireland,GB,GBR,ENW,UK,Primary aluminium ingot production,kt,48.0,True,United Kingdom,,,0.1817330581846976,OMNIA INF_Data,"British Geological Survey, World Mineral Production 2020-24, Production of primary aluminium",BGS 2024 country value held to 2025; Zijie regional growth indexed to 2025 thereafter,48.0,35.7,37.571,31.337,29.246,29.05,29.05,29.69372472653111,30.234776787582526,30.631168585880406,30.825563277334254,30.962972792126834,31.01345221064661,31.00453916851696,31.082825319581566,31.159052482486697,31.265956698854907,31.40984027231295,31.526953068104874,31.682268253447813,31.80253639315533,31.866506241354525,31.912500155608964,31.92507624161137,31.940297096308797,31.918846786911633,31.871819876701057,31.84348106256976,31.817499192112738,31.772372412724476,31.678410690380094,31.556293657297466
Gibraltar,GI,GIB,ENW,Rest of World,Primary aluminium ingot production,kt,0.0,False,,,,,OMNIA INF_Data,"British Geological Survey, World Mineral Production 2020-24, Production of primary aluminium",BGS 2024 country value held to 2025; Zijie regional growth indexed to 2025 thereafter,0.0,0.0,0.0,0.0,0.0,0.0,0.0,0.0,0.0,0.0,0.0,0.0,0.0,0.0,0.0,0.0,0.0,0.0,0.0,0.0,0.0,0.0,0.0,0.0,0.0,0.0,0.0,0.0,0.0,0.0,0.0,0.0
Saint Helena,SH ,SHN,ENW,Rest of World,Primary aluminium ingot production,kt,0.0,False,,,,,OMNIA INF_Data,"British Geological Survey, World Mineral Production 2020-24, Production of primary aluminium",BGS 2024 country value held to 2025; Zijie regional growth indexed to 2025 thereafter,0.0,0.0,0.0,0.0,0.0,0.0,0.0,0.0,0.0,0.0,0.0,0.0,0.0,0.0,0.0,0.0,0.0,0.0,0.0,0.0,0.0,0.0,0.0,0.0,0.0,0.0,0.0,0.0,0.0,0.0,0.0,0.0
Liechtenstein,LI,LIE,ENW,Rest of World,Primary aluminium ingot production,kt,0.0,False,,,,,OMNIA INF_Data,"British Geological Survey, World Mineral Production 2020-24, Production of primary aluminium",BGS 2024 country value held to 2025; Zijie regional growth indexed to 2025 thereafter,0.0,0.0,0.0,0.0,0.0,0.0,0.0,0.0,0.0,0.0,0.0,0.0,0.0,0.0,0.0,0.0,0.0,0.0,0.0,0.0,0.0,0.0,0.0,0.0,0.0,0.0,0.0,0.0,0.0,0.0,0.0,0.0
Poland,PL,POL,EUE,Europe,Primary aluminium ingot production,kt,0.0,False,,,,,OMNIA INF_Data,"British Geological Survey, World Mineral Production 2020-24, Production of primary aluminium",BGS 2024 country value held to 2025; Zijie regional growth indexed to 2025 thereafter,0.0,0.0,0.0,0.0,0.0,0.0,0.0,0.0,0.0,0.0,0.0,0.0,0.0,0.0,0.0,0.0,0.0,0.0,0.0,0.0,0.0,0.0,0.0,0.0,0.0,0.0,0.0,0.0,0.0,0.0,0.0,0.0
Czechia,CZ,CZE,EUE,Europe,Primary aluminium ingot production,kt,0.0,False,,,,,OMNIA INF_Data,"British Geological Survey, World Mineral Production 2020-24, Production of primary aluminium",BGS 2024 country value held to 2025; Zijie regional growth indexed to 2025 thereafter,0.0,0.0,0.0,0.0,0.0,0.0,0.0,0.0,0.0,0.0,0.0,0.0,0.0,0.0,0.0,0.0,0.0,0.0,0.0,0.0,0.0,0.0,0.0,0.0,0.0,0.0,0.0,0.0,0.0,0.0,0.0,0.0
Romania,RO,ROU,EUE,Europe,Primary aluminium ingot production,kt,280.0,True,Romania,,,1.8794607607506963,OMNIA INF_Data,"British Geological Survey, World Mineral Production 2020-24, Production of primary aluminium",BGS 2024 country value held to 2025; Zijie regional growth indexed to 2025 thereafter,280.0,271.307,293.399,191.454,196.438,248.059,248.059,267.8804573272844,255.17378086139553,255.72204075463972,250.8842631516011,243.7292614884842,234.196610456186,223.75951272965264,212.8634267280173,200.30227397030265,186.64503834768288,172.40373193339946,158.65184650401977,144.70577018454617,130.28368402160984,116.91146459254946,104.8664196786548,92.23850864414102,77.68337065090955,63.287593530966284,49.863301871137956,37.23605197931568,24.571751199102327,11.734410662913268,11.597128105416406,11.47043209851502
Hungary,HU,HUN,EUE,Europe,Primary aluminium ingot production,kt,0.0,False,,,,,OMNIA INF_Data,"British Geological Survey, World Mineral Production 2020-24, Production of primary aluminium",BGS 2024 country value held to 2025; Zijie regional growth indexed to 2025 thereafter,0.0,0.0,0.0,0.0,0.0,0.0,0.0,0.0,0.0,0.0,0.0,0.0,0.0,0.0,0.0,0.0,0.0,0.0,0.0,0.0,0.0,0.0,0.0,0.0,0.0,0.0,0.0,0.0,0.0,0.0,0.0,0.0
Bulgaria,BG,BGR,EUE,Europe,Primary aluminium ingot production,kt,0.0,False,,,,,OMNIA INF_Data,"British Geological Survey, World Mineral Production 2020-24, Production of primary aluminium",BGS 2024 country value held to 2025; Zijie regional growth indexed to 2025 thereafter,0.0,0.0,0.0,0.0,0.0,0.0,0.0,0.0,0.0,0.0,0.0,0.0,0.0,0.0,0.0,0.0,0.0,0.0,0.0,0.0,0.0,0.0,0.0,0.0,0.0,0.0,0.0,0.0,0.0,0.0,0.0,0.0
Slovakia,SK,SVK,EUE,Europe,Primary aluminium ingot production,kt,220.0,True,Slovakia,,,0.0,OMNIA INF_Data,"British Geological Survey, World Mineral Production 2020-24, Production of primary aluminium",BGS 2024 country value held to 2025; Zijie regional growth indexed to 2025 thereafter,220.0,151.875,163.995,71.933,56.114,0.0,0.0,0.0,0.0,0.0,0.0,0.0,0.0,0.0,0.0,0.0,0.0,0.0,0.0,0.0,0.0,0.0,0.0,0.0,0.0,0.0,0.0,0.0,0.0,0.0,0.0,0.0
Croatia,HR,HRV,EUE,Europe,Primary aluminium ingot production,kt,0.0,False,,,,,OMNIA INF_Data,"British Geological Survey, World Mineral Production 2020-24, Production of primary aluminium",BGS 2024 country value held to 2025; Zijie regional growth indexed to 2025 thereafter,0.0,0.0,0.0,0.0,0.0,0.0,0.0,0.0,0.0,0.0,0.0,0.0,0.0,0.0,0.0,0.0,0.0,0.0,0.0,0.0,0.0,0.0,0.0,0.0,0.0,0.0,0.0,0.0,0.0,0.0,0.0,0.0
Lithuania,LT,LTU,EUE,Europe,Primary aluminium ingot production,kt,0.0,False,,,,,OMNIA INF_Data,"British Geological Survey, World Mineral Production 2020-24, Production of primary aluminium",BGS 2024 country value held to 2025; Zijie regional growth indexed to 2025 thereafter,0.0,0.0,0.0,0.0,0.0,0.0,0.0,0.0,0.0,0.0,0.0,0.0,0.0,0.0,0.0,0.0,0.0,0.0,0.0,0.0,0.0,0.0,0.0,0.0,0.0,0.0,0.0,0.0,0.0,0.0,0.0,0.0
Slovenia,SI,SVN,EUE,Europe,Primary aluminium ingot production,kt,80.0,True,Slovenia,,,0.0,OMNIA INF_Data,"British Geological Survey, World Mineral Production 2020-24, Production of primary aluminium",BGS 2024 country value held to 2025; Zijie regional growth indexed to 2025 thereafter,80.0,50.185,37.867,19.211,1.487,0.0,0.0,0.0,0.0,0.0,0.0,0.0,0.0,0.0,0.0,0.0,0.0,0.0,0.0,0.0,0.0,0.0,0.0,0.0,0.0,0.0,0.0,0.0,0.0,0.0,0.0,0.0
Estonia,EE,EST,EUE,Europe,Primary aluminium ingot production,kt,0.0,False,,,,,OMNIA INF_Data,"British Geological Survey, World Mineral Production 2020-24, Production of primary aluminium",BGS 2024 country value held to 2025; Zijie regional growth indexed to 2025 thereafter,0.0,0.0,0.0,0.0,0.0,0.0,0.0,0.0,0.0,0.0,0.0,0.0,0.0,0.0,0.0,0.0,0.0,0.0,0.0,0.0,0.0,0.0,0.0,0.0,0.0,0.0,0.0,0.0,0.0,0.0,0.0,0.0
Latvia,LV,LVA,EUE,Europe,Primary aluminium ingot production,kt,0.0,False,,,,,OMNIA INF_Data,"British Geological Survey, World Mineral Production 2020-24, Production of primary aluminium",BGS 2024 country value held to 2025; Zijie regional growth indexed to 2025 thereafter,0.0,0.0,0.0,0.0,0.0,0.0,0.0,0.0,0.0,0.0,0.0,0.0,0.0,0.0,0.0,0.0,0.0,0.0,0.0,0.0,0.0,0.0,0.0,0.0,0.0,0.0,0.0,0.0,0.0,0.0,0.0,0.0
Germany,DE,DEU,EUW,Europe,Primary aluminium ingot production,kt,550.0,True,Germany,,,0.8485868491128238,OMNIA INF_Data,"British Geological Survey, World Mineral Production 2020-24, Production of primary aluminium",BGS 2024 country value held to 2025; Zijie regional growth indexed to 2025 thereafter,550.0,529.056,509.193,341.212,189.471,220.0,220.0,237.57936866633568,226.30999798236311,226.79624188608653,222.50568571731822,216.16001647779976,207.70564382006265,198.4491302493503,188.78554650371,177.64523872734543,165.53283064307377,152.9024184784583,140.7060668263774,128.33749003503263,115.546746881807,103.68711560701641,93.00453653890426,81.80502179606877,68.89627686639108,56.12886682931311,44.22305343345877,33.02412504867572,21.79233675779759,10.407081967761375,10.285328019509912,10.172963132453587
Netherlands,NL,NLD,EUW,Europe,Primary aluminium ingot production,kt,150.0,True,Netherlands,2022;2023;2024,Nil values marked as estimated in the BGS table,0.0,OMNIA INF_Data,"British Geological Survey, World Mineral Production 2020-24, Production of primary aluminium",BGS 2024 country value held to 2025; Zijie regional growth indexed to 2025 thereafter,150.0,70.6,46.7,0.0,0.0,0.0,0.0,0.0,0.0,0.0,0.0,0.0,0.0,0.0,0.0,0.0,0.0,0.0,0.0,0.0,0.0,0.0,0.0,0.0,0.0,0.0,0.0,0.0,0.0,0.0,0.0,0.0
Belgium,BE,BEL,EUW,Europe,Primary aluminium ingot production,kt,0.0,False,,,,,OMNIA INF_Data,"British Geological Survey, World Mineral Production 2020-24, Production of primary aluminium",BGS 2024 country value held to 2025; Zijie regional growth indexed to 2025 thereafter,0.0,0.0,0.0,0.0,0.0,0.0,0.0,0.0,0.0,0.0,0.0,0.0,0.0,0.0,0.0,0.0,0.0,0.0,0.0,0.0,0.0,0.0,0.0,0.0,0.0,0.0,0.0,0.0,0.0,0.0,0.0,0.0
Sweden,SE,SWE,EUW,Europe,Primary aluminium ingot production,kt,120.0,True,Sweden,,,1.9269993031937043,OMNIA INF_Data,"British Geological Survey, World Mineral Production 2020-24, Production of primary aluminium",BGS 2024 country value held to 2025; Zijie regional growth indexed to 2025 thereafter,120.0,117.0,124.0,120.0,119.0,109.0,109.0,117.70977811195722,112.12631718217082,112.36722893447015,110.24145337812584,107.09746270945533,102.90870534721286,98.32252362354174,93.5346571313836,88.01514100582115,82.01399336406837,75.75619824614523,69.71346038215971,63.58539279008434,57.248160955077104,51.37225273256722,46.07952037609348,40.53066988987044,34.134973538348305,27.809302201796044,21.910512837486394,16.361952865025696,10.797112302726987,5.156236065845408,5.095912518757184,5.040240824715641
Austria,AT,AUT,EUW,Europe,Primary aluminium ingot production,kt,0.0,False,,,,,OMNIA INF_Data,"British Geological Survey, World Mineral Production 2020-24, Production of primary aluminium",BGS 2024 country value held to 2025; Zijie regional growth indexed to 2025 thereafter,0.0,0.0,0.0,0.0,0.0,0.0,0.0,0.0,0.0,0.0,0.0,0.0,0.0,0.0,0.0,0.0,0.0,0.0,0.0,0.0,0.0,0.0,0.0,0.0,0.0,0.0,0.0,0.0,0.0,0.0,0.0,0.0
Finland,FI,FIN,EUW,Europe,Primary aluminium ingot production,kt,0.0,False,,,,,OMNIA INF_Data,"British Geological Survey, World Mineral Production 2020-24, Production of primary aluminium",BGS 2024 country value held to 2025; Zijie regional growth indexed to 2025 thereafter,0.0,0.0,0.0,0.0,0.0,0.0,0.0,0.0,0.0,0.0,0.0,0.0,0.0,0.0,0.0,0.0,0.0,0.0,0.0,0.0,0.0,0.0,0.0,0.0,0.0,0.0,0.0,0.0,0.0,0.0,0.0,0.0
Denmark,DK,DNK,EUW,Europe,Primary aluminium ingot production,kt,0.0,False,,,,,OMNIA INF_Data,"British Geological Survey, World Mineral Production 2020-24, Production of primary aluminium",BGS 2024 country value held to 2025; Zijie regional growth indexed to 2025 thereafter,0.0,0.0,0.0,0.0,0.0,0.0,0.0,0.0,0.0,0.0,0.0,0.0,0.0,0.0,0.0,0.0,0.0,0.0,0.0,0.0,0.0,0.0,0.0,0.0,0.0,0.0,0.0,0.0,0.0,0.0,0.0,0.0
Ireland,IE,IRL,EUW,Europe,Primary aluminium ingot production,kt,0.0,False,,,,,OMNIA INF_Data,"British Geological Survey, World Mineral Production 2020-24, Production of primary aluminium",BGS 2024 country value held to 2025; Zijie regional growth indexed to 2025 thereafter,0.0,0.0,0.0,0.0,0.0,0.0,0.0,0.0,0.0,0.0,0.0,0.0,0.0,0.0,0.0,0.0,0.0,0.0,0.0,0.0,0.0,0.0,0.0,0.0,0.0,0.0,0.0,0.0,0.0,0.0,0.0,0.0
Luxembourg,LU,LUX,EUW,Europe,Primary aluminium ingot production,kt,0.0,False,,,,,OMNIA INF_Data,"British Geological Survey, World Mineral Production 2020-24, Production of primary aluminium",BGS 2024 country value held to 2025; Zijie regional growth indexed to 2025 thereafter,0.0,0.0,0.0,0.0,0.0,0.0,0.0,0.0,0.0,0.0,0.0,0.0,0.0,0.0,0.0,0.0,0.0,0.0,0.0,0.0,0.0,0.0,0.0,0.0,0.0,0.0,0.0,0.0,0.0,0.0,0.0,0.0
Greenland,GL,GRL,EUW,Rest of World,Primary aluminium ingot production,kt,0.0,False,,,,,OMNIA INF_Data,"British Geological Survey, World Mineral Production 2020-24, Production of primary aluminium",BGS 2024 country value held to 2025; Zijie regional growth indexed to 2025 thereafter,0.0,0.0,0.0,0.0,0.0,0.0,0.0,0.0,0.0,0.0,0.0,0.0,0.0,0.0,0.0,0.0,0.0,0.0,0.0,0.0,0.0,0.0,0.0,0.0,0.0,0.0,0.0,0.0,0.0,0.0,0.0,0.0
Faroe Islands,FO,FRO,EUW,Rest of World,Primary aluminium ingot production,kt,0.0,False,,,,,OMNIA INF_Data,"British Geological Survey, World Mineral Production 2020-24, Production of primary aluminium",BGS 2024 country value held to 2025; Zijie regional growth indexed to 2025 thereafter,0.0,0.0,0.0,0.0,0.0,0.0,0.0,0.0,0.0,0.0,0.0,0.0,0.0,0.0,0.0,0.0,0.0,0.0,0.0,0.0,0.0,0.0,0.0,0.0,0.0,0.0,0.0,0.0,0.0,0.0,0.0,0.0
Andorra,AD,AND,EUW,Rest of World,Primary aluminium ingot production,kt,0.0,False,,,,,OMNIA INF_Data,"British Geological Survey, World Mineral Production 2020-24, Production of primary aluminium",BGS 2024 country value held to 2025; Zijie regional growth indexed to 2025 thereafter,0.0,0.0,0.0,0.0,0.0,0.0,0.0,0.0,0.0,0.0,0.0,0.0,0.0,0.0,0.0,0.0,0.0,0.0,0.0,0.0,0.0,0.0,0.0,0.0,0.0,0.0,0.0,0.0,0.0,0.0,0.0,0.0
France,FR,FRA,EUM,Europe,Primary aluminium ingot production,kt,430.0,True,France,,,2.117520207204791,OMNIA INF_Data,"British Geological Survey, World Mineral Production 2020-24, Production of primary aluminium",BGS 2024 country value held to 2025; Zijie regional growth indexed to 2025 thereafter,430.0,417.0,438.9,388.59,356.7,429.2,429.2,463.4957501435967,441.51023242741024,442.4588500795833,434.08836504487715,421.7085412375984,405.21482876168585,387.1562122864597,368.3034389063288,346.5697111898939,322.93950414548755,298.2987182316104,274.50474491764174,250.3747760138,225.42119891668892,202.2841364478702,181.44339582953504,159.5941607039669,134.41037286843203,109.50231655973268,86.27515697109321,64.42706577678008,42.514867892939655,20.303270820741737,20.065739936243883,19.846526256586724
Monaco,MC,MCO,EUM,Rest of World,Primary aluminium ingot production,kt,0.0,False,,,,,OMNIA INF_Data,"British Geological Survey, World Mineral Production 2020-24, Production of primary aluminium",BGS 2024 country value held to 2025; Zijie regional growth indexed to 2025 thereafter,0.0,0.0,0.0,0.0,0.0,0.0,0.0,0.0,0.0,0.0,0.0,0.0,0.0,0.0,0.0,0.0,0.0,0.0,0.0,0.0,0.0,0.0,0.0,0.0,0.0,0.0,0.0,0.0,0.0,0.0,0.0,0.0
Italy,IT,ITA,EUM,Europe,Primary aluminium ingot production,kt,0.0,False,,,,,OMNIA INF_Data,"British Geological Survey, World Mineral Production 2020-24, Production of primary aluminium",BGS 2024 country value held to 2025; Zijie regional growth indexed to 2025 thereafter,0.0,0.0,0.0,0.0,0.0,0.0,0.0,0.0,0.0,0.0,0.0,0.0,0.0,0.0,0.0,0.0,0.0,0.0,0.0,0.0,0.0,0.0,0.0,0.0,0.0,0.0,0.0,0.0,0.0,0.0,0.0,0.0
San Marino,SM,SMR,EUM,Rest of World,Primary aluminium ingot production,kt,0.0,False,,,,,OMNIA INF_Data,"British Geological Survey, World Mineral Production 2020-24, Production of primary aluminium",BGS 2024 country value held to 2025; Zijie regional growth indexed to 2025 thereafter,0.0,0.0,0.0,0.0,0.0,0.0,0.0,0.0,0.0,0.0,0.0,0.0,0.0,0.0,0.0,0.0,0.0,0.0,0.0,0.0,0.0,0.0,0.0,0.0,0.0,0.0,0.0,0.0,0.0,0.0,0.0,0.0
Spain,ES,ESP,EUM,Europe,Primary aluminium ingot production,kt,240.0,True,Spain,2020;2021,,0.0,OMNIA INF_Data,"British Geological Survey, World Mineral Production 2020-24, Production of primary aluminium",BGS 2024 country value held to 2025; Zijie regional growth indexed to 2025 thereafter,240.0,200.0,190.0,0.0,0.0,0.0,0.0,0.0,0.0,0.0,0.0,0.0,0.0,0.0,0.0,0.0,0.0,0.0,0.0,0.0,0.0,0.0,0.0,0.0,0.0,0.0,0.0,0.0,0.0,0.0,0.0,0.0
Greece,GR,GRC,EUM,Europe,Primary aluminium ingot production,kt,180.0,True,Greece,,,2.145038979701861,OMNIA INF_Data,"British Geological Survey, World Mineral Production 2020-24, Production of primary aluminium",BGS 2024 country value held to 2025; Zijie regional growth indexed to 2025 thereafter,180.0,189.036,183.77,186.448,182.875,182.0,182.0,196.54293226033224,187.22008923995494,187.62234556030793,184.07288545705416,178.82328635890707,171.82921443296092,164.1715532062807,156.17713392579648,146.96106112898576,136.94079625927012,126.49200074127003,116.40229164727586,106.1701053926179,95.58867242040397,85.77752291125903,76.94011659127534,67.67506348583872,56.99601086219625,46.433880740613574,36.584526022224985,27.31995799481355,18.028205863268912,8.609495082420773,8.508771361594563,8.415814955029786
Portugal,PT,PRT,EUM,Europe,Primary aluminium ingot production,kt,0.0,False,,,,,OMNIA INF_Data,"British Geological Survey, World Mineral Production 2020-24, Production of primary aluminium",BGS 2024 country value held to 2025; Zijie regional growth indexed to 2025 thereafter,0.0,0.0,0.0,0.0,0.0,0.0,0.0,0.0,0.0,0.0,0.0,0.0,0.0,0.0,0.0,0.0,0.0,0.0,0.0,0.0,0.0,0.0,0.0,0.0,0.0,0.0,0.0,0.0,0.0,0.0,0.0,0.0
Cyprus,CY,CYP,EUM,Europe,Primary aluminium ingot production,kt,0.0,False,,,,,OMNIA INF_Data,"British Geological Survey, World Mineral Production 2020-24, Production of primary aluminium",BGS 2024 country value held to 2025; Zijie regional growth indexed to 2025 thereafter,0.0,0.0,0.0,0.0,0.0,0.0,0.0,0.0,0.0,0.0,0.0,0.0,0.0,0.0,0.0,0.0,0.0,0.0,0.0,0.0,0.0,0.0,0.0,0.0,0.0,0.0,0.0,0.0,0.0,0.0,0.0,0.0
Malta,MT,MLT,EUM,Europe,Primary aluminium ingot production,kt,0.0,False,,,,,OMNIA INF_Data,"British Geological Survey, World Mineral Production 2020-24, Production of primary aluminium",BGS 2024 country value held to 2025; Zijie regional growth indexed to 2025 thereafter,0.0,0.0,0.0,0.0,0.0,0.0,0.0,0.0,0.0,0.0,0.0,0.0,0.0,0.0,0.0,0.0,0.0,0.0,0.0,0.0,0.0,0.0,0.0,0.0,0.0,0.0,0.0,0.0,0.0,0.0,0.0,0.0
Iran (Islamic Republic of),IR,IRN,MEA,Middle East,Primary aluminium ingot production,kt,360.0,True,Iran,,Years ended 20 March following the stated year,1.7881048535382662,OMNIA INF_Data,"British Geological Survey, World Mineral Production 2020-24, Production of primary aluminium",BGS 2024 country value held to 2025; Zijie regional growth indexed to 2025 thereafter,360.0,446.836,562.649,632.166,635.596,604.526,604.526,587.8083156247725,581.142152102713,575.1800070808109,569.7823769362915,564.8743169591842,562.5778012157551,563.2261364766753,565.0802754492281,568.6659131572872,573.7528909133266,579.986587379792,587.0553506924497,594.662456941513,602.5451793577887,610.7335026093704,619.0311880060988,626.91183397203,634.435269202071,641.6282343732792,648.2503126099904,654.3968705221547,660.1616013428109,665.333237625343,669.579523744653,673.18395513845
Saudi Arabia,SA,SAU,MEA,Middle East,Primary aluminium ingot production,kt,790.0,True,Saudi Arabia,,,1.329016345376363,OMNIA INF_Data,"British Geological Survey, World Mineral Production 2020-24, Production of primary aluminium",BGS 2024 country value held to 2025; Zijie regional growth indexed to 2025 thereafter,790.0,796.004,998.0,952.0,895.0,986.0,986.0,958.7329564088653,947.8602441801925,938.1358071971754,929.3321108756008,921.3269181503453,917.581232236057,918.6386864518679,921.6628426121274,927.5111250352925,935.8081380131543,945.97548353003,957.5048480673378,969.9122660470052,982.7692222448327,996.1246225519486,1009.6583957911048,1022.5119652362705,1034.7829132795646,1046.5148547656402,1057.3156625743982,1067.3408825010747,1076.7433310130773,1085.1784245815536,1092.1042443372623,1097.9831798243777
United Arab Emirates,AE,ARE,MEA,Middle East,Primary aluminium ingot production,kt,2600.0,True,United Arab Emirates,,,1.101690059119718,OMNIA INF_Data,"British Geological Survey, World Mineral Production 2020-24, Production of primary aluminium",BGS 2024 country value held to 2025; Zijie regional growth indexed to 2025 thereafter,2600.0,2520.0,2540.0,2650.0,2660.0,2690.0,2690.0,2615.610195476519,2585.94731931513,2559.4171616231256,2535.398963747836,2513.5592391728487,2503.3402786156116,2506.2252196303493,2514.475706517873,2530.4309597818833,2553.066826831019,2580.8053252492705,2612.2596767760024,2646.109529073473,2681.185809166937,2717.6219418506507,2754.544710626848,2789.6117509995615,2823.0892867363373,2855.0963076263406,2884.5630145285304,2911.913766661147,2937.565477104643,2960.5780548928797,2979.473039824783,2995.5119206162026
Iraq,IQ,IRQ,MEA,Rest of World,Primary aluminium ingot production,kt,0.0,False,,,,,OMNIA INF_Data,"British Geological Survey, World Mineral Production 2020-24, Production of primary aluminium",BGS 2024 country value held to 2025; Zijie regional growth indexed to 2025 thereafter,0.0,0.0,0.0,0.0,0.0,0.0,0.0,0.0,0.0,0.0,0.0,0.0,0.0,0.0,0.0,0.0,0.0,0.0,0.0,0.0,0.0,0.0,0.0,0.0,0.0,0.0,0.0,0.0,0.0,0.0,0.0,0.0
Qatar,QA,QAT,MEA,Middle East,Primary aluminium ingot production,kt,627.0,True,Qatar,,,1.1582367281686463,OMNIA INF_Data,"British Geological Survey, World Mineral Production 2020-24, Production of primary aluminium",BGS 2024 country value held to 2025; Zijie regional growth indexed to 2025 thereafter,627.0,655.0,662.0,638.0,677.0,682.0,682.0,663.1398339460915,655.6193575364009,648.8931242479448,642.8037521472208,637.2666918646404,634.6758624594228,635.407286166505,637.4990452956094,641.5442061603138,647.2831137170094,654.3156995613392,662.2903715841018,670.8723787465087,679.7653241084948,689.0030350714289,698.3641236607845,707.2547264615988,715.7423396112201,723.857130781102,731.3278720849286,738.2621519936439,744.7656711469764,750.6000867795331,755.3905625131978,759.4569255986061
Kuwait,KW,KWT,MEA,Rest of World,Primary aluminium ingot production,kt,0.0,False,,,,,OMNIA INF_Data,"British Geological Survey, World Mineral Production 2020-24, Production of primary aluminium",BGS 2024 country value held to 2025; Zijie regional growth indexed to 2025 thereafter,0.0,0.0,0.0,0.0,0.0,0.0,0.0,0.0,0.0,0.0,0.0,0.0,0.0,0.0,0.0,0.0,0.0,0.0,0.0,0.0,0.0,0.0,0.0,0.0,0.0,0.0,0.0,0.0,0.0,0.0,0.0,0.0
Oman,OM,OMN,MEA,Middle East,Primary aluminium ingot production,kt,391.0,True,Oman,,,1.0866173545392097,OMNIA INF_Data,"British Geological Survey, World Mineral Production 2020-24, Production of primary aluminium",BGS 2024 country value held to 2025; Zijie regional growth indexed to 2025 thereafter,391.0,397.0,395.0,395.0,398.0,399.0,399.0,387.96597323239075,383.5661637199765,379.6310213708651,376.0684708309987,372.82904699998755,371.31329783183236,371.7412128745388,372.9649839779299,375.33158102340946,378.68909438869025,382.8034664589067,387.46900038424724,392.48985208190174,397.69261630394345,403.09708356818203,408.5737321710455,413.7751258917565,418.7407529397021,423.48826272970626,427.85897501742886,431.9158337910028,435.7206785742575,439.134068365152,441.93670739408486,444.31570867132524
Bahrain,BH,BHR,MEA,Middle East,Primary aluminium ingot production,kt,1365.0,True,Bahrain,,,1.265315118351696,OMNIA INF_Data,"British Geological Survey, World Mineral Production 2020-24, Production of primary aluminium",BGS 2024 country value held to 2025; Zijie regional growth indexed to 2025 thereafter,1365.0,1548.0,1561.222,1600.111,1620.665,1622.0,1622.0,1577.1448836665106,1559.2589412375985,1543.261946525171,1528.779598215238,1515.6108126164909,1509.4490453213837,1511.188589680456,1516.1634185769478,1525.784021102682,1539.4328598958787,1556.1584526224226,1575.1246080783183,1595.535188162518,1616.6852722932238,1638.6553121493516,1660.918780905854,1682.063293725386,1702.249376612022,1721.5487773122395,1739.3164347826305,1755.8082265889889,1771.2755404697884,1785.1515260357808,1796.5447102586609,1806.215738007242
Yemen,YE,YEM,MEA,Rest of World,Primary aluminium ingot production,kt,0.0,False,,,,,OMNIA INF_Data,"British Geological Survey, World Mineral Production 2020-24, Production of primary aluminium",BGS 2024 country value held to 2025; Zijie regional growth indexed to 2025 thereafter,0.0,0.0,0.0,0.0,0.0,0.0,0.0,0.0,0.0,0.0,0.0,0.0,0.0,0.0,0.0,0.0,0.0,0.0,0.0,0.0,0.0,0.0,0.0,0.0,0.0,0.0,0.0,0.0,0.0,0.0,0.0,0.0
Turkey,TR,TUR,MDA,Europe,Primary aluminium ingot production,kt,80.0,True,Turkey,2023;2024,,2.174503800851611,OMNIA INF_Data,"British Geological Survey, World Mineral Production 2020-24, Production of primary aluminium",BGS 2024 country value held to 2025; Zijie regional growth indexed to 2025 thereafter,80.0,79.9,79.2,82.0,82.0,82.0,82.0,88.55231013927057,84.3519083388808,84.53314470299588,82.9339374037277,80.56873341445264,77.41755815111426,73.96740309293965,70.36552187865556,66.21322534382875,61.69860051241841,56.9909014328799,52.44498854437703,47.83488264942125,43.06742383776443,38.647015817160664,34.66532725540977,30.490962669443817,25.679521377473037,20.920759454562162,16.483138097925544,12.308992063597314,8.122598246088192,3.879003278892876,3.833622261817331,3.791740803914519
Israel,IL,ISR,MDA,Rest of World,Primary aluminium ingot production,kt,0.0,False,,,,,OMNIA INF_Data,"British Geological Survey, World Mineral Production 2020-24, Production of primary aluminium",BGS 2024 country value held to 2025; Zijie regional growth indexed to 2025 thereafter,0.0,0.0,0.0,0.0,0.0,0.0,0.0,0.0,0.0,0.0,0.0,0.0,0.0,0.0,0.0,0.0,0.0,0.0,0.0,0.0,0.0,0.0,0.0,0.0,0.0,0.0,0.0,0.0,0.0,0.0,0.0,0.0
Syrian Arab Republic,SY,SYR,MDA,Rest of World,Primary aluminium ingot production,kt,0.0,False,,,,,OMNIA INF_Data,"British Geological Survey, World Mineral Production 2020-24, Production of primary aluminium",BGS 2024 country value held to 2025; Zijie regional growth indexed to 2025 thereafter,0.0,0.0,0.0,0.0,0.0,0.0,0.0,0.0,0.0,0.0,0.0,0.0,0.0,0.0,0.0,0.0,0.0,0.0,0.0,0.0,0.0,0.0,0.0,0.0,0.0,0.0,0.0,0.0,0.0,0.0,0.0,0.0
Jordan,JO,JOR,MDA,Rest of World,Primary aluminium ingot production,kt,0.0,False,,,,,OMNIA INF_Data,"British Geological Survey, World Mineral Production 2020-24, Production of primary aluminium",BGS 2024 country value held to 2025; Zijie regional growth indexed to 2025 thereafter,0.0,0.0,0.0,0.0,0.0,0.0,0.0,0.0,0.0,0.0,0.0,0.0,0.0,0.0,0.0,0.0,0.0,0.0,0.0,0.0,0.0,0.0,0.0,0.0,0.0,0.0,0.0,0.0,0.0,0.0,0.0,0.0
Lebanon,LB,LBN,MDA,Rest of World,Primary aluminium ingot production,kt,0.0,False,,,,,OMNIA INF_Data,"British Geological Survey, World Mineral Production 2020-24, Production of primary aluminium",BGS 2024 country value held to 2025; Zijie regional growth indexed to 2025 thereafter,0.0,0.0,0.0,0.0,0.0,0.0,0.0,0.0,0.0,0.0,0.0,0.0,0.0,0.0,0.0,0.0,0.0,0.0,0.0,0.0,0.0,0.0,0.0,0.0,0.0,0.0,0.0,0.0,0.0,0.0,0.0,0.0
State of Palestine,PS,PSE,MDA,Rest of World,Primary aluminium ingot production,kt,0.0,False,,,,,OMNIA INF_Data,"British Geological Survey, World Mineral Production 2020-24, Production of primary aluminium",BGS 2024 country value held to 2025; Zijie regional growth indexed to 2025 thereafter,0.0,0.0,0.0,0.0,0.0,0.0,0.0,0.0,0.0,0.0,0.0,0.0,0.0,0.0,0.0,0.0,0.0,0.0,0.0,0.0,0.0,0.0,0.0,0.0,0.0,0.0,0.0,0.0,0.0,0.0,0.0,0.0
