Country,ISO2,ISO3,OMNIARegion,ZijieRegion,Metric,Unit,SecondaryProduction2019_kt,RegionShare,AllocationMethod,Trend2019_2024Slope_kt_per_year,Trend2025Unclipped_kt,AlignmentFactor_vs_old_2025,BoundaryAlignmentMethod,2019,2020,2021,2022,2023,2024,2025,2026,2027,2028,2029,2030,2031,2032,2033,2034,2035,2036,2037,2038,2039,2040,2041,2042,2043,2044,2045,2046,2047,2048,2049,2050
Ethiopia,ET,ETH,AFE,Rest of World,Secondary aluminium ingot production,kt,0.0,0.0,No 2019 secondary producer share; assigned zero,0.0,0.0,,Existing values retained through 2024; 2025 extrapolated using a country-level OLS linear trend fitted over 2019-2024 and floored at zero; Zijie regional growth indexed to 2025 thereafter,0.0,0.0,0.0,0.0,0.0,0.0,0.0,0.0,0.0,0.0,0.0,0.0,0.0,0.0,0.0,0.0,0.0,0.0,0.0,0.0,0.0,0.0,0.0,0.0,0.0,0.0,0.0,0.0,0.0,0.0,0.0,0.0
Kenya,KE,KEN,AFE,Rest of World,Secondary aluminium ingot production,kt,0.0,0.0,No 2019 secondary producer share; assigned zero,0.0,0.0,,Existing values retained through 2024; 2025 extrapolated using a country-level OLS linear trend fitted over 2019-2024 and floored at zero; Zijie regional growth indexed to 2025 thereafter,0.0,0.0,0.0,0.0,0.0,0.0,0.0,0.0,0.0,0.0,0.0,0.0,0.0,0.0,0.0,0.0,0.0,0.0,0.0,0.0,0.0,0.0,0.0,0.0,0.0,0.0,0.0,0.0,0.0,0.0,0.0,0.0
Sudan,SD,SDN,AFE,Rest of World,Secondary aluminium ingot production,kt,0.0,0.0,No 2019 secondary producer share; assigned zero,0.0,0.0,,Existing values retained through 2024; 2025 extrapolated using a country-level OLS linear trend fitted over 2019-2024 and floored at zero; Zijie regional growth indexed to 2025 thereafter,0.0,0.0,0.0,0.0,0.0,0.0,0.0,0.0,0.0,0.0,0.0,0.0,0.0,0.0,0.0,0.0,0.0,0.0,0.0,0.0,0.0,0.0,0.0,0.0,0.0,0.0,0.0,0.0,0.0,0.0,0.0,0.0
Mauritius,MU,MUS,AFE,Rest of World,Secondary aluminium ingot production,kt,0.0,0.0,No 2019 secondary producer share; assigned zero,0.0,0.0,,Existing values retained through 2024; 2025 extrapolated using a country-level OLS linear trend fitted over 2019-2024 and floored at zero; Zijie regional growth indexed to 2025 thereafter,0.0,0.0,0.0,0.0,0.0,0.0,0.0,0.0,0.0,0.0,0.0,0.0,0.0,0.0,0.0,0.0,0.0,0.0,0.0,0.0,0.0,0.0,0.0,0.0,0.0,0.0,0.0,0.0,0.0,0.0,0.0,0.0
Eritrea,ER,ERI,AFE,Rest of World,Secondary aluminium ingot production,kt,0.0,0.0,No 2019 secondary producer share; assigned zero,0.0,0.0,,Existing values retained through 2024; 2025 extrapolated using a country-level OLS linear trend fitted over 2019-2024 and floored at zero; Zijie regional growth indexed to 2025 thereafter,0.0,0.0,0.0,0.0,0.0,0.0,0.0,0.0,0.0,0.0,0.0,0.0,0.0,0.0,0.0,0.0,0.0,0.0,0.0,0.0,0.0,0.0,0.0,0.0,0.0,0.0,0.0,0.0,0.0,0.0,0.0,0.0
South Sudan,SS,SSD,AFE,Rest of World,Secondary aluminium ingot production,kt,0.0,0.0,No 2019 secondary producer share; assigned zero,0.0,0.0,,Existing values retained through 2024; 2025 extrapolated using a country-level OLS linear trend fitted over 2019-2024 and floored at zero; Zijie regional growth indexed to 2025 thereafter,0.0,0.0,0.0,0.0,0.0,0.0,0.0,0.0,0.0,0.0,0.0,0.0,0.0,0.0,0.0,0.0,0.0,0.0,0.0,0.0,0.0,0.0,0.0,0.0,0.0,0.0,0.0,0.0,0.0,0.0,0.0,0.0
Burundi,BI,BDI,AFE,Rest of World,Secondary aluminium ingot production,kt,0.0,0.0,No 2019 secondary producer share; assigned zero,0.0,0.0,,Existing values retained through 2024; 2025 extrapolated using a country-level OLS linear trend fitted over 2019-2024 and floored at zero; Zijie regional growth indexed to 2025 thereafter,0.0,0.0,0.0,0.0,0.0,0.0,0.0,0.0,0.0,0.0,0.0,0.0,0.0,0.0,0.0,0.0,0.0,0.0,0.0,0.0,0.0,0.0,0.0,0.0,0.0,0.0,0.0,0.0,0.0,0.0,0.0,0.0
Comoros,KM,COM,AFE,Rest of World,Secondary aluminium ingot production,kt,0.0,0.0,No 2019 secondary producer share; assigned zero,0.0,0.0,,Existing values retained through 2024; 2025 extrapolated using a country-level OLS linear trend fitted over 2019-2024 and floored at zero; Zijie regional growth indexed to 2025 thereafter,0.0,0.0,0.0,0.0,0.0,0.0,0.0,0.0,0.0,0.0,0.0,0.0,0.0,0.0,0.0,0.0,0.0,0.0,0.0,0.0,0.0,0.0,0.0,0.0,0.0,0.0,0.0,0.0,0.0,0.0,0.0,0.0
Djibouti,DJ,DJI,AFE,Rest of World,Secondary aluminium ingot production,kt,0.0,0.0,No 2019 secondary producer share; assigned zero,0.0,0.0,,Existing values retained through 2024; 2025 extrapolated using a country-level OLS linear trend fitted over 2019-2024 and floored at zero; Zijie regional growth indexed to 2025 thereafter,0.0,0.0,0.0,0.0,0.0,0.0,0.0,0.0,0.0,0.0,0.0,0.0,0.0,0.0,0.0,0.0,0.0,0.0,0.0,0.0,0.0,0.0,0.0,0.0,0.0,0.0,0.0,0.0,0.0,0.0,0.0,0.0
Madagascar,MG,MDG,AFE,Rest of World,Secondary aluminium ingot production,kt,0.0,0.0,No 2019 secondary producer share; assigned zero,0.0,0.0,,Existing values retained through 2024; 2025 extrapolated using a country-level OLS linear trend fitted over 2019-2024 and floored at zero; Zijie regional growth indexed to 2025 thereafter,0.0,0.0,0.0,0.0,0.0,0.0,0.0,0.0,0.0,0.0,0.0,0.0,0.0,0.0,0.0,0.0,0.0,0.0,0.0,0.0,0.0,0.0,0.0,0.0,0.0,0.0,0.0,0.0,0.0,0.0,0.0,0.0
Reunion,RE,REU,AFE,Rest of World,Secondary aluminium ingot production,kt,0.0,0.0,No 2019 secondary producer share; assigned zero,0.0,0.0,,Existing values retained through 2024; 2025 extrapolated using a country-level OLS linear trend fitted over 2019-2024 and floored at zero; Zijie regional growth indexed to 2025 thereafter,0.0,0.0,0.0,0.0,0.0,0.0,0.0,0.0,0.0,0.0,0.0,0.0,0.0,0.0,0.0,0.0,0.0,0.0,0.0,0.0,0.0,0.0,0.0,0.0,0.0,0.0,0.0,0.0,0.0,0.0,0.0,0.0
Rwanda,RW,RWA,AFE,Rest of World,Secondary aluminium ingot production,kt,0.0,0.0,No 2019 secondary producer share; assigned zero,0.0,0.0,,Existing values retained through 2024; 2025 extrapolated using a country-level OLS linear trend fitted over 2019-2024 and floored at zero; Zijie regional growth indexed to 2025 thereafter,0.0,0.0,0.0,0.0,0.0,0.0,0.0,0.0,0.0,0.0,0.0,0.0,0.0,0.0,0.0,0.0,0.0,0.0,0.0,0.0,0.0,0.0,0.0,0.0,0.0,0.0,0.0,0.0,0.0,0.0,0.0,0.0
Somalia,SO,SOM,AFE,Rest of World,Secondary aluminium ingot production,kt,0.0,0.0,No 2019 secondary producer share; assigned zero,0.0,0.0,,Existing values retained through 2024; 2025 extrapolated using a country-level OLS linear trend fitted over 2019-2024 and floored at zero; Zijie regional growth indexed to 2025 thereafter,0.0,0.0,0.0,0.0,0.0,0.0,0.0,0.0,0.0,0.0,0.0,0.0,0.0,0.0,0.0,0.0,0.0,0.0,0.0,0.0,0.0,0.0,0.0,0.0,0.0,0.0,0.0,0.0,0.0,0.0,0.0,0.0
Uganda,UG,UGA,AFE,Rest of World,Secondary aluminium ingot production,kt,0.0,0.0,No 2019 secondary producer share; assigned zero,0.0,0.0,,Existing values retained through 2024; 2025 extrapolated using a country-level OLS linear trend fitted over 2019-2024 and floored at zero; Zijie regional growth indexed to 2025 thereafter,0.0,0.0,0.0,0.0,0.0,0.0,0.0,0.0,0.0,0.0,0.0,0.0,0.0,0.0,0.0,0.0,0.0,0.0,0.0,0.0,0.0,0.0,0.0,0.0,0.0,0.0,0.0,0.0,0.0,0.0,0.0,0.0
Seychelles,SC,SYC,AFE,Rest of World,Secondary aluminium ingot production,kt,0.0,0.0,No 2019 secondary producer share; assigned zero,0.0,0.0,,Existing values retained through 2024; 2025 extrapolated using a country-level OLS linear trend fitted over 2019-2024 and floored at zero; Zijie regional growth indexed to 2025 thereafter,0.0,0.0,0.0,0.0,0.0,0.0,0.0,0.0,0.0,0.0,0.0,0.0,0.0,0.0,0.0,0.0,0.0,0.0,0.0,0.0,0.0,0.0,0.0,0.0,0.0,0.0,0.0,0.0,0.0,0.0,0.0,0.0
United Republic of Tanzania,TZ,TZA,AFE,Other main producer,Secondary aluminium ingot production,kt,0.0,0.0,No 2019 secondary producer share; assigned zero,0.0,0.0,,Existing values retained through 2024; 2025 extrapolated using a country-level OLS linear trend fitted over 2019-2024 and floored at zero; Zijie regional growth indexed to 2025 thereafter,0.0,0.0,0.0,0.0,0.0,0.0,0.0,0.0,0.0,0.0,0.0,0.0,0.0,0.0,0.0,0.0,0.0,0.0,0.0,0.0,0.0,0.0,0.0,0.0,0.0,0.0,0.0,0.0,0.0,0.0,0.0,0.0
Egypt,EG,EGY,AFN,Other main producer,Secondary aluminium ingot production,kt,57.10245387976678,0.0431344356578001,Primary producer share proxy; no explicit 2019 secondary producer map for Other main producer,4.458264446100023,83.85204055636693,0.935687120171723,Existing values retained through 2024; 2025 extrapolated using a country-level OLS linear trend fitted over 2019-2024 and floored at zero; Zijie regional growth indexed to 2025 thereafter,57.10245387976678,61.5607183258668,66.01898277196683,70.47724721806686,74.93551166416688,79.39377611026691,83.85204055636693,95.54024542548939,96.66807701150532,97.76830074769909,98.58153149370162,99.31697745138608,100.0446628161571,100.85219455439272,101.83156641077184,103.00755729753644,104.3864693159004,105.94471259097398,107.61904844043048,109.35139882255348,111.12685923686797,112.94318603330302,114.80737632934631,116.73214844039947,118.69750116143733,120.69850901465799,122.74409640532008,124.82606168423095,126.93386500605152,129.03789778934757,131.12644961693113,133.21215654985306
Algeria,DZ,DZA,AFN,Rest of World,Secondary aluminium ingot production,kt,0.0,0.0,No 2019 secondary producer share; assigned zero,0.0,0.0,,Existing values retained through 2024; 2025 extrapolated using a country-level OLS linear trend fitted over 2019-2024 and floored at zero; Zijie regional growth indexed to 2025 thereafter,0.0,0.0,0.0,0.0,0.0,0.0,0.0,0.0,0.0,0.0,0.0,0.0,0.0,0.0,0.0,0.0,0.0,0.0,0.0,0.0,0.0,0.0,0.0,0.0,0.0,0.0,0.0,0.0,0.0,0.0,0.0,0.0
Morocco,MA,MAR,AFN,Rest of World,Secondary aluminium ingot production,kt,0.0,0.0,No 2019 secondary producer share; assigned zero,0.0,0.0,,Existing values retained through 2024; 2025 extrapolated using a country-level OLS linear trend fitted over 2019-2024 and floored at zero; Zijie regional growth indexed to 2025 thereafter,0.0,0.0,0.0,0.0,0.0,0.0,0.0,0.0,0.0,0.0,0.0,0.0,0.0,0.0,0.0,0.0,0.0,0.0,0.0,0.0,0.0,0.0,0.0,0.0,0.0,0.0,0.0,0.0,0.0,0.0,0.0,0.0
Libya,LY,LBY,AFN,Rest of World,Secondary aluminium ingot production,kt,0.0,0.0,No 2019 secondary producer share; assigned zero,0.0,0.0,,Existing values retained through 2024; 2025 extrapolated using a country-level OLS linear trend fitted over 2019-2024 and floored at zero; Zijie regional growth indexed to 2025 thereafter,0.0,0.0,0.0,0.0,0.0,0.0,0.0,0.0,0.0,0.0,0.0,0.0,0.0,0.0,0.0,0.0,0.0,0.0,0.0,0.0,0.0,0.0,0.0,0.0,0.0,0.0,0.0,0.0,0.0,0.0,0.0,0.0
Tunisia,TN,TUN,AFN,Rest of World,Secondary aluminium ingot production,kt,0.0,0.0,No 2019 secondary producer share; assigned zero,0.0,0.0,,Existing values retained through 2024; 2025 extrapolated using a country-level OLS linear trend fitted over 2019-2024 and floored at zero; Zijie regional growth indexed to 2025 thereafter,0.0,0.0,0.0,0.0,0.0,0.0,0.0,0.0,0.0,0.0,0.0,0.0,0.0,0.0,0.0,0.0,0.0,0.0,0.0,0.0,0.0,0.0,0.0,0.0,0.0,0.0,0.0,0.0,0.0,0.0,0.0,0.0
Democratic Republic of the Congo,CD,COD,AFW,Rest of World,Secondary aluminium ingot production,kt,0.0,0.0,No 2019 secondary producer share; assigned zero,0.0,0.0,,Existing values retained through 2024; 2025 extrapolated using a country-level OLS linear trend fitted over 2019-2024 and floored at zero; Zijie regional growth indexed to 2025 thereafter,0.0,0.0,0.0,0.0,0.0,0.0,0.0,0.0,0.0,0.0,0.0,0.0,0.0,0.0,0.0,0.0,0.0,0.0,0.0,0.0,0.0,0.0,0.0,0.0,0.0,0.0,0.0,0.0,0.0,0.0,0.0,0.0
Cote d'Ivoire,CI,CIV,AFW,Rest of World,Secondary aluminium ingot production,kt,0.0,0.0,No 2019 secondary producer share; assigned zero,0.0,0.0,,Existing values retained through 2024; 2025 extrapolated using a country-level OLS linear trend fitted over 2019-2024 and floored at zero; Zijie regional growth indexed to 2025 thereafter,0.0,0.0,0.0,0.0,0.0,0.0,0.0,0.0,0.0,0.0,0.0,0.0,0.0,0.0,0.0,0.0,0.0,0.0,0.0,0.0,0.0,0.0,0.0,0.0,0.0,0.0,0.0,0.0,0.0,0.0,0.0,0.0
Ghana,GH,GHA,AFW,Rest of World,Secondary aluminium ingot production,kt,3.209264753004451,0.0551181102362204,Primary producer share proxy; no explicit 2019 secondary producer map for Rest of World,1.9407818447601235,14.853955821565192,0.8314676464038538,Existing values retained through 2024; 2025 extrapolated using a country-level OLS linear trend fitted over 2019-2024 and floored at zero; Zijie regional growth indexed to 2025 thereafter,3.209264753004451,5.150046597764574,7.090828442524698,9.03161028728482,10.972392132044943,12.91317397680507,14.853955821565192,15.92064615196179,17.0023906173637,18.100788129517692,19.239896644300895,20.41907024997378,21.639397380938004,22.899439177759994,24.19300884843585,25.506304434824813,26.820617349519974,28.124222283636943,29.407340249513847,30.67204329745034,31.940433109579335,33.22657780568478,34.523920846722504,35.843637927439175,37.2016457117201,38.579659251315306,39.95535013361606,41.328065932011604,42.683498410981834,44.0153115126739,45.32466607670099,46.581107837393354
Cameroon,CM,CMR,AFW,Other main producer,Secondary aluminium ingot production,kt,13.323905905278917,0.0100647016534867,Primary producer share proxy; no explicit 2019 secondary producer map for Other main producer,1.0402617040900057,19.56547612981895,0.935687120171723,Existing values retained through 2024; 2025 extrapolated using a country-level OLS linear trend fitted over 2019-2024 and floored at zero; Zijie regional growth indexed to 2025 thereafter,13.323905905278917,14.364167609368922,15.404429313458929,16.444691017548934,17.48495272163894,18.525214425728947,19.56547612981895,22.29272393261419,22.555884636017907,22.812603507796453,23.002357348530378,23.173961405323418,23.343754657103325,23.532178729358304,23.760698829180097,24.0350967027585,24.35684284037676,24.72043293789393,25.11111130276711,25.515326391929147,25.929600488602528,26.353410074437374,26.788387810180804,27.237501302759878,27.696083604335378,28.16298543675353,28.640289161241352,29.126081059653888,29.617901834745357,30.108842817514436,30.596171577283926,31.08283652829905
Gabon,GA,GAB,AFW,Rest of World,Secondary aluminium ingot production,kt,0.0,0.0,No 2019 secondary producer share; assigned zero,0.0,0.0,,Existing values retained through 2024; 2025 extrapolated using a country-level OLS linear trend fitted over 2019-2024 and floored at zero; Zijie regional growth indexed to 2025 thereafter,0.0,0.0,0.0,0.0,0.0,0.0,0.0,0.0,0.0,0.0,0.0,0.0,0.0,0.0,0.0,0.0,0.0,0.0,0.0,0.0,0.0,0.0,0.0,0.0,0.0,0.0,0.0,0.0,0.0,0.0,0.0,0.0
Benin,BJ,BEN,AFW,Rest of World,Secondary aluminium ingot production,kt,0.0,0.0,No 2019 secondary producer share; assigned zero,0.0,0.0,,Existing values retained through 2024; 2025 extrapolated using a country-level OLS linear trend fitted over 2019-2024 and floored at zero; Zijie regional growth indexed to 2025 thereafter,0.0,0.0,0.0,0.0,0.0,0.0,0.0,0.0,0.0,0.0,0.0,0.0,0.0,0.0,0.0,0.0,0.0,0.0,0.0,0.0,0.0,0.0,0.0,0.0,0.0,0.0,0.0,0.0,0.0,0.0,0.0,0.0
Senegal,SN,SEN,AFW,Rest of World,Secondary aluminium ingot production,kt,0.0,0.0,No 2019 secondary producer share; assigned zero,0.0,0.0,,Existing values retained through 2024; 2025 extrapolated using a country-level OLS linear trend fitted over 2019-2024 and floored at zero; Zijie regional growth indexed to 2025 thereafter,0.0,0.0,0.0,0.0,0.0,0.0,0.0,0.0,0.0,0.0,0.0,0.0,0.0,0.0,0.0,0.0,0.0,0.0,0.0,0.0,0.0,0.0,0.0,0.0,0.0,0.0,0.0,0.0,0.0,0.0,0.0,0.0
Togo,TG,TGO,AFW,Rest of World,Secondary aluminium ingot production,kt,0.0,0.0,No 2019 secondary producer share; assigned zero,0.0,0.0,,Existing values retained through 2024; 2025 extrapolated using a country-level OLS linear trend fitted over 2019-2024 and floored at zero; Zijie regional growth indexed to 2025 thereafter,0.0,0.0,0.0,0.0,0.0,0.0,0.0,0.0,0.0,0.0,0.0,0.0,0.0,0.0,0.0,0.0,0.0,0.0,0.0,0.0,0.0,0.0,0.0,0.0,0.0,0.0,0.0,0.0,0.0,0.0,0.0,0.0
Niger,NE,NER,AFW,Rest of World,Secondary aluminium ingot production,kt,0.0,0.0,No 2019 secondary producer share; assigned zero,0.0,0.0,,Existing values retained through 2024; 2025 extrapolated using a country-level OLS linear trend fitted over 2019-2024 and floored at zero; Zijie regional growth indexed to 2025 thereafter,0.0,0.0,0.0,0.0,0.0,0.0,0.0,0.0,0.0,0.0,0.0,0.0,0.0,0.0,0.0,0.0,0.0,0.0,0.0,0.0,0.0,0.0,0.0,0.0,0.0,0.0,0.0,0.0,0.0,0.0,0.0,0.0
Congo,CG,COG,AFW,Rest of World,Secondary aluminium ingot production,kt,0.0,0.0,No 2019 secondary producer share; assigned zero,0.0,0.0,,Existing values retained through 2024; 2025 extrapolated using a country-level OLS linear trend fitted over 2019-2024 and floored at zero; Zijie regional growth indexed to 2025 thereafter,0.0,0.0,0.0,0.0,0.0,0.0,0.0,0.0,0.0,0.0,0.0,0.0,0.0,0.0,0.0,0.0,0.0,0.0,0.0,0.0,0.0,0.0,0.0,0.0,0.0,0.0,0.0,0.0,0.0,0.0,0.0,0.0
Burkina Faso,BF,BFA,AFW,Rest of World,Secondary aluminium ingot production,kt,0.0,0.0,No 2019 secondary producer share; assigned zero,0.0,0.0,,Existing values retained through 2024; 2025 extrapolated using a country-level OLS linear trend fitted over 2019-2024 and floored at zero; Zijie regional growth indexed to 2025 thereafter,0.0,0.0,0.0,0.0,0.0,0.0,0.0,0.0,0.0,0.0,0.0,0.0,0.0,0.0,0.0,0.0,0.0,0.0,0.0,0.0,0.0,0.0,0.0,0.0,0.0,0.0,0.0,0.0,0.0,0.0,0.0,0.0
Cabo Verde,CV,CPV,AFW,Rest of World,Secondary aluminium ingot production,kt,0.0,0.0,No 2019 secondary producer share; assigned zero,0.0,0.0,,Existing values retained through 2024; 2025 extrapolated using a country-level OLS linear trend fitted over 2019-2024 and floored at zero; Zijie regional growth indexed to 2025 thereafter,0.0,0.0,0.0,0.0,0.0,0.0,0.0,0.0,0.0,0.0,0.0,0.0,0.0,0.0,0.0,0.0,0.0,0.0,0.0,0.0,0.0,0.0,0.0,0.0,0.0,0.0,0.0,0.0,0.0,0.0,0.0,0.0
Central African Republic,CF,CAF,AFW,Rest of World,Secondary aluminium ingot production,kt,0.0,0.0,No 2019 secondary producer share; assigned zero,0.0,0.0,,Existing values retained through 2024; 2025 extrapolated using a country-level OLS linear trend fitted over 2019-2024 and floored at zero; Zijie regional growth indexed to 2025 thereafter,0.0,0.0,0.0,0.0,0.0,0.0,0.0,0.0,0.0,0.0,0.0,0.0,0.0,0.0,0.0,0.0,0.0,0.0,0.0,0.0,0.0,0.0,0.0,0.0,0.0,0.0,0.0,0.0,0.0,0.0,0.0,0.0
Chad,TD,TCD,AFW,Rest of World,Secondary aluminium ingot production,kt,0.0,0.0,No 2019 secondary producer share; assigned zero,0.0,0.0,,Existing values retained through 2024; 2025 extrapolated using a country-level OLS linear trend fitted over 2019-2024 and floored at zero; Zijie regional growth indexed to 2025 thereafter,0.0,0.0,0.0,0.0,0.0,0.0,0.0,0.0,0.0,0.0,0.0,0.0,0.0,0.0,0.0,0.0,0.0,0.0,0.0,0.0,0.0,0.0,0.0,0.0,0.0,0.0,0.0,0.0,0.0,0.0,0.0,0.0
Equatorial Guinea,GQ,GNQ,AFW,Rest of World,Secondary aluminium ingot production,kt,0.0,0.0,No 2019 secondary producer share; assigned zero,0.0,0.0,,Existing values retained through 2024; 2025 extrapolated using a country-level OLS linear trend fitted over 2019-2024 and floored at zero; Zijie regional growth indexed to 2025 thereafter,0.0,0.0,0.0,0.0,0.0,0.0,0.0,0.0,0.0,0.0,0.0,0.0,0.0,0.0,0.0,0.0,0.0,0.0,0.0,0.0,0.0,0.0,0.0,0.0,0.0,0.0,0.0,0.0,0.0,0.0,0.0,0.0
Gambia,GM,GMB,AFW,Rest of World,Secondary aluminium ingot production,kt,0.0,0.0,No 2019 secondary producer share; assigned zero,0.0,0.0,,Existing values retained through 2024; 2025 extrapolated using a country-level OLS linear trend fitted over 2019-2024 and floored at zero; Zijie regional growth indexed to 2025 thereafter,0.0,0.0,0.0,0.0,0.0,0.0,0.0,0.0,0.0,0.0,0.0,0.0,0.0,0.0,0.0,0.0,0.0,0.0,0.0,0.0,0.0,0.0,0.0,0.0,0.0,0.0,0.0,0.0,0.0,0.0,0.0,0.0
Guinea,GN,GIN,AFW,Other main producer,Secondary aluminium ingot production,kt,0.0,0.0,No 2019 secondary producer share; assigned zero,0.0,0.0,,Existing values retained through 2024; 2025 extrapolated using a country-level OLS linear trend fitted over 2019-2024 and floored at zero; Zijie regional growth indexed to 2025 thereafter,0.0,0.0,0.0,0.0,0.0,0.0,0.0,0.0,0.0,0.0,0.0,0.0,0.0,0.0,0.0,0.0,0.0,0.0,0.0,0.0,0.0,0.0,0.0,0.0,0.0,0.0,0.0,0.0,0.0,0.0,0.0,0.0
Guinea-Bissau,GW,GNB,AFW,Rest of World,Secondary aluminium ingot production,kt,0.0,0.0,No 2019 secondary producer share; assigned zero,0.0,0.0,,Existing values retained through 2024; 2025 extrapolated using a country-level OLS linear trend fitted over 2019-2024 and floored at zero; Zijie regional growth indexed to 2025 thereafter,0.0,0.0,0.0,0.0,0.0,0.0,0.0,0.0,0.0,0.0,0.0,0.0,0.0,0.0,0.0,0.0,0.0,0.0,0.0,0.0,0.0,0.0,0.0,0.0,0.0,0.0,0.0,0.0,0.0,0.0,0.0,0.0
Liberia,LR,LBR,AFW,Rest of World,Secondary aluminium ingot production,kt,0.0,0.0,No 2019 secondary producer share; assigned zero,0.0,0.0,,Existing values retained through 2024; 2025 extrapolated using a country-level OLS linear trend fitted over 2019-2024 and floored at zero; Zijie regional growth indexed to 2025 thereafter,0.0,0.0,0.0,0.0,0.0,0.0,0.0,0.0,0.0,0.0,0.0,0.0,0.0,0.0,0.0,0.0,0.0,0.0,0.0,0.0,0.0,0.0,0.0,0.0,0.0,0.0,0.0,0.0,0.0,0.0,0.0,0.0
Malawi,MW,MWI,AFW,Rest of World,Secondary aluminium ingot production,kt,0.0,0.0,No 2019 secondary producer share; assigned zero,0.0,0.0,,Existing values retained through 2024; 2025 extrapolated using a country-level OLS linear trend fitted over 2019-2024 and floored at zero; Zijie regional growth indexed to 2025 thereafter,0.0,0.0,0.0,0.0,0.0,0.0,0.0,0.0,0.0,0.0,0.0,0.0,0.0,0.0,0.0,0.0,0.0,0.0,0.0,0.0,0.0,0.0,0.0,0.0,0.0,0.0,0.0,0.0,0.0,0.0,0.0,0.0
Mali,ML,MLI,AFW,Rest of World,Secondary aluminium ingot production,kt,0.0,0.0,No 2019 secondary producer share; assigned zero,0.0,0.0,,Existing values retained through 2024; 2025 extrapolated using a country-level OLS linear trend fitted over 2019-2024 and floored at zero; Zijie regional growth indexed to 2025 thereafter,0.0,0.0,0.0,0.0,0.0,0.0,0.0,0.0,0.0,0.0,0.0,0.0,0.0,0.0,0.0,0.0,0.0,0.0,0.0,0.0,0.0,0.0,0.0,0.0,0.0,0.0,0.0,0.0,0.0,0.0,0.0,0.0
Mauritania,MR,MRT,AFW,Rest of World,Secondary aluminium ingot production,kt,0.0,0.0,No 2019 secondary producer share; assigned zero,0.0,0.0,,Existing values retained through 2024; 2025 extrapolated using a country-level OLS linear trend fitted over 2019-2024 and floored at zero; Zijie regional growth indexed to 2025 thereafter,0.0,0.0,0.0,0.0,0.0,0.0,0.0,0.0,0.0,0.0,0.0,0.0,0.0,0.0,0.0,0.0,0.0,0.0,0.0,0.0,0.0,0.0,0.0,0.0,0.0,0.0,0.0,0.0,0.0,0.0,0.0,0.0
Sao Tome and Principe,ST,STP,AFW,Rest of World,Secondary aluminium ingot production,kt,0.0,0.0,No 2019 secondary producer share; assigned zero,0.0,0.0,,Existing values retained through 2024; 2025 extrapolated using a country-level OLS linear trend fitted over 2019-2024 and floored at zero; Zijie regional growth indexed to 2025 thereafter,0.0,0.0,0.0,0.0,0.0,0.0,0.0,0.0,0.0,0.0,0.0,0.0,0.0,0.0,0.0,0.0,0.0,0.0,0.0,0.0,0.0,0.0,0.0,0.0,0.0,0.0,0.0,0.0,0.0,0.0,0.0,0.0
Sierra Leone,SL,SLE,AFW,Other main producer,Secondary aluminium ingot production,kt,0.0,0.0,No 2019 secondary producer share; assigned zero,0.0,0.0,,Existing values retained through 2024; 2025 extrapolated using a country-level OLS linear trend fitted over 2019-2024 and floored at zero; Zijie regional growth indexed to 2025 thereafter,0.0,0.0,0.0,0.0,0.0,0.0,0.0,0.0,0.0,0.0,0.0,0.0,0.0,0.0,0.0,0.0,0.0,0.0,0.0,0.0,0.0,0.0,0.0,0.0,0.0,0.0,0.0,0.0,0.0,0.0,0.0,0.0
Angola,AO,AGO,AFZ,Rest of World,Secondary aluminium ingot production,kt,0.0,0.0,No 2019 secondary producer share; assigned zero,0.0,0.0,,Existing values retained through 2024; 2025 extrapolated using a country-level OLS linear trend fitted over 2019-2024 and floored at zero; Zijie regional growth indexed to 2025 thereafter,0.0,0.0,0.0,0.0,0.0,0.0,0.0,0.0,0.0,0.0,0.0,0.0,0.0,0.0,0.0,0.0,0.0,0.0,0.0,0.0,0.0,0.0,0.0,0.0,0.0,0.0,0.0,0.0,0.0,0.0,0.0,0.0
Mozambique,MZ,MOZ,AFZ,Rest of World,Secondary aluminium ingot production,kt,43.17225203446464,0.7414698162729658,Primary producer share proxy; no explicit 2019 secondary producer map for Rest of World,26.108136721177853,199.82107236153178,0.831467646403854,Existing values retained through 2024; 2025 extrapolated using a country-level OLS linear trend fitted over 2019-2024 and floored at zero; Zijie regional growth indexed to 2025 thereafter,43.17225203446464,69.28038875564249,95.38852547682036,121.4966621979982,147.60479891917606,173.71293564035392,199.82107236153178,214.17059704424793,228.7226356859641,243.49869745660706,258.8224191435716,274.6851116960759,291.1014171483327,308.05197941510477,325.45357141348234,343.1205239446672,360.80116196378066,378.3377521489256,395.59874383274587,412.6120110252249,429.674873974103,446.97658238599763,464.42893519995755,482.18227211912233,500.4507101695681,518.9882732617417,537.4945910831685,555.9608869425371,574.1946810048747,592.1107382062085,609.7246746032397,626.6268078125535
Zimbabwe,ZW,ZWE,AFZ,Other main producer,Secondary aluminium ingot production,kt,0.0,0.0,No 2019 secondary producer share; assigned zero,0.0,0.0,,Existing values retained through 2024; 2025 extrapolated using a country-level OLS linear trend fitted over 2019-2024 and floored at zero; Zijie regional growth indexed to 2025 thereafter,0.0,0.0,0.0,0.0,0.0,0.0,0.0,0.0,0.0,0.0,0.0,0.0,0.0,0.0,0.0,0.0,0.0,0.0,0.0,0.0,0.0,0.0,0.0,0.0,0.0,0.0,0.0,0.0,0.0,0.0,0.0,0.0
Zambia,ZM,ZMB,AFZ,Rest of World,Secondary aluminium ingot production,kt,0.0,0.0,No 2019 secondary producer share; assigned zero,0.0,0.0,,Existing values retained through 2024; 2025 extrapolated using a country-level OLS linear trend fitted over 2019-2024 and floored at zero; Zijie regional growth indexed to 2025 thereafter,0.0,0.0,0.0,0.0,0.0,0.0,0.0,0.0,0.0,0.0,0.0,0.0,0.0,0.0,0.0,0.0,0.0,0.0,0.0,0.0,0.0,0.0,0.0,0.0,0.0,0.0,0.0,0.0,0.0,0.0,0.0,0.0
Botswana,BW,BWA,AFZ,Rest of World,Secondary aluminium ingot production,kt,0.0,0.0,No 2019 secondary producer share; assigned zero,0.0,0.0,,Existing values retained through 2024; 2025 extrapolated using a country-level OLS linear trend fitted over 2019-2024 and floored at zero; Zijie regional growth indexed to 2025 thereafter,0.0,0.0,0.0,0.0,0.0,0.0,0.0,0.0,0.0,0.0,0.0,0.0,0.0,0.0,0.0,0.0,0.0,0.0,0.0,0.0,0.0,0.0,0.0,0.0,0.0,0.0,0.0,0.0,0.0,0.0,0.0,0.0
Namibia,,NAM,AFZ,Rest of World,Secondary aluminium ingot production,kt,0.0,0.0,No 2019 secondary producer share; assigned zero,0.0,0.0,,Existing values retained through 2024; 2025 extrapolated using a country-level OLS linear trend fitted over 2019-2024 and floored at zero; Zijie regional growth indexed to 2025 thereafter,0.0,0.0,0.0,0.0,0.0,0.0,0.0,0.0,0.0,0.0,0.0,0.0,0.0,0.0,0.0,0.0,0.0,0.0,0.0,0.0,0.0,0.0,0.0,0.0,0.0,0.0,0.0,0.0,0.0,0.0,0.0,0.0
South Africa,ZA,ZAF,AFZ,Other main producer,Secondary aluminium ingot production,kt,136.47486477264258,0.1030913012221423,Primary producer share proxy; no explicit 2019 secondary producer map for Other main producer,10.65525202617907,200.40637692971697,0.9356871201717231,Existing values retained through 2024; 2025 extrapolated using a country-level OLS linear trend fitted over 2019-2024 and floored at zero; Zijie regional growth indexed to 2025 thereafter,136.47486477264258,147.13011679882163,157.78536882500072,168.44062085117977,179.09587287735886,189.7511249035379,200.40637692971697,228.34118656691965,231.0367040574977,233.66623878700082,235.60986026994686,237.36757610881273,239.10674413061548,241.03674498499862,243.37744372174473,246.1880619411121,249.48366166500196,253.20786309242783,257.2095257726288,261.34984318590284,265.59319357611446,269.93421461959423,274.38962942713766,278.98983477255473,283.6870277758352,288.4694365450326,293.35839040871497,298.33428742531197,303.3719373644632,308.4005757165407,313.39221458446536,318.3770541541489
Eswatini,SZ,SWZ,AFZ,Rest of World,Secondary aluminium ingot production,kt,0.0,0.0,No 2019 secondary producer share; assigned zero,0.0,0.0,,Existing values retained through 2024; 2025 extrapolated using a country-level OLS linear trend fitted over 2019-2024 and floored at zero; Zijie regional growth indexed to 2025 thereafter,0.0,0.0,0.0,0.0,0.0,0.0,0.0,0.0,0.0,0.0,0.0,0.0,0.0,0.0,0.0,0.0,0.0,0.0,0.0,0.0,0.0,0.0,0.0,0.0,0.0,0.0,0.0,0.0,0.0,0.0,0.0,0.0
Lesotho,LS,LSO,AFZ,Rest of World,Secondary aluminium ingot production,kt,0.0,0.0,No 2019 secondary producer share; assigned zero,0.0,0.0,,Existing values retained through 2024; 2025 extrapolated using a country-level OLS linear trend fitted over 2019-2024 and floored at zero; Zijie regional growth indexed to 2025 thereafter,0.0,0.0,0.0,0.0,0.0,0.0,0.0,0.0,0.0,0.0,0.0,0.0,0.0,0.0,0.0,0.0,0.0,0.0,0.0,0.0,0.0,0.0,0.0,0.0,0.0,0.0,0.0,0.0,0.0,0.0,0.0,0.0
Nigeria,NG,NGA,NIG,Rest of World,Secondary aluminium ingot production,kt,0.0,0.0,No 2019 secondary producer share; assigned zero,0.0,0.0,,Existing values retained through 2024; 2025 extrapolated using a country-level OLS linear trend fitted over 2019-2024 and floored at zero; Zijie regional growth indexed to 2025 thereafter,0.0,0.0,0.0,0.0,0.0,0.0,0.0,0.0,0.0,0.0,0.0,0.0,0.0,0.0,0.0,0.0,0.0,0.0,0.0,0.0,0.0,0.0,0.0,0.0,0.0,0.0,0.0,0.0,0.0,0.0,0.0,0.0
Russian Federation,RU,RUS,RUS,Other main producer,Secondary aluminium ingot production,kt,692.2720825357057,0.5229331416247304,Primary producer share proxy; no explicit 2019 secondary producer map for Other main producer,54.04902596821932,1016.5662383450216,0.935687120171723,Existing values retained through 2024; 2025 extrapolated using a country-level OLS linear trend fitted over 2019-2024 and floored at zero; Zijie regional growth indexed to 2025 thereafter,692.2720825357057,746.3211085039251,800.3701344721444,854.4191604403637,908.468186408583,962.5172123768024,1016.5662383450216,1158.266242041683,1171.939320302816,1185.2776993979385,1195.1367668086425,1204.0528233023038,1212.8747955412111,1222.6647719810876,1234.5380234532572,1248.7949529704665,1265.5119630064323,1284.4030656445743,1304.7015972594852,1325.7034583920897,1347.2279568149625,1369.2478920104102,1391.8480923661082,1415.1827462591093,1439.0093724138248,1463.2682576210368,1488.067595420497,1513.3079544851596,1538.8615567566978,1564.3694475328568,1589.6896575225946,1614.9753779060518
Kazakhstan,KZ,KAZ,ASC,Other main producer,Secondary aluminium ingot production,kt,49.48879336246453,0.0373831775700934,Primary producer share proxy; no explicit 2019 secondary producer map for Other main producer,3.863829186620025,72.67176848218469,0.9356871201717233,Existing values retained through 2024; 2025 extrapolated using a country-level OLS linear trend fitted over 2019-2024 and floored at zero; Zijie regional growth indexed to 2025 thereafter,49.48879336246453,53.35262254908456,57.21645173570458,61.08028092232461,64.94411010894463,68.80793929556465,72.67176848218469,82.80154603542415,83.77900007663796,84.73252731467257,85.43732729454142,86.07471379120129,86.70537444066952,87.40523528047372,88.25402422266896,89.2732163245316,90.4682734071137,91.81875091217746,93.26984198170643,94.7712123128797,96.30994467195227,97.88409456219598,99.49972615210015,101.16786198167956,102.87116767324571,104.60537447937027,106.37821688461075,108.18258679300018,110.00934967191135,111.83284475076792,113.64292300134032,115.45053567653936
Uzbekistan,UZ,UZB,ASC,Rest of World,Secondary aluminium ingot production,kt,0.0,0.0,No 2019 secondary producer share; assigned zero,0.0,0.0,,Existing values retained through 2024; 2025 extrapolated using a country-level OLS linear trend fitted over 2019-2024 and floored at zero; Zijie regional growth indexed to 2025 thereafter,0.0,0.0,0.0,0.0,0.0,0.0,0.0,0.0,0.0,0.0,0.0,0.0,0.0,0.0,0.0,0.0,0.0,0.0,0.0,0.0,0.0,0.0,0.0,0.0,0.0,0.0,0.0,0.0,0.0,0.0,0.0,0.0
Turkmenistan,TM,TKM,ASC,Rest of World,Secondary aluminium ingot production,kt,0.0,0.0,No 2019 secondary producer share; assigned zero,0.0,0.0,,Existing values retained through 2024; 2025 extrapolated using a country-level OLS linear trend fitted over 2019-2024 and floored at zero; Zijie regional growth indexed to 2025 thereafter,0.0,0.0,0.0,0.0,0.0,0.0,0.0,0.0,0.0,0.0,0.0,0.0,0.0,0.0,0.0,0.0,0.0,0.0,0.0,0.0,0.0,0.0,0.0,0.0,0.0,0.0,0.0,0.0,0.0,0.0,0.0,0.0
Azerbaijan,AZ,AZE,ASC,Other main producer,Secondary aluminium ingot production,kt,9.517075646627797,0.0071890726096333,Primary producer share proxy; no explicit 2019 secondary producer map for Other main producer,0.7430440743500043,13.975340092727823,0.9356871201717232,Existing values retained through 2024; 2025 extrapolated using a country-level OLS linear trend fitted over 2019-2024 and floored at zero; Zijie regional growth indexed to 2025 thereafter,9.517075646627797,10.2601197209778,11.003163795327804,11.746207869677807,12.489251944027814,13.232296018377818,13.975340092727823,15.923374237581568,16.11134616858422,16.294716791283182,16.43025524895027,16.552829575231016,16.67411046935952,16.80869909239879,16.97192773512864,17.167926216256074,17.3977448859834,17.657452098495664,17.93650807340508,18.225233137092246,18.521143206144664,18.82386433888384,19.13456272155772,19.455358073399914,19.782916860239556,20.116418169109664,20.45734940088668,20.804343614038494,21.155644167675256,21.506316298224597,21.85440826948852,22.202026091642182
Mongolia,MN,MNG,ASC,Rest of World,Secondary aluminium ingot production,kt,0.0,0.0,No 2019 secondary producer share; assigned zero,0.0,0.0,,Existing values retained through 2024; 2025 extrapolated using a country-level OLS linear trend fitted over 2019-2024 and floored at zero; Zijie regional growth indexed to 2025 thereafter,0.0,0.0,0.0,0.0,0.0,0.0,0.0,0.0,0.0,0.0,0.0,0.0,0.0,0.0,0.0,0.0,0.0,0.0,0.0,0.0,0.0,0.0,0.0,0.0,0.0,0.0,0.0,0.0,0.0,0.0,0.0,0.0
Georgia,GE,GEO,ASC,Rest of World,Secondary aluminium ingot production,kt,0.0,0.0,No 2019 secondary producer share; assigned zero,0.0,0.0,,Existing values retained through 2024; 2025 extrapolated using a country-level OLS linear trend fitted over 2019-2024 and floored at zero; Zijie regional growth indexed to 2025 thereafter,0.0,0.0,0.0,0.0,0.0,0.0,0.0,0.0,0.0,0.0,0.0,0.0,0.0,0.0,0.0,0.0,0.0,0.0,0.0,0.0,0.0,0.0,0.0,0.0,0.0,0.0,0.0,0.0,0.0,0.0,0.0,0.0
Kyrgyzstan,KG,KGZ,ASC,Rest of World,Secondary aluminium ingot production,kt,0.0,0.0,No 2019 secondary producer share; assigned zero,0.0,0.0,,Existing values retained through 2024; 2025 extrapolated using a country-level OLS linear trend fitted over 2019-2024 and floored at zero; Zijie regional growth indexed to 2025 thereafter,0.0,0.0,0.0,0.0,0.0,0.0,0.0,0.0,0.0,0.0,0.0,0.0,0.0,0.0,0.0,0.0,0.0,0.0,0.0,0.0,0.0,0.0,0.0,0.0,0.0,0.0,0.0,0.0,0.0,0.0,0.0,0.0
Armenia,AM,ARM,ASC,Rest of World,Secondary aluminium ingot production,kt,0.0,0.0,No 2019 secondary producer share; assigned zero,0.0,0.0,,Existing values retained through 2024; 2025 extrapolated using a country-level OLS linear trend fitted over 2019-2024 and floored at zero; Zijie regional growth indexed to 2025 thereafter,0.0,0.0,0.0,0.0,0.0,0.0,0.0,0.0,0.0,0.0,0.0,0.0,0.0,0.0,0.0,0.0,0.0,0.0,0.0,0.0,0.0,0.0,0.0,0.0,0.0,0.0,0.0,0.0,0.0,0.0,0.0,0.0
Tajikistan,TJ,TJK,ASC,Rest of World,Secondary aluminium ingot production,kt,7.641106554772502,0.1312335958005249,Primary producer share proxy; no explicit 2019 secondary producer map for Rest of World,4.620909154190771,35.36656147991713,0.8314676464038538,Existing values retained through 2024; 2025 extrapolated using a country-level OLS linear trend fitted over 2019-2024 and floored at zero; Zijie regional growth indexed to 2025 thereafter,7.641106554772502,12.262015708963274,16.882924863154045,21.50383401734481,26.124743171535588,30.74565232572636,35.36656147991713,37.9063003618138,40.48188242229453,43.09711459408975,45.80927772452595,48.61683392850901,51.52237471651906,54.52247423276191,57.60240202008537,60.72929627339242,63.85861273695234,66.9624340086594,70.01747678455679,73.02867451773892,76.04865026090319,79.11089953734472,82.1998115398155,85.34199506533139,88.57534693266692,91.85633155075075,95.13178603241921,98.40015698098003,101.62737716900439,104.79836074446168,107.91587161119287,110.90739961284133
Afghanistan,AF,AFG,ASC,Rest of World,Secondary aluminium ingot production,kt,0.0,0.0,No 2019 secondary producer share; assigned zero,0.0,0.0,,Existing values retained through 2024; 2025 extrapolated using a country-level OLS linear trend fitted over 2019-2024 and floored at zero; Zijie regional growth indexed to 2025 thereafter,0.0,0.0,0.0,0.0,0.0,0.0,0.0,0.0,0.0,0.0,0.0,0.0,0.0,0.0,0.0,0.0,0.0,0.0,0.0,0.0,0.0,0.0,0.0,0.0,0.0,0.0,0.0,0.0,0.0,0.0,0.0,0.0
Thailand,TH,THA,ASE,Other Asia,Secondary aluminium ingot production,kt,23.0,0.0196078431372549,2019 secondary producer share from INF_Data,14.022991983537361,107.13795190122416,1.080797510712605,Existing values retained through 2024; 2025 extrapolated using a country-level OLS linear trend fitted over 2019-2024 and floored at zero; Zijie regional growth indexed to 2025 thereafter,23.0,37.02299198353736,51.04598396707472,65.06897595061207,79.09196793414944,93.1149599176868,107.13795190122416,114.62069803306268,123.24348516266738,132.16909900058621,141.44060341754417,151.05826645993102,161.02287882249723,171.28164408393002,181.7574150869826,192.3921103849008,203.13686336062173,213.96233690445564,224.87038345916034,235.87176373946113,247.00888838559857,258.3387860728014,269.885070132443,281.6862789472294,293.73386367059294,305.9811374282755,318.4033825029522,330.9534110657583,343.5541728843499,356.1275210767242,368.64287552358326,381.0881123161083
Malaysia,MY,MYS,ASE,Other Asia,Secondary aluminium ingot production,kt,0.0,0.0,No 2019 secondary producer share; assigned zero,0.0,0.0,,Existing values retained through 2024; 2025 extrapolated using a country-level OLS linear trend fitted over 2019-2024 and floored at zero; Zijie regional growth indexed to 2025 thereafter,0.0,0.0,0.0,0.0,0.0,0.0,0.0,0.0,0.0,0.0,0.0,0.0,0.0,0.0,0.0,0.0,0.0,0.0,0.0,0.0,0.0,0.0,0.0,0.0,0.0,0.0,0.0,0.0,0.0,0.0,0.0,0.0
Singapore,SG,SGP,ASE,Other Asia,Secondary aluminium ingot production,kt,0.0,0.0,No 2019 secondary producer share; assigned zero,0.0,0.0,,Existing values retained through 2024; 2025 extrapolated using a country-level OLS linear trend fitted over 2019-2024 and floored at zero; Zijie regional growth indexed to 2025 thereafter,0.0,0.0,0.0,0.0,0.0,0.0,0.0,0.0,0.0,0.0,0.0,0.0,0.0,0.0,0.0,0.0,0.0,0.0,0.0,0.0,0.0,0.0,0.0,0.0,0.0,0.0,0.0,0.0,0.0,0.0,0.0,0.0
Myanmar,MM,MMR,ASE,Rest of World,Secondary aluminium ingot production,kt,0.0,0.0,No 2019 secondary producer share; assigned zero,0.0,0.0,,Existing values retained through 2024; 2025 extrapolated using a country-level OLS linear trend fitted over 2019-2024 and floored at zero; Zijie regional growth indexed to 2025 thereafter,0.0,0.0,0.0,0.0,0.0,0.0,0.0,0.0,0.0,0.0,0.0,0.0,0.0,0.0,0.0,0.0,0.0,0.0,0.0,0.0,0.0,0.0,0.0,0.0,0.0,0.0,0.0,0.0,0.0,0.0,0.0,0.0
Cambodia,KH,KHM,ASE,Rest of World,Secondary aluminium ingot production,kt,0.0,0.0,No 2019 secondary producer share; assigned zero,0.0,0.0,,Existing values retained through 2024; 2025 extrapolated using a country-level OLS linear trend fitted over 2019-2024 and floored at zero; Zijie regional growth indexed to 2025 thereafter,0.0,0.0,0.0,0.0,0.0,0.0,0.0,0.0,0.0,0.0,0.0,0.0,0.0,0.0,0.0,0.0,0.0,0.0,0.0,0.0,0.0,0.0,0.0,0.0,0.0,0.0,0.0,0.0,0.0,0.0,0.0,0.0
Brunei Darussalam,BN,BRN,ASE,Rest of World,Secondary aluminium ingot production,kt,0.0,0.0,No 2019 secondary producer share; assigned zero,0.0,0.0,,Existing values retained through 2024; 2025 extrapolated using a country-level OLS linear trend fitted over 2019-2024 and floored at zero; Zijie regional growth indexed to 2025 thereafter,0.0,0.0,0.0,0.0,0.0,0.0,0.0,0.0,0.0,0.0,0.0,0.0,0.0,0.0,0.0,0.0,0.0,0.0,0.0,0.0,0.0,0.0,0.0,0.0,0.0,0.0,0.0,0.0,0.0,0.0,0.0,0.0
Lao People's Democratic Republic,LA,LAO,ASE,Rest of World,Secondary aluminium ingot production,kt,0.0,0.0,No 2019 secondary producer share; assigned zero,0.0,0.0,,Existing values retained through 2024; 2025 extrapolated using a country-level OLS linear trend fitted over 2019-2024 and floored at zero; Zijie regional growth indexed to 2025 thereafter,0.0,0.0,0.0,0.0,0.0,0.0,0.0,0.0,0.0,0.0,0.0,0.0,0.0,0.0,0.0,0.0,0.0,0.0,0.0,0.0,0.0,0.0,0.0,0.0,0.0,0.0,0.0,0.0,0.0,0.0,0.0,0.0
Democratic People's Republic of Korea,KP,PRK,ASE,Rest of World,Secondary aluminium ingot production,kt,0.0,0.0,No 2019 secondary producer share; assigned zero,0.0,0.0,,Existing values retained through 2024; 2025 extrapolated using a country-level OLS linear trend fitted over 2019-2024 and floored at zero; Zijie regional growth indexed to 2025 thereafter,0.0,0.0,0.0,0.0,0.0,0.0,0.0,0.0,0.0,0.0,0.0,0.0,0.0,0.0,0.0,0.0,0.0,0.0,0.0,0.0,0.0,0.0,0.0,0.0,0.0,0.0,0.0,0.0,0.0,0.0,0.0,0.0
Cook Islands,CK,COK,ASE,Rest of World,Secondary aluminium ingot production,kt,0.0,0.0,No 2019 secondary producer share; assigned zero,0.0,0.0,,Existing values retained through 2024; 2025 extrapolated using a country-level OLS linear trend fitted over 2019-2024 and floored at zero; Zijie regional growth indexed to 2025 thereafter,0.0,0.0,0.0,0.0,0.0,0.0,0.0,0.0,0.0,0.0,0.0,0.0,0.0,0.0,0.0,0.0,0.0,0.0,0.0,0.0,0.0,0.0,0.0,0.0,0.0,0.0,0.0,0.0,0.0,0.0,0.0,0.0
Timor-Leste,TL,TLS,ASE,Rest of World,Secondary aluminium ingot production,kt,0.0,0.0,No 2019 secondary producer share; assigned zero,0.0,0.0,,Existing values retained through 2024; 2025 extrapolated using a country-level OLS linear trend fitted over 2019-2024 and floored at zero; Zijie regional growth indexed to 2025 thereafter,0.0,0.0,0.0,0.0,0.0,0.0,0.0,0.0,0.0,0.0,0.0,0.0,0.0,0.0,0.0,0.0,0.0,0.0,0.0,0.0,0.0,0.0,0.0,0.0,0.0,0.0,0.0,0.0,0.0,0.0,0.0,0.0
Fiji,FJ,FJI,ASE,Other main producer,Secondary aluminium ingot production,kt,0.0,0.0,No 2019 secondary producer share; assigned zero,0.0,0.0,,Existing values retained through 2024; 2025 extrapolated using a country-level OLS linear trend fitted over 2019-2024 and floored at zero; Zijie regional growth indexed to 2025 thereafter,0.0,0.0,0.0,0.0,0.0,0.0,0.0,0.0,0.0,0.0,0.0,0.0,0.0,0.0,0.0,0.0,0.0,0.0,0.0,0.0,0.0,0.0,0.0,0.0,0.0,0.0,0.0,0.0,0.0,0.0,0.0,0.0
French Polynesia,PF,PYF,ASE,Rest of World,Secondary aluminium ingot production,kt,0.0,0.0,No 2019 secondary producer share; assigned zero,0.0,0.0,,Existing values retained through 2024; 2025 extrapolated using a country-level OLS linear trend fitted over 2019-2024 and floored at zero; Zijie regional growth indexed to 2025 thereafter,0.0,0.0,0.0,0.0,0.0,0.0,0.0,0.0,0.0,0.0,0.0,0.0,0.0,0.0,0.0,0.0,0.0,0.0,0.0,0.0,0.0,0.0,0.0,0.0,0.0,0.0,0.0,0.0,0.0,0.0,0.0,0.0
Kiribati,KI,KIR,ASE,Rest of World,Secondary aluminium ingot production,kt,0.0,0.0,No 2019 secondary producer share; assigned zero,0.0,0.0,,Existing values retained through 2024; 2025 extrapolated using a country-level OLS linear trend fitted over 2019-2024 and floored at zero; Zijie regional growth indexed to 2025 thereafter,0.0,0.0,0.0,0.0,0.0,0.0,0.0,0.0,0.0,0.0,0.0,0.0,0.0,0.0,0.0,0.0,0.0,0.0,0.0,0.0,0.0,0.0,0.0,0.0,0.0,0.0,0.0,0.0,0.0,0.0,0.0,0.0
New Caledonia,NC,NCL,ASE,Rest of World,Secondary aluminium ingot production,kt,0.0,0.0,No 2019 secondary producer share; assigned zero,0.0,0.0,,Existing values retained through 2024; 2025 extrapolated using a country-level OLS linear trend fitted over 2019-2024 and floored at zero; Zijie regional growth indexed to 2025 thereafter,0.0,0.0,0.0,0.0,0.0,0.0,0.0,0.0,0.0,0.0,0.0,0.0,0.0,0.0,0.0,0.0,0.0,0.0,0.0,0.0,0.0,0.0,0.0,0.0,0.0,0.0,0.0,0.0,0.0,0.0,0.0,0.0
Palau,PW,PLW,ASE,Rest of World,Secondary aluminium ingot production,kt,0.0,0.0,No 2019 secondary producer share; assigned zero,0.0,0.0,,Existing values retained through 2024; 2025 extrapolated using a country-level OLS linear trend fitted over 2019-2024 and floored at zero; Zijie regional growth indexed to 2025 thereafter,0.0,0.0,0.0,0.0,0.0,0.0,0.0,0.0,0.0,0.0,0.0,0.0,0.0,0.0,0.0,0.0,0.0,0.0,0.0,0.0,0.0,0.0,0.0,0.0,0.0,0.0,0.0,0.0,0.0,0.0,0.0,0.0
Papua New Guinea,PG,PNG,ASE,Rest of World,Secondary aluminium ingot production,kt,0.0,0.0,No 2019 secondary producer share; assigned zero,0.0,0.0,,Existing values retained through 2024; 2025 extrapolated using a country-level OLS linear trend fitted over 2019-2024 and floored at zero; Zijie regional growth indexed to 2025 thereafter,0.0,0.0,0.0,0.0,0.0,0.0,0.0,0.0,0.0,0.0,0.0,0.0,0.0,0.0,0.0,0.0,0.0,0.0,0.0,0.0,0.0,0.0,0.0,0.0,0.0,0.0,0.0,0.0,0.0,0.0,0.0,0.0
American Samoa,AS,ASM,ASE,Rest of World,Secondary aluminium ingot production,kt,0.0,0.0,No 2019 secondary producer share; assigned zero,0.0,0.0,,Existing values retained through 2024; 2025 extrapolated using a country-level OLS linear trend fitted over 2019-2024 and floored at zero; Zijie regional growth indexed to 2025 thereafter,0.0,0.0,0.0,0.0,0.0,0.0,0.0,0.0,0.0,0.0,0.0,0.0,0.0,0.0,0.0,0.0,0.0,0.0,0.0,0.0,0.0,0.0,0.0,0.0,0.0,0.0,0.0,0.0,0.0,0.0,0.0,0.0
Solomon Islands,SB,SLB,ASE,Rest of World,Secondary aluminium ingot production,kt,0.0,0.0,No 2019 secondary producer share; assigned zero,0.0,0.0,,Existing values retained through 2024; 2025 extrapolated using a country-level OLS linear trend fitted over 2019-2024 and floored at zero; Zijie regional growth indexed to 2025 thereafter,0.0,0.0,0.0,0.0,0.0,0.0,0.0,0.0,0.0,0.0,0.0,0.0,0.0,0.0,0.0,0.0,0.0,0.0,0.0,0.0,0.0,0.0,0.0,0.0,0.0,0.0,0.0,0.0,0.0,0.0,0.0,0.0
Tonga,TO,TON,ASE,Rest of World,Secondary aluminium ingot production,kt,0.0,0.0,No 2019 secondary producer share; assigned zero,0.0,0.0,,Existing values retained through 2024; 2025 extrapolated using a country-level OLS linear trend fitted over 2019-2024 and floored at zero; Zijie regional growth indexed to 2025 thereafter,0.0,0.0,0.0,0.0,0.0,0.0,0.0,0.0,0.0,0.0,0.0,0.0,0.0,0.0,0.0,0.0,0.0,0.0,0.0,0.0,0.0,0.0,0.0,0.0,0.0,0.0,0.0,0.0,0.0,0.0,0.0,0.0
Vanuatu,VU,VUT,ASE,Rest of World,Secondary aluminium ingot production,kt,0.0,0.0,No 2019 secondary producer share; assigned zero,0.0,0.0,,Existing values retained through 2024; 2025 extrapolated using a country-level OLS linear trend fitted over 2019-2024 and floored at zero; Zijie regional growth indexed to 2025 thereafter,0.0,0.0,0.0,0.0,0.0,0.0,0.0,0.0,0.0,0.0,0.0,0.0,0.0,0.0,0.0,0.0,0.0,0.0,0.0,0.0,0.0,0.0,0.0,0.0,0.0,0.0,0.0,0.0,0.0,0.0,0.0,0.0
Niue,NU,NIU,ASE,Rest of World,Secondary aluminium ingot production,kt,0.0,0.0,No 2019 secondary producer share; assigned zero,0.0,0.0,,Existing values retained through 2024; 2025 extrapolated using a country-level OLS linear trend fitted over 2019-2024 and floored at zero; Zijie regional growth indexed to 2025 thereafter,0.0,0.0,0.0,0.0,0.0,0.0,0.0,0.0,0.0,0.0,0.0,0.0,0.0,0.0,0.0,0.0,0.0,0.0,0.0,0.0,0.0,0.0,0.0,0.0,0.0,0.0,0.0,0.0,0.0,0.0,0.0,0.0
Samoa,WS,WSM,ASE,Rest of World,Secondary aluminium ingot production,kt,0.0,0.0,No 2019 secondary producer share; assigned zero,0.0,0.0,,Existing values retained through 2024; 2025 extrapolated using a country-level OLS linear trend fitted over 2019-2024 and floored at zero; Zijie regional growth indexed to 2025 thereafter,0.0,0.0,0.0,0.0,0.0,0.0,0.0,0.0,0.0,0.0,0.0,0.0,0.0,0.0,0.0,0.0,0.0,0.0,0.0,0.0,0.0,0.0,0.0,0.0,0.0,0.0,0.0,0.0,0.0,0.0,0.0,0.0
Wallis and Futuna Islands,WF,WLF,ASE,Rest of World,Secondary aluminium ingot production,kt,0.0,0.0,No 2019 secondary producer share; assigned zero,0.0,0.0,,Existing values retained through 2024; 2025 extrapolated using a country-level OLS linear trend fitted over 2019-2024 and floored at zero; Zijie regional growth indexed to 2025 thereafter,0.0,0.0,0.0,0.0,0.0,0.0,0.0,0.0,0.0,0.0,0.0,0.0,0.0,0.0,0.0,0.0,0.0,0.0,0.0,0.0,0.0,0.0,0.0,0.0,0.0,0.0,0.0,0.0,0.0,0.0,0.0,0.0
Micronesia (Federated States of),FM,FSM,ASE,Rest of World,Secondary aluminium ingot production,kt,0.0,0.0,No 2019 secondary producer share; assigned zero,0.0,0.0,,Existing values retained through 2024; 2025 extrapolated using a country-level OLS linear trend fitted over 2019-2024 and floored at zero; Zijie regional growth indexed to 2025 thereafter,0.0,0.0,0.0,0.0,0.0,0.0,0.0,0.0,0.0,0.0,0.0,0.0,0.0,0.0,0.0,0.0,0.0,0.0,0.0,0.0,0.0,0.0,0.0,0.0,0.0,0.0,0.0,0.0,0.0,0.0,0.0,0.0
Nauru,NR,NRU,ASE,Rest of World,Secondary aluminium ingot production,kt,0.0,0.0,No 2019 secondary producer share; assigned zero,0.0,0.0,,Existing values retained through 2024; 2025 extrapolated using a country-level OLS linear trend fitted over 2019-2024 and floored at zero; Zijie regional growth indexed to 2025 thereafter,0.0,0.0,0.0,0.0,0.0,0.0,0.0,0.0,0.0,0.0,0.0,0.0,0.0,0.0,0.0,0.0,0.0,0.0,0.0,0.0,0.0,0.0,0.0,0.0,0.0,0.0,0.0,0.0,0.0,0.0,0.0,0.0
Tuvalu,TV,TUV,ASE,Rest of World,Secondary aluminium ingot production,kt,0.0,0.0,No 2019 secondary producer share; assigned zero,0.0,0.0,,Existing values retained through 2024; 2025 extrapolated using a country-level OLS linear trend fitted over 2019-2024 and floored at zero; Zijie regional growth indexed to 2025 thereafter,0.0,0.0,0.0,0.0,0.0,0.0,0.0,0.0,0.0,0.0,0.0,0.0,0.0,0.0,0.0,0.0,0.0,0.0,0.0,0.0,0.0,0.0,0.0,0.0,0.0,0.0,0.0,0.0,0.0,0.0,0.0,0.0
Northern Mariana Islands,MP,MNP,ASE,Rest of World,Secondary aluminium ingot production,kt,0.0,0.0,No 2019 secondary producer share; assigned zero,0.0,0.0,,Existing values retained through 2024; 2025 extrapolated using a country-level OLS linear trend fitted over 2019-2024 and floored at zero; Zijie regional growth indexed to 2025 thereafter,0.0,0.0,0.0,0.0,0.0,0.0,0.0,0.0,0.0,0.0,0.0,0.0,0.0,0.0,0.0,0.0,0.0,0.0,0.0,0.0,0.0,0.0,0.0,0.0,0.0,0.0,0.0,0.0,0.0,0.0,0.0,0.0
China,CN,CHN,CHN,China,Secondary aluminium ingot production,kt,11400.0,1.0,2019 secondary producer share from INF_Data,1899.9727427157216,22799.83645629433,1.1059769232908168,Existing values retained through 2024; 2025 extrapolated using a country-level OLS linear trend fitted over 2019-2024 and floored at zero; Zijie regional growth indexed to 2025 thereafter,11400.0,13299.972742715723,15199.945485431444,17099.918228147166,18999.89097086289,20899.86371357861,22799.83645629433,23986.834535299637,25682.80818050616,27407.40757960509,29127.498491117156,30824.780760610633,32462.392947697528,34000.085856498685,35409.832681288615,36680.832908237135,37817.62649982045,38834.78069355054,39745.24970525784,40558.84888027557,41276.79770778707,41885.41584032784,42371.85303135319,42729.12094602872,42954.66665511366,43057.25801163831,43048.99246028222,42945.58201045857,42769.07043905657,42545.49444556516,42291.53371098899,42018.628626338475
"China, Hong Kong Special Administrative Region",HK,HKG,CHN,Rest of World,Secondary aluminium ingot production,kt,0.0,0.0,No 2019 secondary producer share; assigned zero,0.0,0.0,,Existing values retained through 2024; 2025 extrapolated using a country-level OLS linear trend fitted over 2019-2024 and floored at zero; Zijie regional growth indexed to 2025 thereafter,0.0,0.0,0.0,0.0,0.0,0.0,0.0,0.0,0.0,0.0,0.0,0.0,0.0,0.0,0.0,0.0,0.0,0.0,0.0,0.0,0.0,0.0,0.0,0.0,0.0,0.0,0.0,0.0,0.0,0.0,0.0,0.0
"China, Macao Special Administrative Region",MO,MAC,CHN,Rest of World,Secondary aluminium ingot production,kt,0.0,0.0,No 2019 secondary producer share; assigned zero,0.0,0.0,,Existing values retained through 2024; 2025 extrapolated using a country-level OLS linear trend fitted over 2019-2024 and floored at zero; Zijie regional growth indexed to 2025 thereafter,0.0,0.0,0.0,0.0,0.0,0.0,0.0,0.0,0.0,0.0,0.0,0.0,0.0,0.0,0.0,0.0,0.0,0.0,0.0,0.0,0.0,0.0,0.0,0.0,0.0,0.0,0.0,0.0,0.0,0.0,0.0,0.0
Indonesia,ID,IDN,IDN,Other Asia,Secondary aluminium ingot production,kt,0.0,0.0,No 2019 secondary producer share; assigned zero,0.0,0.0,,Existing values retained through 2024; 2025 extrapolated using a country-level OLS linear trend fitted over 2019-2024 and floored at zero; Zijie regional growth indexed to 2025 thereafter,0.0,0.0,0.0,0.0,0.0,0.0,0.0,0.0,0.0,0.0,0.0,0.0,0.0,0.0,0.0,0.0,0.0,0.0,0.0,0.0,0.0,0.0,0.0,0.0,0.0,0.0,0.0,0.0,0.0,0.0,0.0,0.0
Philippines,PH,PHL,IDN,Rest of World,Secondary aluminium ingot production,kt,0.0,0.0,No 2019 secondary producer share; assigned zero,0.0,0.0,,Existing values retained through 2024; 2025 extrapolated using a country-level OLS linear trend fitted over 2019-2024 and floored at zero; Zijie regional growth indexed to 2025 thereafter,0.0,0.0,0.0,0.0,0.0,0.0,0.0,0.0,0.0,0.0,0.0,0.0,0.0,0.0,0.0,0.0,0.0,0.0,0.0,0.0,0.0,0.0,0.0,0.0,0.0,0.0,0.0,0.0,0.0,0.0,0.0,0.0
Viet Nam,VN,VNM,IDN,Other Asia,Secondary aluminium ingot production,kt,0.0,0.0,No 2019 secondary producer share; assigned zero,0.0,0.0,,Existing values retained through 2024; 2025 extrapolated using a country-level OLS linear trend fitted over 2019-2024 and floored at zero; Zijie regional growth indexed to 2025 thereafter,0.0,0.0,0.0,0.0,0.0,0.0,0.0,0.0,0.0,0.0,0.0,0.0,0.0,0.0,0.0,0.0,0.0,0.0,0.0,0.0,0.0,0.0,0.0,0.0,0.0,0.0,0.0,0.0,0.0,0.0,0.0,0.0
India,IN,IND,IND,Other Asia,Secondary aluminium ingot production,kt,580.0,0.4944586530264279,2019 secondary producer share from INF_Data,353.6232761065943,2701.7396566395655,1.0807975107126053,Existing values retained through 2024; 2025 extrapolated using a country-level OLS linear trend fitted over 2019-2024 and floored at zero; Zijie regional growth indexed to 2025 thereafter,580.0,933.6232761065942,1287.2465522131884,1640.8698283197823,1994.493104426377,2348.116380532971,2701.7396566395655,2890.4349938772325,3107.8791910585687,3332.959887840869,3566.7630427032873,3809.2954150765213,4060.5769442194955,4319.276242116496,4583.447858715213,4851.627131445324,5122.581771702635,5395.571974112359,5670.64445244839,5948.070563864671,6228.919794071616,6514.630257488036,6805.797420731171,7103.39312127796,7407.2017795193,7716.046074278252,8029.302689204881,8345.781670353905,8663.540011866213,8980.607053239131,9296.211643638186,9610.048049710558
Bangladesh,BD,BGD,ASO,Rest of World,Secondary aluminium ingot production,kt,0.0,0.0,No 2019 secondary producer share; assigned zero,0.0,0.0,,Existing values retained through 2024; 2025 extrapolated using a country-level OLS linear trend fitted over 2019-2024 and floored at zero; Zijie regional growth indexed to 2025 thereafter,0.0,0.0,0.0,0.0,0.0,0.0,0.0,0.0,0.0,0.0,0.0,0.0,0.0,0.0,0.0,0.0,0.0,0.0,0.0,0.0,0.0,0.0,0.0,0.0,0.0,0.0,0.0,0.0,0.0,0.0,0.0,0.0
Nepal,NP,NPL,ASO,Rest of World,Secondary aluminium ingot production,kt,0.0,0.0,No 2019 secondary producer share; assigned zero,0.0,0.0,,Existing values retained through 2024; 2025 extrapolated using a country-level OLS linear trend fitted over 2019-2024 and floored at zero; Zijie regional growth indexed to 2025 thereafter,0.0,0.0,0.0,0.0,0.0,0.0,0.0,0.0,0.0,0.0,0.0,0.0,0.0,0.0,0.0,0.0,0.0,0.0,0.0,0.0,0.0,0.0,0.0,0.0,0.0,0.0,0.0,0.0,0.0,0.0,0.0,0.0
Sri Lanka,LK,LKA,ASO,Rest of World,Secondary aluminium ingot production,kt,0.0,0.0,No 2019 secondary producer share; assigned zero,0.0,0.0,,Existing values retained through 2024; 2025 extrapolated using a country-level OLS linear trend fitted over 2019-2024 and floored at zero; Zijie regional growth indexed to 2025 thereafter,0.0,0.0,0.0,0.0,0.0,0.0,0.0,0.0,0.0,0.0,0.0,0.0,0.0,0.0,0.0,0.0,0.0,0.0,0.0,0.0,0.0,0.0,0.0,0.0,0.0,0.0,0.0,0.0,0.0,0.0,0.0,0.0
Pakistan,PK,PAK,ASO,Other Asia,Secondary aluminium ingot production,kt,0.0,0.0,No 2019 secondary producer share; assigned zero,0.0,0.0,,Existing values retained through 2024; 2025 extrapolated using a country-level OLS linear trend fitted over 2019-2024 and floored at zero; Zijie regional growth indexed to 2025 thereafter,0.0,0.0,0.0,0.0,0.0,0.0,0.0,0.0,0.0,0.0,0.0,0.0,0.0,0.0,0.0,0.0,0.0,0.0,0.0,0.0,0.0,0.0,0.0,0.0,0.0,0.0,0.0,0.0,0.0,0.0,0.0,0.0
Bhutan,BT,BTN,ASO,Rest of World,Secondary aluminium ingot production,kt,0.0,0.0,No 2019 secondary producer share; assigned zero,0.0,0.0,,Existing values retained through 2024; 2025 extrapolated using a country-level OLS linear trend fitted over 2019-2024 and floored at zero; Zijie regional growth indexed to 2025 thereafter,0.0,0.0,0.0,0.0,0.0,0.0,0.0,0.0,0.0,0.0,0.0,0.0,0.0,0.0,0.0,0.0,0.0,0.0,0.0,0.0,0.0,0.0,0.0,0.0,0.0,0.0,0.0,0.0,0.0,0.0,0.0,0.0
Maldives,MV,MDV,ASO,Rest of World,Secondary aluminium ingot production,kt,0.0,0.0,No 2019 secondary producer share; assigned zero,0.0,0.0,,Existing values retained through 2024; 2025 extrapolated using a country-level OLS linear trend fitted over 2019-2024 and floored at zero; Zijie regional growth indexed to 2025 thereafter,0.0,0.0,0.0,0.0,0.0,0.0,0.0,0.0,0.0,0.0,0.0,0.0,0.0,0.0,0.0,0.0,0.0,0.0,0.0,0.0,0.0,0.0,0.0,0.0,0.0,0.0,0.0,0.0,0.0,0.0,0.0,0.0
Japan,JP,JPN,JPN,Japan,Secondary aluminium ingot production,kt,1210.0,1.0,2019 secondary producer share from INF_Data,156.4797756674737,2148.8786540048427,0.8223805992542887,Existing values retained through 2024; 2025 extrapolated using a country-level OLS linear trend fitted over 2019-2024 and floored at zero; Zijie regional growth indexed to 2025 thereafter,1210.0,1366.479775667474,1522.9595513349475,1679.4393270024214,1835.919102669895,1992.3988783373688,2148.8786540048427,1973.0256967813073,1817.2962049684627,1680.0635223807556,1559.0512051248393,1451.9487196825569,1357.561855299863,1276.0536629018482,1207.2616384953114,1150.4927141617527,1105.6462642068395,1074.3072277164706,1055.4996863456072,1048.443158739564,1051.5743143509953,1062.7081502324288,1079.689922889818,1102.5816649009835,1128.6967459374491,1153.4587885847307,1174.9195358610366,1191.92121406539,1203.6142065082981,1208.4399776947741,1205.3080915426383,1194.7364277459412
"Taiwan, Province of China",TW,TWN,SKT,Other Asia,Secondary aluminium ingot production,kt,0.0,0.0,No 2019 secondary producer share; assigned zero,0.0,0.0,,Existing values retained through 2024; 2025 extrapolated using a country-level OLS linear trend fitted over 2019-2024 and floored at zero; Zijie regional growth indexed to 2025 thereafter,0.0,0.0,0.0,0.0,0.0,0.0,0.0,0.0,0.0,0.0,0.0,0.0,0.0,0.0,0.0,0.0,0.0,0.0,0.0,0.0,0.0,0.0,0.0,0.0,0.0,0.0,0.0,0.0,0.0,0.0,0.0,0.0
Republic of Korea,KR,KOR,SKT,Other Asia,Secondary aluminium ingot production,kt,570.0,0.4859335038363171,2019 secondary producer share from INF_Data,347.52632307027375,2655.157938421642,1.0807975107126053,Existing values retained through 2024; 2025 extrapolated using a country-level OLS linear trend fitted over 2019-2024 and floored at zero; Zijie regional growth indexed to 2025 thereafter,570.0,917.5263230702736,1265.0526461405475,1612.578969210821,1960.105292281095,2307.6316153513685,2655.157938421642,2840.599907775901,3054.2950670748,3275.4950621884404,3505.2671281739204,3743.617907920029,3990.566996905366,4244.805962080005,4504.422895633917,4767.978387799715,5034.261396328451,5302.544871110423,5572.874720509626,5845.517623108384,6121.524625208312,6402.309046152035,6688.456085890978,6980.920826083512,7279.491404010347,7583.010797135523,7890.866435942728,8201.888882934009,8514.168632351279,8825.769000597076,9135.932132540975,9444.357566094859
Australia,AU,AUS,ANZ,Other main producer,Secondary aluminium ingot production,kt,298.8361753041128,0.2257368799424874,Primary producer share proxy; no explicit 2019 secondary producer map for Other main producer,23.331583934590125,438.82567891165354,0.9356871201717228,Existing values retained through 2024; 2025 extrapolated using a country-level OLS linear trend fitted over 2019-2024 and floored at zero; Zijie regional growth indexed to 2025 thereafter,298.8361753041128,322.1677592387029,345.499343173293,368.8309271078832,392.1625110424733,415.4940949770634,438.82567891165354,499.9939510600611,505.8962696935444,511.6541072462918,515.9100148170384,519.7588486622537,523.5670687378888,527.7931515013219,532.9185308830392,539.0728831904406,546.2891894198787,554.4439958927637,563.2063535049194,572.2723205046965,581.5638966729423,591.0693402409524,600.8252694569122,610.8982435047571,621.1835894115219,631.6555305100434,642.3607711878417,653.2563894808086,664.2872268650029,675.2983317642522,686.2284196619394,697.1436192775643
New Zealand,NZ,NZL,ANZ,Other main producer,Secondary aluminium ingot production,kt,66.80987103932712,0.0504672897196261,Primary producer share proxy; no explicit 2019 secondary producer map for Other main producer,5.216169401937032,98.10688745094932,0.935687120171723,Existing values retained through 2024; 2025 extrapolated using a country-level OLS linear trend fitted over 2019-2024 and floored at zero; Zijie regional growth indexed to 2025 thereafter,66.80987103932712,72.02604044126416,77.24220984320118,82.45837924513822,87.67454864707526,92.89071804901228,98.10688745094932,111.7820871478226,113.10165010346122,114.38891187480795,115.3403918476309,116.20086361812172,117.05225549490382,117.9970676286395,119.14293270060307,120.51884203811764,122.13216909960347,123.95531373143956,125.91428667530366,127.94113662238757,130.01842530713554,132.14352765896456,134.3246303053352,136.5766136752674,138.87607635888168,141.21725554714985,143.6105927942245,146.04649217055024,148.5126220570803,150.97434041353668,153.41794605180942,155.85822316332812
United States of America,US,USA,USA,North America,Secondary aluminium ingot production,kt,3470.0,0.6912350597609562,2019 secondary producer share from INF_Data,260.33083550763655,5031.98501304582,1.0426995104693255,Existing values retained through 2024; 2025 extrapolated using a country-level OLS linear trend fitted over 2019-2024 and floored at zero; Zijie regional growth indexed to 2025 thereafter,3470.0,3730.330835507637,3990.661671015273,4250.99250652291,4511.323342030546,4771.654177538183,5031.98501304582,4975.372301251445,5003.566402289337,5037.75200389704,5079.620781688358,5125.186158017136,5173.79568714697,5227.18429777651,5283.72396957106,5342.936669873624,5405.357445283246,5469.5230517453465,5534.801366802466,5602.168614209909,5670.012672580463,5735.699409059721,5799.497363912274,5862.442257462302,5924.185088405906,5982.149141368701,6035.491017595044,6086.376492837666,6133.019305478906,6176.472908457735,6216.854676757015,6252.76426213829
Canada,CA,CAN,CAN,North America,Secondary aluminium ingot production,kt,1550.0,0.3087649402390438,2019 secondary producer share from INF_Data,116.28610807978002,2247.7166484786803,1.0426995104693253,Existing values retained through 2024; 2025 extrapolated using a country-level OLS linear trend fitted over 2019-2024 and floored at zero; Zijie regional growth indexed to 2025 thereafter,1550.0,1666.28610807978,1782.57221615956,1898.85832423934,2015.14443231912,2131.4305403989,2247.7166484786803,2222.4285495503573,2235.022456354027,2250.2926818560263,2268.9948736648284,2289.3482838405075,2311.0614740858223,2334.909412551467,2360.1648855432686,2386.614362623665,2414.4968415530348,2443.1587118747225,2472.317613413205,2502.409611534685,2532.714594380322,2562.05593200074,2590.5535775400645,2618.6701726416622,2646.249823351341,2672.1415472972585,2695.968610164933,2718.69843340011,2739.533119162047,2758.9432300027347,2776.9811956695603,2793.0215003787753
Argentina,AR,ARG,LAM,South America,Secondary aluminium ingot production,kt,0.0,0.0,No 2019 secondary producer share; assigned zero,0.0,0.0,,Existing values retained through 2024; 2025 extrapolated using a country-level OLS linear trend fitted over 2019-2024 and floored at zero; Zijie regional growth indexed to 2025 thereafter,0.0,0.0,0.0,0.0,0.0,0.0,0.0,0.0,0.0,0.0,0.0,0.0,0.0,0.0,0.0,0.0,0.0,0.0,0.0,0.0,0.0,0.0,0.0,0.0,0.0,0.0,0.0,0.0,0.0,0.0,0.0,0.0
Venezuela (Bolivarian Republic of),VE,VEN,LAM,South America,Secondary aluminium ingot production,kt,0.0,0.0,No 2019 secondary producer share; assigned zero,0.0,0.0,,Existing values retained through 2024; 2025 extrapolated using a country-level OLS linear trend fitted over 2019-2024 and floored at zero; Zijie regional growth indexed to 2025 thereafter,0.0,0.0,0.0,0.0,0.0,0.0,0.0,0.0,0.0,0.0,0.0,0.0,0.0,0.0,0.0,0.0,0.0,0.0,0.0,0.0,0.0,0.0,0.0,0.0,0.0,0.0,0.0,0.0,0.0,0.0,0.0,0.0
Colombia,CO,COL,LAM,Rest of World,Secondary aluminium ingot production,kt,0.0,0.0,No 2019 secondary producer share; assigned zero,0.0,0.0,,Existing values retained through 2024; 2025 extrapolated using a country-level OLS linear trend fitted over 2019-2024 and floored at zero; Zijie regional growth indexed to 2025 thereafter,0.0,0.0,0.0,0.0,0.0,0.0,0.0,0.0,0.0,0.0,0.0,0.0,0.0,0.0,0.0,0.0,0.0,0.0,0.0,0.0,0.0,0.0,0.0,0.0,0.0,0.0,0.0,0.0,0.0,0.0,0.0,0.0
Peru,PE,PER,LAM,Rest of World,Secondary aluminium ingot production,kt,0.0,0.0,No 2019 secondary producer share; assigned zero,0.0,0.0,,Existing values retained through 2024; 2025 extrapolated using a country-level OLS linear trend fitted over 2019-2024 and floored at zero; Zijie regional growth indexed to 2025 thereafter,0.0,0.0,0.0,0.0,0.0,0.0,0.0,0.0,0.0,0.0,0.0,0.0,0.0,0.0,0.0,0.0,0.0,0.0,0.0,0.0,0.0,0.0,0.0,0.0,0.0,0.0,0.0,0.0,0.0,0.0,0.0,0.0
Trinidad and Tobago,TT,TTO,LAM,Rest of World,Secondary aluminium ingot production,kt,0.0,0.0,No 2019 secondary producer share; assigned zero,0.0,0.0,,Existing values retained through 2024; 2025 extrapolated using a country-level OLS linear trend fitted over 2019-2024 and floored at zero; Zijie regional growth indexed to 2025 thereafter,0.0,0.0,0.0,0.0,0.0,0.0,0.0,0.0,0.0,0.0,0.0,0.0,0.0,0.0,0.0,0.0,0.0,0.0,0.0,0.0,0.0,0.0,0.0,0.0,0.0,0.0,0.0,0.0,0.0,0.0,0.0,0.0
Ecuador,EC,ECU,LAM,Rest of World,Secondary aluminium ingot production,kt,0.0,0.0,No 2019 secondary producer share; assigned zero,0.0,0.0,,Existing values retained through 2024; 2025 extrapolated using a country-level OLS linear trend fitted over 2019-2024 and floored at zero; Zijie regional growth indexed to 2025 thereafter,0.0,0.0,0.0,0.0,0.0,0.0,0.0,0.0,0.0,0.0,0.0,0.0,0.0,0.0,0.0,0.0,0.0,0.0,0.0,0.0,0.0,0.0,0.0,0.0,0.0,0.0,0.0,0.0,0.0,0.0,0.0,0.0
Guatemala,GT,GTM,LAM,Rest of World,Secondary aluminium ingot production,kt,0.0,0.0,No 2019 secondary producer share; assigned zero,0.0,0.0,,Existing values retained through 2024; 2025 extrapolated using a country-level OLS linear trend fitted over 2019-2024 and floored at zero; Zijie regional growth indexed to 2025 thereafter,0.0,0.0,0.0,0.0,0.0,0.0,0.0,0.0,0.0,0.0,0.0,0.0,0.0,0.0,0.0,0.0,0.0,0.0,0.0,0.0,0.0,0.0,0.0,0.0,0.0,0.0,0.0,0.0,0.0,0.0,0.0,0.0
Cuba,CU,CUB,LAM,Rest of World,Secondary aluminium ingot production,kt,0.0,0.0,No 2019 secondary producer share; assigned zero,0.0,0.0,,Existing values retained through 2024; 2025 extrapolated using a country-level OLS linear trend fitted over 2019-2024 and floored at zero; Zijie regional growth indexed to 2025 thereafter,0.0,0.0,0.0,0.0,0.0,0.0,0.0,0.0,0.0,0.0,0.0,0.0,0.0,0.0,0.0,0.0,0.0,0.0,0.0,0.0,0.0,0.0,0.0,0.0,0.0,0.0,0.0,0.0,0.0,0.0,0.0,0.0
Bolivia (Plurinational State of),BO,BOL,LAM,Rest of World,Secondary aluminium ingot production,kt,0.0,0.0,No 2019 secondary producer share; assigned zero,0.0,0.0,,Existing values retained through 2024; 2025 extrapolated using a country-level OLS linear trend fitted over 2019-2024 and floored at zero; Zijie regional growth indexed to 2025 thereafter,0.0,0.0,0.0,0.0,0.0,0.0,0.0,0.0,0.0,0.0,0.0,0.0,0.0,0.0,0.0,0.0,0.0,0.0,0.0,0.0,0.0,0.0,0.0,0.0,0.0,0.0,0.0,0.0,0.0,0.0,0.0,0.0
Dominican Republic,DO,DOM,LAM,South America,Secondary aluminium ingot production,kt,0.0,0.0,No 2019 secondary producer share; assigned zero,0.0,0.0,,Existing values retained through 2024; 2025 extrapolated using a country-level OLS linear trend fitted over 2019-2024 and floored at zero; Zijie regional growth indexed to 2025 thereafter,0.0,0.0,0.0,0.0,0.0,0.0,0.0,0.0,0.0,0.0,0.0,0.0,0.0,0.0,0.0,0.0,0.0,0.0,0.0,0.0,0.0,0.0,0.0,0.0,0.0,0.0,0.0,0.0,0.0,0.0,0.0,0.0
Honduras,HN,HND,LAM,Rest of World,Secondary aluminium ingot production,kt,0.0,0.0,No 2019 secondary producer share; assigned zero,0.0,0.0,,Existing values retained through 2024; 2025 extrapolated using a country-level OLS linear trend fitted over 2019-2024 and floored at zero; Zijie regional growth indexed to 2025 thereafter,0.0,0.0,0.0,0.0,0.0,0.0,0.0,0.0,0.0,0.0,0.0,0.0,0.0,0.0,0.0,0.0,0.0,0.0,0.0,0.0,0.0,0.0,0.0,0.0,0.0,0.0,0.0,0.0,0.0,0.0,0.0,0.0
Paraguay,PY,PRY,LAM,Rest of World,Secondary aluminium ingot production,kt,0.0,0.0,No 2019 secondary producer share; assigned zero,0.0,0.0,,Existing values retained through 2024; 2025 extrapolated using a country-level OLS linear trend fitted over 2019-2024 and floored at zero; Zijie regional growth indexed to 2025 thereafter,0.0,0.0,0.0,0.0,0.0,0.0,0.0,0.0,0.0,0.0,0.0,0.0,0.0,0.0,0.0,0.0,0.0,0.0,0.0,0.0,0.0,0.0,0.0,0.0,0.0,0.0,0.0,0.0,0.0,0.0,0.0,0.0
Uruguay,UY,URY,LAM,Rest of World,Secondary aluminium ingot production,kt,0.0,0.0,No 2019 secondary producer share; assigned zero,0.0,0.0,,Existing values retained through 2024; 2025 extrapolated using a country-level OLS linear trend fitted over 2019-2024 and floored at zero; Zijie regional growth indexed to 2025 thereafter,0.0,0.0,0.0,0.0,0.0,0.0,0.0,0.0,0.0,0.0,0.0,0.0,0.0,0.0,0.0,0.0,0.0,0.0,0.0,0.0,0.0,0.0,0.0,0.0,0.0,0.0,0.0,0.0,0.0,0.0,0.0,0.0
Costa Rica,CR,CRI,LAM,Rest of World,Secondary aluminium ingot production,kt,0.0,0.0,No 2019 secondary producer share; assigned zero,0.0,0.0,,Existing values retained through 2024; 2025 extrapolated using a country-level OLS linear trend fitted over 2019-2024 and floored at zero; Zijie regional growth indexed to 2025 thereafter,0.0,0.0,0.0,0.0,0.0,0.0,0.0,0.0,0.0,0.0,0.0,0.0,0.0,0.0,0.0,0.0,0.0,0.0,0.0,0.0,0.0,0.0,0.0,0.0,0.0,0.0,0.0,0.0,0.0,0.0,0.0,0.0
El Salvador,SV,SLV,LAM,Rest of World,Secondary aluminium ingot production,kt,0.0,0.0,No 2019 secondary producer share; assigned zero,0.0,0.0,,Existing values retained through 2024; 2025 extrapolated using a country-level OLS linear trend fitted over 2019-2024 and floored at zero; Zijie regional growth indexed to 2025 thereafter,0.0,0.0,0.0,0.0,0.0,0.0,0.0,0.0,0.0,0.0,0.0,0.0,0.0,0.0,0.0,0.0,0.0,0.0,0.0,0.0,0.0,0.0,0.0,0.0,0.0,0.0,0.0,0.0,0.0,0.0,0.0,0.0
Haiti,HT,HTI,LAM,South America,Secondary aluminium ingot production,kt,0.0,0.0,No 2019 secondary producer share; assigned zero,0.0,0.0,,Existing values retained through 2024; 2025 extrapolated using a country-level OLS linear trend fitted over 2019-2024 and floored at zero; Zijie regional growth indexed to 2025 thereafter,0.0,0.0,0.0,0.0,0.0,0.0,0.0,0.0,0.0,0.0,0.0,0.0,0.0,0.0,0.0,0.0,0.0,0.0,0.0,0.0,0.0,0.0,0.0,0.0,0.0,0.0,0.0,0.0,0.0,0.0,0.0,0.0
Panama,PA,PAN,LAM,Rest of World,Secondary aluminium ingot production,kt,0.0,0.0,No 2019 secondary producer share; assigned zero,0.0,0.0,,Existing values retained through 2024; 2025 extrapolated using a country-level OLS linear trend fitted over 2019-2024 and floored at zero; Zijie regional growth indexed to 2025 thereafter,0.0,0.0,0.0,0.0,0.0,0.0,0.0,0.0,0.0,0.0,0.0,0.0,0.0,0.0,0.0,0.0,0.0,0.0,0.0,0.0,0.0,0.0,0.0,0.0,0.0,0.0,0.0,0.0,0.0,0.0,0.0,0.0
Nicaragua,NI,NIC,LAM,Rest of World,Secondary aluminium ingot production,kt,0.0,0.0,No 2019 secondary producer share; assigned zero,0.0,0.0,,Existing values retained through 2024; 2025 extrapolated using a country-level OLS linear trend fitted over 2019-2024 and floored at zero; Zijie regional growth indexed to 2025 thereafter,0.0,0.0,0.0,0.0,0.0,0.0,0.0,0.0,0.0,0.0,0.0,0.0,0.0,0.0,0.0,0.0,0.0,0.0,0.0,0.0,0.0,0.0,0.0,0.0,0.0,0.0,0.0,0.0,0.0,0.0,0.0,0.0
Jamaica,JM,JAM,LAM,South America,Secondary aluminium ingot production,kt,0.0,0.0,No 2019 secondary producer share; assigned zero,0.0,0.0,,Existing values retained through 2024; 2025 extrapolated using a country-level OLS linear trend fitted over 2019-2024 and floored at zero; Zijie regional growth indexed to 2025 thereafter,0.0,0.0,0.0,0.0,0.0,0.0,0.0,0.0,0.0,0.0,0.0,0.0,0.0,0.0,0.0,0.0,0.0,0.0,0.0,0.0,0.0,0.0,0.0,0.0,0.0,0.0,0.0,0.0,0.0,0.0,0.0,0.0
Curaçao,CW,CUW,LAM,Rest of World,Secondary aluminium ingot production,kt,0.0,0.0,No 2019 secondary producer share; assigned zero,0.0,0.0,,Existing values retained through 2024; 2025 extrapolated using a country-level OLS linear trend fitted over 2019-2024 and floored at zero; Zijie regional growth indexed to 2025 thereafter,0.0,0.0,0.0,0.0,0.0,0.0,0.0,0.0,0.0,0.0,0.0,0.0,0.0,0.0,0.0,0.0,0.0,0.0,0.0,0.0,0.0,0.0,0.0,0.0,0.0,0.0,0.0,0.0,0.0,0.0,0.0,0.0
Suriname,SR,SUR,LAM,South America,Secondary aluminium ingot production,kt,0.0,0.0,No 2019 secondary producer share; assigned zero,0.0,0.0,,Existing values retained through 2024; 2025 extrapolated using a country-level OLS linear trend fitted over 2019-2024 and floored at zero; Zijie regional growth indexed to 2025 thereafter,0.0,0.0,0.0,0.0,0.0,0.0,0.0,0.0,0.0,0.0,0.0,0.0,0.0,0.0,0.0,0.0,0.0,0.0,0.0,0.0,0.0,0.0,0.0,0.0,0.0,0.0,0.0,0.0,0.0,0.0,0.0,0.0
Antigua and Barbuda,AG,ATG,LAM,Rest of World,Secondary aluminium ingot production,kt,0.0,0.0,No 2019 secondary producer share; assigned zero,0.0,0.0,,Existing values retained through 2024; 2025 extrapolated using a country-level OLS linear trend fitted over 2019-2024 and floored at zero; Zijie regional growth indexed to 2025 thereafter,0.0,0.0,0.0,0.0,0.0,0.0,0.0,0.0,0.0,0.0,0.0,0.0,0.0,0.0,0.0,0.0,0.0,0.0,0.0,0.0,0.0,0.0,0.0,0.0,0.0,0.0,0.0,0.0,0.0,0.0,0.0,0.0
Aruba,AW,ABW,LAM,Rest of World,Secondary aluminium ingot production,kt,0.0,0.0,No 2019 secondary producer share; assigned zero,0.0,0.0,,Existing values retained through 2024; 2025 extrapolated using a country-level OLS linear trend fitted over 2019-2024 and floored at zero; Zijie regional growth indexed to 2025 thereafter,0.0,0.0,0.0,0.0,0.0,0.0,0.0,0.0,0.0,0.0,0.0,0.0,0.0,0.0,0.0,0.0,0.0,0.0,0.0,0.0,0.0,0.0,0.0,0.0,0.0,0.0,0.0,0.0,0.0,0.0,0.0,0.0
Bahamas,BS,BHS,LAM,Rest of World,Secondary aluminium ingot production,kt,0.0,0.0,No 2019 secondary producer share; assigned zero,0.0,0.0,,Existing values retained through 2024; 2025 extrapolated using a country-level OLS linear trend fitted over 2019-2024 and floored at zero; Zijie regional growth indexed to 2025 thereafter,0.0,0.0,0.0,0.0,0.0,0.0,0.0,0.0,0.0,0.0,0.0,0.0,0.0,0.0,0.0,0.0,0.0,0.0,0.0,0.0,0.0,0.0,0.0,0.0,0.0,0.0,0.0,0.0,0.0,0.0,0.0,0.0
Barbados,BB,BRB,LAM,Rest of World,Secondary aluminium ingot production,kt,0.0,0.0,No 2019 secondary producer share; assigned zero,0.0,0.0,,Existing values retained through 2024; 2025 extrapolated using a country-level OLS linear trend fitted over 2019-2024 and floored at zero; Zijie regional growth indexed to 2025 thereafter,0.0,0.0,0.0,0.0,0.0,0.0,0.0,0.0,0.0,0.0,0.0,0.0,0.0,0.0,0.0,0.0,0.0,0.0,0.0,0.0,0.0,0.0,0.0,0.0,0.0,0.0,0.0,0.0,0.0,0.0,0.0,0.0
Belize,BZ,BLZ,LAM,Rest of World,Secondary aluminium ingot production,kt,0.0,0.0,No 2019 secondary producer share; assigned zero,0.0,0.0,,Existing values retained through 2024; 2025 extrapolated using a country-level OLS linear trend fitted over 2019-2024 and floored at zero; Zijie regional growth indexed to 2025 thereafter,0.0,0.0,0.0,0.0,0.0,0.0,0.0,0.0,0.0,0.0,0.0,0.0,0.0,0.0,0.0,0.0,0.0,0.0,0.0,0.0,0.0,0.0,0.0,0.0,0.0,0.0,0.0,0.0,0.0,0.0,0.0,0.0
Bermuda,BM,BMU,LAM,Rest of World,Secondary aluminium ingot production,kt,0.0,0.0,No 2019 secondary producer share; assigned zero,0.0,0.0,,Existing values retained through 2024; 2025 extrapolated using a country-level OLS linear trend fitted over 2019-2024 and floored at zero; Zijie regional growth indexed to 2025 thereafter,0.0,0.0,0.0,0.0,0.0,0.0,0.0,0.0,0.0,0.0,0.0,0.0,0.0,0.0,0.0,0.0,0.0,0.0,0.0,0.0,0.0,0.0,0.0,0.0,0.0,0.0,0.0,0.0,0.0,0.0,0.0,0.0
British Virgin Islands,VG,VGB,LAM,Rest of World,Secondary aluminium ingot production,kt,0.0,0.0,No 2019 secondary producer share; assigned zero,0.0,0.0,,Existing values retained through 2024; 2025 extrapolated using a country-level OLS linear trend fitted over 2019-2024 and floored at zero; Zijie regional growth indexed to 2025 thereafter,0.0,0.0,0.0,0.0,0.0,0.0,0.0,0.0,0.0,0.0,0.0,0.0,0.0,0.0,0.0,0.0,0.0,0.0,0.0,0.0,0.0,0.0,0.0,0.0,0.0,0.0,0.0,0.0,0.0,0.0,0.0,0.0
Cayman Islands,KY,CYM,LAM,Rest of World,Secondary aluminium ingot production,kt,0.0,0.0,No 2019 secondary producer share; assigned zero,0.0,0.0,,Existing values retained through 2024; 2025 extrapolated using a country-level OLS linear trend fitted over 2019-2024 and floored at zero; Zijie regional growth indexed to 2025 thereafter,0.0,0.0,0.0,0.0,0.0,0.0,0.0,0.0,0.0,0.0,0.0,0.0,0.0,0.0,0.0,0.0,0.0,0.0,0.0,0.0,0.0,0.0,0.0,0.0,0.0,0.0,0.0,0.0,0.0,0.0,0.0,0.0
Dominica,DM,DMA,LAM,Rest of World,Secondary aluminium ingot production,kt,0.0,0.0,No 2019 secondary producer share; assigned zero,0.0,0.0,,Existing values retained through 2024; 2025 extrapolated using a country-level OLS linear trend fitted over 2019-2024 and floored at zero; Zijie regional growth indexed to 2025 thereafter,0.0,0.0,0.0,0.0,0.0,0.0,0.0,0.0,0.0,0.0,0.0,0.0,0.0,0.0,0.0,0.0,0.0,0.0,0.0,0.0,0.0,0.0,0.0,0.0,0.0,0.0,0.0,0.0,0.0,0.0,0.0,0.0
Falkland Islands (Malvinas),FK,FLK,LAM,Rest of World,Secondary aluminium ingot production,kt,0.0,0.0,No 2019 secondary producer share; assigned zero,0.0,0.0,,Existing values retained through 2024; 2025 extrapolated using a country-level OLS linear trend fitted over 2019-2024 and floored at zero; Zijie regional growth indexed to 2025 thereafter,0.0,0.0,0.0,0.0,0.0,0.0,0.0,0.0,0.0,0.0,0.0,0.0,0.0,0.0,0.0,0.0,0.0,0.0,0.0,0.0,0.0,0.0,0.0,0.0,0.0,0.0,0.0,0.0,0.0,0.0,0.0,0.0
Guyana,GY,GUY,LAM,South America,Secondary aluminium ingot production,kt,0.0,0.0,No 2019 secondary producer share; assigned zero,0.0,0.0,,Existing values retained through 2024; 2025 extrapolated using a country-level OLS linear trend fitted over 2019-2024 and floored at zero; Zijie regional growth indexed to 2025 thereafter,0.0,0.0,0.0,0.0,0.0,0.0,0.0,0.0,0.0,0.0,0.0,0.0,0.0,0.0,0.0,0.0,0.0,0.0,0.0,0.0,0.0,0.0,0.0,0.0,0.0,0.0,0.0,0.0,0.0,0.0,0.0,0.0
Grenada,GD,GRD,LAM,Rest of World,Secondary aluminium ingot production,kt,0.0,0.0,No 2019 secondary producer share; assigned zero,0.0,0.0,,Existing values retained through 2024; 2025 extrapolated using a country-level OLS linear trend fitted over 2019-2024 and floored at zero; Zijie regional growth indexed to 2025 thereafter,0.0,0.0,0.0,0.0,0.0,0.0,0.0,0.0,0.0,0.0,0.0,0.0,0.0,0.0,0.0,0.0,0.0,0.0,0.0,0.0,0.0,0.0,0.0,0.0,0.0,0.0,0.0,0.0,0.0,0.0,0.0,0.0
Guadeloupe,GP,GLP,LAM,Rest of World,Secondary aluminium ingot production,kt,0.0,0.0,No 2019 secondary producer share; assigned zero,0.0,0.0,,Existing values retained through 2024; 2025 extrapolated using a country-level OLS linear trend fitted over 2019-2024 and floored at zero; Zijie regional growth indexed to 2025 thereafter,0.0,0.0,0.0,0.0,0.0,0.0,0.0,0.0,0.0,0.0,0.0,0.0,0.0,0.0,0.0,0.0,0.0,0.0,0.0,0.0,0.0,0.0,0.0,0.0,0.0,0.0,0.0,0.0,0.0,0.0,0.0,0.0
Cooperative Republic of Guyana,GY,GUY,LAM,South America,Secondary aluminium ingot production,kt,0.0,0.0,No 2019 secondary producer share; assigned zero,0.0,0.0,,Existing values retained through 2024; 2025 extrapolated using a country-level OLS linear trend fitted over 2019-2024 and floored at zero; Zijie regional growth indexed to 2025 thereafter,0.0,0.0,0.0,0.0,0.0,0.0,0.0,0.0,0.0,0.0,0.0,0.0,0.0,0.0,0.0,0.0,0.0,0.0,0.0,0.0,0.0,0.0,0.0,0.0,0.0,0.0,0.0,0.0,0.0,0.0,0.0,0.0
Martinique,MQ,MTQ,LAM,Rest of World,Secondary aluminium ingot production,kt,0.0,0.0,No 2019 secondary producer share; assigned zero,0.0,0.0,,Existing values retained through 2024; 2025 extrapolated using a country-level OLS linear trend fitted over 2019-2024 and floored at zero; Zijie regional growth indexed to 2025 thereafter,0.0,0.0,0.0,0.0,0.0,0.0,0.0,0.0,0.0,0.0,0.0,0.0,0.0,0.0,0.0,0.0,0.0,0.0,0.0,0.0,0.0,0.0,0.0,0.0,0.0,0.0,0.0,0.0,0.0,0.0,0.0,0.0
Montserrat,MS,MSR,LAM,Rest of World,Secondary aluminium ingot production,kt,0.0,0.0,No 2019 secondary producer share; assigned zero,0.0,0.0,,Existing values retained through 2024; 2025 extrapolated using a country-level OLS linear trend fitted over 2019-2024 and floored at zero; Zijie regional growth indexed to 2025 thereafter,0.0,0.0,0.0,0.0,0.0,0.0,0.0,0.0,0.0,0.0,0.0,0.0,0.0,0.0,0.0,0.0,0.0,0.0,0.0,0.0,0.0,0.0,0.0,0.0,0.0,0.0,0.0,0.0,0.0,0.0,0.0,0.0
Puerto Rico,PR,PRI,LAM,Rest of World,Secondary aluminium ingot production,kt,0.0,0.0,No 2019 secondary producer share; assigned zero,0.0,0.0,,Existing values retained through 2024; 2025 extrapolated using a country-level OLS linear trend fitted over 2019-2024 and floored at zero; Zijie regional growth indexed to 2025 thereafter,0.0,0.0,0.0,0.0,0.0,0.0,0.0,0.0,0.0,0.0,0.0,0.0,0.0,0.0,0.0,0.0,0.0,0.0,0.0,0.0,0.0,0.0,0.0,0.0,0.0,0.0,0.0,0.0,0.0,0.0,0.0,0.0
"Bonaire, Sint Eustatius and Saba",BQ,BES,LAM,Rest of World,Secondary aluminium ingot production,kt,0.0,0.0,No 2019 secondary producer share; assigned zero,0.0,0.0,,Existing values retained through 2024; 2025 extrapolated using a country-level OLS linear trend fitted over 2019-2024 and floored at zero; Zijie regional growth indexed to 2025 thereafter,0.0,0.0,0.0,0.0,0.0,0.0,0.0,0.0,0.0,0.0,0.0,0.0,0.0,0.0,0.0,0.0,0.0,0.0,0.0,0.0,0.0,0.0,0.0,0.0,0.0,0.0,0.0,0.0,0.0,0.0,0.0,0.0
Saint Kitts and Nevis,KN,KNA,LAM,Rest of World,Secondary aluminium ingot production,kt,0.0,0.0,No 2019 secondary producer share; assigned zero,0.0,0.0,,Existing values retained through 2024; 2025 extrapolated using a country-level OLS linear trend fitted over 2019-2024 and floored at zero; Zijie regional growth indexed to 2025 thereafter,0.0,0.0,0.0,0.0,0.0,0.0,0.0,0.0,0.0,0.0,0.0,0.0,0.0,0.0,0.0,0.0,0.0,0.0,0.0,0.0,0.0,0.0,0.0,0.0,0.0,0.0,0.0,0.0,0.0,0.0,0.0,0.0
Saint Lucia,LC,LCA,LAM,Rest of World,Secondary aluminium ingot production,kt,0.0,0.0,No 2019 secondary producer share; assigned zero,0.0,0.0,,Existing values retained through 2024; 2025 extrapolated using a country-level OLS linear trend fitted over 2019-2024 and floored at zero; Zijie regional growth indexed to 2025 thereafter,0.0,0.0,0.0,0.0,0.0,0.0,0.0,0.0,0.0,0.0,0.0,0.0,0.0,0.0,0.0,0.0,0.0,0.0,0.0,0.0,0.0,0.0,0.0,0.0,0.0,0.0,0.0,0.0,0.0,0.0,0.0,0.0
Saint Pierre and Miquelon,PM,SPM,LAM,Rest of World,Secondary aluminium ingot production,kt,0.0,0.0,No 2019 secondary producer share; assigned zero,0.0,0.0,,Existing values retained through 2024; 2025 extrapolated using a country-level OLS linear trend fitted over 2019-2024 and floored at zero; Zijie regional growth indexed to 2025 thereafter,0.0,0.0,0.0,0.0,0.0,0.0,0.0,0.0,0.0,0.0,0.0,0.0,0.0,0.0,0.0,0.0,0.0,0.0,0.0,0.0,0.0,0.0,0.0,0.0,0.0,0.0,0.0,0.0,0.0,0.0,0.0,0.0
Saint Vincent and the Grenadines,VC,VCT,LAM,Rest of World,Secondary aluminium ingot production,kt,0.0,0.0,No 2019 secondary producer share; assigned zero,0.0,0.0,,Existing values retained through 2024; 2025 extrapolated using a country-level OLS linear trend fitted over 2019-2024 and floored at zero; Zijie regional growth indexed to 2025 thereafter,0.0,0.0,0.0,0.0,0.0,0.0,0.0,0.0,0.0,0.0,0.0,0.0,0.0,0.0,0.0,0.0,0.0,0.0,0.0,0.0,0.0,0.0,0.0,0.0,0.0,0.0,0.0,0.0,0.0,0.0,0.0,0.0
Saint Martin,MF,MAF,LAM,Rest of World,Secondary aluminium ingot production,kt,0.0,0.0,No 2019 secondary producer share; assigned zero,0.0,0.0,,Existing values retained through 2024; 2025 extrapolated using a country-level OLS linear trend fitted over 2019-2024 and floored at zero; Zijie regional growth indexed to 2025 thereafter,0.0,0.0,0.0,0.0,0.0,0.0,0.0,0.0,0.0,0.0,0.0,0.0,0.0,0.0,0.0,0.0,0.0,0.0,0.0,0.0,0.0,0.0,0.0,0.0,0.0,0.0,0.0,0.0,0.0,0.0,0.0,0.0
Turks and Caicos Islands,TC,TCA,LAM,Rest of World,Secondary aluminium ingot production,kt,0.0,0.0,No 2019 secondary producer share; assigned zero,0.0,0.0,,Existing values retained through 2024; 2025 extrapolated using a country-level OLS linear trend fitted over 2019-2024 and floored at zero; Zijie regional growth indexed to 2025 thereafter,0.0,0.0,0.0,0.0,0.0,0.0,0.0,0.0,0.0,0.0,0.0,0.0,0.0,0.0,0.0,0.0,0.0,0.0,0.0,0.0,0.0,0.0,0.0,0.0,0.0,0.0,0.0,0.0,0.0,0.0,0.0,0.0
Sint Maarten (Dutch part),SX,SXM,LAM,Rest of World,Secondary aluminium ingot production,kt,0.0,0.0,No 2019 secondary producer share; assigned zero,0.0,0.0,,Existing values retained through 2024; 2025 extrapolated using a country-level OLS linear trend fitted over 2019-2024 and floored at zero; Zijie regional growth indexed to 2025 thereafter,0.0,0.0,0.0,0.0,0.0,0.0,0.0,0.0,0.0,0.0,0.0,0.0,0.0,0.0,0.0,0.0,0.0,0.0,0.0,0.0,0.0,0.0,0.0,0.0,0.0,0.0,0.0,0.0,0.0,0.0,0.0,0.0
Anguilla,AI,AIA,LAM,Rest of World,Secondary aluminium ingot production,kt,0.0,0.0,No 2019 secondary producer share; assigned zero,0.0,0.0,,Existing values retained through 2024; 2025 extrapolated using a country-level OLS linear trend fitted over 2019-2024 and floored at zero; Zijie regional growth indexed to 2025 thereafter,0.0,0.0,0.0,0.0,0.0,0.0,0.0,0.0,0.0,0.0,0.0,0.0,0.0,0.0,0.0,0.0,0.0,0.0,0.0,0.0,0.0,0.0,0.0,0.0,0.0,0.0,0.0,0.0,0.0,0.0,0.0,0.0
Brazil,BR,BRA,BRA,South America,Secondary aluminium ingot production,kt,760.8000000000001,1.0,2019 secondary producer share from INF_Data,245.57995517179808,2234.2797310307883,1.0906165386800892,Existing values retained through 2024; 2025 extrapolated using a country-level OLS linear trend fitted over 2019-2024 and floored at zero; Zijie regional growth indexed to 2025 thereafter,760.8000000000001,1006.3799551717982,1251.9599103435962,1497.5398655153942,1743.1198206871925,1988.6997758589905,2234.2797310307883,2317.062707543837,2407.775098148073,2494.071875836672,2577.073793256469,2658.283470836183,2738.9569242232596,2819.5133612114746,2900.028501013043,2980.106485443828,3059.4020040531705,3137.1231478351797,3212.6901646251113,3286.3933861274445,3358.845211088737,3430.591858818849,3502.318354217876,3574.418403780174,3647.1252202556466,3720.505481600412,3794.1356929323883,3867.548228633887,3940.151432141119,4011.526373311578,4081.0609883683856,4148.344190300599
Mexico,MX,MEX,MEX,North America,Secondary aluminium ingot production,kt,0.0,0.0,No 2019 secondary producer share; assigned zero,0.0,0.0,,Existing values retained through 2024; 2025 extrapolated using a country-level OLS linear trend fitted over 2019-2024 and floored at zero; Zijie regional growth indexed to 2025 thereafter,0.0,0.0,0.0,0.0,0.0,0.0,0.0,0.0,0.0,0.0,0.0,0.0,0.0,0.0,0.0,0.0,0.0,0.0,0.0,0.0,0.0,0.0,0.0,0.0,0.0,0.0,0.0,0.0,0.0,0.0,0.0,0.0
Chile,CL,CHL,CHL,Rest of World,Secondary aluminium ingot production,kt,0.0,0.0,No 2019 secondary producer share; assigned zero,0.0,0.0,,Existing values retained through 2024; 2025 extrapolated using a country-level OLS linear trend fitted over 2019-2024 and floored at zero; Zijie regional growth indexed to 2025 thereafter,0.0,0.0,0.0,0.0,0.0,0.0,0.0,0.0,0.0,0.0,0.0,0.0,0.0,0.0,0.0,0.0,0.0,0.0,0.0,0.0,0.0,0.0,0.0,0.0,0.0,0.0,0.0,0.0,0.0,0.0,0.0,0.0
Ukraine,UA,UKR,ENE,Europe,Secondary aluminium ingot production,kt,0.0,0.0,No 2019 secondary producer share; assigned zero,0.0,0.0,,Existing values retained through 2024; 2025 extrapolated using a country-level OLS linear trend fitted over 2019-2024 and floored at zero; Zijie regional growth indexed to 2025 thereafter,0.0,0.0,0.0,0.0,0.0,0.0,0.0,0.0,0.0,0.0,0.0,0.0,0.0,0.0,0.0,0.0,0.0,0.0,0.0,0.0,0.0,0.0,0.0,0.0,0.0,0.0,0.0,0.0,0.0,0.0,0.0,0.0
Belarus,BY,BLR,ENE,Rest of World,Secondary aluminium ingot production,kt,0.0,0.0,No 2019 secondary producer share; assigned zero,0.0,0.0,,Existing values retained through 2024; 2025 extrapolated using a country-level OLS linear trend fitted over 2019-2024 and floored at zero; Zijie regional growth indexed to 2025 thereafter,0.0,0.0,0.0,0.0,0.0,0.0,0.0,0.0,0.0,0.0,0.0,0.0,0.0,0.0,0.0,0.0,0.0,0.0,0.0,0.0,0.0,0.0,0.0,0.0,0.0,0.0,0.0,0.0,0.0,0.0,0.0,0.0
Serbia,RS,SRB,ENE,Europe,Secondary aluminium ingot production,kt,79.0,0.0342881944444444,2019 secondary producer share from INF_Data,54.03917539945202,403.23505239671215,1.2764575987551454,Existing values retained through 2024; 2025 extrapolated using a country-level OLS linear trend fitted over 2019-2024 and floored at zero; Zijie regional growth indexed to 2025 thereafter,79.0,133.03917539945203,187.07835079890407,241.11752619835607,295.15670159780814,349.19587699726014,403.23505239671215,395.24097196519847,397.7637720336516,400.6560411451694,404.78169458916534,409.72850738307676,415.47922422121815,421.8736607845466,428.718831680894,435.75247340098747,442.6452100594225,449.14216757732726,455.0550157563993,460.2894311699903,464.76072362098114,468.4282206258212,471.3435643473429,473.56170795661956,475.0799501391115,475.90268786600836,476.1593070279477,475.98665668468556,475.506815315943,474.81400011520554,469.25908285999617,464.13253329874726
Bosnia and Herzegovina,BA,BIH,ENE,Rest of World,Secondary aluminium ingot production,kt,4.202608605124877,0.0721784776902887,Primary producer share proxy; no explicit 2019 secondary producer map for Rest of World,2.5415000348049244,19.451608813954422,0.8314676464038538,Existing values retained through 2024; 2025 extrapolated using a country-level OLS linear trend fitted over 2019-2024 and floored at zero; Zijie regional growth indexed to 2025 thereafter,4.202608605124877,6.744108639929802,9.285608674734728,11.827108709539653,14.368608744344575,16.9101087791495,19.451608813954422,20.848465198997587,22.265035332261995,23.703413026749363,25.195102748489273,26.73925866067996,28.337306094085484,29.98736082801905,31.68132111104695,33.401112950365835,35.12223700532378,36.82933870476267,38.50961223150624,40.165770984756406,41.826757643496755,43.5109947455396,45.209896346898525,46.938097285932265,48.71644081296681,50.52098235291292,52.32248231783056,54.120086339539014,55.895057442952414,57.63909840945393,59.353729386156076,60.99906978706274
Republic of Moldova,MD,MDA,ENE,Europe,Secondary aluminium ingot production,kt,0.0,0.0,No 2019 secondary producer share; assigned zero,0.0,0.0,,Existing values retained through 2024; 2025 extrapolated using a country-level OLS linear trend fitted over 2019-2024 and floored at zero; Zijie regional growth indexed to 2025 thereafter,0.0,0.0,0.0,0.0,0.0,0.0,0.0,0.0,0.0,0.0,0.0,0.0,0.0,0.0,0.0,0.0,0.0,0.0,0.0,0.0,0.0,0.0,0.0,0.0,0.0,0.0,0.0,0.0,0.0,0.0,0.0,0.0
Republic of North Macedonia,MK,MKD,ENE,Europe,Secondary aluminium ingot production,kt,0.0,0.0,No 2019 secondary producer share; assigned zero,0.0,0.0,,Existing values retained through 2024; 2025 extrapolated using a country-level OLS linear trend fitted over 2019-2024 and floored at zero; Zijie regional growth indexed to 2025 thereafter,0.0,0.0,0.0,0.0,0.0,0.0,0.0,0.0,0.0,0.0,0.0,0.0,0.0,0.0,0.0,0.0,0.0,0.0,0.0,0.0,0.0,0.0,0.0,0.0,0.0,0.0,0.0,0.0,0.0,0.0,0.0,0.0
Kosovo,XK,XKX,ENE,Rest of World,Secondary aluminium ingot production,kt,0.0,0.0,No 2019 secondary producer share; assigned zero,0.0,0.0,,Existing values retained through 2024; 2025 extrapolated using a country-level OLS linear trend fitted over 2019-2024 and floored at zero; Zijie regional growth indexed to 2025 thereafter,0.0,0.0,0.0,0.0,0.0,0.0,0.0,0.0,0.0,0.0,0.0,0.0,0.0,0.0,0.0,0.0,0.0,0.0,0.0,0.0,0.0,0.0,0.0,0.0,0.0,0.0,0.0,0.0,0.0,0.0,0.0,0.0
Albania,AL,ALB,ENE,Rest of World,Secondary aluminium ingot production,kt,0.0,0.0,No 2019 secondary producer share; assigned zero,0.0,0.0,,Existing values retained through 2024; 2025 extrapolated using a country-level OLS linear trend fitted over 2019-2024 and floored at zero; Zijie regional growth indexed to 2025 thereafter,0.0,0.0,0.0,0.0,0.0,0.0,0.0,0.0,0.0,0.0,0.0,0.0,0.0,0.0,0.0,0.0,0.0,0.0,0.0,0.0,0.0,0.0,0.0,0.0,0.0,0.0,0.0,0.0,0.0,0.0,0.0,0.0
Montenegro,ME,MNE,ENE,Europe,Secondary aluminium ingot production,kt,0.0,0.0,No 2019 secondary producer share; assigned zero,0.0,0.0,,Existing values retained through 2024; 2025 extrapolated using a country-level OLS linear trend fitted over 2019-2024 and floored at zero; Zijie regional growth indexed to 2025 thereafter,0.0,0.0,0.0,0.0,0.0,0.0,0.0,0.0,0.0,0.0,0.0,0.0,0.0,0.0,0.0,0.0,0.0,0.0,0.0,0.0,0.0,0.0,0.0,0.0,0.0,0.0,0.0,0.0,0.0,0.0,0.0,0.0
Norway,NO,NOR,ENW,Europe,Secondary aluminium ingot production,kt,0.0,0.0,No 2019 secondary producer share; assigned zero,0.0,0.0,,Existing values retained through 2024; 2025 extrapolated using a country-level OLS linear trend fitted over 2019-2024 and floored at zero; Zijie regional growth indexed to 2025 thereafter,0.0,0.0,0.0,0.0,0.0,0.0,0.0,0.0,0.0,0.0,0.0,0.0,0.0,0.0,0.0,0.0,0.0,0.0,0.0,0.0,0.0,0.0,0.0,0.0,0.0,0.0,0.0,0.0,0.0,0.0,0.0,0.0
Svalbard and Jan Mayen Islands,SJ,SJM,ENW,Rest of World,Secondary aluminium ingot production,kt,0.0,0.0,No 2019 secondary producer share; assigned zero,0.0,0.0,,Existing values retained through 2024; 2025 extrapolated using a country-level OLS linear trend fitted over 2019-2024 and floored at zero; Zijie regional growth indexed to 2025 thereafter,0.0,0.0,0.0,0.0,0.0,0.0,0.0,0.0,0.0,0.0,0.0,0.0,0.0,0.0,0.0,0.0,0.0,0.0,0.0,0.0,0.0,0.0,0.0,0.0,0.0,0.0,0.0,0.0,0.0,0.0,0.0,0.0
Switzerland,CH,CHE,ENW,Europe,Secondary aluminium ingot production,kt,0.0,0.0,No 2019 secondary producer share; assigned zero,0.0,0.0,,Existing values retained through 2024; 2025 extrapolated using a country-level OLS linear trend fitted over 2019-2024 and floored at zero; Zijie regional growth indexed to 2025 thereafter,0.0,0.0,0.0,0.0,0.0,0.0,0.0,0.0,0.0,0.0,0.0,0.0,0.0,0.0,0.0,0.0,0.0,0.0,0.0,0.0,0.0,0.0,0.0,0.0,0.0,0.0,0.0,0.0,0.0,0.0,0.0,0.0
Liechtenstein,LI,LIE,ENW,Rest of World,Secondary aluminium ingot production,kt,0.0,0.0,No 2019 secondary producer share; assigned zero,0.0,0.0,,Existing values retained through 2024; 2025 extrapolated using a country-level OLS linear trend fitted over 2019-2024 and floored at zero; Zijie regional growth indexed to 2025 thereafter,0.0,0.0,0.0,0.0,0.0,0.0,0.0,0.0,0.0,0.0,0.0,0.0,0.0,0.0,0.0,0.0,0.0,0.0,0.0,0.0,0.0,0.0,0.0,0.0,0.0,0.0,0.0,0.0,0.0,0.0,0.0,0.0
Iceland,IS,ISL,ENW,Europe,Secondary aluminium ingot production,kt,0.0,0.0,No 2019 secondary producer share; assigned zero,0.0,0.0,,Existing values retained through 2024; 2025 extrapolated using a country-level OLS linear trend fitted over 2019-2024 and floored at zero; Zijie regional growth indexed to 2025 thereafter,0.0,0.0,0.0,0.0,0.0,0.0,0.0,0.0,0.0,0.0,0.0,0.0,0.0,0.0,0.0,0.0,0.0,0.0,0.0,0.0,0.0,0.0,0.0,0.0,0.0,0.0,0.0,0.0,0.0,0.0,0.0,0.0
United Kingdom of Great Britain and Northern Ireland,GB,GBR,ENW,UK,Secondary aluminium ingot production,kt,149.0,1.0,2019 secondary producer share from INF_Data,41.77455693738199,399.6473416242919,0.9103126888347757,Existing values retained through 2024; 2025 extrapolated using a country-level OLS linear trend fitted over 2019-2024 and floored at zero; Zijie regional growth indexed to 2025 thereafter,149.0,190.774556937382,232.549113874764,274.323670812146,316.09822774952795,357.87278468690994,399.6473416242919,408.5032065363739,415.9465806458247,421.39983119423846,424.07416240475135,425.96453580580976,426.65899244671033,426.5363737343903,427.6133738087092,428.66204792280894,430.13275311661204,432.11219158944925,433.72333849163266,435.86004420372177,437.51459987725747,438.3946473738809,439.0273959302556,439.20040795569093,439.4098046550742,439.114707955329,438.4677482427485,438.0778848440443,437.72044644615875,437.0996272579116,435.80697484657327,434.1269835337155
Gibraltar,GI,GIB,ENW,Rest of World,Secondary aluminium ingot production,kt,0.0,0.0,No 2019 secondary producer share; assigned zero,0.0,0.0,,Existing values retained through 2024; 2025 extrapolated using a country-level OLS linear trend fitted over 2019-2024 and floored at zero; Zijie regional growth indexed to 2025 thereafter,0.0,0.0,0.0,0.0,0.0,0.0,0.0,0.0,0.0,0.0,0.0,0.0,0.0,0.0,0.0,0.0,0.0,0.0,0.0,0.0,0.0,0.0,0.0,0.0,0.0,0.0,0.0,0.0,0.0,0.0,0.0,0.0
Saint Helena,SH ,SHN,ENW,Rest of World,Secondary aluminium ingot production,kt,0.0,0.0,No 2019 secondary producer share; assigned zero,0.0,0.0,,Existing values retained through 2024; 2025 extrapolated using a country-level OLS linear trend fitted over 2019-2024 and floored at zero; Zijie regional growth indexed to 2025 thereafter,0.0,0.0,0.0,0.0,0.0,0.0,0.0,0.0,0.0,0.0,0.0,0.0,0.0,0.0,0.0,0.0,0.0,0.0,0.0,0.0,0.0,0.0,0.0,0.0,0.0,0.0,0.0,0.0,0.0,0.0,0.0,0.0
Liechtenstein,LI,LIE,ENW,Rest of World,Secondary aluminium ingot production,kt,0.0,0.0,No 2019 secondary producer share; assigned zero,0.0,0.0,,Existing values retained through 2024; 2025 extrapolated using a country-level OLS linear trend fitted over 2019-2024 and floored at zero; Zijie regional growth indexed to 2025 thereafter,0.0,0.0,0.0,0.0,0.0,0.0,0.0,0.0,0.0,0.0,0.0,0.0,0.0,0.0,0.0,0.0,0.0,0.0,0.0,0.0,0.0,0.0,0.0,0.0,0.0,0.0,0.0,0.0,0.0,0.0,0.0,0.0
Poland,PL,POL,EUE,Europe,Secondary aluminium ingot production,kt,13.0,0.0056423611111111,2019 secondary producer share from INF_Data,8.89252253408704,66.35513520452224,1.2764575987551454,Existing values retained through 2024; 2025 extrapolated using a country-level OLS linear trend fitted over 2019-2024 and floored at zero; Zijie regional growth indexed to 2025 thereafter,13.0,21.892522534087043,30.78504506817408,39.67756760226112,48.57009013634816,57.462612670435206,66.35513520452224,65.03965361452632,65.45479792958822,65.93074094793926,66.60964594505252,67.42367843012654,68.36999892247893,69.42224797720385,70.5486685044509,71.70610321788399,72.84035102243661,73.90947061399055,74.88247094725557,75.74383044569458,76.47961274775638,77.0831249131098,77.562865019183,77.92787599286143,78.177713314031,78.31310053491275,78.35532900459899,78.32691818861913,78.24795695072478,78.13394938604647,77.21984907822721,76.37623965675587
Czechia,CZ,CZE,EUE,Europe,Secondary aluminium ingot production,kt,66.0,0.0286458333333333,2019 secondary producer share from INF_Data,45.146652865364985,336.87991719218985,1.2764575987551454,Existing values retained through 2024; 2025 extrapolated using a country-level OLS linear trend fitted over 2019-2024 and floored at zero; Zijie regional growth indexed to 2025 thereafter,66.0,111.14665286536498,156.29330573072997,201.43995859609493,246.58661146145997,291.7332643268249,336.87991719218985,330.20131835067207,332.3089741040633,334.72530019723007,338.17204864411275,342.3048289529502,347.1092252987392,352.45141280734265,358.17016317644305,364.04637018310336,369.8048590369858,375.23269696333665,380.1725448091437,384.54560072429564,388.2811108732247,391.3450957127113,393.78069932815987,395.63383196375804,396.9022368250804,397.5895873310955,397.8039780233487,397.6597384960664,397.25885836521815,396.680050729159,392.0392337817689,387.75629364199136
Romania,RO,ROU,EUE,Europe,Secondary aluminium ingot production,kt,8.0,0.0034722222222222,2019 secondary producer share from INF_Data,5.472321559438178,40.83392935662907,1.2764575987551454,Existing values retained through 2024; 2025 extrapolated using a country-level OLS linear trend fitted over 2019-2024 and floored at zero; Zijie regional growth indexed to 2025 thereafter,8.0,13.472321559438178,18.94464311887636,24.41696467831453,29.889286237752717,35.36160779719089,40.83392935662907,40.024402224323886,40.27987564897737,40.57276366027031,40.990551350801546,41.49149441853941,42.07384549075626,42.721383370586985,43.41456523350825,44.12683274946708,44.824831398422525,45.482751147071106,46.0815205829265,46.61158796658128,47.06437707554238,47.43576917729834,47.730993857958765,47.95561599560703,48.109362039403685,48.192677252254,48.21866400283014,48.201180423765614,48.15258889275371,48.08243039141321,47.51990712506289,47.00076286569592
Hungary,HU,HUN,EUE,Europe,Secondary aluminium ingot production,kt,0.0,0.0,No 2019 secondary producer share; assigned zero,0.0,0.0,,Existing values retained through 2024; 2025 extrapolated using a country-level OLS linear trend fitted over 2019-2024 and floored at zero; Zijie regional growth indexed to 2025 thereafter,0.0,0.0,0.0,0.0,0.0,0.0,0.0,0.0,0.0,0.0,0.0,0.0,0.0,0.0,0.0,0.0,0.0,0.0,0.0,0.0,0.0,0.0,0.0,0.0,0.0,0.0,0.0,0.0,0.0,0.0,0.0,0.0
Bulgaria,BG,BGR,EUE,Europe,Secondary aluminium ingot production,kt,18.0,0.0078125,2019 secondary producer share from INF_Data,12.312723508735901,91.87634105241541,1.2764575987551454,Existing values retained through 2024; 2025 extrapolated using a country-level OLS linear trend fitted over 2019-2024 and floored at zero; Zijie regional growth indexed to 2025 thereafter,18.0,30.312723508735903,42.62544701747181,54.938170526207706,67.25089403494361,79.56361754367951,91.87634105241541,90.05490500472875,90.62972021019908,91.2887182356082,92.22874053930349,93.35586244171368,94.66615235420159,96.12311258382073,97.68277177539356,99.28537368630091,100.85587064645068,102.33619008090999,103.68342131158464,104.8760729248079,105.89484841997037,106.73048064892127,107.39473618040724,107.90013599011583,108.2460645886583,108.43352381757151,108.49199400636782,108.45265595347264,108.34332500869586,108.18546838067972,106.91979103139151,105.75171644781582
Slovakia,SK,SVK,EUE,Europe,Secondary aluminium ingot production,kt,0.0,0.0,No 2019 secondary producer share; assigned zero,0.0,0.0,,Existing values retained through 2024; 2025 extrapolated using a country-level OLS linear trend fitted over 2019-2024 and floored at zero; Zijie regional growth indexed to 2025 thereafter,0.0,0.0,0.0,0.0,0.0,0.0,0.0,0.0,0.0,0.0,0.0,0.0,0.0,0.0,0.0,0.0,0.0,0.0,0.0,0.0,0.0,0.0,0.0,0.0,0.0,0.0,0.0,0.0,0.0,0.0,0.0,0.0
Croatia,HR,HRV,EUE,Europe,Secondary aluminium ingot production,kt,0.0,0.0,No 2019 secondary producer share; assigned zero,0.0,0.0,,Existing values retained through 2024; 2025 extrapolated using a country-level OLS linear trend fitted over 2019-2024 and floored at zero; Zijie regional growth indexed to 2025 thereafter,0.0,0.0,0.0,0.0,0.0,0.0,0.0,0.0,0.0,0.0,0.0,0.0,0.0,0.0,0.0,0.0,0.0,0.0,0.0,0.0,0.0,0.0,0.0,0.0,0.0,0.0,0.0,0.0,0.0,0.0,0.0,0.0
Lithuania,LT,LTU,EUE,Europe,Secondary aluminium ingot production,kt,0.0,0.0,No 2019 secondary producer share; assigned zero,0.0,0.0,,Existing values retained through 2024; 2025 extrapolated using a country-level OLS linear trend fitted over 2019-2024 and floored at zero; Zijie regional growth indexed to 2025 thereafter,0.0,0.0,0.0,0.0,0.0,0.0,0.0,0.0,0.0,0.0,0.0,0.0,0.0,0.0,0.0,0.0,0.0,0.0,0.0,0.0,0.0,0.0,0.0,0.0,0.0,0.0,0.0,0.0,0.0,0.0,0.0,0.0
Slovenia,SI,SVN,EUE,Europe,Secondary aluminium ingot production,kt,10.0,0.0043402777777777,2019 secondary producer share from INF_Data,6.840401949297724,51.04241169578634,1.2764575987551454,Existing values retained through 2024; 2025 extrapolated using a country-level OLS linear trend fitted over 2019-2024 and floored at zero; Zijie regional growth indexed to 2025 thereafter,10.0,16.840401949297725,23.68080389859545,30.52120584789317,37.3616077971909,44.20200974648862,51.04241169578634,50.03050278040486,50.349844561221715,50.715954575337896,51.238189188501934,51.864368023174265,52.59230686344533,53.401729213233736,54.26820654188531,55.158540936833845,56.03103924802816,56.85343893383889,57.60190072865813,58.26448495822661,58.830471344427984,59.294711471622925,59.66374232244846,59.944519994508795,60.136702549254615,60.240846565317504,60.27333000353768,60.25147552970702,60.19073611594215,60.10303798926652,59.399883906328625,58.7509535821199
Estonia,EE,EST,EUE,Europe,Secondary aluminium ingot production,kt,0.0,0.0,No 2019 secondary producer share; assigned zero,0.0,0.0,,Existing values retained through 2024; 2025 extrapolated using a country-level OLS linear trend fitted over 2019-2024 and floored at zero; Zijie regional growth indexed to 2025 thereafter,0.0,0.0,0.0,0.0,0.0,0.0,0.0,0.0,0.0,0.0,0.0,0.0,0.0,0.0,0.0,0.0,0.0,0.0,0.0,0.0,0.0,0.0,0.0,0.0,0.0,0.0,0.0,0.0,0.0,0.0,0.0,0.0
Latvia,LV,LVA,EUE,Europe,Secondary aluminium ingot production,kt,0.0,0.0,No 2019 secondary producer share; assigned zero,0.0,0.0,,Existing values retained through 2024; 2025 extrapolated using a country-level OLS linear trend fitted over 2019-2024 and floored at zero; Zijie regional growth indexed to 2025 thereafter,0.0,0.0,0.0,0.0,0.0,0.0,0.0,0.0,0.0,0.0,0.0,0.0,0.0,0.0,0.0,0.0,0.0,0.0,0.0,0.0,0.0,0.0,0.0,0.0,0.0,0.0,0.0,0.0,0.0,0.0,0.0,0.0
Germany,DE,DEU,EUW,Europe,Secondary aluminium ingot production,kt,760.0,0.3298611111111111,2019 secondary producer share from INF_Data,519.870548146627,3879.223288879762,1.2764575987551456,Existing values retained through 2024; 2025 extrapolated using a country-level OLS linear trend fitted over 2019-2024 and floored at zero; Zijie regional growth indexed to 2025 thereafter,760.0,1279.870548146627,1799.741096293254,2319.611644439881,2839.482192586508,3359.352740733135,3879.223288879762,3802.3182113107696,3826.5881866528503,3854.4125477256803,3894.102378326147,3941.6919697612443,3997.0153216218455,4058.531420205764,4124.383697183284,4192.049111199372,4258.35898285014,4320.861358971755,4377.744455378018,4428.100856825223,4471.115822176527,4506.398071843342,4534.444416506083,4555.783519582668,4570.38939374335,4578.304338964131,4580.773080268864,4579.112140257734,4574.495944811603,4567.8308871842555,4514.391176880976,4465.072472241112
Netherlands,NL,NLD,EUW,Europe,Secondary aluminium ingot production,kt,0.0,0.0,No 2019 secondary producer share; assigned zero,0.0,0.0,,Existing values retained through 2024; 2025 extrapolated using a country-level OLS linear trend fitted over 2019-2024 and floored at zero; Zijie regional growth indexed to 2025 thereafter,0.0,0.0,0.0,0.0,0.0,0.0,0.0,0.0,0.0,0.0,0.0,0.0,0.0,0.0,0.0,0.0,0.0,0.0,0.0,0.0,0.0,0.0,0.0,0.0,0.0,0.0,0.0,0.0,0.0,0.0,0.0,0.0
Belgium,BE,BEL,EUW,Europe,Secondary aluminium ingot production,kt,0.0,0.0,No 2019 secondary producer share; assigned zero,0.0,0.0,,Existing values retained through 2024; 2025 extrapolated using a country-level OLS linear trend fitted over 2019-2024 and floored at zero; Zijie regional growth indexed to 2025 thereafter,0.0,0.0,0.0,0.0,0.0,0.0,0.0,0.0,0.0,0.0,0.0,0.0,0.0,0.0,0.0,0.0,0.0,0.0,0.0,0.0,0.0,0.0,0.0,0.0,0.0,0.0,0.0,0.0,0.0,0.0,0.0,0.0
Sweden,SE,SWE,EUW,Europe,Secondary aluminium ingot production,kt,0.0,0.0,No 2019 secondary producer share; assigned zero,0.0,0.0,,Existing values retained through 2024; 2025 extrapolated using a country-level OLS linear trend fitted over 2019-2024 and floored at zero; Zijie regional growth indexed to 2025 thereafter,0.0,0.0,0.0,0.0,0.0,0.0,0.0,0.0,0.0,0.0,0.0,0.0,0.0,0.0,0.0,0.0,0.0,0.0,0.0,0.0,0.0,0.0,0.0,0.0,0.0,0.0,0.0,0.0,0.0,0.0,0.0,0.0
Austria,AT,AUT,EUW,Europe,Secondary aluminium ingot production,kt,472.0,0.2048611111111111,2019 secondary producer share from INF_Data,322.86697200685256,2409.2018320411153,1.2764575987551454,Existing values retained through 2024; 2025 extrapolated using a country-level OLS linear trend fitted over 2019-2024 and floored at zero; Zijie regional growth indexed to 2025 thereafter,472.0,794.8669720068526,1117.7339440137052,1440.6009160205576,1763.4678880274105,2086.334860034263,2409.2018320411153,2361.4397312351093,2376.512663289665,2393.7930559559486,2418.4425296972913,2447.998170693825,2482.3568839546197,2520.5616188646322,2561.4593487769866,2603.4831322185573,2644.665052506929,2683.482317677195,2718.809714392664,2750.0836900282957,2776.798247457001,2798.710381460602,2816.128637619567,2829.381343740815,2838.4523603248176,2843.367957882986,2844.9011761669785,2843.8696450021716,2841.0027446724694,2836.8633930933797,2803.674520378711,2773.045009076059
Finland,FI,FIN,EUW,Europe,Secondary aluminium ingot production,kt,0.0,0.0,No 2019 secondary producer share; assigned zero,0.0,0.0,,Existing values retained through 2024; 2025 extrapolated using a country-level OLS linear trend fitted over 2019-2024 and floored at zero; Zijie regional growth indexed to 2025 thereafter,0.0,0.0,0.0,0.0,0.0,0.0,0.0,0.0,0.0,0.0,0.0,0.0,0.0,0.0,0.0,0.0,0.0,0.0,0.0,0.0,0.0,0.0,0.0,0.0,0.0,0.0,0.0,0.0,0.0,0.0,0.0,0.0
Denmark,DK,DNK,EUW,Europe,Secondary aluminium ingot production,kt,0.0,0.0,No 2019 secondary producer share; assigned zero,0.0,0.0,,Existing values retained through 2024; 2025 extrapolated using a country-level OLS linear trend fitted over 2019-2024 and floored at zero; Zijie regional growth indexed to 2025 thereafter,0.0,0.0,0.0,0.0,0.0,0.0,0.0,0.0,0.0,0.0,0.0,0.0,0.0,0.0,0.0,0.0,0.0,0.0,0.0,0.0,0.0,0.0,0.0,0.0,0.0,0.0,0.0,0.0,0.0,0.0,0.0,0.0
Ireland,IE,IRL,EUW,Europe,Secondary aluminium ingot production,kt,0.0,0.0,No 2019 secondary producer share; assigned zero,0.0,0.0,,Existing values retained through 2024; 2025 extrapolated using a country-level OLS linear trend fitted over 2019-2024 and floored at zero; Zijie regional growth indexed to 2025 thereafter,0.0,0.0,0.0,0.0,0.0,0.0,0.0,0.0,0.0,0.0,0.0,0.0,0.0,0.0,0.0,0.0,0.0,0.0,0.0,0.0,0.0,0.0,0.0,0.0,0.0,0.0,0.0,0.0,0.0,0.0,0.0,0.0
Luxembourg,LU,LUX,EUW,Europe,Secondary aluminium ingot production,kt,0.0,0.0,No 2019 secondary producer share; assigned zero,0.0,0.0,,Existing values retained through 2024; 2025 extrapolated using a country-level OLS linear trend fitted over 2019-2024 and floored at zero; Zijie regional growth indexed to 2025 thereafter,0.0,0.0,0.0,0.0,0.0,0.0,0.0,0.0,0.0,0.0,0.0,0.0,0.0,0.0,0.0,0.0,0.0,0.0,0.0,0.0,0.0,0.0,0.0,0.0,0.0,0.0,0.0,0.0,0.0,0.0,0.0,0.0
Greenland,GL,GRL,EUW,Rest of World,Secondary aluminium ingot production,kt,0.0,0.0,No 2019 secondary producer share; assigned zero,0.0,0.0,,Existing values retained through 2024; 2025 extrapolated using a country-level OLS linear trend fitted over 2019-2024 and floored at zero; Zijie regional growth indexed to 2025 thereafter,0.0,0.0,0.0,0.0,0.0,0.0,0.0,0.0,0.0,0.0,0.0,0.0,0.0,0.0,0.0,0.0,0.0,0.0,0.0,0.0,0.0,0.0,0.0,0.0,0.0,0.0,0.0,0.0,0.0,0.0,0.0,0.0
Faroe Islands,FO,FRO,EUW,Rest of World,Secondary aluminium ingot production,kt,0.0,0.0,No 2019 secondary producer share; assigned zero,0.0,0.0,,Existing values retained through 2024; 2025 extrapolated using a country-level OLS linear trend fitted over 2019-2024 and floored at zero; Zijie regional growth indexed to 2025 thereafter,0.0,0.0,0.0,0.0,0.0,0.0,0.0,0.0,0.0,0.0,0.0,0.0,0.0,0.0,0.0,0.0,0.0,0.0,0.0,0.0,0.0,0.0,0.0,0.0,0.0,0.0,0.0,0.0,0.0,0.0,0.0,0.0
Andorra,AD,AND,EUW,Rest of World,Secondary aluminium ingot production,kt,0.0,0.0,No 2019 secondary producer share; assigned zero,0.0,0.0,,Existing values retained through 2024; 2025 extrapolated using a country-level OLS linear trend fitted over 2019-2024 and floored at zero; Zijie regional growth indexed to 2025 thereafter,0.0,0.0,0.0,0.0,0.0,0.0,0.0,0.0,0.0,0.0,0.0,0.0,0.0,0.0,0.0,0.0,0.0,0.0,0.0,0.0,0.0,0.0,0.0,0.0,0.0,0.0,0.0,0.0,0.0,0.0,0.0,0.0
France,FR,FRA,EUM,Europe,Secondary aluminium ingot production,kt,190.0,0.0824652777777777,2019 secondary producer share from INF_Data,129.96763703665675,969.8058222199405,1.2764575987551456,Existing values retained through 2024; 2025 extrapolated using a country-level OLS linear trend fitted over 2019-2024 and floored at zero; Zijie regional growth indexed to 2025 thereafter,190.0,319.96763703665675,449.9352740733135,579.9029111099702,709.870548146627,839.8381851832837,969.8058222199405,950.5795528276924,956.6470466632126,963.6031369314201,973.5255945815368,985.4229924403111,999.2538304054614,1014.632855051441,1031.095924295821,1048.012277799843,1064.589745712535,1080.2153397429388,1094.4361138445045,1107.0252142063057,1117.7789555441318,1126.5995179608356,1133.6111041265208,1138.945879895667,1142.5973484358376,1144.5760847410327,1145.193270067216,1144.7780350644334,1143.6239862029008,1141.9577217960639,1128.597794220244,1116.268118060278
Monaco,MC,MCO,EUM,Rest of World,Secondary aluminium ingot production,kt,0.0,0.0,No 2019 secondary producer share; assigned zero,0.0,0.0,,Existing values retained through 2024; 2025 extrapolated using a country-level OLS linear trend fitted over 2019-2024 and floored at zero; Zijie regional growth indexed to 2025 thereafter,0.0,0.0,0.0,0.0,0.0,0.0,0.0,0.0,0.0,0.0,0.0,0.0,0.0,0.0,0.0,0.0,0.0,0.0,0.0,0.0,0.0,0.0,0.0,0.0,0.0,0.0,0.0,0.0,0.0,0.0,0.0,0.0
Italy,IT,ITA,EUM,Europe,Secondary aluminium ingot production,kt,688.0,0.2986111111111111,2019 secondary producer share from INF_Data,470.61965411168336,3511.7179246701003,1.2764575987551454,Existing values retained through 2024; 2025 extrapolated using a country-level OLS linear trend fitted over 2019-2024 and floored at zero; Zijie regional growth indexed to 2025 thereafter,688.0,1158.6196541116833,1629.2393082233668,2099.85896233505,2570.4786164467337,3041.098270558417,3511.7179246701003,3442.0985912918545,3464.0693058120537,3489.2576747832472,3525.187416168933,3568.2685199943894,3618.3507122050387,3674.038969870481,3733.6526100817096,3794.9076164541684,3854.9355002643374,3911.516598648115,3963.0107701316792,4008.5965651259908,4047.5364284966454,4079.4761492476573,4104.865471784454,4124.182975622205,4137.405135388717,4144.5702436938445,4146.805104243393,4145.301516443843,4141.1226447768195,4135.089013661536,4086.7120127554094,4042.065606449849
San Marino,SM,SMR,EUM,Rest of World,Secondary aluminium ingot production,kt,0.0,0.0,No 2019 secondary producer share; assigned zero,0.0,0.0,,Existing values retained through 2024; 2025 extrapolated using a country-level OLS linear trend fitted over 2019-2024 and floored at zero; Zijie regional growth indexed to 2025 thereafter,0.0,0.0,0.0,0.0,0.0,0.0,0.0,0.0,0.0,0.0,0.0,0.0,0.0,0.0,0.0,0.0,0.0,0.0,0.0,0.0,0.0,0.0,0.0,0.0,0.0,0.0,0.0,0.0,0.0,0.0,0.0,0.0
Spain,ES,ESP,EUM,Europe,Secondary aluminium ingot production,kt,0.0,0.0,No 2019 secondary producer share; assigned zero,0.0,0.0,,Existing values retained through 2024; 2025 extrapolated using a country-level OLS linear trend fitted over 2019-2024 and floored at zero; Zijie regional growth indexed to 2025 thereafter,0.0,0.0,0.0,0.0,0.0,0.0,0.0,0.0,0.0,0.0,0.0,0.0,0.0,0.0,0.0,0.0,0.0,0.0,0.0,0.0,0.0,0.0,0.0,0.0,0.0,0.0,0.0,0.0,0.0,0.0,0.0,0.0
Greece,GR,GRC,EUM,Europe,Secondary aluminium ingot production,kt,0.0,0.0,No 2019 secondary producer share; assigned zero,0.0,0.0,,Existing values retained through 2024; 2025 extrapolated using a country-level OLS linear trend fitted over 2019-2024 and floored at zero; Zijie regional growth indexed to 2025 thereafter,0.0,0.0,0.0,0.0,0.0,0.0,0.0,0.0,0.0,0.0,0.0,0.0,0.0,0.0,0.0,0.0,0.0,0.0,0.0,0.0,0.0,0.0,0.0,0.0,0.0,0.0,0.0,0.0,0.0,0.0,0.0,0.0
Portugal,PT,PRT,EUM,Europe,Secondary aluminium ingot production,kt,0.0,0.0,No 2019 secondary producer share; assigned zero,0.0,0.0,,Existing values retained through 2024; 2025 extrapolated using a country-level OLS linear trend fitted over 2019-2024 and floored at zero; Zijie regional growth indexed to 2025 thereafter,0.0,0.0,0.0,0.0,0.0,0.0,0.0,0.0,0.0,0.0,0.0,0.0,0.0,0.0,0.0,0.0,0.0,0.0,0.0,0.0,0.0,0.0,0.0,0.0,0.0,0.0,0.0,0.0,0.0,0.0,0.0,0.0
Cyprus,CY,CYP,EUM,Europe,Secondary aluminium ingot production,kt,0.0,0.0,No 2019 secondary producer share; assigned zero,0.0,0.0,,Existing values retained through 2024; 2025 extrapolated using a country-level OLS linear trend fitted over 2019-2024 and floored at zero; Zijie regional growth indexed to 2025 thereafter,0.0,0.0,0.0,0.0,0.0,0.0,0.0,0.0,0.0,0.0,0.0,0.0,0.0,0.0,0.0,0.0,0.0,0.0,0.0,0.0,0.0,0.0,0.0,0.0,0.0,0.0,0.0,0.0,0.0,0.0,0.0,0.0
Malta,MT,MLT,EUM,Europe,Secondary aluminium ingot production,kt,0.0,0.0,No 2019 secondary producer share; assigned zero,0.0,0.0,,Existing values retained through 2024; 2025 extrapolated using a country-level OLS linear trend fitted over 2019-2024 and floored at zero; Zijie regional growth indexed to 2025 thereafter,0.0,0.0,0.0,0.0,0.0,0.0,0.0,0.0,0.0,0.0,0.0,0.0,0.0,0.0,0.0,0.0,0.0,0.0,0.0,0.0,0.0,0.0,0.0,0.0,0.0,0.0,0.0,0.0,0.0,0.0,0.0,0.0
Iran (Islamic Republic of),IR,IRN,MEA,Middle East,Secondary aluminium ingot production,kt,21.01375649008908,0.0586988423283874,Primary producer share proxy; no explicit 2019 secondary producer map for Middle East,3.9603098097493956,44.775615348585454,0.8552272313335413,Existing values retained through 2024; 2025 extrapolated using a country-level OLS linear trend fitted over 2019-2024 and floored at zero; Zijie regional growth indexed to 2025 thereafter,21.01375649008908,24.97406629983848,28.93437610958787,32.89468591933726,36.85499572908666,40.81530553883606,44.775615348585454,50.64089123969261,52.043743756558435,53.27077604496983,54.31986072994042,55.22814951490156,56.05955223009842,56.96623934272853,58.056942222815806,59.36029693813608,60.94359792039144,62.82206351272114,64.97227617157287,67.34477498848558,69.87390121364052,72.48903877847751,75.13184454157388,77.74703378940602,80.28097512808388,82.71086123661946,85.02703202034458,87.2218782199923,89.30464338232338,91.28922980852276,93.18107576317065,94.97957863102039
Saudi Arabia,SA,SAU,MEA,Middle East,Secondary aluminium ingot production,kt,46.11352118658437,0.1288113484428501,Primary producer share proxy; no explicit 2019 secondary producer map for Middle East,8.690679860283394,98.25760034828474,0.8552272313335414,Existing values retained through 2024; 2025 extrapolated using a country-level OLS linear trend fitted over 2019-2024 and floored at zero; Zijie regional growth indexed to 2025 thereafter,46.11352118658437,54.80420104686777,63.49488090715116,72.18556076743455,80.87624062771795,89.56692048800134,98.25760034828474,111.12862244265878,114.2071043546699,116.89975854312823,119.20191660181369,121.19510587992286,123.01957294938263,125.00924744654316,127.40273432229024,130.26287383646527,133.73733988085897,137.85952826402692,142.57805048761824,147.78436733584334,153.33439432993336,159.07316843054787,164.87265885512045,170.61154637119654,176.1721398644063,181.5043899359149,186.58709804464502,191.403566093872,195.97407853343185,200.32914319092495,204.4806940358467,208.42740866251694
United Arab Emirates,AE,ARE,MEA,Middle East,Secondary aluminium ingot production,kt,151.76601909508778,0.4239360834827979,Primary producer share proxy; no explicit 2019 secondary producer map for Middle East,28.602237514856753,323.3794441842283,0.8552272313335416,Existing values retained through 2024; 2025 extrapolated using a country-level OLS linear trend fitted over 2019-2024 and floored at zero; Zijie regional growth indexed to 2025 thereafter,151.76601909508778,180.36825660994447,208.9704941248013,237.572731639658,266.1749691545148,294.7772066693715,323.3794441842283,365.73977006444665,375.87148268625543,384.73338254700434,392.310105271792,398.8699687187335,404.87454388404416,411.4228396974839,419.300138275892,428.7132556643162,440.1482072028271,453.71490314743045,469.24421679469305,486.3789304723959,504.64484209851486,523.5319467334488,542.6188772447002,561.5063551457101,579.8070425917169,597.3562200422517,614.0841201469331,629.935787144389,644.9779799834466,659.3111041726645,672.9744360673437,685.9636234462585
Iraq,IQ,IRQ,MEA,Rest of World,Secondary aluminium ingot production,kt,0.0,0.0,No 2019 secondary producer share; assigned zero,0.0,0.0,,Existing values retained through 2024; 2025 extrapolated using a country-level OLS linear trend fitted over 2019-2024 and floored at zero; Zijie regional growth indexed to 2025 thereafter,0.0,0.0,0.0,0.0,0.0,0.0,0.0,0.0,0.0,0.0,0.0,0.0,0.0,0.0,0.0,0.0,0.0,0.0,0.0,0.0,0.0,0.0,0.0,0.0,0.0,0.0,0.0,0.0,0.0,0.0,0.0,0.0
Qatar,QA,QAT,MEA,Middle East,Secondary aluminium ingot production,kt,36.59895922023848,0.1022338170552747,Primary producer share proxy; no explicit 2019 secondary producer map for Middle East,6.897539585313536,77.9841967321197,0.8552272313335415,Existing values retained through 2024; 2025 extrapolated using a country-level OLS linear trend fitted over 2019-2024 and floored at zero; Zijie regional growth indexed to 2025 thereafter,36.59895922023848,43.496498805552015,50.394038390865546,57.29157797617909,64.18911756149262,71.08665714680615,77.9841967321197,88.19955224246466,90.64285370933932,92.77993494498917,94.60709077131294,96.18902707178692,97.63705346742145,99.21620018858556,101.11584103807091,103.38585050058705,106.1434330446818,109.41509395132269,113.16004766548947,117.29214977161244,121.69704461375728,126.25174253918172,130.85462924324122,135.40941718321554,139.82269834807948,144.05474998711227,148.08874743543353,151.91143789982002,155.53892055754662,158.9954085831772,162.29037362085563,165.42276611569392
Kuwait,KW,KWT,MEA,Rest of World,Secondary aluminium ingot production,kt,0.0,0.0,No 2019 secondary producer share; assigned zero,0.0,0.0,,Existing values retained through 2024; 2025 extrapolated using a country-level OLS linear trend fitted over 2019-2024 and floored at zero; Zijie regional growth indexed to 2025 thereafter,0.0,0.0,0.0,0.0,0.0,0.0,0.0,0.0,0.0,0.0,0.0,0.0,0.0,0.0,0.0,0.0,0.0,0.0,0.0,0.0,0.0,0.0,0.0,0.0,0.0,0.0,0.0,0.0,0.0,0.0,0.0,0.0
Oman,OM,OMN,MEA,Middle East,Secondary aluminium ingot production,kt,22.82327441006897,0.0637534648622207,Primary producer share proxy; no explicit 2019 secondary producer map for Middle East,4.30133648781115,48.63129333693587,0.8552272313335414,Existing values retained through 2024; 2025 extrapolated using a country-level OLS linear trend fitted over 2019-2024 and floored at zero; Zijie regional growth indexed to 2025 thereafter,22.82327441006897,27.12461089788012,31.425947385691277,35.72728387350242,40.02862036131357,44.32995684912472,48.63129333693587,55.001634651999474,56.52528835781764,57.85798175995335,58.9974042927964,59.98390683424031,60.88690256102356,61.87166550835238,63.05629002533606,64.47187806336447,66.19151885242515,68.23174120409435,70.56711106412499,73.14390839027185,75.89082048481512,78.73115045106863,81.60153115487607,84.44191725460487,87.19405909744665,89.8331853986617,92.34880422209648,94.73265106671387,96.99476545135678,99.15024681981222,101.20500173166592,103.1583756798027
Bahrain,BH,BHR,MEA,Middle East,Secondary aluminium ingot production,kt,79.6771600249211,0.2225664438284689,Primary producer share proxy; no explicit 2019 secondary producer map for Middle East,15.016174695299794,169.77420819671988,0.8552272313335416,Existing values retained through 2024; 2025 extrapolated using a country-level OLS linear trend fitted over 2019-2024 and floored at zero; Zijie regional growth indexed to 2025 thereafter,79.6771600249211,94.69333472022088,109.70950941552069,124.72568411082044,139.74185880612026,154.75803350142004,169.77420819671988,192.01337928383452,197.3325284102841,201.98502583717732,205.9628052676908,209.40673357733513,212.55913553912322,215.99699084117904,220.13257259484334,225.07445922376604,231.07780878148426,238.200324152401,246.35321381721388,255.3489384980079,264.9385421017204,274.8542720350606,284.87491055346766,294.7908364514979,304.39869736065145,313.61201552218216,322.3941630771399,330.71628825080427,338.6134394913095,346.1383296906489,353.3115789353555,360.1309023092857
Yemen,YE,YEM,MEA,Rest of World,Secondary aluminium ingot production,kt,0.0,0.0,No 2019 secondary producer share; assigned zero,0.0,0.0,,Existing values retained through 2024; 2025 extrapolated using a country-level OLS linear trend fitted over 2019-2024 and floored at zero; Zijie regional growth indexed to 2025 thereafter,0.0,0.0,0.0,0.0,0.0,0.0,0.0,0.0,0.0,0.0,0.0,0.0,0.0,0.0,0.0,0.0,0.0,0.0,0.0,0.0,0.0,0.0,0.0,0.0,0.0,0.0,0.0,0.0,0.0,0.0,0.0,0.0
Turkey,TR,TUR,MDA,Europe,Secondary aluminium ingot production,kt,0.0,0.0,No 2019 secondary producer share; assigned zero,0.0,0.0,,Existing values retained through 2024; 2025 extrapolated using a country-level OLS linear trend fitted over 2019-2024 and floored at zero; Zijie regional growth indexed to 2025 thereafter,0.0,0.0,0.0,0.0,0.0,0.0,0.0,0.0,0.0,0.0,0.0,0.0,0.0,0.0,0.0,0.0,0.0,0.0,0.0,0.0,0.0,0.0,0.0,0.0,0.0,0.0,0.0,0.0,0.0,0.0,0.0,0.0
Israel,IL,ISR,MDA,Rest of World,Secondary aluminium ingot production,kt,0.0,0.0,No 2019 secondary producer share; assigned zero,0.0,0.0,,Existing values retained through 2024; 2025 extrapolated using a country-level OLS linear trend fitted over 2019-2024 and floored at zero; Zijie regional growth indexed to 2025 thereafter,0.0,0.0,0.0,0.0,0.0,0.0,0.0,0.0,0.0,0.0,0.0,0.0,0.0,0.0,0.0,0.0,0.0,0.0,0.0,0.0,0.0,0.0,0.0,0.0,0.0,0.0,0.0,0.0,0.0,0.0,0.0,0.0
Syrian Arab Republic,SY,SYR,MDA,Rest of World,Secondary aluminium ingot production,kt,0.0,0.0,No 2019 secondary producer share; assigned zero,0.0,0.0,,Existing values retained through 2024; 2025 extrapolated using a country-level OLS linear trend fitted over 2019-2024 and floored at zero; Zijie regional growth indexed to 2025 thereafter,0.0,0.0,0.0,0.0,0.0,0.0,0.0,0.0,0.0,0.0,0.0,0.0,0.0,0.0,0.0,0.0,0.0,0.0,0.0,0.0,0.0,0.0,0.0,0.0,0.0,0.0,0.0,0.0,0.0,0.0,0.0,0.0
Jordan,JO,JOR,MDA,Rest of World,Secondary aluminium ingot production,kt,0.0,0.0,No 2019 secondary producer share; assigned zero,0.0,0.0,,Existing values retained through 2024; 2025 extrapolated using a country-level OLS linear trend fitted over 2019-2024 and floored at zero; Zijie regional growth indexed to 2025 thereafter,0.0,0.0,0.0,0.0,0.0,0.0,0.0,0.0,0.0,0.0,0.0,0.0,0.0,0.0,0.0,0.0,0.0,0.0,0.0,0.0,0.0,0.0,0.0,0.0,0.0,0.0,0.0,0.0,0.0,0.0,0.0,0.0
Lebanon,LB,LBN,MDA,Rest of World,Secondary aluminium ingot production,kt,0.0,0.0,No 2019 secondary producer share; assigned zero,0.0,0.0,,Existing values retained through 2024; 2025 extrapolated using a country-level OLS linear trend fitted over 2019-2024 and floored at zero; Zijie regional growth indexed to 2025 thereafter,0.0,0.0,0.0,0.0,0.0,0.0,0.0,0.0,0.0,0.0,0.0,0.0,0.0,0.0,0.0,0.0,0.0,0.0,0.0,0.0,0.0,0.0,0.0,0.0,0.0,0.0,0.0,0.0,0.0,0.0,0.0,0.0
State of Palestine,PS,PSE,MDA,Rest of World,Secondary aluminium ingot production,kt,0.0,0.0,No 2019 secondary producer share; assigned zero,0.0,0.0,,Existing values retained through 2024; 2025 extrapolated using a country-level OLS linear trend fitted over 2019-2024 and floored at zero; Zijie regional growth indexed to 2025 thereafter,0.0,0.0,0.0,0.0,0.0,0.0,0.0,0.0,0.0,0.0,0.0,0.0,0.0,0.0,0.0,0.0,0.0,0.0,0.0,0.0,0.0,0.0,0.0,0.0,0.0,0.0,0.0,0.0,0.0,0.0,0.0,0.0
