Country,ISO2,ISO3,OMNIARegion,ZijieRegion,Metric,Unit,SecondaryProduction2019_kt,RegionShare,AllocationMethod,Trend2019_2024Slope_kt_per_year,Trend2025Unclipped_kt,AlignmentFactor_vs_old_2025,BoundaryAlignmentMethod,2019,2020,2021,2022,2023,2024,2025,2026,2027,2028,2029,2030,2031,2032,2033,2034,2035,2036,2037,2038,2039,2040,2041,2042,2043,2044,2045,2046,2047,2048,2049,2050
Ethiopia,ET,ETH,AFE,Rest of World,Secondary aluminium ingot production,kt,0.0,0.0,No 2019 secondary producer share; assigned zero,0.0,0.0,,Existing values retained through 2024; 2025 extrapolated using a country-level OLS linear trend fitted over 2019-2024 and floored at zero; Zijie regional growth indexed to 2025 thereafter,0.0,0.0,0.0,0.0,0.0,0.0,0.0,0.0,0.0,0.0,0.0,0.0,0.0,0.0,0.0,0.0,0.0,0.0,0.0,0.0,0.0,0.0,0.0,0.0,0.0,0.0,0.0,0.0,0.0,0.0,0.0,0.0
Kenya,KE,KEN,AFE,Rest of World,Secondary aluminium ingot production,kt,0.0,0.0,No 2019 secondary producer share; assigned zero,0.0,0.0,,Existing values retained through 2024; 2025 extrapolated using a country-level OLS linear trend fitted over 2019-2024 and floored at zero; Zijie regional growth indexed to 2025 thereafter,0.0,0.0,0.0,0.0,0.0,0.0,0.0,0.0,0.0,0.0,0.0,0.0,0.0,0.0,0.0,0.0,0.0,0.0,0.0,0.0,0.0,0.0,0.0,0.0,0.0,0.0,0.0,0.0,0.0,0.0,0.0,0.0
Sudan,SD,SDN,AFE,Rest of World,Secondary aluminium ingot production,kt,0.0,0.0,No 2019 secondary producer share; assigned zero,0.0,0.0,,Existing values retained through 2024; 2025 extrapolated using a country-level OLS linear trend fitted over 2019-2024 and floored at zero; Zijie regional growth indexed to 2025 thereafter,0.0,0.0,0.0,0.0,0.0,0.0,0.0,0.0,0.0,0.0,0.0,0.0,0.0,0.0,0.0,0.0,0.0,0.0,0.0,0.0,0.0,0.0,0.0,0.0,0.0,0.0,0.0,0.0,0.0,0.0,0.0,0.0
Mauritius,MU,MUS,AFE,Rest of World,Secondary aluminium ingot production,kt,0.0,0.0,No 2019 secondary producer share; assigned zero,0.0,0.0,,Existing values retained through 2024; 2025 extrapolated using a country-level OLS linear trend fitted over 2019-2024 and floored at zero; Zijie regional growth indexed to 2025 thereafter,0.0,0.0,0.0,0.0,0.0,0.0,0.0,0.0,0.0,0.0,0.0,0.0,0.0,0.0,0.0,0.0,0.0,0.0,0.0,0.0,0.0,0.0,0.0,0.0,0.0,0.0,0.0,0.0,0.0,0.0,0.0,0.0
Eritrea,ER,ERI,AFE,Rest of World,Secondary aluminium ingot production,kt,0.0,0.0,No 2019 secondary producer share; assigned zero,0.0,0.0,,Existing values retained through 2024; 2025 extrapolated using a country-level OLS linear trend fitted over 2019-2024 and floored at zero; Zijie regional growth indexed to 2025 thereafter,0.0,0.0,0.0,0.0,0.0,0.0,0.0,0.0,0.0,0.0,0.0,0.0,0.0,0.0,0.0,0.0,0.0,0.0,0.0,0.0,0.0,0.0,0.0,0.0,0.0,0.0,0.0,0.0,0.0,0.0,0.0,0.0
South Sudan,SS,SSD,AFE,Rest of World,Secondary aluminium ingot production,kt,0.0,0.0,No 2019 secondary producer share; assigned zero,0.0,0.0,,Existing values retained through 2024; 2025 extrapolated using a country-level OLS linear trend fitted over 2019-2024 and floored at zero; Zijie regional growth indexed to 2025 thereafter,0.0,0.0,0.0,0.0,0.0,0.0,0.0,0.0,0.0,0.0,0.0,0.0,0.0,0.0,0.0,0.0,0.0,0.0,0.0,0.0,0.0,0.0,0.0,0.0,0.0,0.0,0.0,0.0,0.0,0.0,0.0,0.0
Burundi,BI,BDI,AFE,Rest of World,Secondary aluminium ingot production,kt,0.0,0.0,No 2019 secondary producer share; assigned zero,0.0,0.0,,Existing values retained through 2024; 2025 extrapolated using a country-level OLS linear trend fitted over 2019-2024 and floored at zero; Zijie regional growth indexed to 2025 thereafter,0.0,0.0,0.0,0.0,0.0,0.0,0.0,0.0,0.0,0.0,0.0,0.0,0.0,0.0,0.0,0.0,0.0,0.0,0.0,0.0,0.0,0.0,0.0,0.0,0.0,0.0,0.0,0.0,0.0,0.0,0.0,0.0
Comoros,KM,COM,AFE,Rest of World,Secondary aluminium ingot production,kt,0.0,0.0,No 2019 secondary producer share; assigned zero,0.0,0.0,,Existing values retained through 2024; 2025 extrapolated using a country-level OLS linear trend fitted over 2019-2024 and floored at zero; Zijie regional growth indexed to 2025 thereafter,0.0,0.0,0.0,0.0,0.0,0.0,0.0,0.0,0.0,0.0,0.0,0.0,0.0,0.0,0.0,0.0,0.0,0.0,0.0,0.0,0.0,0.0,0.0,0.0,0.0,0.0,0.0,0.0,0.0,0.0,0.0,0.0
Djibouti,DJ,DJI,AFE,Rest of World,Secondary aluminium ingot production,kt,0.0,0.0,No 2019 secondary producer share; assigned zero,0.0,0.0,,Existing values retained through 2024; 2025 extrapolated using a country-level OLS linear trend fitted over 2019-2024 and floored at zero; Zijie regional growth indexed to 2025 thereafter,0.0,0.0,0.0,0.0,0.0,0.0,0.0,0.0,0.0,0.0,0.0,0.0,0.0,0.0,0.0,0.0,0.0,0.0,0.0,0.0,0.0,0.0,0.0,0.0,0.0,0.0,0.0,0.0,0.0,0.0,0.0,0.0
Madagascar,MG,MDG,AFE,Rest of World,Secondary aluminium ingot production,kt,0.0,0.0,No 2019 secondary producer share; assigned zero,0.0,0.0,,Existing values retained through 2024; 2025 extrapolated using a country-level OLS linear trend fitted over 2019-2024 and floored at zero; Zijie regional growth indexed to 2025 thereafter,0.0,0.0,0.0,0.0,0.0,0.0,0.0,0.0,0.0,0.0,0.0,0.0,0.0,0.0,0.0,0.0,0.0,0.0,0.0,0.0,0.0,0.0,0.0,0.0,0.0,0.0,0.0,0.0,0.0,0.0,0.0,0.0
Reunion,RE,REU,AFE,Rest of World,Secondary aluminium ingot production,kt,0.0,0.0,No 2019 secondary producer share; assigned zero,0.0,0.0,,Existing values retained through 2024; 2025 extrapolated using a country-level OLS linear trend fitted over 2019-2024 and floored at zero; Zijie regional growth indexed to 2025 thereafter,0.0,0.0,0.0,0.0,0.0,0.0,0.0,0.0,0.0,0.0,0.0,0.0,0.0,0.0,0.0,0.0,0.0,0.0,0.0,0.0,0.0,0.0,0.0,0.0,0.0,0.0,0.0,0.0,0.0,0.0,0.0,0.0
Rwanda,RW,RWA,AFE,Rest of World,Secondary aluminium ingot production,kt,0.0,0.0,No 2019 secondary producer share; assigned zero,0.0,0.0,,Existing values retained through 2024; 2025 extrapolated using a country-level OLS linear trend fitted over 2019-2024 and floored at zero; Zijie regional growth indexed to 2025 thereafter,0.0,0.0,0.0,0.0,0.0,0.0,0.0,0.0,0.0,0.0,0.0,0.0,0.0,0.0,0.0,0.0,0.0,0.0,0.0,0.0,0.0,0.0,0.0,0.0,0.0,0.0,0.0,0.0,0.0,0.0,0.0,0.0
Somalia,SO,SOM,AFE,Rest of World,Secondary aluminium ingot production,kt,0.0,0.0,No 2019 secondary producer share; assigned zero,0.0,0.0,,Existing values retained through 2024; 2025 extrapolated using a country-level OLS linear trend fitted over 2019-2024 and floored at zero; Zijie regional growth indexed to 2025 thereafter,0.0,0.0,0.0,0.0,0.0,0.0,0.0,0.0,0.0,0.0,0.0,0.0,0.0,0.0,0.0,0.0,0.0,0.0,0.0,0.0,0.0,0.0,0.0,0.0,0.0,0.0,0.0,0.0,0.0,0.0,0.0,0.0
Uganda,UG,UGA,AFE,Rest of World,Secondary aluminium ingot production,kt,0.0,0.0,No 2019 secondary producer share; assigned zero,0.0,0.0,,Existing values retained through 2024; 2025 extrapolated using a country-level OLS linear trend fitted over 2019-2024 and floored at zero; Zijie regional growth indexed to 2025 thereafter,0.0,0.0,0.0,0.0,0.0,0.0,0.0,0.0,0.0,0.0,0.0,0.0,0.0,0.0,0.0,0.0,0.0,0.0,0.0,0.0,0.0,0.0,0.0,0.0,0.0,0.0,0.0,0.0,0.0,0.0,0.0,0.0
Seychelles,SC,SYC,AFE,Rest of World,Secondary aluminium ingot production,kt,0.0,0.0,No 2019 secondary producer share; assigned zero,0.0,0.0,,Existing values retained through 2024; 2025 extrapolated using a country-level OLS linear trend fitted over 2019-2024 and floored at zero; Zijie regional growth indexed to 2025 thereafter,0.0,0.0,0.0,0.0,0.0,0.0,0.0,0.0,0.0,0.0,0.0,0.0,0.0,0.0,0.0,0.0,0.0,0.0,0.0,0.0,0.0,0.0,0.0,0.0,0.0,0.0,0.0,0.0,0.0,0.0,0.0,0.0
United Republic of Tanzania,TZ,TZA,AFE,Other main producer,Secondary aluminium ingot production,kt,0.0,0.0,No 2019 secondary producer share; assigned zero,0.0,0.0,,Existing values retained through 2024; 2025 extrapolated using a country-level OLS linear trend fitted over 2019-2024 and floored at zero; Zijie regional growth indexed to 2025 thereafter,0.0,0.0,0.0,0.0,0.0,0.0,0.0,0.0,0.0,0.0,0.0,0.0,0.0,0.0,0.0,0.0,0.0,0.0,0.0,0.0,0.0,0.0,0.0,0.0,0.0,0.0,0.0,0.0,0.0,0.0,0.0,0.0
Egypt,EG,EGY,AFN,Other main producer,Secondary aluminium ingot production,kt,40.0,0.0312067227564295,OMNIA 2019 region total allocated using OMNIA primary-production shares; no secondary-country weights available,3.487896024952886,60.92737614971732,0.9305682069820953,Existing values retained through 2024; 2025 extrapolated using a country-level OLS linear trend fitted over 2019-2024 and floored at zero; Zijie regional growth indexed to 2025 thereafter,40.0,43.48789602495289,46.97579204990577,50.46368807485866,53.95158409981154,57.43948012476443,60.92737614971732,69.96169937599598,71.43297350067178,72.90837843766056,74.19654709219758,75.4446625607607,76.70350920141783,78.03957737456471,79.52470019276524,81.18297741319546,83.02344412193062,85.03069642365142,87.1580486347398,89.3609897318819,91.62650321529817,93.95276195585508,96.34651944622796,98.81947450211726,101.35943879946434,103.96341686276851,106.63712213416193,109.37363134387948,112.16442967202497,114.98796208663458,117.83607699047703,120.71905517823961
Algeria,DZ,DZA,AFN,Rest of World,Secondary aluminium ingot production,kt,0.0,0.0,No 2019 secondary producer share; assigned zero,0.0,0.0,,Existing values retained through 2024; 2025 extrapolated using a country-level OLS linear trend fitted over 2019-2024 and floored at zero; Zijie regional growth indexed to 2025 thereafter,0.0,0.0,0.0,0.0,0.0,0.0,0.0,0.0,0.0,0.0,0.0,0.0,0.0,0.0,0.0,0.0,0.0,0.0,0.0,0.0,0.0,0.0,0.0,0.0,0.0,0.0,0.0,0.0,0.0,0.0,0.0,0.0
Morocco,MA,MAR,AFN,Rest of World,Secondary aluminium ingot production,kt,0.0,0.0,No 2019 secondary producer share; assigned zero,0.0,0.0,,Existing values retained through 2024; 2025 extrapolated using a country-level OLS linear trend fitted over 2019-2024 and floored at zero; Zijie regional growth indexed to 2025 thereafter,0.0,0.0,0.0,0.0,0.0,0.0,0.0,0.0,0.0,0.0,0.0,0.0,0.0,0.0,0.0,0.0,0.0,0.0,0.0,0.0,0.0,0.0,0.0,0.0,0.0,0.0,0.0,0.0,0.0,0.0,0.0,0.0
Libya,LY,LBY,AFN,Rest of World,Secondary aluminium ingot production,kt,0.0,0.0,No 2019 secondary producer share; assigned zero,0.0,0.0,,Existing values retained through 2024; 2025 extrapolated using a country-level OLS linear trend fitted over 2019-2024 and floored at zero; Zijie regional growth indexed to 2025 thereafter,0.0,0.0,0.0,0.0,0.0,0.0,0.0,0.0,0.0,0.0,0.0,0.0,0.0,0.0,0.0,0.0,0.0,0.0,0.0,0.0,0.0,0.0,0.0,0.0,0.0,0.0,0.0,0.0,0.0,0.0,0.0,0.0
Tunisia,TN,TUN,AFN,Rest of World,Secondary aluminium ingot production,kt,0.0,0.0,No 2019 secondary producer share; assigned zero,0.0,0.0,,Existing values retained through 2024; 2025 extrapolated using a country-level OLS linear trend fitted over 2019-2024 and floored at zero; Zijie regional growth indexed to 2025 thereafter,0.0,0.0,0.0,0.0,0.0,0.0,0.0,0.0,0.0,0.0,0.0,0.0,0.0,0.0,0.0,0.0,0.0,0.0,0.0,0.0,0.0,0.0,0.0,0.0,0.0,0.0,0.0,0.0,0.0,0.0,0.0,0.0
Democratic Republic of the Congo,CD,COD,AFW,Rest of World,Secondary aluminium ingot production,kt,0.0,0.0,No 2019 secondary producer share; assigned zero,0.0,0.0,,Existing values retained through 2024; 2025 extrapolated using a country-level OLS linear trend fitted over 2019-2024 and floored at zero; Zijie regional growth indexed to 2025 thereafter,0.0,0.0,0.0,0.0,0.0,0.0,0.0,0.0,0.0,0.0,0.0,0.0,0.0,0.0,0.0,0.0,0.0,0.0,0.0,0.0,0.0,0.0,0.0,0.0,0.0,0.0,0.0,0.0,0.0,0.0,0.0,0.0
Cote d'Ivoire,CI,CIV,AFW,Rest of World,Secondary aluminium ingot production,kt,0.0,0.0,No 2019 secondary producer share; assigned zero,0.0,0.0,,Existing values retained through 2024; 2025 extrapolated using a country-level OLS linear trend fitted over 2019-2024 and floored at zero; Zijie regional growth indexed to 2025 thereafter,0.0,0.0,0.0,0.0,0.0,0.0,0.0,0.0,0.0,0.0,0.0,0.0,0.0,0.0,0.0,0.0,0.0,0.0,0.0,0.0,0.0,0.0,0.0,0.0,0.0,0.0,0.0,0.0,0.0,0.0,0.0,0.0
Ghana,GH,GHA,AFW,Rest of World,Secondary aluminium ingot production,kt,3.75,0.1328613821843777,OMNIA 2019 region total allocated using OMNIA primary-production shares; no secondary-country weights available,5.475402632974251,36.6024157978455,0.849979653900048,Existing values retained through 2024; 2025 extrapolated using a country-level OLS linear trend fitted over 2019-2024 and floored at zero; Zijie regional growth indexed to 2025 thereafter,3.75,9.225402632974252,14.700805265948503,20.17620789892275,25.651610531897006,31.12701316487125,36.6024157978455,39.23090368819143,41.89648726641744,44.60310649527031,47.41004385241722,50.31570771268146,53.322780144665956,56.427715578968545,59.615268815179164,62.85142972045772,66.09009747805992,69.3023791360812,72.46417777537211,75.58059924433648,78.70610546335286,81.8753624282012,85.07221382529258,88.32419827335326,91.67053686315819,95.06617268954844,98.4560851336243,101.83866651657141,105.17865916076288,108.4604500519394,111.68689967620364,114.78296407164714
Cameroon,CM,CMR,AFW,Other main producer,Secondary aluminium ingot production,kt,6.25,0.0048760504306921,OMNIA 2019 region total allocated using OMNIA primary-production shares; no secondary-country weights available,0.5449837538988884,9.51990252339333,0.9305682069820952,Existing values retained through 2024; 2025 extrapolated using a country-level OLS linear trend fitted over 2019-2024 and floored at zero; Zijie regional growth indexed to 2025 thereafter,6.25,6.794983753898888,7.339967507797777,7.884951261696665,8.429935015595554,8.974918769494442,9.51990252339333,10.931515527499371,11.161402109479965,11.391934130884461,11.593210483155872,11.788228525118859,11.984923312721536,12.193683964775737,12.425734405119568,12.68484022081179,12.97241314405166,13.286046316195534,13.618445099178093,13.962654645606547,14.316641127390339,14.680119055602356,15.054143663473118,15.44054289095582,15.837412312416303,16.24428388480758,16.6620503334628,17.089629897481167,17.525692136253898,17.96686907603665,18.411887029762035,18.862352371599936
Gabon,GA,GAB,AFW,Rest of World,Secondary aluminium ingot production,kt,0.0,0.0,No 2019 secondary producer share; assigned zero,0.0,0.0,,Existing values retained through 2024; 2025 extrapolated using a country-level OLS linear trend fitted over 2019-2024 and floored at zero; Zijie regional growth indexed to 2025 thereafter,0.0,0.0,0.0,0.0,0.0,0.0,0.0,0.0,0.0,0.0,0.0,0.0,0.0,0.0,0.0,0.0,0.0,0.0,0.0,0.0,0.0,0.0,0.0,0.0,0.0,0.0,0.0,0.0,0.0,0.0,0.0,0.0
Benin,BJ,BEN,AFW,Rest of World,Secondary aluminium ingot production,kt,0.0,0.0,No 2019 secondary producer share; assigned zero,0.0,0.0,,Existing values retained through 2024; 2025 extrapolated using a country-level OLS linear trend fitted over 2019-2024 and floored at zero; Zijie regional growth indexed to 2025 thereafter,0.0,0.0,0.0,0.0,0.0,0.0,0.0,0.0,0.0,0.0,0.0,0.0,0.0,0.0,0.0,0.0,0.0,0.0,0.0,0.0,0.0,0.0,0.0,0.0,0.0,0.0,0.0,0.0,0.0,0.0,0.0,0.0
Senegal,SN,SEN,AFW,Rest of World,Secondary aluminium ingot production,kt,0.0,0.0,No 2019 secondary producer share; assigned zero,0.0,0.0,,Existing values retained through 2024; 2025 extrapolated using a country-level OLS linear trend fitted over 2019-2024 and floored at zero; Zijie regional growth indexed to 2025 thereafter,0.0,0.0,0.0,0.0,0.0,0.0,0.0,0.0,0.0,0.0,0.0,0.0,0.0,0.0,0.0,0.0,0.0,0.0,0.0,0.0,0.0,0.0,0.0,0.0,0.0,0.0,0.0,0.0,0.0,0.0,0.0,0.0
Togo,TG,TGO,AFW,Rest of World,Secondary aluminium ingot production,kt,0.0,0.0,No 2019 secondary producer share; assigned zero,0.0,0.0,,Existing values retained through 2024; 2025 extrapolated using a country-level OLS linear trend fitted over 2019-2024 and floored at zero; Zijie regional growth indexed to 2025 thereafter,0.0,0.0,0.0,0.0,0.0,0.0,0.0,0.0,0.0,0.0,0.0,0.0,0.0,0.0,0.0,0.0,0.0,0.0,0.0,0.0,0.0,0.0,0.0,0.0,0.0,0.0,0.0,0.0,0.0,0.0,0.0,0.0
Niger,NE,NER,AFW,Rest of World,Secondary aluminium ingot production,kt,0.0,0.0,No 2019 secondary producer share; assigned zero,0.0,0.0,,Existing values retained through 2024; 2025 extrapolated using a country-level OLS linear trend fitted over 2019-2024 and floored at zero; Zijie regional growth indexed to 2025 thereafter,0.0,0.0,0.0,0.0,0.0,0.0,0.0,0.0,0.0,0.0,0.0,0.0,0.0,0.0,0.0,0.0,0.0,0.0,0.0,0.0,0.0,0.0,0.0,0.0,0.0,0.0,0.0,0.0,0.0,0.0,0.0,0.0
Congo,CG,COG,AFW,Rest of World,Secondary aluminium ingot production,kt,0.0,0.0,No 2019 secondary producer share; assigned zero,0.0,0.0,,Existing values retained through 2024; 2025 extrapolated using a country-level OLS linear trend fitted over 2019-2024 and floored at zero; Zijie regional growth indexed to 2025 thereafter,0.0,0.0,0.0,0.0,0.0,0.0,0.0,0.0,0.0,0.0,0.0,0.0,0.0,0.0,0.0,0.0,0.0,0.0,0.0,0.0,0.0,0.0,0.0,0.0,0.0,0.0,0.0,0.0,0.0,0.0,0.0,0.0
Burkina Faso,BF,BFA,AFW,Rest of World,Secondary aluminium ingot production,kt,0.0,0.0,No 2019 secondary producer share; assigned zero,0.0,0.0,,Existing values retained through 2024; 2025 extrapolated using a country-level OLS linear trend fitted over 2019-2024 and floored at zero; Zijie regional growth indexed to 2025 thereafter,0.0,0.0,0.0,0.0,0.0,0.0,0.0,0.0,0.0,0.0,0.0,0.0,0.0,0.0,0.0,0.0,0.0,0.0,0.0,0.0,0.0,0.0,0.0,0.0,0.0,0.0,0.0,0.0,0.0,0.0,0.0,0.0
Cabo Verde,CV,CPV,AFW,Rest of World,Secondary aluminium ingot production,kt,0.0,0.0,No 2019 secondary producer share; assigned zero,0.0,0.0,,Existing values retained through 2024; 2025 extrapolated using a country-level OLS linear trend fitted over 2019-2024 and floored at zero; Zijie regional growth indexed to 2025 thereafter,0.0,0.0,0.0,0.0,0.0,0.0,0.0,0.0,0.0,0.0,0.0,0.0,0.0,0.0,0.0,0.0,0.0,0.0,0.0,0.0,0.0,0.0,0.0,0.0,0.0,0.0,0.0,0.0,0.0,0.0,0.0,0.0
Central African Republic,CF,CAF,AFW,Rest of World,Secondary aluminium ingot production,kt,0.0,0.0,No 2019 secondary producer share; assigned zero,0.0,0.0,,Existing values retained through 2024; 2025 extrapolated using a country-level OLS linear trend fitted over 2019-2024 and floored at zero; Zijie regional growth indexed to 2025 thereafter,0.0,0.0,0.0,0.0,0.0,0.0,0.0,0.0,0.0,0.0,0.0,0.0,0.0,0.0,0.0,0.0,0.0,0.0,0.0,0.0,0.0,0.0,0.0,0.0,0.0,0.0,0.0,0.0,0.0,0.0,0.0,0.0
Chad,TD,TCD,AFW,Rest of World,Secondary aluminium ingot production,kt,0.0,0.0,No 2019 secondary producer share; assigned zero,0.0,0.0,,Existing values retained through 2024; 2025 extrapolated using a country-level OLS linear trend fitted over 2019-2024 and floored at zero; Zijie regional growth indexed to 2025 thereafter,0.0,0.0,0.0,0.0,0.0,0.0,0.0,0.0,0.0,0.0,0.0,0.0,0.0,0.0,0.0,0.0,0.0,0.0,0.0,0.0,0.0,0.0,0.0,0.0,0.0,0.0,0.0,0.0,0.0,0.0,0.0,0.0
Equatorial Guinea,GQ,GNQ,AFW,Rest of World,Secondary aluminium ingot production,kt,0.0,0.0,No 2019 secondary producer share; assigned zero,0.0,0.0,,Existing values retained through 2024; 2025 extrapolated using a country-level OLS linear trend fitted over 2019-2024 and floored at zero; Zijie regional growth indexed to 2025 thereafter,0.0,0.0,0.0,0.0,0.0,0.0,0.0,0.0,0.0,0.0,0.0,0.0,0.0,0.0,0.0,0.0,0.0,0.0,0.0,0.0,0.0,0.0,0.0,0.0,0.0,0.0,0.0,0.0,0.0,0.0,0.0,0.0
Gambia,GM,GMB,AFW,Rest of World,Secondary aluminium ingot production,kt,0.0,0.0,No 2019 secondary producer share; assigned zero,0.0,0.0,,Existing values retained through 2024; 2025 extrapolated using a country-level OLS linear trend fitted over 2019-2024 and floored at zero; Zijie regional growth indexed to 2025 thereafter,0.0,0.0,0.0,0.0,0.0,0.0,0.0,0.0,0.0,0.0,0.0,0.0,0.0,0.0,0.0,0.0,0.0,0.0,0.0,0.0,0.0,0.0,0.0,0.0,0.0,0.0,0.0,0.0,0.0,0.0,0.0,0.0
Guinea,GN,GIN,AFW,Other main producer,Secondary aluminium ingot production,kt,0.0,0.0,No 2019 secondary producer share; assigned zero,0.0,0.0,,Existing values retained through 2024; 2025 extrapolated using a country-level OLS linear trend fitted over 2019-2024 and floored at zero; Zijie regional growth indexed to 2025 thereafter,0.0,0.0,0.0,0.0,0.0,0.0,0.0,0.0,0.0,0.0,0.0,0.0,0.0,0.0,0.0,0.0,0.0,0.0,0.0,0.0,0.0,0.0,0.0,0.0,0.0,0.0,0.0,0.0,0.0,0.0,0.0,0.0
Guinea-Bissau,GW,GNB,AFW,Rest of World,Secondary aluminium ingot production,kt,0.0,0.0,No 2019 secondary producer share; assigned zero,0.0,0.0,,Existing values retained through 2024; 2025 extrapolated using a country-level OLS linear trend fitted over 2019-2024 and floored at zero; Zijie regional growth indexed to 2025 thereafter,0.0,0.0,0.0,0.0,0.0,0.0,0.0,0.0,0.0,0.0,0.0,0.0,0.0,0.0,0.0,0.0,0.0,0.0,0.0,0.0,0.0,0.0,0.0,0.0,0.0,0.0,0.0,0.0,0.0,0.0,0.0,0.0
Liberia,LR,LBR,AFW,Rest of World,Secondary aluminium ingot production,kt,0.0,0.0,No 2019 secondary producer share; assigned zero,0.0,0.0,,Existing values retained through 2024; 2025 extrapolated using a country-level OLS linear trend fitted over 2019-2024 and floored at zero; Zijie regional growth indexed to 2025 thereafter,0.0,0.0,0.0,0.0,0.0,0.0,0.0,0.0,0.0,0.0,0.0,0.0,0.0,0.0,0.0,0.0,0.0,0.0,0.0,0.0,0.0,0.0,0.0,0.0,0.0,0.0,0.0,0.0,0.0,0.0,0.0,0.0
Malawi,MW,MWI,AFW,Rest of World,Secondary aluminium ingot production,kt,0.0,0.0,No 2019 secondary producer share; assigned zero,0.0,0.0,,Existing values retained through 2024; 2025 extrapolated using a country-level OLS linear trend fitted over 2019-2024 and floored at zero; Zijie regional growth indexed to 2025 thereafter,0.0,0.0,0.0,0.0,0.0,0.0,0.0,0.0,0.0,0.0,0.0,0.0,0.0,0.0,0.0,0.0,0.0,0.0,0.0,0.0,0.0,0.0,0.0,0.0,0.0,0.0,0.0,0.0,0.0,0.0,0.0,0.0
Mali,ML,MLI,AFW,Rest of World,Secondary aluminium ingot production,kt,0.0,0.0,No 2019 secondary producer share; assigned zero,0.0,0.0,,Existing values retained through 2024; 2025 extrapolated using a country-level OLS linear trend fitted over 2019-2024 and floored at zero; Zijie regional growth indexed to 2025 thereafter,0.0,0.0,0.0,0.0,0.0,0.0,0.0,0.0,0.0,0.0,0.0,0.0,0.0,0.0,0.0,0.0,0.0,0.0,0.0,0.0,0.0,0.0,0.0,0.0,0.0,0.0,0.0,0.0,0.0,0.0,0.0,0.0
Mauritania,MR,MRT,AFW,Rest of World,Secondary aluminium ingot production,kt,0.0,0.0,No 2019 secondary producer share; assigned zero,0.0,0.0,,Existing values retained through 2024; 2025 extrapolated using a country-level OLS linear trend fitted over 2019-2024 and floored at zero; Zijie regional growth indexed to 2025 thereafter,0.0,0.0,0.0,0.0,0.0,0.0,0.0,0.0,0.0,0.0,0.0,0.0,0.0,0.0,0.0,0.0,0.0,0.0,0.0,0.0,0.0,0.0,0.0,0.0,0.0,0.0,0.0,0.0,0.0,0.0,0.0,0.0
Sao Tome and Principe,ST,STP,AFW,Rest of World,Secondary aluminium ingot production,kt,0.0,0.0,No 2019 secondary producer share; assigned zero,0.0,0.0,,Existing values retained through 2024; 2025 extrapolated using a country-level OLS linear trend fitted over 2019-2024 and floored at zero; Zijie regional growth indexed to 2025 thereafter,0.0,0.0,0.0,0.0,0.0,0.0,0.0,0.0,0.0,0.0,0.0,0.0,0.0,0.0,0.0,0.0,0.0,0.0,0.0,0.0,0.0,0.0,0.0,0.0,0.0,0.0,0.0,0.0,0.0,0.0,0.0,0.0
Sierra Leone,SL,SLE,AFW,Other main producer,Secondary aluminium ingot production,kt,0.0,0.0,No 2019 secondary producer share; assigned zero,0.0,0.0,,Existing values retained through 2024; 2025 extrapolated using a country-level OLS linear trend fitted over 2019-2024 and floored at zero; Zijie regional growth indexed to 2025 thereafter,0.0,0.0,0.0,0.0,0.0,0.0,0.0,0.0,0.0,0.0,0.0,0.0,0.0,0.0,0.0,0.0,0.0,0.0,0.0,0.0,0.0,0.0,0.0,0.0,0.0,0.0,0.0,0.0,0.0,0.0,0.0,0.0
Angola,AO,AGO,AFZ,Rest of World,Secondary aluminium ingot production,kt,0.0,0.0,No 2019 secondary producer share; assigned zero,0.0,0.0,,Existing values retained through 2024; 2025 extrapolated using a country-level OLS linear trend fitted over 2019-2024 and floored at zero; Zijie regional growth indexed to 2025 thereafter,0.0,0.0,0.0,0.0,0.0,0.0,0.0,0.0,0.0,0.0,0.0,0.0,0.0,0.0,0.0,0.0,0.0,0.0,0.0,0.0,0.0,0.0,0.0,0.0,0.0,0.0,0.0,0.0,0.0,0.0,0.0,0.0
Mozambique,MZ,MOZ,AFZ,Rest of World,Secondary aluminium ingot production,kt,22.03588143525741,0.7807247107038319,OMNIA 2019 region total allocated using OMNIA primary-production shares; no secondary-country weights available,32.17475286147116,215.08439860408436,0.8499796539000484,Existing values retained through 2024; 2025 extrapolated using a country-level OLS linear trend fitted over 2019-2024 and floored at zero; Zijie regional growth indexed to 2025 thereafter,22.03588143525741,54.21063429672857,86.38538715819973,118.56014001967088,150.73489288114206,182.9096457426132,215.08439860408436,230.53001127226375,246.19360692174578,262.09833769971635,278.59256137925877,295.66692519672415,313.3371896176419,331.58252004282093,350.31333209127644,369.3297742283787,388.3609472189689,407.2370692863846,425.81654126973734,444.1293663343746,462.49557552568245,481.1188743830856,499.90432461040365,519.013749604208,538.677621712786,558.6311759708254,578.551098289108,598.4279415690364,618.0545234095791,637.3390980691188,656.2984744363501,674.4916765520608
Zimbabwe,ZW,ZWE,AFZ,Other main producer,Secondary aluminium ingot production,kt,0.0,0.0,No 2019 secondary producer share; assigned zero,0.0,0.0,,Existing values retained through 2024; 2025 extrapolated using a country-level OLS linear trend fitted over 2019-2024 and floored at zero; Zijie regional growth indexed to 2025 thereafter,0.0,0.0,0.0,0.0,0.0,0.0,0.0,0.0,0.0,0.0,0.0,0.0,0.0,0.0,0.0,0.0,0.0,0.0,0.0,0.0,0.0,0.0,0.0,0.0,0.0,0.0,0.0,0.0,0.0,0.0,0.0,0.0
Zambia,ZM,ZMB,AFZ,Rest of World,Secondary aluminium ingot production,kt,0.0,0.0,No 2019 secondary producer share; assigned zero,0.0,0.0,,Existing values retained through 2024; 2025 extrapolated using a country-level OLS linear trend fitted over 2019-2024 and floored at zero; Zijie regional growth indexed to 2025 thereafter,0.0,0.0,0.0,0.0,0.0,0.0,0.0,0.0,0.0,0.0,0.0,0.0,0.0,0.0,0.0,0.0,0.0,0.0,0.0,0.0,0.0,0.0,0.0,0.0,0.0,0.0,0.0,0.0,0.0,0.0,0.0,0.0
Botswana,BW,BWA,AFZ,Rest of World,Secondary aluminium ingot production,kt,0.0,0.0,No 2019 secondary producer share; assigned zero,0.0,0.0,,Existing values retained through 2024; 2025 extrapolated using a country-level OLS linear trend fitted over 2019-2024 and floored at zero; Zijie regional growth indexed to 2025 thereafter,0.0,0.0,0.0,0.0,0.0,0.0,0.0,0.0,0.0,0.0,0.0,0.0,0.0,0.0,0.0,0.0,0.0,0.0,0.0,0.0,0.0,0.0,0.0,0.0,0.0,0.0,0.0,0.0,0.0,0.0,0.0,0.0
Namibia,,NAM,AFZ,Rest of World,Secondary aluminium ingot production,kt,0.0,0.0,No 2019 secondary producer share; assigned zero,0.0,0.0,,Existing values retained through 2024; 2025 extrapolated using a country-level OLS linear trend fitted over 2019-2024 and floored at zero; Zijie regional growth indexed to 2025 thereafter,0.0,0.0,0.0,0.0,0.0,0.0,0.0,0.0,0.0,0.0,0.0,0.0,0.0,0.0,0.0,0.0,0.0,0.0,0.0,0.0,0.0,0.0,0.0,0.0,0.0,0.0,0.0,0.0,0.0,0.0,0.0,0.0
South Africa,ZA,ZAF,AFZ,Other main producer,Secondary aluminium ingot production,kt,27.96411856474259,0.0218167123794461,OMNIA 2019 region total allocated using OMNIA primary-production shares; no secondary-country weights available,2.4383984495819226,42.594509262234126,0.9305682069820954,Existing values retained through 2024; 2025 extrapolated using a country-level OLS linear trend fitted over 2019-2024 and floored at zero; Zijie regional growth indexed to 2025 thereafter,27.96411856474259,30.402517014324516,32.840915463906434,35.27931391348836,37.71771236307028,40.1561108126522,42.594509262234126,48.910431408530734,49.93900351012253,50.970463474846554,51.87102599951801,52.743587223152716,53.62365064100681,54.55769986111828,55.59595362540238,56.75526014553544,58.04193587697374,59.445211910840555,60.932450147336624,62.472532798127276,64.05635998963416,65.68265437046422,67.3561373273649,69.08498753706911,70.86068410609978,72.68113288865544,74.55032816906602,76.46342986891732,78.41448525238096,80.38842513271938,82.3795507041459,84.39504930069988
Eswatini,SZ,SWZ,AFZ,Rest of World,Secondary aluminium ingot production,kt,0.0,0.0,No 2019 secondary producer share; assigned zero,0.0,0.0,,Existing values retained through 2024; 2025 extrapolated using a country-level OLS linear trend fitted over 2019-2024 and floored at zero; Zijie regional growth indexed to 2025 thereafter,0.0,0.0,0.0,0.0,0.0,0.0,0.0,0.0,0.0,0.0,0.0,0.0,0.0,0.0,0.0,0.0,0.0,0.0,0.0,0.0,0.0,0.0,0.0,0.0,0.0,0.0,0.0,0.0,0.0,0.0,0.0,0.0
Lesotho,LS,LSO,AFZ,Rest of World,Secondary aluminium ingot production,kt,0.0,0.0,No 2019 secondary producer share; assigned zero,0.0,0.0,,Existing values retained through 2024; 2025 extrapolated using a country-level OLS linear trend fitted over 2019-2024 and floored at zero; Zijie regional growth indexed to 2025 thereafter,0.0,0.0,0.0,0.0,0.0,0.0,0.0,0.0,0.0,0.0,0.0,0.0,0.0,0.0,0.0,0.0,0.0,0.0,0.0,0.0,0.0,0.0,0.0,0.0,0.0,0.0,0.0,0.0,0.0,0.0,0.0,0.0
Nigeria,NG,NGA,NIG,Rest of World,Secondary aluminium ingot production,kt,0.0,0.0,No 2019 secondary producer share; assigned zero,0.0,0.0,,Existing values retained through 2024; 2025 extrapolated using a country-level OLS linear trend fitted over 2019-2024 and floored at zero; Zijie regional growth indexed to 2025 thereafter,0.0,0.0,0.0,0.0,0.0,0.0,0.0,0.0,0.0,0.0,0.0,0.0,0.0,0.0,0.0,0.0,0.0,0.0,0.0,0.0,0.0,0.0,0.0,0.0,0.0,0.0,0.0,0.0,0.0,0.0,0.0,0.0
Russian Federation,RU,RUS,RUS,Other main producer,Secondary aluminium ingot production,kt,320.0,0.2496537820514366,OMNIA 2019 region total allocated using OMNIA primary-production shares; no secondary-country weights available,27.903168199623074,487.4190091977385,0.9305682069820952,Existing values retained through 2024; 2025 extrapolated using a country-level OLS linear trend fitted over 2019-2024 and floored at zero; Zijie regional growth indexed to 2025 thereafter,320.0,347.9031681996231,375.80633639924616,403.7095045988693,431.6126727984923,459.5158409981154,487.4190091977385,559.6935950079678,571.4637880053742,583.2670275012845,593.5723767375806,603.5573004860855,613.6280736113425,624.3166189965177,636.1976015421218,649.4638193055636,664.187552975445,680.2455713892112,697.2643890779183,714.8879178550552,733.0120257223853,751.6220956468405,770.7721555698236,790.555796016938,810.8755103957146,831.707334902148,853.0969770732953,874.9890507510357,897.3154373761996,919.9036966930765,942.6886159238161,965.7524414259168
Kazakhstan,KZ,KAZ,ASC,Other main producer,Secondary aluminium ingot production,kt,6.341463414634147,0.0049474072662632,OMNIA 2019 region total allocated using OMNIA primary-production shares; no secondary-country weights available,0.5529591259071651,9.65921817007714,0.9305682069820954,Existing values retained through 2024; 2025 extrapolated using a country-level OLS linear trend fitted over 2019-2024 and floored at zero; Zijie regional growth indexed to 2025 thereafter,6.341463414634147,6.894422540541312,7.447381666448477,8.000340792355642,8.553299918262807,9.106259044169972,9.65921817007714,11.091488925462782,11.324739701326019,11.558645362068141,11.762867221933767,11.960739186462067,12.160312434371123,12.372128120357825,12.60757442080425,12.870472028921235,13.16225333640364,13.480476262286205,13.817739417702656,14.166986177005674,14.52615294876679,14.894950066172152,15.274448204889802,15.666502055213718,16.069179321866304,16.482005112390134,16.905885216391532,17.339722042322364,17.78216567971128,18.229798867393292,18.68132927897807,19.13838679655019
Uzbekistan,UZ,UZB,ASC,Rest of World,Secondary aluminium ingot production,kt,0.0,0.0,No 2019 secondary producer share; assigned zero,0.0,0.0,,Existing values retained through 2024; 2025 extrapolated using a country-level OLS linear trend fitted over 2019-2024 and floored at zero; Zijie regional growth indexed to 2025 thereafter,0.0,0.0,0.0,0.0,0.0,0.0,0.0,0.0,0.0,0.0,0.0,0.0,0.0,0.0,0.0,0.0,0.0,0.0,0.0,0.0,0.0,0.0,0.0,0.0,0.0,0.0,0.0,0.0,0.0,0.0,0.0,0.0
Turkmenistan,TM,TKM,ASC,Rest of World,Secondary aluminium ingot production,kt,0.0,0.0,No 2019 secondary producer share; assigned zero,0.0,0.0,,Existing values retained through 2024; 2025 extrapolated using a country-level OLS linear trend fitted over 2019-2024 and floored at zero; Zijie regional growth indexed to 2025 thereafter,0.0,0.0,0.0,0.0,0.0,0.0,0.0,0.0,0.0,0.0,0.0,0.0,0.0,0.0,0.0,0.0,0.0,0.0,0.0,0.0,0.0,0.0,0.0,0.0,0.0,0.0,0.0,0.0,0.0,0.0,0.0,0.0
Azerbaijan,AZ,AZE,ASC,Other main producer,Secondary aluminium ingot production,kt,1.2195121951219512,0.0009514244742813,OMNIA 2019 region total allocated using OMNIA primary-production shares; no secondary-country weights available,0.10633829344368552,1.8575419557840644,0.9305682069820953,Existing values retained through 2024; 2025 extrapolated using a country-level OLS linear trend fitted over 2019-2024 and floored at zero; Zijie regional growth indexed to 2025 thereafter,1.2195121951219512,1.3258504885656368,1.4321887820093224,1.5385270754530078,1.6448653688966934,1.751203662340379,1.8575419557840644,2.1329786395120727,2.1778345579473104,2.222816415782334,2.2620898503718774,2.3001421512427043,2.338521621994446,2.379255407761119,2.424533542462355,2.475090774792544,2.531202564693007,2.5923992812088845,2.6572575803274328,2.724420418654936,2.7934909516859197,2.8644134742638743,2.93739388555573,3.0127888567718673,3.0902267926665954,3.169616367767332,3.2511317723829856,3.3345619312158377,3.4196472460983216,3.505730551421786,3.592563322880397,3.6804589993365733
Mongolia,MN,MNG,ASC,Rest of World,Secondary aluminium ingot production,kt,0.0,0.0,No 2019 secondary producer share; assigned zero,0.0,0.0,,Existing values retained through 2024; 2025 extrapolated using a country-level OLS linear trend fitted over 2019-2024 and floored at zero; Zijie regional growth indexed to 2025 thereafter,0.0,0.0,0.0,0.0,0.0,0.0,0.0,0.0,0.0,0.0,0.0,0.0,0.0,0.0,0.0,0.0,0.0,0.0,0.0,0.0,0.0,0.0,0.0,0.0,0.0,0.0,0.0,0.0,0.0,0.0,0.0,0.0
Georgia,GE,GEO,ASC,Rest of World,Secondary aluminium ingot production,kt,0.0,0.0,No 2019 secondary producer share; assigned zero,0.0,0.0,,Existing values retained through 2024; 2025 extrapolated using a country-level OLS linear trend fitted over 2019-2024 and floored at zero; Zijie regional growth indexed to 2025 thereafter,0.0,0.0,0.0,0.0,0.0,0.0,0.0,0.0,0.0,0.0,0.0,0.0,0.0,0.0,0.0,0.0,0.0,0.0,0.0,0.0,0.0,0.0,0.0,0.0,0.0,0.0,0.0,0.0,0.0,0.0,0.0,0.0
Kyrgyzstan,KG,KGZ,ASC,Rest of World,Secondary aluminium ingot production,kt,0.0,0.0,No 2019 secondary producer share; assigned zero,0.0,0.0,,Existing values retained through 2024; 2025 extrapolated using a country-level OLS linear trend fitted over 2019-2024 and floored at zero; Zijie regional growth indexed to 2025 thereafter,0.0,0.0,0.0,0.0,0.0,0.0,0.0,0.0,0.0,0.0,0.0,0.0,0.0,0.0,0.0,0.0,0.0,0.0,0.0,0.0,0.0,0.0,0.0,0.0,0.0,0.0,0.0,0.0,0.0,0.0,0.0,0.0
Armenia,AM,ARM,ASC,Rest of World,Secondary aluminium ingot production,kt,0.0,0.0,No 2019 secondary producer share; assigned zero,0.0,0.0,,Existing values retained through 2024; 2025 extrapolated using a country-level OLS linear trend fitted over 2019-2024 and floored at zero; Zijie regional growth indexed to 2025 thereafter,0.0,0.0,0.0,0.0,0.0,0.0,0.0,0.0,0.0,0.0,0.0,0.0,0.0,0.0,0.0,0.0,0.0,0.0,0.0,0.0,0.0,0.0,0.0,0.0,0.0,0.0,0.0,0.0,0.0,0.0,0.0,0.0
Tajikistan,TJ,TJK,ASC,Rest of World,Secondary aluminium ingot production,kt,2.4390243902439024,0.0864139071117904,OMNIA 2019 region total allocated using OMNIA primary-production shares; no secondary-country weights available,3.5612374848613015,23.80644929941171,0.849979653900048,Existing values retained through 2024; 2025 extrapolated using a country-level OLS linear trend fitted over 2019-2024 and floored at zero; Zijie regional growth indexed to 2025 thereafter,2.4390243902439024,6.000261875105204,9.561499359966508,13.12273684482781,16.68397432968911,20.24521181455041,23.80644929941171,25.5160349191489,27.24974781555606,29.010150566029473,30.835800879620955,32.72566355296355,34.68148302092095,36.70095322209336,38.77415857897832,40.878978679972505,42.98542925402271,45.074718137288585,47.13117253682739,49.158113329649744,51.19096290299373,53.252268245984524,55.33152118718217,57.4466330233192,59.62311340693216,61.83165703385264,64.0364781356906,66.23653106768872,68.40888400700025,70.54338214760287,72.64188596826253,74.65558638806318
Afghanistan,AF,AFG,ASC,Rest of World,Secondary aluminium ingot production,kt,0.0,0.0,No 2019 secondary producer share; assigned zero,0.0,0.0,,Existing values retained through 2024; 2025 extrapolated using a country-level OLS linear trend fitted over 2019-2024 and floored at zero; Zijie regional growth indexed to 2025 thereafter,0.0,0.0,0.0,0.0,0.0,0.0,0.0,0.0,0.0,0.0,0.0,0.0,0.0,0.0,0.0,0.0,0.0,0.0,0.0,0.0,0.0,0.0,0.0,0.0,0.0,0.0,0.0,0.0,0.0,0.0,0.0,0.0
Thailand,TH,THA,ASE,Other Asia,Secondary aluminium ingot production,kt,290.0,0.0779569892473118,OMNIA 2019 region total allocated using INF_Data secondary-country weights,16.04141167648322,386.24847005889933,0.9645337024132958,Existing values retained through 2024; 2025 extrapolated using a country-level OLS linear trend fitted over 2019-2024 and floored at zero; Zijie regional growth indexed to 2025 thereafter,290.0,306.0414116764832,322.08282335296644,338.1242350294496,354.16564670593283,370.2070583824161,386.24847005889933,419.79507416871326,458.59984856010414,499.67196639100393,543.2509788464866,589.4280259131987,638.2838121677452,689.6907168994466,743.4128352537829,799.2650949513958,857.0930300795553,916.8237095654038,978.5193111326174,1042.305786869952,1108.449324997358,1177.2881821022252,1249.0475290319143,1323.9873015723592,1402.174524941528,1483.5012621999217,1567.8927967175982,1655.164973277532,1745.0037334095978,1837.0703063518056,1931.1829865236637,2027.2337844573958
Malaysia,MY,MYS,ASE,Other Asia,Secondary aluminium ingot production,kt,0.0,0.0,No 2019 secondary producer share; assigned zero,0.0,0.0,,Existing values retained through 2024; 2025 extrapolated using a country-level OLS linear trend fitted over 2019-2024 and floored at zero; Zijie regional growth indexed to 2025 thereafter,0.0,0.0,0.0,0.0,0.0,0.0,0.0,0.0,0.0,0.0,0.0,0.0,0.0,0.0,0.0,0.0,0.0,0.0,0.0,0.0,0.0,0.0,0.0,0.0,0.0,0.0,0.0,0.0,0.0,0.0,0.0,0.0
Singapore,SG,SGP,ASE,Other Asia,Secondary aluminium ingot production,kt,0.0,0.0,No 2019 secondary producer share; assigned zero,0.0,0.0,,Existing values retained through 2024; 2025 extrapolated using a country-level OLS linear trend fitted over 2019-2024 and floored at zero; Zijie regional growth indexed to 2025 thereafter,0.0,0.0,0.0,0.0,0.0,0.0,0.0,0.0,0.0,0.0,0.0,0.0,0.0,0.0,0.0,0.0,0.0,0.0,0.0,0.0,0.0,0.0,0.0,0.0,0.0,0.0,0.0,0.0,0.0,0.0,0.0,0.0
Myanmar,MM,MMR,ASE,Rest of World,Secondary aluminium ingot production,kt,0.0,0.0,No 2019 secondary producer share; assigned zero,0.0,0.0,,Existing values retained through 2024; 2025 extrapolated using a country-level OLS linear trend fitted over 2019-2024 and floored at zero; Zijie regional growth indexed to 2025 thereafter,0.0,0.0,0.0,0.0,0.0,0.0,0.0,0.0,0.0,0.0,0.0,0.0,0.0,0.0,0.0,0.0,0.0,0.0,0.0,0.0,0.0,0.0,0.0,0.0,0.0,0.0,0.0,0.0,0.0,0.0,0.0,0.0
Cambodia,KH,KHM,ASE,Rest of World,Secondary aluminium ingot production,kt,0.0,0.0,No 2019 secondary producer share; assigned zero,0.0,0.0,,Existing values retained through 2024; 2025 extrapolated using a country-level OLS linear trend fitted over 2019-2024 and floored at zero; Zijie regional growth indexed to 2025 thereafter,0.0,0.0,0.0,0.0,0.0,0.0,0.0,0.0,0.0,0.0,0.0,0.0,0.0,0.0,0.0,0.0,0.0,0.0,0.0,0.0,0.0,0.0,0.0,0.0,0.0,0.0,0.0,0.0,0.0,0.0,0.0,0.0
Brunei Darussalam,BN,BRN,ASE,Rest of World,Secondary aluminium ingot production,kt,0.0,0.0,No 2019 secondary producer share; assigned zero,0.0,0.0,,Existing values retained through 2024; 2025 extrapolated using a country-level OLS linear trend fitted over 2019-2024 and floored at zero; Zijie regional growth indexed to 2025 thereafter,0.0,0.0,0.0,0.0,0.0,0.0,0.0,0.0,0.0,0.0,0.0,0.0,0.0,0.0,0.0,0.0,0.0,0.0,0.0,0.0,0.0,0.0,0.0,0.0,0.0,0.0,0.0,0.0,0.0,0.0,0.0,0.0
Lao People's Democratic Republic,LA,LAO,ASE,Rest of World,Secondary aluminium ingot production,kt,0.0,0.0,No 2019 secondary producer share; assigned zero,0.0,0.0,,Existing values retained through 2024; 2025 extrapolated using a country-level OLS linear trend fitted over 2019-2024 and floored at zero; Zijie regional growth indexed to 2025 thereafter,0.0,0.0,0.0,0.0,0.0,0.0,0.0,0.0,0.0,0.0,0.0,0.0,0.0,0.0,0.0,0.0,0.0,0.0,0.0,0.0,0.0,0.0,0.0,0.0,0.0,0.0,0.0,0.0,0.0,0.0,0.0,0.0
Democratic People's Republic of Korea,KP,PRK,ASE,Rest of World,Secondary aluminium ingot production,kt,0.0,0.0,No 2019 secondary producer share; assigned zero,0.0,0.0,,Existing values retained through 2024; 2025 extrapolated using a country-level OLS linear trend fitted over 2019-2024 and floored at zero; Zijie regional growth indexed to 2025 thereafter,0.0,0.0,0.0,0.0,0.0,0.0,0.0,0.0,0.0,0.0,0.0,0.0,0.0,0.0,0.0,0.0,0.0,0.0,0.0,0.0,0.0,0.0,0.0,0.0,0.0,0.0,0.0,0.0,0.0,0.0,0.0,0.0
Cook Islands,CK,COK,ASE,Rest of World,Secondary aluminium ingot production,kt,0.0,0.0,No 2019 secondary producer share; assigned zero,0.0,0.0,,Existing values retained through 2024; 2025 extrapolated using a country-level OLS linear trend fitted over 2019-2024 and floored at zero; Zijie regional growth indexed to 2025 thereafter,0.0,0.0,0.0,0.0,0.0,0.0,0.0,0.0,0.0,0.0,0.0,0.0,0.0,0.0,0.0,0.0,0.0,0.0,0.0,0.0,0.0,0.0,0.0,0.0,0.0,0.0,0.0,0.0,0.0,0.0,0.0,0.0
Timor-Leste,TL,TLS,ASE,Rest of World,Secondary aluminium ingot production,kt,0.0,0.0,No 2019 secondary producer share; assigned zero,0.0,0.0,,Existing values retained through 2024; 2025 extrapolated using a country-level OLS linear trend fitted over 2019-2024 and floored at zero; Zijie regional growth indexed to 2025 thereafter,0.0,0.0,0.0,0.0,0.0,0.0,0.0,0.0,0.0,0.0,0.0,0.0,0.0,0.0,0.0,0.0,0.0,0.0,0.0,0.0,0.0,0.0,0.0,0.0,0.0,0.0,0.0,0.0,0.0,0.0,0.0,0.0
Fiji,FJ,FJI,ASE,Other main producer,Secondary aluminium ingot production,kt,0.0,0.0,No 2019 secondary producer share; assigned zero,0.0,0.0,,Existing values retained through 2024; 2025 extrapolated using a country-level OLS linear trend fitted over 2019-2024 and floored at zero; Zijie regional growth indexed to 2025 thereafter,0.0,0.0,0.0,0.0,0.0,0.0,0.0,0.0,0.0,0.0,0.0,0.0,0.0,0.0,0.0,0.0,0.0,0.0,0.0,0.0,0.0,0.0,0.0,0.0,0.0,0.0,0.0,0.0,0.0,0.0,0.0,0.0
French Polynesia,PF,PYF,ASE,Rest of World,Secondary aluminium ingot production,kt,0.0,0.0,No 2019 secondary producer share; assigned zero,0.0,0.0,,Existing values retained through 2024; 2025 extrapolated using a country-level OLS linear trend fitted over 2019-2024 and floored at zero; Zijie regional growth indexed to 2025 thereafter,0.0,0.0,0.0,0.0,0.0,0.0,0.0,0.0,0.0,0.0,0.0,0.0,0.0,0.0,0.0,0.0,0.0,0.0,0.0,0.0,0.0,0.0,0.0,0.0,0.0,0.0,0.0,0.0,0.0,0.0,0.0,0.0
Kiribati,KI,KIR,ASE,Rest of World,Secondary aluminium ingot production,kt,0.0,0.0,No 2019 secondary producer share; assigned zero,0.0,0.0,,Existing values retained through 2024; 2025 extrapolated using a country-level OLS linear trend fitted over 2019-2024 and floored at zero; Zijie regional growth indexed to 2025 thereafter,0.0,0.0,0.0,0.0,0.0,0.0,0.0,0.0,0.0,0.0,0.0,0.0,0.0,0.0,0.0,0.0,0.0,0.0,0.0,0.0,0.0,0.0,0.0,0.0,0.0,0.0,0.0,0.0,0.0,0.0,0.0,0.0
New Caledonia,NC,NCL,ASE,Rest of World,Secondary aluminium ingot production,kt,0.0,0.0,No 2019 secondary producer share; assigned zero,0.0,0.0,,Existing values retained through 2024; 2025 extrapolated using a country-level OLS linear trend fitted over 2019-2024 and floored at zero; Zijie regional growth indexed to 2025 thereafter,0.0,0.0,0.0,0.0,0.0,0.0,0.0,0.0,0.0,0.0,0.0,0.0,0.0,0.0,0.0,0.0,0.0,0.0,0.0,0.0,0.0,0.0,0.0,0.0,0.0,0.0,0.0,0.0,0.0,0.0,0.0,0.0
Palau,PW,PLW,ASE,Rest of World,Secondary aluminium ingot production,kt,0.0,0.0,No 2019 secondary producer share; assigned zero,0.0,0.0,,Existing values retained through 2024; 2025 extrapolated using a country-level OLS linear trend fitted over 2019-2024 and floored at zero; Zijie regional growth indexed to 2025 thereafter,0.0,0.0,0.0,0.0,0.0,0.0,0.0,0.0,0.0,0.0,0.0,0.0,0.0,0.0,0.0,0.0,0.0,0.0,0.0,0.0,0.0,0.0,0.0,0.0,0.0,0.0,0.0,0.0,0.0,0.0,0.0,0.0
Papua New Guinea,PG,PNG,ASE,Rest of World,Secondary aluminium ingot production,kt,0.0,0.0,No 2019 secondary producer share; assigned zero,0.0,0.0,,Existing values retained through 2024; 2025 extrapolated using a country-level OLS linear trend fitted over 2019-2024 and floored at zero; Zijie regional growth indexed to 2025 thereafter,0.0,0.0,0.0,0.0,0.0,0.0,0.0,0.0,0.0,0.0,0.0,0.0,0.0,0.0,0.0,0.0,0.0,0.0,0.0,0.0,0.0,0.0,0.0,0.0,0.0,0.0,0.0,0.0,0.0,0.0,0.0,0.0
American Samoa,AS,ASM,ASE,Rest of World,Secondary aluminium ingot production,kt,0.0,0.0,No 2019 secondary producer share; assigned zero,0.0,0.0,,Existing values retained through 2024; 2025 extrapolated using a country-level OLS linear trend fitted over 2019-2024 and floored at zero; Zijie regional growth indexed to 2025 thereafter,0.0,0.0,0.0,0.0,0.0,0.0,0.0,0.0,0.0,0.0,0.0,0.0,0.0,0.0,0.0,0.0,0.0,0.0,0.0,0.0,0.0,0.0,0.0,0.0,0.0,0.0,0.0,0.0,0.0,0.0,0.0,0.0
Solomon Islands,SB,SLB,ASE,Rest of World,Secondary aluminium ingot production,kt,0.0,0.0,No 2019 secondary producer share; assigned zero,0.0,0.0,,Existing values retained through 2024; 2025 extrapolated using a country-level OLS linear trend fitted over 2019-2024 and floored at zero; Zijie regional growth indexed to 2025 thereafter,0.0,0.0,0.0,0.0,0.0,0.0,0.0,0.0,0.0,0.0,0.0,0.0,0.0,0.0,0.0,0.0,0.0,0.0,0.0,0.0,0.0,0.0,0.0,0.0,0.0,0.0,0.0,0.0,0.0,0.0,0.0,0.0
Tonga,TO,TON,ASE,Rest of World,Secondary aluminium ingot production,kt,0.0,0.0,No 2019 secondary producer share; assigned zero,0.0,0.0,,Existing values retained through 2024; 2025 extrapolated using a country-level OLS linear trend fitted over 2019-2024 and floored at zero; Zijie regional growth indexed to 2025 thereafter,0.0,0.0,0.0,0.0,0.0,0.0,0.0,0.0,0.0,0.0,0.0,0.0,0.0,0.0,0.0,0.0,0.0,0.0,0.0,0.0,0.0,0.0,0.0,0.0,0.0,0.0,0.0,0.0,0.0,0.0,0.0,0.0
Vanuatu,VU,VUT,ASE,Rest of World,Secondary aluminium ingot production,kt,0.0,0.0,No 2019 secondary producer share; assigned zero,0.0,0.0,,Existing values retained through 2024; 2025 extrapolated using a country-level OLS linear trend fitted over 2019-2024 and floored at zero; Zijie regional growth indexed to 2025 thereafter,0.0,0.0,0.0,0.0,0.0,0.0,0.0,0.0,0.0,0.0,0.0,0.0,0.0,0.0,0.0,0.0,0.0,0.0,0.0,0.0,0.0,0.0,0.0,0.0,0.0,0.0,0.0,0.0,0.0,0.0,0.0,0.0
Niue,NU,NIU,ASE,Rest of World,Secondary aluminium ingot production,kt,0.0,0.0,No 2019 secondary producer share; assigned zero,0.0,0.0,,Existing values retained through 2024; 2025 extrapolated using a country-level OLS linear trend fitted over 2019-2024 and floored at zero; Zijie regional growth indexed to 2025 thereafter,0.0,0.0,0.0,0.0,0.0,0.0,0.0,0.0,0.0,0.0,0.0,0.0,0.0,0.0,0.0,0.0,0.0,0.0,0.0,0.0,0.0,0.0,0.0,0.0,0.0,0.0,0.0,0.0,0.0,0.0,0.0,0.0
Samoa,WS,WSM,ASE,Rest of World,Secondary aluminium ingot production,kt,0.0,0.0,No 2019 secondary producer share; assigned zero,0.0,0.0,,Existing values retained through 2024; 2025 extrapolated using a country-level OLS linear trend fitted over 2019-2024 and floored at zero; Zijie regional growth indexed to 2025 thereafter,0.0,0.0,0.0,0.0,0.0,0.0,0.0,0.0,0.0,0.0,0.0,0.0,0.0,0.0,0.0,0.0,0.0,0.0,0.0,0.0,0.0,0.0,0.0,0.0,0.0,0.0,0.0,0.0,0.0,0.0,0.0,0.0
Wallis and Futuna Islands,WF,WLF,ASE,Rest of World,Secondary aluminium ingot production,kt,0.0,0.0,No 2019 secondary producer share; assigned zero,0.0,0.0,,Existing values retained through 2024; 2025 extrapolated using a country-level OLS linear trend fitted over 2019-2024 and floored at zero; Zijie regional growth indexed to 2025 thereafter,0.0,0.0,0.0,0.0,0.0,0.0,0.0,0.0,0.0,0.0,0.0,0.0,0.0,0.0,0.0,0.0,0.0,0.0,0.0,0.0,0.0,0.0,0.0,0.0,0.0,0.0,0.0,0.0,0.0,0.0,0.0,0.0
Micronesia (Federated States of),FM,FSM,ASE,Rest of World,Secondary aluminium ingot production,kt,0.0,0.0,No 2019 secondary producer share; assigned zero,0.0,0.0,,Existing values retained through 2024; 2025 extrapolated using a country-level OLS linear trend fitted over 2019-2024 and floored at zero; Zijie regional growth indexed to 2025 thereafter,0.0,0.0,0.0,0.0,0.0,0.0,0.0,0.0,0.0,0.0,0.0,0.0,0.0,0.0,0.0,0.0,0.0,0.0,0.0,0.0,0.0,0.0,0.0,0.0,0.0,0.0,0.0,0.0,0.0,0.0,0.0,0.0
Nauru,NR,NRU,ASE,Rest of World,Secondary aluminium ingot production,kt,0.0,0.0,No 2019 secondary producer share; assigned zero,0.0,0.0,,Existing values retained through 2024; 2025 extrapolated using a country-level OLS linear trend fitted over 2019-2024 and floored at zero; Zijie regional growth indexed to 2025 thereafter,0.0,0.0,0.0,0.0,0.0,0.0,0.0,0.0,0.0,0.0,0.0,0.0,0.0,0.0,0.0,0.0,0.0,0.0,0.0,0.0,0.0,0.0,0.0,0.0,0.0,0.0,0.0,0.0,0.0,0.0,0.0,0.0
Tuvalu,TV,TUV,ASE,Rest of World,Secondary aluminium ingot production,kt,0.0,0.0,No 2019 secondary producer share; assigned zero,0.0,0.0,,Existing values retained through 2024; 2025 extrapolated using a country-level OLS linear trend fitted over 2019-2024 and floored at zero; Zijie regional growth indexed to 2025 thereafter,0.0,0.0,0.0,0.0,0.0,0.0,0.0,0.0,0.0,0.0,0.0,0.0,0.0,0.0,0.0,0.0,0.0,0.0,0.0,0.0,0.0,0.0,0.0,0.0,0.0,0.0,0.0,0.0,0.0,0.0,0.0,0.0
Northern Mariana Islands,MP,MNP,ASE,Rest of World,Secondary aluminium ingot production,kt,0.0,0.0,No 2019 secondary producer share; assigned zero,0.0,0.0,,Existing values retained through 2024; 2025 extrapolated using a country-level OLS linear trend fitted over 2019-2024 and floored at zero; Zijie regional growth indexed to 2025 thereafter,0.0,0.0,0.0,0.0,0.0,0.0,0.0,0.0,0.0,0.0,0.0,0.0,0.0,0.0,0.0,0.0,0.0,0.0,0.0,0.0,0.0,0.0,0.0,0.0,0.0,0.0,0.0,0.0,0.0,0.0,0.0,0.0
China,CN,CHN,CHN,China,Secondary aluminium ingot production,kt,10610.0,1.0,OMNIA 2019 region total allocated using INF_Data secondary-country weights,2057.9727427157222,22957.83645629433,1.106248719896784,Existing values retained through 2024; 2025 extrapolated using a country-level OLS linear trend fitted over 2019-2024 and floored at zero; Zijie regional growth indexed to 2025 thereafter,10610.0,12667.972742715723,14725.945485431446,16783.918228147166,18841.890970862893,20899.86371357861,22957.83645629433,24331.207518324496,26250.143889284984,28234.864598573793,30251.799990441166,32280.386873844545,34279.78851142023,36204.51543470731,38020.842210126175,39712.782157254514,41280.92051641766,42737.21557756754,44092.81935087256,45355.592343823606,46523.9419506091,47580.33664380404,48507.27831526565,49293.19568782111,49931.90710082763,50430.00065504908,50799.14167667338,51056.07668311152,51224.880765470814,51334.21376979968,51403.580412495445,51446.71747804179
"China, Hong Kong Special Administrative Region",HK,HKG,CHN,Rest of World,Secondary aluminium ingot production,kt,0.0,0.0,No 2019 secondary producer share; assigned zero,0.0,0.0,,Existing values retained through 2024; 2025 extrapolated using a country-level OLS linear trend fitted over 2019-2024 and floored at zero; Zijie regional growth indexed to 2025 thereafter,0.0,0.0,0.0,0.0,0.0,0.0,0.0,0.0,0.0,0.0,0.0,0.0,0.0,0.0,0.0,0.0,0.0,0.0,0.0,0.0,0.0,0.0,0.0,0.0,0.0,0.0,0.0,0.0,0.0,0.0,0.0,0.0
"China, Macao Special Administrative Region",MO,MAC,CHN,Rest of World,Secondary aluminium ingot production,kt,0.0,0.0,No 2019 secondary producer share; assigned zero,0.0,0.0,,Existing values retained through 2024; 2025 extrapolated using a country-level OLS linear trend fitted over 2019-2024 and floored at zero; Zijie regional growth indexed to 2025 thereafter,0.0,0.0,0.0,0.0,0.0,0.0,0.0,0.0,0.0,0.0,0.0,0.0,0.0,0.0,0.0,0.0,0.0,0.0,0.0,0.0,0.0,0.0,0.0,0.0,0.0,0.0,0.0,0.0,0.0,0.0,0.0,0.0
Indonesia,ID,IDN,IDN,Other Asia,Secondary aluminium ingot production,kt,40.0,0.010752688172043,OMNIA 2019 region total allocated using OMNIA primary-production shares; no secondary-country weights available,2.212608507101135,53.2756510426068,0.9645337024132955,Existing values retained through 2024; 2025 extrapolated using a country-level OLS linear trend fitted over 2019-2024 and floored at zero; Zijie regional growth indexed to 2025 thereafter,40.0,42.21260850710113,44.42521701420227,46.6378255213034,48.850434028404536,51.06304253550567,53.2756510426068,57.902768850857,63.2551515255316,68.92027122634536,74.93116949606713,81.30041736733774,88.03914650589589,95.12975405509607,102.53970141431488,110.24346137260632,118.21972828683522,126.45844269867638,134.96818084587827,143.7663154303382,152.8895620686011,162.38457684168623,172.28241779750542,182.6189381479116,193.40338275055558,204.62086375171336,216.2610754093239,228.29861700379752,240.69017012546175,253.38900777266284,266.3700671067122,279.6184530286063
Philippines,PH,PHL,IDN,Rest of World,Secondary aluminium ingot production,kt,0.0,0.0,No 2019 secondary producer share; assigned zero,0.0,0.0,,Existing values retained through 2024; 2025 extrapolated using a country-level OLS linear trend fitted over 2019-2024 and floored at zero; Zijie regional growth indexed to 2025 thereafter,0.0,0.0,0.0,0.0,0.0,0.0,0.0,0.0,0.0,0.0,0.0,0.0,0.0,0.0,0.0,0.0,0.0,0.0,0.0,0.0,0.0,0.0,0.0,0.0,0.0,0.0,0.0,0.0,0.0,0.0,0.0,0.0
Viet Nam,VN,VNM,IDN,Other Asia,Secondary aluminium ingot production,kt,0.0,0.0,No 2019 secondary producer share; assigned zero,0.0,0.0,,Existing values retained through 2024; 2025 extrapolated using a country-level OLS linear trend fitted over 2019-2024 and floored at zero; Zijie regional growth indexed to 2025 thereafter,0.0,0.0,0.0,0.0,0.0,0.0,0.0,0.0,0.0,0.0,0.0,0.0,0.0,0.0,0.0,0.0,0.0,0.0,0.0,0.0,0.0,0.0,0.0,0.0,0.0,0.0,0.0,0.0,0.0,0.0,0.0,0.0
India,IN,IND,IND,Other Asia,Secondary aluminium ingot production,kt,1390.0,0.3736559139784946,OMNIA 2019 region total allocated using INF_Data secondary-country weights,76.88814562176438,1851.3288737305863,0.9645337024132956,Existing values retained through 2024; 2025 extrapolated using a country-level OLS linear trend fitted over 2019-2024 and floored at zero; Zijie regional growth indexed to 2025 thereafter,1390.0,1466.8881456217644,1543.7762912435287,1620.664436865293,1697.5525824870574,1774.4407281088218,1851.3288737305863,2012.1212175672806,2198.116515512223,2394.9794251155013,2603.8581399883324,2825.1895035149864,3059.360341079882,3305.7589534145886,3563.2546241474415,3830.9602826980695,4108.135557967524,4394.430883779004,4690.14428439427,4995.879461204253,5312.912281883888,5642.864045248596,5986.814018463313,6346.008100639928,6720.767550581806,7110.575015372038,7515.072370474005,7933.3769408819635,8363.983411859796,8805.268020100033,9256.35983195825,9716.741242744069
Bangladesh,BD,BGD,ASO,Rest of World,Secondary aluminium ingot production,kt,0.0,0.0,No 2019 secondary producer share; assigned zero,0.0,0.0,,Existing values retained through 2024; 2025 extrapolated using a country-level OLS linear trend fitted over 2019-2024 and floored at zero; Zijie regional growth indexed to 2025 thereafter,0.0,0.0,0.0,0.0,0.0,0.0,0.0,0.0,0.0,0.0,0.0,0.0,0.0,0.0,0.0,0.0,0.0,0.0,0.0,0.0,0.0,0.0,0.0,0.0,0.0,0.0,0.0,0.0,0.0,0.0,0.0,0.0
Nepal,NP,NPL,ASO,Rest of World,Secondary aluminium ingot production,kt,0.0,0.0,No 2019 secondary producer share; assigned zero,0.0,0.0,,Existing values retained through 2024; 2025 extrapolated using a country-level OLS linear trend fitted over 2019-2024 and floored at zero; Zijie regional growth indexed to 2025 thereafter,0.0,0.0,0.0,0.0,0.0,0.0,0.0,0.0,0.0,0.0,0.0,0.0,0.0,0.0,0.0,0.0,0.0,0.0,0.0,0.0,0.0,0.0,0.0,0.0,0.0,0.0,0.0,0.0,0.0,0.0,0.0,0.0
Sri Lanka,LK,LKA,ASO,Rest of World,Secondary aluminium ingot production,kt,0.0,0.0,No 2019 secondary producer share; assigned zero,0.0,0.0,,Existing values retained through 2024; 2025 extrapolated using a country-level OLS linear trend fitted over 2019-2024 and floored at zero; Zijie regional growth indexed to 2025 thereafter,0.0,0.0,0.0,0.0,0.0,0.0,0.0,0.0,0.0,0.0,0.0,0.0,0.0,0.0,0.0,0.0,0.0,0.0,0.0,0.0,0.0,0.0,0.0,0.0,0.0,0.0,0.0,0.0,0.0,0.0,0.0,0.0
Pakistan,PK,PAK,ASO,Other Asia,Secondary aluminium ingot production,kt,0.0,0.0,No 2019 secondary producer share; assigned zero,0.0,0.0,,Existing values retained through 2024; 2025 extrapolated using a country-level OLS linear trend fitted over 2019-2024 and floored at zero; Zijie regional growth indexed to 2025 thereafter,0.0,0.0,0.0,0.0,0.0,0.0,0.0,0.0,0.0,0.0,0.0,0.0,0.0,0.0,0.0,0.0,0.0,0.0,0.0,0.0,0.0,0.0,0.0,0.0,0.0,0.0,0.0,0.0,0.0,0.0,0.0,0.0
Bhutan,BT,BTN,ASO,Rest of World,Secondary aluminium ingot production,kt,0.0,0.0,No 2019 secondary producer share; assigned zero,0.0,0.0,,Existing values retained through 2024; 2025 extrapolated using a country-level OLS linear trend fitted over 2019-2024 and floored at zero; Zijie regional growth indexed to 2025 thereafter,0.0,0.0,0.0,0.0,0.0,0.0,0.0,0.0,0.0,0.0,0.0,0.0,0.0,0.0,0.0,0.0,0.0,0.0,0.0,0.0,0.0,0.0,0.0,0.0,0.0,0.0,0.0,0.0,0.0,0.0,0.0,0.0
Maldives,MV,MDV,ASO,Rest of World,Secondary aluminium ingot production,kt,0.0,0.0,No 2019 secondary producer share; assigned zero,0.0,0.0,,Existing values retained through 2024; 2025 extrapolated using a country-level OLS linear trend fitted over 2019-2024 and floored at zero; Zijie regional growth indexed to 2025 thereafter,0.0,0.0,0.0,0.0,0.0,0.0,0.0,0.0,0.0,0.0,0.0,0.0,0.0,0.0,0.0,0.0,0.0,0.0,0.0,0.0,0.0,0.0,0.0,0.0,0.0,0.0,0.0,0.0,0.0,0.0,0.0,0.0
Japan,JP,JPN,JPN,Japan,Secondary aluminium ingot production,kt,1320.0,1.0,OMNIA 2019 region total allocated using INF_Data secondary-country weights,134.4797756674737,2126.8786540048427,0.8139611507433755,Existing values retained through 2024; 2025 extrapolated using a country-level OLS linear trend fitted over 2019-2024 and floored at zero; Zijie regional growth indexed to 2025 thereafter,1320.0,1454.479775667474,1588.9595513349475,1723.4393270024214,1857.919102669895,1992.3988783373688,2126.8786540048427,1952.8260613815642,1798.6909121871345,1662.863203775751,1543.089798253947,1437.0838171095406,1343.6632757961133,1262.9895559400516,1194.901817247426,1138.7140873582396,1094.3267707737332,1063.308580135457,1044.69358845063,1037.709304852895,1040.8084040132449,1051.8282528210318,1068.636167825842,1091.2935465223052,1117.1412640286192,1141.649795414469,1162.890829753891,1179.7184465147102,1191.291727296253,1196.068092730615,1192.9682705087612,1182.504838325373
"Taiwan, Province of China",TW,TWN,SKT,Other Asia,Secondary aluminium ingot production,kt,0.0,0.0,No 2019 secondary producer share; assigned zero,0.0,0.0,,Existing values retained through 2024; 2025 extrapolated using a country-level OLS linear trend fitted over 2019-2024 and floored at zero; Zijie regional growth indexed to 2025 thereafter,0.0,0.0,0.0,0.0,0.0,0.0,0.0,0.0,0.0,0.0,0.0,0.0,0.0,0.0,0.0,0.0,0.0,0.0,0.0,0.0,0.0,0.0,0.0,0.0,0.0,0.0,0.0,0.0,0.0,0.0,0.0,0.0
Republic of Korea,KR,KOR,SKT,Other Asia,Secondary aluminium ingot production,kt,2000.0,0.5376344086021505,OMNIA 2019 region total allocated using INF_Data secondary-country weights,110.63042535505654,2663.7825521303394,0.9645337024132955,Existing values retained through 2024; 2025 extrapolated using a country-level OLS linear trend fitted over 2019-2024 and floored at zero; Zijie regional growth indexed to 2025 thereafter,2000.0,2110.630425355057,2221.260850710113,2331.8912760651697,2442.5217014202262,2553.152126775283,2663.7825521303394,2895.138442542849,3162.757576276579,3446.0135613172674,3746.558474803355,4065.020868366886,4401.957325294793,4756.487702754802,5126.985070715742,5512.173068630314,5910.986414341759,6322.922134933817,6748.409042293911,7188.315771516909,7644.478103430052,8119.228842084309,8614.120889875268,9130.946907395577,9670.169137527777,10231.043187585665,10813.053770466191,11414.930850189872,12034.508506273083,12669.450388633139,13318.503355335608,13980.922651430312
Australia,AU,AUS,ANZ,Other main producer,Secondary aluminium ingot production,kt,719.2087454450807,0.5611036980776043,OMNIA 2019 region total allocated using OMNIA primary-production shares; no secondary-country weights available,62.71313310873125,1095.4875440974681,0.9305682069820952,Existing values retained through 2024; 2025 extrapolated using a country-level OLS linear trend fitted over 2019-2024 and floored at zero; Zijie regional growth indexed to 2025 thereafter,719.2087454450807,781.9218785538119,844.6350116625432,907.3481447712744,970.0612778800056,1032.774410988737,1095.4875440974681,1257.926650935399,1284.3804813707463,1310.9085847146257,1334.070138763407,1356.511527771304,1379.145865599673,1403.168663465625,1429.8714964383714,1459.6876834210157,1492.7796772365873,1528.8705124793962,1567.1207703508135,1606.7301329199381,1647.4645606748563,1689.291201434271,1732.3314844730419,1776.7957570552473,1822.4648704495046,1869.2849653513922,1917.3587706996113,1966.561804590108,2016.7409686995015,2067.508698840374,2118.718427512273,2170.5550056514294
New Zealand,NZ,NZL,ANZ,Other main producer,Secondary aluminium ingot production,kt,160.79125455491933,0.1254442025638465,OMNIA 2019 region total allocated using OMNIA primary-production shares; no secondary-country weights available,14.020579440232275,244.91473119631297,0.9305682069820953,Existing values retained through 2024; 2025 extrapolated using a country-level OLS linear trend fitted over 2019-2024 and floored at zero; Zijie regional growth indexed to 2025 thereafter,160.79125455491933,174.8118339951516,188.8324134353839,202.85299287561617,216.87357231584843,230.8941517560807,244.91473119631297,281.2307353365128,287.1449356440331,293.07574091390677,298.25389726494006,303.27104856543167,308.3313368315193,313.702038774799,319.671907802464,326.33781966928444,333.73609344588675,341.80480884093515,350.35629961346217,359.21164118146396,368.3185100617036,377.6695615945409,387.2919433439731,397.2326819913324,407.442783138711,417.91020562951513,428.65791625195135,439.6580849752408,450.8764840850478,462.22646706558686,473.6752662782216,485.26420826984196
United States of America,US,USA,USA,North America,Secondary aluminium ingot production,kt,3870.0,0.6923076923076923,OMNIA 2019 region total allocated using INF_Data secondary-country weights,181.81173017590368,4960.8703810554225,1.0193656550317234,Existing values retained through 2024; 2025 extrapolated using a country-level OLS linear trend fitted over 2019-2024 and floored at zero; Zijie regional growth indexed to 2025 thereafter,3870.0,4051.811730175904,4233.623460351808,4415.435190527711,4597.246920703615,4779.058650879519,4960.8703810554225,4940.42591799089,5003.314407334185,5072.808226501284,5150.692577689865,5233.191309782626,5319.755063161543,5412.1502912281985,5508.8573698788705,5609.459720370732,5714.516919360358,5822.625109685711,5933.155106232083,6047.02125288274,6162.601280196661,6277.230774691498,6391.030654188565,6504.880164828125,6618.3335730106455,6728.767254578597,6735.645635618911,6736.922740662213,6738.198850747935,6739.970177496278,6735.641128404204,6734.962305268304
Canada,CA,CAN,CAN,North America,Secondary aluminium ingot production,kt,1710.0,0.3059033989266547,OMNIA 2019 region total allocated using INF_Data secondary-country weights,80.33541565912019,2192.0124939547213,1.0193656550317232,Existing values retained through 2024; 2025 extrapolated using a country-level OLS linear trend fitted over 2019-2024 and floored at zero; Zijie regional growth indexed to 2025 thereafter,1710.0,1790.3354156591204,1870.6708313182403,1951.006246977361,2031.341662636481,2111.6770782956014,2192.0124939547213,2182.978893995975,2210.7668311476627,2241.4734024075437,2275.8874180490097,2312.3403461830208,2350.5894465132396,2391.415244961297,2434.1462797139193,2478.598481094044,2525.0191039034135,2572.7878391634536,2621.626674846734,2671.9396233667917,2723.009867993873,2773.660109747406,2823.9437774321564,2874.249375156613,2924.3799508651687,2973.176228767287,2976.215513413007,2976.779815641443,2977.3436782374592,2978.126357498355,2976.21352185302,2975.9135767464595
Argentina,AR,ARG,LAM,South America,Secondary aluminium ingot production,kt,255.2183908045977,0.1784743991640543,OMNIA 2019 region total allocated using OMNIA primary-production shares; no secondary-country weights available,19.94272136190501,374.8747189760278,1.0203711062584138,Existing values retained through 2024; 2025 extrapolated using a country-level OLS linear trend fitted over 2019-2024 and floored at zero; Zijie regional growth indexed to 2025 thereafter,255.2183908045977,275.16111216650273,295.10383352840773,315.04655489031273,334.9892762522178,354.9319976141228,374.8747189760278,390.63892813155337,407.8910646810191,424.5476212580984,440.7904267109085,456.87002553674256,472.9987230355839,489.2497680027915,505.6367420730346,522.091005055594,538.5486956719187,554.8700802453127,570.9509885693783,586.835423417116,602.6274792904451,618.4258566155294,634.3544577552589,650.487908121899,666.8699904493967,683.5116260591445,700.337337201022,717.2593451736946,734.166792453419,750.9768576628265,767.5761934415599,783.8855247841103
Venezuela (Bolivarian Republic of),VE,VEN,LAM,South America,Secondary aluminium ingot production,kt,4.781609195402298,0.0033437826541274,OMNIA 2019 region total allocated using OMNIA primary-production shares; no secondary-country weights available,0.3736341238764406,7.023413938660942,1.0203711062584138,Existing values retained through 2024; 2025 extrapolated using a country-level OLS linear trend fitted over 2019-2024 and floored at zero; Zijie regional growth indexed to 2025 thereafter,4.781609195402298,5.155243319278739,5.52887744315518,5.90251156703162,6.276145690908061,6.649779814784502,7.023413938660942,7.318762119560719,7.641987160300124,7.954053794062734,8.25836865032147,8.559625771180189,8.861802773500402,9.1662720000523,9.473287907691516,9.781564497528693,10.089905305328688,10.3956923699356,10.696974024719031,10.994574677604046,11.290444576870165,11.58643291082959,11.884861035227331,12.187127084251033,12.494051343314224,12.805838427337603,13.121074233274419,13.4381141952917,13.754881357441107,14.06982403115366,14.380818612488241,14.686379855440007
Colombia,CO,COL,LAM,Rest of World,Secondary aluminium ingot production,kt,0.0,0.0,No 2019 secondary producer share; assigned zero,0.0,0.0,,Existing values retained through 2024; 2025 extrapolated using a country-level OLS linear trend fitted over 2019-2024 and floored at zero; Zijie regional growth indexed to 2025 thereafter,0.0,0.0,0.0,0.0,0.0,0.0,0.0,0.0,0.0,0.0,0.0,0.0,0.0,0.0,0.0,0.0,0.0,0.0,0.0,0.0,0.0,0.0,0.0,0.0,0.0,0.0,0.0,0.0,0.0,0.0,0.0,0.0
Peru,PE,PER,LAM,Rest of World,Secondary aluminium ingot production,kt,0.0,0.0,No 2019 secondary producer share; assigned zero,0.0,0.0,,Existing values retained through 2024; 2025 extrapolated using a country-level OLS linear trend fitted over 2019-2024 and floored at zero; Zijie regional growth indexed to 2025 thereafter,0.0,0.0,0.0,0.0,0.0,0.0,0.0,0.0,0.0,0.0,0.0,0.0,0.0,0.0,0.0,0.0,0.0,0.0,0.0,0.0,0.0,0.0,0.0,0.0,0.0,0.0,0.0,0.0,0.0,0.0,0.0,0.0
Trinidad and Tobago,TT,TTO,LAM,Rest of World,Secondary aluminium ingot production,kt,0.0,0.0,No 2019 secondary producer share; assigned zero,0.0,0.0,,Existing values retained through 2024; 2025 extrapolated using a country-level OLS linear trend fitted over 2019-2024 and floored at zero; Zijie regional growth indexed to 2025 thereafter,0.0,0.0,0.0,0.0,0.0,0.0,0.0,0.0,0.0,0.0,0.0,0.0,0.0,0.0,0.0,0.0,0.0,0.0,0.0,0.0,0.0,0.0,0.0,0.0,0.0,0.0,0.0,0.0,0.0,0.0,0.0,0.0
Ecuador,EC,ECU,LAM,Rest of World,Secondary aluminium ingot production,kt,0.0,0.0,No 2019 secondary producer share; assigned zero,0.0,0.0,,Existing values retained through 2024; 2025 extrapolated using a country-level OLS linear trend fitted over 2019-2024 and floored at zero; Zijie regional growth indexed to 2025 thereafter,0.0,0.0,0.0,0.0,0.0,0.0,0.0,0.0,0.0,0.0,0.0,0.0,0.0,0.0,0.0,0.0,0.0,0.0,0.0,0.0,0.0,0.0,0.0,0.0,0.0,0.0,0.0,0.0,0.0,0.0,0.0,0.0
Guatemala,GT,GTM,LAM,Rest of World,Secondary aluminium ingot production,kt,0.0,0.0,No 2019 secondary producer share; assigned zero,0.0,0.0,,Existing values retained through 2024; 2025 extrapolated using a country-level OLS linear trend fitted over 2019-2024 and floored at zero; Zijie regional growth indexed to 2025 thereafter,0.0,0.0,0.0,0.0,0.0,0.0,0.0,0.0,0.0,0.0,0.0,0.0,0.0,0.0,0.0,0.0,0.0,0.0,0.0,0.0,0.0,0.0,0.0,0.0,0.0,0.0,0.0,0.0,0.0,0.0,0.0,0.0
Cuba,CU,CUB,LAM,Rest of World,Secondary aluminium ingot production,kt,0.0,0.0,No 2019 secondary producer share; assigned zero,0.0,0.0,,Existing values retained through 2024; 2025 extrapolated using a country-level OLS linear trend fitted over 2019-2024 and floored at zero; Zijie regional growth indexed to 2025 thereafter,0.0,0.0,0.0,0.0,0.0,0.0,0.0,0.0,0.0,0.0,0.0,0.0,0.0,0.0,0.0,0.0,0.0,0.0,0.0,0.0,0.0,0.0,0.0,0.0,0.0,0.0,0.0,0.0,0.0,0.0,0.0,0.0
Bolivia (Plurinational State of),BO,BOL,LAM,Rest of World,Secondary aluminium ingot production,kt,0.0,0.0,No 2019 secondary producer share; assigned zero,0.0,0.0,,Existing values retained through 2024; 2025 extrapolated using a country-level OLS linear trend fitted over 2019-2024 and floored at zero; Zijie regional growth indexed to 2025 thereafter,0.0,0.0,0.0,0.0,0.0,0.0,0.0,0.0,0.0,0.0,0.0,0.0,0.0,0.0,0.0,0.0,0.0,0.0,0.0,0.0,0.0,0.0,0.0,0.0,0.0,0.0,0.0,0.0,0.0,0.0,0.0,0.0
Dominican Republic,DO,DOM,LAM,South America,Secondary aluminium ingot production,kt,0.0,0.0,No 2019 secondary producer share; assigned zero,0.0,0.0,,Existing values retained through 2024; 2025 extrapolated using a country-level OLS linear trend fitted over 2019-2024 and floored at zero; Zijie regional growth indexed to 2025 thereafter,0.0,0.0,0.0,0.0,0.0,0.0,0.0,0.0,0.0,0.0,0.0,0.0,0.0,0.0,0.0,0.0,0.0,0.0,0.0,0.0,0.0,0.0,0.0,0.0,0.0,0.0,0.0,0.0,0.0,0.0,0.0,0.0
Honduras,HN,HND,LAM,Rest of World,Secondary aluminium ingot production,kt,0.0,0.0,No 2019 secondary producer share; assigned zero,0.0,0.0,,Existing values retained through 2024; 2025 extrapolated using a country-level OLS linear trend fitted over 2019-2024 and floored at zero; Zijie regional growth indexed to 2025 thereafter,0.0,0.0,0.0,0.0,0.0,0.0,0.0,0.0,0.0,0.0,0.0,0.0,0.0,0.0,0.0,0.0,0.0,0.0,0.0,0.0,0.0,0.0,0.0,0.0,0.0,0.0,0.0,0.0,0.0,0.0,0.0,0.0
Paraguay,PY,PRY,LAM,Rest of World,Secondary aluminium ingot production,kt,0.0,0.0,No 2019 secondary producer share; assigned zero,0.0,0.0,,Existing values retained through 2024; 2025 extrapolated using a country-level OLS linear trend fitted over 2019-2024 and floored at zero; Zijie regional growth indexed to 2025 thereafter,0.0,0.0,0.0,0.0,0.0,0.0,0.0,0.0,0.0,0.0,0.0,0.0,0.0,0.0,0.0,0.0,0.0,0.0,0.0,0.0,0.0,0.0,0.0,0.0,0.0,0.0,0.0,0.0,0.0,0.0,0.0,0.0
Uruguay,UY,URY,LAM,Rest of World,Secondary aluminium ingot production,kt,0.0,0.0,No 2019 secondary producer share; assigned zero,0.0,0.0,,Existing values retained through 2024; 2025 extrapolated using a country-level OLS linear trend fitted over 2019-2024 and floored at zero; Zijie regional growth indexed to 2025 thereafter,0.0,0.0,0.0,0.0,0.0,0.0,0.0,0.0,0.0,0.0,0.0,0.0,0.0,0.0,0.0,0.0,0.0,0.0,0.0,0.0,0.0,0.0,0.0,0.0,0.0,0.0,0.0,0.0,0.0,0.0,0.0,0.0
Costa Rica,CR,CRI,LAM,Rest of World,Secondary aluminium ingot production,kt,0.0,0.0,No 2019 secondary producer share; assigned zero,0.0,0.0,,Existing values retained through 2024; 2025 extrapolated using a country-level OLS linear trend fitted over 2019-2024 and floored at zero; Zijie regional growth indexed to 2025 thereafter,0.0,0.0,0.0,0.0,0.0,0.0,0.0,0.0,0.0,0.0,0.0,0.0,0.0,0.0,0.0,0.0,0.0,0.0,0.0,0.0,0.0,0.0,0.0,0.0,0.0,0.0,0.0,0.0,0.0,0.0,0.0,0.0
El Salvador,SV,SLV,LAM,Rest of World,Secondary aluminium ingot production,kt,0.0,0.0,No 2019 secondary producer share; assigned zero,0.0,0.0,,Existing values retained through 2024; 2025 extrapolated using a country-level OLS linear trend fitted over 2019-2024 and floored at zero; Zijie regional growth indexed to 2025 thereafter,0.0,0.0,0.0,0.0,0.0,0.0,0.0,0.0,0.0,0.0,0.0,0.0,0.0,0.0,0.0,0.0,0.0,0.0,0.0,0.0,0.0,0.0,0.0,0.0,0.0,0.0,0.0,0.0,0.0,0.0,0.0,0.0
Haiti,HT,HTI,LAM,South America,Secondary aluminium ingot production,kt,0.0,0.0,No 2019 secondary producer share; assigned zero,0.0,0.0,,Existing values retained through 2024; 2025 extrapolated using a country-level OLS linear trend fitted over 2019-2024 and floored at zero; Zijie regional growth indexed to 2025 thereafter,0.0,0.0,0.0,0.0,0.0,0.0,0.0,0.0,0.0,0.0,0.0,0.0,0.0,0.0,0.0,0.0,0.0,0.0,0.0,0.0,0.0,0.0,0.0,0.0,0.0,0.0,0.0,0.0,0.0,0.0,0.0,0.0
Panama,PA,PAN,LAM,Rest of World,Secondary aluminium ingot production,kt,0.0,0.0,No 2019 secondary producer share; assigned zero,0.0,0.0,,Existing values retained through 2024; 2025 extrapolated using a country-level OLS linear trend fitted over 2019-2024 and floored at zero; Zijie regional growth indexed to 2025 thereafter,0.0,0.0,0.0,0.0,0.0,0.0,0.0,0.0,0.0,0.0,0.0,0.0,0.0,0.0,0.0,0.0,0.0,0.0,0.0,0.0,0.0,0.0,0.0,0.0,0.0,0.0,0.0,0.0,0.0,0.0,0.0,0.0
Nicaragua,NI,NIC,LAM,Rest of World,Secondary aluminium ingot production,kt,0.0,0.0,No 2019 secondary producer share; assigned zero,0.0,0.0,,Existing values retained through 2024; 2025 extrapolated using a country-level OLS linear trend fitted over 2019-2024 and floored at zero; Zijie regional growth indexed to 2025 thereafter,0.0,0.0,0.0,0.0,0.0,0.0,0.0,0.0,0.0,0.0,0.0,0.0,0.0,0.0,0.0,0.0,0.0,0.0,0.0,0.0,0.0,0.0,0.0,0.0,0.0,0.0,0.0,0.0,0.0,0.0,0.0,0.0
Jamaica,JM,JAM,LAM,South America,Secondary aluminium ingot production,kt,0.0,0.0,No 2019 secondary producer share; assigned zero,0.0,0.0,,Existing values retained through 2024; 2025 extrapolated using a country-level OLS linear trend fitted over 2019-2024 and floored at zero; Zijie regional growth indexed to 2025 thereafter,0.0,0.0,0.0,0.0,0.0,0.0,0.0,0.0,0.0,0.0,0.0,0.0,0.0,0.0,0.0,0.0,0.0,0.0,0.0,0.0,0.0,0.0,0.0,0.0,0.0,0.0,0.0,0.0,0.0,0.0,0.0,0.0
Curaçao,CW,CUW,LAM,Rest of World,Secondary aluminium ingot production,kt,0.0,0.0,No 2019 secondary producer share; assigned zero,0.0,0.0,,Existing values retained through 2024; 2025 extrapolated using a country-level OLS linear trend fitted over 2019-2024 and floored at zero; Zijie regional growth indexed to 2025 thereafter,0.0,0.0,0.0,0.0,0.0,0.0,0.0,0.0,0.0,0.0,0.0,0.0,0.0,0.0,0.0,0.0,0.0,0.0,0.0,0.0,0.0,0.0,0.0,0.0,0.0,0.0,0.0,0.0,0.0,0.0,0.0,0.0
Suriname,SR,SUR,LAM,South America,Secondary aluminium ingot production,kt,0.0,0.0,No 2019 secondary producer share; assigned zero,0.0,0.0,,Existing values retained through 2024; 2025 extrapolated using a country-level OLS linear trend fitted over 2019-2024 and floored at zero; Zijie regional growth indexed to 2025 thereafter,0.0,0.0,0.0,0.0,0.0,0.0,0.0,0.0,0.0,0.0,0.0,0.0,0.0,0.0,0.0,0.0,0.0,0.0,0.0,0.0,0.0,0.0,0.0,0.0,0.0,0.0,0.0,0.0,0.0,0.0,0.0,0.0
Antigua and Barbuda,AG,ATG,LAM,Rest of World,Secondary aluminium ingot production,kt,0.0,0.0,No 2019 secondary producer share; assigned zero,0.0,0.0,,Existing values retained through 2024; 2025 extrapolated using a country-level OLS linear trend fitted over 2019-2024 and floored at zero; Zijie regional growth indexed to 2025 thereafter,0.0,0.0,0.0,0.0,0.0,0.0,0.0,0.0,0.0,0.0,0.0,0.0,0.0,0.0,0.0,0.0,0.0,0.0,0.0,0.0,0.0,0.0,0.0,0.0,0.0,0.0,0.0,0.0,0.0,0.0,0.0,0.0
Aruba,AW,ABW,LAM,Rest of World,Secondary aluminium ingot production,kt,0.0,0.0,No 2019 secondary producer share; assigned zero,0.0,0.0,,Existing values retained through 2024; 2025 extrapolated using a country-level OLS linear trend fitted over 2019-2024 and floored at zero; Zijie regional growth indexed to 2025 thereafter,0.0,0.0,0.0,0.0,0.0,0.0,0.0,0.0,0.0,0.0,0.0,0.0,0.0,0.0,0.0,0.0,0.0,0.0,0.0,0.0,0.0,0.0,0.0,0.0,0.0,0.0,0.0,0.0,0.0,0.0,0.0,0.0
Bahamas,BS,BHS,LAM,Rest of World,Secondary aluminium ingot production,kt,0.0,0.0,No 2019 secondary producer share; assigned zero,0.0,0.0,,Existing values retained through 2024; 2025 extrapolated using a country-level OLS linear trend fitted over 2019-2024 and floored at zero; Zijie regional growth indexed to 2025 thereafter,0.0,0.0,0.0,0.0,0.0,0.0,0.0,0.0,0.0,0.0,0.0,0.0,0.0,0.0,0.0,0.0,0.0,0.0,0.0,0.0,0.0,0.0,0.0,0.0,0.0,0.0,0.0,0.0,0.0,0.0,0.0,0.0
Barbados,BB,BRB,LAM,Rest of World,Secondary aluminium ingot production,kt,0.0,0.0,No 2019 secondary producer share; assigned zero,0.0,0.0,,Existing values retained through 2024; 2025 extrapolated using a country-level OLS linear trend fitted over 2019-2024 and floored at zero; Zijie regional growth indexed to 2025 thereafter,0.0,0.0,0.0,0.0,0.0,0.0,0.0,0.0,0.0,0.0,0.0,0.0,0.0,0.0,0.0,0.0,0.0,0.0,0.0,0.0,0.0,0.0,0.0,0.0,0.0,0.0,0.0,0.0,0.0,0.0,0.0,0.0
Belize,BZ,BLZ,LAM,Rest of World,Secondary aluminium ingot production,kt,0.0,0.0,No 2019 secondary producer share; assigned zero,0.0,0.0,,Existing values retained through 2024; 2025 extrapolated using a country-level OLS linear trend fitted over 2019-2024 and floored at zero; Zijie regional growth indexed to 2025 thereafter,0.0,0.0,0.0,0.0,0.0,0.0,0.0,0.0,0.0,0.0,0.0,0.0,0.0,0.0,0.0,0.0,0.0,0.0,0.0,0.0,0.0,0.0,0.0,0.0,0.0,0.0,0.0,0.0,0.0,0.0,0.0,0.0
Bermuda,BM,BMU,LAM,Rest of World,Secondary aluminium ingot production,kt,0.0,0.0,No 2019 secondary producer share; assigned zero,0.0,0.0,,Existing values retained through 2024; 2025 extrapolated using a country-level OLS linear trend fitted over 2019-2024 and floored at zero; Zijie regional growth indexed to 2025 thereafter,0.0,0.0,0.0,0.0,0.0,0.0,0.0,0.0,0.0,0.0,0.0,0.0,0.0,0.0,0.0,0.0,0.0,0.0,0.0,0.0,0.0,0.0,0.0,0.0,0.0,0.0,0.0,0.0,0.0,0.0,0.0,0.0
British Virgin Islands,VG,VGB,LAM,Rest of World,Secondary aluminium ingot production,kt,0.0,0.0,No 2019 secondary producer share; assigned zero,0.0,0.0,,Existing values retained through 2024; 2025 extrapolated using a country-level OLS linear trend fitted over 2019-2024 and floored at zero; Zijie regional growth indexed to 2025 thereafter,0.0,0.0,0.0,0.0,0.0,0.0,0.0,0.0,0.0,0.0,0.0,0.0,0.0,0.0,0.0,0.0,0.0,0.0,0.0,0.0,0.0,0.0,0.0,0.0,0.0,0.0,0.0,0.0,0.0,0.0,0.0,0.0
Cayman Islands,KY,CYM,LAM,Rest of World,Secondary aluminium ingot production,kt,0.0,0.0,No 2019 secondary producer share; assigned zero,0.0,0.0,,Existing values retained through 2024; 2025 extrapolated using a country-level OLS linear trend fitted over 2019-2024 and floored at zero; Zijie regional growth indexed to 2025 thereafter,0.0,0.0,0.0,0.0,0.0,0.0,0.0,0.0,0.0,0.0,0.0,0.0,0.0,0.0,0.0,0.0,0.0,0.0,0.0,0.0,0.0,0.0,0.0,0.0,0.0,0.0,0.0,0.0,0.0,0.0,0.0,0.0
Dominica,DM,DMA,LAM,Rest of World,Secondary aluminium ingot production,kt,0.0,0.0,No 2019 secondary producer share; assigned zero,0.0,0.0,,Existing values retained through 2024; 2025 extrapolated using a country-level OLS linear trend fitted over 2019-2024 and floored at zero; Zijie regional growth indexed to 2025 thereafter,0.0,0.0,0.0,0.0,0.0,0.0,0.0,0.0,0.0,0.0,0.0,0.0,0.0,0.0,0.0,0.0,0.0,0.0,0.0,0.0,0.0,0.0,0.0,0.0,0.0,0.0,0.0,0.0,0.0,0.0,0.0,0.0
Falkland Islands (Malvinas),FK,FLK,LAM,Rest of World,Secondary aluminium ingot production,kt,0.0,0.0,No 2019 secondary producer share; assigned zero,0.0,0.0,,Existing values retained through 2024; 2025 extrapolated using a country-level OLS linear trend fitted over 2019-2024 and floored at zero; Zijie regional growth indexed to 2025 thereafter,0.0,0.0,0.0,0.0,0.0,0.0,0.0,0.0,0.0,0.0,0.0,0.0,0.0,0.0,0.0,0.0,0.0,0.0,0.0,0.0,0.0,0.0,0.0,0.0,0.0,0.0,0.0,0.0,0.0,0.0,0.0,0.0
Guyana,GY,GUY,LAM,South America,Secondary aluminium ingot production,kt,0.0,0.0,No 2019 secondary producer share; assigned zero,0.0,0.0,,Existing values retained through 2024; 2025 extrapolated using a country-level OLS linear trend fitted over 2019-2024 and floored at zero; Zijie regional growth indexed to 2025 thereafter,0.0,0.0,0.0,0.0,0.0,0.0,0.0,0.0,0.0,0.0,0.0,0.0,0.0,0.0,0.0,0.0,0.0,0.0,0.0,0.0,0.0,0.0,0.0,0.0,0.0,0.0,0.0,0.0,0.0,0.0,0.0,0.0
Grenada,GD,GRD,LAM,Rest of World,Secondary aluminium ingot production,kt,0.0,0.0,No 2019 secondary producer share; assigned zero,0.0,0.0,,Existing values retained through 2024; 2025 extrapolated using a country-level OLS linear trend fitted over 2019-2024 and floored at zero; Zijie regional growth indexed to 2025 thereafter,0.0,0.0,0.0,0.0,0.0,0.0,0.0,0.0,0.0,0.0,0.0,0.0,0.0,0.0,0.0,0.0,0.0,0.0,0.0,0.0,0.0,0.0,0.0,0.0,0.0,0.0,0.0,0.0,0.0,0.0,0.0,0.0
Guadeloupe,GP,GLP,LAM,Rest of World,Secondary aluminium ingot production,kt,0.0,0.0,No 2019 secondary producer share; assigned zero,0.0,0.0,,Existing values retained through 2024; 2025 extrapolated using a country-level OLS linear trend fitted over 2019-2024 and floored at zero; Zijie regional growth indexed to 2025 thereafter,0.0,0.0,0.0,0.0,0.0,0.0,0.0,0.0,0.0,0.0,0.0,0.0,0.0,0.0,0.0,0.0,0.0,0.0,0.0,0.0,0.0,0.0,0.0,0.0,0.0,0.0,0.0,0.0,0.0,0.0,0.0,0.0
Cooperative Republic of Guyana,GY,GUY,LAM,South America,Secondary aluminium ingot production,kt,0.0,0.0,No 2019 secondary producer share; assigned zero,0.0,0.0,,Existing values retained through 2024; 2025 extrapolated using a country-level OLS linear trend fitted over 2019-2024 and floored at zero; Zijie regional growth indexed to 2025 thereafter,0.0,0.0,0.0,0.0,0.0,0.0,0.0,0.0,0.0,0.0,0.0,0.0,0.0,0.0,0.0,0.0,0.0,0.0,0.0,0.0,0.0,0.0,0.0,0.0,0.0,0.0,0.0,0.0,0.0,0.0,0.0,0.0
Martinique,MQ,MTQ,LAM,Rest of World,Secondary aluminium ingot production,kt,0.0,0.0,No 2019 secondary producer share; assigned zero,0.0,0.0,,Existing values retained through 2024; 2025 extrapolated using a country-level OLS linear trend fitted over 2019-2024 and floored at zero; Zijie regional growth indexed to 2025 thereafter,0.0,0.0,0.0,0.0,0.0,0.0,0.0,0.0,0.0,0.0,0.0,0.0,0.0,0.0,0.0,0.0,0.0,0.0,0.0,0.0,0.0,0.0,0.0,0.0,0.0,0.0,0.0,0.0,0.0,0.0,0.0,0.0
Montserrat,MS,MSR,LAM,Rest of World,Secondary aluminium ingot production,kt,0.0,0.0,No 2019 secondary producer share; assigned zero,0.0,0.0,,Existing values retained through 2024; 2025 extrapolated using a country-level OLS linear trend fitted over 2019-2024 and floored at zero; Zijie regional growth indexed to 2025 thereafter,0.0,0.0,0.0,0.0,0.0,0.0,0.0,0.0,0.0,0.0,0.0,0.0,0.0,0.0,0.0,0.0,0.0,0.0,0.0,0.0,0.0,0.0,0.0,0.0,0.0,0.0,0.0,0.0,0.0,0.0,0.0,0.0
Puerto Rico,PR,PRI,LAM,Rest of World,Secondary aluminium ingot production,kt,0.0,0.0,No 2019 secondary producer share; assigned zero,0.0,0.0,,Existing values retained through 2024; 2025 extrapolated using a country-level OLS linear trend fitted over 2019-2024 and floored at zero; Zijie regional growth indexed to 2025 thereafter,0.0,0.0,0.0,0.0,0.0,0.0,0.0,0.0,0.0,0.0,0.0,0.0,0.0,0.0,0.0,0.0,0.0,0.0,0.0,0.0,0.0,0.0,0.0,0.0,0.0,0.0,0.0,0.0,0.0,0.0,0.0,0.0
"Bonaire, Sint Eustatius and Saba",BQ,BES,LAM,Rest of World,Secondary aluminium ingot production,kt,0.0,0.0,No 2019 secondary producer share; assigned zero,0.0,0.0,,Existing values retained through 2024; 2025 extrapolated using a country-level OLS linear trend fitted over 2019-2024 and floored at zero; Zijie regional growth indexed to 2025 thereafter,0.0,0.0,0.0,0.0,0.0,0.0,0.0,0.0,0.0,0.0,0.0,0.0,0.0,0.0,0.0,0.0,0.0,0.0,0.0,0.0,0.0,0.0,0.0,0.0,0.0,0.0,0.0,0.0,0.0,0.0,0.0,0.0
Saint Kitts and Nevis,KN,KNA,LAM,Rest of World,Secondary aluminium ingot production,kt,0.0,0.0,No 2019 secondary producer share; assigned zero,0.0,0.0,,Existing values retained through 2024; 2025 extrapolated using a country-level OLS linear trend fitted over 2019-2024 and floored at zero; Zijie regional growth indexed to 2025 thereafter,0.0,0.0,0.0,0.0,0.0,0.0,0.0,0.0,0.0,0.0,0.0,0.0,0.0,0.0,0.0,0.0,0.0,0.0,0.0,0.0,0.0,0.0,0.0,0.0,0.0,0.0,0.0,0.0,0.0,0.0,0.0,0.0
Saint Lucia,LC,LCA,LAM,Rest of World,Secondary aluminium ingot production,kt,0.0,0.0,No 2019 secondary producer share; assigned zero,0.0,0.0,,Existing values retained through 2024; 2025 extrapolated using a country-level OLS linear trend fitted over 2019-2024 and floored at zero; Zijie regional growth indexed to 2025 thereafter,0.0,0.0,0.0,0.0,0.0,0.0,0.0,0.0,0.0,0.0,0.0,0.0,0.0,0.0,0.0,0.0,0.0,0.0,0.0,0.0,0.0,0.0,0.0,0.0,0.0,0.0,0.0,0.0,0.0,0.0,0.0,0.0
Saint Pierre and Miquelon,PM,SPM,LAM,Rest of World,Secondary aluminium ingot production,kt,0.0,0.0,No 2019 secondary producer share; assigned zero,0.0,0.0,,Existing values retained through 2024; 2025 extrapolated using a country-level OLS linear trend fitted over 2019-2024 and floored at zero; Zijie regional growth indexed to 2025 thereafter,0.0,0.0,0.0,0.0,0.0,0.0,0.0,0.0,0.0,0.0,0.0,0.0,0.0,0.0,0.0,0.0,0.0,0.0,0.0,0.0,0.0,0.0,0.0,0.0,0.0,0.0,0.0,0.0,0.0,0.0,0.0,0.0
Saint Vincent and the Grenadines,VC,VCT,LAM,Rest of World,Secondary aluminium ingot production,kt,0.0,0.0,No 2019 secondary producer share; assigned zero,0.0,0.0,,Existing values retained through 2024; 2025 extrapolated using a country-level OLS linear trend fitted over 2019-2024 and floored at zero; Zijie regional growth indexed to 2025 thereafter,0.0,0.0,0.0,0.0,0.0,0.0,0.0,0.0,0.0,0.0,0.0,0.0,0.0,0.0,0.0,0.0,0.0,0.0,0.0,0.0,0.0,0.0,0.0,0.0,0.0,0.0,0.0,0.0,0.0,0.0,0.0,0.0
Saint Martin,MF,MAF,LAM,Rest of World,Secondary aluminium ingot production,kt,0.0,0.0,No 2019 secondary producer share; assigned zero,0.0,0.0,,Existing values retained through 2024; 2025 extrapolated using a country-level OLS linear trend fitted over 2019-2024 and floored at zero; Zijie regional growth indexed to 2025 thereafter,0.0,0.0,0.0,0.0,0.0,0.0,0.0,0.0,0.0,0.0,0.0,0.0,0.0,0.0,0.0,0.0,0.0,0.0,0.0,0.0,0.0,0.0,0.0,0.0,0.0,0.0,0.0,0.0,0.0,0.0,0.0,0.0
Turks and Caicos Islands,TC,TCA,LAM,Rest of World,Secondary aluminium ingot production,kt,0.0,0.0,No 2019 secondary producer share; assigned zero,0.0,0.0,,Existing values retained through 2024; 2025 extrapolated using a country-level OLS linear trend fitted over 2019-2024 and floored at zero; Zijie regional growth indexed to 2025 thereafter,0.0,0.0,0.0,0.0,0.0,0.0,0.0,0.0,0.0,0.0,0.0,0.0,0.0,0.0,0.0,0.0,0.0,0.0,0.0,0.0,0.0,0.0,0.0,0.0,0.0,0.0,0.0,0.0,0.0,0.0,0.0,0.0
Sint Maarten (Dutch part),SX,SXM,LAM,Rest of World,Secondary aluminium ingot production,kt,0.0,0.0,No 2019 secondary producer share; assigned zero,0.0,0.0,,Existing values retained through 2024; 2025 extrapolated using a country-level OLS linear trend fitted over 2019-2024 and floored at zero; Zijie regional growth indexed to 2025 thereafter,0.0,0.0,0.0,0.0,0.0,0.0,0.0,0.0,0.0,0.0,0.0,0.0,0.0,0.0,0.0,0.0,0.0,0.0,0.0,0.0,0.0,0.0,0.0,0.0,0.0,0.0,0.0,0.0,0.0,0.0,0.0,0.0
Anguilla,AI,AIA,LAM,Rest of World,Secondary aluminium ingot production,kt,0.0,0.0,No 2019 secondary producer share; assigned zero,0.0,0.0,,Existing values retained through 2024; 2025 extrapolated using a country-level OLS linear trend fitted over 2019-2024 and floored at zero; Zijie regional growth indexed to 2025 thereafter,0.0,0.0,0.0,0.0,0.0,0.0,0.0,0.0,0.0,0.0,0.0,0.0,0.0,0.0,0.0,0.0,0.0,0.0,0.0,0.0,0.0,0.0,0.0,0.0,0.0,0.0,0.0,0.0,0.0,0.0,0.0,0.0
Brazil,BR,BRA,BRA,South America,Secondary aluminium ingot production,kt,1170.0,0.8181818181818182,OMNIA 2019 region total allocated using INF_Data secondary-country weights,91.42359968601663,1718.5415981160997,1.0203711062584138,Existing values retained through 2024; 2025 extrapolated using a country-level OLS linear trend fitted over 2019-2024 and floored at zero; Zijie regional growth indexed to 2025 thereafter,1170.0,1261.4235996860166,1352.8471993720332,1444.2707990580498,1535.6943987440666,1627.1179984300832,1718.5415981160997,1790.809606130014,1869.898733285937,1946.2575377347255,2020.7195791255353,2094.433430885653,2168.37236614088,2242.872180012798,2317.9951349132684,2393.426562989053,2468.873704397614,2543.695976768618,2617.4158316734383,2690.234991426241,2762.630657402919,2835.055302868616,2908.0769345571885,2982.0376584276755,3057.1381880671997,3133.428590189171,3210.562851454335,3288.138567160439,3365.6475321488715,3442.710067622912,3518.8065542432173,3593.5735708779775
Mexico,MX,MEX,MEX,North America,Secondary aluminium ingot production,kt,10.0,0.0017889087656529,OMNIA 2019 region total assigned to the sole country; no secondary or primary weight available,0.4697977523925155,12.818786514355097,1.0193656550317232,Existing values retained through 2024; 2025 extrapolated using a country-level OLS linear trend fitted over 2019-2024 and floored at zero; Zijie regional growth indexed to 2025 thereafter,10.0,10.469797752392516,10.939595504785032,11.409393257177548,11.879191009570064,12.34898876196258,12.818786514355097,12.765958444420907,12.928461000863525,13.108031593026572,13.30928314648544,13.522458164812987,13.746137114112514,13.984884473457878,14.234773565578475,14.494727959614293,14.766193590078442,15.045542919084525,15.33115014530254,15.625377914425684,15.924034315753644,16.22023455992635,16.51429109609448,16.80847587810885,17.101637139562392,17.386995489867175,17.404769084286592,17.40806909731838,17.411366539400348,17.415943611101493,17.40475743773696,17.403003372786312
Chile,CL,CHL,CHL,Rest of World,Secondary aluminium ingot production,kt,0.0,0.0,No 2019 secondary producer share; assigned zero,0.0,0.0,,Existing values retained through 2024; 2025 extrapolated using a country-level OLS linear trend fitted over 2019-2024 and floored at zero; Zijie regional growth indexed to 2025 thereafter,0.0,0.0,0.0,0.0,0.0,0.0,0.0,0.0,0.0,0.0,0.0,0.0,0.0,0.0,0.0,0.0,0.0,0.0,0.0,0.0,0.0,0.0,0.0,0.0,0.0,0.0,0.0,0.0,0.0,0.0,0.0,0.0
Ukraine,UA,UKR,ENE,Europe,Secondary aluminium ingot production,kt,0.0,0.0,No 2019 secondary producer share; assigned zero,0.0,0.0,,Existing values retained through 2024; 2025 extrapolated using a country-level OLS linear trend fitted over 2019-2024 and floored at zero; Zijie regional growth indexed to 2025 thereafter,0.0,0.0,0.0,0.0,0.0,0.0,0.0,0.0,0.0,0.0,0.0,0.0,0.0,0.0,0.0,0.0,0.0,0.0,0.0,0.0,0.0,0.0,0.0,0.0,0.0,0.0,0.0,0.0,0.0,0.0,0.0,0.0
Belarus,BY,BLR,ENE,Rest of World,Secondary aluminium ingot production,kt,0.0,0.0,No 2019 secondary producer share; assigned zero,0.0,0.0,,Existing values retained through 2024; 2025 extrapolated using a country-level OLS linear trend fitted over 2019-2024 and floored at zero; Zijie regional growth indexed to 2025 thereafter,0.0,0.0,0.0,0.0,0.0,0.0,0.0,0.0,0.0,0.0,0.0,0.0,0.0,0.0,0.0,0.0,0.0,0.0,0.0,0.0,0.0,0.0,0.0,0.0,0.0,0.0,0.0,0.0,0.0,0.0,0.0,0.0
Serbia,RS,SRB,ENE,Europe,Secondary aluminium ingot production,kt,50.0,0.0080775444264943,OMNIA 2019 region total allocated using INF_Data secondary-country weights,6.452573579306909,88.71544147584147,1.1773932115667192,Existing values retained through 2024; 2025 extrapolated using a country-level OLS linear trend fitted over 2019-2024 and floored at zero; Zijie regional growth indexed to 2025 thereafter,50.0,56.45257357930692,62.90514715861382,69.35772073792073,75.81029431722764,82.26286789653456,88.71544147584147,88.10530795292426,89.78870501457402,91.57591701945556,93.66241506023752,95.96910721102905,98.4988548628811,101.22062751738935,104.09209414886158,107.05200117915398,110.02119721232707,110.23652181623913,110.3672997826672,110.33702284128427,110.10435719277218,109.78636630534845,109.41694644919572,108.85042545433558,107.97542657662258,106.96486177499835,105.91332746574012,104.83570496409955,103.68935082424636,102.48320095284046,101.28423525005182,100.17772784135559
Bosnia and Herzegovina,BA,BIH,ENE,Rest of World,Secondary aluminium ingot production,kt,0.0,0.0,No 2019 secondary producer share; assigned zero,0.0,0.0,,Existing values retained through 2024; 2025 extrapolated using a country-level OLS linear trend fitted over 2019-2024 and floored at zero; Zijie regional growth indexed to 2025 thereafter,0.0,0.0,0.0,0.0,0.0,0.0,0.0,0.0,0.0,0.0,0.0,0.0,0.0,0.0,0.0,0.0,0.0,0.0,0.0,0.0,0.0,0.0,0.0,0.0,0.0,0.0,0.0,0.0,0.0,0.0,0.0,0.0
Republic of Moldova,MD,MDA,ENE,Europe,Secondary aluminium ingot production,kt,0.0,0.0,No 2019 secondary producer share; assigned zero,0.0,0.0,,Existing values retained through 2024; 2025 extrapolated using a country-level OLS linear trend fitted over 2019-2024 and floored at zero; Zijie regional growth indexed to 2025 thereafter,0.0,0.0,0.0,0.0,0.0,0.0,0.0,0.0,0.0,0.0,0.0,0.0,0.0,0.0,0.0,0.0,0.0,0.0,0.0,0.0,0.0,0.0,0.0,0.0,0.0,0.0,0.0,0.0,0.0,0.0,0.0,0.0
Republic of North Macedonia,MK,MKD,ENE,Europe,Secondary aluminium ingot production,kt,0.0,0.0,No 2019 secondary producer share; assigned zero,0.0,0.0,,Existing values retained through 2024; 2025 extrapolated using a country-level OLS linear trend fitted over 2019-2024 and floored at zero; Zijie regional growth indexed to 2025 thereafter,0.0,0.0,0.0,0.0,0.0,0.0,0.0,0.0,0.0,0.0,0.0,0.0,0.0,0.0,0.0,0.0,0.0,0.0,0.0,0.0,0.0,0.0,0.0,0.0,0.0,0.0,0.0,0.0,0.0,0.0,0.0,0.0
Kosovo,XK,XKX,ENE,Rest of World,Secondary aluminium ingot production,kt,0.0,0.0,No 2019 secondary producer share; assigned zero,0.0,0.0,,Existing values retained through 2024; 2025 extrapolated using a country-level OLS linear trend fitted over 2019-2024 and floored at zero; Zijie regional growth indexed to 2025 thereafter,0.0,0.0,0.0,0.0,0.0,0.0,0.0,0.0,0.0,0.0,0.0,0.0,0.0,0.0,0.0,0.0,0.0,0.0,0.0,0.0,0.0,0.0,0.0,0.0,0.0,0.0,0.0,0.0,0.0,0.0,0.0,0.0
Albania,AL,ALB,ENE,Rest of World,Secondary aluminium ingot production,kt,0.0,0.0,No 2019 secondary producer share; assigned zero,0.0,0.0,,Existing values retained through 2024; 2025 extrapolated using a country-level OLS linear trend fitted over 2019-2024 and floored at zero; Zijie regional growth indexed to 2025 thereafter,0.0,0.0,0.0,0.0,0.0,0.0,0.0,0.0,0.0,0.0,0.0,0.0,0.0,0.0,0.0,0.0,0.0,0.0,0.0,0.0,0.0,0.0,0.0,0.0,0.0,0.0,0.0,0.0,0.0,0.0,0.0,0.0
Montenegro,ME,MNE,ENE,Europe,Secondary aluminium ingot production,kt,0.0,0.0,No 2019 secondary producer share; assigned zero,0.0,0.0,,Existing values retained through 2024; 2025 extrapolated using a country-level OLS linear trend fitted over 2019-2024 and floored at zero; Zijie regional growth indexed to 2025 thereafter,0.0,0.0,0.0,0.0,0.0,0.0,0.0,0.0,0.0,0.0,0.0,0.0,0.0,0.0,0.0,0.0,0.0,0.0,0.0,0.0,0.0,0.0,0.0,0.0,0.0,0.0,0.0,0.0,0.0,0.0,0.0,0.0
Norway,NO,NOR,ENW,Europe,Secondary aluminium ingot production,kt,0.0,0.0,No 2019 secondary producer share; assigned zero,0.0,0.0,,Existing values retained through 2024; 2025 extrapolated using a country-level OLS linear trend fitted over 2019-2024 and floored at zero; Zijie regional growth indexed to 2025 thereafter,0.0,0.0,0.0,0.0,0.0,0.0,0.0,0.0,0.0,0.0,0.0,0.0,0.0,0.0,0.0,0.0,0.0,0.0,0.0,0.0,0.0,0.0,0.0,0.0,0.0,0.0,0.0,0.0,0.0,0.0,0.0,0.0
Svalbard and Jan Mayen Islands,SJ,SJM,ENW,Rest of World,Secondary aluminium ingot production,kt,0.0,0.0,No 2019 secondary producer share; assigned zero,0.0,0.0,,Existing values retained through 2024; 2025 extrapolated using a country-level OLS linear trend fitted over 2019-2024 and floored at zero; Zijie regional growth indexed to 2025 thereafter,0.0,0.0,0.0,0.0,0.0,0.0,0.0,0.0,0.0,0.0,0.0,0.0,0.0,0.0,0.0,0.0,0.0,0.0,0.0,0.0,0.0,0.0,0.0,0.0,0.0,0.0,0.0,0.0,0.0,0.0,0.0,0.0
Switzerland,CH,CHE,ENW,Europe,Secondary aluminium ingot production,kt,0.0,0.0,No 2019 secondary producer share; assigned zero,0.0,0.0,,Existing values retained through 2024; 2025 extrapolated using a country-level OLS linear trend fitted over 2019-2024 and floored at zero; Zijie regional growth indexed to 2025 thereafter,0.0,0.0,0.0,0.0,0.0,0.0,0.0,0.0,0.0,0.0,0.0,0.0,0.0,0.0,0.0,0.0,0.0,0.0,0.0,0.0,0.0,0.0,0.0,0.0,0.0,0.0,0.0,0.0,0.0,0.0,0.0,0.0
Liechtenstein,LI,LIE,ENW,Rest of World,Secondary aluminium ingot production,kt,0.0,0.0,No 2019 secondary producer share; assigned zero,0.0,0.0,,Existing values retained through 2024; 2025 extrapolated using a country-level OLS linear trend fitted over 2019-2024 and floored at zero; Zijie regional growth indexed to 2025 thereafter,0.0,0.0,0.0,0.0,0.0,0.0,0.0,0.0,0.0,0.0,0.0,0.0,0.0,0.0,0.0,0.0,0.0,0.0,0.0,0.0,0.0,0.0,0.0,0.0,0.0,0.0,0.0,0.0,0.0,0.0,0.0,0.0
Iceland,IS,ISL,ENW,Europe,Secondary aluminium ingot production,kt,0.0,0.0,No 2019 secondary producer share; assigned zero,0.0,0.0,,Existing values retained through 2024; 2025 extrapolated using a country-level OLS linear trend fitted over 2019-2024 and floored at zero; Zijie regional growth indexed to 2025 thereafter,0.0,0.0,0.0,0.0,0.0,0.0,0.0,0.0,0.0,0.0,0.0,0.0,0.0,0.0,0.0,0.0,0.0,0.0,0.0,0.0,0.0,0.0,0.0,0.0,0.0,0.0,0.0,0.0,0.0,0.0,0.0,0.0
United Kingdom of Great Britain and Northern Ireland,GB,GBR,ENW,UK,Secondary aluminium ingot production,kt,1110.0,1.0,OMNIA 2019 region total allocated using INF_Data secondary-country weights,-150.42544306261803,207.44734162429188,0.4725214649949193,Existing values retained through 2024; 2025 extrapolated using a country-level OLS linear trend fitted over 2019-2024 and floored at zero; Zijie regional growth indexed to 2025 thereafter,1110.0,959.574556937382,809.149113874764,658.7236708121459,508.2982277495279,357.87278468690994,207.44734162429188,212.04420851781003,215.90788534209446,218.73853679815528,220.12671793302525,221.10796538767616,221.4684411597472,221.40479272960675,221.9638376151265,222.50817917465255,223.2715869369249,224.29906593235623,225.1353736141883,226.24448625836303,227.10332639138971,227.56013792161446,227.88858250829193,227.97838889759439,228.08708169774016,227.9339040846089,227.5980828278795,227.39571409616448,227.2101764040221,226.88792406597878,226.21693922898103,225.34489606615702
Gibraltar,GI,GIB,ENW,Rest of World,Secondary aluminium ingot production,kt,0.0,0.0,No 2019 secondary producer share; assigned zero,0.0,0.0,,Existing values retained through 2024; 2025 extrapolated using a country-level OLS linear trend fitted over 2019-2024 and floored at zero; Zijie regional growth indexed to 2025 thereafter,0.0,0.0,0.0,0.0,0.0,0.0,0.0,0.0,0.0,0.0,0.0,0.0,0.0,0.0,0.0,0.0,0.0,0.0,0.0,0.0,0.0,0.0,0.0,0.0,0.0,0.0,0.0,0.0,0.0,0.0,0.0,0.0
Saint Helena,SH ,SHN,ENW,Rest of World,Secondary aluminium ingot production,kt,0.0,0.0,No 2019 secondary producer share; assigned zero,0.0,0.0,,Existing values retained through 2024; 2025 extrapolated using a country-level OLS linear trend fitted over 2019-2024 and floored at zero; Zijie regional growth indexed to 2025 thereafter,0.0,0.0,0.0,0.0,0.0,0.0,0.0,0.0,0.0,0.0,0.0,0.0,0.0,0.0,0.0,0.0,0.0,0.0,0.0,0.0,0.0,0.0,0.0,0.0,0.0,0.0,0.0,0.0,0.0,0.0,0.0,0.0
Liechtenstein,LI,LIE,ENW,Rest of World,Secondary aluminium ingot production,kt,0.0,0.0,No 2019 secondary producer share; assigned zero,0.0,0.0,,Existing values retained through 2024; 2025 extrapolated using a country-level OLS linear trend fitted over 2019-2024 and floored at zero; Zijie regional growth indexed to 2025 thereafter,0.0,0.0,0.0,0.0,0.0,0.0,0.0,0.0,0.0,0.0,0.0,0.0,0.0,0.0,0.0,0.0,0.0,0.0,0.0,0.0,0.0,0.0,0.0,0.0,0.0,0.0,0.0,0.0,0.0,0.0,0.0,0.0
Poland,PL,POL,EUE,Europe,Secondary aluminium ingot production,kt,24.869565217391305,0.0040177003582215,OMNIA 2019 region total allocated using INF_Data secondary-country weights,3.2094539890117857,44.12628915146202,1.177393211566719,Existing values retained through 2024; 2025 extrapolated using a country-level OLS linear trend fitted over 2019-2024 and floored at zero; Zijie regional growth indexed to 2025 thereafter,24.869565217391305,28.07901920640309,31.28847319541488,34.49792718442666,37.70738117343845,40.91683516245024,44.12628915146202,43.822814042671894,44.66012110290116,45.54906481315529,46.58687079517901,47.7341994127901,48.99247389701564,50.34625994777974,51.77450248099897,53.24673449954441,54.723586787348765,54.83068737294677,54.89573519624838,54.88067570888226,54.7649498384919,54.60678393622548,54.4230377121217,54.14125509554778,53.706038262459224,53.203392117651354,52.680368096002915,52.14436803431734,51.57418145345123,50.974252995673694,50.37789788089534,49.827530717613385
Czechia,CZ,CZE,EUE,Europe,Secondary aluminium ingot production,kt,126.2608695652174,0.020397555664817,OMNIA 2019 region total allocated using INF_Data secondary-country weights,16.294151021136766,224.025775692038,1.1773932115667194,Existing values retained through 2024; 2025 extrapolated using a country-level OLS linear trend fitted over 2019-2024 and floored at zero; Zijie regional growth indexed to 2025 thereafter,126.2608695652174,142.55502058635415,158.84917160749092,175.1433226286277,191.43747364976448,207.7316246709012,224.025775692038,222.48505590894965,226.73599944549827,231.24909828217307,236.5179594216781,242.3428585572421,248.73102132331024,255.60408896565107,262.85516644199487,270.3295751515332,277.8274406126938,278.3711820472683,278.70142484249186,278.62496898355613,278.03743764157434,277.2344415223756,276.3015760769256,274.8709874081657,272.66142502479306,270.10952921269154,267.4541764873995,264.7329454049958,261.8381519944448,258.7923613626511,255.7647123183918,252.97054056634494
Romania,RO,ROU,EUE,Europe,Secondary aluminium ingot production,kt,15.304347826086955,0.0024724309896747,OMNIA 2019 region total allocated using INF_Data secondary-country weights,1.9750486086226366,27.154639477822776,1.177393211566719,Existing values retained through 2024; 2025 extrapolated using a country-level OLS linear trend fitted over 2019-2024 and floored at zero; Zijie regional growth indexed to 2025 thereafter,15.304347826086955,17.279396434709593,19.25444504333223,21.229493651954865,23.2045422605775,25.179590869200137,27.154639477822776,26.96788556472116,27.48315144793917,28.03019373117248,28.668843566264,29.374891946332365,30.149214705855773,30.982313814018298,31.86123229599936,32.767221230488865,33.676053407599234,33.74196146027493,33.781990889999,33.77272351315831,33.70150759291809,33.60417472998491,33.491100130536424,33.31769544341402,33.049869699974906,32.74054899547775,32.41868805907871,32.08884186727221,31.737957817508445,31.368771074260728,31.001783311320207,30.663095826223618
Hungary,HU,HUN,EUE,Europe,Secondary aluminium ingot production,kt,0.0,0.0,No 2019 secondary producer share; assigned zero,0.0,0.0,,Existing values retained through 2024; 2025 extrapolated using a country-level OLS linear trend fitted over 2019-2024 and floored at zero; Zijie regional growth indexed to 2025 thereafter,0.0,0.0,0.0,0.0,0.0,0.0,0.0,0.0,0.0,0.0,0.0,0.0,0.0,0.0,0.0,0.0,0.0,0.0,0.0,0.0,0.0,0.0,0.0,0.0,0.0,0.0,0.0,0.0,0.0,0.0,0.0,0.0
Bulgaria,BG,BGR,EUE,Europe,Secondary aluminium ingot production,kt,34.434782608695656,0.0055629697267682,OMNIA 2019 region total allocated using INF_Data secondary-country weights,4.4438593694009345,61.09793882510125,1.1773932115667192,Existing values retained through 2024; 2025 extrapolated using a country-level OLS linear trend fitted over 2019-2024 and floored at zero; Zijie regional growth indexed to 2025 thereafter,34.434782608695656,38.87864197809659,43.32250134749752,47.76636071689845,52.21022008629939,56.65407945570032,61.09793882510125,60.677742520622616,61.837090757863145,63.067935895138085,64.50489802409402,66.09350687924783,67.8357330881755,69.71020608154117,71.68777266599857,73.72624776859995,75.77112016709829,75.9194132856186,76.00947950249775,75.9886279046062,75.82839208406571,75.60939314246605,75.35497529370696,74.96481474768154,74.36220682494354,73.66623523982494,72.94204813292711,72.19989420136247,71.410405089394,70.57973491708664,69.75401245047047,68.99196560900315
Slovakia,SK,SVK,EUE,Europe,Secondary aluminium ingot production,kt,0.0,0.0,No 2019 secondary producer share; assigned zero,0.0,0.0,,Existing values retained through 2024; 2025 extrapolated using a country-level OLS linear trend fitted over 2019-2024 and floored at zero; Zijie regional growth indexed to 2025 thereafter,0.0,0.0,0.0,0.0,0.0,0.0,0.0,0.0,0.0,0.0,0.0,0.0,0.0,0.0,0.0,0.0,0.0,0.0,0.0,0.0,0.0,0.0,0.0,0.0,0.0,0.0,0.0,0.0,0.0,0.0,0.0,0.0
Croatia,HR,HRV,EUE,Europe,Secondary aluminium ingot production,kt,0.0,0.0,No 2019 secondary producer share; assigned zero,0.0,0.0,,Existing values retained through 2024; 2025 extrapolated using a country-level OLS linear trend fitted over 2019-2024 and floored at zero; Zijie regional growth indexed to 2025 thereafter,0.0,0.0,0.0,0.0,0.0,0.0,0.0,0.0,0.0,0.0,0.0,0.0,0.0,0.0,0.0,0.0,0.0,0.0,0.0,0.0,0.0,0.0,0.0,0.0,0.0,0.0,0.0,0.0,0.0,0.0,0.0,0.0
Lithuania,LT,LTU,EUE,Europe,Secondary aluminium ingot production,kt,0.0,0.0,No 2019 secondary producer share; assigned zero,0.0,0.0,,Existing values retained through 2024; 2025 extrapolated using a country-level OLS linear trend fitted over 2019-2024 and floored at zero; Zijie regional growth indexed to 2025 thereafter,0.0,0.0,0.0,0.0,0.0,0.0,0.0,0.0,0.0,0.0,0.0,0.0,0.0,0.0,0.0,0.0,0.0,0.0,0.0,0.0,0.0,0.0,0.0,0.0,0.0,0.0,0.0,0.0,0.0,0.0,0.0,0.0
Slovenia,SI,SVN,EUE,Europe,Secondary aluminium ingot production,kt,19.13043478260869,0.0030905387370934,OMNIA 2019 region total allocated using INF_Data secondary-country weights,2.468810760778296,33.94329934727847,1.1773932115667192,Existing values retained through 2024; 2025 extrapolated using a country-level OLS linear trend fitted over 2019-2024 and floored at zero; Zijie regional growth indexed to 2025 thereafter,19.13043478260869,21.59924554338699,24.06805630416528,26.53686706494358,29.005677825721875,31.47448858650017,33.94329934727847,33.70985695590145,34.353939309923966,35.037742163965596,35.83605445783,36.71861493291546,37.68651838231972,38.72789226752287,39.8265403699992,40.959026538111075,42.09506675949904,42.17745182534366,42.227488612498746,42.215904391447886,42.12688449114761,42.005218412481135,41.863875163170526,41.64711930426751,41.31233712496863,40.92568624434718,40.52336007384839,40.11105233409025,39.67244727188555,39.21096384282591,38.75222913915025,38.32886978277952
Estonia,EE,EST,EUE,Europe,Secondary aluminium ingot production,kt,0.0,0.0,No 2019 secondary producer share; assigned zero,0.0,0.0,,Existing values retained through 2024; 2025 extrapolated using a country-level OLS linear trend fitted over 2019-2024 and floored at zero; Zijie regional growth indexed to 2025 thereafter,0.0,0.0,0.0,0.0,0.0,0.0,0.0,0.0,0.0,0.0,0.0,0.0,0.0,0.0,0.0,0.0,0.0,0.0,0.0,0.0,0.0,0.0,0.0,0.0,0.0,0.0,0.0,0.0,0.0,0.0,0.0,0.0
Latvia,LV,LVA,EUE,Europe,Secondary aluminium ingot production,kt,0.0,0.0,No 2019 secondary producer share; assigned zero,0.0,0.0,,Existing values retained through 2024; 2025 extrapolated using a country-level OLS linear trend fitted over 2019-2024 and floored at zero; Zijie regional growth indexed to 2025 thereafter,0.0,0.0,0.0,0.0,0.0,0.0,0.0,0.0,0.0,0.0,0.0,0.0,0.0,0.0,0.0,0.0,0.0,0.0,0.0,0.0,0.0,0.0,0.0,0.0,0.0,0.0,0.0,0.0,0.0,0.0,0.0,0.0
Germany,DE,DEU,EUW,Europe,Secondary aluminium ingot production,kt,1184.4155844155846,0.1913433900509829,OMNIA 2019 region total allocated using INF_Data secondary-country weights,152.8505741383871,2101.519029245907,1.177393211566719,Existing values retained through 2024; 2025 extrapolated using a country-level OLS linear trend fitted over 2019-2024 and floored at zero; Zijie regional growth indexed to 2025 thereafter,1184.4155844155846,1337.2661585539718,1490.1167326923587,1642.967306830746,1795.817880969133,1948.66845510752,2101.519029245907,2087.0659961835563,2126.9428304751036,2169.2788654998303,2218.704481426925,2273.3461240638567,2333.2715749337026,2397.7457739184174,2465.765970487318,2535.8811707893096,2606.2164118868122,2611.3170882184436,2614.414997449155,2613.6977878247076,2608.18633142359,2600.6536641682537,2591.902731471857,2578.4828055676376,2557.755559425449,2533.8169854233374,2508.907912954675,2483.380855253475,2456.225661083446,2427.654006986766,2399.252533715513,2373.0412413328904
Netherlands,NL,NLD,EUW,Europe,Secondary aluminium ingot production,kt,0.0,0.0,No 2019 secondary producer share; assigned zero,0.0,0.0,,Existing values retained through 2024; 2025 extrapolated using a country-level OLS linear trend fitted over 2019-2024 and floored at zero; Zijie regional growth indexed to 2025 thereafter,0.0,0.0,0.0,0.0,0.0,0.0,0.0,0.0,0.0,0.0,0.0,0.0,0.0,0.0,0.0,0.0,0.0,0.0,0.0,0.0,0.0,0.0,0.0,0.0,0.0,0.0,0.0,0.0,0.0,0.0,0.0,0.0
Belgium,BE,BEL,EUW,Europe,Secondary aluminium ingot production,kt,0.0,0.0,No 2019 secondary producer share; assigned zero,0.0,0.0,,Existing values retained through 2024; 2025 extrapolated using a country-level OLS linear trend fitted over 2019-2024 and floored at zero; Zijie regional growth indexed to 2025 thereafter,0.0,0.0,0.0,0.0,0.0,0.0,0.0,0.0,0.0,0.0,0.0,0.0,0.0,0.0,0.0,0.0,0.0,0.0,0.0,0.0,0.0,0.0,0.0,0.0,0.0,0.0,0.0,0.0,0.0,0.0,0.0,0.0
Sweden,SE,SWE,EUW,Europe,Secondary aluminium ingot production,kt,0.0,0.0,No 2019 secondary producer share; assigned zero,0.0,0.0,,Existing values retained through 2024; 2025 extrapolated using a country-level OLS linear trend fitted over 2019-2024 and floored at zero; Zijie regional growth indexed to 2025 thereafter,0.0,0.0,0.0,0.0,0.0,0.0,0.0,0.0,0.0,0.0,0.0,0.0,0.0,0.0,0.0,0.0,0.0,0.0,0.0,0.0,0.0,0.0,0.0,0.0,0.0,0.0,0.0,0.0,0.0,0.0,0.0,0.0
Austria,AT,AUT,EUW,Europe,Secondary aluminium ingot production,kt,735.5844155844156,0.1188343159263999,OMNIA 2019 region total allocated using INF_Data secondary-country weights,94.92825130699832,1305.1539234264055,1.1773932115667192,Existing values retained through 2024; 2025 extrapolated using a country-level OLS linear trend fitted over 2019-2024 and floored at zero; Zijie regional growth indexed to 2025 thereafter,735.5844155844156,830.5126668914139,925.4409181984122,1020.3691695054106,1115.2974208124087,1210.2256721194071,1305.1539234264055,1296.1778292087351,1320.9434420845382,1347.2363480472632,1377.9322568861958,1411.8675928396585,1449.0844518009314,1489.1263227493332,1531.3704448289661,1574.915674490203,1618.5975610665469,1621.765349525139,1623.689314205265,1623.243889280608,1619.8209847788617,1615.1428019571263,1609.7080121772588,1601.3735318788486,1588.5008211168579,1573.6337067365992,1558.1638617297458,1542.3102153679479,1525.445410567614,1507.7009096023075,1490.0620998864767,1473.7835077751638
Finland,FI,FIN,EUW,Europe,Secondary aluminium ingot production,kt,0.0,0.0,No 2019 secondary producer share; assigned zero,0.0,0.0,,Existing values retained through 2024; 2025 extrapolated using a country-level OLS linear trend fitted over 2019-2024 and floored at zero; Zijie regional growth indexed to 2025 thereafter,0.0,0.0,0.0,0.0,0.0,0.0,0.0,0.0,0.0,0.0,0.0,0.0,0.0,0.0,0.0,0.0,0.0,0.0,0.0,0.0,0.0,0.0,0.0,0.0,0.0,0.0,0.0,0.0,0.0,0.0,0.0,0.0
Denmark,DK,DNK,EUW,Europe,Secondary aluminium ingot production,kt,0.0,0.0,No 2019 secondary producer share; assigned zero,0.0,0.0,,Existing values retained through 2024; 2025 extrapolated using a country-level OLS linear trend fitted over 2019-2024 and floored at zero; Zijie regional growth indexed to 2025 thereafter,0.0,0.0,0.0,0.0,0.0,0.0,0.0,0.0,0.0,0.0,0.0,0.0,0.0,0.0,0.0,0.0,0.0,0.0,0.0,0.0,0.0,0.0,0.0,0.0,0.0,0.0,0.0,0.0,0.0,0.0,0.0,0.0
Ireland,IE,IRL,EUW,Europe,Secondary aluminium ingot production,kt,0.0,0.0,No 2019 secondary producer share; assigned zero,0.0,0.0,,Existing values retained through 2024; 2025 extrapolated using a country-level OLS linear trend fitted over 2019-2024 and floored at zero; Zijie regional growth indexed to 2025 thereafter,0.0,0.0,0.0,0.0,0.0,0.0,0.0,0.0,0.0,0.0,0.0,0.0,0.0,0.0,0.0,0.0,0.0,0.0,0.0,0.0,0.0,0.0,0.0,0.0,0.0,0.0,0.0,0.0,0.0,0.0,0.0,0.0
Luxembourg,LU,LUX,EUW,Europe,Secondary aluminium ingot production,kt,0.0,0.0,No 2019 secondary producer share; assigned zero,0.0,0.0,,Existing values retained through 2024; 2025 extrapolated using a country-level OLS linear trend fitted over 2019-2024 and floored at zero; Zijie regional growth indexed to 2025 thereafter,0.0,0.0,0.0,0.0,0.0,0.0,0.0,0.0,0.0,0.0,0.0,0.0,0.0,0.0,0.0,0.0,0.0,0.0,0.0,0.0,0.0,0.0,0.0,0.0,0.0,0.0,0.0,0.0,0.0,0.0,0.0,0.0
Greenland,GL,GRL,EUW,Rest of World,Secondary aluminium ingot production,kt,0.0,0.0,No 2019 secondary producer share; assigned zero,0.0,0.0,,Existing values retained through 2024; 2025 extrapolated using a country-level OLS linear trend fitted over 2019-2024 and floored at zero; Zijie regional growth indexed to 2025 thereafter,0.0,0.0,0.0,0.0,0.0,0.0,0.0,0.0,0.0,0.0,0.0,0.0,0.0,0.0,0.0,0.0,0.0,0.0,0.0,0.0,0.0,0.0,0.0,0.0,0.0,0.0,0.0,0.0,0.0,0.0,0.0,0.0
Faroe Islands,FO,FRO,EUW,Rest of World,Secondary aluminium ingot production,kt,0.0,0.0,No 2019 secondary producer share; assigned zero,0.0,0.0,,Existing values retained through 2024; 2025 extrapolated using a country-level OLS linear trend fitted over 2019-2024 and floored at zero; Zijie regional growth indexed to 2025 thereafter,0.0,0.0,0.0,0.0,0.0,0.0,0.0,0.0,0.0,0.0,0.0,0.0,0.0,0.0,0.0,0.0,0.0,0.0,0.0,0.0,0.0,0.0,0.0,0.0,0.0,0.0,0.0,0.0,0.0,0.0,0.0,0.0
Andorra,AD,AND,EUW,Rest of World,Secondary aluminium ingot production,kt,0.0,0.0,No 2019 secondary producer share; assigned zero,0.0,0.0,,Existing values retained through 2024; 2025 extrapolated using a country-level OLS linear trend fitted over 2019-2024 and floored at zero; Zijie regional growth indexed to 2025 thereafter,0.0,0.0,0.0,0.0,0.0,0.0,0.0,0.0,0.0,0.0,0.0,0.0,0.0,0.0,0.0,0.0,0.0,0.0,0.0,0.0,0.0,0.0,0.0,0.0,0.0,0.0,0.0,0.0,0.0,0.0,0.0,0.0
France,FR,FRA,EUM,Europe,Secondary aluminium ingot production,kt,729.2710706150342,0.1178143894370006,OMNIA 2019 region total allocated using INF_Data secondary-country weights,94.11350484806863,1293.952099703446,1.177393211566719,Existing values retained through 2024; 2025 extrapolated using a country-level OLS linear trend fitted over 2019-2024 and floored at zero; Zijie regional growth indexed to 2025 thereafter,729.2710706150342,823.3845754631029,917.4980803111716,1011.61158515924,1105.7250900073088,1199.8385948553776,1293.952099703446,1285.0530451539269,1309.6061007023172,1335.6733409466374,1366.105794147382,1399.7498712351228,1436.647306804163,1476.345507958642,1518.227058850024,1561.39855022807,1604.705525627631,1607.8461257161252,1609.7535774679222,1609.3119755187768,1605.9184489870618,1601.280417888715,1595.892273608656,1587.629326159705,1574.8670987929709,1560.1275852968436,1544.7905142668199,1529.0729359570144,1512.35287773952,1494.7606735786728,1477.2732535446053,1461.1343766929376
Monaco,MC,MCO,EUM,Rest of World,Secondary aluminium ingot production,kt,0.0,0.0,No 2019 secondary producer share; assigned zero,0.0,0.0,,Existing values retained through 2024; 2025 extrapolated using a country-level OLS linear trend fitted over 2019-2024 and floored at zero; Zijie regional growth indexed to 2025 thereafter,0.0,0.0,0.0,0.0,0.0,0.0,0.0,0.0,0.0,0.0,0.0,0.0,0.0,0.0,0.0,0.0,0.0,0.0,0.0,0.0,0.0,0.0,0.0,0.0,0.0,0.0,0.0,0.0,0.0,0.0,0.0,0.0
Italy,IT,ITA,EUM,Europe,Secondary aluminium ingot production,kt,2640.728929384966,0.4266121049087182,OMNIA 2019 region total allocated using INF_Data secondary-country weights,340.78995439721706,4685.468655768268,1.1773932115667192,Existing values retained through 2024; 2025 extrapolated using a country-level OLS linear trend fitted over 2019-2024 and floored at zero; Zijie regional growth indexed to 2025 thereafter,2640.728929384966,2981.518883782183,3322.3088381794,3663.0987925766167,4003.888746973834,4344.678701371051,4685.468655768268,4653.244710873167,4742.15261727997,4836.543466164666,4946.740980912626,5068.567954788234,5202.175510954022,5345.924786713398,5497.580086783245,5653.906329246906,5810.723166483212,5822.095444698391,5829.0024278838455,5827.403363983782,5815.115225805782,5798.320671091768,5778.809917067134,5748.889349462511,5702.676652471389,5649.304098338044,5593.767756924063,5536.853578623294,5476.309367814683,5412.607070642774,5349.284202308886,5290.844479814427
San Marino,SM,SMR,EUM,Rest of World,Secondary aluminium ingot production,kt,0.0,0.0,No 2019 secondary producer share; assigned zero,0.0,0.0,,Existing values retained through 2024; 2025 extrapolated using a country-level OLS linear trend fitted over 2019-2024 and floored at zero; Zijie regional growth indexed to 2025 thereafter,0.0,0.0,0.0,0.0,0.0,0.0,0.0,0.0,0.0,0.0,0.0,0.0,0.0,0.0,0.0,0.0,0.0,0.0,0.0,0.0,0.0,0.0,0.0,0.0,0.0,0.0,0.0,0.0,0.0,0.0,0.0,0.0
Spain,ES,ESP,EUM,Europe,Secondary aluminium ingot production,kt,0.0,0.0,No 2019 secondary producer share; assigned zero,0.0,0.0,,Existing values retained through 2024; 2025 extrapolated using a country-level OLS linear trend fitted over 2019-2024 and floored at zero; Zijie regional growth indexed to 2025 thereafter,0.0,0.0,0.0,0.0,0.0,0.0,0.0,0.0,0.0,0.0,0.0,0.0,0.0,0.0,0.0,0.0,0.0,0.0,0.0,0.0,0.0,0.0,0.0,0.0,0.0,0.0,0.0,0.0,0.0,0.0,0.0,0.0
Greece,GR,GRC,EUM,Europe,Secondary aluminium ingot production,kt,0.0,0.0,No 2019 secondary producer share; assigned zero,0.0,0.0,,Existing values retained through 2024; 2025 extrapolated using a country-level OLS linear trend fitted over 2019-2024 and floored at zero; Zijie regional growth indexed to 2025 thereafter,0.0,0.0,0.0,0.0,0.0,0.0,0.0,0.0,0.0,0.0,0.0,0.0,0.0,0.0,0.0,0.0,0.0,0.0,0.0,0.0,0.0,0.0,0.0,0.0,0.0,0.0,0.0,0.0,0.0,0.0,0.0,0.0
Portugal,PT,PRT,EUM,Europe,Secondary aluminium ingot production,kt,0.0,0.0,No 2019 secondary producer share; assigned zero,0.0,0.0,,Existing values retained through 2024; 2025 extrapolated using a country-level OLS linear trend fitted over 2019-2024 and floored at zero; Zijie regional growth indexed to 2025 thereafter,0.0,0.0,0.0,0.0,0.0,0.0,0.0,0.0,0.0,0.0,0.0,0.0,0.0,0.0,0.0,0.0,0.0,0.0,0.0,0.0,0.0,0.0,0.0,0.0,0.0,0.0,0.0,0.0,0.0,0.0,0.0,0.0
Cyprus,CY,CYP,EUM,Europe,Secondary aluminium ingot production,kt,0.0,0.0,No 2019 secondary producer share; assigned zero,0.0,0.0,,Existing values retained through 2024; 2025 extrapolated using a country-level OLS linear trend fitted over 2019-2024 and floored at zero; Zijie regional growth indexed to 2025 thereafter,0.0,0.0,0.0,0.0,0.0,0.0,0.0,0.0,0.0,0.0,0.0,0.0,0.0,0.0,0.0,0.0,0.0,0.0,0.0,0.0,0.0,0.0,0.0,0.0,0.0,0.0,0.0,0.0,0.0,0.0,0.0,0.0
Malta,MT,MLT,EUM,Europe,Secondary aluminium ingot production,kt,0.0,0.0,No 2019 secondary producer share; assigned zero,0.0,0.0,,Existing values retained through 2024; 2025 extrapolated using a country-level OLS linear trend fitted over 2019-2024 and floored at zero; Zijie regional growth indexed to 2025 thereafter,0.0,0.0,0.0,0.0,0.0,0.0,0.0,0.0,0.0,0.0,0.0,0.0,0.0,0.0,0.0,0.0,0.0,0.0,0.0,0.0,0.0,0.0,0.0,0.0,0.0,0.0,0.0,0.0,0.0,0.0,0.0,0.0
Iran (Islamic Republic of),IR,IRN,MEA,Middle East,Secondary aluminium ingot production,kt,27.588455894342086,0.0586988423283874,OMNIA 2019 region total allocated using OMNIA primary-production shares; no secondary-country weights available,2.645369928898795,43.46067546773486,0.8220748125397315,Existing values retained through 2024; 2025 extrapolated using a country-level OLS linear trend fitted over 2019-2024 and floored at zero; Zijie regional growth indexed to 2025 thereafter,27.588455894342086,30.23382582324088,32.87919575213967,35.52456568103847,38.16993560993726,40.81530553883606,43.46067546773486,49.56372542087624,51.42766685978388,53.15850477882787,54.74565722717439,56.21989897539242,57.64275491182929,59.166612404306036,60.9082182109266,62.91111996093144,65.25595375240498,67.97061366426709,71.04064732346411,74.42031033047141,78.04241102361016,81.83044282455229,85.71694091245014,89.63663207129916,93.52657854195749,97.35514440928883,101.10599845806253,104.76756148916404,108.34665032496093,111.8563252101435,115.30253610378375,118.68547776482782
Saudi Arabia,SA,SAU,MEA,Middle East,Secondary aluminium ingot production,kt,60.54133376813958,0.1288113484428501,OMNIA 2019 region total allocated using OMNIA primary-production shares; no secondary-country weights available,5.805117343972352,95.3720378319737,0.8220748125397314,Existing values retained through 2024; 2025 extrapolated using a country-level OLS linear trend fitted over 2019-2024 and floored at zero; Zijie regional growth indexed to 2025 thereafter,60.54133376813958,66.34645111211194,72.15156845608429,77.95668580005663,83.76180314402899,89.56692048800134,95.3720378319737,108.76484189581173,112.85515783119239,116.65338548687224,120.13630335963266,123.37144497377777,126.49382327873647,129.8378438872271,133.6597010739778,138.05495769204396,143.20056517888867,149.15773554103052,155.89475384871287,163.31123655853446,171.25973530181113,179.5723606427675,188.1010647800989,196.7026092675731,205.23888068929557,213.64045578705043,221.87149661630386,229.90659326788773,237.76070487977535,245.4624914333704,253.02500978330318,260.44868731726103
United Arab Emirates,AE,ARE,MEA,Middle East,Secondary aluminium ingot production,kt,199.24995923691503,0.4239360834827979,OMNIA 2019 region total allocated using OMNIA primary-production shares; no secondary-country weights available,19.10544948649128,313.8826561558627,0.8220748125397311,Existing values retained through 2024; 2025 extrapolated using a country-level OLS linear trend fitted over 2019-2024 and floored at zero; Zijie regional growth indexed to 2025 thereafter,199.24995923691503,218.35540872340636,237.4608582098976,256.5663076963889,275.6717571828802,294.7772066693715,313.8826561558627,357.9602391507727,371.4220384317723,383.9225345137566,395.38530219625926,406.03260371116727,416.30878547432246,427.31442291998786,439.8926870789141,454.3580886067268,471.29299932292463,490.898876464151,513.0713417805739,537.4800190534044,563.6396351705175,590.9976426217663,619.0667954788063,647.3756760704936,675.4697339141371,703.1204874004189,730.2099888637846,756.6546107550732,782.5035856802731,807.8512376288137,832.7405385273267,857.1728949682006
Iraq,IQ,IRQ,MEA,Rest of World,Secondary aluminium ingot production,kt,0.0,0.0,No 2019 secondary producer share; assigned zero,0.0,0.0,,Existing values retained through 2024; 2025 extrapolated using a country-level OLS linear trend fitted over 2019-2024 and floored at zero; Zijie regional growth indexed to 2025 thereafter,0.0,0.0,0.0,0.0,0.0,0.0,0.0,0.0,0.0,0.0,0.0,0.0,0.0,0.0,0.0,0.0,0.0,0.0,0.0,0.0,0.0,0.0,0.0,0.0,0.0,0.0,0.0,0.0,0.0,0.0,0.0,0.0
Qatar,QA,QAT,MEA,Middle East,Secondary aluminium ingot production,kt,48.049894015979135,0.1022338170552747,OMNIA 2019 region total allocated using OMNIA primary-production shares; no secondary-country weights available,4.607352626165401,75.69400977297154,0.8220748125397315,Existing values retained through 2024; 2025 extrapolated using a country-level OLS linear trend fitted over 2019-2024 and floored at zero; Zijie regional growth indexed to 2025 thereafter,48.049894015979135,52.657246642144536,57.26459926830994,61.87195189447533,66.47930452064074,71.08665714680613,75.69400977297154,86.32348844135944,89.56985311412359,92.58439582312519,95.34868633732872,97.91632404880845,100.39446480476934,103.04851660416634,106.08181338403048,109.57020059862225,113.65411945210532,118.38215213193185,123.72912742169997,129.61537382557103,135.92386586612102,142.52135458609524,149.29033875585066,156.11713419084603,162.8921242939093,169.56020984617803,176.09294731445888,182.47016959362736,188.70374931597362,194.81643307433325,200.81858371409,206.71054044040847
Kuwait,KW,KWT,MEA,Rest of World,Secondary aluminium ingot production,kt,0.0,0.0,No 2019 secondary producer share; assigned zero,0.0,0.0,,Existing values retained through 2024; 2025 extrapolated using a country-level OLS linear trend fitted over 2019-2024 and floored at zero; Zijie regional growth indexed to 2025 thereafter,0.0,0.0,0.0,0.0,0.0,0.0,0.0,0.0,0.0,0.0,0.0,0.0,0.0,0.0,0.0,0.0,0.0,0.0,0.0,0.0,0.0,0.0,0.0,0.0,0.0,0.0,0.0,0.0,0.0,0.0,0.0,0.0
Oman,OM,OMN,MEA,Middle East,Secondary aluminium ingot production,kt,29.96412848524377,0.0637534648622207,OMNIA 2019 region total allocated using OMNIA primary-production shares; no secondary-country weights available,2.8731656727761927,47.20312252190092,0.8220748125397314,Existing values retained through 2024; 2025 extrapolated using a country-level OLS linear trend fitted over 2019-2024 and floored at zero; Zijie regional growth indexed to 2025 thereafter,29.96412848524377,32.83729415801996,35.710459830796154,38.58362550357234,41.45679117634854,44.32995684912473,47.20312252190092,53.83171288767392,55.85616039493195,57.73604269033805,59.45986659951441,61.06105694271788,62.60643658479238,64.26151513912129,66.1530925568675,68.32846640201166,70.87521643663986,73.82363872980122,77.15803639854019,80.82872594226203,84.76272975064326,88.87695317888875,93.09812193546671,97.3553420552166,101.58025613862607,105.73850406675537,109.8123483252846,113.78921261739764,117.67650076961037,121.48839765879475,125.2313656016096,128.90561612791024
Bahrain,BH,BHR,MEA,Middle East,Secondary aluminium ingot production,kt,104.6062285993804,0.2225664438284689,OMNIA 2019 region total allocated using OMNIA primary-production shares; no secondary-country weights available,10.03036098040793,164.78839448182796,0.8220748125397314,Existing values retained through 2024; 2025 extrapolated using a country-level OLS linear trend fitted over 2019-2024 and floored at zero; Zijie regional growth indexed to 2025 thereafter,104.6062285993804,114.63658957978834,124.66695056019626,134.69731154060418,144.72767252101212,154.75803350142004,164.78839448182796,187.9291255541557,194.9965701766805,201.55933061972226,207.57728365303618,213.16711694836286,218.56211237401934,224.34007203299367,230.94366071642995,238.53799651853166,247.42882464453547,257.72191014367934,269.36245443480135,282.17701000303737,295.9108084645218,310.2737623764274,325.01006762637337,339.8722299370092,354.62161030492206,369.13825588522,383.360244153487,397.2436706464136,410.81438248214346,424.1218997551273,437.1887827268466,450.0157698583054
Yemen,YE,YEM,MEA,Rest of World,Secondary aluminium ingot production,kt,0.0,0.0,No 2019 secondary producer share; assigned zero,0.0,0.0,,Existing values retained through 2024; 2025 extrapolated using a country-level OLS linear trend fitted over 2019-2024 and floored at zero; Zijie regional growth indexed to 2025 thereafter,0.0,0.0,0.0,0.0,0.0,0.0,0.0,0.0,0.0,0.0,0.0,0.0,0.0,0.0,0.0,0.0,0.0,0.0,0.0,0.0,0.0,0.0,0.0,0.0,0.0,0.0,0.0,0.0,0.0,0.0,0.0,0.0
Turkey,TR,TUR,MDA,Europe,Secondary aluminium ingot production,kt,630.0,0.1017770597738287,OMNIA 2019 region total allocated using OMNIA primary-production shares; no secondary-country weights available,81.30242709926708,1117.8145625956022,1.177393211566719,Existing values retained through 2024; 2025 extrapolated using a country-level OLS linear trend fitted over 2019-2024 and floored at zero; Zijie regional growth indexed to 2025 thereafter,630.0,711.3024270992671,792.6048541985341,873.9072812978012,955.2097083970682,1036.5121354963353,1117.8145625956022,1110.1268802068453,1131.3376831836322,1153.8565544451396,1180.1464297589923,1209.2107508589656,1241.0855712723014,1275.3799067191053,1311.5603862756554,1348.8552148573397,1386.2670848753205,1388.9801748846126,1390.6279772616062,1390.2464878001813,1387.314900628929,1383.30821544739,1378.6535252598655,1371.5153607246277,1360.490374865444,1347.7572583649787,1334.507926068325,1320.929882547654,1306.4858203855038,1291.2883320057895,1276.1813641506526,1262.23937080108
Israel,IL,ISR,MDA,Rest of World,Secondary aluminium ingot production,kt,0.0,0.0,No 2019 secondary producer share; assigned zero,0.0,0.0,,Existing values retained through 2024; 2025 extrapolated using a country-level OLS linear trend fitted over 2019-2024 and floored at zero; Zijie regional growth indexed to 2025 thereafter,0.0,0.0,0.0,0.0,0.0,0.0,0.0,0.0,0.0,0.0,0.0,0.0,0.0,0.0,0.0,0.0,0.0,0.0,0.0,0.0,0.0,0.0,0.0,0.0,0.0,0.0,0.0,0.0,0.0,0.0,0.0,0.0
Syrian Arab Republic,SY,SYR,MDA,Rest of World,Secondary aluminium ingot production,kt,0.0,0.0,No 2019 secondary producer share; assigned zero,0.0,0.0,,Existing values retained through 2024; 2025 extrapolated using a country-level OLS linear trend fitted over 2019-2024 and floored at zero; Zijie regional growth indexed to 2025 thereafter,0.0,0.0,0.0,0.0,0.0,0.0,0.0,0.0,0.0,0.0,0.0,0.0,0.0,0.0,0.0,0.0,0.0,0.0,0.0,0.0,0.0,0.0,0.0,0.0,0.0,0.0,0.0,0.0,0.0,0.0,0.0,0.0
Jordan,JO,JOR,MDA,Rest of World,Secondary aluminium ingot production,kt,0.0,0.0,No 2019 secondary producer share; assigned zero,0.0,0.0,,Existing values retained through 2024; 2025 extrapolated using a country-level OLS linear trend fitted over 2019-2024 and floored at zero; Zijie regional growth indexed to 2025 thereafter,0.0,0.0,0.0,0.0,0.0,0.0,0.0,0.0,0.0,0.0,0.0,0.0,0.0,0.0,0.0,0.0,0.0,0.0,0.0,0.0,0.0,0.0,0.0,0.0,0.0,0.0,0.0,0.0,0.0,0.0,0.0,0.0
Lebanon,LB,LBN,MDA,Rest of World,Secondary aluminium ingot production,kt,0.0,0.0,No 2019 secondary producer share; assigned zero,0.0,0.0,,Existing values retained through 2024; 2025 extrapolated using a country-level OLS linear trend fitted over 2019-2024 and floored at zero; Zijie regional growth indexed to 2025 thereafter,0.0,0.0,0.0,0.0,0.0,0.0,0.0,0.0,0.0,0.0,0.0,0.0,0.0,0.0,0.0,0.0,0.0,0.0,0.0,0.0,0.0,0.0,0.0,0.0,0.0,0.0,0.0,0.0,0.0,0.0,0.0,0.0
State of Palestine,PS,PSE,MDA,Rest of World,Secondary aluminium ingot production,kt,0.0,0.0,No 2019 secondary producer share; assigned zero,0.0,0.0,,Existing values retained through 2024; 2025 extrapolated using a country-level OLS linear trend fitted over 2019-2024 and floored at zero; Zijie regional growth indexed to 2025 thereafter,0.0,0.0,0.0,0.0,0.0,0.0,0.0,0.0,0.0,0.0,0.0,0.0,0.0,0.0,0.0,0.0,0.0,0.0,0.0,0.0,0.0,0.0,0.0,0.0,0.0,0.0,0.0,0.0,0.0,0.0,0.0,0.0
