Country,ISO2,ISO3,OMNIARegion,ZijieRegion,Metric,Unit,Scrap2019_kt,ShareWeight,RegionShare,AllocationMethod,Trend2019_2024Slope_kt_per_year,Trend2025Unclipped_kt,AlignmentFactor_vs_old_2025,BoundaryAlignmentMethod,2019,2020,2021,2022,2023,2024,2025,2026,2027,2028,2029,2030,2031,2032,2033,2034,2035,2036,2037,2038,2039,2040,2041,2042,2043,2044,2045,2046,2047,2048,2049,2050
Ethiopia,ET,ETH,AFE,Rest of World,Aluminium scrap,kt,0.0,0.0,0.0,No secondary producer share; assigned zero,0.0,0.0,,Existing values retained through 2024; 2025 extrapolated using a country-level OLS linear trend fitted over 2019-2024 and floored at zero; Zijie regional growth indexed to 2025 thereafter,0.0,0.0,0.0,0.0,0.0,0.0,0.0,0.0,0.0,0.0,0.0,0.0,0.0,0.0,0.0,0.0,0.0,0.0,0.0,0.0,0.0,0.0,0.0,0.0,0.0,0.0,0.0,0.0,0.0,0.0,0.0,0.0
Kenya,KE,KEN,AFE,Rest of World,Aluminium scrap,kt,0.0,0.0,0.0,No secondary producer share; assigned zero,0.0,0.0,,Existing values retained through 2024; 2025 extrapolated using a country-level OLS linear trend fitted over 2019-2024 and floored at zero; Zijie regional growth indexed to 2025 thereafter,0.0,0.0,0.0,0.0,0.0,0.0,0.0,0.0,0.0,0.0,0.0,0.0,0.0,0.0,0.0,0.0,0.0,0.0,0.0,0.0,0.0,0.0,0.0,0.0,0.0,0.0,0.0,0.0,0.0,0.0,0.0,0.0
Sudan,SD,SDN,AFE,Rest of World,Aluminium scrap,kt,0.0,0.0,0.0,No secondary producer share; assigned zero,0.0,0.0,,Existing values retained through 2024; 2025 extrapolated using a country-level OLS linear trend fitted over 2019-2024 and floored at zero; Zijie regional growth indexed to 2025 thereafter,0.0,0.0,0.0,0.0,0.0,0.0,0.0,0.0,0.0,0.0,0.0,0.0,0.0,0.0,0.0,0.0,0.0,0.0,0.0,0.0,0.0,0.0,0.0,0.0,0.0,0.0,0.0,0.0,0.0,0.0,0.0,0.0
Mauritius,MU,MUS,AFE,Rest of World,Aluminium scrap,kt,0.0,0.0,0.0,No secondary producer share; assigned zero,0.0,0.0,,Existing values retained through 2024; 2025 extrapolated using a country-level OLS linear trend fitted over 2019-2024 and floored at zero; Zijie regional growth indexed to 2025 thereafter,0.0,0.0,0.0,0.0,0.0,0.0,0.0,0.0,0.0,0.0,0.0,0.0,0.0,0.0,0.0,0.0,0.0,0.0,0.0,0.0,0.0,0.0,0.0,0.0,0.0,0.0,0.0,0.0,0.0,0.0,0.0,0.0
Eritrea,ER,ERI,AFE,Rest of World,Aluminium scrap,kt,0.0,0.0,0.0,No secondary producer share; assigned zero,0.0,0.0,,Existing values retained through 2024; 2025 extrapolated using a country-level OLS linear trend fitted over 2019-2024 and floored at zero; Zijie regional growth indexed to 2025 thereafter,0.0,0.0,0.0,0.0,0.0,0.0,0.0,0.0,0.0,0.0,0.0,0.0,0.0,0.0,0.0,0.0,0.0,0.0,0.0,0.0,0.0,0.0,0.0,0.0,0.0,0.0,0.0,0.0,0.0,0.0,0.0,0.0
South Sudan,SS,SSD,AFE,Rest of World,Aluminium scrap,kt,0.0,0.0,0.0,No secondary producer share; assigned zero,0.0,0.0,,Existing values retained through 2024; 2025 extrapolated using a country-level OLS linear trend fitted over 2019-2024 and floored at zero; Zijie regional growth indexed to 2025 thereafter,0.0,0.0,0.0,0.0,0.0,0.0,0.0,0.0,0.0,0.0,0.0,0.0,0.0,0.0,0.0,0.0,0.0,0.0,0.0,0.0,0.0,0.0,0.0,0.0,0.0,0.0,0.0,0.0,0.0,0.0,0.0,0.0
Burundi,BI,BDI,AFE,Rest of World,Aluminium scrap,kt,0.0,0.0,0.0,No secondary producer share; assigned zero,0.0,0.0,,Existing values retained through 2024; 2025 extrapolated using a country-level OLS linear trend fitted over 2019-2024 and floored at zero; Zijie regional growth indexed to 2025 thereafter,0.0,0.0,0.0,0.0,0.0,0.0,0.0,0.0,0.0,0.0,0.0,0.0,0.0,0.0,0.0,0.0,0.0,0.0,0.0,0.0,0.0,0.0,0.0,0.0,0.0,0.0,0.0,0.0,0.0,0.0,0.0,0.0
Comoros,KM,COM,AFE,Rest of World,Aluminium scrap,kt,0.0,0.0,0.0,No secondary producer share; assigned zero,0.0,0.0,,Existing values retained through 2024; 2025 extrapolated using a country-level OLS linear trend fitted over 2019-2024 and floored at zero; Zijie regional growth indexed to 2025 thereafter,0.0,0.0,0.0,0.0,0.0,0.0,0.0,0.0,0.0,0.0,0.0,0.0,0.0,0.0,0.0,0.0,0.0,0.0,0.0,0.0,0.0,0.0,0.0,0.0,0.0,0.0,0.0,0.0,0.0,0.0,0.0,0.0
Djibouti,DJ,DJI,AFE,Rest of World,Aluminium scrap,kt,0.0,0.0,0.0,No secondary producer share; assigned zero,0.0,0.0,,Existing values retained through 2024; 2025 extrapolated using a country-level OLS linear trend fitted over 2019-2024 and floored at zero; Zijie regional growth indexed to 2025 thereafter,0.0,0.0,0.0,0.0,0.0,0.0,0.0,0.0,0.0,0.0,0.0,0.0,0.0,0.0,0.0,0.0,0.0,0.0,0.0,0.0,0.0,0.0,0.0,0.0,0.0,0.0,0.0,0.0,0.0,0.0,0.0,0.0
Madagascar,MG,MDG,AFE,Rest of World,Aluminium scrap,kt,0.0,0.0,0.0,No secondary producer share; assigned zero,0.0,0.0,,Existing values retained through 2024; 2025 extrapolated using a country-level OLS linear trend fitted over 2019-2024 and floored at zero; Zijie regional growth indexed to 2025 thereafter,0.0,0.0,0.0,0.0,0.0,0.0,0.0,0.0,0.0,0.0,0.0,0.0,0.0,0.0,0.0,0.0,0.0,0.0,0.0,0.0,0.0,0.0,0.0,0.0,0.0,0.0,0.0,0.0,0.0,0.0,0.0,0.0
Reunion,RE,REU,AFE,Rest of World,Aluminium scrap,kt,0.0,0.0,0.0,No secondary producer share; assigned zero,0.0,0.0,,Existing values retained through 2024; 2025 extrapolated using a country-level OLS linear trend fitted over 2019-2024 and floored at zero; Zijie regional growth indexed to 2025 thereafter,0.0,0.0,0.0,0.0,0.0,0.0,0.0,0.0,0.0,0.0,0.0,0.0,0.0,0.0,0.0,0.0,0.0,0.0,0.0,0.0,0.0,0.0,0.0,0.0,0.0,0.0,0.0,0.0,0.0,0.0,0.0,0.0
Rwanda,RW,RWA,AFE,Rest of World,Aluminium scrap,kt,0.0,0.0,0.0,No secondary producer share; assigned zero,0.0,0.0,,Existing values retained through 2024; 2025 extrapolated using a country-level OLS linear trend fitted over 2019-2024 and floored at zero; Zijie regional growth indexed to 2025 thereafter,0.0,0.0,0.0,0.0,0.0,0.0,0.0,0.0,0.0,0.0,0.0,0.0,0.0,0.0,0.0,0.0,0.0,0.0,0.0,0.0,0.0,0.0,0.0,0.0,0.0,0.0,0.0,0.0,0.0,0.0,0.0,0.0
Somalia,SO,SOM,AFE,Rest of World,Aluminium scrap,kt,0.0,0.0,0.0,No secondary producer share; assigned zero,0.0,0.0,,Existing values retained through 2024; 2025 extrapolated using a country-level OLS linear trend fitted over 2019-2024 and floored at zero; Zijie regional growth indexed to 2025 thereafter,0.0,0.0,0.0,0.0,0.0,0.0,0.0,0.0,0.0,0.0,0.0,0.0,0.0,0.0,0.0,0.0,0.0,0.0,0.0,0.0,0.0,0.0,0.0,0.0,0.0,0.0,0.0,0.0,0.0,0.0,0.0,0.0
Uganda,UG,UGA,AFE,Rest of World,Aluminium scrap,kt,0.0,0.0,0.0,No secondary producer share; assigned zero,0.0,0.0,,Existing values retained through 2024; 2025 extrapolated using a country-level OLS linear trend fitted over 2019-2024 and floored at zero; Zijie regional growth indexed to 2025 thereafter,0.0,0.0,0.0,0.0,0.0,0.0,0.0,0.0,0.0,0.0,0.0,0.0,0.0,0.0,0.0,0.0,0.0,0.0,0.0,0.0,0.0,0.0,0.0,0.0,0.0,0.0,0.0,0.0,0.0,0.0,0.0,0.0
Seychelles,SC,SYC,AFE,Rest of World,Aluminium scrap,kt,0.0,0.0,0.0,No secondary producer share; assigned zero,0.0,0.0,,Existing values retained through 2024; 2025 extrapolated using a country-level OLS linear trend fitted over 2019-2024 and floored at zero; Zijie regional growth indexed to 2025 thereafter,0.0,0.0,0.0,0.0,0.0,0.0,0.0,0.0,0.0,0.0,0.0,0.0,0.0,0.0,0.0,0.0,0.0,0.0,0.0,0.0,0.0,0.0,0.0,0.0,0.0,0.0,0.0,0.0,0.0,0.0,0.0,0.0
United Republic of Tanzania,TZ,TZA,AFE,Other main producer,Aluminium scrap,kt,0.0,0.0,0.0,No secondary producer share; assigned zero,0.0,0.0,,Existing values retained through 2024; 2025 extrapolated using a country-level OLS linear trend fitted over 2019-2024 and floored at zero; Zijie regional growth indexed to 2025 thereafter,0.0,0.0,0.0,0.0,0.0,0.0,0.0,0.0,0.0,0.0,0.0,0.0,0.0,0.0,0.0,0.0,0.0,0.0,0.0,0.0,0.0,0.0,0.0,0.0,0.0,0.0,0.0,0.0,0.0,0.0,0.0,0.0
Egypt,EG,EGY,AFN,Other main producer,Aluminium scrap,kt,54.04801773473743,40.0,0.0312067227564295,Scrap allocated using OMNIA-controlled 2019 secondary country share,2.974250162301608,71.89351870854708,0.9084503696338245,Existing values retained through 2024; 2025 extrapolated using a country-level OLS linear trend fitted over 2019-2024 and floored at zero; Zijie regional growth indexed to 2025 thereafter,54.04801773473743,57.02226789703904,59.99651805934064,62.970768221642246,65.94501838394386,68.91926854624546,71.89351870854708,73.40541843012637,74.92156302618625,76.24530127283754,77.52788036382445,78.82148694168765,80.19444733371307,81.72057814624482,83.42464459166138,85.31593123759875,87.37860884825807,89.56470263030847,91.82847249859104,94.15654253487047,96.54703515836054,99.00689034273728,101.5481299375687,104.15822906836563,106.8341095469785,109.58164257811596,112.39371372303789,115.26157304615124,118.16307032658436,121.08982888090475,124.0524133825236,127.08750082218131
Algeria,DZ,DZA,AFN,Rest of World,Aluminium scrap,kt,0.0,0.0,0.0,No secondary producer share; assigned zero,0.0,0.0,,Existing values retained through 2024; 2025 extrapolated using a country-level OLS linear trend fitted over 2019-2024 and floored at zero; Zijie regional growth indexed to 2025 thereafter,0.0,0.0,0.0,0.0,0.0,0.0,0.0,0.0,0.0,0.0,0.0,0.0,0.0,0.0,0.0,0.0,0.0,0.0,0.0,0.0,0.0,0.0,0.0,0.0,0.0,0.0,0.0,0.0,0.0,0.0,0.0,0.0
Morocco,MA,MAR,AFN,Rest of World,Aluminium scrap,kt,0.0,0.0,0.0,No secondary producer share; assigned zero,0.0,0.0,,Existing values retained through 2024; 2025 extrapolated using a country-level OLS linear trend fitted over 2019-2024 and floored at zero; Zijie regional growth indexed to 2025 thereafter,0.0,0.0,0.0,0.0,0.0,0.0,0.0,0.0,0.0,0.0,0.0,0.0,0.0,0.0,0.0,0.0,0.0,0.0,0.0,0.0,0.0,0.0,0.0,0.0,0.0,0.0,0.0,0.0,0.0,0.0,0.0,0.0
Libya,LY,LBY,AFN,Rest of World,Aluminium scrap,kt,0.0,0.0,0.0,No secondary producer share; assigned zero,0.0,0.0,,Existing values retained through 2024; 2025 extrapolated using a country-level OLS linear trend fitted over 2019-2024 and floored at zero; Zijie regional growth indexed to 2025 thereafter,0.0,0.0,0.0,0.0,0.0,0.0,0.0,0.0,0.0,0.0,0.0,0.0,0.0,0.0,0.0,0.0,0.0,0.0,0.0,0.0,0.0,0.0,0.0,0.0,0.0,0.0,0.0,0.0,0.0,0.0,0.0,0.0
Tunisia,TN,TUN,AFN,Rest of World,Aluminium scrap,kt,0.0,0.0,0.0,No secondary producer share; assigned zero,0.0,0.0,,Existing values retained through 2024; 2025 extrapolated using a country-level OLS linear trend fitted over 2019-2024 and floored at zero; Zijie regional growth indexed to 2025 thereafter,0.0,0.0,0.0,0.0,0.0,0.0,0.0,0.0,0.0,0.0,0.0,0.0,0.0,0.0,0.0,0.0,0.0,0.0,0.0,0.0,0.0,0.0,0.0,0.0,0.0,0.0,0.0,0.0,0.0,0.0,0.0,0.0
Democratic Republic of the Congo,CD,COD,AFW,Rest of World,Aluminium scrap,kt,0.0,0.0,0.0,No secondary producer share; assigned zero,0.0,0.0,,Existing values retained through 2024; 2025 extrapolated using a country-level OLS linear trend fitted over 2019-2024 and floored at zero; Zijie regional growth indexed to 2025 thereafter,0.0,0.0,0.0,0.0,0.0,0.0,0.0,0.0,0.0,0.0,0.0,0.0,0.0,0.0,0.0,0.0,0.0,0.0,0.0,0.0,0.0,0.0,0.0,0.0,0.0,0.0,0.0,0.0,0.0,0.0,0.0,0.0
Cote d'Ivoire,CI,CIV,AFW,Rest of World,Aluminium scrap,kt,0.0,0.0,0.0,No secondary producer share; assigned zero,0.0,0.0,,Existing values retained through 2024; 2025 extrapolated using a country-level OLS linear trend fitted over 2019-2024 and floored at zero; Zijie regional growth indexed to 2025 thereafter,0.0,0.0,0.0,0.0,0.0,0.0,0.0,0.0,0.0,0.0,0.0,0.0,0.0,0.0,0.0,0.0,0.0,0.0,0.0,0.0,0.0,0.0,0.0,0.0,0.0,0.0,0.0,0.0,0.0,0.0,0.0,0.0
Ghana,GH,GHA,AFW,Rest of World,Aluminium scrap,kt,28.741020419678797,3.75,0.1328613821843777,Scrap allocated using OMNIA-controlled 2019 secondary country share,35.06441182018711,239.12749134080144,0.9692384852902373,Existing values retained through 2024; 2025 extrapolated using a country-level OLS linear trend fitted over 2019-2024 and floored at zero; Zijie regional growth indexed to 2025 thereafter,28.741020419678797,63.80543223986591,98.869844060053,133.93425588024013,168.99866770042723,204.06307952061437,239.12749134080144,271.51426001772217,303.6519535750205,335.7847988900824,368.41283376055856,401.70045449936896,435.60284594069395,469.85064302218893,504.01756070358135,537.6487635479953,570.4561963546512,602.5472166201425,634.4658412250229,667.1805689771717,701.9560469700125,739.9665536340763,782.0047581566139,828.5819547752463,879.8719043858754,935.5535315503748,995.0612558978521,1057.861299805114,1123.3742148251606,1191.1595925016072,1260.9593793314161,1332.4648003647642
Cameroon,CM,CMR,AFW,Other main producer,Aluminium scrap,kt,8.445002771052724,6.25,0.0048760504306921,Scrap allocated using OMNIA-controlled 2019 secondary country share,0.4647265878596264,11.233362298210483,0.9084503696338246,Existing values retained through 2024; 2025 extrapolated using a country-level OLS linear trend fitted over 2019-2024 and floored at zero; Zijie regional growth indexed to 2025 thereafter,8.445002771052724,8.909729358912351,9.374455946771976,9.839182534631602,10.303909122491229,10.768635710350855,11.233362298210483,11.46959662970725,11.706494222841604,11.913328323880867,12.113731306847573,12.315857334638698,12.530382395892671,12.768840335350758,13.035100717447094,13.330614255874808,13.652907632540327,13.994484785985703,14.348198827904854,14.711959771073515,15.08547424349384,15.469826616052703,15.866895302745114,16.274723291932133,16.692829616715393,17.12213165283062,17.561517769224675,18.009620788461135,18.46297973852881,18.92028576264137,19.383189591019317,19.857422003465835
Gabon,GA,GAB,AFW,Rest of World,Aluminium scrap,kt,0.0,0.0,0.0,No secondary producer share; assigned zero,0.0,0.0,,Existing values retained through 2024; 2025 extrapolated using a country-level OLS linear trend fitted over 2019-2024 and floored at zero; Zijie regional growth indexed to 2025 thereafter,0.0,0.0,0.0,0.0,0.0,0.0,0.0,0.0,0.0,0.0,0.0,0.0,0.0,0.0,0.0,0.0,0.0,0.0,0.0,0.0,0.0,0.0,0.0,0.0,0.0,0.0,0.0,0.0,0.0,0.0,0.0,0.0
Benin,BJ,BEN,AFW,Rest of World,Aluminium scrap,kt,0.0,0.0,0.0,No secondary producer share; assigned zero,0.0,0.0,,Existing values retained through 2024; 2025 extrapolated using a country-level OLS linear trend fitted over 2019-2024 and floored at zero; Zijie regional growth indexed to 2025 thereafter,0.0,0.0,0.0,0.0,0.0,0.0,0.0,0.0,0.0,0.0,0.0,0.0,0.0,0.0,0.0,0.0,0.0,0.0,0.0,0.0,0.0,0.0,0.0,0.0,0.0,0.0,0.0,0.0,0.0,0.0,0.0,0.0
Senegal,SN,SEN,AFW,Rest of World,Aluminium scrap,kt,0.0,0.0,0.0,No secondary producer share; assigned zero,0.0,0.0,,Existing values retained through 2024; 2025 extrapolated using a country-level OLS linear trend fitted over 2019-2024 and floored at zero; Zijie regional growth indexed to 2025 thereafter,0.0,0.0,0.0,0.0,0.0,0.0,0.0,0.0,0.0,0.0,0.0,0.0,0.0,0.0,0.0,0.0,0.0,0.0,0.0,0.0,0.0,0.0,0.0,0.0,0.0,0.0,0.0,0.0,0.0,0.0,0.0,0.0
Togo,TG,TGO,AFW,Rest of World,Aluminium scrap,kt,0.0,0.0,0.0,No secondary producer share; assigned zero,0.0,0.0,,Existing values retained through 2024; 2025 extrapolated using a country-level OLS linear trend fitted over 2019-2024 and floored at zero; Zijie regional growth indexed to 2025 thereafter,0.0,0.0,0.0,0.0,0.0,0.0,0.0,0.0,0.0,0.0,0.0,0.0,0.0,0.0,0.0,0.0,0.0,0.0,0.0,0.0,0.0,0.0,0.0,0.0,0.0,0.0,0.0,0.0,0.0,0.0,0.0,0.0
Niger,NE,NER,AFW,Rest of World,Aluminium scrap,kt,0.0,0.0,0.0,No secondary producer share; assigned zero,0.0,0.0,,Existing values retained through 2024; 2025 extrapolated using a country-level OLS linear trend fitted over 2019-2024 and floored at zero; Zijie regional growth indexed to 2025 thereafter,0.0,0.0,0.0,0.0,0.0,0.0,0.0,0.0,0.0,0.0,0.0,0.0,0.0,0.0,0.0,0.0,0.0,0.0,0.0,0.0,0.0,0.0,0.0,0.0,0.0,0.0,0.0,0.0,0.0,0.0,0.0,0.0
Congo,CG,COG,AFW,Rest of World,Aluminium scrap,kt,0.0,0.0,0.0,No secondary producer share; assigned zero,0.0,0.0,,Existing values retained through 2024; 2025 extrapolated using a country-level OLS linear trend fitted over 2019-2024 and floored at zero; Zijie regional growth indexed to 2025 thereafter,0.0,0.0,0.0,0.0,0.0,0.0,0.0,0.0,0.0,0.0,0.0,0.0,0.0,0.0,0.0,0.0,0.0,0.0,0.0,0.0,0.0,0.0,0.0,0.0,0.0,0.0,0.0,0.0,0.0,0.0,0.0,0.0
Burkina Faso,BF,BFA,AFW,Rest of World,Aluminium scrap,kt,0.0,0.0,0.0,No secondary producer share; assigned zero,0.0,0.0,,Existing values retained through 2024; 2025 extrapolated using a country-level OLS linear trend fitted over 2019-2024 and floored at zero; Zijie regional growth indexed to 2025 thereafter,0.0,0.0,0.0,0.0,0.0,0.0,0.0,0.0,0.0,0.0,0.0,0.0,0.0,0.0,0.0,0.0,0.0,0.0,0.0,0.0,0.0,0.0,0.0,0.0,0.0,0.0,0.0,0.0,0.0,0.0,0.0,0.0
Cabo Verde,CV,CPV,AFW,Rest of World,Aluminium scrap,kt,0.0,0.0,0.0,No secondary producer share; assigned zero,0.0,0.0,,Existing values retained through 2024; 2025 extrapolated using a country-level OLS linear trend fitted over 2019-2024 and floored at zero; Zijie regional growth indexed to 2025 thereafter,0.0,0.0,0.0,0.0,0.0,0.0,0.0,0.0,0.0,0.0,0.0,0.0,0.0,0.0,0.0,0.0,0.0,0.0,0.0,0.0,0.0,0.0,0.0,0.0,0.0,0.0,0.0,0.0,0.0,0.0,0.0,0.0
Central African Republic,CF,CAF,AFW,Rest of World,Aluminium scrap,kt,0.0,0.0,0.0,No secondary producer share; assigned zero,0.0,0.0,,Existing values retained through 2024; 2025 extrapolated using a country-level OLS linear trend fitted over 2019-2024 and floored at zero; Zijie regional growth indexed to 2025 thereafter,0.0,0.0,0.0,0.0,0.0,0.0,0.0,0.0,0.0,0.0,0.0,0.0,0.0,0.0,0.0,0.0,0.0,0.0,0.0,0.0,0.0,0.0,0.0,0.0,0.0,0.0,0.0,0.0,0.0,0.0,0.0,0.0
Chad,TD,TCD,AFW,Rest of World,Aluminium scrap,kt,0.0,0.0,0.0,No secondary producer share; assigned zero,0.0,0.0,,Existing values retained through 2024; 2025 extrapolated using a country-level OLS linear trend fitted over 2019-2024 and floored at zero; Zijie regional growth indexed to 2025 thereafter,0.0,0.0,0.0,0.0,0.0,0.0,0.0,0.0,0.0,0.0,0.0,0.0,0.0,0.0,0.0,0.0,0.0,0.0,0.0,0.0,0.0,0.0,0.0,0.0,0.0,0.0,0.0,0.0,0.0,0.0,0.0,0.0
Equatorial Guinea,GQ,GNQ,AFW,Rest of World,Aluminium scrap,kt,0.0,0.0,0.0,No secondary producer share; assigned zero,0.0,0.0,,Existing values retained through 2024; 2025 extrapolated using a country-level OLS linear trend fitted over 2019-2024 and floored at zero; Zijie regional growth indexed to 2025 thereafter,0.0,0.0,0.0,0.0,0.0,0.0,0.0,0.0,0.0,0.0,0.0,0.0,0.0,0.0,0.0,0.0,0.0,0.0,0.0,0.0,0.0,0.0,0.0,0.0,0.0,0.0,0.0,0.0,0.0,0.0,0.0,0.0
Gambia,GM,GMB,AFW,Rest of World,Aluminium scrap,kt,0.0,0.0,0.0,No secondary producer share; assigned zero,0.0,0.0,,Existing values retained through 2024; 2025 extrapolated using a country-level OLS linear trend fitted over 2019-2024 and floored at zero; Zijie regional growth indexed to 2025 thereafter,0.0,0.0,0.0,0.0,0.0,0.0,0.0,0.0,0.0,0.0,0.0,0.0,0.0,0.0,0.0,0.0,0.0,0.0,0.0,0.0,0.0,0.0,0.0,0.0,0.0,0.0,0.0,0.0,0.0,0.0,0.0,0.0
Guinea,GN,GIN,AFW,Other main producer,Aluminium scrap,kt,0.0,0.0,0.0,No secondary producer share; assigned zero,0.0,0.0,,Existing values retained through 2024; 2025 extrapolated using a country-level OLS linear trend fitted over 2019-2024 and floored at zero; Zijie regional growth indexed to 2025 thereafter,0.0,0.0,0.0,0.0,0.0,0.0,0.0,0.0,0.0,0.0,0.0,0.0,0.0,0.0,0.0,0.0,0.0,0.0,0.0,0.0,0.0,0.0,0.0,0.0,0.0,0.0,0.0,0.0,0.0,0.0,0.0,0.0
Guinea-Bissau,GW,GNB,AFW,Rest of World,Aluminium scrap,kt,0.0,0.0,0.0,No secondary producer share; assigned zero,0.0,0.0,,Existing values retained through 2024; 2025 extrapolated using a country-level OLS linear trend fitted over 2019-2024 and floored at zero; Zijie regional growth indexed to 2025 thereafter,0.0,0.0,0.0,0.0,0.0,0.0,0.0,0.0,0.0,0.0,0.0,0.0,0.0,0.0,0.0,0.0,0.0,0.0,0.0,0.0,0.0,0.0,0.0,0.0,0.0,0.0,0.0,0.0,0.0,0.0,0.0,0.0
Liberia,LR,LBR,AFW,Rest of World,Aluminium scrap,kt,0.0,0.0,0.0,No secondary producer share; assigned zero,0.0,0.0,,Existing values retained through 2024; 2025 extrapolated using a country-level OLS linear trend fitted over 2019-2024 and floored at zero; Zijie regional growth indexed to 2025 thereafter,0.0,0.0,0.0,0.0,0.0,0.0,0.0,0.0,0.0,0.0,0.0,0.0,0.0,0.0,0.0,0.0,0.0,0.0,0.0,0.0,0.0,0.0,0.0,0.0,0.0,0.0,0.0,0.0,0.0,0.0,0.0,0.0
Malawi,MW,MWI,AFW,Rest of World,Aluminium scrap,kt,0.0,0.0,0.0,No secondary producer share; assigned zero,0.0,0.0,,Existing values retained through 2024; 2025 extrapolated using a country-level OLS linear trend fitted over 2019-2024 and floored at zero; Zijie regional growth indexed to 2025 thereafter,0.0,0.0,0.0,0.0,0.0,0.0,0.0,0.0,0.0,0.0,0.0,0.0,0.0,0.0,0.0,0.0,0.0,0.0,0.0,0.0,0.0,0.0,0.0,0.0,0.0,0.0,0.0,0.0,0.0,0.0,0.0,0.0
Mali,ML,MLI,AFW,Rest of World,Aluminium scrap,kt,0.0,0.0,0.0,No secondary producer share; assigned zero,0.0,0.0,,Existing values retained through 2024; 2025 extrapolated using a country-level OLS linear trend fitted over 2019-2024 and floored at zero; Zijie regional growth indexed to 2025 thereafter,0.0,0.0,0.0,0.0,0.0,0.0,0.0,0.0,0.0,0.0,0.0,0.0,0.0,0.0,0.0,0.0,0.0,0.0,0.0,0.0,0.0,0.0,0.0,0.0,0.0,0.0,0.0,0.0,0.0,0.0,0.0,0.0
Mauritania,MR,MRT,AFW,Rest of World,Aluminium scrap,kt,0.0,0.0,0.0,No secondary producer share; assigned zero,0.0,0.0,,Existing values retained through 2024; 2025 extrapolated using a country-level OLS linear trend fitted over 2019-2024 and floored at zero; Zijie regional growth indexed to 2025 thereafter,0.0,0.0,0.0,0.0,0.0,0.0,0.0,0.0,0.0,0.0,0.0,0.0,0.0,0.0,0.0,0.0,0.0,0.0,0.0,0.0,0.0,0.0,0.0,0.0,0.0,0.0,0.0,0.0,0.0,0.0,0.0,0.0
Sao Tome and Principe,ST,STP,AFW,Rest of World,Aluminium scrap,kt,0.0,0.0,0.0,No secondary producer share; assigned zero,0.0,0.0,,Existing values retained through 2024; 2025 extrapolated using a country-level OLS linear trend fitted over 2019-2024 and floored at zero; Zijie regional growth indexed to 2025 thereafter,0.0,0.0,0.0,0.0,0.0,0.0,0.0,0.0,0.0,0.0,0.0,0.0,0.0,0.0,0.0,0.0,0.0,0.0,0.0,0.0,0.0,0.0,0.0,0.0,0.0,0.0,0.0,0.0,0.0,0.0,0.0,0.0
Sierra Leone,SL,SLE,AFW,Other main producer,Aluminium scrap,kt,0.0,0.0,0.0,No secondary producer share; assigned zero,0.0,0.0,,Existing values retained through 2024; 2025 extrapolated using a country-level OLS linear trend fitted over 2019-2024 and floored at zero; Zijie regional growth indexed to 2025 thereafter,0.0,0.0,0.0,0.0,0.0,0.0,0.0,0.0,0.0,0.0,0.0,0.0,0.0,0.0,0.0,0.0,0.0,0.0,0.0,0.0,0.0,0.0,0.0,0.0,0.0,0.0,0.0,0.0,0.0,0.0,0.0,0.0
Angola,AO,AGO,AFZ,Rest of World,Aluminium scrap,kt,0.0,0.0,0.0,No secondary producer share; assigned zero,0.0,0.0,,Existing values retained through 2024; 2025 extrapolated using a country-level OLS linear trend fitted over 2019-2024 and floored at zero; Zijie regional growth indexed to 2025 thereafter,0.0,0.0,0.0,0.0,0.0,0.0,0.0,0.0,0.0,0.0,0.0,0.0,0.0,0.0,0.0,0.0,0.0,0.0,0.0,0.0,0.0,0.0,0.0,0.0,0.0,0.0,0.0,0.0,0.0,0.0,0.0,0.0
Mozambique,MZ,MOZ,AFZ,Rest of World,Aluminium scrap,kt,168.8889915456944,22.03588143525741,0.7807247107038319,Scrap allocated using OMNIA-controlled 2019 secondary country share,206.04672572444838,1405.1693458923849,0.9692384852902372,Existing values retained through 2024; 2025 extrapolated using a country-level OLS linear trend fitted over 2019-2024 and floored at zero; Zijie regional growth indexed to 2025 thereafter,168.8889915456944,374.9357172701429,580.9824429945913,787.0291687190397,993.075894443488,1199.1226201679365,1405.1693458923849,1595.4816111285807,1784.330252416917,1973.150404294296,2164.8804063932976,2360.486290089895,2559.7047109359546,2760.9528165110423,2961.725655720473,3159.350508628365,3352.134695167737,3540.709073222886,3728.270413854789,3920.5098437036086,4124.858726344847,4348.217397849746,4595.24376867901,4868.942323952305,5170.334123536345,5497.5324526881095,5847.213828208907,6216.241647320742,6601.210934750033,6999.5337468893185,7409.6937006994285,7829.8763619978345
Zimbabwe,ZW,ZWE,AFZ,Other main producer,Aluminium scrap,kt,0.0,0.0,0.0,No secondary producer share; assigned zero,0.0,0.0,,Existing values retained through 2024; 2025 extrapolated using a country-level OLS linear trend fitted over 2019-2024 and floored at zero; Zijie regional growth indexed to 2025 thereafter,0.0,0.0,0.0,0.0,0.0,0.0,0.0,0.0,0.0,0.0,0.0,0.0,0.0,0.0,0.0,0.0,0.0,0.0,0.0,0.0,0.0,0.0,0.0,0.0,0.0,0.0,0.0,0.0,0.0,0.0,0.0,0.0
Zambia,ZM,ZMB,AFZ,Rest of World,Aluminium scrap,kt,0.0,0.0,0.0,No secondary producer share; assigned zero,0.0,0.0,,Existing values retained through 2024; 2025 extrapolated using a country-level OLS linear trend fitted over 2019-2024 and floored at zero; Zijie regional growth indexed to 2025 thereafter,0.0,0.0,0.0,0.0,0.0,0.0,0.0,0.0,0.0,0.0,0.0,0.0,0.0,0.0,0.0,0.0,0.0,0.0,0.0,0.0,0.0,0.0,0.0,0.0,0.0,0.0,0.0,0.0,0.0,0.0,0.0,0.0
Botswana,BW,BWA,AFZ,Rest of World,Aluminium scrap,kt,0.0,0.0,0.0,No secondary producer share; assigned zero,0.0,0.0,,Existing values retained through 2024; 2025 extrapolated using a country-level OLS linear trend fitted over 2019-2024 and floored at zero; Zijie regional growth indexed to 2025 thereafter,0.0,0.0,0.0,0.0,0.0,0.0,0.0,0.0,0.0,0.0,0.0,0.0,0.0,0.0,0.0,0.0,0.0,0.0,0.0,0.0,0.0,0.0,0.0,0.0,0.0,0.0,0.0,0.0,0.0,0.0,0.0,0.0
Namibia,,NAM,AFZ,Rest of World,Aluminium scrap,kt,0.0,0.0,0.0,No secondary producer share; assigned zero,0.0,0.0,,Existing values retained through 2024; 2025 extrapolated using a country-level OLS linear trend fitted over 2019-2024 and floored at zero; Zijie regional growth indexed to 2025 thereafter,0.0,0.0,0.0,0.0,0.0,0.0,0.0,0.0,0.0,0.0,0.0,0.0,0.0,0.0,0.0,0.0,0.0,0.0,0.0,0.0,0.0,0.0,0.0,0.0,0.0,0.0,0.0,0.0,0.0,0.0,0.0,0.0
South Africa,ZA,ZAF,AFZ,Other main producer,Aluminium scrap,kt,37.785129403087694,27.96411856474259,0.0218167123794461,Scrap allocated using OMNIA-controlled 2019 secondary country share,2.0793071044951748,50.26097203005874,0.9084503696338241,Existing values retained through 2024; 2025 extrapolated using a country-level OLS linear trend fitted over 2019-2024 and floored at zero; Zijie regional growth indexed to 2025 thereafter,37.785129403087694,39.86443650758287,41.943743612078045,44.02305071657322,46.1023578210684,48.18166492556357,50.26097203005874,51.31794560686486,52.377886788002655,53.303316119953685,54.19997096417913,55.10433515716657,56.064175836848925,57.13109841152255,58.32241631456825,59.64462041474092,61.08664444637385,62.61494908924645,64.19755731424509,65.82511797728365,67.49631845606913,69.21601050676932,70.99259864005143,72.81732667903485,74.6880426532601,76.60885113934197,78.57477841206918,80.57970736553277,82.60815271466552,84.65425829525027,86.72540990178373,88.84724852720747
Eswatini,SZ,SWZ,AFZ,Rest of World,Aluminium scrap,kt,0.0,0.0,0.0,No secondary producer share; assigned zero,0.0,0.0,,Existing values retained through 2024; 2025 extrapolated using a country-level OLS linear trend fitted over 2019-2024 and floored at zero; Zijie regional growth indexed to 2025 thereafter,0.0,0.0,0.0,0.0,0.0,0.0,0.0,0.0,0.0,0.0,0.0,0.0,0.0,0.0,0.0,0.0,0.0,0.0,0.0,0.0,0.0,0.0,0.0,0.0,0.0,0.0,0.0,0.0,0.0,0.0,0.0,0.0
Lesotho,LS,LSO,AFZ,Rest of World,Aluminium scrap,kt,0.0,0.0,0.0,No secondary producer share; assigned zero,0.0,0.0,,Existing values retained through 2024; 2025 extrapolated using a country-level OLS linear trend fitted over 2019-2024 and floored at zero; Zijie regional growth indexed to 2025 thereafter,0.0,0.0,0.0,0.0,0.0,0.0,0.0,0.0,0.0,0.0,0.0,0.0,0.0,0.0,0.0,0.0,0.0,0.0,0.0,0.0,0.0,0.0,0.0,0.0,0.0,0.0,0.0,0.0,0.0,0.0,0.0,0.0
Nigeria,NG,NGA,NIG,Rest of World,Aluminium scrap,kt,0.0,0.0,0.0,No secondary producer share; assigned zero,0.0,0.0,,Existing values retained through 2024; 2025 extrapolated using a country-level OLS linear trend fitted over 2019-2024 and floored at zero; Zijie regional growth indexed to 2025 thereafter,0.0,0.0,0.0,0.0,0.0,0.0,0.0,0.0,0.0,0.0,0.0,0.0,0.0,0.0,0.0,0.0,0.0,0.0,0.0,0.0,0.0,0.0,0.0,0.0,0.0,0.0,0.0,0.0,0.0,0.0,0.0,0.0
Russian Federation,RU,RUS,RUS,Other main producer,Aluminium scrap,kt,432.3841418778994,320.0,0.2496537820514366,Scrap allocated using OMNIA-controlled 2019 secondary country share,23.794001298412866,575.1481496683766,0.9084503696338245,Existing values retained through 2024; 2025 extrapolated using a country-level OLS linear trend fitted over 2019-2024 and floored at zero; Zijie regional growth indexed to 2025 thereafter,432.3841418778994,456.1781431763123,479.9721444747252,503.766145773138,527.5601470715509,551.3541483699637,575.1481496683766,587.243347441011,599.37250420949,609.9624101827003,620.2230429105956,630.5718955335012,641.5555786697046,653.7646251699585,667.397156733291,682.52744990079,699.0288707860645,716.5176210424678,734.6277799887283,753.2523402789637,772.3762812668843,792.0551227418982,812.3850395005496,833.265832546925,854.672876375828,876.6531406249277,899.1497097843031,922.0925843692099,945.3045626126749,968.718631047238,992.4193070601888,1016.7000065774505
Kazakhstan,KZ,KAZ,ASC,Other main producer,Aluminium scrap,kt,8.568588177458373,6.341463414634147,0.0049474072662632,Scrap allocated using OMNIA-controlled 2019 secondary country share,0.47152746475513335,11.397752965989174,0.9084503696338245,Existing values retained through 2024; 2025 extrapolated using a country-level OLS linear trend fitted over 2019-2024 and floored at zero; Zijie regional growth indexed to 2025 thereafter,8.568588177458373,9.040115642213506,9.51164310696864,9.983170571723772,10.454698036478906,10.926225501234038,11.397752965989174,11.63744438526394,11.877808772444164,12.087669713986442,12.291005423533147,12.496089393194387,12.713753845588661,12.955701413429061,13.22585828892193,13.525696415716878,13.852706280821405,14.1992821243172,14.558172469288827,14.927256743333126,15.306237281203504,15.696214322629086,16.099093770590166,16.512889974253092,16.937114928179522,17.37269943311595,17.81851559023772,18.273176214633736,18.733169685921915,19.19716799331417,19.666846024058625,20.14801842302875
Uzbekistan,UZ,UZB,ASC,Rest of World,Aluminium scrap,kt,0.0,0.0,0.0,No secondary producer share; assigned zero,0.0,0.0,,Existing values retained through 2024; 2025 extrapolated using a country-level OLS linear trend fitted over 2019-2024 and floored at zero; Zijie regional growth indexed to 2025 thereafter,0.0,0.0,0.0,0.0,0.0,0.0,0.0,0.0,0.0,0.0,0.0,0.0,0.0,0.0,0.0,0.0,0.0,0.0,0.0,0.0,0.0,0.0,0.0,0.0,0.0,0.0,0.0,0.0,0.0,0.0,0.0,0.0
Turkmenistan,TM,TKM,ASC,Rest of World,Aluminium scrap,kt,0.0,0.0,0.0,No secondary producer share; assigned zero,0.0,0.0,,Existing values retained through 2024; 2025 extrapolated using a country-level OLS linear trend fitted over 2019-2024 and floored at zero; Zijie regional growth indexed to 2025 thereafter,0.0,0.0,0.0,0.0,0.0,0.0,0.0,0.0,0.0,0.0,0.0,0.0,0.0,0.0,0.0,0.0,0.0,0.0,0.0,0.0,0.0,0.0,0.0,0.0,0.0,0.0,0.0,0.0,0.0,0.0,0.0,0.0
Azerbaijan,AZ,AZE,ASC,Other main producer,Aluminium scrap,kt,1.647805418741995,1.2195121951219512,0.0009514244742813,Scrap allocated using OMNIA-controlled 2019 secondary country share,0.09067835860675626,2.191875570382533,0.9084503696338244,Existing values retained through 2024; 2025 extrapolated using a country-level OLS linear trend fitted over 2019-2024 and floored at zero; Zijie regional growth indexed to 2025 thereafter,1.647805418741995,1.7384837773487514,1.829162135955508,1.919840494562264,2.01051885316902,2.1011972117757765,2.191875570382533,2.2379700740892186,2.2841939947008,2.324551868074315,2.363654889140989,2.403094114075843,2.444952662613203,2.4914810410440493,2.5434342863311397,2.601095464560937,2.663981977081039,2.730631177753307,2.799648551786312,2.8706262967948315,2.9435071694622117,3.018502754351746,3.0959795712673386,3.17555576427944,3.2571374861883684,3.3409037371376815,3.426637613507253,3.5140723489680252,3.6025326319080597,3.6917630756373394,3.7820857738574265,3.874618927505528
Mongolia,MN,MNG,ASC,Rest of World,Aluminium scrap,kt,0.0,0.0,0.0,No secondary producer share; assigned zero,0.0,0.0,,Existing values retained through 2024; 2025 extrapolated using a country-level OLS linear trend fitted over 2019-2024 and floored at zero; Zijie regional growth indexed to 2025 thereafter,0.0,0.0,0.0,0.0,0.0,0.0,0.0,0.0,0.0,0.0,0.0,0.0,0.0,0.0,0.0,0.0,0.0,0.0,0.0,0.0,0.0,0.0,0.0,0.0,0.0,0.0,0.0,0.0,0.0,0.0,0.0,0.0
Georgia,GE,GEO,ASC,Rest of World,Aluminium scrap,kt,0.0,0.0,0.0,No secondary producer share; assigned zero,0.0,0.0,,Existing values retained through 2024; 2025 extrapolated using a country-level OLS linear trend fitted over 2019-2024 and floored at zero; Zijie regional growth indexed to 2025 thereafter,0.0,0.0,0.0,0.0,0.0,0.0,0.0,0.0,0.0,0.0,0.0,0.0,0.0,0.0,0.0,0.0,0.0,0.0,0.0,0.0,0.0,0.0,0.0,0.0,0.0,0.0,0.0,0.0,0.0,0.0,0.0,0.0
Kyrgyzstan,KG,KGZ,ASC,Rest of World,Aluminium scrap,kt,0.0,0.0,0.0,No secondary producer share; assigned zero,0.0,0.0,,Existing values retained through 2024; 2025 extrapolated using a country-level OLS linear trend fitted over 2019-2024 and floored at zero; Zijie regional growth indexed to 2025 thereafter,0.0,0.0,0.0,0.0,0.0,0.0,0.0,0.0,0.0,0.0,0.0,0.0,0.0,0.0,0.0,0.0,0.0,0.0,0.0,0.0,0.0,0.0,0.0,0.0,0.0,0.0,0.0,0.0,0.0,0.0,0.0,0.0
Armenia,AM,ARM,ASC,Rest of World,Aluminium scrap,kt,0.0,0.0,0.0,No secondary producer share; assigned zero,0.0,0.0,,Existing values retained through 2024; 2025 extrapolated using a country-level OLS linear trend fitted over 2019-2024 and floored at zero; Zijie regional growth indexed to 2025 thereafter,0.0,0.0,0.0,0.0,0.0,0.0,0.0,0.0,0.0,0.0,0.0,0.0,0.0,0.0,0.0,0.0,0.0,0.0,0.0,0.0,0.0,0.0,0.0,0.0,0.0,0.0,0.0,0.0,0.0,0.0,0.0,0.0
Tajikistan,TJ,TJK,ASC,Rest of World,Aluminium scrap,kt,18.693346614425234,2.4390243902439024,0.0864139071117904,Scrap allocated using OMNIA-controlled 2019 secondary country share,22.806121509064788,155.530075668814,0.9692384852902375,Existing values retained through 2024; 2025 extrapolated using a country-level OLS linear trend fitted over 2019-2024 and floored at zero; Zijie regional growth indexed to 2025 thereafter,18.693346614425234,41.499468123490026,64.30558963255481,87.11171114161961,109.9178326506844,132.72395415974918,155.530075668814,176.59464066193317,197.49720557724916,218.39661716428134,239.61810325889994,261.26858829227257,283.3189241890693,305.5939141607734,327.81629964460586,349.69025271414336,371.0284203932692,391.90062869602775,412.66070973985245,433.93858144856705,456.5567785170814,481.2790592741961,508.620980914871,538.9150925367458,572.2744093566671,608.4901018213822,647.194312779091,688.0398697919443,730.6498958212429,774.737946342509,820.13618167897,866.6437725949689
Afghanistan,AF,AFG,ASC,Rest of World,Aluminium scrap,kt,0.0,0.0,0.0,No secondary producer share; assigned zero,0.0,0.0,,Existing values retained through 2024; 2025 extrapolated using a country-level OLS linear trend fitted over 2019-2024 and floored at zero; Zijie regional growth indexed to 2025 thereafter,0.0,0.0,0.0,0.0,0.0,0.0,0.0,0.0,0.0,0.0,0.0,0.0,0.0,0.0,0.0,0.0,0.0,0.0,0.0,0.0,0.0,0.0,0.0,0.0,0.0,0.0,0.0,0.0,0.0,0.0,0.0,0.0
Thailand,TH,THA,ASE,Other Asia,Aluminium scrap,kt,192.31438259874264,290.0,0.0779569892473118,Scrap allocated using OMNIA-controlled 2019 secondary country share,45.842593758134846,467.3699451475517,1.0201509897618777,Existing values retained through 2024; 2025 extrapolated using a country-level OLS linear trend fitted over 2019-2024 and floored at zero; Zijie regional growth indexed to 2025 thereafter,192.31438259874264,238.15697635687744,283.9995701150123,329.8421638731471,375.684757631282,421.5273513894168,467.3699451475517,510.5724179604619,556.2991895185454,604.8169590546349,656.2271953404752,710.619749105294,767.852536536727,827.6629179667525,889.844847097129,954.2263525789731,1020.7262381486345,1089.4137280564491,1160.4290483899429,1234.0685541599578,1310.7088361662002,1390.6005835974104,1474.0331904495854,1561.0812778280513,1651.6246764297434,1745.5802020788908,1842.742829469156,1942.7629082616315,2045.2632752112208,2150.0416322624824,2256.9777516311087,2365.9413721028927
Malaysia,MY,MYS,ASE,Other Asia,Aluminium scrap,kt,0.0,0.0,0.0,No secondary producer share; assigned zero,0.0,0.0,,Existing values retained through 2024; 2025 extrapolated using a country-level OLS linear trend fitted over 2019-2024 and floored at zero; Zijie regional growth indexed to 2025 thereafter,0.0,0.0,0.0,0.0,0.0,0.0,0.0,0.0,0.0,0.0,0.0,0.0,0.0,0.0,0.0,0.0,0.0,0.0,0.0,0.0,0.0,0.0,0.0,0.0,0.0,0.0,0.0,0.0,0.0,0.0,0.0,0.0
Singapore,SG,SGP,ASE,Other Asia,Aluminium scrap,kt,0.0,0.0,0.0,No secondary producer share; assigned zero,0.0,0.0,,Existing values retained through 2024; 2025 extrapolated using a country-level OLS linear trend fitted over 2019-2024 and floored at zero; Zijie regional growth indexed to 2025 thereafter,0.0,0.0,0.0,0.0,0.0,0.0,0.0,0.0,0.0,0.0,0.0,0.0,0.0,0.0,0.0,0.0,0.0,0.0,0.0,0.0,0.0,0.0,0.0,0.0,0.0,0.0,0.0,0.0,0.0,0.0,0.0,0.0
Myanmar,MM,MMR,ASE,Rest of World,Aluminium scrap,kt,0.0,0.0,0.0,No secondary producer share; assigned zero,0.0,0.0,,Existing values retained through 2024; 2025 extrapolated using a country-level OLS linear trend fitted over 2019-2024 and floored at zero; Zijie regional growth indexed to 2025 thereafter,0.0,0.0,0.0,0.0,0.0,0.0,0.0,0.0,0.0,0.0,0.0,0.0,0.0,0.0,0.0,0.0,0.0,0.0,0.0,0.0,0.0,0.0,0.0,0.0,0.0,0.0,0.0,0.0,0.0,0.0,0.0,0.0
Cambodia,KH,KHM,ASE,Rest of World,Aluminium scrap,kt,0.0,0.0,0.0,No secondary producer share; assigned zero,0.0,0.0,,Existing values retained through 2024; 2025 extrapolated using a country-level OLS linear trend fitted over 2019-2024 and floored at zero; Zijie regional growth indexed to 2025 thereafter,0.0,0.0,0.0,0.0,0.0,0.0,0.0,0.0,0.0,0.0,0.0,0.0,0.0,0.0,0.0,0.0,0.0,0.0,0.0,0.0,0.0,0.0,0.0,0.0,0.0,0.0,0.0,0.0,0.0,0.0,0.0,0.0
Brunei Darussalam,BN,BRN,ASE,Rest of World,Aluminium scrap,kt,0.0,0.0,0.0,No secondary producer share; assigned zero,0.0,0.0,,Existing values retained through 2024; 2025 extrapolated using a country-level OLS linear trend fitted over 2019-2024 and floored at zero; Zijie regional growth indexed to 2025 thereafter,0.0,0.0,0.0,0.0,0.0,0.0,0.0,0.0,0.0,0.0,0.0,0.0,0.0,0.0,0.0,0.0,0.0,0.0,0.0,0.0,0.0,0.0,0.0,0.0,0.0,0.0,0.0,0.0,0.0,0.0,0.0,0.0
Lao People's Democratic Republic,LA,LAO,ASE,Rest of World,Aluminium scrap,kt,0.0,0.0,0.0,No secondary producer share; assigned zero,0.0,0.0,,Existing values retained through 2024; 2025 extrapolated using a country-level OLS linear trend fitted over 2019-2024 and floored at zero; Zijie regional growth indexed to 2025 thereafter,0.0,0.0,0.0,0.0,0.0,0.0,0.0,0.0,0.0,0.0,0.0,0.0,0.0,0.0,0.0,0.0,0.0,0.0,0.0,0.0,0.0,0.0,0.0,0.0,0.0,0.0,0.0,0.0,0.0,0.0,0.0,0.0
Democratic People's Republic of Korea,KP,PRK,ASE,Rest of World,Aluminium scrap,kt,0.0,0.0,0.0,No secondary producer share; assigned zero,0.0,0.0,,Existing values retained through 2024; 2025 extrapolated using a country-level OLS linear trend fitted over 2019-2024 and floored at zero; Zijie regional growth indexed to 2025 thereafter,0.0,0.0,0.0,0.0,0.0,0.0,0.0,0.0,0.0,0.0,0.0,0.0,0.0,0.0,0.0,0.0,0.0,0.0,0.0,0.0,0.0,0.0,0.0,0.0,0.0,0.0,0.0,0.0,0.0,0.0,0.0,0.0
Cook Islands,CK,COK,ASE,Rest of World,Aluminium scrap,kt,0.0,0.0,0.0,No secondary producer share; assigned zero,0.0,0.0,,Existing values retained through 2024; 2025 extrapolated using a country-level OLS linear trend fitted over 2019-2024 and floored at zero; Zijie regional growth indexed to 2025 thereafter,0.0,0.0,0.0,0.0,0.0,0.0,0.0,0.0,0.0,0.0,0.0,0.0,0.0,0.0,0.0,0.0,0.0,0.0,0.0,0.0,0.0,0.0,0.0,0.0,0.0,0.0,0.0,0.0,0.0,0.0,0.0,0.0
Timor-Leste,TL,TLS,ASE,Rest of World,Aluminium scrap,kt,0.0,0.0,0.0,No secondary producer share; assigned zero,0.0,0.0,,Existing values retained through 2024; 2025 extrapolated using a country-level OLS linear trend fitted over 2019-2024 and floored at zero; Zijie regional growth indexed to 2025 thereafter,0.0,0.0,0.0,0.0,0.0,0.0,0.0,0.0,0.0,0.0,0.0,0.0,0.0,0.0,0.0,0.0,0.0,0.0,0.0,0.0,0.0,0.0,0.0,0.0,0.0,0.0,0.0,0.0,0.0,0.0,0.0,0.0
Fiji,FJ,FJI,ASE,Other main producer,Aluminium scrap,kt,0.0,0.0,0.0,No secondary producer share; assigned zero,0.0,0.0,,Existing values retained through 2024; 2025 extrapolated using a country-level OLS linear trend fitted over 2019-2024 and floored at zero; Zijie regional growth indexed to 2025 thereafter,0.0,0.0,0.0,0.0,0.0,0.0,0.0,0.0,0.0,0.0,0.0,0.0,0.0,0.0,0.0,0.0,0.0,0.0,0.0,0.0,0.0,0.0,0.0,0.0,0.0,0.0,0.0,0.0,0.0,0.0,0.0,0.0
French Polynesia,PF,PYF,ASE,Rest of World,Aluminium scrap,kt,0.0,0.0,0.0,No secondary producer share; assigned zero,0.0,0.0,,Existing values retained through 2024; 2025 extrapolated using a country-level OLS linear trend fitted over 2019-2024 and floored at zero; Zijie regional growth indexed to 2025 thereafter,0.0,0.0,0.0,0.0,0.0,0.0,0.0,0.0,0.0,0.0,0.0,0.0,0.0,0.0,0.0,0.0,0.0,0.0,0.0,0.0,0.0,0.0,0.0,0.0,0.0,0.0,0.0,0.0,0.0,0.0,0.0,0.0
Kiribati,KI,KIR,ASE,Rest of World,Aluminium scrap,kt,0.0,0.0,0.0,No secondary producer share; assigned zero,0.0,0.0,,Existing values retained through 2024; 2025 extrapolated using a country-level OLS linear trend fitted over 2019-2024 and floored at zero; Zijie regional growth indexed to 2025 thereafter,0.0,0.0,0.0,0.0,0.0,0.0,0.0,0.0,0.0,0.0,0.0,0.0,0.0,0.0,0.0,0.0,0.0,0.0,0.0,0.0,0.0,0.0,0.0,0.0,0.0,0.0,0.0,0.0,0.0,0.0,0.0,0.0
New Caledonia,NC,NCL,ASE,Rest of World,Aluminium scrap,kt,0.0,0.0,0.0,No secondary producer share; assigned zero,0.0,0.0,,Existing values retained through 2024; 2025 extrapolated using a country-level OLS linear trend fitted over 2019-2024 and floored at zero; Zijie regional growth indexed to 2025 thereafter,0.0,0.0,0.0,0.0,0.0,0.0,0.0,0.0,0.0,0.0,0.0,0.0,0.0,0.0,0.0,0.0,0.0,0.0,0.0,0.0,0.0,0.0,0.0,0.0,0.0,0.0,0.0,0.0,0.0,0.0,0.0,0.0
Palau,PW,PLW,ASE,Rest of World,Aluminium scrap,kt,0.0,0.0,0.0,No secondary producer share; assigned zero,0.0,0.0,,Existing values retained through 2024; 2025 extrapolated using a country-level OLS linear trend fitted over 2019-2024 and floored at zero; Zijie regional growth indexed to 2025 thereafter,0.0,0.0,0.0,0.0,0.0,0.0,0.0,0.0,0.0,0.0,0.0,0.0,0.0,0.0,0.0,0.0,0.0,0.0,0.0,0.0,0.0,0.0,0.0,0.0,0.0,0.0,0.0,0.0,0.0,0.0,0.0,0.0
Papua New Guinea,PG,PNG,ASE,Rest of World,Aluminium scrap,kt,0.0,0.0,0.0,No secondary producer share; assigned zero,0.0,0.0,,Existing values retained through 2024; 2025 extrapolated using a country-level OLS linear trend fitted over 2019-2024 and floored at zero; Zijie regional growth indexed to 2025 thereafter,0.0,0.0,0.0,0.0,0.0,0.0,0.0,0.0,0.0,0.0,0.0,0.0,0.0,0.0,0.0,0.0,0.0,0.0,0.0,0.0,0.0,0.0,0.0,0.0,0.0,0.0,0.0,0.0,0.0,0.0,0.0,0.0
American Samoa,AS,ASM,ASE,Rest of World,Aluminium scrap,kt,0.0,0.0,0.0,No secondary producer share; assigned zero,0.0,0.0,,Existing values retained through 2024; 2025 extrapolated using a country-level OLS linear trend fitted over 2019-2024 and floored at zero; Zijie regional growth indexed to 2025 thereafter,0.0,0.0,0.0,0.0,0.0,0.0,0.0,0.0,0.0,0.0,0.0,0.0,0.0,0.0,0.0,0.0,0.0,0.0,0.0,0.0,0.0,0.0,0.0,0.0,0.0,0.0,0.0,0.0,0.0,0.0,0.0,0.0
Solomon Islands,SB,SLB,ASE,Rest of World,Aluminium scrap,kt,0.0,0.0,0.0,No secondary producer share; assigned zero,0.0,0.0,,Existing values retained through 2024; 2025 extrapolated using a country-level OLS linear trend fitted over 2019-2024 and floored at zero; Zijie regional growth indexed to 2025 thereafter,0.0,0.0,0.0,0.0,0.0,0.0,0.0,0.0,0.0,0.0,0.0,0.0,0.0,0.0,0.0,0.0,0.0,0.0,0.0,0.0,0.0,0.0,0.0,0.0,0.0,0.0,0.0,0.0,0.0,0.0,0.0,0.0
Tonga,TO,TON,ASE,Rest of World,Aluminium scrap,kt,0.0,0.0,0.0,No secondary producer share; assigned zero,0.0,0.0,,Existing values retained through 2024; 2025 extrapolated using a country-level OLS linear trend fitted over 2019-2024 and floored at zero; Zijie regional growth indexed to 2025 thereafter,0.0,0.0,0.0,0.0,0.0,0.0,0.0,0.0,0.0,0.0,0.0,0.0,0.0,0.0,0.0,0.0,0.0,0.0,0.0,0.0,0.0,0.0,0.0,0.0,0.0,0.0,0.0,0.0,0.0,0.0,0.0,0.0
Vanuatu,VU,VUT,ASE,Rest of World,Aluminium scrap,kt,0.0,0.0,0.0,No secondary producer share; assigned zero,0.0,0.0,,Existing values retained through 2024; 2025 extrapolated using a country-level OLS linear trend fitted over 2019-2024 and floored at zero; Zijie regional growth indexed to 2025 thereafter,0.0,0.0,0.0,0.0,0.0,0.0,0.0,0.0,0.0,0.0,0.0,0.0,0.0,0.0,0.0,0.0,0.0,0.0,0.0,0.0,0.0,0.0,0.0,0.0,0.0,0.0,0.0,0.0,0.0,0.0,0.0,0.0
Niue,NU,NIU,ASE,Rest of World,Aluminium scrap,kt,0.0,0.0,0.0,No secondary producer share; assigned zero,0.0,0.0,,Existing values retained through 2024; 2025 extrapolated using a country-level OLS linear trend fitted over 2019-2024 and floored at zero; Zijie regional growth indexed to 2025 thereafter,0.0,0.0,0.0,0.0,0.0,0.0,0.0,0.0,0.0,0.0,0.0,0.0,0.0,0.0,0.0,0.0,0.0,0.0,0.0,0.0,0.0,0.0,0.0,0.0,0.0,0.0,0.0,0.0,0.0,0.0,0.0,0.0
Samoa,WS,WSM,ASE,Rest of World,Aluminium scrap,kt,0.0,0.0,0.0,No secondary producer share; assigned zero,0.0,0.0,,Existing values retained through 2024; 2025 extrapolated using a country-level OLS linear trend fitted over 2019-2024 and floored at zero; Zijie regional growth indexed to 2025 thereafter,0.0,0.0,0.0,0.0,0.0,0.0,0.0,0.0,0.0,0.0,0.0,0.0,0.0,0.0,0.0,0.0,0.0,0.0,0.0,0.0,0.0,0.0,0.0,0.0,0.0,0.0,0.0,0.0,0.0,0.0,0.0,0.0
Wallis and Futuna Islands,WF,WLF,ASE,Rest of World,Aluminium scrap,kt,0.0,0.0,0.0,No secondary producer share; assigned zero,0.0,0.0,,Existing values retained through 2024; 2025 extrapolated using a country-level OLS linear trend fitted over 2019-2024 and floored at zero; Zijie regional growth indexed to 2025 thereafter,0.0,0.0,0.0,0.0,0.0,0.0,0.0,0.0,0.0,0.0,0.0,0.0,0.0,0.0,0.0,0.0,0.0,0.0,0.0,0.0,0.0,0.0,0.0,0.0,0.0,0.0,0.0,0.0,0.0,0.0,0.0,0.0
Micronesia (Federated States of),FM,FSM,ASE,Rest of World,Aluminium scrap,kt,0.0,0.0,0.0,No secondary producer share; assigned zero,0.0,0.0,,Existing values retained through 2024; 2025 extrapolated using a country-level OLS linear trend fitted over 2019-2024 and floored at zero; Zijie regional growth indexed to 2025 thereafter,0.0,0.0,0.0,0.0,0.0,0.0,0.0,0.0,0.0,0.0,0.0,0.0,0.0,0.0,0.0,0.0,0.0,0.0,0.0,0.0,0.0,0.0,0.0,0.0,0.0,0.0,0.0,0.0,0.0,0.0,0.0,0.0
Nauru,NR,NRU,ASE,Rest of World,Aluminium scrap,kt,0.0,0.0,0.0,No secondary producer share; assigned zero,0.0,0.0,,Existing values retained through 2024; 2025 extrapolated using a country-level OLS linear trend fitted over 2019-2024 and floored at zero; Zijie regional growth indexed to 2025 thereafter,0.0,0.0,0.0,0.0,0.0,0.0,0.0,0.0,0.0,0.0,0.0,0.0,0.0,0.0,0.0,0.0,0.0,0.0,0.0,0.0,0.0,0.0,0.0,0.0,0.0,0.0,0.0,0.0,0.0,0.0,0.0,0.0
Tuvalu,TV,TUV,ASE,Rest of World,Aluminium scrap,kt,0.0,0.0,0.0,No secondary producer share; assigned zero,0.0,0.0,,Existing values retained through 2024; 2025 extrapolated using a country-level OLS linear trend fitted over 2019-2024 and floored at zero; Zijie regional growth indexed to 2025 thereafter,0.0,0.0,0.0,0.0,0.0,0.0,0.0,0.0,0.0,0.0,0.0,0.0,0.0,0.0,0.0,0.0,0.0,0.0,0.0,0.0,0.0,0.0,0.0,0.0,0.0,0.0,0.0,0.0,0.0,0.0,0.0,0.0
Northern Mariana Islands,MP,MNP,ASE,Rest of World,Aluminium scrap,kt,0.0,0.0,0.0,No secondary producer share; assigned zero,0.0,0.0,,Existing values retained through 2024; 2025 extrapolated using a country-level OLS linear trend fitted over 2019-2024 and floored at zero; Zijie regional growth indexed to 2025 thereafter,0.0,0.0,0.0,0.0,0.0,0.0,0.0,0.0,0.0,0.0,0.0,0.0,0.0,0.0,0.0,0.0,0.0,0.0,0.0,0.0,0.0,0.0,0.0,0.0,0.0,0.0,0.0,0.0,0.0,0.0,0.0,0.0
China,CN,CHN,CHN,China,Aluminium scrap,kt,12867.456017550345,10610.0,1.0,Scrap allocated using OMNIA-controlled 2019 secondary country share,1795.5341709028971,23640.661042967724,1.0211095543355446,Existing values retained through 2024; 2025 extrapolated using a country-level OLS linear trend fitted over 2019-2024 and floored at zero; Zijie regional growth indexed to 2025 thereafter,12867.456017550345,14662.99018845324,16458.52435935614,18254.058530259037,20049.59270116193,21845.12687206483,23640.661042967724,25505.13588560485,27433.528034573144,29393.220577937118,31364.23393067071,33306.890347006934,35176.991399716106,36941.768820179335,38585.68964757739,40109.32251247041,41524.28631536691,42841.4165601004,44068.35066429916,45203.54122205913,46229.95427001835,47130.58831562099,47894.20048728861,48514.78456671788,48998.74167711481,49357.40606985826,49607.04897774528,49771.06221427372,49877.29222748622,49944.69016844021,49986.602956541705,50016.60232113377
"China, Hong Kong Special Administrative Region",HK,HKG,CHN,Rest of World,Aluminium scrap,kt,0.0,0.0,0.0,No secondary producer share; assigned zero,0.0,0.0,,Existing values retained through 2024; 2025 extrapolated using a country-level OLS linear trend fitted over 2019-2024 and floored at zero; Zijie regional growth indexed to 2025 thereafter,0.0,0.0,0.0,0.0,0.0,0.0,0.0,0.0,0.0,0.0,0.0,0.0,0.0,0.0,0.0,0.0,0.0,0.0,0.0,0.0,0.0,0.0,0.0,0.0,0.0,0.0,0.0,0.0,0.0,0.0,0.0,0.0
"China, Macao Special Administrative Region",MO,MAC,CHN,Rest of World,Aluminium scrap,kt,0.0,0.0,0.0,No secondary producer share; assigned zero,0.0,0.0,,Existing values retained through 2024; 2025 extrapolated using a country-level OLS linear trend fitted over 2019-2024 and floored at zero; Zijie regional growth indexed to 2025 thereafter,0.0,0.0,0.0,0.0,0.0,0.0,0.0,0.0,0.0,0.0,0.0,0.0,0.0,0.0,0.0,0.0,0.0,0.0,0.0,0.0,0.0,0.0,0.0,0.0,0.0,0.0,0.0,0.0,0.0,0.0,0.0,0.0
Indonesia,ID,IDN,IDN,Other Asia,Aluminium scrap,kt,26.52612173775761,40.0,0.010752688172043,Scrap allocated using OMNIA-controlled 2019 secondary country share,6.323116380432391,64.46482002035197,1.020150989761878,Existing values retained through 2024; 2025 extrapolated using a country-level OLS linear trend fitted over 2019-2024 and floored at zero; Zijie regional growth indexed to 2025 thereafter,26.52612173775761,32.84923811819,39.1723544986224,45.49547087905479,51.81858725948717,58.14170363991957,64.46482002035197,70.42378178764993,76.73092269221317,83.42302883512207,90.51409590903107,98.0165171179716,105.91069469472099,114.16040247817277,122.73722028925918,131.61742794192736,140.78982595153582,150.26396249054474,160.05917908826802,170.21635229792523,180.78742567809658,191.8069770479187,203.3149228206325,215.32155556248983,227.81030019720603,240.7696830453643,254.1714247543664,267.96729769125955,282.1052793394788,296.5574665189631,311.3072760870495,326.33674097970936
Philippines,PH,PHL,IDN,Rest of World,Aluminium scrap,kt,0.0,0.0,0.0,No secondary producer share; assigned zero,0.0,0.0,,Existing values retained through 2024; 2025 extrapolated using a country-level OLS linear trend fitted over 2019-2024 and floored at zero; Zijie regional growth indexed to 2025 thereafter,0.0,0.0,0.0,0.0,0.0,0.0,0.0,0.0,0.0,0.0,0.0,0.0,0.0,0.0,0.0,0.0,0.0,0.0,0.0,0.0,0.0,0.0,0.0,0.0,0.0,0.0,0.0,0.0,0.0,0.0,0.0,0.0
Viet Nam,VN,VNM,IDN,Other Asia,Aluminium scrap,kt,0.0,0.0,0.0,No secondary producer share; assigned zero,0.0,0.0,,Existing values retained through 2024; 2025 extrapolated using a country-level OLS linear trend fitted over 2019-2024 and floored at zero; Zijie regional growth indexed to 2025 thereafter,0.0,0.0,0.0,0.0,0.0,0.0,0.0,0.0,0.0,0.0,0.0,0.0,0.0,0.0,0.0,0.0,0.0,0.0,0.0,0.0,0.0,0.0,0.0,0.0,0.0,0.0,0.0,0.0,0.0,0.0,0.0,0.0
India,IN,IND,IND,Other Asia,Aluminium scrap,kt,921.7827303870768,1390.0,0.3736559139784946,Scrap allocated using OMNIA-controlled 2019 secondary country share,219.72829422002565,2240.1524957072306,1.0201509897618775,Existing values retained through 2024; 2025 extrapolated using a country-level OLS linear trend fitted over 2019-2024 and floored at zero; Zijie regional growth indexed to 2025 thereafter,921.7827303870768,1141.5110246071024,1361.239318827128,1580.9676130471537,1800.695907267179,2020.4242014872048,2240.1524957072306,2447.226417120835,2666.3995635544075,2898.9502520204915,3145.3648328388294,3406.0739698495127,3680.396640641554,3967.0739861165034,4265.118405051756,4573.705620981975,4892.446451815869,5221.6726965464295,5562.056473317313,5915.018242352901,6282.363042313856,6665.292452415175,7065.193568016978,7482.424055796521,7916.407931852908,8366.746485826408,8832.457010214232,9311.863594771268,9803.158457046886,10305.371961533969,10817.927844024969,11340.2017490449
Bangladesh,BD,BGD,ASO,Rest of World,Aluminium scrap,kt,0.0,0.0,0.0,No secondary producer share; assigned zero,0.0,0.0,,Existing values retained through 2024; 2025 extrapolated using a country-level OLS linear trend fitted over 2019-2024 and floored at zero; Zijie regional growth indexed to 2025 thereafter,0.0,0.0,0.0,0.0,0.0,0.0,0.0,0.0,0.0,0.0,0.0,0.0,0.0,0.0,0.0,0.0,0.0,0.0,0.0,0.0,0.0,0.0,0.0,0.0,0.0,0.0,0.0,0.0,0.0,0.0,0.0,0.0
Nepal,NP,NPL,ASO,Rest of World,Aluminium scrap,kt,0.0,0.0,0.0,No secondary producer share; assigned zero,0.0,0.0,,Existing values retained through 2024; 2025 extrapolated using a country-level OLS linear trend fitted over 2019-2024 and floored at zero; Zijie regional growth indexed to 2025 thereafter,0.0,0.0,0.0,0.0,0.0,0.0,0.0,0.0,0.0,0.0,0.0,0.0,0.0,0.0,0.0,0.0,0.0,0.0,0.0,0.0,0.0,0.0,0.0,0.0,0.0,0.0,0.0,0.0,0.0,0.0,0.0,0.0
Sri Lanka,LK,LKA,ASO,Rest of World,Aluminium scrap,kt,0.0,0.0,0.0,No secondary producer share; assigned zero,0.0,0.0,,Existing values retained through 2024; 2025 extrapolated using a country-level OLS linear trend fitted over 2019-2024 and floored at zero; Zijie regional growth indexed to 2025 thereafter,0.0,0.0,0.0,0.0,0.0,0.0,0.0,0.0,0.0,0.0,0.0,0.0,0.0,0.0,0.0,0.0,0.0,0.0,0.0,0.0,0.0,0.0,0.0,0.0,0.0,0.0,0.0,0.0,0.0,0.0,0.0,0.0
Pakistan,PK,PAK,ASO,Other Asia,Aluminium scrap,kt,0.0,0.0,0.0,No secondary producer share; assigned zero,0.0,0.0,,Existing values retained through 2024; 2025 extrapolated using a country-level OLS linear trend fitted over 2019-2024 and floored at zero; Zijie regional growth indexed to 2025 thereafter,0.0,0.0,0.0,0.0,0.0,0.0,0.0,0.0,0.0,0.0,0.0,0.0,0.0,0.0,0.0,0.0,0.0,0.0,0.0,0.0,0.0,0.0,0.0,0.0,0.0,0.0,0.0,0.0,0.0,0.0,0.0,0.0
Bhutan,BT,BTN,ASO,Rest of World,Aluminium scrap,kt,0.0,0.0,0.0,No secondary producer share; assigned zero,0.0,0.0,,Existing values retained through 2024; 2025 extrapolated using a country-level OLS linear trend fitted over 2019-2024 and floored at zero; Zijie regional growth indexed to 2025 thereafter,0.0,0.0,0.0,0.0,0.0,0.0,0.0,0.0,0.0,0.0,0.0,0.0,0.0,0.0,0.0,0.0,0.0,0.0,0.0,0.0,0.0,0.0,0.0,0.0,0.0,0.0,0.0,0.0,0.0,0.0,0.0,0.0
Maldives,MV,MDV,ASO,Rest of World,Aluminium scrap,kt,0.0,0.0,0.0,No secondary producer share; assigned zero,0.0,0.0,,Existing values retained through 2024; 2025 extrapolated using a country-level OLS linear trend fitted over 2019-2024 and floored at zero; Zijie regional growth indexed to 2025 thereafter,0.0,0.0,0.0,0.0,0.0,0.0,0.0,0.0,0.0,0.0,0.0,0.0,0.0,0.0,0.0,0.0,0.0,0.0,0.0,0.0,0.0,0.0,0.0,0.0,0.0,0.0,0.0,0.0,0.0,0.0,0.0,0.0
Japan,JP,JPN,JPN,Japan,Aluminium scrap,kt,1965.726345328852,1320.0,1.0,Scrap allocated using OMNIA-controlled 2019 secondary country share,-9.672144734988615,1907.6934769189204,0.8857495894780288,Existing values retained through 2024; 2025 extrapolated using a country-level OLS linear trend fitted over 2019-2024 and floored at zero; Zijie regional growth indexed to 2025 thereafter,1965.726345328852,1956.0542005938632,1946.3820558588748,1936.709911123886,1927.0377663888976,1917.365621653909,1907.6934769189204,1839.690265431875,1780.3141400424406,1728.98813183656,1684.8267560167385,1646.9032228889068,1614.7336195846417,1588.432528843979,1568.0752422878388,1553.5500457060878,1544.9297390870977,1542.8966066464377,1547.0865157772248,1557.0701346832514,1571.9956090455682,1590.6599250777779,1611.7934769738613,1634.9957972348607,1658.8879510553759,1681.3403717476037,1701.2134138579888,1717.7632006243746,1730.4784903750021,1738.6608474256332,1741.8279749449966,1740.1638560906692
"Taiwan, Province of China",TW,TWN,SKT,Other Asia,Aluminium scrap,kt,0.0,0.0,0.0,No secondary producer share; assigned zero,0.0,0.0,,Existing values retained through 2024; 2025 extrapolated using a country-level OLS linear trend fitted over 2019-2024 and floored at zero; Zijie regional growth indexed to 2025 thereafter,0.0,0.0,0.0,0.0,0.0,0.0,0.0,0.0,0.0,0.0,0.0,0.0,0.0,0.0,0.0,0.0,0.0,0.0,0.0,0.0,0.0,0.0,0.0,0.0,0.0,0.0,0.0,0.0,0.0,0.0,0.0,0.0
Republic of Korea,KR,KOR,SKT,Other Asia,Aluminium scrap,kt,1326.3060868878802,2000.0,0.5376344086021505,Scrap allocated using OMNIA-controlled 2019 secondary country share,316.1558190216196,3223.2410010175977,1.0201509897618777,Existing values retained through 2024; 2025 extrapolated using a country-level OLS linear trend fitted over 2019-2024 and floored at zero; Zijie regional growth indexed to 2025 thereafter,1326.3060868878802,1642.4619059094998,1958.6177249311197,2274.7735439527387,2590.929362974359,2907.085181995978,3223.2410010175977,3521.1890893824957,3836.546134610658,4171.151441756103,4525.704795451553,4900.825855898579,5295.534734736048,5708.020123908637,6136.861014462958,6580.871397096366,7039.491297576789,7513.198124527236,8002.9589544134,8510.81761489626,9039.371283904828,9590.348852395933,10165.746141031623,10766.07777812449,11390.515009860299,12038.484152268213,12708.571237718317,13398.364884562976,14105.263966973936,14827.873325948154,15565.363804352473,16316.837048985466
Australia,AU,AUS,ANZ,Other main producer,Aluminium scrap,kt,971.7951757198496,719.2087454450807,0.5611036980776043,Scrap allocated using OMNIA-controlled 2019 secondary country share,53.477668196719186,1292.6611849001647,0.9084503696338245,Existing values retained through 2024; 2025 extrapolated using a country-level OLS linear trend fitted over 2019-2024 and floored at zero; Zijie regional growth indexed to 2025 thereafter,971.7951757198496,1025.2728439165687,1078.750512113288,1132.2281803100072,1185.7058485067264,1239.1835167034455,1292.6611849001647,1319.84547245006,1347.106083771199,1370.9071868629926,1393.9682393370624,1417.2275684361748,1441.9136964635345,1469.3538621401856,1499.9933493992633,1533.9990967968042,1571.0864912123031,1610.3929353726471,1651.096012546244,1692.9552207987645,1735.9368008171648,1780.1655348454692,1825.8575783673211,1872.7877314010148,1920.9006474506182,1970.3018920604507,2020.8635460664912,2072.4282837137243,2124.59783918804,2177.2215978898753,2230.489514956984,2285.0610507017923
New Zealand,NZ,NZL,ANZ,Other main producer,Aluminium scrap,kt,217.26121444437405,160.79125455491933,0.1254442025638465,Scrap allocated using OMNIA-controlled 2019 secondary country share,11.955835373916209,288.9962266878713,0.9084503696338245,Existing values retained through 2024; 2025 extrapolated using a country-level OLS linear trend fitted over 2019-2024 and floored at zero; Zijie regional growth indexed to 2025 thereafter,217.26121444437405,229.21704981829023,241.17288519220645,253.12872056612267,265.08455594003885,277.04039131395507,288.9962266878713,295.0737330127205,301.1683028048987,306.48944113943344,311.64512866707577,316.84514428095383,322.36414487815335,328.4988570772008,335.3488316172876,342.95139043036846,351.24290344937486,360.0305224941397,369.1303824227591,378.48871496838626,388.09797266676753,397.9860526947515,408.201280259191,418.69330810302955,429.449762582909,440.49424465810085,451.79815584034304,463.3263233016034,474.9897079968166,486.75463749002955,498.66357945853593,510.86396738619703
United States of America,US,USA,USA,North America,Aluminium scrap,kt,4619.430403983358,3870.0,0.6923076923076923,Scrap allocated using OMNIA-controlled 2019 secondary country share,59.27048488697765,4975.053313305225,1.0162452748166138,Existing values retained through 2024; 2025 extrapolated using a country-level OLS linear trend fitted over 2019-2024 and floored at zero; Zijie regional growth indexed to 2025 thereafter,4619.430403983358,4678.700888870336,4737.971373757314,4797.241858644291,4856.512343531269,4915.782828418247,4975.053313305225,5038.382587434559,5108.363488077658,5186.793729896354,5269.870694768339,5357.041172619579,5450.083997905692,5547.468895492973,5648.776366842398,5754.569910677676,5863.435830216108,5974.74053039088,6089.40476371229,6205.794890269205,6321.227821732119,6435.825323434128,6550.472804142809,6664.721406116332,6775.929116241973,6883.113355801624,6988.2509282587935,7089.492106714927,7187.746378452414,7283.038344829843,7373.906503976848,7462.248258072209
Canada,CA,CAN,CAN,North America,Aluminium scrap,kt,2041.1436668763677,1710.0,0.3059033989266547,Scrap allocated using OMNIA-controlled 2019 secondary country share,26.189284019827497,2198.2793709953326,1.0162452748166142,Existing values retained through 2024; 2025 extrapolated using a country-level OLS linear trend fitted over 2019-2024 and floored at zero; Zijie regional growth indexed to 2025 thereafter,2041.1436668763677,2067.3329508961947,2093.522234916022,2119.7115189358497,2145.900802955677,2172.0900869755046,2198.2793709953326,2226.262073517597,2257.1838668250125,2291.8390899542037,2328.5475162929874,2367.0647041807447,2408.1766502373994,2451.207186380617,2495.9709527908276,2542.7169372761828,2590.8204831187463,2640.001629707599,2690.667221175199,2742.0954166305796,2793.1006654165185,2843.7367708197316,2894.394959970079,2944.876900376985,2994.015190897617,3041.3756688425783,3087.8318055097,3132.5662797112477,3175.980957920835,3218.0867105062102,3258.237757571166,3297.2724861249303
Argentina,AR,ARG,LAM,South America,Aluminium scrap,kt,302.371634868216,255.2183908045977,0.1784743991640543,Scrap allocated using OMNIA-controlled 2019 secondary country share,16.871055490225107,403.5979678095666,1.0015098124600335,Existing values retained through 2024; 2025 extrapolated using a country-level OLS linear trend fitted over 2019-2024 and floored at zero; Zijie regional growth indexed to 2025 thereafter,302.371634868216,319.2426903584411,336.11374584866627,352.9848013388914,369.8558568291165,386.7269123193416,403.5979678095666,421.4224260248336,438.6315465222931,455.4131901327644,472.02621290635307,488.6899631503006,505.4801196124802,522.4107144841488,539.4108305077332,556.4144878732644,573.2773173848226,589.891693097883,606.3030775316213,622.619018414667,638.9414904570473,655.398506353525,672.0671671367116,688.9927079871629,706.1864125297365,723.5702991185445,741.0536770852381,758.5220113231566,775.8897329419768,793.0397344006877,809.8901108280198,826.4926969946941
Venezuela (Bolivarian Republic of),VE,VEN,LAM,South America,Aluminium scrap,kt,5.665042339451354,4.781609195402298,0.0033437826541274,Scrap allocated using OMNIA-controlled 2019 secondary country share,0.3160853487629997,7.561554432029354,1.0015098124600337,Existing values retained through 2024; 2025 extrapolated using a country-level OLS linear trend fitted over 2019-2024 and floored at zero; Zijie regional growth indexed to 2025 thereafter,5.665042339451354,5.981127688214354,6.297213036977354,6.613298385740354,6.929383734503354,7.245469083266354,7.561554432029354,7.895502126928969,8.21792124631931,8.53233143105882,8.843582443210364,9.155783852933036,9.470353529039444,9.787554369726445,10.106057714430602,10.424627407461632,10.740558639528295,11.051834999491957,11.359308244152158,11.664993319244351,11.97080075797747,12.27912892465621,12.59142233511404,12.908528486878936,13.230658782758532,13.556352208309972,13.883909640941233,14.211185223853054,14.536575792823927,14.857887295563241,15.17358521457649,15.48464069310903
Colombia,CO,COL,LAM,Rest of World,Aluminium scrap,kt,0.0,0.0,0.0,No secondary producer share; assigned zero,0.0,0.0,,Existing values retained through 2024; 2025 extrapolated using a country-level OLS linear trend fitted over 2019-2024 and floored at zero; Zijie regional growth indexed to 2025 thereafter,0.0,0.0,0.0,0.0,0.0,0.0,0.0,0.0,0.0,0.0,0.0,0.0,0.0,0.0,0.0,0.0,0.0,0.0,0.0,0.0,0.0,0.0,0.0,0.0,0.0,0.0,0.0,0.0,0.0,0.0,0.0,0.0
Peru,PE,PER,LAM,Rest of World,Aluminium scrap,kt,0.0,0.0,0.0,No secondary producer share; assigned zero,0.0,0.0,,Existing values retained through 2024; 2025 extrapolated using a country-level OLS linear trend fitted over 2019-2024 and floored at zero; Zijie regional growth indexed to 2025 thereafter,0.0,0.0,0.0,0.0,0.0,0.0,0.0,0.0,0.0,0.0,0.0,0.0,0.0,0.0,0.0,0.0,0.0,0.0,0.0,0.0,0.0,0.0,0.0,0.0,0.0,0.0,0.0,0.0,0.0,0.0,0.0,0.0
Trinidad and Tobago,TT,TTO,LAM,Rest of World,Aluminium scrap,kt,0.0,0.0,0.0,No secondary producer share; assigned zero,0.0,0.0,,Existing values retained through 2024; 2025 extrapolated using a country-level OLS linear trend fitted over 2019-2024 and floored at zero; Zijie regional growth indexed to 2025 thereafter,0.0,0.0,0.0,0.0,0.0,0.0,0.0,0.0,0.0,0.0,0.0,0.0,0.0,0.0,0.0,0.0,0.0,0.0,0.0,0.0,0.0,0.0,0.0,0.0,0.0,0.0,0.0,0.0,0.0,0.0,0.0,0.0
Ecuador,EC,ECU,LAM,Rest of World,Aluminium scrap,kt,0.0,0.0,0.0,No secondary producer share; assigned zero,0.0,0.0,,Existing values retained through 2024; 2025 extrapolated using a country-level OLS linear trend fitted over 2019-2024 and floored at zero; Zijie regional growth indexed to 2025 thereafter,0.0,0.0,0.0,0.0,0.0,0.0,0.0,0.0,0.0,0.0,0.0,0.0,0.0,0.0,0.0,0.0,0.0,0.0,0.0,0.0,0.0,0.0,0.0,0.0,0.0,0.0,0.0,0.0,0.0,0.0,0.0,0.0
Guatemala,GT,GTM,LAM,Rest of World,Aluminium scrap,kt,0.0,0.0,0.0,No secondary producer share; assigned zero,0.0,0.0,,Existing values retained through 2024; 2025 extrapolated using a country-level OLS linear trend fitted over 2019-2024 and floored at zero; Zijie regional growth indexed to 2025 thereafter,0.0,0.0,0.0,0.0,0.0,0.0,0.0,0.0,0.0,0.0,0.0,0.0,0.0,0.0,0.0,0.0,0.0,0.0,0.0,0.0,0.0,0.0,0.0,0.0,0.0,0.0,0.0,0.0,0.0,0.0,0.0,0.0
Cuba,CU,CUB,LAM,Rest of World,Aluminium scrap,kt,0.0,0.0,0.0,No secondary producer share; assigned zero,0.0,0.0,,Existing values retained through 2024; 2025 extrapolated using a country-level OLS linear trend fitted over 2019-2024 and floored at zero; Zijie regional growth indexed to 2025 thereafter,0.0,0.0,0.0,0.0,0.0,0.0,0.0,0.0,0.0,0.0,0.0,0.0,0.0,0.0,0.0,0.0,0.0,0.0,0.0,0.0,0.0,0.0,0.0,0.0,0.0,0.0,0.0,0.0,0.0,0.0,0.0,0.0
Bolivia (Plurinational State of),BO,BOL,LAM,Rest of World,Aluminium scrap,kt,0.0,0.0,0.0,No secondary producer share; assigned zero,0.0,0.0,,Existing values retained through 2024; 2025 extrapolated using a country-level OLS linear trend fitted over 2019-2024 and floored at zero; Zijie regional growth indexed to 2025 thereafter,0.0,0.0,0.0,0.0,0.0,0.0,0.0,0.0,0.0,0.0,0.0,0.0,0.0,0.0,0.0,0.0,0.0,0.0,0.0,0.0,0.0,0.0,0.0,0.0,0.0,0.0,0.0,0.0,0.0,0.0,0.0,0.0
Dominican Republic,DO,DOM,LAM,South America,Aluminium scrap,kt,0.0,0.0,0.0,No secondary producer share; assigned zero,0.0,0.0,,Existing values retained through 2024; 2025 extrapolated using a country-level OLS linear trend fitted over 2019-2024 and floored at zero; Zijie regional growth indexed to 2025 thereafter,0.0,0.0,0.0,0.0,0.0,0.0,0.0,0.0,0.0,0.0,0.0,0.0,0.0,0.0,0.0,0.0,0.0,0.0,0.0,0.0,0.0,0.0,0.0,0.0,0.0,0.0,0.0,0.0,0.0,0.0,0.0,0.0
Honduras,HN,HND,LAM,Rest of World,Aluminium scrap,kt,0.0,0.0,0.0,No secondary producer share; assigned zero,0.0,0.0,,Existing values retained through 2024; 2025 extrapolated using a country-level OLS linear trend fitted over 2019-2024 and floored at zero; Zijie regional growth indexed to 2025 thereafter,0.0,0.0,0.0,0.0,0.0,0.0,0.0,0.0,0.0,0.0,0.0,0.0,0.0,0.0,0.0,0.0,0.0,0.0,0.0,0.0,0.0,0.0,0.0,0.0,0.0,0.0,0.0,0.0,0.0,0.0,0.0,0.0
Paraguay,PY,PRY,LAM,Rest of World,Aluminium scrap,kt,0.0,0.0,0.0,No secondary producer share; assigned zero,0.0,0.0,,Existing values retained through 2024; 2025 extrapolated using a country-level OLS linear trend fitted over 2019-2024 and floored at zero; Zijie regional growth indexed to 2025 thereafter,0.0,0.0,0.0,0.0,0.0,0.0,0.0,0.0,0.0,0.0,0.0,0.0,0.0,0.0,0.0,0.0,0.0,0.0,0.0,0.0,0.0,0.0,0.0,0.0,0.0,0.0,0.0,0.0,0.0,0.0,0.0,0.0
Uruguay,UY,URY,LAM,Rest of World,Aluminium scrap,kt,0.0,0.0,0.0,No secondary producer share; assigned zero,0.0,0.0,,Existing values retained through 2024; 2025 extrapolated using a country-level OLS linear trend fitted over 2019-2024 and floored at zero; Zijie regional growth indexed to 2025 thereafter,0.0,0.0,0.0,0.0,0.0,0.0,0.0,0.0,0.0,0.0,0.0,0.0,0.0,0.0,0.0,0.0,0.0,0.0,0.0,0.0,0.0,0.0,0.0,0.0,0.0,0.0,0.0,0.0,0.0,0.0,0.0,0.0
Costa Rica,CR,CRI,LAM,Rest of World,Aluminium scrap,kt,0.0,0.0,0.0,No secondary producer share; assigned zero,0.0,0.0,,Existing values retained through 2024; 2025 extrapolated using a country-level OLS linear trend fitted over 2019-2024 and floored at zero; Zijie regional growth indexed to 2025 thereafter,0.0,0.0,0.0,0.0,0.0,0.0,0.0,0.0,0.0,0.0,0.0,0.0,0.0,0.0,0.0,0.0,0.0,0.0,0.0,0.0,0.0,0.0,0.0,0.0,0.0,0.0,0.0,0.0,0.0,0.0,0.0,0.0
El Salvador,SV,SLV,LAM,Rest of World,Aluminium scrap,kt,0.0,0.0,0.0,No secondary producer share; assigned zero,0.0,0.0,,Existing values retained through 2024; 2025 extrapolated using a country-level OLS linear trend fitted over 2019-2024 and floored at zero; Zijie regional growth indexed to 2025 thereafter,0.0,0.0,0.0,0.0,0.0,0.0,0.0,0.0,0.0,0.0,0.0,0.0,0.0,0.0,0.0,0.0,0.0,0.0,0.0,0.0,0.0,0.0,0.0,0.0,0.0,0.0,0.0,0.0,0.0,0.0,0.0,0.0
Haiti,HT,HTI,LAM,South America,Aluminium scrap,kt,0.0,0.0,0.0,No secondary producer share; assigned zero,0.0,0.0,,Existing values retained through 2024; 2025 extrapolated using a country-level OLS linear trend fitted over 2019-2024 and floored at zero; Zijie regional growth indexed to 2025 thereafter,0.0,0.0,0.0,0.0,0.0,0.0,0.0,0.0,0.0,0.0,0.0,0.0,0.0,0.0,0.0,0.0,0.0,0.0,0.0,0.0,0.0,0.0,0.0,0.0,0.0,0.0,0.0,0.0,0.0,0.0,0.0,0.0
Panama,PA,PAN,LAM,Rest of World,Aluminium scrap,kt,0.0,0.0,0.0,No secondary producer share; assigned zero,0.0,0.0,,Existing values retained through 2024; 2025 extrapolated using a country-level OLS linear trend fitted over 2019-2024 and floored at zero; Zijie regional growth indexed to 2025 thereafter,0.0,0.0,0.0,0.0,0.0,0.0,0.0,0.0,0.0,0.0,0.0,0.0,0.0,0.0,0.0,0.0,0.0,0.0,0.0,0.0,0.0,0.0,0.0,0.0,0.0,0.0,0.0,0.0,0.0,0.0,0.0,0.0
Nicaragua,NI,NIC,LAM,Rest of World,Aluminium scrap,kt,0.0,0.0,0.0,No secondary producer share; assigned zero,0.0,0.0,,Existing values retained through 2024; 2025 extrapolated using a country-level OLS linear trend fitted over 2019-2024 and floored at zero; Zijie regional growth indexed to 2025 thereafter,0.0,0.0,0.0,0.0,0.0,0.0,0.0,0.0,0.0,0.0,0.0,0.0,0.0,0.0,0.0,0.0,0.0,0.0,0.0,0.0,0.0,0.0,0.0,0.0,0.0,0.0,0.0,0.0,0.0,0.0,0.0,0.0
Jamaica,JM,JAM,LAM,South America,Aluminium scrap,kt,0.0,0.0,0.0,No secondary producer share; assigned zero,0.0,0.0,,Existing values retained through 2024; 2025 extrapolated using a country-level OLS linear trend fitted over 2019-2024 and floored at zero; Zijie regional growth indexed to 2025 thereafter,0.0,0.0,0.0,0.0,0.0,0.0,0.0,0.0,0.0,0.0,0.0,0.0,0.0,0.0,0.0,0.0,0.0,0.0,0.0,0.0,0.0,0.0,0.0,0.0,0.0,0.0,0.0,0.0,0.0,0.0,0.0,0.0
Curaçao,CW,CUW,LAM,Rest of World,Aluminium scrap,kt,0.0,0.0,0.0,No secondary producer share; assigned zero,0.0,0.0,,Existing values retained through 2024; 2025 extrapolated using a country-level OLS linear trend fitted over 2019-2024 and floored at zero; Zijie regional growth indexed to 2025 thereafter,0.0,0.0,0.0,0.0,0.0,0.0,0.0,0.0,0.0,0.0,0.0,0.0,0.0,0.0,0.0,0.0,0.0,0.0,0.0,0.0,0.0,0.0,0.0,0.0,0.0,0.0,0.0,0.0,0.0,0.0,0.0,0.0
Suriname,SR,SUR,LAM,South America,Aluminium scrap,kt,0.0,0.0,0.0,No secondary producer share; assigned zero,0.0,0.0,,Existing values retained through 2024; 2025 extrapolated using a country-level OLS linear trend fitted over 2019-2024 and floored at zero; Zijie regional growth indexed to 2025 thereafter,0.0,0.0,0.0,0.0,0.0,0.0,0.0,0.0,0.0,0.0,0.0,0.0,0.0,0.0,0.0,0.0,0.0,0.0,0.0,0.0,0.0,0.0,0.0,0.0,0.0,0.0,0.0,0.0,0.0,0.0,0.0,0.0
Antigua and Barbuda,AG,ATG,LAM,Rest of World,Aluminium scrap,kt,0.0,0.0,0.0,No secondary producer share; assigned zero,0.0,0.0,,Existing values retained through 2024; 2025 extrapolated using a country-level OLS linear trend fitted over 2019-2024 and floored at zero; Zijie regional growth indexed to 2025 thereafter,0.0,0.0,0.0,0.0,0.0,0.0,0.0,0.0,0.0,0.0,0.0,0.0,0.0,0.0,0.0,0.0,0.0,0.0,0.0,0.0,0.0,0.0,0.0,0.0,0.0,0.0,0.0,0.0,0.0,0.0,0.0,0.0
Aruba,AW,ABW,LAM,Rest of World,Aluminium scrap,kt,0.0,0.0,0.0,No secondary producer share; assigned zero,0.0,0.0,,Existing values retained through 2024; 2025 extrapolated using a country-level OLS linear trend fitted over 2019-2024 and floored at zero; Zijie regional growth indexed to 2025 thereafter,0.0,0.0,0.0,0.0,0.0,0.0,0.0,0.0,0.0,0.0,0.0,0.0,0.0,0.0,0.0,0.0,0.0,0.0,0.0,0.0,0.0,0.0,0.0,0.0,0.0,0.0,0.0,0.0,0.0,0.0,0.0,0.0
Bahamas,BS,BHS,LAM,Rest of World,Aluminium scrap,kt,0.0,0.0,0.0,No secondary producer share; assigned zero,0.0,0.0,,Existing values retained through 2024; 2025 extrapolated using a country-level OLS linear trend fitted over 2019-2024 and floored at zero; Zijie regional growth indexed to 2025 thereafter,0.0,0.0,0.0,0.0,0.0,0.0,0.0,0.0,0.0,0.0,0.0,0.0,0.0,0.0,0.0,0.0,0.0,0.0,0.0,0.0,0.0,0.0,0.0,0.0,0.0,0.0,0.0,0.0,0.0,0.0,0.0,0.0
Barbados,BB,BRB,LAM,Rest of World,Aluminium scrap,kt,0.0,0.0,0.0,No secondary producer share; assigned zero,0.0,0.0,,Existing values retained through 2024; 2025 extrapolated using a country-level OLS linear trend fitted over 2019-2024 and floored at zero; Zijie regional growth indexed to 2025 thereafter,0.0,0.0,0.0,0.0,0.0,0.0,0.0,0.0,0.0,0.0,0.0,0.0,0.0,0.0,0.0,0.0,0.0,0.0,0.0,0.0,0.0,0.0,0.0,0.0,0.0,0.0,0.0,0.0,0.0,0.0,0.0,0.0
Belize,BZ,BLZ,LAM,Rest of World,Aluminium scrap,kt,0.0,0.0,0.0,No secondary producer share; assigned zero,0.0,0.0,,Existing values retained through 2024; 2025 extrapolated using a country-level OLS linear trend fitted over 2019-2024 and floored at zero; Zijie regional growth indexed to 2025 thereafter,0.0,0.0,0.0,0.0,0.0,0.0,0.0,0.0,0.0,0.0,0.0,0.0,0.0,0.0,0.0,0.0,0.0,0.0,0.0,0.0,0.0,0.0,0.0,0.0,0.0,0.0,0.0,0.0,0.0,0.0,0.0,0.0
Bermuda,BM,BMU,LAM,Rest of World,Aluminium scrap,kt,0.0,0.0,0.0,No secondary producer share; assigned zero,0.0,0.0,,Existing values retained through 2024; 2025 extrapolated using a country-level OLS linear trend fitted over 2019-2024 and floored at zero; Zijie regional growth indexed to 2025 thereafter,0.0,0.0,0.0,0.0,0.0,0.0,0.0,0.0,0.0,0.0,0.0,0.0,0.0,0.0,0.0,0.0,0.0,0.0,0.0,0.0,0.0,0.0,0.0,0.0,0.0,0.0,0.0,0.0,0.0,0.0,0.0,0.0
British Virgin Islands,VG,VGB,LAM,Rest of World,Aluminium scrap,kt,0.0,0.0,0.0,No secondary producer share; assigned zero,0.0,0.0,,Existing values retained through 2024; 2025 extrapolated using a country-level OLS linear trend fitted over 2019-2024 and floored at zero; Zijie regional growth indexed to 2025 thereafter,0.0,0.0,0.0,0.0,0.0,0.0,0.0,0.0,0.0,0.0,0.0,0.0,0.0,0.0,0.0,0.0,0.0,0.0,0.0,0.0,0.0,0.0,0.0,0.0,0.0,0.0,0.0,0.0,0.0,0.0,0.0,0.0
Cayman Islands,KY,CYM,LAM,Rest of World,Aluminium scrap,kt,0.0,0.0,0.0,No secondary producer share; assigned zero,0.0,0.0,,Existing values retained through 2024; 2025 extrapolated using a country-level OLS linear trend fitted over 2019-2024 and floored at zero; Zijie regional growth indexed to 2025 thereafter,0.0,0.0,0.0,0.0,0.0,0.0,0.0,0.0,0.0,0.0,0.0,0.0,0.0,0.0,0.0,0.0,0.0,0.0,0.0,0.0,0.0,0.0,0.0,0.0,0.0,0.0,0.0,0.0,0.0,0.0,0.0,0.0
Dominica,DM,DMA,LAM,Rest of World,Aluminium scrap,kt,0.0,0.0,0.0,No secondary producer share; assigned zero,0.0,0.0,,Existing values retained through 2024; 2025 extrapolated using a country-level OLS linear trend fitted over 2019-2024 and floored at zero; Zijie regional growth indexed to 2025 thereafter,0.0,0.0,0.0,0.0,0.0,0.0,0.0,0.0,0.0,0.0,0.0,0.0,0.0,0.0,0.0,0.0,0.0,0.0,0.0,0.0,0.0,0.0,0.0,0.0,0.0,0.0,0.0,0.0,0.0,0.0,0.0,0.0
Falkland Islands (Malvinas),FK,FLK,LAM,Rest of World,Aluminium scrap,kt,0.0,0.0,0.0,No secondary producer share; assigned zero,0.0,0.0,,Existing values retained through 2024; 2025 extrapolated using a country-level OLS linear trend fitted over 2019-2024 and floored at zero; Zijie regional growth indexed to 2025 thereafter,0.0,0.0,0.0,0.0,0.0,0.0,0.0,0.0,0.0,0.0,0.0,0.0,0.0,0.0,0.0,0.0,0.0,0.0,0.0,0.0,0.0,0.0,0.0,0.0,0.0,0.0,0.0,0.0,0.0,0.0,0.0,0.0
Guyana,GY,GUY,LAM,South America,Aluminium scrap,kt,0.0,0.0,0.0,No secondary producer share; assigned zero,0.0,0.0,,Existing values retained through 2024; 2025 extrapolated using a country-level OLS linear trend fitted over 2019-2024 and floored at zero; Zijie regional growth indexed to 2025 thereafter,0.0,0.0,0.0,0.0,0.0,0.0,0.0,0.0,0.0,0.0,0.0,0.0,0.0,0.0,0.0,0.0,0.0,0.0,0.0,0.0,0.0,0.0,0.0,0.0,0.0,0.0,0.0,0.0,0.0,0.0,0.0,0.0
Grenada,GD,GRD,LAM,Rest of World,Aluminium scrap,kt,0.0,0.0,0.0,No secondary producer share; assigned zero,0.0,0.0,,Existing values retained through 2024; 2025 extrapolated using a country-level OLS linear trend fitted over 2019-2024 and floored at zero; Zijie regional growth indexed to 2025 thereafter,0.0,0.0,0.0,0.0,0.0,0.0,0.0,0.0,0.0,0.0,0.0,0.0,0.0,0.0,0.0,0.0,0.0,0.0,0.0,0.0,0.0,0.0,0.0,0.0,0.0,0.0,0.0,0.0,0.0,0.0,0.0,0.0
Guadeloupe,GP,GLP,LAM,Rest of World,Aluminium scrap,kt,0.0,0.0,0.0,No secondary producer share; assigned zero,0.0,0.0,,Existing values retained through 2024; 2025 extrapolated using a country-level OLS linear trend fitted over 2019-2024 and floored at zero; Zijie regional growth indexed to 2025 thereafter,0.0,0.0,0.0,0.0,0.0,0.0,0.0,0.0,0.0,0.0,0.0,0.0,0.0,0.0,0.0,0.0,0.0,0.0,0.0,0.0,0.0,0.0,0.0,0.0,0.0,0.0,0.0,0.0,0.0,0.0,0.0,0.0
Cooperative Republic of Guyana,GY,GUY,LAM,South America,Aluminium scrap,kt,0.0,0.0,0.0,No secondary producer share; assigned zero,0.0,0.0,,Existing values retained through 2024; 2025 extrapolated using a country-level OLS linear trend fitted over 2019-2024 and floored at zero; Zijie regional growth indexed to 2025 thereafter,0.0,0.0,0.0,0.0,0.0,0.0,0.0,0.0,0.0,0.0,0.0,0.0,0.0,0.0,0.0,0.0,0.0,0.0,0.0,0.0,0.0,0.0,0.0,0.0,0.0,0.0,0.0,0.0,0.0,0.0,0.0,0.0
Martinique,MQ,MTQ,LAM,Rest of World,Aluminium scrap,kt,0.0,0.0,0.0,No secondary producer share; assigned zero,0.0,0.0,,Existing values retained through 2024; 2025 extrapolated using a country-level OLS linear trend fitted over 2019-2024 and floored at zero; Zijie regional growth indexed to 2025 thereafter,0.0,0.0,0.0,0.0,0.0,0.0,0.0,0.0,0.0,0.0,0.0,0.0,0.0,0.0,0.0,0.0,0.0,0.0,0.0,0.0,0.0,0.0,0.0,0.0,0.0,0.0,0.0,0.0,0.0,0.0,0.0,0.0
Montserrat,MS,MSR,LAM,Rest of World,Aluminium scrap,kt,0.0,0.0,0.0,No secondary producer share; assigned zero,0.0,0.0,,Existing values retained through 2024; 2025 extrapolated using a country-level OLS linear trend fitted over 2019-2024 and floored at zero; Zijie regional growth indexed to 2025 thereafter,0.0,0.0,0.0,0.0,0.0,0.0,0.0,0.0,0.0,0.0,0.0,0.0,0.0,0.0,0.0,0.0,0.0,0.0,0.0,0.0,0.0,0.0,0.0,0.0,0.0,0.0,0.0,0.0,0.0,0.0,0.0,0.0
Puerto Rico,PR,PRI,LAM,Rest of World,Aluminium scrap,kt,0.0,0.0,0.0,No secondary producer share; assigned zero,0.0,0.0,,Existing values retained through 2024; 2025 extrapolated using a country-level OLS linear trend fitted over 2019-2024 and floored at zero; Zijie regional growth indexed to 2025 thereafter,0.0,0.0,0.0,0.0,0.0,0.0,0.0,0.0,0.0,0.0,0.0,0.0,0.0,0.0,0.0,0.0,0.0,0.0,0.0,0.0,0.0,0.0,0.0,0.0,0.0,0.0,0.0,0.0,0.0,0.0,0.0,0.0
"Bonaire, Sint Eustatius and Saba",BQ,BES,LAM,Rest of World,Aluminium scrap,kt,0.0,0.0,0.0,No secondary producer share; assigned zero,0.0,0.0,,Existing values retained through 2024; 2025 extrapolated using a country-level OLS linear trend fitted over 2019-2024 and floored at zero; Zijie regional growth indexed to 2025 thereafter,0.0,0.0,0.0,0.0,0.0,0.0,0.0,0.0,0.0,0.0,0.0,0.0,0.0,0.0,0.0,0.0,0.0,0.0,0.0,0.0,0.0,0.0,0.0,0.0,0.0,0.0,0.0,0.0,0.0,0.0,0.0,0.0
Saint Kitts and Nevis,KN,KNA,LAM,Rest of World,Aluminium scrap,kt,0.0,0.0,0.0,No secondary producer share; assigned zero,0.0,0.0,,Existing values retained through 2024; 2025 extrapolated using a country-level OLS linear trend fitted over 2019-2024 and floored at zero; Zijie regional growth indexed to 2025 thereafter,0.0,0.0,0.0,0.0,0.0,0.0,0.0,0.0,0.0,0.0,0.0,0.0,0.0,0.0,0.0,0.0,0.0,0.0,0.0,0.0,0.0,0.0,0.0,0.0,0.0,0.0,0.0,0.0,0.0,0.0,0.0,0.0
Saint Lucia,LC,LCA,LAM,Rest of World,Aluminium scrap,kt,0.0,0.0,0.0,No secondary producer share; assigned zero,0.0,0.0,,Existing values retained through 2024; 2025 extrapolated using a country-level OLS linear trend fitted over 2019-2024 and floored at zero; Zijie regional growth indexed to 2025 thereafter,0.0,0.0,0.0,0.0,0.0,0.0,0.0,0.0,0.0,0.0,0.0,0.0,0.0,0.0,0.0,0.0,0.0,0.0,0.0,0.0,0.0,0.0,0.0,0.0,0.0,0.0,0.0,0.0,0.0,0.0,0.0,0.0
Saint Pierre and Miquelon,PM,SPM,LAM,Rest of World,Aluminium scrap,kt,0.0,0.0,0.0,No secondary producer share; assigned zero,0.0,0.0,,Existing values retained through 2024; 2025 extrapolated using a country-level OLS linear trend fitted over 2019-2024 and floored at zero; Zijie regional growth indexed to 2025 thereafter,0.0,0.0,0.0,0.0,0.0,0.0,0.0,0.0,0.0,0.0,0.0,0.0,0.0,0.0,0.0,0.0,0.0,0.0,0.0,0.0,0.0,0.0,0.0,0.0,0.0,0.0,0.0,0.0,0.0,0.0,0.0,0.0
Saint Vincent and the Grenadines,VC,VCT,LAM,Rest of World,Aluminium scrap,kt,0.0,0.0,0.0,No secondary producer share; assigned zero,0.0,0.0,,Existing values retained through 2024; 2025 extrapolated using a country-level OLS linear trend fitted over 2019-2024 and floored at zero; Zijie regional growth indexed to 2025 thereafter,0.0,0.0,0.0,0.0,0.0,0.0,0.0,0.0,0.0,0.0,0.0,0.0,0.0,0.0,0.0,0.0,0.0,0.0,0.0,0.0,0.0,0.0,0.0,0.0,0.0,0.0,0.0,0.0,0.0,0.0,0.0,0.0
Saint Martin,MF,MAF,LAM,Rest of World,Aluminium scrap,kt,0.0,0.0,0.0,No secondary producer share; assigned zero,0.0,0.0,,Existing values retained through 2024; 2025 extrapolated using a country-level OLS linear trend fitted over 2019-2024 and floored at zero; Zijie regional growth indexed to 2025 thereafter,0.0,0.0,0.0,0.0,0.0,0.0,0.0,0.0,0.0,0.0,0.0,0.0,0.0,0.0,0.0,0.0,0.0,0.0,0.0,0.0,0.0,0.0,0.0,0.0,0.0,0.0,0.0,0.0,0.0,0.0,0.0,0.0
Turks and Caicos Islands,TC,TCA,LAM,Rest of World,Aluminium scrap,kt,0.0,0.0,0.0,No secondary producer share; assigned zero,0.0,0.0,,Existing values retained through 2024; 2025 extrapolated using a country-level OLS linear trend fitted over 2019-2024 and floored at zero; Zijie regional growth indexed to 2025 thereafter,0.0,0.0,0.0,0.0,0.0,0.0,0.0,0.0,0.0,0.0,0.0,0.0,0.0,0.0,0.0,0.0,0.0,0.0,0.0,0.0,0.0,0.0,0.0,0.0,0.0,0.0,0.0,0.0,0.0,0.0,0.0,0.0
Sint Maarten (Dutch part),SX,SXM,LAM,Rest of World,Aluminium scrap,kt,0.0,0.0,0.0,No secondary producer share; assigned zero,0.0,0.0,,Existing values retained through 2024; 2025 extrapolated using a country-level OLS linear trend fitted over 2019-2024 and floored at zero; Zijie regional growth indexed to 2025 thereafter,0.0,0.0,0.0,0.0,0.0,0.0,0.0,0.0,0.0,0.0,0.0,0.0,0.0,0.0,0.0,0.0,0.0,0.0,0.0,0.0,0.0,0.0,0.0,0.0,0.0,0.0,0.0,0.0,0.0,0.0,0.0,0.0
Anguilla,AI,AIA,LAM,Rest of World,Aluminium scrap,kt,0.0,0.0,0.0,No secondary producer share; assigned zero,0.0,0.0,,Existing values retained through 2024; 2025 extrapolated using a country-level OLS linear trend fitted over 2019-2024 and floored at zero; Zijie regional growth indexed to 2025 thereafter,0.0,0.0,0.0,0.0,0.0,0.0,0.0,0.0,0.0,0.0,0.0,0.0,0.0,0.0,0.0,0.0,0.0,0.0,0.0,0.0,0.0,0.0,0.0,0.0,0.0,0.0,0.0,0.0,0.0,0.0,0.0,0.0
Brazil,BR,BRA,BRA,South America,Aluminium scrap,kt,1386.165047434503,1170.0,0.8181818181818182,Scrap allocated using OMNIA-controlled 2019 secondary country share,77.34213377544657,1850.2178500871826,1.0015098124600335,Existing values retained through 2024; 2025 extrapolated using a country-level OLS linear trend fitted over 2019-2024 and floored at zero; Zijie regional growth indexed to 2025 thereafter,1386.165047434503,1463.50718120995,1540.8493149853964,1618.191448760843,1695.5335825362895,1772.875716311736,1850.2178500871826,1931.9306766829322,2010.8226049587565,2087.7548470372053,2163.914079073036,2240.3058615145524,2317.277129136839,2394.8922098424396,2472.825996999738,2550.7760187632684,2628.08044210958,2704.2458764381886,2779.4807359909814,2854.2780528026024,2929.105310467612,3004.5493587518167,3080.9636526232166,3158.55556413319,3237.3768209062287,3317.0699309708466,3397.219140267808,3477.2993844615444,3556.9183893066047,3635.539297633131,3712.786632191685,3788.898019595116
Mexico,MX,MEX,MEX,North America,Aluminium scrap,kt,11.936512671791624,10.0,0.0017889087656529,Scrap allocated using OMNIA-controlled 2019 secondary country share,0.15315370771828896,12.855434918101357,1.016245274816614,Existing values retained through 2024; 2025 extrapolated using a country-level OLS linear trend fitted over 2019-2024 and floored at zero; Zijie regional growth indexed to 2025 thereafter,11.936512671791624,12.089666379509913,12.242820087228202,12.39597379494649,12.54912750266478,12.702281210383068,12.855434918101357,13.019076453319277,13.199905653947438,13.40256777750996,13.617236937385888,13.842483650179792,14.08290438735321,14.334544949594248,14.596321361349867,14.86968969167358,15.150996977302606,15.438606021681862,15.734896030264316,16.035645711289938,16.33392201997964,16.630039595437026,16.926286315614494,17.22150234138587,17.508860765483135,17.785822624810397,18.057495938653215,18.319101050942965,18.572988058016577,18.81922052927608,19.054021974100383,19.282295240496666
Chile,CL,CHL,CHL,Rest of World,Aluminium scrap,kt,0.0,0.0,0.0,No secondary producer share; assigned zero,0.0,0.0,,Existing values retained through 2024; 2025 extrapolated using a country-level OLS linear trend fitted over 2019-2024 and floored at zero; Zijie regional growth indexed to 2025 thereafter,0.0,0.0,0.0,0.0,0.0,0.0,0.0,0.0,0.0,0.0,0.0,0.0,0.0,0.0,0.0,0.0,0.0,0.0,0.0,0.0,0.0,0.0,0.0,0.0,0.0,0.0,0.0,0.0,0.0,0.0,0.0,0.0
Ukraine,UA,UKR,ENE,Europe,Aluminium scrap,kt,0.0,0.0,0.0,No secondary producer share; assigned zero,0.0,0.0,,Existing values retained through 2024; 2025 extrapolated using a country-level OLS linear trend fitted over 2019-2024 and floored at zero; Zijie regional growth indexed to 2025 thereafter,0.0,0.0,0.0,0.0,0.0,0.0,0.0,0.0,0.0,0.0,0.0,0.0,0.0,0.0,0.0,0.0,0.0,0.0,0.0,0.0,0.0,0.0,0.0,0.0,0.0,0.0,0.0,0.0,0.0,0.0,0.0,0.0
Belarus,BY,BLR,ENE,Rest of World,Aluminium scrap,kt,0.0,0.0,0.0,No secondary producer share; assigned zero,0.0,0.0,,Existing values retained through 2024; 2025 extrapolated using a country-level OLS linear trend fitted over 2019-2024 and floored at zero; Zijie regional growth indexed to 2025 thereafter,0.0,0.0,0.0,0.0,0.0,0.0,0.0,0.0,0.0,0.0,0.0,0.0,0.0,0.0,0.0,0.0,0.0,0.0,0.0,0.0,0.0,0.0,0.0,0.0,0.0,0.0,0.0,0.0,0.0,0.0,0.0,0.0
Serbia,RS,SRB,ENE,Europe,Aluminium scrap,kt,69.11570390683897,50.0,0.0080775444264943,Scrap allocated using OMNIA-controlled 2019 secondary country share,1.3988863487294436,77.50902199921562,1.0254320933984418,Existing values retained through 2024; 2025 extrapolated using a country-level OLS linear trend fitted over 2019-2024 and floored at zero; Zijie regional growth indexed to 2025 thereafter,69.11570390683897,70.51459025556842,71.91347660429786,73.3123629530273,74.71124930175674,76.11013565048619,77.50902199921562,78.98995956037307,80.56222640583536,82.39778462930471,84.42705456564784,86.65255347094224,89.04698283571852,91.57310271975221,94.17702641580408,96.78912194106081,99.35160085667829,101.81889599182092,104.16399040118272,106.36316206236063,108.40180844729205,110.28375340748258,112.01549432685019,113.59416139755571,115.01848077997259,116.31155977704944,117.50114438446705,118.61456872811799,119.67499347430103,120.70585010829117,121.73126156687663,122.77301450019468
Bosnia and Herzegovina,BA,BIH,ENE,Rest of World,Aluminium scrap,kt,0.0,0.0,0.0,No secondary producer share; assigned zero,0.0,0.0,,Existing values retained through 2024; 2025 extrapolated using a country-level OLS linear trend fitted over 2019-2024 and floored at zero; Zijie regional growth indexed to 2025 thereafter,0.0,0.0,0.0,0.0,0.0,0.0,0.0,0.0,0.0,0.0,0.0,0.0,0.0,0.0,0.0,0.0,0.0,0.0,0.0,0.0,0.0,0.0,0.0,0.0,0.0,0.0,0.0,0.0,0.0,0.0,0.0,0.0
Republic of Moldova,MD,MDA,ENE,Europe,Aluminium scrap,kt,0.0,0.0,0.0,No secondary producer share; assigned zero,0.0,0.0,,Existing values retained through 2024; 2025 extrapolated using a country-level OLS linear trend fitted over 2019-2024 and floored at zero; Zijie regional growth indexed to 2025 thereafter,0.0,0.0,0.0,0.0,0.0,0.0,0.0,0.0,0.0,0.0,0.0,0.0,0.0,0.0,0.0,0.0,0.0,0.0,0.0,0.0,0.0,0.0,0.0,0.0,0.0,0.0,0.0,0.0,0.0,0.0,0.0,0.0
Republic of North Macedonia,MK,MKD,ENE,Europe,Aluminium scrap,kt,0.0,0.0,0.0,No secondary producer share; assigned zero,0.0,0.0,,Existing values retained through 2024; 2025 extrapolated using a country-level OLS linear trend fitted over 2019-2024 and floored at zero; Zijie regional growth indexed to 2025 thereafter,0.0,0.0,0.0,0.0,0.0,0.0,0.0,0.0,0.0,0.0,0.0,0.0,0.0,0.0,0.0,0.0,0.0,0.0,0.0,0.0,0.0,0.0,0.0,0.0,0.0,0.0,0.0,0.0,0.0,0.0,0.0,0.0
Kosovo,XK,XKX,ENE,Rest of World,Aluminium scrap,kt,0.0,0.0,0.0,No secondary producer share; assigned zero,0.0,0.0,,Existing values retained through 2024; 2025 extrapolated using a country-level OLS linear trend fitted over 2019-2024 and floored at zero; Zijie regional growth indexed to 2025 thereafter,0.0,0.0,0.0,0.0,0.0,0.0,0.0,0.0,0.0,0.0,0.0,0.0,0.0,0.0,0.0,0.0,0.0,0.0,0.0,0.0,0.0,0.0,0.0,0.0,0.0,0.0,0.0,0.0,0.0,0.0,0.0,0.0
Albania,AL,ALB,ENE,Rest of World,Aluminium scrap,kt,0.0,0.0,0.0,No secondary producer share; assigned zero,0.0,0.0,,Existing values retained through 2024; 2025 extrapolated using a country-level OLS linear trend fitted over 2019-2024 and floored at zero; Zijie regional growth indexed to 2025 thereafter,0.0,0.0,0.0,0.0,0.0,0.0,0.0,0.0,0.0,0.0,0.0,0.0,0.0,0.0,0.0,0.0,0.0,0.0,0.0,0.0,0.0,0.0,0.0,0.0,0.0,0.0,0.0,0.0,0.0,0.0,0.0,0.0
Montenegro,ME,MNE,ENE,Europe,Aluminium scrap,kt,0.0,0.0,0.0,No secondary producer share; assigned zero,0.0,0.0,,Existing values retained through 2024; 2025 extrapolated using a country-level OLS linear trend fitted over 2019-2024 and floored at zero; Zijie regional growth indexed to 2025 thereafter,0.0,0.0,0.0,0.0,0.0,0.0,0.0,0.0,0.0,0.0,0.0,0.0,0.0,0.0,0.0,0.0,0.0,0.0,0.0,0.0,0.0,0.0,0.0,0.0,0.0,0.0,0.0,0.0,0.0,0.0,0.0,0.0
Norway,NO,NOR,ENW,Europe,Aluminium scrap,kt,0.0,0.0,0.0,No secondary producer share; assigned zero,0.0,0.0,,Existing values retained through 2024; 2025 extrapolated using a country-level OLS linear trend fitted over 2019-2024 and floored at zero; Zijie regional growth indexed to 2025 thereafter,0.0,0.0,0.0,0.0,0.0,0.0,0.0,0.0,0.0,0.0,0.0,0.0,0.0,0.0,0.0,0.0,0.0,0.0,0.0,0.0,0.0,0.0,0.0,0.0,0.0,0.0,0.0,0.0,0.0,0.0,0.0,0.0
Svalbard and Jan Mayen Islands,SJ,SJM,ENW,Rest of World,Aluminium scrap,kt,0.0,0.0,0.0,No secondary producer share; assigned zero,0.0,0.0,,Existing values retained through 2024; 2025 extrapolated using a country-level OLS linear trend fitted over 2019-2024 and floored at zero; Zijie regional growth indexed to 2025 thereafter,0.0,0.0,0.0,0.0,0.0,0.0,0.0,0.0,0.0,0.0,0.0,0.0,0.0,0.0,0.0,0.0,0.0,0.0,0.0,0.0,0.0,0.0,0.0,0.0,0.0,0.0,0.0,0.0,0.0,0.0,0.0,0.0
Switzerland,CH,CHE,ENW,Europe,Aluminium scrap,kt,0.0,0.0,0.0,No secondary producer share; assigned zero,0.0,0.0,,Existing values retained through 2024; 2025 extrapolated using a country-level OLS linear trend fitted over 2019-2024 and floored at zero; Zijie regional growth indexed to 2025 thereafter,0.0,0.0,0.0,0.0,0.0,0.0,0.0,0.0,0.0,0.0,0.0,0.0,0.0,0.0,0.0,0.0,0.0,0.0,0.0,0.0,0.0,0.0,0.0,0.0,0.0,0.0,0.0,0.0,0.0,0.0,0.0,0.0
Liechtenstein,LI,LIE,ENW,Rest of World,Aluminium scrap,kt,0.0,0.0,0.0,No secondary producer share; assigned zero,0.0,0.0,,Existing values retained through 2024; 2025 extrapolated using a country-level OLS linear trend fitted over 2019-2024 and floored at zero; Zijie regional growth indexed to 2025 thereafter,0.0,0.0,0.0,0.0,0.0,0.0,0.0,0.0,0.0,0.0,0.0,0.0,0.0,0.0,0.0,0.0,0.0,0.0,0.0,0.0,0.0,0.0,0.0,0.0,0.0,0.0,0.0,0.0,0.0,0.0,0.0,0.0
Iceland,IS,ISL,ENW,Europe,Aluminium scrap,kt,0.0,0.0,0.0,No secondary producer share; assigned zero,0.0,0.0,,Existing values retained through 2024; 2025 extrapolated using a country-level OLS linear trend fitted over 2019-2024 and floored at zero; Zijie regional growth indexed to 2025 thereafter,0.0,0.0,0.0,0.0,0.0,0.0,0.0,0.0,0.0,0.0,0.0,0.0,0.0,0.0,0.0,0.0,0.0,0.0,0.0,0.0,0.0,0.0,0.0,0.0,0.0,0.0,0.0,0.0,0.0,0.0,0.0,0.0
United Kingdom of Great Britain and Northern Ireland,GB,GBR,ENW,UK,Aluminium scrap,kt,268.7684486005528,1110.0,1.0,Scrap allocated using OMNIA-controlled 2019 secondary country share,19.401857059350057,385.1795909566531,0.9269458135943907,Existing values retained through 2024; 2025 extrapolated using a country-level OLS linear trend fitted over 2019-2024 and floored at zero; Zijie regional growth indexed to 2025 thereafter,268.7684486005528,288.17030565990285,307.5721627192529,326.9740197786029,346.37587683795306,365.7777338973031,385.1795909566531,401.54741346186626,415.97767914004476,428.26485773000496,438.1949877602183,446.9629602048761,454.5991635104538,461.5320955832815,469.0132409661904,476.63826871562776,484.7542711744999,493.45333626277454,502.26921148346275,511.5717325471736,520.7734350703967,529.6344074759457,538.3474307123811,546.7655550699313,555.1073284456298,563.0757916950274,570.6991756046899,578.2295334039401,585.5024142936833,592.3038903798024,598.3564070205639,603.7360243179405
Gibraltar,GI,GIB,ENW,Rest of World,Aluminium scrap,kt,0.0,0.0,0.0,No secondary producer share; assigned zero,0.0,0.0,,Existing values retained through 2024; 2025 extrapolated using a country-level OLS linear trend fitted over 2019-2024 and floored at zero; Zijie regional growth indexed to 2025 thereafter,0.0,0.0,0.0,0.0,0.0,0.0,0.0,0.0,0.0,0.0,0.0,0.0,0.0,0.0,0.0,0.0,0.0,0.0,0.0,0.0,0.0,0.0,0.0,0.0,0.0,0.0,0.0,0.0,0.0,0.0,0.0,0.0
Saint Helena,SH ,SHN,ENW,Rest of World,Aluminium scrap,kt,0.0,0.0,0.0,No secondary producer share; assigned zero,0.0,0.0,,Existing values retained through 2024; 2025 extrapolated using a country-level OLS linear trend fitted over 2019-2024 and floored at zero; Zijie regional growth indexed to 2025 thereafter,0.0,0.0,0.0,0.0,0.0,0.0,0.0,0.0,0.0,0.0,0.0,0.0,0.0,0.0,0.0,0.0,0.0,0.0,0.0,0.0,0.0,0.0,0.0,0.0,0.0,0.0,0.0,0.0,0.0,0.0,0.0,0.0
Liechtenstein,LI,LIE,ENW,Rest of World,Aluminium scrap,kt,0.0,0.0,0.0,No secondary producer share; assigned zero,0.0,0.0,,Existing values retained through 2024; 2025 extrapolated using a country-level OLS linear trend fitted over 2019-2024 and floored at zero; Zijie regional growth indexed to 2025 thereafter,0.0,0.0,0.0,0.0,0.0,0.0,0.0,0.0,0.0,0.0,0.0,0.0,0.0,0.0,0.0,0.0,0.0,0.0,0.0,0.0,0.0,0.0,0.0,0.0,0.0,0.0,0.0,0.0,0.0,0.0,0.0,0.0
Poland,PL,POL,EUE,Europe,Aluminium scrap,kt,34.37755011714078,24.869565217391305,0.0040177003582215,Scrap allocated using OMNIA-controlled 2019 secondary country share,0.695793905628906,38.55231355091422,1.0254320933984418,Existing values retained through 2024; 2025 extrapolated using a country-level OLS linear trend fitted over 2019-2024 and floored at zero; Zijie regional growth indexed to 2025 thereafter,34.37755011714078,35.07334402276968,35.76913792839859,36.464931834027496,37.16072573965641,37.85651964528531,38.55231355091422,39.28891901611601,40.07095087316334,40.98394157214114,41.99328279265268,43.100226595981724,44.29119494089654,45.547665004955036,46.84283400855648,48.142067608945055,49.41662233914783,50.64383348462747,51.81026305171873,52.90411191275679,53.91811689726181,54.85417995572179,55.71553283039855,56.50074810382773,57.20919217925596,57.85235842823678,58.444047467752334,58.9978550543335,59.52530110200019,60.03804022777616,60.54807097065518,61.06622982096642
Czechia,CZ,CZE,EUE,Europe,Aluminium scrap,kt,174.53217751779167,126.2608695652174,0.020397555664817,Scrap allocated using OMNIA-controlled 2019 secondary country share,3.532492136269827,195.7271303354106,1.0254320933984418,Existing values retained through 2024; 2025 extrapolated using a country-level OLS linear trend fitted over 2019-2024 and floored at zero; Zijie regional growth indexed to 2025 thereafter,174.53217751779167,178.0646696540615,181.5971617903313,185.12965392660115,188.66214606287096,192.1946381991408,195.7271303354106,199.46681962028123,203.43713520221382,208.07231875087035,213.19666648577507,218.8165350257533,224.86298969993624,231.2419915636178,237.81746496651746,244.41357401464404,250.88439033721198,257.1148469219548,263.0367201087258,268.59010663399596,273.73813193994454,278.49045208289516,282.8634743697157,286.84995191174073,290.4466679869917,293.7119735587405,296.71593329781945,299.52757181430843,302.20537482553937,304.80851192563273,307.39789877409544,310.02855139875254
Romania,RO,ROU,EUE,Europe,Aluminium scrap,kt,21.155415456702016,15.304347826086955,0.0024724309896747,Scrap allocated using OMNIA-controlled 2019 secondary country share,0.42818086500240365,23.72450064671644,1.0254320933984422,Existing values retained through 2024; 2025 extrapolated using a country-level OLS linear trend fitted over 2019-2024 and floored at zero; Zijie regional growth indexed to 2025 thereafter,21.155415456702016,21.58359632170442,22.011777186706823,22.439958051709223,22.86813891671163,23.296319781714036,23.72450064671644,24.177796317609847,24.659046691177437,25.22088712131762,25.84202018009395,26.52321636675798,27.256119963628635,28.029332310741555,28.826359389880906,29.625887759350796,30.410229131783275,31.165435990539976,31.883238801057676,32.55637656169648,33.180379629084186,33.756418434290325,34.28648174178372,34.76969114081706,35.20565672569597,35.6014513404534,35.96556767246297,36.3063723411283,36.6309545243078,36.94648629401609,37.260351366557025,37.57921835136395
Hungary,HU,HUN,EUE,Europe,Aluminium scrap,kt,0.0,0.0,0.0,No secondary producer share; assigned zero,0.0,0.0,,Existing values retained through 2024; 2025 extrapolated using a country-level OLS linear trend fitted over 2019-2024 and floored at zero; Zijie regional growth indexed to 2025 thereafter,0.0,0.0,0.0,0.0,0.0,0.0,0.0,0.0,0.0,0.0,0.0,0.0,0.0,0.0,0.0,0.0,0.0,0.0,0.0,0.0,0.0,0.0,0.0,0.0,0.0,0.0,0.0,0.0,0.0,0.0,0.0,0.0
Bulgaria,BG,BGR,EUE,Europe,Aluminium scrap,kt,47.59968477757954,34.434782608695656,0.0055629697267682,Scrap allocated using OMNIA-controlled 2019 secondary country share,0.9634069462554067,53.380126455111984,1.0254320933984418,Existing values retained through 2024; 2025 extrapolated using a country-level OLS linear trend fitted over 2019-2024 and floored at zero; Zijie regional growth indexed to 2025 thereafter,47.59968477757954,48.56309172383495,49.52649867009036,50.489905616345766,51.45331256260117,52.41671950885658,53.380126455111984,54.400041714622155,55.48285505514923,56.746996022964645,58.14454540521139,59.67723682520545,61.32626991816443,63.06599769916849,64.85930862723204,66.6582474585393,68.42301554651236,70.12223097871494,71.73728730237977,73.25184726381707,74.65585416543941,75.95194147715323,77.14458391901336,78.23180506683838,79.21272763281591,80.10326551602014,80.92252726304167,81.68933776753866,82.41964767969256,83.1295941615362,83.8357905747533,84.55324129056888
Slovakia,SK,SVK,EUE,Europe,Aluminium scrap,kt,0.0,0.0,0.0,No secondary producer share; assigned zero,0.0,0.0,,Existing values retained through 2024; 2025 extrapolated using a country-level OLS linear trend fitted over 2019-2024 and floored at zero; Zijie regional growth indexed to 2025 thereafter,0.0,0.0,0.0,0.0,0.0,0.0,0.0,0.0,0.0,0.0,0.0,0.0,0.0,0.0,0.0,0.0,0.0,0.0,0.0,0.0,0.0,0.0,0.0,0.0,0.0,0.0,0.0,0.0,0.0,0.0,0.0,0.0
Croatia,HR,HRV,EUE,Europe,Aluminium scrap,kt,0.0,0.0,0.0,No secondary producer share; assigned zero,0.0,0.0,,Existing values retained through 2024; 2025 extrapolated using a country-level OLS linear trend fitted over 2019-2024 and floored at zero; Zijie regional growth indexed to 2025 thereafter,0.0,0.0,0.0,0.0,0.0,0.0,0.0,0.0,0.0,0.0,0.0,0.0,0.0,0.0,0.0,0.0,0.0,0.0,0.0,0.0,0.0,0.0,0.0,0.0,0.0,0.0,0.0,0.0,0.0,0.0,0.0,0.0
Lithuania,LT,LTU,EUE,Europe,Aluminium scrap,kt,0.0,0.0,0.0,No secondary producer share; assigned zero,0.0,0.0,,Existing values retained through 2024; 2025 extrapolated using a country-level OLS linear trend fitted over 2019-2024 and floored at zero; Zijie regional growth indexed to 2025 thereafter,0.0,0.0,0.0,0.0,0.0,0.0,0.0,0.0,0.0,0.0,0.0,0.0,0.0,0.0,0.0,0.0,0.0,0.0,0.0,0.0,0.0,0.0,0.0,0.0,0.0,0.0,0.0,0.0,0.0,0.0,0.0,0.0
Slovenia,SI,SVN,EUE,Europe,Aluminium scrap,kt,26.44426932087752,19.13043478260869,0.0030905387370934,Scrap allocated using OMNIA-controlled 2019 secondary country share,0.535226081253003,29.655625808395534,1.0254320933984418,Existing values retained through 2024; 2025 extrapolated using a country-level OLS linear trend fitted over 2019-2024 and floored at zero; Zijie regional growth indexed to 2025 thereafter,26.44426932087752,26.97949540213052,27.514721483383525,28.04994756463653,28.585173645889533,29.120399727142537,29.655625808395534,30.222245397012294,30.823808363971782,31.52610890164701,32.30252522511742,33.154020458447455,34.07014995453578,35.036665388426925,36.03294923735111,37.032359699188476,38.01278641472907,38.95679498817495,39.854048501322076,40.69547070212058,41.475474536355215,42.19552304286289,42.858102177229625,43.4621139260213,44.00707090711993,44.50181417556673,44.95695959057869,45.38296542641035,45.788693155384735,46.18310786752009,46.57543920819626,46.97402293920491
Estonia,EE,EST,EUE,Europe,Aluminium scrap,kt,0.0,0.0,0.0,No secondary producer share; assigned zero,0.0,0.0,,Existing values retained through 2024; 2025 extrapolated using a country-level OLS linear trend fitted over 2019-2024 and floored at zero; Zijie regional growth indexed to 2025 thereafter,0.0,0.0,0.0,0.0,0.0,0.0,0.0,0.0,0.0,0.0,0.0,0.0,0.0,0.0,0.0,0.0,0.0,0.0,0.0,0.0,0.0,0.0,0.0,0.0,0.0,0.0,0.0,0.0,0.0,0.0,0.0,0.0
Latvia,LV,LVA,EUE,Europe,Aluminium scrap,kt,0.0,0.0,0.0,No secondary producer share; assigned zero,0.0,0.0,,Existing values retained through 2024; 2025 extrapolated using a country-level OLS linear trend fitted over 2019-2024 and floored at zero; Zijie regional growth indexed to 2025 thereafter,0.0,0.0,0.0,0.0,0.0,0.0,0.0,0.0,0.0,0.0,0.0,0.0,0.0,0.0,0.0,0.0,0.0,0.0,0.0,0.0,0.0,0.0,0.0,0.0,0.0,0.0,0.0,0.0,0.0,0.0,0.0,0.0
Germany,DE,DEU,EUW,Europe,Aluminium scrap,kt,1637.2343367022638,1184.4155844155846,0.1913433900509829,Scrap allocated using OMNIA-controlled 2019 secondary country share,33.13725584522721,1836.0578717736275,1.025432093398442,Existing values retained through 2024; 2025 extrapolated using a country-level OLS linear trend fitted over 2019-2024 and floored at zero; Zijie regional growth indexed to 2025 thereafter,1637.2343367022638,1670.3715925474912,1703.5088483927184,1736.6461042379458,1769.783360083173,1802.9206159284004,1836.0578717736275,1871.1387823132532,1908.3831294057627,1951.8644047253483,1999.9343834771646,2052.6526952077747,2109.372684316242,2169.2121994912736,2230.8947556159305,2292.7708885778566,2353.47168782573,2411.9177440140443,2467.4690713215236,2519.563735087608,2567.8558260761138,2612.435924873354,2653.4579435347378,2690.8539011576836,2724.593622632078,2755.224480952444,2783.403731912571,2809.778874806328,2834.898546715911,2859.3177999678333,2883.6080662075715,2908.2854343942226
Netherlands,NL,NLD,EUW,Europe,Aluminium scrap,kt,0.0,0.0,0.0,No secondary producer share; assigned zero,0.0,0.0,,Existing values retained through 2024; 2025 extrapolated using a country-level OLS linear trend fitted over 2019-2024 and floored at zero; Zijie regional growth indexed to 2025 thereafter,0.0,0.0,0.0,0.0,0.0,0.0,0.0,0.0,0.0,0.0,0.0,0.0,0.0,0.0,0.0,0.0,0.0,0.0,0.0,0.0,0.0,0.0,0.0,0.0,0.0,0.0,0.0,0.0,0.0,0.0,0.0,0.0
Belgium,BE,BEL,EUW,Europe,Aluminium scrap,kt,0.0,0.0,0.0,No secondary producer share; assigned zero,0.0,0.0,,Existing values retained through 2024; 2025 extrapolated using a country-level OLS linear trend fitted over 2019-2024 and floored at zero; Zijie regional growth indexed to 2025 thereafter,0.0,0.0,0.0,0.0,0.0,0.0,0.0,0.0,0.0,0.0,0.0,0.0,0.0,0.0,0.0,0.0,0.0,0.0,0.0,0.0,0.0,0.0,0.0,0.0,0.0,0.0,0.0,0.0,0.0,0.0,0.0,0.0
Sweden,SE,SWE,EUW,Europe,Aluminium scrap,kt,0.0,0.0,0.0,No secondary producer share; assigned zero,0.0,0.0,,Existing values retained through 2024; 2025 extrapolated using a country-level OLS linear trend fitted over 2019-2024 and floored at zero; Zijie regional growth indexed to 2025 thereafter,0.0,0.0,0.0,0.0,0.0,0.0,0.0,0.0,0.0,0.0,0.0,0.0,0.0,0.0,0.0,0.0,0.0,0.0,0.0,0.0,0.0,0.0,0.0,0.0,0.0,0.0,0.0,0.0,0.0,0.0,0.0,0.0
Austria,AT,AUT,EUW,Europe,Aluminium scrap,kt,1016.8086933203532,735.5844155844156,0.1188343159263999,Scrap allocated using OMNIA-controlled 2019 secondary country share,20.579979945983307,1140.2885729962532,1.025432093398442,Existing values retained through 2024; 2025 extrapolated using a country-level OLS linear trend fitted over 2019-2024 and floored at zero; Zijie regional growth indexed to 2025 thereafter,1016.8086933203532,1037.3886732663366,1057.96865321232,1078.5486331583031,1099.1286131042864,1119.7085930502697,1140.2885729962532,1162.0756648050733,1185.206364578316,1212.2105250399534,1242.064511843713,1274.8053580764079,1310.0314565753506,1347.1949449472124,1385.5030587509468,1423.9313939588797,1461.629785070717,1497.9278620718803,1532.428160083894,1564.7816881070412,1594.7736182999026,1622.4602059739782,1647.9370386163112,1671.1618965084567,1692.1160393188702,1711.1394144862552,1728.6402124509655,1745.020564353404,1760.6212026972503,1775.7868441905496,1790.8723779604923,1806.1983224132543
Finland,FI,FIN,EUW,Europe,Aluminium scrap,kt,0.0,0.0,0.0,No secondary producer share; assigned zero,0.0,0.0,,Existing values retained through 2024; 2025 extrapolated using a country-level OLS linear trend fitted over 2019-2024 and floored at zero; Zijie regional growth indexed to 2025 thereafter,0.0,0.0,0.0,0.0,0.0,0.0,0.0,0.0,0.0,0.0,0.0,0.0,0.0,0.0,0.0,0.0,0.0,0.0,0.0,0.0,0.0,0.0,0.0,0.0,0.0,0.0,0.0,0.0,0.0,0.0,0.0,0.0
Denmark,DK,DNK,EUW,Europe,Aluminium scrap,kt,0.0,0.0,0.0,No secondary producer share; assigned zero,0.0,0.0,,Existing values retained through 2024; 2025 extrapolated using a country-level OLS linear trend fitted over 2019-2024 and floored at zero; Zijie regional growth indexed to 2025 thereafter,0.0,0.0,0.0,0.0,0.0,0.0,0.0,0.0,0.0,0.0,0.0,0.0,0.0,0.0,0.0,0.0,0.0,0.0,0.0,0.0,0.0,0.0,0.0,0.0,0.0,0.0,0.0,0.0,0.0,0.0,0.0,0.0
Ireland,IE,IRL,EUW,Europe,Aluminium scrap,kt,0.0,0.0,0.0,No secondary producer share; assigned zero,0.0,0.0,,Existing values retained through 2024; 2025 extrapolated using a country-level OLS linear trend fitted over 2019-2024 and floored at zero; Zijie regional growth indexed to 2025 thereafter,0.0,0.0,0.0,0.0,0.0,0.0,0.0,0.0,0.0,0.0,0.0,0.0,0.0,0.0,0.0,0.0,0.0,0.0,0.0,0.0,0.0,0.0,0.0,0.0,0.0,0.0,0.0,0.0,0.0,0.0,0.0,0.0
Luxembourg,LU,LUX,EUW,Europe,Aluminium scrap,kt,0.0,0.0,0.0,No secondary producer share; assigned zero,0.0,0.0,,Existing values retained through 2024; 2025 extrapolated using a country-level OLS linear trend fitted over 2019-2024 and floored at zero; Zijie regional growth indexed to 2025 thereafter,0.0,0.0,0.0,0.0,0.0,0.0,0.0,0.0,0.0,0.0,0.0,0.0,0.0,0.0,0.0,0.0,0.0,0.0,0.0,0.0,0.0,0.0,0.0,0.0,0.0,0.0,0.0,0.0,0.0,0.0,0.0,0.0
Greenland,GL,GRL,EUW,Rest of World,Aluminium scrap,kt,0.0,0.0,0.0,No secondary producer share; assigned zero,0.0,0.0,,Existing values retained through 2024; 2025 extrapolated using a country-level OLS linear trend fitted over 2019-2024 and floored at zero; Zijie regional growth indexed to 2025 thereafter,0.0,0.0,0.0,0.0,0.0,0.0,0.0,0.0,0.0,0.0,0.0,0.0,0.0,0.0,0.0,0.0,0.0,0.0,0.0,0.0,0.0,0.0,0.0,0.0,0.0,0.0,0.0,0.0,0.0,0.0,0.0,0.0
Faroe Islands,FO,FRO,EUW,Rest of World,Aluminium scrap,kt,0.0,0.0,0.0,No secondary producer share; assigned zero,0.0,0.0,,Existing values retained through 2024; 2025 extrapolated using a country-level OLS linear trend fitted over 2019-2024 and floored at zero; Zijie regional growth indexed to 2025 thereafter,0.0,0.0,0.0,0.0,0.0,0.0,0.0,0.0,0.0,0.0,0.0,0.0,0.0,0.0,0.0,0.0,0.0,0.0,0.0,0.0,0.0,0.0,0.0,0.0,0.0,0.0,0.0,0.0,0.0,0.0,0.0,0.0
Andorra,AD,AND,EUW,Rest of World,Aluminium scrap,kt,0.0,0.0,0.0,No secondary producer share; assigned zero,0.0,0.0,,Existing values retained through 2024; 2025 extrapolated using a country-level OLS linear trend fitted over 2019-2024 and floored at zero; Zijie regional growth indexed to 2025 thereafter,0.0,0.0,0.0,0.0,0.0,0.0,0.0,0.0,0.0,0.0,0.0,0.0,0.0,0.0,0.0,0.0,0.0,0.0,0.0,0.0,0.0,0.0,0.0,0.0,0.0,0.0,0.0,0.0,0.0,0.0,0.0,0.0
France,FR,FRA,EUM,Europe,Aluminium scrap,kt,1008.0816676890432,729.2710706150342,0.1178143894370006,Scrap allocated using OMNIA-controlled 2019 secondary country share,20.403346904133496,1130.5017491138444,1.025432093398442,Existing values retained through 2024; 2025 extrapolated using a country-level OLS linear trend fitted over 2019-2024 and floored at zero; Zijie regional growth indexed to 2025 thereafter,1008.0816676890432,1028.4850145931769,1048.8883614973104,1069.291708401444,1089.6950553055774,1110.098402209711,1130.5017491138444,1152.1018475286305,1175.0340220422868,1201.8064122584012,1231.4041694392783,1263.864008825611,1298.7877701528607,1335.6322931994841,1373.611617631876,1411.7101316369306,1449.0849664813466,1485.0715057759214,1519.2756959880935,1551.3515414243627,1581.086058059251,1608.535018378385,1633.7931894642868,1656.818713960249,1677.593012378507,1696.453114470268,1713.8037072750403,1730.0434705379034,1745.5102123370152,1760.5456907594273,1775.5017490038979,1790.696154543842
Monaco,MC,MCO,EUM,Rest of World,Aluminium scrap,kt,0.0,0.0,0.0,No secondary producer share; assigned zero,0.0,0.0,,Existing values retained through 2024; 2025 extrapolated using a country-level OLS linear trend fitted over 2019-2024 and floored at zero; Zijie regional growth indexed to 2025 thereafter,0.0,0.0,0.0,0.0,0.0,0.0,0.0,0.0,0.0,0.0,0.0,0.0,0.0,0.0,0.0,0.0,0.0,0.0,0.0,0.0,0.0,0.0,0.0,0.0,0.0,0.0,0.0,0.0,0.0,0.0,0.0,0.0
Italy,IT,ITA,EUM,Europe,Aluminium scrap,kt,3650.316775631904,2640.728929384966,0.4266121049087182,Scrap allocated using OMNIA-controlled 2019 secondary country share,73.88159300023067,4093.606333633288,1.0254320933984418,Existing values retained through 2024; 2025 extrapolated using a country-level OLS linear trend fitted over 2019-2024 and floored at zero; Zijie regional growth indexed to 2025 thereafter,3650.316775631904,3724.198368632135,3798.0799616323657,3871.961554632596,3945.8431476328274,4019.724740633058,4093.606333633288,4171.821426840514,4254.860037711016,4351.804271756736,4458.979308285385,4576.518095115895,4702.978872974568,4836.394830111815,4973.9199627933185,5111.876687190568,5247.2129312587695,5377.522084072809,5501.377257051621,5617.525581578743,5725.195831288233,5824.58996128594,5916.051128165416,5999.427764235005,6074.6525921916445,6142.946014502863,6205.773424238039,6264.578461737249,6320.584347830874,6375.028606539398,6429.185280603586,6484.205022769279
San Marino,SM,SMR,EUM,Rest of World,Aluminium scrap,kt,0.0,0.0,0.0,No secondary producer share; assigned zero,0.0,0.0,,Existing values retained through 2024; 2025 extrapolated using a country-level OLS linear trend fitted over 2019-2024 and floored at zero; Zijie regional growth indexed to 2025 thereafter,0.0,0.0,0.0,0.0,0.0,0.0,0.0,0.0,0.0,0.0,0.0,0.0,0.0,0.0,0.0,0.0,0.0,0.0,0.0,0.0,0.0,0.0,0.0,0.0,0.0,0.0,0.0,0.0,0.0,0.0,0.0,0.0
Spain,ES,ESP,EUM,Europe,Aluminium scrap,kt,0.0,0.0,0.0,No secondary producer share; assigned zero,0.0,0.0,,Existing values retained through 2024; 2025 extrapolated using a country-level OLS linear trend fitted over 2019-2024 and floored at zero; Zijie regional growth indexed to 2025 thereafter,0.0,0.0,0.0,0.0,0.0,0.0,0.0,0.0,0.0,0.0,0.0,0.0,0.0,0.0,0.0,0.0,0.0,0.0,0.0,0.0,0.0,0.0,0.0,0.0,0.0,0.0,0.0,0.0,0.0,0.0,0.0,0.0
Greece,GR,GRC,EUM,Europe,Aluminium scrap,kt,0.0,0.0,0.0,No secondary producer share; assigned zero,0.0,0.0,,Existing values retained through 2024; 2025 extrapolated using a country-level OLS linear trend fitted over 2019-2024 and floored at zero; Zijie regional growth indexed to 2025 thereafter,0.0,0.0,0.0,0.0,0.0,0.0,0.0,0.0,0.0,0.0,0.0,0.0,0.0,0.0,0.0,0.0,0.0,0.0,0.0,0.0,0.0,0.0,0.0,0.0,0.0,0.0,0.0,0.0,0.0,0.0,0.0,0.0
Portugal,PT,PRT,EUM,Europe,Aluminium scrap,kt,0.0,0.0,0.0,No secondary producer share; assigned zero,0.0,0.0,,Existing values retained through 2024; 2025 extrapolated using a country-level OLS linear trend fitted over 2019-2024 and floored at zero; Zijie regional growth indexed to 2025 thereafter,0.0,0.0,0.0,0.0,0.0,0.0,0.0,0.0,0.0,0.0,0.0,0.0,0.0,0.0,0.0,0.0,0.0,0.0,0.0,0.0,0.0,0.0,0.0,0.0,0.0,0.0,0.0,0.0,0.0,0.0,0.0,0.0
Cyprus,CY,CYP,EUM,Europe,Aluminium scrap,kt,0.0,0.0,0.0,No secondary producer share; assigned zero,0.0,0.0,,Existing values retained through 2024; 2025 extrapolated using a country-level OLS linear trend fitted over 2019-2024 and floored at zero; Zijie regional growth indexed to 2025 thereafter,0.0,0.0,0.0,0.0,0.0,0.0,0.0,0.0,0.0,0.0,0.0,0.0,0.0,0.0,0.0,0.0,0.0,0.0,0.0,0.0,0.0,0.0,0.0,0.0,0.0,0.0,0.0,0.0,0.0,0.0,0.0,0.0
Malta,MT,MLT,EUM,Europe,Aluminium scrap,kt,0.0,0.0,0.0,No secondary producer share; assigned zero,0.0,0.0,,Existing values retained through 2024; 2025 extrapolated using a country-level OLS linear trend fitted over 2019-2024 and floored at zero; Zijie regional growth indexed to 2025 thereafter,0.0,0.0,0.0,0.0,0.0,0.0,0.0,0.0,0.0,0.0,0.0,0.0,0.0,0.0,0.0,0.0,0.0,0.0,0.0,0.0,0.0,0.0,0.0,0.0,0.0,0.0,0.0,0.0,0.0,0.0,0.0,0.0
Iran (Islamic Republic of),IR,IRN,MEA,Middle East,Aluminium scrap,kt,40.51657874278444,27.588455894342086,0.0586988423283874,Scrap allocated using OMNIA-controlled 2019 secondary country share,3.0265908589417725,58.67612389643507,0.9245542982485878,Existing values retained through 2024; 2025 extrapolated using a country-level OLS linear trend fitted over 2019-2024 and floored at zero; Zijie regional growth indexed to 2025 thereafter,40.51657874278444,43.54316960172621,46.56976046066799,49.59635131960975,52.622942178551526,55.6495330374933,58.67612389643507,60.88275501377595,62.931811240281796,64.8107651104944,66.55604940333538,68.24050049138823,70.04452249073974,72.10632630432022,74.47746588750759,77.25340246000539,80.46715848767509,84.10162449731439,88.10264588227736,92.39067764807466,96.87514731592772,101.47618651127237,106.116521395694,110.72164296645285,115.25409897676269,119.69455568203271,124.0293050222634,128.26641710740765,132.42135333648375,136.50115758145094,140.50606040811024,144.4541697552188
Saudi Arabia,SA,SAU,MEA,Middle East,Aluminium scrap,kt,88.91138112999919,60.54133376813958,0.1288113484428501,Scrap allocated using OMNIA-controlled 2019 secondary country share,6.6416854960111165,128.76149410606587,0.9245542982485879,Existing values retained through 2024; 2025 extrapolated using a country-level OLS linear trend fitted over 2019-2024 and floored at zero; Zijie regional growth indexed to 2025 thereafter,88.91138112999919,95.55306662601028,102.1947521220214,108.83643761803252,115.47812311404364,122.11980861005476,128.76149410606587,133.6038235024528,138.10036355506284,142.22362343691827,146.05355285731932,149.7499871894353,153.70881324356776,158.23332716781385,163.43666125314166,169.5282998427896,176.58070890350925,184.55634264688436,193.33636179721978,202.74620928327496,212.58712883217476,222.68385373306998,232.86681084055076,242.9724942874938,252.91871719900706,262.6630527466829,272.17541935441136,281.4735264301446,290.5913031550616,299.5442069148507,308.3327436733531,316.99665029617466
United Arab Emirates,AE,ARE,MEA,Middle East,Aluminium scrap,kt,292.61973536455423,199.24995923691503,0.4239360834827979,Scrap allocated using OMNIA-controlled 2019 secondary country share,21.858711759023908,423.7720059186977,0.9245542982485877,Existing values retained through 2024; 2025 extrapolated using a country-level OLS linear trend fitted over 2019-2024 and floored at zero; Zijie regional growth indexed to 2025 thereafter,292.61973536455423,314.4784471235781,336.33715888260207,358.195870641626,380.0545824006499,401.9132941596738,423.7720059186977,439.70878621060405,454.50752562425737,468.0777480202372,480.6825790240888,492.84805910447045,505.87710687756464,520.7679121978682,537.8928091875547,557.9412399889277,581.1517001887645,607.4006213694927,636.2968869275586,667.2660052360947,699.6538417261446,732.8835692480782,766.397098968901,799.6563103132705,832.3907148321749,864.4606799257917,895.7672029385689,926.368567997944,956.3764407634936,985.8416936438122,1014.7659918363516,1043.2801148988024
Iraq,IQ,IRQ,MEA,Rest of World,Aluminium scrap,kt,0.0,0.0,0.0,No secondary producer share; assigned zero,0.0,0.0,,Existing values retained through 2024; 2025 extrapolated using a country-level OLS linear trend fitted over 2019-2024 and floored at zero; Zijie regional growth indexed to 2025 thereafter,0.0,0.0,0.0,0.0,0.0,0.0,0.0,0.0,0.0,0.0,0.0,0.0,0.0,0.0,0.0,0.0,0.0,0.0,0.0,0.0,0.0,0.0,0.0,0.0,0.0,0.0,0.0,0.0,0.0,0.0,0.0,0.0
Qatar,QA,QAT,MEA,Middle East,Aluminium scrap,kt,70.56637464368289,48.049894015979135,0.1022338170552747,Scrap allocated using OMNIA-controlled 2019 secondary country share,5.271312412656919,102.19424911962443,0.9245542982485879,Existing values retained through 2024; 2025 extrapolated using a country-level OLS linear trend fitted over 2019-2024 and floored at zero; Zijie regional growth indexed to 2025 thereafter,70.56637464368289,75.83768705633982,81.10899946899674,86.38031188165365,91.65162429431058,96.9229367069675,102.19424911962443,106.03746498232647,109.60623791015747,112.87874923411108,115.91845271080913,118.85220502250118,121.99421000470505,125.58518498002441,129.71491975407574,134.54967595117606,140.14696769936745,146.47699599948925,153.44544157829975,160.91376357039672,168.72421490857414,176.73769150713275,184.8196080975004,192.84019483323874,200.73422238452838,208.46801781287368,216.01770624710878,223.397343128735,230.63385706104256,237.73951612102707,244.71472187745871,251.59101232367277
Kuwait,KW,KWT,MEA,Rest of World,Aluminium scrap,kt,0.0,0.0,0.0,No secondary producer share; assigned zero,0.0,0.0,,Existing values retained through 2024; 2025 extrapolated using a country-level OLS linear trend fitted over 2019-2024 and floored at zero; Zijie regional growth indexed to 2025 thereafter,0.0,0.0,0.0,0.0,0.0,0.0,0.0,0.0,0.0,0.0,0.0,0.0,0.0,0.0,0.0,0.0,0.0,0.0,0.0,0.0,0.0,0.0,0.0,0.0,0.0,0.0,0.0,0.0,0.0,0.0,0.0,0.0
Oman,OM,OMN,MEA,Middle East,Aluminium scrap,kt,44.00550635674644,29.96412848524377,0.0637534648622207,Scrap allocated using OMNIA-controlled 2019 secondary country share,3.287213960683984,63.72879012085034,0.924554298248588,Existing values retained through 2024; 2025 extrapolated using a country-level OLS linear trend fitted over 2019-2024 and floored at zero; Zijie regional growth indexed to 2025 thereafter,44.00550635674644,47.29272031743042,50.5799342781144,53.86714823879839,57.15436219948237,60.44157616016635,63.72879012085034,66.12543669551779,68.3509394304172,70.39169210612033,72.28726476862262,74.11676581148002,76.07613414966457,78.3154821805256,80.89080322782077,83.90577878295032,87.3962749130027,91.3437088290276,95.68926261102905,100.3465415566589,105.21717389035489,110.21441368307643,115.25433296032325,120.2560066663419,125.17875749976176,130.00158686576336,134.70960628806947,139.3115808027678,143.82430320712547,148.2554239287426,152.6051933876976,156.89327881747383
Bahrain,BH,BHR,MEA,Middle East,Aluminium scrap,kt,153.62536106639098,104.6062285993804,0.2225664438284689,Scrap allocated using OMNIA-controlled 2019 secondary country share,11.475823673487554,222.48030310731627,0.9245542982485878,Existing values retained through 2024; 2025 extrapolated using a country-level OLS linear trend fitted over 2019-2024 and floored at zero; Zijie regional growth indexed to 2025 thereafter,153.62536106639098,165.10118473987853,176.5770084133661,188.05283208685364,199.5286557603412,211.00447943382875,222.48030310731627,230.84711276056711,238.6164509527351,245.74081771062453,252.3583539876466,258.745231029847,265.58548111072145,273.4031539038808,282.39372482346624,292.919150994187,305.10464259910134,318.88532621898366,334.05586563696824,350.3146527489497,367.3182669062259,384.76387385524106,402.358476958673,419.819562914467,437.00512528689177,453.8418569610406,470.27778154274864,486.34349819892054,502.09763140083413,517.5668891630013,532.7521457140846,547.7220603218713
Yemen,YE,YEM,MEA,Rest of World,Aluminium scrap,kt,0.0,0.0,0.0,No secondary producer share; assigned zero,0.0,0.0,,Existing values retained through 2024; 2025 extrapolated using a country-level OLS linear trend fitted over 2019-2024 and floored at zero; Zijie regional growth indexed to 2025 thereafter,0.0,0.0,0.0,0.0,0.0,0.0,0.0,0.0,0.0,0.0,0.0,0.0,0.0,0.0,0.0,0.0,0.0,0.0,0.0,0.0,0.0,0.0,0.0,0.0,0.0,0.0,0.0,0.0,0.0,0.0,0.0,0.0
Turkey,TR,TUR,MDA,Europe,Aluminium scrap,kt,870.8578692261711,630.0,0.1017770597738287,Scrap allocated using OMNIA-controlled 2019 secondary country share,17.62596799399097,976.613677190117,1.0254320933984418,Existing values retained through 2024; 2025 extrapolated using a country-level OLS linear trend fitted over 2019-2024 and floored at zero; Zijie regional growth indexed to 2025 thereafter,870.8578692261711,888.4838372201621,906.1098052141532,923.735773208144,941.361741202135,958.987709196126,976.613677190117,995.2734904607007,1015.0840527135257,1038.2120863292394,1063.7808875271628,1091.8221737338724,1121.9919837300536,1153.8210942688781,1186.6305328391315,1219.5429364573665,1251.8301707941466,1282.9180894969438,1312.4662790549025,1340.1758419857442,1365.86278643588,1389.5752929342807,1411.3952285183127,1431.286433609202,1449.2328578276547,1465.525653190823,1480.5144192442851,1494.5435659742868,1507.9049177761933,1520.893711364469,1533.8138957426456,1546.939982702453
Israel,IL,ISR,MDA,Rest of World,Aluminium scrap,kt,0.0,0.0,0.0,No secondary producer share; assigned zero,0.0,0.0,,Existing values retained through 2024; 2025 extrapolated using a country-level OLS linear trend fitted over 2019-2024 and floored at zero; Zijie regional growth indexed to 2025 thereafter,0.0,0.0,0.0,0.0,0.0,0.0,0.0,0.0,0.0,0.0,0.0,0.0,0.0,0.0,0.0,0.0,0.0,0.0,0.0,0.0,0.0,0.0,0.0,0.0,0.0,0.0,0.0,0.0,0.0,0.0,0.0,0.0
Syrian Arab Republic,SY,SYR,MDA,Rest of World,Aluminium scrap,kt,0.0,0.0,0.0,No secondary producer share; assigned zero,0.0,0.0,,Existing values retained through 2024; 2025 extrapolated using a country-level OLS linear trend fitted over 2019-2024 and floored at zero; Zijie regional growth indexed to 2025 thereafter,0.0,0.0,0.0,0.0,0.0,0.0,0.0,0.0,0.0,0.0,0.0,0.0,0.0,0.0,0.0,0.0,0.0,0.0,0.0,0.0,0.0,0.0,0.0,0.0,0.0,0.0,0.0,0.0,0.0,0.0,0.0,0.0
Jordan,JO,JOR,MDA,Rest of World,Aluminium scrap,kt,0.0,0.0,0.0,No secondary producer share; assigned zero,0.0,0.0,,Existing values retained through 2024; 2025 extrapolated using a country-level OLS linear trend fitted over 2019-2024 and floored at zero; Zijie regional growth indexed to 2025 thereafter,0.0,0.0,0.0,0.0,0.0,0.0,0.0,0.0,0.0,0.0,0.0,0.0,0.0,0.0,0.0,0.0,0.0,0.0,0.0,0.0,0.0,0.0,0.0,0.0,0.0,0.0,0.0,0.0,0.0,0.0,0.0,0.0
Lebanon,LB,LBN,MDA,Rest of World,Aluminium scrap,kt,0.0,0.0,0.0,No secondary producer share; assigned zero,0.0,0.0,,Existing values retained through 2024; 2025 extrapolated using a country-level OLS linear trend fitted over 2019-2024 and floored at zero; Zijie regional growth indexed to 2025 thereafter,0.0,0.0,0.0,0.0,0.0,0.0,0.0,0.0,0.0,0.0,0.0,0.0,0.0,0.0,0.0,0.0,0.0,0.0,0.0,0.0,0.0,0.0,0.0,0.0,0.0,0.0,0.0,0.0,0.0,0.0,0.0,0.0
State of Palestine,PS,PSE,MDA,Rest of World,Aluminium scrap,kt,0.0,0.0,0.0,No secondary producer share; assigned zero,0.0,0.0,,Existing values retained through 2024; 2025 extrapolated using a country-level OLS linear trend fitted over 2019-2024 and floored at zero; Zijie regional growth indexed to 2025 thereafter,0.0,0.0,0.0,0.0,0.0,0.0,0.0,0.0,0.0,0.0,0.0,0.0,0.0,0.0,0.0,0.0,0.0,0.0,0.0,0.0,0.0,0.0,0.0,0.0,0.0,0.0,0.0,0.0,0.0,0.0,0.0,0.0
