Country,ISO2,ISO3,Metric,Unit,1951,1952,1953,1954,1955,1956,1957,1958,1959,1960,1961,1962,1963,1964,1965,1966,1967,1968,1969,1970,1971,1972,1973,1974,1975,1976,1977,1978,1979,1980,1981,1982,1983,1984,1985,1986,1987,1988,1989,1990,1991,1992,1993,1994,1995,1996,1997,1998,1999,2000,2001,2002,2003,2004,2005,2006,2007,2008,2009,2010,2011,2012,2013,2014,2015,2016,2017,2018,2019,2020,2021,2022,2023,2024,2025,2026,2027,2028,2029,2030,2031,2032,2033,2034,2035,2036,2037,2038,2039,2040,2041,2042,2043,2044,2045,2046,2047,2048,2049,2050,2051,2052,2053,2054,2055,2056,2057,2058,2059,2060,2061,2062,2063,2064,2065,2066,2067,2068,2069,2070,2071,2072,2073,2074,2075,2076,2077,2078,2079,2080,2081,2082,2083,2084,2085,2086,2087,2088,2089,2090,2091,2092,2093,2094,2095,2096,2097,2098,2099,2100
Afghanistan,AF,AFG,Cement production,kt cement,0.0,0.0,0.0,0.0,0.0,0.0,0.0,0.0,36.762783,36.440302,44.11534,58.820453,102.935792,124.993462,169.108802,176.461358,132.346019,95.297913,102.935792,95.793309,88.230679,95.583236,139.386748,147.332839,146.798032,169.108802,139.698575,125.206036,139.698575,51.575345,73.525566,88.230679,14.705113,110.431395,73.602476,88.230679,102.815117,102.935792,102.935792,112.0,112.0,112.0,115.0,115.0,115.0,116.0,116.0,116.0,116.0,25.0,16.0,27.0,24.0,24.0,15.2,29.8,28.4,37.3,31.5,35.6,35.7,70.8,87.0,70.1,100.8,186.3,109.6,139.2,93.8,148.484,40.0,26.0,26.0,26.0,27.70840066128136,28.51371369836697,29.33135148278978,30.13905736790938,30.95767827155655,31.99064051417198,33.00339439800083,34.0628663193644,35.15597645848528,36.30272430787757,37.44666572465475,37.68378461892705,37.98065158986213,38.32130834439747,38.67663425496887,39.10726622882429,39.5072495397135,39.89988365321596,40.2725690762679,40.7120303908186,41.15203693790524,41.56290099034016,42.0470494766821,42.52103315242519,43.03078419200255,43.60665566116874,44.3461252232248,45.05937772985896,45.83581690918521,46.62042389441567,47.4086497667579,48.20145144072712,49.01220055262785,49.81784993361529,50.59072971125095,51.31436413980158,52.05612446254717,52.76831080740223,53.54086455917196,54.30634183372552,55.10002377753273,55.89090761864503,56.60375688276081,57.30768218975351,58.06041814467669,58.77454119757037,59.52896848316994,60.19357049493055,60.87775007395233,61.59729259189802,62.25309076132829,62.84116821062931,63.45081942065124,64.07199192719477,64.63880391040948,65.29500360643254,65.88613082751795,66.39380286260445,66.89498812690945,67.38023473019719,67.94105927698298,68.44559688795496,68.87791462184794,69.37793706056448,69.83401006860406,70.2810613117608,70.77316646971222,71.20252022810129,71.62444860440016,72.0436091926899,72.44520728236,72.82522245970588,73.19748680107087,73.57763810851516,73.95165383795286,74.32275706965498
Afghanistan,AF,AFG,Population,,7825.766,7932.912,8042.655,8150.741,8265.158,8388.801,8519.802,8656.868,8789.935,8948.604,9121.483,9306.683,9502.129,9706.845,9921.791,10150.226,10382.564,10629.354,10884.489,11150.329,11429.926,11705.409,12001.983,12314.016,12624.237,12923.671,13196.031,13485.482,13737.4,13573.734,12764.889,11110.273,10872.483,10963.481,11416.962,11436.742,11403.405,11372.232,11674.364,12073.812,12017.508,12460.25,14097.697,15788.647,16712.942,17418.729,18107.803,18796.38,19523.611,20251.958,20008.696,20559.918,22196.316,23269.782,23851.525,24957.609,25890.58,25929.124,27036.12,27896.081,28672.096,30023.32,31096.748,32148.66,33436.386,34227.141,35174.083,36203.786,37282.292,38429.95,39708.008,40292.816,40864.868,42044.654,43250.33,44437.893,45656.244,46861.567,48079.582,49371.851,50706.953,52045.049,53370.646,54717.862,56001.066,57293.399,58613.923,59944.165,61251.511,62637.433,64058.308,65419.378,66701.061,68049.266,69358.651,70683.748,72085.638,73426.983,74792.486,76238.717,77531.552,78778.551,80136.021,81507.771,82885.848,84271.925,85689.38,87097.919,88449.166,89714.316,91011.156,92256.291,93606.968,94945.273,96332.889,97715.613,98961.907,100192.599,101508.628,102757.149,104076.135,105238.077,106434.247,107692.243,108838.793,109866.945,110932.815,112018.828,113009.801,114157.053,115190.537,116078.114,116954.35,117802.72,118783.225,119665.322,120421.155,121295.358,122092.723,122874.315,123734.676,124485.327,125222.996,125955.826,126657.951,127322.342,127973.182,128637.811,129291.713,129940.523
Albania,AL,ALB,Cement production,kt cement,14.705113,14.562345,14.705113,14.705113,44.11534,66.173009,73.525566,80.878123,73.525566,73.525566,117.452076,117.640906,132.346019,124.993462,146.803571,139.89958,220.576698,301.45482,330.865047,360.628484,360.275273,397.038056,514.678962,559.266256,647.02498,699.010662,749.480337,801.881453,845.135533,999.947697,786.330783,830.838895,838.191452,860.249122,852.896565,845.544008,860.673099,742.980078,757.313329,750.0,600.0,200.0,200.0,100.0,200.0,203.0,100.0,84.0,106.0,180.0,0.0,0.0,578.451,573.221,489.0,525.0,889.0,918.0,1108.0,1300.0,1800.0,2230.0,2000.0,1740.0,1980.0,1680.0,1930.0,1770.0,1770.0,2522.0,2503.0,1730.0,1730.0,1730.0,1450.371229367569,1441.323199123366,1430.962553131418,1421.598039887811,1412.489072001112,1403.3118340625,1393.993181923049,1385.157596155125,1376.512435225756,1367.682219215471,1358.895882870146,1345.859344919054,1332.657565141458,1319.610145136253,1306.958802226261,1294.015481837186,1281.905169043108,1269.950096003833,1258.42940426612,1247.194216996296,1236.395465304625,1225.49760003135,1214.628204422482,1204.407919423829,1194.263654808661,1184.422773641885,1171.95030457899,1159.767163663435,1147.307172905347,1134.79010842841,1122.313960883932,1109.942145306538,1097.78812462489,1085.575444649244,1073.534170871808,1061.416743358642,1049.380373599297,1037.509586191305,1025.664327201843,1013.772613620589,1001.991996200881,990.2430952461796,978.7991388109537,967.1323345735884,955.5688381226828,944.0928302750555,932.6176531304432,921.0632906320623,909.4840994557734,897.955971067302,886.0756515007785,874.349015102895,862.751008592373,850.9505506884396,839.2574728108815,827.587959565242,815.7181595953507,803.8451909548296,791.8825738040254,779.9548781559987,768.114369992307,756.4006834523778,744.8237526919141,733.4707548635954,722.1571813591071,711.0588265353194,700.2291865569061,689.6643893041078,679.3733160049056,669.3936009648517,659.7272978280322,650.3780154696833,641.3016694228277,632.4972773431773,623.9430149565271,615.64161552849
Albania,AL,ALB,Population,,1261.228,1291.503,1325.217,1361.934,1400.24,1437.459,1476.181,1519.731,1568.226,1621.796,1676.978,1720.603,1766.863,1815.707,1867.176,1921.448,1978.641,2038.4,2099.282,2154.468,2207.971,2262.013,2316.518,2371.692,2427.11,2482.608,2538.552,2594.647,2654.595,2708.174,2762.658,2818.168,2875.647,2934.613,2995.303,3057.18,3118.124,3179.553,3246.285,3274.462,3281.47,3283.735,3281.267,3274.382,3264.437,3252.697,3238.659,3220.66,3199.605,3177.586,3154.709,3141.178,3127.006,3109.169,3088.146,3064.172,3037.445,3008.329,2977.532,2945.427,2912.016,2910.992,2909.016,2906.129,2901.37,2895.894,2899.839,2896.646,2891.816,2878.203,2865.704,2833.567,2821.649,2801.661,2781.868,2761.147,2740.903,2721.547,2701.774,2682.047,2661.723,2642.024,2622.295,2601.802,2580.832,2560.328,2539.049,2517.424,2495.766,2472.981,2450.751,2428.288,2406.239,2384.092,2362.43,2340.131,2317.774,2295.955,2273.728,2251.369,2228.962,2207.061,2184.618,2162.04,2139.509,2117.092,2095.054,2072.882,2051.004,2028.96,2007.037,1985.374,1963.712,1941.918,1920.288,1898.689,1877.62,1856.093,1834.721,1813.476,1792.159,1770.661,1749.085,1727.575,1705.37,1683.391,1661.63,1639.461,1617.471,1595.502,1573.105,1550.681,1528.066,1505.497,1483.074,1460.861,1438.891,1417.331,1395.83,1374.724,1354.114,1333.996,1314.388,1295.363,1276.926,1259.091,1241.768,1224.956,1208.614,1192.748
Algeria,DZ,DZA,Cement production,kt cement,448.505952,485.268735,515.150711,661.730094,676.435207,653.898139,713.19799,845.544008,955.832357,1058.76815,1072.824639,874.388654,882.306791,786.723556,743.021235,661.730094,727.587036,867.952934,948.171452,926.422131,963.184914,926.422131,1007.300254,941.127244,948.371229,1396.854986,1779.318696,2698.38827,3771.861533,4154.194476,4463.354297,4396.828844,4808.907105,5536.475116,6095.269417,6455.54469,7543.723067,7197.838494,6815.819964,6340.0,6319.0,6400.0,6400.0,6060.0,6822.0,6500.0,7096.0,7500.0,7500.0,8300.0,8300.0,9000.0,9000.0,11000.0,12800.0,14701.572,15886.0,17397.0,18732.0,19100.0,19000.0,19000.0,18500.0,19260.0,20250.0,22870.0,25330.0,25000.0,26000.0,23000.0,26000.0,28000.0,28000.0,28000.0,27089.25444254943,27253.69531624485,27409.15196241008,27536.90213198221,27653.45718488278,27782.59241077896,27855.52292107331,27939.29802380205,28038.4026509779,28145.13488741127,28261.47868208797,28367.70216649277,28481.89246337618,28610.05864152469,28748.88068268663,28901.95562885491,29028.60903838884,29172.66983378398,29330.32774693887,29503.55855447005,29687.92880973375,29855.30328988049,30033.87053491622,30219.46813813565,30413.963037202,30614.00275432454,30817.10001217571,31008.96068171605,31183.45252980722,31351.6802276581,31508.06701210193,31648.18979173749,31780.67387659203,31895.69152878488,32002.41021608024,32097.69317754207,32178.13856231922,32248.10009634075,32317.75644536726,32376.25433692949,32434.34864666616,32484.69759870203,32530.75786644528,32574.65383575039,32616.21455594504,32656.43921300691,32686.73774504754,32729.79540260278,32772.39521091591,32812.92373525931,32854.5057436014,32895.06741410165,32929.27705907374,32965.42613060831,32999.04021695696,33032.2493883088,33061.84198357307,33084.79737354418,33105.21809776095,33124.78688360855,33142.72609494011,33159.01427306583,33172.85205896763,33180.16909519392,33183.73502439624,33177.9128449011,33173.86142436349,33158.07164444336,33139.34019931367,33120.39000065834,33087.55323619289,33052.15772651113,33009.08353679947,32962.24888476358,32907.01067913244,32847.01188112094
Algeria,DZ,DZA,Population,,9144.061,9395.668,9646.746,9898.544,10130.218,10364.629,10599.735,10835.266,11072.013,11307.232,11542.612,11715.155,11886.386,12077.85,12281.776,12450.175,12729.963,13022.272,13322.956,13628.963,13938.476,14259.396,14594.747,14947.548,15319.456,16037.736,16780.604,17251.383,17762.564,18310.745,18903.603,19537.806,20206.89,20909.341,21634.597,22382.492,23108.505,23778.743,24440.328,25068.643,25682.977,26292.878,26964.257,27589.839,28184.718,28755.663,29310.426,29848.175,30260.091,30688.616,31119.169,31543.274,31958.395,32393.24,32863.332,33355.166,33891.846,34486.986,35146.936,35833.954,36542.517,37264.234,38028.098,38800.245,39609.816,40429.242,41272.2,42106.398,42903.672,43685.42,44398.762,45123.436,45831.343,46497.095,47131.52,47739.103,48317.564,48869.252,49401.793,49908.964,50399.367,50875.35,51351.639,51816.842,52279.165,52754.414,53218.12,53687.432,54156.261,54636.243,55110.709,55593.267,56075.843,56563.342,57049.015,57531.298,58004.035,58464.304,58917.467,59354.849,59776.26,60174.952,60539.302,60890.496,61217.963,61519.475,61804.713,62054.984,62287.895,62497.52,62682.396,62845.343,63006.047,63143.779,63279.334,63401.589,63514.04,63620.913,63721.997,63819.328,63898.576,64001.257,64101.935,64197.581,64294.335,64389.983,64472.321,64557.519,64636.967,64714.868,64786.583,64844.564,64896.851,64946.779,64992.889,65036.544,65074.721,65099.537,65116.436,65114.459,65116.49,65094.998,65067.196,65038.446,64982.075,64920.949,64844.303,64759.831,64658.48,64547.402
Andorra,AD,AND,Cement production,kt cement,,,,,,,,,,,,,,,,,,,,,,,,,,,,,,,,,,,,,,,,0.0,0.0,0.0,0.0,0.0,0.0,0.0,0.0,0.0,0.0,0.0,0.0,0.0,0.0,0.0,0.0,0.0,0.0,0.0,0.0,0.0,0.0,0.0,0.0,0.0,0.0,0.0,0.0,0.0,0.0,0.0,0.0,0.0,0.0,0.0,23.96455648068537,24.1231087065577,24.26201535603407,24.35963373412677,24.3967805637049,24.42291983057329,24.40906278278944,24.36012735530328,24.29890199342209,24.24029853932527,24.17750789276351,24.02306628697724,23.79117703869349,23.61297570570931,23.4179391354124,23.23395226677293,22.99992208213435,22.81018696253527,22.58565422108756,22.36746387143172,22.1219886850934,21.88817680994721,21.65672924277578,21.42244525640584,21.18946059538067,20.95927013121549,20.84787934424396,20.69122015526115,20.54625954207901,20.37663019296938,20.19479363432863,20.01600887807066,19.82552554601202,19.63224472843584,19.43642074220733,19.23423883434803,19.02646195545363,18.8191937102897,18.60912797960821,18.39982519952242,18.18721630018861,17.9761333020462,17.8019262493624,17.5956752716594,17.387898392765,17.18851397042325,16.99752200463415,16.82509517000697,16.63740932346589,16.4553184479599,16.28365456392842,16.10105505469197,15.92735663573863,15.73839920487139,15.54867882340845,15.36963975028525,15.1918722614882,15.01486772328685,14.83099662972424,14.65144892287057,14.4909749809093,14.33050103894801,14.16138032356885,13.99531141057247,13.83280293368933,13.66393653517541,13.50524281127075,13.34069979946576,13.176411104526,13.01008787466439,12.85037688329881,12.68863135701136,12.53222648489379,12.37709319710238,12.22679192975037,12.08106836597254
Andorra,AD,AND,Population,,6.044,5.593,5.318,5.328,5.876,6.455,7.074,7.725,8.41,9.131,9.889,10.676,11.496,12.334,13.193,14.075,15.177,16.497,17.855,19.255,20.698,22.185,23.729,25.317,26.942,28.605,30.266,31.928,33.542,35.07,36.493,37.844,39.685,41.444,43.102,44.547,46.922,48.384,50.448,50.791,54.403,58.932,61.467,65.077,64.148,63.676,64.292,65.107,65.656,65.763,65.607,66.097,66.915,72.056,76.594,78.247,80.924,82.831,84.158,83.618,77.794,77.772,75.896,74.491,72.983,71.364,72.999,74.526,75.798,77.149,77.611,79.116,80.294,81.418,82.457,83.352,84.154,84.773,85.143,85.545,85.818,85.948,86.021,86.088,86.125,86.222,86.021,85.994,85.888,85.8,85.536,85.419,85.149,84.877,84.479,84.109,83.725,83.305,82.868,82.414,81.976,81.36,80.79,80.123,79.408,78.705,77.956,77.196,76.426,75.631,74.814,73.999,73.173,72.35,71.514,70.684,69.999,69.188,68.371,67.587,66.836,66.158,65.42,64.704,64.029,63.311,62.628,61.885,61.139,60.435,59.736,59.04,58.317,57.611,56.98,56.349,55.684,55.031,54.392,53.728,53.104,52.457,51.811,51.157,50.529,49.893,49.278,48.668,48.077,47.504
Angola,AO,AGO,Cement production,kt cement,0.0,0.0,29.410226,43.655805,73.525566,88.230679,132.346019,169.108802,154.403688,160.685012,155.659003,168.585245,191.166471,213.224141,242.634368,264.692037,279.397151,308.13165,382.836675,448.047357,528.815456,624.459207,772.018442,756.743921,654.377537,301.45482,301.45482,397.038056,397.038056,242.800898,249.986924,249.789929,220.576698,353.181268,352.922717,352.922717,352.922717,999.947697,1000.680259,260.0,260.0,300.0,250.0,240.0,200.0,270.0,301.0,350.0,207.0,201.0,550.0,597.0,700.0,754.0,1315.0,1373.0,1400.0,1780.0,1800.0,1500.0,2000.0,3000.0,4000.0,5100.0,5240.0,3870.0,2570.0,2600.0,2900.0,2800.0,2800.0,2900.0,2900.0,2900.0,3355.076761779714,3398.961891238386,3450.441222235512,3501.424025980676,3553.678205637759,3615.960454314163,3660.07142588031,3707.950771342437,3759.348459027524,3813.731401750576,3870.723198837352,3963.757425204403,4059.300722134114,4157.096351378458,4256.757726592562,4358.118197576005,4471.434942375799,4587.38617390847,4705.538929999856,4825.906136435814,4949.37615768216,5093.610444547014,5241.887689811909,5393.920404647451,5549.205755990505,5707.318761016016,6023.443457311007,6340.156962221134,6657.238019872605,6974.793873540702,7292.698611688912,7694.938635689389,8098.108937204493,8501.860775161167,8906.370827335513,9311.555909217563,9813.329624858196,10316.12536313877,10820.24794461486,11325.23104491843,11831.25992779182,12440.39293940225,13051.06176386615,13663.19264126166,14276.39406585267,14880.23200819891,15581.70212284932,16268.76488082046,16941.97266604202,17602.00253681873,18249.35544375931,18975.5055626976,19683.67019455153,20375.33031941938,21051.11950363233,21710.78221461181,22433.80614100221,23135.6017531148,23818.39886252815,24483.08294872845,25132.36205867007,25829.06542641386,26505.53289077256,27163.23834198916,27811.93604648055,28449.79783213822,29125.97520516926,29787.74688432087,30434.76828980933,31069.13624182056,31692.27272405782,32342.91209611262,32978.36562350617,33599.96858267482,34210.62699793099,34806.06938137703
Angola,AO,AGO,Population,,4579.359,4625.764,4677.611,4735.107,4798.327,4867.201,4941.34,5019.944,5102.324,5187.881,5275.427,5327.74,5380.879,5435.761,5492.613,5551.349,5611.424,5672.19,5733.209,5794.161,5911.415,6070.789,6277.736,6499.32,6727.414,6958.479,7190.85,7444.809,7708.658,7985.756,8281.987,8589.227,8914.07,9251.895,9599.94,9958.299,10320.6,10675.115,11047.467,11429.657,11823.062,12223.995,12623.43,13030.839,13468.69,13930.866,14411.08,14909.745,15408.995,15925.474,16464.263,17030.152,17625.247,18262.177,18938.669,19643.652,20386.906,21170.217,21987.093,22842.454,23747.196,24689.507,25665.281,26665.959,27655.58,28660.016,29706.124,30763.554,31830.756,32920.509,33981.756,35083.102,36186.956,37312.856,38458.843,39621.234,40809.125,42021.124,43262.228,44521.473,45799.443,47100.486,48418.533,49764.415,51130.496,52512.94,53918.938,55332.804,56774.756,58229.076,59701.567,61180.79,62675.037,64186.718,65703.879,67224.778,68776.418,70331.922,71905.646,73497.124,75093.665,76691.987,78311.944,79934.971,81570.461,83213.98,84850.428,86508.392,88163.686,89819.497,91476.331,93145.645,94794.337,96455.896,98109.662,99756.798,101400.14,103038.686,104677.686,106319.64,107954.512,109581.08,111201.731,112827.068,114434.549,116007.134,117569.726,119142.582,120707.621,122234.603,123790.195,125295.579,126782.425,128249.047,129723.06,131184.961,132632.185,134037.204,135459.002,136867.726,138245.696,139594.002,140904.755,142195.354,143474.941,144730.108,145951.557,147147.615,148339.123,149486.497
Anguilla,AI,AIA,Cement production,kt cement,,,,,,,,,,,,,,,,,,,,,,,,,,,,,,,,,,,,,,,,0.0,0.0,0.0,0.0,0.0,0.0,0.0,0.0,0.0,0.0,0.0,0.0,0.0,0.0,0.0,0.0,0.0,0.0,0.0,0.0,0.0,0.0,0.0,0.0,0.0,0.0,0.0,0.0,0.0,0.0,0.0,0.0,0.0,0.0,0.0,3.910763671512814,3.9150411771752,3.908611942589931,3.897220422434831,3.886415140761396,3.879897905706586,3.859554938419489,3.839417865217773,3.823629089702783,3.80514868021353,3.79343769848447,3.744801147483842,3.696095713851066,3.646876508741594,3.602001741167124,3.557375833619728,3.513638910528543,3.474325045536618,3.439354346443015,3.401598170786937,3.365220565074594,3.323717275597843,3.285805956532859,3.241633525852408,3.207553470131146,3.174376017164898,3.15697263987781,3.138481551510278,3.119772920926658,3.100629205910861,3.083008286407684,3.063864571391887,3.041675265350849,3.019485959309812,3.00099487094228,2.977282769388623,2.95596363221194,2.933121699522636,2.911367477913776,2.884174700902701,2.860462599349043,2.837838208875828,2.811080516296931,2.78932629468807,2.766266819782678,2.740814380500312,2.718842616675363,2.696218226202148,2.673593835728933,2.651622071903984,2.627909970350327,2.604850495444934,2.582443647187808,2.558296461201973,2.536759781809201,2.512395053607278,2.489335578701886,2.466711188228672,2.441476291162394,2.41863435847309,2.395139799135521,2.370775070933597,2.347498053812117,2.32378595225846,2.299638766272624,2.276796833583321,2.252214563165308,2.226109497234676,2.204137733409727,2.180208089639981,2.157148614734589,2.13365405539702,2.10885424276292,2.084054430128818,2.059689701926895,2.038153022534123
Anguilla,AI,AIA,Population,,5.114,5.307,5.431,5.575,5.713,5.769,5.792,5.8,5.789,5.765,5.798,5.847,5.903,5.944,5.995,6.04,6.103,6.157,6.209,6.267,6.33,6.38,6.426,6.468,6.489,6.509,6.532,6.553,6.569,6.584,6.592,6.616,6.639,6.655,6.829,7.08,7.358,7.633,7.932,8.248,8.55,8.855,9.109,9.347,9.587,9.841,10.114,10.393,10.68,11.002,11.351,11.592,11.781,11.968,12.167,12.366,12.573,12.779,13.0,13.227,13.462,13.677,13.081,13.423,14.034,14.385,14.256,14.594,14.848,14.799,14.887,14.062,14.297,14.523,14.674,14.782,14.852,14.896,14.933,14.962,14.993,15.014,15.042,15.05,15.075,15.09,15.088,15.068,15.051,15.021,15.006,14.995,14.989,14.958,14.921,14.864,14.81,14.716,14.657,14.592,14.512,14.427,14.341,14.253,14.172,14.084,13.982,13.88,13.795,13.686,13.588,13.483,13.383,13.258,13.149,13.045,12.922,12.822,12.716,12.599,12.498,12.394,12.29,12.189,12.08,11.974,11.871,11.76,11.661,11.549,11.443,11.339,11.223,11.118,11.01,10.898,10.791,10.682,10.571,10.466,10.353,10.233,10.132,10.022,9.916,9.808,9.694,9.58,9.468,9.369
Antigua and Barbuda,AG,ATG,Cement production,kt cement,,,,,,,0.0,0.0,0.0,0.0,0.0,0.0,0.0,0.0,0.0,0.0,0.0,0.0,0.0,0.0,0.0,0.0,0.0,0.0,0.0,0.0,0.0,0.0,0.0,0.0,0.0,0.0,0.0,0.0,0.0,0.0,0.0,0.0,0.0,0.0,0.0,0.0,0.0,0.0,0.0,0.0,0.0,0.0,0.0,0.0,0.0,0.0,0.0,0.0,0.0,0.0,0.0,0.0,0.0,0.0,0.0,0.0,0.0,0.0,0.0,0.0,0.0,0.0,0.0,0.0,0.0,0.0,0.0,0.0,25.55486114826632,25.89300330613246,26.21613165710786,26.53813278777454,26.87237213967539,27.23237101128386,27.52357822623633,27.80958227834207,28.09419557715288,28.37157028507687,28.65112124471648,28.66632930286249,28.68135901892384,28.69647726883283,28.7167226908035,28.73639649973833,28.7374310886811,28.73904872285071,28.74358637030517,28.74668288292382,28.75188900768861,28.75361238252342,28.75772495002617,28.76224195695763,28.76686179264119,28.76924414194859,28.94845230804289,29.11276845741422,29.26261623550246,29.39773308811719,29.51867479594036,29.65377225672601,29.78534803910877,29.89695003756735,29.99589915794961,30.09091270683133,30.19179183844096,30.27901201216236,30.35805198104338,30.41895304493678,30.4736561688179,30.52293996490996,30.56614185750179,30.58903270861547,30.60494215945464,30.60863086351006,30.61428370791404,30.60234848221238,30.58017984807796,30.55404903262785,30.51606790759262,30.48168819629374,30.4315544744807,30.36718579362254,30.29648004194379,30.21274003807651,30.12998060021165,30.04395542108311,29.94936916846274,29.84496253109397,29.73655067994671,29.63075984497794,29.50664576200019,29.37859904013424,29.25323430210889,29.12230619332873,28.98704671005615,28.84492313107343,28.70020371865672,28.56003151642125,28.41469976637965,28.26619123759936,28.11536346514772,27.96239124779284,27.81813886582013,27.66752806338397
Antigua and Barbuda,AG,ATG,Population,,45.939,46.901,47.893,48.872,49.87,50.878,51.886,52.923,53.991,55.06,56.146,56.934,57.737,58.539,59.502,60.438,61.361,62.314,63.304,64.334,64.721,64.737,64.493,64.191,63.926,63.752,63.772,63.953,64.124,64.424,64.601,64.728,64.842,65.026,64.739,64.443,64.11,63.782,63.463,63.188,62.945,63.829,64.98,66.194,67.491,68.886,70.337,71.769,73.056,74.277,75.547,76.591,77.473,78.295,79.144,80.077,81.131,82.277,83.547,84.799,85.842,86.822,87.698,88.431,89.099,89.719,90.219,90.717,91.135,91.592,92.1,92.598,93.082,93.549,93.994,94.423,94.828,95.191,95.546,95.863,96.137,96.371,96.596,96.768,96.943,97.072,97.146,97.173,97.19,97.163,97.104,97.004,96.881,96.714,96.529,96.31,96.072,95.813,95.535,95.225,94.885,94.535,94.162,93.764,93.343,92.917,92.522,92.082,91.629,91.199,90.74,90.267,89.801,89.3,88.811,88.292,87.786,87.237,86.695,86.139,85.591,85.01,84.422,83.848,83.259,82.693,82.098,81.479,80.862,80.224,79.602,78.99,78.37,77.74,77.118,76.519,75.882,75.251,74.645,74.038,73.432,72.82,72.214,71.634,71.051,70.472,69.897,69.326,68.789,68.243
Argentina,AR,ARG,Cement production,kt cement,1558.741998,1551.389442,1654.325234,1705.623112,1867.549375,2066.068403,2367.523224,2470.459016,2367.523224,2639.567818,2904.259855,2926.317525,2536.632025,2911.420833,3301.297911,3485.111826,3551.682249,4176.252146,4345.360948,4742.399004,5529.122559,5448.244437,5183.5524,5389.423984,5462.94955,5713.146424,5999.467908,6315.846115,6668.768832,7131.979897,6646.711162,5624.905232,5624.705795,5220.494896,4631.941809,5551.180229,6301.141002,6051.336754,4470.35441,3611.6,4339.1,5050.6,5647.2,6306.0,5477.1,5117.3,6768.7,7091.8,7186.6,6121.3,5545.1,3910.8,5217.4,6254.064,7594.507,8929.376,9602.25,9703.265,9384.901,10423.089,11592.31,10716.255,11891.837,11408.393,12192.563,10898.581,11960.151,11841.499,11081.73,9870.954,12116.862,13029.449,12569.698,9593.28,9418.12010287183,9801.118861033334,10102.80608285123,10349.33288011542,10516.638223624,10697.74586713873,10825.33427106474,10953.1295447282,11081.06231133581,11209.16869202272,11338.1445384644,11378.10289900378,11419.80625556412,11463.07904877963,11507.74579355369,11553.57582045027,11604.70731537311,11656.15432854572,11707.80878894942,11761.6223810162,11817.31697902939,11884.69820224224,11953.3946564377,12022.7138735338,12092.32712926145,12162.34424687386,12316.22498996538,12463.34698214832,12603.77663479869,12737.51526600438,12864.74249573869,12997.27905453274,13122.47170662909,13240.545890243,13351.68382330219,13456.24010758654,13564.0679407723,13664.92362982819,13759.07401143334,13846.77543380421,13928.23386879977,14010.03079337413,14085.54888620402,14154.89802839035,14218.05231364567,14276.2771301544,14333.28843479755,14385.46694148962,14433.07082546387,14475.94188602747,14514.00852207792,14549.84059443,14580.88583091702,14607.38563739701,14628.99857563893,14646.00511946568,14660.27617788325,14669.87889701747,14674.80083853843,14675.21710812352,14671.35611246119,14664.80004187999,14654.19330224307,14639.70702904946,14621.42353247172,14599.38942421903,14574.73728845331,14546.73619772019,14515.52402622353,14481.36413416617,14444.57411795965,14405.55336518568,14364.08841829761,14320.38795263058,14274.57064259406,14226.72499252867
Argentina,AR,ARG,Population,,17186.391,17526.543,17871.212,18211.391,18551.034,18881.023,19218.906,19547.163,19881.344,20217.875,20554.215,20898.337,21246.74,21596.67,21942.237,22283.022,22624.763,22973.355,23327.811,23689.611,24067.043,24447.373,24841.283,25250.727,25671.974,26076.241,26488.325,26915.285,27349.03,27788.76,28234.433,28693.485,29155.038,29627.626,30098.56,30574.321,31049.639,31533.884,32027.18,32514.716,32997.086,33463.502,33923.553,34381.88,34845.103,35294.937,35732.648,36162.935,36582.785,37006.579,37421.389,37828.262,38230.436,38618.128,39013.703,39419.876,39824.354,40209.172,40639.124,41070.538,41506.849,41954.472,42368.971,42795.94,43252.203,43701.821,44098.806,44478.982,44830.781,45116.15,45267.779,45356.784,45459.024,45617.778,45774.54,45928.215,46079.253,46227.431,46372.462,46515.067,46654.977,46792.494,46927.26,47059.773,47189.298,47314.69,47436.04,47552.984,47664.591,47769.055,47866.234,47954.762,48034.251,48104.871,48166.187,48217.495,48257.861,48287.123,48304.93,48311.619,48306.268,48287.927,48256.811,48212.663,48156.563,48087.895,48006.821,47914.399,47811.328,47699.324,47578.053,47448.9,47312.595,47169.78,47020.805,46866.019,46706.128,46540.831,46369.229,46191.796,46009.153,45820.613,45627.039,45427.367,45221.002,45009.243,44791.012,44567.123,44335.881,44098.307,43854.148,43603.559,43346.317,43082.972,42814.27,42539.997,42261.325,41978.71,41692.263,41401.967,41108.106,40811.761,40513.22,40213.219,39912.667,39611.05,39309.197,39007.602,38706.442,38405.794
Armenia,AM,ARM,Cement production,kt cement,48.770996,55.55599,62.967955,75.017204,88.930327,98.453863,114.592068,132.261629,154.216566,181.234768,202.754211,228.820316,243.874322,259.879293,290.098789,320.986548,340.550143,352.087738,361.758508,384.206755,406.607501,424.680563,447.92759,473.215452,503.939429,509.065226,516.625425,512.231433,492.507309,496.716073,504.969525,490.976237,508.563455,516.280096,518.422075,534.62551,542.417978,549.41571,551.810189,537.065607,505.768314,400.0,200.0,100.0,228.0,282.0,297.0,300.0,287.0,219.0,300.0,355.0,384.0,501.0,605.0,625.0,722.0,770.0,467.0,488.0,422.0,438.0,431.0,422.0,417.0,267.0,356.0,546.0,591.0,715.0,744.0,1004.0,1004.0,1004.0,1090.403147235163,1110.349792063459,1127.613213374409,1144.425819398957,1160.296886795506,1173.879955131649,1184.99932120804,1195.034997564537,1203.994662723113,1212.127720294458,1219.658575076396,1220.801022487032,1221.619135326376,1222.083046917616,1222.171289297142,1221.603188311392,1219.06135704663,1216.45193527917,1213.514922131065,1210.564472406451,1207.581849181162,1203.254927250865,1198.852312008427,1194.460046992474,1190.138554848307,1185.929053181919,1183.828991857509,1181.43310733189,1178.787818216724,1176.386743001613,1173.442006710816,1170.662660159746,1167.61255564418,1164.238367362503,1160.875045922004,1157.163177311206,1153.561816608914,1149.739633377533,1145.862551726236,1141.612397459259,1137.13745257387,1132.277733163925,1127.224301174508,1121.952825622297,1116.414082311206,1110.756638828267,1104.593011759848,1098.299428207442,1091.828635286699,1085.211408986242,1078.590697524799,1071.850900523222,1065.273613581437,1058.620862256747,1051.930371838031,1045.345679123258,1038.78280149782,1032.254357153555,1025.804154642788,1019.585311296322,1013.438359645701,1007.487467579565,1001.557972013003,995.8435666783384,990.2721981763076,984.8057506575794,979.5025746983167,974.2479233064412,969.0878598929372,963.9064846233854,958.7339654806514,953.7309744540275,948.7155054994025,943.6303102290499,938.4950559213372,933.3326141204468
Armenia,AM,ARM,Population,,1399.497,1435.07,1473.143,1514.012,1557.945,1605.071,1656.566,1711.702,1770.066,1831.951,1895.459,1959.509,2023.869,2088.177,2152.094,2215.175,2277.142,2337.841,2396.797,2451.263,2500.002,2550.689,2603.468,2658.253,2714.637,2772.683,2863.647,2962.008,3063.605,3093.398,3121.432,3149.265,3177.023,3206.055,3243.039,3277.825,3311.87,3345.17,3365.08,3521.12,3583.135,3644.818,3498.905,3407.76,3321.46,3293.703,3263.768,3228.81,3187.992,3146.58,3104.677,3064.022,3047.238,3030.699,3014.383,2998.319,2982.435,2967.203,2952.777,2938.256,2923.9,2922.641,2922.414,2922.622,2922.222,2920.133,2917.452,2912.475,2907.454,2900.489,2881.296,2859.401,2902.348,2984.438,2963.243,2941.486,2920.344,2900.647,2880.986,2861.04,2841.543,2822.121,2803.453,2784.613,2766.122,2747.328,2729.002,2710.853,2693.087,2674.555,2656.491,2638.932,2621.299,2604.107,2587.544,2570.896,2554.128,2537.265,2520.401,2503.559,2486.855,2469.85,2452.663,2436.597,2419.535,2403.007,2386.212,2369.008,2352.246,2334.997,2317.775,2300.419,2283.329,2265.71,2247.923,2229.823,2211.629,2193.302,2174.718,2156.218,2137.71,2119.177,2100.505,2081.76,2063.259,2044.99,2027.296,2009.636,1992.088,1974.96,1958.063,1941.412,1925.094,1909.429,1894.064,1879.072,1864.27,1850.06,1836.28,1822.842,1809.63,1796.645,1783.976,1771.378,1758.909,1746.712,1734.603,1722.462,1710.326,1698.238
Aruba,AW,ABW,Cement production,kt cement,0.0,0.0,0.0,0.0,0.0,0.0,0.0,0.0,0.0,0.0,0.0,0.0,0.0,0.0,0.0,0.0,0.0,0.0,0.0,0.0,0.0,0.0,0.0,0.0,0.0,0.0,0.0,0.0,0.0,0.0,0.0,0.0,0.0,0.0,0.0,0.0,0.0,0.0,0.0,0.0,0.0,0.0,0.0,0.0,0.0,0.0,0.0,0.0,0.0,0.0,0.0,0.0,0.0,0.0,0.0,0.0,0.0,0.0,0.0,0.0,0.0,0.0,0.0,0.0,0.0,0.0,0.0,0.0,0.0,0.0,0.0,0.0,0.0,0.0,29.18130350067751,29.26942572325961,29.34221053705568,29.42303389250472,29.51108184449724,29.60039972893577,29.63631726179307,29.67732297020695,29.73066092837163,29.78756283277533,29.85224237581069,29.6565882593913,29.47527562027478,29.30898637140048,29.1573005169502,29.01983707207557,28.86541994009179,28.72826483432773,28.60464189260585,28.49228926470706,28.38558178904367,28.28650006137193,28.19412383801514,28.11327572029859,28.03903006959276,27.96865909532521,28.08642704427261,28.1863955975601,28.27779456098978,28.35734465482347,28.42910354644141,28.53224718593258,28.62406133761547,28.702759373723,28.77499953608003,28.83514371989262,28.90714893752252,28.97570195221476,29.0380806298139,29.09199840252973,29.14937341734371,29.20827841515592,29.26127853737888,29.31430227130168,29.35838870678107,29.39665408513294,29.44194033649354,29.48273857698038,29.51953309500193,29.55134198821386,29.57711787821406,29.6006995422721,29.62424635639404,29.63915038187439,29.64985213559709,29.65418068850767,29.65740993950826,29.65396709665641,29.64529323428499,29.62717027542082,29.60179313992594,29.57699746402633,29.54663548125675,29.50940221981634,29.46592967558312,29.41514397289602,29.36175343680215,29.30196537334036,29.23937305387981,29.16877799815585,29.09856717824473,29.01599587185596,28.93525227873348,28.84890759366905,28.7634828353079,28.67512571078854
Aruba,AW,ABW,Population,,43.282,44.434,45.624,46.867,48.121,49.415,50.712,52.018,53.318,54.645,55.199,55.958,56.682,57.321,57.917,58.463,58.926,59.055,59.084,59.02,58.881,58.68,59.111,59.76,60.484,61.141,61.401,61.621,61.817,61.975,62.103,62.429,62.875,63.318,63.621,63.702,63.541,63.275,63.132,63.648,65.218,67.868,69.879,72.264,74.652,77.184,79.78,82.433,85.121,87.822,89.701,90.909,91.848,92.772,93.653,94.807,95.978,97.196,98.413,99.638,100.589,101.373,102.154,102.961,103.784,104.585,105.368,106.093,106.771,107.381,107.42,107.696,107.868,108.009,108.122,108.173,108.155,108.127,108.045,107.937,107.79,107.576,107.371,107.108,106.816,106.539,106.211,105.854,105.478,105.091,104.686,104.284,103.868,103.433,102.951,102.452,101.916,101.391,100.852,100.284,99.72,99.108,98.504,97.887,97.279,96.728,96.173,95.603,95.051,94.486,93.928,93.391,92.86,92.323,91.834,91.344,90.858,90.401,89.932,89.464,89.023,88.588,88.16,87.734,87.305,86.867,86.45,86.019,85.591,85.157,84.721,84.278,83.833,83.37,82.897,82.431,81.961,81.482,80.996,80.499,80.002,79.497,78.996,78.481,77.98,77.451,76.94,76.422,75.918,75.415
Australia,AU,AUS,Cement production,kt cement,1235.229508,1360.22297,1595.603136,1911.664715,1992.542837,2139.593969,2323.407884,2455.753903,2617.510148,2793.971506,2860.260297,2933.670081,3117.483996,3624.688436,3801.27176,3676.278298,3823.329429,3926.265222,4308.598165,4507.005234,4683.578551,4933.680354,5249.725409,5205.610069,5014.443598,5058.558937,5021.894219,4992.385928,5242.372852,5389.334457,6007.038738,5742.346701,4837.98224,5462.94955,5889.397833,5926.160616,5867.424174,6396.724238,6896.698086,7070.0,6108.0,5412.0,5500.0,6500.0,6500.0,6250.0,6450.0,6850.0,7450.0,7500.0,7500.0,7550.0,8000.0,8000.0,8475.0,9000.0,9200.0,9400.0,9200.0,8300.0,8600.0,8500.0,8400.0,9000.0,9500.0,9600.0,9700.0,10200.0,9900.0,9600.0,9800.0,10000.0,10000.0,10000.0,10151.60202417003,10207.88296975255,10263.83534966204,10320.38107263597,10376.91275274023,10433.35456862967,10480.1616332096,10527.92580628053,10576.44048639083,10625.75863572071,10675.81585852855,10698.43887631688,10722.59056492269,10747.66580509565,10774.0797329797,10801.31256926552,10819.96405844564,10840.68475219504,10863.23710981103,10887.27360455856,10912.73266380225,10929.45559004709,10948.72080288457,10969.36048535373,10992.20336431217,11015.97519452088,11131.42289101314,11245.63552713414,11357.85316062138,11469.44676222736,11581.16577524777,11694.79866543706,11806.33454161854,11917.34287208007,12029.55471654037,12138.23369999916,12248.14157499077,12358.47459444072,12468.38251016024,12578.38908244605,12684.91157412933,12792.84092973495,12902.55335914913,13012.12187574755,13121.57866508998,13230.16625512718,13336.19257224911,13439.94713945955,13543.58781355758,13647.58459173933,13752.192639198,13854.53157544431,13956.09841406635,14058.97664454298,14161.11474536017,14262.65864913496,14361.83854234988,14463.57048395608,14563.06262959413,14664.43379147101,14762.18499558429,14858.2699678667,14956.22017006228,15056.10929885679,15159.45921963062,15260.45262662151,15361.70898763952,15463.25153807132,15563.51112460691,15662.9748709413,15758.61148444787,15854.12664442471,15952.09642262861,16051.56509739671,16146.97188641094,16240.59407550934
Australia,AU,AUS,Population,,8304.6,8532.62,8728.789,8903.373,9095.393,9314.969,9534.354,9743.196,9952.077,10167.995,10393.631,10607.255,10807.217,11019.313,11237.188,11477.766,11707.204,11913.834,12146.192,12398.569,12800.253,13195.675,13414.117,13623.253,13815.736,13972.242,14121.268,14285.749,14448.447,14617.623,14825.071,15073.333,15311.637,15518.149,15723.157,15948.338,16190.928,16453.609,16734.589,17004.135,17248.461,17457.924,17640.653,17805.169,17989.698,18200.991,18409.624,18600.201,18803.233,19016.729,19248.213,19482.653,19708.057,19930.852,20162.502,20426.478,20754.641,21154.456,21586.721,21979.301,22303.86,22655.69,23049.598,23422.943,23768.258,24127.746,24532.18,24929.897,25309.514,25655.914,25831.668,26081.167,26320.802,26581.446,26844.964,27103.088,27351.104,27597.438,27840.238,28072.905,28304.174,28531.414,28752.429,28970.774,29187.209,29405.127,29622.099,29831.175,30044.909,30251.945,30462.956,30677.588,30895.079,31109.348,31322.839,31539.406,31761.57,31970.869,32192.373,32401.987,32611.952,32820.222,33023.594,33227.552,33434.945,33643.673,33847.012,34051.096,34262.535,34462.733,34662.633,34866.752,35071.672,35279.259,35475.901,35678.977,35890.727,36103.806,36318.24,36531.164,36739.081,36940.264,37142.551,37347.566,37556.139,37763.031,37968.296,38179.305,38388.709,38597.005,38804.682,39022.083,39232.369,39449.919,39655.558,39863.078,40077.588,40299.278,40533.321,40759.661,40993.747,41229.092,41460.325,41689.12,41905.168,42127.78,42358.925,42595.326,42818.144,43035.124
Austria,AT,AUT,Cement production,kt cement,1478.09661,1389.633196,1396.985753,1624.915008,1860.196819,1933.97355,2132.241413,2154.299082,2418.99112,2830.734289,3080.721213,3058.994389,3308.650468,3772.216733,4043.906127,4500.184978,4543.879976,4551.626647,4558.959142,4808.919881,5491.973643,6345.256342,6257.025662,6433.487021,5632.058352,5882.414542,5632.058352,5882.420526,5610.000682,5455.214547,5286.488192,5014.443598,4904.155249,4896.47354,4558.585089,4565.937646,4521.822306,4764.456674,4749.42974,4900.0,5016.0,5031.0,4941.0,4828.0,3843.0,3874.0,3852.0,3850.0,3817.0,3776.0,3802.0,3918.0,3886.0,4355.7,4559.7,4852.2,5202.5,5309.0,4646.0,4254.0,4427.0,4455.0,4385.0,4400.0,4700.0,4800.0,5058.0,5421.0,5264.0,5404.0,5624.0,5600.0,5600.0,5600.0,5304.992095181071,5276.249330513157,5250.079189378517,5227.799252575548,5208.768337196776,5182.37142229581,5154.656724121195,5127.732104492819,5100.800736891776,5075.341169420254,5049.233251789462,5001.019076818721,4954.031751542943,4906.578825125336,4862.262940649252,4818.104179292808,4773.452339906619,4730.101303069056,4687.337218975646,4646.007792404862,4604.540996557079,4564.090171997976,4523.869541679755,4484.000872959419,4444.309954274165,4404.844444712723,4389.309371994025,4373.757934437212,4357.112581772381,4339.075171818508,4320.808125202682,4302.355551005614,4283.731107486667,4263.786298499313,4244.21446297857,4224.650895709431,4205.499583529298,4186.750964541228,4167.755160893484,4149.09235552718,4131.674058630562,4113.599552491327,4095.939142164134,4079.147393791492,4062.855301632245,4046.591089904876,4031.351785916646,4016.521946245628,4001.218049109512,3986.726999630633,3971.913477501669,3958.055985833869,3944.038687403979,3928.896543677489,3914.283116820803,3900.329471480901,3887.224471638539,3873.805623748036,3860.220559156879,3846.719130761327,3832.967002665306,3820.016264218375,3807.871155966757,3796.352583250905,3784.328567186142,3772.497794445932,3761.798258340963,3751.488627307605,3742.092998415175,3732.79642247417,3724.139298139006,3715.037565867226,3706.227310379544,3697.22055588106,3689.013743097197,3680.941535702715
Austria,AT,AUT,Population,,6935.09,6925.877,6928.627,6935.536,6944.247,6949.063,6955.465,6976.204,6998.472,7030.057,7064.491,7107.624,7151.534,7199.453,7247.336,7293.494,7349.543,7403.035,7426.212,7454.391,7478.247,7521.022,7565.496,7604.715,7591.218,7564.442,7564.472,7570.199,7552.21,7544.472,7552.34,7582.772,7563.385,7558.941,7562.488,7566.13,7572.66,7575.971,7594.713,7646.1,7713.149,7801.131,7884.293,7930.698,7945.612,7955.031,7966.798,7972.809,7984.122,8003.663,8022.193,8062.272,8101.001,8144.203,8202.779,8255.63,8284.167,8309.737,8336.768,8353.363,8376.82,8409.72,8453.482,8509.331,8586.304,8701.773,8774.058,8823.497,8859.804,8901.948,8940.862,8993.251,9136.103,9124.755,9116.871,9110.277,9104.255,9098.731,9093.799,9085.728,9074.965,9063.212,9049.807,9037.164,9021.655,9006.761,8991.73,8973.661,8959.14,8942.441,8925.682,8909.437,8891.911,8874.445,8854.55,8834.91,8813.488,8790.317,8765.375,8738.136,8710.528,8682.843,8653.0,8620.421,8587.351,8553.918,8520.105,8483.689,8447.947,8412.174,8377.217,8342.994,8308.246,8274.099,8242.324,8209.22,8176.879,8146.186,8116.426,8086.683,8058.829,8031.739,8003.694,7977.2,7950.047,7924.569,7898.754,7870.72,7843.691,7817.924,7793.598,7768.64,7743.338,7718.18,7692.513,7668.218,7645.483,7623.959,7601.43,7579.251,7559.122,7539.736,7522.121,7504.682,7488.479,7471.269,7454.617,7437.566,7422.072,7406.83
Azerbaijan,AZ,AZE,Cement production,kt cement,98.445158,112.140796,127.101983,151.423616,179.507513,198.730945,231.306211,266.972547,311.288995,365.825736,409.263129,461.878045,492.264835,524.571166,585.569778,647.917291,687.406771,710.695619,730.216247,775.528451,820.744771,857.22558,904.150135,955.194153,1017.211071,1027.557586,1042.817987,1033.948633,994.135123,1002.630591,1019.290338,991.044627,1026.544751,1042.120934,1046.444559,1079.151492,1094.880734,1109.005784,1113.839084,1084.076874,1020.902708,800.0,600.0,467.0,196.0,223.0,315.0,201.0,177.0,200.0,523.0,848.0,1012.7,1427.5,1537.9,1622.0,1692.8,1595.0,1286.0,1279.0,1425.0,1966.0,2296.0,2941.0,2683.0,2310.0,2955.0,3445.0,3488.0,3237.0,3439.0,3561.0,3561.0,3561.0,3846.156001175612,3904.490290641119,3956.05334321823,4008.240818322268,4060.608632564421,4113.193788881672,4157.199277912199,4201.81965140242,4245.976341885869,4289.868813665507,4333.433747973439,4361.771269750987,4389.382502682654,4416.406952038696,4442.104492543747,4467.035388162168,4493.162427705205,4517.968661813688,4541.156670915,4563.303362213543,4583.802825500225,4607.116682180059,4629.026660327145,4650.548135225973,4671.413844979719,4691.433500020788,4723.737660854442,4754.417762601349,4783.71096843426,4811.365422290934,4837.816781112151,4865.809221604257,4892.239834948556,4917.145714715088,4941.175926621503,4963.781558271856,4987.385858324811,5009.754804431715,5031.398819677891,5051.836558108965,5071.116252755574,5090.408081779877,5108.724229510531,5125.576210273801,5141.319526904101,5155.998914508095,5170.036748338392,5182.9596318327,5194.790798347936,5205.379974487165,5215.250641164479,5224.556403632648,5233.228786182305,5240.776320351754,5247.69417886684,5253.444028355515,5259.352137066113,5264.598507006639,5269.311028390285,5273.751021063478,5277.493610255399,5281.582259620547,5285.367259040772,5288.486391146823,5291.252716813069,5293.375394828787,5295.327059451291,5296.86844368888,5297.740083420414,5297.862901933896,5297.264602650721,5296.084719411802,5294.480419287237,5291.970590732471,5288.57187080682,5284.475830473691
Azerbaijan,AZ,AZE,Population,,3158.563,3215.743,3278.259,3346.95,3422.472,3505.701,3597.071,3696.665,3804.732,3920.917,4044.496,4173.463,4305.351,4438.746,4568.562,4692.064,4811.737,4922.864,5030.102,5133.445,5234.206,5332.803,5429.032,5524.186,5620.264,5718.255,5863.826,6011.455,6138.7,6235.567,6333.848,6437.36,6545.509,6659.143,6753.42,6846.207,6936.487,7018.828,7143.984,7191.186,7270.968,7357.648,7453.912,7554.318,7663.468,7775.095,7886.869,7985.574,8066.034,8134.909,8214.662,8288.879,8363.388,8437.672,8542.076,8652.42,8770.34,8886.283,8998.994,9093.678,9200.023,9312.277,9440.084,9568.734,9693.542,9812.158,9924.698,10012.321,10067.248,10153.702,10209.758,10258.983,10331.625,10304.789,10368.366,10427.06,10482.65,10536.198,10588.992,10640.514,10690.246,10739.024,10786.83,10832.799,10877.222,10920.109,10960.582,10998.892,11033.82,11066.752,11095.919,11121.918,11144.772,11164.879,11181.363,11196.238,11207.141,11216.375,11222.553,11224.531,11225.315,11223.605,11220.17,11214.108,11206.839,11197.111,11185.495,11172.045,11158.744,11143.76,11127.38,11110.208,11093.679,11076.224,11057.905,11037.971,11017.814,10995.943,10973.311,10949.97,10924.424,10898.082,10870.939,10842.528,10814.196,10784.123,10754.362,10723.554,10692.927,10661.035,10628.692,10596.431,10564.502,10533.481,10502.246,10471.064,10440.654,10410.072,10380.158,10350.219,10320.006,10290.288,10260.393,10230.086,10199.385,10168.004,10136.857,10104.813,10071.88,10038.455
Bahamas,BS,BHS,Cement production,kt cement,0.0,0.0,0.0,0.0,0.0,0.0,0.0,0.0,0.0,0.0,0.0,0.0,0.0,0.0,0.0,0.0,683.787763,683.787763,816.133782,830.838895,830.838895,985.242584,955.832357,794.076112,382.332943,272.044594,73.525566,330.865047,448.505952,470.563622,29.410226,66.173009,22.05767,0.0,0.0,0.0,0.0,0.0,0.0,0.0,0.0,0.0,0.0,0.0,0.0,0.0,0.0,0.0,0.0,0.0,0.0,0.0,0.0,0.0,0.0,0.0,0.0,0.0,0.0,0.0,0.0,0.0,0.0,0.0,0.0,0.0,0.0,0.0,0.0,0.0,0.0,0.0,0.0,0.0,108.0794695453591,108.6913385912044,109.1945188748568,109.7332587527627,110.3260182512148,111.1143828412974,111.5322686761021,111.9949391439181,112.4904375762045,113.0327630689441,113.6170317861373,113.1266881432794,112.7046399877075,112.3660471817094,112.0970598227657,111.8800840824033,111.5759631674842,111.3384079898819,111.1647982477758,111.0423791074589,110.9650032872351,110.8879640229707,110.8648892938824,110.8690978959258,110.9219183155021,111.0093266259039,111.7753441830473,112.5174030081304,113.2350142443125,113.9364113143334,114.6019214462229,115.3008890551416,115.9687013948152,116.6280215696809,117.2599583853321,117.8519219041756,118.4660105558098,119.0657565362387,119.6368685402841,120.1850513426338,120.71186901371,121.2413144614897,121.7512641417641,122.2388489942438,122.696382958882,123.1463825371024,123.5990280135835,124.0163251015553,124.397747537325,124.7544258460853,125.1251722081826,125.4730399497683,125.8044534635215,126.1243246545799,126.432278838115,126.72727893048,127.005175872254,127.2815057519447,127.5249354972885,127.751704154694,127.9530772425715,128.1532635189242,128.3240430620695,128.4897522014394,128.6388869726281,128.7907525486456,128.9349294189876,129.070912058545,129.2099216491173,129.3441190072992,129.470655272069,129.5762309235025,129.7004304677909,129.8225718749476,129.930442528128,130.0341337514147
Bahamas,BS,BHS,Population,,83.92,85.251,87.076,89.398,92.25,95.594,99.416,103.659,108.338,113.496,119.138,125.256,131.729,138.445,144.611,151.292,158.456,166.078,174.099,181.863,188.1,193.614,198.496,203.086,207.598,212.173,216.83,221.484,226.037,230.422,234.631,238.598,242.63,246.767,250.96,255.348,259.725,264.144,268.752,273.605,278.284,283.178,288.676,294.003,299.015,303.907,308.629,313.178,317.558,321.67,326.0,329.672,333.556,337.679,341.885,345.903,350.847,355.822,360.419,365.201,369.754,373.704,377.235,380.671,383.925,386.768,389.343,391.627,393.808,395.541,396.184,396.562,398.515,400.366,402.2,403.865,405.392,406.847,408.272,409.622,410.911,412.165,413.278,414.405,415.462,416.493,417.376,418.301,419.199,419.965,420.727,421.418,422.062,422.603,423.04,423.485,423.861,424.032,424.203,424.277,424.253,424.169,424.022,423.87,423.576,423.305,422.94,422.63,422.249,421.719,421.197,420.696,420.127,419.524,418.895,418.217,417.529,416.813,416.026,415.289,414.563,413.739,412.816,411.852,411.04,410.144,409.226,408.308,407.387,406.457,405.474,404.535,403.493,402.424,401.288,400.207,399.04,397.896,396.723,395.605,394.508,393.415,392.373,391.347,390.324,389.254,388.295,387.359,386.395,385.444
Bahrain,BH,BHR,Cement production,kt cement,0.0,0.0,0.0,0.0,0.0,0.0,0.0,0.0,0.0,0.0,0.0,0.0,0.0,0.0,0.0,0.0,0.0,0.0,0.0,0.0,0.0,0.0,0.0,0.0,0.0,0.0,0.0,0.0,0.0,0.0,0.0,0.0,0.0,0.0,0.0,0.0,0.0,154.450252,154.403688,148.0,150.0,220.0,225.0,225.0,197.0,192.0,172.0,230.0,156.0,89.0,89.0,67.0,129.256,400.0,400.0,400.0,400.0,438.0,700.0,1200.0,1300.0,1350.0,1300.0,1300.0,1050.0,1390.0,1490.0,1173.0,670.0,610.0,708.0,800.0,800.0,800.0,822.0065506061976,839.6686432510689,855.9989021588835,870.4657802364544,884.580339326467,897.8622802698425,911.5277845856893,925.0481035188465,938.4253328149016,951.7633878993477,965.0218963947641,972.4383640133623,979.7007866232954,986.9782057573361,994.2110741867715,1001.297636920084,1007.484551907122,1013.741395227123,1019.994687418484,1026.312908566577,1032.60179196691,1038.129713929152,1043.721741241879,1049.240891474298,1054.797861686034,1060.375747013504,1070.547045895004,1080.675920613388,1090.788638157026,1100.884909147965,1110.952112149897,1121.114565011417,1131.259283244497,1141.411598802824,1151.597433075888,1161.794544900787,1172.020137592824,1182.279577404032,1192.574454698993,1202.900973099068,1213.246783852158,1223.344439768804,1233.476518792865,1243.634752329218,1253.78929739124,1263.935786333171,1273.859121454112,1283.804272914119,1293.720035481001,1303.634294804898,1313.538526295681,1323.241186638212,1332.918036346206,1342.596092904508,1352.272657165758,1361.946379879794,1371.526683510407,1381.125914403343,1390.744973785739,1400.37574976238,1410.006074775226,1419.651030929066,1429.29012506753,1438.949943672086,1448.65707007042,1458.366892219471,1468.14029352168,1477.956946700577,1487.784409790107,1497.630341059568,1507.503298850371,1517.350037027016,1527.216094963234,1537.109124829722,1547.018310990746,1556.923385594853
Bahrain,BH,BHR,Population,,118.955,122.545,126.352,130.394,134.728,139.412,144.426,149.867,155.752,162.089,168.866,175.827,182.871,190.131,197.501,204.231,210.855,217.522,221.151,223.786,225.831,235.636,248.589,262.051,276.026,290.46,305.266,320.38,335.712,351.203,366.754,380.294,393.671,407.743,422.566,438.149,454.422,471.287,488.571,506.084,523.509,540.228,555.269,570.35,585.554,600.89,616.296,631.714,647.042,662.185,676.976,722.935,781.46,841.092,901.792,963.416,1025.82,1088.99,1152.437,1214.774,1211.714,1201.742,1230.864,1283.542,1342.154,1397.146,1462.062,1501.928,1493.323,1478.018,1488.136,1515.391,1551.527,1587.804,1626.293,1660.37,1690.774,1715.571,1737.441,1756.268,1774.15,1792.174,1810.357,1828.694,1847.202,1865.873,1884.684,1903.593,1922.613,1941.67,1960.795,1979.941,1999.044,2018.081,2037.054,2055.89,2074.628,2093.245,2111.779,2130.243,2148.686,2167.064,2185.436,2203.8,2222.126,2240.458,2258.782,2277.154,2295.631,2314.161,2332.741,2351.423,2370.209,2389.089,2408.034,2427.013,2446.078,2465.21,2484.342,2503.464,2522.562,2541.711,2560.797,2579.882,2598.947,2617.945,2636.886,2655.83,2674.771,2693.706,2712.652,2731.64,2750.672,2769.73,2788.787,2807.898,2826.996,2846.14,2865.389,2884.644,2903.997,2923.446,2942.919,2962.433,2982.007,3001.612,3021.26,3040.968,3060.712,3080.447
Bangladesh,BD,BGD,Cement production,kt cement,4.513058,4.735647,5.191492,5.750539,5.724517,6.684141,9.27711,9.108893,8.164124,9.715262,10.383653,11.693887,12.423667,12.854715,14.133764,15.122416,16.720071,19.846838,22.523348,22.018677,23.304422,22.05767,29.410226,88.300152,169.108802,154.505404,308.807377,338.217603,323.51249,338.055311,345.57016,323.374591,308.807377,272.044594,242.547464,294.102264,308.807377,308.807377,316.159934,337.0,275.0,273.0,275.0,280.0,280.0,650.0,1013.0,1240.0,2085.0,3580.0,5005.0,5000.0,5000.0,5000.0,5100.0,5100.0,5100.0,10000.0,12000.0,13770.0,14690.0,15250.0,16780.0,17000.0,24000.0,25220.0,27240.0,31500.0,33800.0,31400.0,34200.0,32000.0,32000.0,32000.0,34762.89320045331,37750.78625527305,40744.88116209448,43548.4456702363,46310.80094670398,49190.31257926153,52222.67063889682,55155.19874077554,57995.51351897207,60754.65945034089,63440.55312054543,64507.82067693533,65540.85840445495,66543.44912717937,67513.12500597382,68449.73286586753,69300.06316355355,70135.60550835378,70957.51414396825,71767.94399460856,72568.39471753535,73311.83182174237,74055.34952752532,74795.91180591517,75530.27056144744,76258.25404736437,77431.45673219887,78561.82806970197,79647.51505357605,80692.78486815706,81695.97890241373,82708.33774741812,83683.40401480846,84627.69536677767,85536.13292105249,86407.21173248526,87280.35776867809,88117.68598496687,88916.80543247293,89680.11895513325,90405.45592653113,91099.5947294299,91759.61814785747,92385.79982729605,92977.2365702769,93535.85351456773,94065.00971707092,94564.67087775737,95034.21956832906,95472.2079008057,95884.58979132754,96248.40325253505,96582.29368536023,96887.5873271634,97173.32118514959,97425.87804882288,97632.02910402835,97812.15394449477,97976.57179352723,98117.24905787807,98238.42017008424,98320.18676971266,98375.14514847337,98411.3134847125,98424.6022105843,98416.42965882769,98373.545353838,98313.09839288249,98227.04998967092,98123.11074129326,97997.45347696682,97852.00789498205,97692.2796823007,97516.2225929697,97323.15484873398,97114.7946603718
Bangladesh,BD,BGD,Population,,41597.588,42447.019,43339.003,44243.78,45238.811,46296.557,47412.277,48597.061,49771.046,51112.478,52544.843,54075.852,55686.44,57322.364,59034.383,60770.655,62568.956,64452.901,66363.651,68224.614,69893.175,70660.342,72622.696,74821.892,76856.803,78851.898,80858.738,82875.789,84903.521,86966.622,89066.241,91539.968,94089.045,96581.264,99048.668,101458.982,103812.162,106106.42,108325.595,110542.003,112725.431,114848.787,117055.596,119209.125,121477.233,123723.507,126000.851,128395.288,130849.375,133366.754,135721.855,137889.766,139977.55,141963.153,143842.558,145589.014,147222.933,148755.623,150192.904,151554.524,152849.439,154332.712,155807.491,157256.79,158673.067,160093.291,161530.574,162841.719,164204.488,165621.622,166974.426,168343.283,170426.512,172507.468,174617.26,176756.539,178879.55,180980.8,183048.747,185080.492,187064.321,188986.076,190823.059,192611.311,194311.021,195949.723,197531.427,199044.964,200508.933,201908.614,203270.244,204607.915,205911.056,207179.91,208422.2,209636.988,210825.391,211978.949,213096.907,214180.172,215238.021,216263.09,217239.234,218177.824,219065.864,219929.05,220733.31,221501.342,222210.75,222854.044,223444.672,223980.02,224449.641,224860.799,225204.555,225499.44,225738.32,225921.108,226043.911,226112.428,226139.181,226120.598,226053.885,225933.813,225778.581,225575.352,225318.908,225013.178,224685.259,224293.581,223868.819,223397.645,222910.253,222382.717,221827.169,221232.824,220586.934,219912.421,219197.68,218446.757,217649.437,216825.522,215952.963,215053.023,214115.318,213160.23,212186.499,211188.544,210164.517,209120.273
Barbados,BB,BRB,Cement production,kt cement,0.0,0.0,0.0,0.0,0.0,0.0,0.0,0.0,0.0,0.0,0.0,0.0,0.0,0.0,0.0,0.0,0.0,0.0,0.0,0.0,0.0,0.0,0.0,0.0,0.0,0.0,0.0,0.0,0.0,0.0,0.0,0.0,0.0,147.775522,220.576698,198.519028,205.073633,183.813915,213.224141,200.0,200.0,175.0,62.0,78.0,75.0,107.0,173.0,259.0,253.0,268.0,250.0,298.0,325.106,322.27,340.696,337.801,294.184,301.0,256.0,229.0,223.0,176.0,160.0,160.0,160.0,160.0,240.0,240.0,240.0,180.0,240.0,240.0,240.0,240.0,222.3420324175121,219.8220087553191,217.4096418430122,215.1083708626316,212.8785479335742,210.9271241438737,208.0202613552082,205.255884445308,202.6101236362701,200.0622056331736,197.6724978270744,193.2690885142536,189.1486668595375,185.2912314434702,181.6353480959385,178.2457046628123,174.6151072008383,171.2560199401514,168.0660002597338,165.0599083731156,162.2632097104317,159.4304143264011,156.7477321944946,154.2108920293672,151.8560405825797,149.6421151652216,148.3386398687863,147.0568406692661,145.8297643366827,144.6419235475347,143.4946036909285,142.3179521472524,141.1825929041774,140.0953019719694,139.0311333155991,137.9760904399853,136.9000209919447,135.8613217086681,134.833179377091,133.8233716090935,132.8448930105137,131.8682036236035,130.913889437174,129.9558958663656,129.0081331829739,128.0940636822422,127.1572690861505,126.2802556417312,125.3900552771841,124.5125042433558,123.6121012932917,122.7379150345734,121.8386617013495,120.9506649327649,120.0772028726604,119.1987235589583,118.3166505972397,117.440072870875,116.5622551844156,115.6902775597259,114.8135731216082,113.9357153234398,113.0575127386346,112.1904151879273,111.3419910810096,110.4792411609273,109.6144145235437,108.7385681769433,107.8680552065233,107.0126187688396,106.1590711629704,105.3159417068317,104.484958596713,103.6595099947623,102.840071933588,102.0244083075002
Barbados,BB,BRB,Population,,211.75,215.045,217.967,220.497,222.609,223.97,225.052,226.536,227.981,229.58,232.205,234.091,236.357,238.757,241.159,243.674,246.318,247.865,249.214,249.673,249.101,249.235,250.081,250.564,250.99,251.361,251.524,251.728,251.374,251.164,251.883,252.658,253.532,254.452,255.388,256.251,256.986,257.573,257.953,258.265,258.898,259.847,260.686,261.368,261.873,262.206,262.361,262.422,262.45,262.585,261.541,263.31,264.986,266.566,268.03,269.382,270.621,271.956,273.473,274.772,275.715,276.563,277.312,278.018,278.678,279.302,279.893,280.449,280.972,281.443,281.953,282.34,282.296,282.376,282.559,282.688,282.761,282.812,282.773,282.616,282.365,282.044,281.644,281.156,280.647,280.038,279.347,278.587,277.715,276.841,275.851,274.85,273.734,272.552,271.37,270.177,268.895,267.552,266.229,264.882,263.549,262.185,260.848,259.519,258.205,256.848,255.508,254.201,252.89,251.555,250.185,248.839,247.475,246.109,244.766,243.416,242.076,240.703,239.323,237.979,236.586,235.277,233.925,232.577,231.171,229.803,228.374,226.95,225.538,224.11,222.675,221.244,219.805,218.371,216.923,215.472,214.015,212.573,211.16,209.716,208.267,206.793,205.324,203.878,202.431,201.001,199.589,198.183,196.784,195.388
Belarus,BY,BLR,Cement production,kt cement,282.679283,322.005474,364.965613,434.803705,515.444906,570.643821,664.181716,766.595431,893.847418,1050.446351,1175.174185,1326.254715,1413.508536,1506.274201,1681.428004,1860.455096,1973.846735,2040.719245,2096.771544,2226.88278,2356.718693,2461.471118,2596.212124,2742.781918,2920.859724,2950.569115,2994.388429,2968.920617,2854.598544,2878.992765,2926.830215,2845.724372,2947.660821,2992.386883,3004.801907,3098.717878,3143.883438,3184.442662,3198.321189,3112.860812,2931.460037,2300.0,1900.0,1488.0,1235.0,1467.0,1876.0,2035.0,2100.0,1847.0,1803.0,2171.0,2472.1,2731.2,3130.9,3494.8,3820.5,4219.0,4350.0,4531.0,4604.0,4906.0,5057.0,5617.0,4638.0,4503.0,4490.0,4519.0,4728.0,4736.0,4985.0,5000.0,5000.0,5000.0,4208.831667478398,4199.040896958767,4182.176958343467,4165.706642641409,4149.552326466453,4131.712962636971,4114.739885515741,4098.072270970867,4081.539769270321,4065.399341635949,4050.140821009655,4021.401604120891,3993.359184927021,3966.248497566212,3940.026466129735,3914.462056883577,3890.417938366898,3867.030233178726,3844.564393195169,3823.011687839272,3801.718542113615,3780.842408780008,3759.863718109671,3739.395568044084,3718.931092646639,3699.143105191081,3670.781807360686,3641.703230029675,3611.669188581177,3580.846862284322,3549.342522101118,3517.337502473436,3484.839935601909,3451.94175652797,3418.846847027406,3385.398529575196,3352.001758134988,3318.634291495061,3285.132112112019,3251.539214663705,3217.976207338041,3184.559955137151,3151.264488711698,3118.207038900087,3085.536780942241,3053.058953580348,3020.91854754732,2988.922150176079,2957.397951159232,2926.064129692976,2895.143863892516,2864.575942711188,2834.333346927648,2804.293155844523,2774.723160306921,2745.459761241636,2716.554632066693,2688.121727627071,2660.092084942434,2632.510225127213,2605.318364880612,2578.529802310062,2552.158815529226,2526.098201204097,2500.399182961726,2474.857238960628,2449.533726700785,2424.401869317841,2399.317340110972,2374.185444657539,2349.168151158164,2324.144528750363,2299.209719188613,2274.184534338396,2249.112687659886,2223.888879400153
Belarus,BY,BLR,Population,,7155.107,7223.759,7305.455,7395.817,7501.961,7619.39,7746.373,7876.297,8011.881,8150.758,8265.238,8375.629,8473.332,8562.076,8643.601,8716.257,8789.683,8856.824,8925.832,8983.362,9046.431,9113.064,9176.203,9235.222,9296.135,9352.426,9407.746,9462.141,9509.469,9565.941,9640.4,9715.695,9780.87,9850.24,9913.148,9975.225,10033.351,10081.859,10133.415,10184.155,10188.366,10199.412,10235.711,10246.929,10213.445,10181.482,10146.573,10098.155,10063.002,10015.444,9967.182,9908.948,9837.951,9768.402,9701.78,9633.897,9582.175,9544.092,9514.624,9500.05,9481.453,9464.017,9462.136,9466.77,9478.645,9495.941,9502.186,9489.393,9470.669,9400.17,9301.718,9201.012,9145.462,9085.898,9027.494,8967.712,8906.324,8844.928,8782.793,8719.324,8655.941,8592.975,8529.609,8466.243,8403.429,8341.112,8279.34,8218.02,8156.536,8094.999,8033.933,7972.956,7913.064,7853.362,7793.481,7733.451,7673.192,7612.013,7549.232,7485.739,7421.353,7355.798,7288.566,7220.004,7150.329,7079.228,7007.467,6935.224,6862.909,6790.182,6717.39,6645.004,6572.666,6500.45,6428.588,6357.119,6286.18,6215.994,6146.849,6078.331,6010.64,5943.459,5877.442,5812.003,5747.583,5683.971,5621.185,5558.966,5497.845,5437.482,5377.884,5319.37,5261.792,5205.231,5149.563,5094.717,5040.815,4987.635,4935.273,4883.314,4831.813,4780.781,4729.925,4679.052,4628.481,4577.942,4527.649,4477.242,4426.805,4376.126
Belgium,BE,BEL,Cement production,kt cement,4396.828844,4110.079137,4624.758098,4374.771174,4690.744367,4661.520881,4705.814884,4058.61124,4440.944183,4389.653175,4757.104117,4786.335462,4705.473103,5845.282493,5904.102946,5793.612658,5815.872267,5742.346701,6271.544737,6727.589284,6933.460869,7088.06322,7043.56323,7470.400088,6881.992973,7506.960284,7764.074823,7573.133293,7705.479312,7477.752723,6690.826501,6323.395927,5720.289031,5705.583918,5536.475116,5756.846608,5691.08119,6447.956523,6720.466056,6930.0,7184.0,8073.0,7612.0,8412.0,8223.0,7857.0,8052.0,7000.0,7277.0,7150.0,7157.0,6980.0,6550.0,6715.0,7594.0,8192.136,9570.99,6710.0,5990.0,6095.0,6954.0,6280.0,6119.0,6364.0,6275.0,6255.0,7314.0,7546.0,7857.0,6500.0,7340.0,7300.0,7300.0,7300.0,6934.764991179813,6913.605754257534,6893.249470707248,6875.846217365265,6861.249122014441,6839.992179296292,6817.20332772307,6795.445255759133,6774.632420865575,6755.291380931736,6736.392816890578,6687.268115694199,6639.539414804866,6593.569999283006,6548.339261836381,6503.959628857036,6458.375745372401,6414.064832495115,6370.348955650335,6327.799563871787,6286.314862029613,6244.517582678934,6203.391203880027,6162.889013816812,6122.607329986836,6083.066312199638,6075.818575985832,6067.1654813856,6057.026396763687,6045.894257336841,6034.626660544213,6022.653666653301,6009.800289167267,5996.14958182124,5984.034204603625,5971.203154322627,5958.375166847041,5944.414713436502,5931.27823478855,5918.319532853275,5905.872070962057,5894.068597191256,5882.904778763926,5872.416265169503,5861.886524473983,5851.972908288535,5842.250625316252,5833.854348280914,5825.609715087279,5817.375114279833,5809.269481048877,5801.836776390936,5794.650150425464,5786.796026660886,5778.185960152038,5770.265619333591,5761.923779841933,5754.550108890393,5746.021299386955,5738.055200842105,5729.789241042305,5721.770386807284,5713.392478738281,5704.440948336938,5695.57775013907,5687.150139410969,5678.81928616187,5670.511472684458,5661.34166208111,5652.484952728916,5643.155883932378,5634.20877556275,5625.484505437897,5616.396293893894,5606.329737444561,5596.168534226544
Belgium,BE,BEL,Population,,8637.738,8673.778,8719.5,8764.214,8812.55,8858.436,8905.887,8957.833,9014.412,9077.067,9127.275,9189.147,9246.191,9304.202,9371.167,9428.548,9481.457,9530.382,9569.017,9609.358,9651.651,9681.411,9708.295,9727.775,9743.837,9753.115,9764.687,9783.341,9800.293,9822.438,9843.747,9857.591,9867.064,9871.2,9877.973,9882.702,9891.265,9907.028,9926.101,9947.045,9974.891,10023.031,10068.943,10100.918,10131.093,10143.437,10170.502,10192.426,10213.937,10239.426,10264.008,10310.001,10355.945,10396.575,10446.009,10511.762,10585.123,10665.862,10753.553,10872.318,11000.933,11076.33,11138.706,11181.846,11238.392,11312.277,11353.124,11400.037,11457.173,11524.063,11556.151,11585.536,11698.104,11727.682,11749.845,11767.361,11781.924,11795.355,11807.889,11819.429,11828.853,11837.152,11845.096,11853.399,11860.352,11866.817,11873.099,11879.958,11885.854,11890.38,11894.029,11897.886,11900.056,11901.251,11901.846,11900.122,11896.997,11892.116,11885.132,11876.181,11865.631,11852.374,11836.255,11818.208,11799.861,11780.385,11759.187,11736.424,11716.533,11695.234,11674.092,11650.743,11628.913,11607.373,11586.76,11567.28,11548.977,11531.921,11514.746,11498.708,11482.884,11469.559,11456.491,11443.41,11430.544,11418.783,11407.466,11394.845,11380.75,11367.949,11354.16,11342.203,11328.01,11314.873,11301.139,11287.715,11273.583,11258.331,11243.229,11228.944,11214.687,11200.458,11184.557,11169.241,11153.001,11137.3,11122.014,11106.015,11088.121,11070.031
Belize,BZ,BLZ,Cement production,kt cement,0.0,0.0,0.0,0.0,0.0,0.0,0.0,0.0,0.0,0.0,0.0,0.0,0.0,0.0,0.0,0.0,0.0,0.0,0.0,0.0,0.0,0.0,0.0,0.0,0.0,0.0,0.0,0.0,0.0,0.0,0.0,0.0,0.0,0.0,0.0,0.0,0.0,0.0,0.0,0.0,0.0,0.0,0.0,0.0,0.0,0.0,0.0,0.0,0.0,0.0,0.0,0.0,0.0,0.0,0.0,0.0,0.0,0.0,0.0,0.0,0.0,0.0,0.0,0.0,0.0,0.0,0.0,0.0,0.0,0.0,0.0,0.0,0.0,0.0,112.7341158045892,114.330652789224,115.76170501499,117.1566703358442,118.5367308149691,120.5482751356379,122.9748605763624,125.3530902282302,127.7086852702512,130.0459712698769,132.371232122234,134.0151843683579,135.5976261349172,137.1322128912963,138.607885210987,140.0259434563673,141.7221613385943,143.3441456394596,144.9014693652663,146.3980268504353,147.8450969511692,149.529864648615,151.1559137750055,152.7054661852201,154.2094426048245,155.6301789574451,158.2041790189398,160.6129891078158,162.9262610752291,165.1019163512466,167.1823779608384,169.4566929215697,171.5969123658933,173.6300942669537,175.5417034633883,177.3416069223782,179.2666544203286,181.04694669143,182.7384549435945,184.3081048505743,185.7612989645239,187.2724712834044,188.6517352546194,189.9183672525051,191.0133476939385,192.0183465851084,193.0530174121132,193.934371517311,194.7221897392412,195.3797281824544,195.9369187843476,196.4876112060182,196.9172554974608,197.1839687922165,197.3772745331107,197.4920392635625,197.5608919613324,197.5464250356409,197.4295895797522,197.2235239386114,196.959098068822,196.6663313735944,196.3119283028245,195.8361188424507,195.3372887943936,194.8093201774257,194.2351955355616,193.6050993289796,192.9441318284075,192.2357162548522,191.4741516939126,190.68596709677,189.8711164960164,189.0469018444663,188.1828822827673,187.2822301161416
Belize,BZ,BLZ,Population,,69.991,72.252,74.436,76.593,78.755,80.957,83.187,85.497,87.822,90.157,92.479,94.786,97.298,100.109,103.098,106.253,109.558,112.986,116.441,119.639,121.832,123.779,125.573,127.316,129.055,131.718,134.479,137.295,140.131,143.224,146.9,150.671,154.424,158.169,161.919,165.672,169.435,173.24,177.121,181.092,185.059,189.021,192.945,196.859,201.335,206.957,213.664,221.227,229.119,236.998,244.6,252.157,259.86,267.7,275.677,283.784,291.973,300.227,308.496,316.732,323.758,330.838,337.99,345.264,352.581,360.085,369.325,377.078,383.375,388.282,393.341,397.352,408.114,414.097,420.046,425.802,431.487,436.939,442.218,447.372,452.306,457.149,461.886,466.527,471.032,475.233,479.229,483.082,486.674,489.99,493.2,496.248,499.143,501.873,504.482,506.917,509.311,511.545,513.753,515.685,517.569,519.203,520.793,522.116,523.354,524.441,525.357,526.196,526.873,527.412,527.753,527.892,528.029,528.012,527.846,527.553,527.088,526.505,525.58,524.593,523.545,522.232,520.846,519.252,517.54,515.782,513.847,511.622,509.379,507.088,504.708,502.259,499.674,496.984,494.271,491.536,488.76,485.766,482.827,479.917,476.931,473.893,470.866,467.799,464.672,461.52,458.374,455.275,452.138,448.968
Benin,BJ,BEN,Cement production,kt cement,,,,,,,,0.0,0.0,0.0,0.0,0.0,0.0,0.0,0.0,0.0,0.0,0.0,0.0,0.0,0.0,0.0,0.0,0.0,0.0,0.0,0.0,0.0,0.0,286.749707,294.102264,316.159934,301.45482,301.45482,301.45482,301.45482,301.45482,198.519028,249.986924,300.0,320.0,370.0,506.0,465.0,579.0,360.0,200.0,200.0,200.0,250.0,250.0,250.0,250.0,250.0,250.0,1488.883,1550.0,1347.0,1315.0,1305.0,1460.0,1390.0,1422.0,1396.0,1382.0,1356.0,1373.0,2530.0,2600.0,2700.0,2900.0,3000.0,3000.0,3000.0,3605.124175763679,3755.26357668849,3913.555149274099,4058.950994317766,4204.232593653699,4339.782702709582,4465.284227208515,4579.210652701746,4684.34588417961,4782.881870772257,4876.385366918292,4989.856348295457,5100.765971340191,5209.984014975415,5318.844213468321,5426.696000130829,5507.296095922459,5588.830101731783,5671.571646357132,5755.333865520544,5840.94453961089,5901.822759853641,5966.336446482976,6033.951232467316,6104.779841391549,6178.218190490788,6365.866276697545,6548.31459773098,6726.148401673531,6898.974568090798,7069.497931262983,7258.478837604887,7441.914199351912,7622.204320563653,7798.439175197903,7971.924602213308,8162.019996869149,8347.429173741391,8529.248118896137,8707.316627909,8882.699410054847,9071.685519744384,9255.182548380535,9434.41426109545,9609.813220746713,9782.865906676947,9967.06402433425,10145.69489958774,10320.95553393152,10490.89499959643,10656.70958504736,10828.78027979665,10996.94333592834,11160.904824138,11320.51363499949,11475.8031718928,11636.79291989089,11793.2218772246,11946.67436218042,12094.11531474303,12235.77551690038,12382.34131865349,12522.93209910423,12659.93448228634,12792.19042007732,12919.94823542725,13048.02281299977,13171.75259001609,13291.9208396077,13407.23215883235,13520.5964973515,13633.47084815418,13742.10357971555,13844.29241012434,13944.38959157954,14040.77721838945
Benin,BJ,BEN,Population,,2258.543,2276.073,2295.477,2316.926,2340.638,2366.653,2395.131,2426.409,2460.458,2497.371,2537.201,2581.245,2628.072,2677.744,2730.262,2785.61,2843.024,2902.97,2965.544,3030.901,3099.213,3170.32,3244.765,3322.227,3403.039,3487.775,3576.617,3669.787,3766.822,3870.235,3980.267,4096.347,4216.845,4341.111,4470.678,4605.347,4745.493,4891.48,5043.201,5200.113,5362.845,5531.019,5704.669,6040.743,6152.269,6301.277,6482.438,6684.293,6894.684,7110.952,7332.286,7558.906,7791.947,8034.193,8283.995,8568.292,8818.192,9089.746,9367.186,9651.66,9943.308,10243.939,10551.375,10866.292,11193.715,11527.647,11868.036,12211.524,12555.171,12898.339,13241.999,13584.835,13934.166,14287.903,14637.545,14991.374,15349.465,15709.362,16071.198,16436.642,16801.002,17170.859,17543.268,17919.607,18300.218,18685.045,19071.045,19457.954,19852.596,20247.342,20644.177,21042.351,21443.611,21843.663,22241.479,22645.813,23046.579,23443.698,23840.683,24236.532,24631.087,25024.602,25417.106,25803.583,26192.745,26579.505,26957.202,27336.715,27711.464,28086.68,28458.839,28827.565,29196.249,29562.446,29929.706,30293.272,30649.533,31002.446,31352.519,31704.892,32053.674,32394.445,32735.007,33066.216,33392.044,33704.836,34015.833,34322.699,34623.891,34918.74,35207.308,35490.513,35774.179,36046.989,36309.104,36568.855,36818.861,37066.604,37307.255,37541.023,37762.924,37979.52,38192.701,38397.556,38603.097,38798.259,38987.211,39162.406,39337.336,39506.383
Bermuda,BM,BMU,Cement production,kt cement,0.0,0.0,0.0,0.0,0.0,0.0,0.0,0.0,0.0,0.0,0.0,0.0,0.0,0.0,0.0,0.0,0.0,0.0,0.0,0.0,0.0,0.0,0.0,0.0,0.0,0.0,0.0,0.0,0.0,0.0,0.0,0.0,0.0,0.0,0.0,0.0,0.0,0.0,0.0,0.0,0.0,0.0,0.0,0.0,0.0,0.0,0.0,0.0,0.0,0.0,0.0,0.0,0.0,0.0,0.0,0.0,0.0,0.0,0.0,0.0,0.0,0.0,0.0,0.0,0.0,0.0,0.0,0.0,0.0,0.0,0.0,0.0,0.0,0.0,19.96870303843703,19.76974997858738,19.56525728448041,19.35489238291597,19.15126984814468,18.97870694547095,18.83156117730259,18.68455947281656,18.545313570251,18.40179014623648,18.25931327994266,18.04839354895145,17.83882576026333,17.63095113766308,17.42710057674419,17.22035777895802,17.02164464451396,16.82467926188149,16.6241007912494,16.42585989780112,16.23191865463436,16.03663195422678,15.84528138030355,15.65166798566334,15.45825139514644,15.26417054758557,15.13230673514665,14.99857440714685,14.86030425564207,14.71776321142672,14.57789147515548,14.43508350014572,14.29120780195831,14.15160299648147,14.01199819100464,13.87105873155575,13.73065313369569,13.59291684377973,13.45518055386377,13.32064743348074,13.19145292898593,13.05985604734142,12.93012768125778,12.80493713867913,12.6778780805396,12.55482298431624,12.43256868047611,12.31218289219685,12.19606799662816,12.08075389344271,11.96597365184608,11.8501256870718,11.73934940739133,11.6296408508885,11.52126694835773,11.4115583918549,11.31012468997881,11.20842405730831,11.10725728622662,11.00956061547228,10.91133008312912,10.81656965111329,10.72154228830306,10.62678185628723,10.53709310936522,10.44526891608791,10.35371165360501,10.26375597588859,10.17646960611626,10.08704778998865,9.998159835449867,9.91327584282724,9.823854026699632,9.735233002955257,9.649014356360578,9.56332957135472
Bermuda,BM,BMU,Population,,37.503,38.091,38.578,39.09,39.603,40.103,40.582,40.998,41.424,41.861,42.554,43.691,44.788,45.892,46.929,47.993,49.075,49.953,50.855,51.758,52.491,52.723,52.882,53.009,53.104,53.153,53.267,53.376,53.486,53.549,53.797,54.197,54.577,54.977,55.362,55.731,56.048,56.482,56.915,57.343,57.774,58.194,58.621,59.01,59.378,59.675,59.951,60.403,60.874,61.375,61.726,62.009,62.276,62.496,62.614,62.808,62.859,63.16,63.439,63.691,63.76,63.705,63.587,63.56,63.498,63.429,63.468,63.689,63.973,64.241,64.523,64.773,64.724,64.672,64.601,64.508,64.41,64.271,64.128,63.957,63.78,63.582,63.389,63.16,62.918,62.645,62.355,62.049,61.736,61.389,61.04,60.678,60.286,59.882,59.475,59.043,58.606,58.147,57.674,57.184,56.69,56.189,55.671,55.137,54.613,54.078,53.539,53.016,52.493,51.965,51.439,50.923,50.407,49.903,49.419,48.926,48.44,47.971,47.495,47.034,46.576,46.125,45.69,45.258,44.828,44.394,43.979,43.568,43.162,42.751,42.371,41.99,41.611,41.245,40.877,40.522,40.166,39.811,39.475,39.131,38.788,38.451,38.124,37.789,37.456,37.138,36.803,36.471,36.148,35.827
Bhutan,BT,BTN,Cement production,kt cement,0.0,0.0,0.0,0.0,0.0,0.0,0.0,0.0,0.0,0.0,0.0,0.0,0.0,0.0,0.0,0.0,0.0,0.0,0.0,0.0,0.0,0.0,0.0,0.0,0.0,0.0,0.0,0.0,0.0,0.0,60.0,60.0,116.0,116.0,116.0,116.0,116.0,116.0,116.0,116.0,116.0,116.0,108.0,120.0,140.0,160.0,160.0,150.0,150.0,150.0,160.0,160.0,160.0,170.0,170.0,180.0,180.0,180.0,180.0,200.0,544.0,521.0,570.0,690.0,791.0,940.0,895.0,941.0,906.0,617.0,652.0,600.0,600.0,600.0,618.7686178468017,618.8244531250289,620.1564909031264,620.4103068681046,619.9581458826949,625.0727620713795,629.6026154080872,635.2249026327039,641.4816117863037,648.0656135443927,654.5721718830091,646.1473698423792,638.6347915965106,631.8578795051674,625.5854899665048,619.8862406742363,613.5976918555285,607.8767947610061,603.0682785643069,598.6463270800709,594.6240917265966,590.0879250160748,585.6596600147765,581.3454072820547,577.6003556470374,574.0886366250515,574.0693047219269,574.1399242517796,573.4288705702428,572.4205075679232,572.2003411718764,571.2377402779007,569.8718276447389,569.2674201360841,567.8561732001682,566.4908242724067,564.6975238639462,562.790770435494,560.7795943488918,559.0007885452903,557.0508909779923,554.4318463576394,551.6616253619546,548.9588836072869,546.2086921698971,543.2342545653398,540.4301002327217,537.1541642199254,533.7236490223398,529.950969052906,526.1781097288741,522.6913671425086,519.2799186961631,515.8867012533108,512.0094804889064,507.9352409006983,503.9263511212143,499.7672394164966,495.8606802086915,491.6864200994479,487.8988727843701,484.0718193691324,480.1889682623445,475.8898615048699,471.8396520424969,467.7018678384343,463.717150246898,459.6501798740034,455.8647421769172,452.3939687924967,448.8310775777236,445.2975192832674,442.1064137628735,438.8712310801421,435.8369540092776,432.5452928914763
Bhutan,BT,BTN,Population,,172.239,176.961,181.799,186.866,192.04,197.456,203.015,208.787,214.728,220.902,227.266,233.939,241.332,248.98,256.994,265.407,274.233,283.471,293.151,303.277,313.779,324.642,335.886,347.524,359.551,372.03,384.951,398.328,412.158,426.241,440.567,455.104,469.866,485.054,500.515,516.27,532.379,548.734,565.237,581.935,596.639,602.928,552.62,556.725,552.27,543.708,553.859,563.534,575.336,589.822,603.904,617.685,631.132,644.195,656.894,666.837,674.762,682.52,690.183,697.793,705.471,713.283,721.276,729.27,737.009,744.227,751.505,757.164,762.354,767.294,772.718,778.165,783.664,789.106,793.943,799.42,805.008,809.522,814.161,818.381,823.007,827.936,832.757,837.215,840.871,845.532,849.871,853.813,857.3,860.537,863.72,866.593,869.718,872.482,874.996,877.349,878.967,879.944,881.037,881.833,882.846,883.932,883.812,883.197,883.696,883.116,881.91,881.813,880.493,879.219,877.335,875.257,872.999,871.066,868.855,865.608,862.112,858.696,855.188,851.322,847.665,843.278,838.639,833.464,828.27,823.455,818.739,814.036,808.583,802.815,797.088,791.119,785.522,779.504,774.064,768.529,762.898,756.619,750.71,744.656,738.811,732.83,727.272,722.189,716.956,711.75,707.064,702.303,697.845,692.983
Bolivia (Plurinational State of),BO,BOL,Cement production,kt cement,36.762783,36.762783,36.762783,29.410226,36.762783,29.507935,21.97746,29.293054,29.410226,36.762783,44.11534,51.467896,58.643283,66.009619,58.820453,66.173009,58.820453,73.649555,80.761918,117.640906,124.843948,147.051132,169.108802,205.871585,264.453146,220.400236,264.692037,257.339481,250.180562,293.871414,374.980386,323.239944,330.865047,287.010152,382.332943,294.102264,397.038056,455.858509,507.326405,560.0,587.05695,649.64379,717.60741,776.30163,892.43095,900.9568,1047.95107,1166.51116,1201.27432,1071.941,982.54311,1010.44599,1138.14621,1276.41151,1439.95116,1636.07872,1738.648832,1985.410782,2291.605134,2414.382277,2657.64954,2714.089132,3061.147311,3336.939514,3468.208713,3601.33729,3610.988692,3757.392014,3900.345238,3206.833645,3606.958723,3888.57093,3977.360585,4059.120891,3853.783057934451,3898.282165830312,3944.128489421048,3991.817066311972,4041.819733074774,4096.801675940687,4154.243200347069,4212.250603825241,4270.841450822074,4329.969852417604,4389.976920529831,4429.999818062176,4469.689721328323,4509.208086064297,4548.673574678621,4588.048705038295,4637.329495842405,4685.519043269132,4732.778752755122,4779.259902595819,4825.018996253651,4879.175787369901,4931.880934066157,4983.85676179996,5035.331771926666,5086.397115883623,5175.601444233415,5261.561948143341,5344.424065281868,5424.353445836276,5501.618389230057,5584.75362429227,5664.698760453386,5741.493217204695,5815.351027321711,5886.373822327911,5961.536776485364,6033.560280301004,6102.528091936175,6168.672468949966,6232.096426417792,6297.434843770892,6359.88814580242,6419.453384262766,6476.10275158756,6530.163925035913,6585.175785951386,6637.580440900594,6687.417412601064,6734.603832006539,6779.582733861404,6824.780427629596,6867.181169187955,6906.813016793769,6943.894951945967,6978.646326010141,7013.242433644708,7045.545608779922,7075.657558684811,7103.752636694087,7129.937820677894,7155.689809318375,7179.578882123699,7201.619484411635,7222.129232900105,7241.033827994154,7259.340707441702,7275.962918099847,7291.161487116035,7304.976030859497,7317.532899321699,7329.24741359556,7339.528199806515,7348.369718684966,7355.82739779645,7362.034599626562
Bolivia (Plurinational State of),BO,BOL,Population,,3112.854,3161.74,3213.335,3268.594,3327.09,3388.918,3453.76,3521.378,3591.739,3664.644,3740.001,3817.462,3897.524,3980.302,4065.69,4153.901,4245.198,4339.945,4437.944,4538.52,4641.5,4747.185,4854.771,4965.63,5079.321,5195.758,5317.234,5441.098,5567.149,5694.549,5823.252,5952.967,6083.209,6214.912,6348.825,6483.546,6621.412,6762.912,6908.105,7055.428,7204.857,7355.722,7504.95,7653.441,7801.203,7948.148,8095.324,8240.476,8386.312,8533.299,8679.352,8826.12,8974.591,9126.809,9281.764,9439.743,9603.635,9768.284,9933.431,10099.12,10265.57,10432.288,10599.326,10765.889,10931.888,11097.522,11262.517,11426.658,11590.078,11752.693,11879.906,11994.813,12159.495,12328.824,12497.806,12665.879,12832.703,12998.475,13162.509,13325.045,13486.083,13644.933,13801.79,13956.313,14108.85,14258.795,14405.846,14550.36,14692.459,14831.436,14967.357,15100.613,15230.872,15358.152,15482.269,15603.313,15721.317,15836.175,15948.331,16057.289,16163.035,16265.551,16364.719,16460.602,16553.763,16643.187,16729.825,16813.132,16893.362,16970.384,17044.182,17115.048,17182.703,17247.489,17309.32,17367.619,17423.1,17475.293,17523.714,17569.141,17611.271,17650.777,17687.43,17720.651,17751.596,17779.694,17804.666,17826.266,17844.876,17860.893,17874.429,17885.609,17894.466,17901.27,17906.109,17908.723,17909.537,17908.383,17905.972,17901.914,17896.099,17888.374,17879.308,17868.864,17857.254,17843.6,17828.247,17811.069,17792.114,17771.644
"Bonaire, Sint Eustatius and Saba",BQ,BES,Cement production,kt cement,0.0,0.0,0.0,0.0,0.0,0.0,0.0,0.0,0.0,0.0,0.0,0.0,0.0,0.0,0.0,0.0,0.0,0.0,0.0,0.0,0.0,0.0,0.0,0.0,0.0,0.0,0.0,0.0,0.0,0.0,0.0,0.0,0.0,0.0,0.0,0.0,0.0,0.0,0.0,0.0,0.0,0.0,0.0,0.0,0.0,0.0,0.0,0.0,0.0,0.0,0.0,0.0,0.0,0.0,0.0,0.0,0.0,0.0,0.0,0.0,0.0,0.0,0.0,0.0,0.0,0.0,0.0,0.0,0.0,0.0,0.0,0.0,0.0,0.0,8.268997167509069,8.38256347298032,8.467781973119688,8.545315080395168,8.603570061159195,8.653660808136246,8.662053233033909,8.661833084498227,8.664299795407484,8.66360296851806,8.658348545900742,8.5646505766708,8.472260754476347,8.388929298479718,8.310618062837655,8.235653059991082,8.157280578768052,8.078877338297488,8.009480473476541,7.940246137932657,7.875937762413369,7.811540588383682,7.745272514690217,7.681367401467744,7.622671929563217,7.562855142320291,7.553065742596302,7.536097449741392,7.523480001208252,7.507816961649874,7.48649782447319,7.464526060648241,7.450603358818571,7.436028030340635,7.419712364133987,7.40535457787214,7.38990908052985,7.370547823297964,7.340526997477737,7.314857015979282,7.291362456641713,7.269390692816762,7.244590880182663,7.218920898684209,7.193468459401842,7.166275682390765,7.142781123053198,7.113195381665147,7.086872773518426,7.057069489914286,7.024873241933173,6.990501571791174,6.955694817216997,6.919365267130202,6.879772583802075,6.84779387803705,6.80754856806066,6.767738342516445,6.730321081349205,6.690075771372814,6.649177834748156,6.610890404716562,6.571732805820612,6.534533086869462,6.497115825702222,6.457305600158008,6.418365543478148,6.381165824526996,6.34788186546544,6.313510195323442,6.275005223075759,6.236717793044164,6.198647905228659,6.157749968604003,6.116852031979343,6.080087397460371
"Bonaire, Sint Eustatius and Saba",BQ,BES,Population,,7.001,7.057,7.173,7.283,7.599,7.605,7.62,7.649,7.704,7.773,7.895,8.028,8.177,8.35,8.552,8.759,8.987,9.227,9.474,9.737,9.995,10.252,10.463,10.612,10.771,10.939,11.122,11.318,11.505,11.689,11.874,11.999,12.102,12.205,12.314,12.423,12.523,12.631,12.748,12.868,12.991,13.107,13.22,13.325,13.444,13.574,13.715,13.861,14.009,14.153,14.313,14.691,15.319,15.967,16.64,17.321,18.028,18.74,19.457,20.19,20.927,22.324,23.319,24.303,24.627,24.593,24.493,25.1,25.209,26.041,26.865,27.781,29.473,30.324,31.027,31.65,32.176,32.662,33.058,33.371,33.649,33.872,34.085,34.266,34.408,34.512,34.585,34.661,34.726,34.775,34.838,34.868,34.906,34.916,34.921,34.934,34.91,34.871,34.832,34.765,34.72,34.642,34.584,34.512,34.414,34.313,34.249,34.182,34.107,34.041,33.97,33.881,33.743,33.625,33.517,33.416,33.302,33.184,33.067,32.942,32.834,32.698,32.577,32.44,32.292,32.134,31.974,31.807,31.625,31.478,31.293,31.11,30.938,30.753,30.565,30.389,30.209,30.038,29.866,29.683,29.504,29.333,29.18,29.022,28.845,28.669,28.494,28.306,28.118,27.949
Bosnia and Herzegovina,BA,BIH,Cement production,kt cement,26.247864,29.376706,29.472902,31.680737,35.45467,34.96007,45.196082,45.114817,50.964897,55.448158,53.874124,58.456134,66.579069,71.539552,75.33336,80.761975,87.306476,102.930801,110.96938,123.64978,137.311125,160.167322,195.322546,201.915794,211.254683,232.125956,249.151399,281.63438,299.27278,309.456675,287.709291,297.907654,284.985863,270.931991,260.942374,267.29619,263.117452,262.139581,251.67538,236.087219,244.818957,150.0,150.0,244.0,226.0,150.0,200.0,300.0,300.0,628.0,704.0,913.0,890.879,1044.944,1025.54,1226.319,1283.357,1406.0,1074.0,949.0,893.0,846.0,882.0,840.0,808.0,841.0,910.0,995.0,955.0,1126.0,1097.0,1000.0,1000.0,1000.0,856.7418918934696,869.5210902928108,880.8206268148862,891.9965853496334,903.1192325741396,913.2932943659275,921.0211831119404,928.2757926858326,934.555261529434,940.3722887111895,945.4277348292741,944.4120218238846,943.311358617435,942.1547451983181,940.9856352187385,939.3140362083519,935.8732579720609,932.1785457837981,928.8146904558192,925.5055344721417,922.2873426294448,918.0780511514295,913.6226507576233,909.3208429506168,905.4814892398946,901.4695322975573,895.1601123500623,888.4650235261809,882.1125773078458,875.4909074301715,869.0133522262904,861.707378738796,854.3400219637945,847.32883379543,840.4543019520196,833.6020693667622,826.593263617581,819.7204930132481,813.011067652557,806.2006327055489,799.2783200591057,791.9918284604726,784.8849111489576,777.6758054400119,770.9629659177389,764.2217019372496,757.2595988024956,750.5083911872872,743.8539691186903,737.310922419303,730.62956182135,723.8471805529566,717.3056605883243,710.9208552837828,704.5876855353237,698.3562427420629,692.1877039794759,686.209951558343,680.2690744640715,674.284315544868,668.4522546975911,662.9412509485655,657.4492123187191,652.1803859569825,646.8685068949485,641.6160530098822,636.6385475979673,631.7336134344098,626.7451857823203,621.6270816489553,616.6441505542844,611.6866968311984,606.5610950782485,601.3007417502527,596.4313612635127,591.7383074843285
Bosnia and Herzegovina,BA,BIH,Population,,2709.975,2750.51,2798.854,2859.6,2920.794,2983.551,3047.551,3112.323,3178.536,3246.199,3316.563,3379.508,3435.557,3488.327,3538.554,3587.115,3634.009,3678.437,3719.151,3756.378,3790.116,3828.636,3867.905,3906.847,3946.097,3985.389,4023.715,4060.533,4095.947,4130.653,4166.199,4202.236,4239.965,4277.491,4313.581,4347.146,4377.085,4403.407,4425.4,4442.565,4454.739,4461.948,4007.284,3801.68,3649.145,3781.984,3968.508,4067.946,4110.767,4149.842,4169.701,4189.175,4186.83,4170.216,4111.758,4081.228,4045.316,3981.532,3913.557,3846.031,3776.912,3706.683,3633.544,3588.174,3541.484,3495.597,3450.409,3406.956,3367.044,3324.022,3274.677,3215.138,3194.466,3175.68,3152.826,3127.365,3101.118,3075.068,3049.804,3025.938,3002.01,2978.202,2951.352,2924.331,2895.218,2867.866,2841.016,2814.419,2787.954,2759.635,2730.386,2700.06,2671.413,2642.588,2614.236,2585.617,2556.231,2526.809,2498.776,2469.311,2441.023,2411.542,2383.717,2355.161,2327.465,2297.548,2267.71,2239.497,2212.064,2184.977,2157.645,2131.06,2105.303,2079.423,2053.386,2026.981,2001.41,1975.691,1951.865,1928.121,1904.019,1880.794,1858.052,1835.833,1813.311,1790.779,1769.173,1748.207,1727.535,1707.312,1687.386,1668.178,1649.196,1630.186,1611.757,1594.241,1576.883,1560.303,1543.683,1527.333,1511.679,1496.331,1480.821,1465.015,1449.697,1434.366,1418.637,1402.613,1387.815,1373.609
Botswana,BW,BWA,Cement production,kt cement,,,,,,,,,,,,,,,,,,,,,,0.0,0.0,0.0,0.0,0.0,0.0,0.0,0.0,0.0,0.0,0.0,0.0,0.0,0.0,0.0,0.0,0.0,0.0,,,,,,,,,,,,,,,,,,,,250.0,260.0,15.0,15.0,15.0,15.0,15.0,15.0,15.0,1.0,0.0,0.0,0.0,11.0,11.0,11.0,13.14340953800708,13.61135835260133,13.98842920109636,14.35659319594626,14.73656481581569,15.10745309592645,15.28529272854878,15.48555294427555,15.70333997632697,15.93865271234801,16.18784198408733,16.41761093750519,16.66816494592658,16.93671284198356,17.22157621146796,17.51944549017623,17.66120651050609,17.83028652088672,18.02327194990789,18.23644138061622,18.47182452228722,18.58419615140407,18.72979037172381,18.90548844023,19.10725139632203,19.33171047292342,19.89354303091104,20.45750185932113,21.02324698613059,21.59245815351493,22.16554850740478,22.77878189591552,23.39551240544695,24.0133427717179,24.63414204682521,25.26135311856463,25.91300191679894,26.56783301410051,27.22789524778452,27.89298504213179,28.56095017830924,29.24109574769671,29.92681967633632,30.61492626383576,31.3090458365675,32.00645643052,32.72554030231655,33.44811463584102,34.17164260292552,34.9013225573205,35.6336865028612,36.38773776657188,37.14468906777028,37.90607011155878,38.67021702944859,39.44063115133542,40.23588292587278,41.03566505201516,41.83563034149518,42.63936762834702,43.44562432337975,44.27027530787147,45.09746763293568,45.92672872955142,46.76080581216252,47.59874930384876,48.44416836800228,49.29692986674229,50.15106169520928,51.0082003601181,51.86859998092734,52.72967638598696,53.59515178274159,54.46454887740948,55.33892932958874,56.21287273656278
Botswana,BW,BWA,Population,,418.564,428.548,438.874,449.072,459.013,468.839,478.725,488.852,499.359,510.396,521.935,533.95,546.421,559.512,573.02,576.309,579.424,582.441,585.49,588.642,592.026,608.936,635.878,668.938,701.958,738.801,778.214,820.934,877.544,925.941,949.029,990.964,1027.573,1064.7,1102.621,1141.269,1180.031,1218.303,1252.65,1287.897,1323.495,1360.018,1400.047,1440.183,1479.862,1517.81,1554.018,1589.365,1624.434,1659.56,1695.205,1729.303,1760.222,1791.251,1823.041,1856.713,1892.32,1930.082,1969.859,2011.487,2054.734,2092.335,2124.898,2156.467,2187.621,2218.925,2250.626,2282.868,2315.414,2348.752,2383.035,2419.846,2459.937,2500.552,2541.726,2582.518,2624.258,2665.027,2706.188,2745.899,2785.936,2824.042,2862.425,2899.54,2936.415,2972.413,3007.857,3042.599,3076.466,3110.283,3142.997,3175.264,3206.676,3238.458,3269.571,3301.031,3332.974,3364.025,3394.199,3423.337,3451.523,3479.294,3506.861,3533.095,3557.765,3582.35,3605.828,3629.684,3652.744,3672.992,3692.943,3712.148,3729.475,3745.105,3760.253,3774.629,3787.162,3799.545,3809.949,3819.786,3827.211,3834.099,3841.631,3847.382,3852.975,3858.759,3864.312,3868.975,3873.468,3876.342,3878.085,3879.058,3880.977,3882.401,3883.81,3884.324,3884.843,3885.521,3885.363,3884.724,3881.94,3877.567,3873.65,3869.62,3865.388,3861.098,3856.237,3850.966,3844.97,3839.891
Brazil,BR,BRA,Cement production,kt cement,1455.806206,1617.324854,2029.01092,2499.560731,2771.61546,3271.887685,3396.881147,3786.566646,3838.034543,4470.35441,4713.340047,5072.917611,5183.5524,5624.342278,5617.7185,6043.801521,6404.076794,7278.68628,7823.120217,9002.431,9802.639,11381.431,13397.576,14919.644,16737.458,19146.794,21122.927,23202.867,24873.654,27192.803,26051.07,25644.119,20869.935,19497.272,20634.513,25257.14,25468.027,25328.769,25920.012,25848.359,27490.09,23902.73,24842.915,25229.609,28256.304,34597.049,38096.043,39941.916,40233.915,39900.727,39453.482,38926.768,35122.0,35984.0,38705.0,41895.0,46551.0,51970.0,51747.0,59117.0,64093.0,68809.0,70161.545,72502.878,66488.57,58160.313,54003.893,53602.493,56611.225,61052.189,65883.5143,63545.862,66525.96,65498.224,61957.40083541939,62469.20700869012,62992.72618103923,63567.09729034106,64165.35691142853,64562.77583283102,65079.94877315047,65597.89970078673,66116.18223496812,66634.34098937355,67156.82941808931,67254.22496024099,67353.31242499285,67453.46014213719,67555.0553362929,67657.09982274508,67810.09093570877,67954.18699022886,68090.1311159289,68218.49827334611,68338.86885094205,68482.96267002153,68618.14731059,68751.12732703835,68881.86969052603,69010.00889801657,69575.04592242626,70100.80036054636,70586.62158130894,71034.38215714677,71445.60855970292,71858.26014858241,72234.27653019861,72573.11352763756,72877.22513679772,73146.31142075315,73411.91741147617,73643.35083298414,73840.77049197644,74006.51561401089,74142.93636195439,74259.21802632419,74346.07525516755,74406.06851417488,74438.13395198496,74445.17746901355,74434.40882192334,74399.05280517259,74341.19752323031,74261.34012791565,74162.19814004005,74043.23307991671,73905.81011851116,73748.92066892932,73574.05795827614,73382.30592047052,73173.40659800373,72948.9037100492,72711.41462359451,72462.82487152008,72203.22599683804,71931.46027471228,71648.57113192574,71356.69853508538,71055.88566602443,70748.49769528504,70430.78003998198,70107.51679756316,69776.94071712646,69442.38585049784,69101.1054122269,68754.4744738846,68403.86702654291,68049.6787013392,67694.21414893713,67336.83299142864
Brazil,BR,BRA,Population,,54196.725,55840.978,57548.766,59318.747,61151.497,63051.279,65016.712,67046.273,69138.01,71290.929,73485.324,75725.571,78005.076,80323.393,82653.796,84981.369,87297.348,89594.899,91887.581,94203.972,96547.33,98931.217,101362.377,103839.574,106339.777,108899.353,111527.345,114223.24,116978.644,119782.997,122631.924,125494.294,128352.017,131228.137,134089.59,136941.601,139731.139,142478.749,145173.965,147831.978,150454.468,152994.044,155556.113,158033.041,160496.971,162973.176,165431.922,167891.396,170427.914,172855.172,175181.391,177421.015,179585.952,181659.425,183690.861,185685.342,187620.869,189483.771,191250.832,192909.069,194494.79,196074.679,197677.544,199279.055,200891.199,202459.865,203976.362,205430.528,206783.993,208126.926,209194.759,209905.829,210707.0,211574.458,212422.689,213202.121,213923.212,214598.839,215223.907,215806.434,216342.388,216832.311,217278.457,217680.312,218041.454,218357.961,218632.447,218862.035,219049.088,219187.659,219286.508,219327.789,219311.733,219241.307,219116.682,218935.711,218706.356,218424.38,218092.059,217703.593,217275.006,216805.643,216287.245,215723.405,215116.407,214467.502,213780.281,213048.302,212277.699,211463.834,210613.768,209727.16,208801.253,207841.71,206854.171,205832.711,204780.648,203704.415,202597.82,201468.671,200317.441,199142.696,197949.376,196737.148,195513.012,194278.809,193033.262,191776.428,190510.934,189238.164,187959.412,186673.306,185386.116,184101.815,182819.032,181536.504,180251.943,178970.312,177690.472,176418.016,175143.927,173877.66,172613.187,171358.906,170106.198,168860.387,167621.891,166390.999,165173.224,163966.039
British Virgin Islands,VG,VGB,Cement production,kt cement,,,,,,,,,,,,0.0,0.0,0.0,0.0,0.0,0.0,0.0,0.0,0.0,0.0,0.0,0.0,0.0,0.0,0.0,0.0,0.0,0.0,0.0,0.0,0.0,0.0,0.0,0.0,0.0,0.0,0.0,0.0,0.0,0.0,0.0,0.0,0.0,0.0,0.0,0.0,0.0,0.0,0.0,0.0,0.0,0.0,0.0,0.0,0.0,0.0,0.0,0.0,0.0,0.0,0.0,0.0,0.0,0.0,0.0,0.0,0.0,0.0,0.0,0.0,0.0,0.0,0.0,10.55778266641544,10.55408441816091,10.53288282913256,10.51668698446649,10.50917052058831,10.50777590142605,10.46736629800662,10.42120399915776,10.38800866771665,10.35430258476975,10.32670622025908,10.20104678386155,10.09126238311114,9.960416501244461,9.86212808130729,9.759160066027675,9.645297057270577,9.545531392198573,9.441760801083273,9.34632191610993,9.25057882830236,9.15117932614651,9.05671066520107,8.965376766933474,8.884947184780279,8.795884423110493,8.755421570918012,8.720179731911658,8.696250088141912,8.662313502432092,8.619240143646547,8.574643989348381,8.52047597754232,8.471528978922384,8.421929353654182,8.371894643953805,8.31033019680073,8.250506087376364,8.183503084821075,8.112801864592278,8.059068937218393,7.997504490065318,7.929196234213497,7.862845858306474,7.798888446776425,7.734278408598108,7.670103454851972,7.60027240348753,7.53000626769091,7.465178687296508,7.389256453881583,7.322688535758472,7.264387221846726,7.213482343281992,7.153875776073716,7.091658702272373,7.035532810521516,6.976796412177593,6.920452978210646,6.863892002027608,6.804720519251507,6.744461325394964,6.689423144724548,6.639388435024168,6.588266014243346,6.539971642271677,6.501901754456171,6.462526613344135,6.414449783588553,6.365067700536441,6.316555786348682,6.271742089834429,6.234324828667191,6.182767323454191,6.133385240402077,6.090964508264801
British Virgin Islands,VG,VGB,Population,,7.396,7.39,7.371,7.411,7.479,7.51,7.559,7.623,7.744,7.883,8.018,8.051,8.089,8.138,8.199,8.315,8.511,8.782,9.218,9.848,10.018,10.172,10.297,10.438,10.55,10.662,10.756,10.843,10.928,11.002,11.257,11.7,12.142,12.597,13.043,13.495,13.956,14.433,14.926,15.434,15.975,16.399,16.788,17.191,17.621,18.058,18.515,18.996,19.48,19.981,20.502,21.09,21.769,22.498,23.263,24.067,24.919,25.812,26.764,27.671,27.68,29.74,30.95,32.457,33.467,35.528,32.228,33.17,36.144,36.645,37.624,37.995,38.643,39.327,39.615,39.849,40.023,40.197,40.38,40.521,40.662,40.752,40.866,40.953,41.038,41.106,41.194,41.154,41.209,41.208,41.193,41.198,41.148,41.099,41.016,40.925,40.821,40.7,40.6,40.433,40.247,40.085,39.975,39.819,39.621,39.416,39.167,38.942,38.714,38.484,38.201,37.926,37.618,37.293,37.046,36.763,36.449,36.144,35.85,35.553,35.258,34.937,34.614,34.316,33.967,33.661,33.393,33.159,32.885,32.599,32.341,32.071,31.812,31.552,31.28,31.003,30.75,30.52,30.285,30.063,29.888,29.707,29.486,29.259,29.036,28.83,28.658,28.421,28.194,27.999
Brunei Darussalam,BN,BRN,Cement production,kt cement,0.0,0.0,0.0,0.0,0.0,0.0,0.0,0.0,0.0,0.0,0.0,0.0,0.0,0.0,0.0,0.0,0.0,0.0,0.0,0.0,0.0,0.0,0.0,0.0,0.0,0.0,0.0,0.0,0.0,0.0,0.0,0.0,0.0,0.0,0.0,0.0,0.0,0.0,0.0,,,0.0,0.0,0.0,0.0,250.0,250.0,216.0,208.0,232.0,227.0,241.0,236.0,241.872,266.027,240.0,200.0,240.0,220.0,270.0,290.0,330.0,340.0,240.0,230.0,250.0,270.0,290.0,290.0,250.0,260.0,310.0,310.0,310.0,244.0776005420258,244.9926171898382,245.8527133739944,246.7822660711653,247.6243460483259,249.0281343127836,250.4281676981648,251.8625308188642,253.2382457668689,254.7277215332602,256.2478528499462,256.0884988388852,255.9363200463308,255.869628943348,255.9980165217394,256.0822523893082,256.1099540947596,256.2535877902857,256.412145317233,256.6212213553977,256.8954980994337,257.2712834266636,257.6213283724341,258.0363298020709,258.5119519534872,259.0370511027112,259.3901261859839,259.6684605776534,259.8044062170768,259.8558997065608,259.8958111850203,259.8414508606475,259.7693146089282,259.5963123338218,259.3766892937148,259.1352369027202,258.8711438705472,258.5589437731905,258.2564070576026,257.8460094191436,257.3695648714702,256.8313857590913,256.2286577064023,255.5155968110288,254.8029605426994,254.1169936930806,253.4777788604025,252.8239938399157,252.0579305099887,251.2413690085592,250.34710223393,249.3980183451117,248.5958234520913,247.7539553590607,246.9633339376049,246.1309966938931,245.2864372606818,244.419211527166,243.532926407186,242.6486225072431,241.8083405619701,240.9418863246738,240.1456136355604,239.3236607100135,238.4576076142074,237.5976681016541,236.7838278492002,235.9971179111446,235.1894216745294,234.4006480356824,233.6011219276334,232.8322007811827,232.0311129131207,231.275024171831,230.4658339099497,229.6464733531679
Brunei Darussalam,BN,BRN,Population,,49.736,52.644,55.822,59.295,63.123,67.298,71.798,76.53,81.415,86.269,90.424,94.611,98.827,103.492,108.352,113.325,118.424,123.611,128.834,134.057,136.22,139.622,144.756,149.983,155.329,160.811,166.402,172.152,177.616,183.228,188.994,194.96,201.369,208.113,215.208,222.631,230.359,237.361,244.465,251.663,258.922,266.271,273.408,280.535,287.648,294.743,301.808,308.875,315.896,322.927,329.921,336.769,343.429,349.845,355.976,361.855,367.47,374.275,381.311,388.594,396.07,402.707,408.406,413.998,419.503,424.92,430.208,435.336,440.283,445.077,449.73,453.711,457.028,460.869,464.574,468.087,471.463,474.848,478.017,480.972,483.921,486.711,489.192,491.681,494.106,496.474,498.636,500.772,503.068,505.064,506.887,508.72,510.37,511.888,513.301,514.803,516.034,517.178,518.225,519.157,519.945,520.588,520.955,521.158,521.338,521.328,521.283,521.042,520.71,520.335,519.915,519.401,518.905,518.199,517.364,516.389,515.288,513.972,512.656,511.391,510.211,509.002,507.574,506.047,504.368,502.578,501.073,499.49,498.006,496.44,494.852,493.219,491.548,489.88,488.297,486.67,485.179,483.637,482.008,480.39,478.87,477.402,475.892,474.418,472.922,471.492,469.998,468.591,467.079,465.546
Bulgaria,BG,BGR,Cement production,kt cement,632.036316,676.435207,698.492877,779.370999,808.781225,860.006182,882.306791,933.774688,1433.748536,1588.413477,1749.90847,1889.607045,2205.766979,2580.747365,2683.895642,2852.791959,3352.988686,3514.305561,3551.284835,3668.706058,3882.149882,3911.560109,4176.02965,4293.893052,4360.066061,4359.847402,4661.520881,5146.789617,5403.878744,5359.760113,5440.89188,5610.000682,5646.534332,5720.529137,5293.840748,5698.459665,5492.139994,5536.475116,4970.118141,4710.0,2374.0,2132.0,2007.0,1910.0,2070.0,2137.0,1654.0,1742.0,2060.0,2209.0,2088.0,2137.0,2100.0,2938.87,3618.221,4092.692,4413.346,4651.0,2645.0,1961.0,1882.0,1803.0,1812.0,1785.0,2114.0,1994.0,2117.0,2331.0,2456.0,2000.0,1989.0,1952.0,1952.0,1952.0,1673.810778975684,1703.17431837649,1727.884705640125,1752.313648303764,1775.495958705031,1797.808514682146,1815.619496935919,1832.486531074211,1848.568991729464,1863.747430822912,1878.303525691545,1882.526958369402,1886.039143529436,1889.162209650898,1892.236196387355,1894.843749889381,1895.875898792858,1896.814929633261,1897.71006375242,1898.652252847031,1899.438349373803,1899.428207998938,1899.106400794333,1898.869863674782,1898.868843647389,1899.099368932336,1894.654420137482,1890.000898001204,1885.102984194939,1879.814963224631,1874.274262732651,1868.284357835829,1862.11552072263,1855.661110158587,1848.982224815753,1841.834233725436,1834.12222003539,1826.174674690622,1818.106350145731,1809.784659828602,1801.239895275772,1792.222729362371,1783.137757642094,1774.048392996688,1765.038971370663,1755.997736025439,1746.7096641569,1737.546031607998,1728.457165584058,1719.372803817723,1710.302182312248,1701.629936544109,1693.13379720768,1684.691716934163,1676.455135712429,1668.249190999724,1660.372259694153,1652.967151243366,1645.620390537283,1638.50306463325,1631.436175636377,1624.805214650187,1618.339070759487,1612.022743053905,1605.874962206674,1599.736404006925,1593.904299889327,1588.01259491064,1582.010696923979,1575.927891470658,1569.71414541901,1563.592229511779,1557.17723283845,1550.691039761418,1544.12334911611,1537.373895107933
Bulgaria,BG,BGR,Population,,7289.651,7339.218,7384.686,7447.159,7505.378,7561.93,7612.401,7686.678,7763.105,7825.242,7900.611,7975.989,8040.661,8106.801,8173.368,8231.465,8286.106,8336.142,8405.134,8465.419,8516.23,8561.566,8598.259,8651.342,8714.168,8732.129,8786.746,8822.626,8804.867,8845.117,8873.956,8901.646,8923.818,8942.833,8962.375,8955.333,8971.605,8980.804,8990.626,8882.135,8762.595,8628.999,8489.202,8443.864,8389.971,8325.177,8257.619,8176.585,8099.804,8035.121,7965.918,7890.986,7832.899,7775.92,7722.94,7667.159,7613.429,7560.347,7510.836,7465.187,7410.01,7350.04,7283.987,7245.212,7201.687,7153.347,7101.521,7049.75,6999.741,6951.197,6916.107,6838.344,6813.384,6778.222,6737.155,6691.964,6643.355,6592.301,6539.735,6485.837,6430.649,6375.657,6321.14,6265.8,6210.623,6155.605,6099.733,6044.046,5989.646,5934.74,5880.716,5827.395,5775.378,5723.976,5673.251,5623.261,5573.587,5523.823,5474.986,5426.371,5378.062,5330.216,5282.651,5234.743,5187.047,5139.441,5092.264,5045.071,4998.087,4950.356,4902.42,4854.581,4807.252,4759.921,4712.689,4665.791,4619.459,4573.894,4529.363,4485.444,4441.978,4399.585,4358.065,4317.156,4276.869,4238.336,4200.906,4164.153,4128.546,4093.496,4059.429,4027.298,3995.762,3965.338,3935.446,3906.471,3878.38,3851.106,3824.686,3798.622,3773.077,3747.693,3722.313,3697.018,3671.656,3646.519,3620.854,3595.301,3569.824,3544.133
Burkina Faso,BF,BFA,Cement production,kt cement,,,,,,,,0.0,0.0,0.0,0.0,0.0,0.0,0.0,0.0,0.0,0.0,0.0,0.0,0.0,0.0,0.0,0.0,0.0,0.0,0.0,0.0,0.0,0.0,0.0,0.0,0.0,0.0,0.0,0.0,0.0,0.0,0.0,0.0,,,,,0.0,30.0,30.0,40.0,40.0,180.0,100.0,50.0,30.0,30.0,30.0,30.0,30.0,30.0,468.0,563.0,587.0,590.0,659.0,580.0,403.0,1350.0,1650.0,1800.0,2150.0,2745.0,2800.0,3000.0,3100.0,3100.0,3100.0,3705.425144253803,3824.91131064104,3952.208034941315,4077.825926339854,4212.604187643842,4372.104483375531,4581.075415338741,4787.067974375971,4991.029740410573,5193.419282191043,5394.571556233333,5654.466029667417,5899.101238648942,6130.284298707616,6349.785093846686,6558.941343490982,6765.958448779877,6958.069291936442,7137.612692650606,7306.89433089398,7468.918043575286,7616.061726473557,7756.614023449328,7895.11843012,8031.262203720382,8165.837294055676,8469.500117648551,8759.996232934363,9038.810683879165,9306.959260871103,9564.830623514013,9859.873108994789,10140.93316217246,10409.96145734729,10667.49763619745,10914.17722414008,11189.82055584787,11453.83064569723,11707.13944775392,11951.6386150203,12188.19227357252,12445.33576292859,12692.58049780023,12930.25320694617,13158.89362167678,13379.06305840367,13616.27934631367,13843.18825282603,14060.96661907973,14269.76440631007,14468.62485773015,14678.56674778462,14879.46113206078,15070.71065288915,15251.61603976792,15423.59927409745,15603.49182298502,15773.75613566425,15934.5941312757,16087.52591775975,16231.71252334512,16380.75001842481,16520.30879435806,16652.0078377403,16774.65327946095,16888.95165646492,17005.64759539843,17112.83961678209,17214.14513480748,17307.34919714114,17393.83534763942,17480.88127908211,17563.21296664369,17639.00353873547,17708.40559696791,17772.2577276311
Burkina Faso,BF,BFA,Population,,4235.812,4284.956,4335.746,4386.888,4440.864,4497.242,4556.067,4617.076,4677.484,4744.206,4813.036,4883.412,4955.932,5031.315,5110.754,5194.911,5280.955,5371.741,5465.546,5560.808,5659.8,5756.198,5858.271,5965.583,6084.225,6210.913,6350.357,6507.11,6674.858,6852.947,7042.852,7237.69,7442.704,7659.554,7884.957,8114.912,8342.782,8571.436,8803.435,9038.915,9279.798,9509.466,9749.085,9994.341,10253.255,10520.19,10791.695,11076.751,11404.577,11745.28,12105.811,12484.191,12877.602,13287.462,13713.605,14150.642,14596.772,15035.841,15480.345,15939.786,16413.21,16910.606,17433.968,17956.85,18502.072,19052.902,19616.809,20172.005,20704.571,21219.334,21738.045,22252.441,22765.636,23285.916,23811.646,24337.514,24865.886,25395.936,25927.946,26461.268,26999.381,27542.346,28087.994,28639.707,29194.189,29745.303,30294.452,30840.668,31384.382,31925.362,32461.928,32995.748,33526.148,34051.048,34572.424,35086.957,35592.048,36092.308,36581.104,37065.76,37543.006,38011.444,38473.7,38929.47,39374.91,39814.228,40245.642,40673.073,41092.349,41501.449,41905.079,42304.18,42689.883,43068.629,43441.498,43800.571,44153.53,44498.019,44833.397,45159.587,45474.563,45779.534,46076.616,46363.783,46634.813,46892.202,47142.498,47380.762,47602.259,47811.038,48008.415,48194.046,48366.846,48530.889,48681.91,48823.071,48954.174,49078.977,49191.54,49292.922,49384.35,49462.504,49538.042,49602.184,49658.376,49705.524,49752.075,49790.905,49821.505,49845.642
Burundi,BI,BDI,Cement production,kt cement,0.0,0.0,0.0,0.0,0.0,0.0,0.0,0.0,0.0,0.0,0.0,0.0,0.0,0.0,0.0,0.0,0.0,0.0,0.0,0.0,0.0,0.0,0.0,0.0,0.0,0.0,0.0,0.0,0.0,0.0,0.0,0.0,0.0,0.0,0.0,0.0,0.0,0.0,0.0,,,,,,,,,,,,,,,,,,,0.0,0.0,0.0,35.0,71.0,100.0,70.0,100.0,100.0,45.0,100.0,75.0,210.0,180.0,180.0,180.0,180.0,210.2384277149765,216.4554839265023,225.1862630451195,234.7100476104326,243.1732385388327,252.8192789551714,263.0827590352812,273.2488694071392,283.3896617874234,293.5152011263521,303.6421174887975,318.6799398055498,333.6480869361583,348.6006644682994,363.5850271731204,378.5741085940658,396.6191526299708,414.7250003821478,432.7460931524291,450.8893154307366,469.1533728117648,491.8602082789852,514.8974077925837,537.9527365191132,561.2567491832448,584.5887807446028,627.7608044319302,671.1056183402058,714.6034099395803,758.2660247244377,802.0588790636654,860.1503942994366,918.4178415671141,976.9870346055237,1035.723849024587,1094.543634244729,1170.591946883767,1246.790291441525,1323.124354493639,1399.63081809485,1476.142402859642,1571.427736779797,1666.886254631996,1762.254089379209,1857.682305750078,1953.034149791449,2070.250981521748,2187.505274554755,2305.010889781615,2422.908314882802,2541.301243492684,2684.703580999098,2828.925601034795,2973.442194042741,3118.677877408609,3264.482736433104,3438.403470675973,3612.719062917979,3787.8924542639,3964.083007627366,4140.822587334179,4348.450665796457,4557.324713575856,4767.306439792824,4977.513132618841,5181.864871958876,5411.539247337387,5632.690992155386,5845.437908913365,6049.977058000968,6246.917716718339,6461.908804154175,6666.554809847244,6861.527917252044,7047.518336787471,7223.591767169291
Burundi,BI,BDI,Population,,2280.554,2330.938,2380.67,2429.703,2479.47,2529.829,2580.787,2632.179,2682.644,2736.551,2791.964,2878.273,2937.612,3002.071,3109.229,3173.504,3262.416,3338.964,3421.81,3487.37,3573.495,3661.084,3573.171,3650.811,3756.37,3836.854,3928.398,4038.767,4161.909,4245.151,4522.26,4609.768,4753.012,4864.043,4988.887,5079.198,5179.631,5315.942,5414.711,5528.701,5645.404,5762.31,5954.503,5399.183,6028.524,6104.108,6036.903,6103.181,6271.035,6403.276,6537.111,6731.619,6916.646,7169.663,7451.649,7722.949,8008.144,8315.604,8695.67,9199.621,9553.268,9882.688,10259.367,10619.314,10980.257,11114.903,11363.999,11649.525,12069.367,12441.306,12792.766,13138.197,13503.998,13874.901,14220.671,14559.334,14898.98,15254.978,15633.051,15998.66,16365.373,16744.687,17125.789,17509.479,17892.137,18279.545,18686.565,19099.952,19511.114,19925.929,20336.706,20738.406,21164.719,21576.978,21994.406,22401.368,22771.047,23169.082,23547.911,23949.994,24313.446,24683.6,25058.7,25432.395,25807.375,26162.475,26524.284,26867.628,27209.561,27558.862,27903.07,28249.058,28593.078,28925.345,29265.021,29634.099,29981.124,30336.516,30675.065,31011.329,31354.58,31658.223,31978.528,32298.588,32602.64,32918.107,33200.434,33508.651,33792.081,34066.499,34308.613,34578.588,34829.553,35048.248,35274.108,35512.178,35719.532,35907.59,36113.997,36318.544,36488.205,36651.817,36815.403,36976.139,37151.621,37291.784,37427.327,37564.068,37704.55,37822.574
Cabo Verde,CV,CPV,Cement production,kt cement,0.0,0.0,0.0,0.0,0.0,0.0,0.0,0.0,7.352557,7.352557,7.352557,7.352557,7.352557,14.705113,14.705113,0.0,0.0,7.352557,14.705113,14.705113,7.352557,7.352557,14.705113,0.0,0.0,0.0,0.0,14.705113,0.0,0.0,0.0,0.0,0.0,0.0,0.0,0.0,0.0,0.0,0.0,0.0,0.0,0.0,0.0,0.0,0.0,0.0,0.0,0.0,0.0,0.0,0.0,0.0,0.0,0.0,0.0,0.0,0.0,0.0,0.0,0.0,0.0,0.0,0.0,0.0,0.0,0.0,0.0,0.0,0.0,0.0,0.0,0.0,0.0,0.0,64.94400642619333,66.86940042642689,68.99325648750091,71.00438985987138,73.08504664240816,75.22202050238087,76.36039887593427,77.58816920719819,78.89324940842249,80.27154150504195,81.70919530582923,82.94087295128674,84.2733824271623,85.69056723687036,87.18321127208976,88.7429479256639,89.38370882239805,90.1306262743801,90.92937635391739,91.77148391231653,92.66130473243176,92.71084052221036,92.88710471147259,93.1621564652501,93.51604964147765,93.93041493783954,95.78252191510835,97.57110590267574,99.29615195984903,100.9527331066183,102.5357691066004,104.1201035561403,105.6320559701332,107.0654423434825,108.421981769321,109.6938956577572,111.0004270427364,112.2181798204717,113.3734360495326,114.4776518353155,115.5318169767795,116.56260282001,117.5261829555545,118.4222950798836,119.2724173793864,120.0612989898092,120.7982068209226,121.499443316396,122.1351235636517,122.7154263959114,123.2378579948917,123.6649640289774,124.0414603457985,124.3740652923293,124.6542061455277,124.8637662711021,124.9950675393033,125.0744136777446,125.1068299286329,125.1088337672284,125.0468731214971,124.9346059405171,124.7880751927327,124.6002838267297,124.374059525972,124.0984756430699,123.8201317453841,123.5200631876348,123.1948426204348,122.8322981593441,122.4518447267097,122.0667068816705,121.6699273538292,121.2457893543233,120.8122770778386,120.3426462050085
Cabo Verde,CV,CPV,Population,,186.054,188.343,190.521,192.57,194.527,196.702,198.993,201.578,204.6,208.108,211.941,218.233,225.605,233.14,240.872,248.84,257.111,265.698,274.63,283.865,291.905,296.188,298.584,301.178,303.962,307.732,311.178,314.489,317.806,321.154,325.448,330.244,335.204,340.103,344.907,349.823,354.8,359.804,364.853,370.754,380.103,389.069,397.761,406.169,414.286,421.923,429.239,436.356,443.211,449.828,456.807,463.779,470.313,476.453,482.286,487.945,493.51,498.869,503.841,508.441,511.128,511.765,512.145,512.305,512.346,512.441,512.668,513.118,513.712,514.496,514.863,518.435,521.047,523.614,526.14,528.511,530.748,532.995,535.235,537.46,539.768,541.759,543.831,545.685,547.619,549.563,551.385,553.189,554.974,556.62,558.128,559.508,560.766,561.928,562.999,563.954,564.754,565.288,565.727,566.068,566.2,566.202,566.087,565.735,565.074,564.25,563.318,562.169,560.85,559.258,557.599,555.721,553.641,551.501,549.307,546.922,544.333,541.548,538.779,535.875,532.937,530.081,527.043,523.912,520.668,517.282,513.824,510.341,506.768,502.981,499.123,495.171,491.158,487.186,483.042,478.869,474.7,470.49,466.253,461.884,457.585,453.303,449.017,444.661,440.337,436.028,431.782,427.516,423.318,419.053
Cambodia,KH,KHM,Cement production,kt cement,,,,,0.0,0.0,0.0,0.0,0.0,0.0,0.0,0.0,0.0,7.274338,51.467896,58.820453,58.820453,58.820453,58.981164,36.762783,58.820453,51.467896,80.878123,51.467896,51.467896,51.467896,51.467896,7.352557,0.0,0.0,0.0,0.0,0.0,0.0,0.0,0.0,0.0,0.0,0.0,,,,,100.0,100.0,200.0,150.0,150.0,0.0,0.0,0.0,0.0,0.0,0.0,0.0,0.0,86.99,772.0,933.0,789.0,907.0,980.0,1060.0,1400.0,1700.0,2100.0,3400.0,4900.0,7400.0,7900.0,8700.0,8900.0,8900.0,8900.0,7091.215393603341,7206.147943838519,7316.838788437553,7427.074700911507,7536.143772575034,7658.759795375006,7787.461073142562,7913.822653491244,8037.427393308024,8160.280472505716,8280.463927649169,8349.567797250931,8415.042864976473,8480.541340216294,8545.534691327472,8610.108620589044,8675.800718955321,8741.593721962967,8807.894902842492,8874.551790541462,8941.738733590111,9010.71417778984,9080.562937594994,9150.195299237672,9220.628616407033,9292.083578325852,9358.038016093731,9421.6605993026,9481.204709248083,9537.510631347941,9591.06278606179,9643.490215985596,9693.036644441967,9740.252024808446,9784.485033207517,9825.966503910284,9866.04961129291,9902.75820800543,9935.7696550443,9966.742637163012,9996.03677235965,10021.70140461668,10046.51743139809,10069.73233198029,10089.45543236598,10107.15200978371,10122.63922883223,10136.96701848694,10149.79133297132,10159.9654963981,10169.82701611753,10176.8467515454,10184.14209274351,10189.86332891368,10193.20049689631,10194.82760510654,10195.65014280454,10196.20961790388,10195.74837575218,10193.26486571176,10188.58505754802,10183.425115682,10176.5328431088,10168.31639788393,10160.42742005184,10148.97054783193,10137.19023371342,10125.34726362597,10110.79814457261,10095.27583638503,10077.63312477388,10060.29694118816,10040.28428249507,10018.55591765917,9995.332378008023,9972.245470396383
Cambodia,KH,KHM,Population,,4425.014,4526.37,4629.552,4731.349,4836.316,4944.427,5054.541,5166.327,5275.342,5390.518,5509.413,5632.923,5762.193,5883.827,6008.53,6136.049,6266.415,6399.474,6535.173,6674.278,6604.087,6637.673,6710.098,6769.355,6797.125,6365.617,5904.365,5432.736,4990.569,5187.047,5212.697,5356.294,5516.57,5755.836,5934.398,6153.169,6418.217,6697.723,6926.304,7220.642,7528.862,7844.837,8381.33,8851.433,9626.89,10410.104,11192.435,11949.529,12166.816,12364.646,12560.027,12756.941,12953.541,13148.395,13341.067,13537.337,13740.718,13942.822,14164.137,14389.483,14611.969,14833.199,15056.972,15283.443,15510.1,15736.401,15969.205,16177.54,16371.503,16591.105,16859.842,17088.769,17314.678,17533.083,17744.518,17951.445,18150.994,18349.297,18544.245,18734.542,18920.234,19103.869,19282.832,19460.324,19633.429,19806.853,19972.207,20138.801,20302.804,20462.927,20618.438,20772.32,20924.432,21072.642,21216.516,21355.959,21492.734,21623.708,21750.662,21873.714,21989.196,22102.465,22208.826,22310.004,22406.892,22497.43,22583.804,22667.014,22745.223,22818.763,22887.21,22949.675,23005.181,23057.487,23107.277,23148.427,23188.96,23226.956,23257.851,23285.0,23307.242,23327.694,23345.467,23357.811,23370.128,23376.14,23383.426,23387.622,23386.803,23382.503,23376.575,23370.484,23362.438,23350.088,23333.01,23315.026,23293.362,23268.944,23245.571,23214.225,23182.34,23150.555,23112.757,23072.934,23028.431,22984.835,22935.26,22881.913,22825.295,22769.153
Cameroon,CM,CMR,Cement production,kt cement,0.0,0.0,0.0,0.0,7.352557,14.705113,7.248999,7.257069,7.352557,0.0,0.0,0.0,0.0,0.0,0.0,0.0,0.0,0.0,0.0,29.410226,139.698575,169.108802,190.389372,213.224141,235.281811,301.45482,360.275273,352.922717,492.621292,507.326405,514.678962,529.384075,610.262197,0.0,0.0,0.0,0.0,579.885495,617.318251,624.0,521.0,620.0,620.0,479.0,552.0,305.0,620.0,740.0,850.0,890.0,980.0,937.0,948.943,1032.43,1000.0,1000.0,1150.0,1000.0,1100.0,1000.0,1146.0,1275.0,1400.0,1300.0,1700.0,2340.0,2560.0,2830.0,2780.0,3440.0,4500.0,4700.0,4700.0,4700.0,5522.502371297707,5656.821859161192,5830.987011433991,6008.067313716296,6191.540378123157,6365.213070254327,6554.093029558568,6744.247376240142,6935.495595812759,7121.754625492339,7303.726186277285,7554.052893251176,7796.943570258388,8033.552576094432,8265.029618072196,8492.181795780583,8706.746882736328,8915.774927312792,9119.783683713556,9320.109563827242,9519.73760510268,9697.780270436762,9874.938562151458,10051.73244304509,10228.28427104899,10408.22722498873,10799.31792405613,11182.31767108078,11557.93798474745,11925.85782333374,12287.4259057405,12697.77183213244,13098.2571323188,13490.62511469823,13874.80429428179,14251.30008934992,14670.89187943198,15079.20484620755,15477.70767242836,15867.11474570053,16248.85609005421,16664.19794806814,17068.99299748563,17463.41511756882,17848.32352542991,18225.64724324927,18631.21039679888,19028.95479849176,19419.84639193611,19802.43038408984,20179.20261650194,20577.56569242784,20966.39688766422,21348.34230466461,21722.16201701972,22088.70857088123,22475.26056411333,22851.7385880699,23219.35230073878,23579.59314883641,23931.42386329428,24297.30837709317,24653.53615660216,25003.03239431285,25344.24086274585,25678.61347166277,26021.90458460997,26357.12544862376,26682.90102551183,27002.08272472392,27314.62345683357,27631.78865932902,27942.1063811883,28244.89173515397,28539.13137603574,28826.6966379978
Cameroon,CM,CMR,Population,,4361.724,4428.982,4500.45,4576.442,4657.329,4743.186,4833.487,4924.379,5020.058,5120.084,5198.031,5280.514,5396.727,5516.519,5639.995,5769.377,5905.213,6049.423,6202.303,6364.622,6534.964,6713.853,6899.891,7093.429,7293.738,7500.503,7695.42,7897.582,8126.26,8353.023,8671.414,8961.339,9096.017,9334.777,9615.379,9908.081,10212.603,10528.896,10841.04,11164.45,11499.192,11835.168,12177.539,12528.723,12881.083,13235.949,13593.566,13956.862,14332.857,14717.424,15107.838,15511.143,15939.912,16380.768,16840.207,17308.981,17791.832,18307.96,18840.153,19387.794,19948.338,20516.269,21102.789,21701.963,22417.823,23109.006,23799.317,24457.885,25154.881,25857.309,26563.807,27267.71,27997.833,28747.541,29499.946,30258.728,31022.905,31797.863,32583.473,33375.092,34179.287,34988.947,35810.395,36636.571,37473.048,38314.588,39170.347,40030.398,40895.625,41770.056,42645.95,43534.009,44418.024,45297.578,46185.371,47072.707,47965.369,48862.197,49755.333,50651.206,51541.428,52436.604,53334.818,54225.54,55116.184,55997.979,56878.239,57763.467,58645.887,59523.964,60397.828,61263.987,62126.146,62983.352,63840.036,64692.716,65541.799,66382.636,67215.678,68045.732,68870.709,69691.294,70509.503,71314.921,72118.429,72908.726,73684.786,74457.421,75218.264,75969.649,76719.1,77450.978,78169.137,78878.706,79573.442,80260.089,80930.265,81595.154,82246.5,82889.242,83517.415,84134.485,84733.529,85325.118,85907.917,86472.434,87029.164,87574.302,88103.012,88621.753
Canada,CA,CAN,Cement production,kt cement,2698.3275,2941.022638,3529.146661,3558.637392,3992.438231,4558.585089,5485.00722,5580.590456,5698.231361,5249.725409,5632.058352,6242.320549,6359.961455,7176.095237,7580.485849,8095.164811,7249.620803,7404.113939,7484.902614,7205.505463,8227.51083,9050.910088,10095.060205,10374.359803,9962.806177,9624.496583,9639.201696,10315.54595,11764.090552,10499.363954,10146.528101,8425.955371,7867.235557,8609.843773,10190.643441,10602.38661,12587.576891,12036.135146,12587.576891,11700.0,9396.0,5698.0,6672.0,10584.0,10440.0,11587.0,12015.0,12124.0,12634.0,12612.0,12793.0,13079.0,13416.0,13862.9,14179.4,14335.5,15077.6,13672.0,10985.0,12431.0,12001.0,12465.0,11611.0,11879.0,12167.0,11693.0,12706.0,13554.0,14000.0,14000.0,14000.0,15000.0,15000.0,15000.0,17904.85147678333,17987.07025346718,18038.12423208894,18088.30123508603,18126.94789482842,18223.80450072206,18356.1160519521,18487.74454828916,18616.57499240089,18741.24750345117,18867.34631770251,18933.68570234335,19001.20421187456,19067.65091119721,19132.91626118581,19195.87336609923,19265.50703256467,19335.1611805187,19403.84507203874,19471.9305292571,19540.27897292039,19611.08966658439,19678.51230322719,19745.13747197277,19812.5944092462,19875.59325737745,20021.56244828325,20165.42644024099,20309.61786614412,20448.42029456009,20586.10381174634,20724.11663558351,20862.11343112621,21000.55094697058,21141.88477762672,21281.69405707347,21421.65892237307,21562.93174882221,21705.68335851815,21846.8557301963,21986.46629516502,22125.46153042269,22263.74419656335,22404.14631258833,22538.97374698837,22672.662641637,22802.25401175411,22931.67048870506,23059.27039886134,23183.3913191859,23307.26713708044,23429.26708980788,23551.7246280782,23667.99451523718,23787.83332185326,23903.747701548,24015.19975988666,24129.97837063913,24237.85703253896,24350.27844136053,24459.41784349823,24562.35133886073,24666.31694675481,24767.65775333373,24879.80697328019,24981.19938459208,25077.35183271621,25180.47973582259,25280.67073605897,25383.91177458521,25486.55813215253,25586.95481915245,25688.53172808753,25797.75497697839,25905.13455448997,26010.0101680295
Canada,CA,CAN,Population,,13889.903,14276.694,14688.904,15106.846,15531.127,15925.422,16393.823,16888.837,17319.334,17711.707,18085.873,18440.276,18786.925,19141.598,19501.734,19869.302,20238.04,20579.519,20888.824,21186.412,21693.632,22097.75,22364.011,22660.442,22987.722,23310.251,23601.311,23859.369,24098.108,24376.237,24691.315,24998.632,25281.696,25543.52,25797.23,26057.701,26364.361,26717.48,27138.409,27593.691,27985.194,28329.121,28670.998,28990.276,29304.487,29613.776,29920.635,30197.543,30462.396,30736.515,31047.091,31380.063,31691.092,31981.872,32283.483,32596.863,32921.479,33262.864,33635.306,34017.435,34376.362,34734.543,35110.489,35476.376,35792.151,36132.317,36574.369,37042.624,37547.386,38018.483,38325.321,38582.793,39059.725,39538.484,39946.376,40307.07,40628.385,40936.083,41234.923,41517.67,41793.508,42063.722,42319.814,42556.246,42796.698,43013.836,43235.065,43450.947,43660.957,43857.762,44045.072,44230.739,44413.16,44589.112,44762.496,44937.696,45095.813,45251.16,45407.274,45546.625,45697.139,45845.787,46000.122,46141.898,46284.533,46429.611,46578.674,46732.895,46899.496,47064.787,47225.79,47394.042,47569.807,47743.837,47916.111,48087.944,48260.381,48441.498,48608.984,48775.638,48939.976,49105.9,49268.697,49423.68,49579.93,49743.128,49909.099,50059.406,50221.045,50373.295,50525.244,50687.393,50831.829,50989.689,51139.69,51283.778,51431.482,51572.957,51744.133,51887.28,52026.216,52184.285,52335.102,52494.524,52652.875,52815.322,52981.213,53167.495,53349.202,53524.621
Cayman Islands,KY,CYM,Cement production,kt cement,,,,,,0.0,0.0,0.0,0.0,0.0,0.0,0.0,0.0,0.0,0.0,0.0,0.0,0.0,0.0,0.0,0.0,0.0,0.0,0.0,0.0,0.0,0.0,0.0,0.0,0.0,0.0,0.0,0.0,0.0,0.0,0.0,0.0,0.0,0.0,0.0,0.0,0.0,0.0,0.0,0.0,0.0,0.0,0.0,0.0,0.0,0.0,0.0,0.0,0.0,0.0,0.0,0.0,0.0,0.0,0.0,0.0,0.0,0.0,0.0,0.0,0.0,0.0,0.0,0.0,0.0,0.0,0.0,0.0,0.0,20.03060425154911,20.26858822939141,20.49152708711435,20.72125098531559,20.95301657855483,21.20718691529143,21.37853121629172,21.56124399266261,21.74069439934915,21.93307925979027,22.12020835059884,22.09507126342455,22.0915699609493,22.10126242027848,22.12295813934158,22.15562372590325,22.16922111481025,22.18864541419235,22.22053743112917,22.2625253728679,22.30324118224158,22.33267890090547,22.36677622524964,22.40815520867505,22.46863084750187,22.51735970289914,22.71336523959497,22.90219188315988,23.06382574971371,23.22371927853883,23.37643391423303,23.52806083884679,23.68186318562143,23.80303419998279,23.92659817872111,24.03972013108718,24.14174743043273,24.23159236567733,24.32034958984148,24.40062266757818,24.47219405667133,24.53506375712093,24.59858608421881,24.66645925563845,24.73933589802813,24.802858225126,24.86833843216867,24.92207135954256,24.98472351777608,25.02409865888811,25.07348074194022,25.11046291867529,25.14853280649079,25.1961745518142,25.22271470217701,25.25708637231901,25.28471423376226,25.31538768623075,25.34910672972449,25.38217314656995,25.41654481671195,25.44787089582871,25.47441104619152,25.50247399206695,25.52227033373101,25.54358947090769,25.57730851440143,25.61472577556867,25.63843787712233,25.65649388105768,25.67411480056086,25.68651470687791,25.6943462266571,25.70087249313976,25.69217080449621,25.68607962244574
Cayman Islands,KY,CYM,Population,,7.082,7.185,7.33,7.486,7.622,7.766,7.915,8.064,8.196,8.342,8.513,8.69,8.872,9.068,9.265,9.458,9.663,9.875,10.067,10.264,10.77,11.425,12.102,12.775,13.453,14.123,14.784,15.426,16.029,16.673,17.485,18.325,19.174,20.021,20.888,21.76,22.633,23.513,24.388,25.359,26.639,27.95,29.292,30.66,32.044,33.442,34.844,36.242,37.601,38.967,40.381,41.797,43.23,44.639,46.064,47.511,48.953,50.421,51.882,53.355,54.842,56.371,57.9,59.41,60.911,62.374,63.827,65.244,66.637,68.017,69.352,70.863,72.32,73.756,75.159,76.528,77.864,79.201,80.509,81.781,83.048,84.315,85.527,86.749,87.905,89.034,90.181,91.317,92.441,93.552,94.68,95.765,96.839,97.896,98.89,99.874,100.813,101.726,102.671,103.508,104.409,105.277,106.02,106.755,107.457,108.154,108.861,109.418,109.986,110.506,110.975,111.388,111.796,112.165,112.494,112.783,113.075,113.387,113.722,114.014,114.315,114.562,114.85,115.031,115.258,115.428,115.603,115.822,115.944,116.102,116.229,116.37,116.525,116.677,116.835,116.979,117.101,117.23,117.321,117.419,117.574,117.746,117.855,117.938,118.019,118.076,118.112,118.142,118.102,118.074
Central African Republic,CF,CAF,Cement production,kt cement,,,,,,,,,0.0,0.0,0.0,0.0,0.0,0.0,0.0,0.0,0.0,0.0,0.0,0.0,0.0,0.0,0.0,0.0,0.0,0.0,0.0,0.0,0.0,0.0,0.0,0.0,0.0,0.0,0.0,0.0,0.0,0.0,0.0,0.0,0.0,0.0,0.0,0.0,0.0,0.0,0.0,0.0,0.0,0.0,0.0,0.0,0.0,0.0,0.0,0.0,0.0,0.0,0.0,0.0,0.0,0.0,0.0,0.0,0.0,0.0,0.0,0.0,0.0,0.0,0.0,0.0,0.0,0.0,635.8019142152754,646.5625002895297,658.8648056297765,669.7081118263734,680.092841625063,695.4375027114644,723.0801345098439,750.4144441962976,777.5799555569935,804.624937878035,831.5714514294472,876.1437129804442,920.4799170200441,964.6457155935291,1008.668894607222,1052.578556399253,1110.977277131082,1169.034202952312,1226.804294369648,1284.414323601007,1342.147384954828,1418.958142220942,1493.463276695081,1564.189727641318,1631.680733307702,1696.388990871763,1813.577994425093,1924.893428038383,2031.040597351631,2132.612603185937,2230.070047962502,2349.836974017096,2462.352147392164,2571.073361869033,2676.29165157421,2778.289648136199,2901.309419183834,3018.675433930011,3131.52961744487,3240.486891451927,3344.90591597181,3466.228676394629,3581.998640361589,3692.982079968624,3798.969330257582,3901.037373168527,4016.997805668766,4127.796436458052,4233.611876449806,4336.384421877194,4434.482168694329,4545.625783362756,4652.56604142307,4755.133485153567,4852.823385595357,4946.041714327681,5050.261916346881,5149.235035158039,5244.949739096123,5336.956838738843,5424.8829824369,5519.562661426241,5611.131654430874,5697.492159228807,5780.22378124747,5858.063050239972,5943.202814750835,6023.386106918716,6099.616618504314,6170.970005857787,6239.351007192045,6311.805498645234,6379.042767213971,6442.008867096661,6502.287504787017,6559.021034315691
Central African Republic,CF,CAF,Population,,1449.6,1472.901,1496.747,1521.15,1546.365,1572.361,1599.331,1627.223,1656.118,1686.544,1718.148,1751.012,1785.218,1820.908,1858.259,1897.45,1938.715,1982.172,2028.028,2075.003,2120.007,2162.892,2204.645,2247.371,2291.306,2336.527,2360.604,2385.257,2410.665,2436.924,2464.146,2492.658,2522.092,2552.707,2584.512,2617.353,2651.162,2687.148,2740.783,2827.158,2916.661,3009.722,3107.939,3207.739,3308.168,3387.935,3483.995,3579.404,3678.249,3780.65,3886.183,3952.791,4059.364,4146.808,4238.844,4338.777,4416.381,4509.16,4608.807,4449.286,4536.705,4593.338,4628.358,4656.48,4589.884,4668.757,4758.57,4828.451,4928.863,4960.544,5092.713,5131.487,5064.592,5240.249,5421.13,5605.434,5792.534,5983.711,6181.218,6378.246,6578.245,6781.87,6986.407,7192.479,7400.015,7605.159,7809.963,8013.299,8218.426,8424.685,8628.225,8829.922,9032.403,9237.588,9445.936,9655.85,9867.038,10078.49,10293.544,10507.707,10725.798,10942.924,11161.792,11381.587,11600.789,11819.53,12037.684,12255.937,12472.771,12687.524,12900.972,13109.777,13318.749,13528.294,13730.179,13930.332,14129.676,14328.564,14522.111,14714.155,14905.532,15090.115,15266.866,15444.228,15612.177,15783.19,15952.838,16118.213,16275.445,16425.279,16578.775,16725.721,16873.0,17017.166,17155.536,17287.582,17421.014,17546.117,17667.967,17780.847,17896.366,18005.679,18112.413,18212.07,18310.414,18407.097,18496.38,18580.476,18663.751,18742.529
Chad,TD,TCD,Cement production,kt cement,,,,,,,,,0.0,0.0,0.0,0.0,0.0,0.0,0.0,0.0,0.0,0.0,0.0,0.0,0.0,0.0,0.0,0.0,0.0,0.0,0.0,0.0,0.0,0.0,0.0,0.0,0.0,0.0,0.0,0.0,0.0,0.0,0.0,,,,,,,,,,,,,,,,,,,,,0.0,2.0,140.0,180.0,200.0,220.0,250.0,350.0,370.0,410.0,390.0,510.0,600.0,600.0,600.0,700.415039063513,713.6018390923964,725.1167875294946,734.2034378790877,742.7100396306389,757.2966922489159,793.6057151155989,829.2758154079448,864.5287999278556,899.474029856744,934.2016920926062,987.6417427291954,1040.587527962356,1093.260861274253,1145.690404290577,1197.898594560394,1261.612558294267,1324.735984140843,1387.518088499966,1450.085790288312,1512.868567377162,1590.504543401606,1668.142481371713,1745.790055875301,1823.350664818122,1901.145454008294,2041.678101553858,2182.211749851453,2322.713971094112,2463.161209464401,2603.579274128675,2786.086065227221,2968.359481925436,3150.746073750045,3333.63432826231,3516.919723240657,3752.385068306523,3988.954925311592,4226.339068639569,4464.525152154391,4703.288829811144,5004.268143361037,5306.313727765829,5609.909568001983,5914.417698159567,6219.989053530255,6597.038201123116,6975.50689082396,7355.342561568794,7736.81101924965,8109.069952145239,8544.163727157802,8964.307711109524,9369.927739835375,9761.789592192772,10140.29575376995,10568.04992682176,10977.48734821308,11367.66653461045,11742.18506728491,12100.98309559601,12496.65018977633,12870.96397274911,13230.88189204817,13577.51506416689,13915.25118536,14286.52832452992,14641.94451220785,14985.71019868329,15316.03513065996,15632.18524104225,15974.58071494054,16304.71589986484,16623.10021117749,16922.63468447071,17211.77222440675
Chad,TD,TCD,Population,,2547.815,2592.998,2639.627,2687.914,2738.095,2790.403,2844.909,2901.257,2959.477,3019.167,3080.508,3143.385,3207.811,3273.998,3340.96,3407.481,3474.326,3542.699,3613.763,3688.464,3767.192,3847.441,3939.063,4032.754,4123.959,4210.509,4292.084,4371.25,4451.482,4559.286,4471.619,4570.3,4906.666,5051.594,5038.695,5153.842,5348.296,5528.322,5722.883,5916.289,6049.377,6361.976,6587.336,6670.956,6895.944,7282.184,7538.032,7802.7,8074.98,8370.43,8653.756,8954.492,9277.893,9697.773,10142.299,10513.884,10898.964,11264.357,11688.234,12099.273,12525.877,12984.117,13437.879,13944.28,14433.077,14862.165,15367.145,15878.373,16434.688,16935.758,17513.6,18142.947,18767.684,19870.444,20727.802,21279.608,21841.152,22509.599,23185.9,23866.179,24548.779,25245.7,25946.763,26648.918,27345.897,28048.661,28772.348,29493.595,30219.316,30950.097,31664.587,32405.662,33149.684,33900.805,34643.837,35408.949,36167.185,36926.654,37708.286,38469.565,39245.807,40026.258,40808.224,41589.354,42361.623,43147.679,43923.308,44690.887,45461.643,46243.809,47022.139,47767.366,48509.811,49245.292,49992.688,50713.934,51441.187,52124.233,52817.273,53501.896,54182.357,54866.958,55552.809,56216.833,56861.683,57509.888,58144.16,58773.453,59407.853,60027.75,60627.126,61225.423,61774.311,62338.333,62890.732,63433.839,63949.528,64459.154,64934.485,65419.913,65904.011,66350.742,66795.69,67216.078,67602.29,67984.519,68367.219,68747.079,69067.525,69387.414
Chile,CL,CHL,Cement production,kt cement,698.492877,816.133782,764.665886,772.018442,801.428669,772.257531,727.903103,727.903103,838.191452,838.191452,882.306791,1022.229491,1169.056499,1264.639734,1183.761612,1367.308735,1234.994361,1235.442957,1433.748536,2044.314676,1367.760634,1382.46046,1374.928083,1426.194483,1014.491164,963.331473,1124.941159,1176.409055,1352.870413,1580.570267,1860.474667,1132.293716,1257.287178,1396.985753,1426.639267,1433.984894,1595.504781,1882.254488,2007.24795,2120.0,2251.0,2645.0,3021.0,2995.0,3275.0,3634.0,3735.0,3888.0,3036.0,3377.0,3513.0,3462.0,3622.411,3797.603,3999.122,4111.533,4439.967,4622.0,3876.0,3871.0,4406.0,4722.0,4880.0,4200.0,4320.0,4310.0,4000.0,4750.0,5030.0,4280.0,4750.0,4500.0,4500.0,4500.0,4294.610143779851,4369.660366794498,4439.28212909871,4506.229941827386,4575.010036515356,4616.98051423161,4666.99928278035,4717.279067683717,4767.628681973252,4817.949082849083,4868.619952757359,4881.322995474881,4894.722859880701,4908.442234824793,4922.585030495555,4936.95329190727,4950.171566198992,4963.475287026015,4977.168539888773,4991.365846934219,5006.122956152303,5019.996487583767,5034.992035179591,5050.745465548091,5066.645797620903,5082.951100714733,5128.027725858536,5170.656684960528,5210.802928988721,5248.29596254728,5283.526794466359,5316.05453301385,5346.291938216564,5374.050177354258,5399.8123179839,5422.811469787017,5445.102781529641,5464.764017979814,5482.004994884143,5496.346291437551,5508.144901131121,5518.528616873992,5526.279956903965,5532.062098933019,5535.773042885367,5537.630533854743,5536.364879424033,5532.937032785207,5528.305838724779,5522.146902125797,5514.085033501377,5502.385320830936,5489.306829376803,5474.672485159621,5458.548378414876,5441.072896325162,5420.124605519858,5398.05087525155,5375.418194179929,5351.10183529299,5325.644110750523,5296.723305473391,5267.014994001105,5236.194134681882,5204.240264098828,5171.676270676199,5137.122192855184,5102.278195167695,5067.592160347872,5032.309781076005,4997.02288303131,4960.130370904619,4923.466304620158,4887.035058659635,4850.354564494412,4813.733773052363
Chile,CL,CHL,Population,,6690.588,6822.745,6961.234,7105.823,7255.315,7409.288,7569.779,7732.829,7899.144,8067.712,8238.988,8410.617,8583.502,8756.786,8928.265,9097.611,9265.834,9432.044,9597.388,9763.176,9927.512,10091.89,10257.466,10423.257,10588.377,10754.742,10921.76,11089.278,11256.113,11423.444,11593.656,11763.777,11936.651,12115.624,12299.841,12490.708,12687.119,12893.182,13105.665,13324.345,13550.007,13774.975,13994.18,14210.372,14422.14,14632.623,14835.468,15029.401,15226.197,15412.428,15594.842,15772.856,15942.995,16106.508,16268.135,16429.42,16588.969,16754.192,16923.784,17095.677,17267.251,17436.38,17601.858,17772.155,17956.235,18139.016,18395.427,18722.308,19064.074,19331.414,19409.834,19502.834,19603.239,19714.431,19815.112,19904.73,19986.969,20065.339,20136.528,20202.719,20263.647,20318.324,20365.29,20404.855,20440.243,20471.637,20498.535,20517.364,20531.599,20539.813,20544.392,20542.178,20537.655,20528.192,20511.177,20487.098,20459.465,20427.981,20388.69,20344.193,20296.42,20241.985,20180.847,20111.945,20038.497,19958.026,19873.018,19782.247,19689.071,19588.436,19484.742,19375.311,19261.536,19140.647,19014.915,18887.309,18754.621,18620.476,18484.191,18346.781,18206.879,18063.707,17920.427,17775.05,17625.794,17473.017,17318.43,17161.227,17001.735,16840.587,16677.167,16512.604,16349.32,16182.465,16014.388,15843.251,15671.96,15499.174,15324.831,15151.035,14978.734,14807.791,14639.89,14472.042,14306.484,14142.111,13980.522,13821.661,13663.682,13507.688
China,CN,CHN,Cement production,kt cement,2490.0,2890.0,3880.0,4600.0,4500.0,6390.0,6860.0,9300.0,12270.0,15650.0,6210.0,6000.0,8060.0,12090.0,16340.0,20150.0,14620.0,12620.0,18290.0,25750.0,31580.0,35470.0,37310.0,37090.0,46260.0,46700.0,55650.0,65240.0,73900.0,79860.0,82900.0,95200.0,108250.0,123020.0,145950.0,166060.0,186250.0,210130.0,210290.0,209710.0,252610.0,308220.0,363330.0,421190.0,475910.0,492120.0,512760.0,536000.0,573000.0,597000.0,661039.9,725000.0,862081.1,966819.9,1068847.9,1236764.8,1361172.5,1423557.3,1643977.8,1881911.7,2099258.6,2209840.8,2419238.9,2492070.8,2359188.3,2410309.8,2330840.6,2236096.2,2344306.2,2394708.3,2377244.9,2129271.8,2019401.5,1830000.0,1764134.190027095,1705784.535966904,1647441.315960441,1589107.210529909,1530778.659759746,1472452.091040328,1414144.599634109,1355839.962846252,1297540.343179171,1239242.126052848,1180948.272732229,1163961.265276029,1146975.332642981,1129988.032665543,1113004.011183871,1096016.806888378,1079036.127220491,1062056.558261877,1045077.721412144,1028097.450063182,1011117.0090414,994138.7885083829,977161.9435099259,960187.4512957648,943210.0665513452,926232.4068206266,913883.0343703439,901167.3737218528,888093.0303537974,874746.9875242658,861127.9457505089,847361.9918280921,833402.7425177194,819331.2401459039,805156.4546859617,790955.184341137,776887.6497485597,762920.0972310606,749073.6683703403,735413.1265782681,721911.0932876555,708981.2565800541,696250.916404965,683722.9712502053,671422.5953061349,659314.8887604574,647721.8618144172,636276.8830886987,624950.9486568093,613728.4517085449,602613.3415125206,591781.4307662164,580999.1714376186,570263.1599242334,559555.8777108808,548866.6803997912,538360.7800722597,527912.4995110701,517567.9356972877,507313.1409216353,497146.3971100549,487202.6465470181,477427.1321488754,467811.0647497953,458361.7673199557,449089.8622964011,440057.9784433317,431197.0433829249,422484.79036501,413916.289715125,405486.5083032962,397260.6614672551,389144.9152379269,381135.8609158724,373232.054322312,365432.2248750909
China,CN,CHN,Population,,548898.71,558617.784,571645.091,583469.185,596758.532,610335.483,622781.682,637930.735,650508.223,654908.211,654695.926,656851.046,673296.335,695808.956,713787.574,733043.892,751760.534,770291.518,791730.531,812550.133,834067.801,854071.933,873283.695,891870.197,908744.967,923488.619,937255.966,949836.783,962486.186,976089.953,990237.132,1005205.011,1021971.348,1036158.564,1051540.712,1068074.929,1086392.285,1106042.607,1124445.724,1143536.292,1163629.156,1177947.9,1191200.574,1203416.576,1214589.617,1225678.238,1236211.386,1246067.858,1255626.395,1264726.915,1274435.436,1283014.689,1290718.988,1298315.664,1305884.967,1314169.304,1321938.768,1329688.395,1337953.637,1347091.795,1356031.233,1364470.096,1374571.633,1383444.448,1392459.496,1399808.851,1408296.413,1416413.041,1421604.871,1425435.844,1426776.342,1426098.192,1424260.946,1420908.919,1417733.636,1414458.552,1411369.625,1407989.187,1404284.3,1400281.205,1396026.459,1391470.88,1386649.184,1381543.858,1376210.011,1370645.051,1364840.518,1358819.609,1352625.805,1346163.63,1339469.683,1332510.78,1325307.695,1317873.9,1310158.073,1302069.502,1293565.661,1284675.192,1275309.978,1265452.312,1255125.875,1244259.201,1232855.063,1221004.646,1208702.046,1195982.896,1182898.442,1169537.449,1155907.968,1142096.367,1128158.014,1114191.419,1100222.847,1086330.56,1072485.204,1058779.855,1045198.415,1031747.221,1018459.683,1005296.697,992271.941,979341.179,966470.163,953640.603,940858.23,928075.091,915280.168,902468.895,889618.682,876715.269,863789.419,850868.01,838010.383,825198.952,812431.761,799798.347,787320.161,774987.274,762810.991,750807.23,738998.443,727360.47,715865.031,704506.905,693280.636,682167.534,671154.22,660236.787,649413.991,638684.81
"China, Hong Kong SAR",HK,HKG,Cement production,kt cement,73.525566,66.173009,66.313504,102.935792,117.412032,117.640906,102.776449,154.403688,139.698575,147.233804,183.813915,213.224141,220.576698,213.224141,242.819585,249.986924,213.224141,374.980386,374.980386,426.448283,514.885081,411.580618,441.153396,573.499414,573.690326,764.890128,1029.357923,1235.229508,1279.344848,1485.216432,1514.923877,1433.748536,1713.145687,1845.491705,1838.139149,2235.177205,2227.824648,2191.061865,2139.593969,1810.0,1677.0,1643.0,1712.0,1927.0,1913.0,2027.0,1925.0,1539.0,1387.0,1284.0,1279.0,1206.0,1188.516,1039.391,1005.33,1010.0,1000.0,1426.0,1124.0,1461.0,1537.0,1675.0,1768.0,1900.0,1930.0,1840.0,1580.0,1640.0,1600.0,1500.0,1500.0,1600.0,1600.0,1600.0,1612.65234484109,1625.17571258119,1628.765474136351,1625.571553131661,1616.811622868811,1604.649039806994,1576.250758689467,1544.668105673964,1510.440104076221,1473.13762737671,1433.243542053496,1429.338639967473,1425.753803140271,1423.207736436315,1418.044344876585,1414.811838724748,1404.475684388072,1393.874167586302,1382.31515759526,1371.814238618557,1360.714465038098,1346.488279750326,1332.099618617695,1315.673563050533,1301.268059307821,1286.135758823992,1276.68329573875,1266.27612777367,1256.065410488222,1245.978685094332,1235.709931369197,1224.985823670354,1213.821541766113,1202.346391814388,1190.54976269896,1179.111212505007,1168.10414074895,1156.615880252083,1146.35040488287,1136.023137290446,1124.379933279772,1112.588726582572,1100.870059124361,1088.402130659878,1076.112525163111,1064.205373443272,1051.369997589715,1038.78499200349,1025.421356539121,1011.683808592876,997.9623096710095,983.7116778882605,969.4118706105038,953.5187858487072,939.8615826129384,925.128060544814,910.3413433722807,896.4573762017807,882.4534826476668,867.4840565838484,851.6688078531078,835.8662694878898,820.4507108942314,805.2068917745786,790.9132181234978,776.0091177555748,761.4438912900806,747.5462817900637,734.7209309282345,721.4590217962733,707.2916118207252,694.2679432081939,681.503359956028,668.7153405112186,657.1455461670469,645.007636018631
"China, Hong Kong SAR",HK,HKG,Population,,2022.831,2116.13,2213.467,2315.19,2422.04,2534.355,2654.159,2780.208,2910.793,3038.295,3151.386,3001.929,2776.24,2548.962,3723.095,3987.746,4042.857,2905.399,3225.255,3565.786,3914.046,4064.426,4169.819,4276.674,4384.771,4491.985,4598.279,4702.702,4805.435,4909.906,5015.062,5106.849,5193.339,5276.874,5355.084,5431.159,5471.707,5501.036,5528.761,5552.387,5568.807,5687.381,5831.732,5973.294,6111.229,6242.978,6361.95,6471.397,6571.272,6661.777,6747.551,6800.926,6841.891,6875.922,6900.405,6916.567,6945.613,6997.077,7044.3,7084.633,7118.601,7167.338,7234.784,7293.886,7345.115,7387.704,7428.315,7461.468,7480.919,7490.707,7489.764,7479.439,7452.391,7433.078,7396.741,7395.411,7361.793,7348.288,7301.514,7271.722,7233.572,7189.876,7154.466,7115.641,7084.327,7018.925,6967.158,6939.096,6875.544,6847.05,6786.086,6723.591,6650.619,6595.028,6533.18,6464.2,6391.676,6293.804,6217.96,6130.903,6050.335,5960.131,5873.483,5789.445,5704.675,5615.539,5523.368,5429.676,5334.503,5244.451,5154.276,5061.472,4981.411,4902.153,4812.962,4722.629,4634.756,4542.668,4453.93,4369.918,4280.26,4194.309,4104.537,4014.064,3925.636,3836.975,3749.765,3654.157,3574.505,3489.726,3406.698,3330.456,3254.796,3174.972,3091.917,3010.003,2931.31,2854.6,2783.832,2710.845,2639.96,2573.327,2512.767,2450.803,2385.282,2325.474,2267.604,2210.326,2159.23,2106.152
"China, Macao SAR",MO,MAC,Cement production,kt cement,,,,0.0,0.0,0.0,0.0,0.0,0.0,0.0,0.0,0.0,0.0,0.0,0.0,0.0,0.0,0.0,0.0,0.0,0.0,0.0,0.0,0.0,0.0,0.0,0.0,0.0,0.0,0.0,0.0,0.0,0.0,0.0,0.0,0.0,0.0,0.0,0.0,,,,,,,,,,,,,,,,,,,,,,450.0,440.0,580.0,590.0,600.0,,,,,,,,,,889.5212644272557,863.0155932423306,839.0094745133462,812.6724624145099,786.3467992036127,761.4417380466948,733.6950617467521,706.2781389827203,676.4894440252285,648.372683411731,618.4837257174539,609.3960840034099,598.9135538791992,588.7595980208764,577.9444712519788,568.3812728969887,559.3970951208686,549.5675705364719,539.9634302606795,530.7356981990642,522.2764935614883,514.7232118668587,505.9568714565837,496.875141184653,488.6653893470345,481.4574205493488,476.3101972167249,470.1160032047397,463.5010081725256,456.9345263682617,450.4767773709434,444.3374471278765,438.7920016920779,433.9576144740861,428.2956778931354,421.1791883289872,416.6007599355266,410.1175262183776,404.929997831281,397.7499695539928,391.2098355135388,386.4817665145508,379.4622096005302,372.3451496151266,365.3593174138544,358.0055313230133,351.5636888733343,345.4462016853396,338.5641708072847,331.8952194171608,324.8849653607624,318.2617463570678,311.7857546247474,305.2985165993753,298.9686266139176,293.2187024125195,287.1769226805167,280.8501472779415,274.7297906195136,268.6548203799304,262.4041328623006,256.5855239907181,251.4351494492515,246.0210499480233,240.8058860432191,235.7632036946885,231.3130227611258,227.4208426859405,223.3601271778319,218.8845835344502,215.1427879807928,211.3614149556579,208.2414540145805,205.1934471609531,201.7886657309147,198.5109813152476
"China, Macao SAR",MO,MAC,Population,,199.672,200.553,200.249,198.926,196.809,194.076,190.282,186.095,181.241,175.609,171.022,175.624,179.995,184.275,267.035,264.227,261.658,259.188,256.678,253.934,260.857,266.061,280.301,220.347,222.427,225.454,229.3,233.778,238.635,243.658,248.536,256.474,265.635,275.371,285.742,296.813,308.526,320.713,333.097,345.348,356.898,367.637,376.86,385.793,394.45,402.936,411.121,419.017,426.603,433.902,440.716,449.534,462.494,475.612,488.788,502.033,515.46,529.091,542.769,556.197,569.414,581.851,593.04,604.446,616.162,628.196,640.427,652.682,664.862,677.086,689.047,699.757,708.956,718.867,721.657,722.357,724.02,724.123,724.374,726.48,726.967,727.668,726.341,726.36,724.744,722.768,719.261,715.864,711.639,708.422,705.36,701.261,697.211,693.385,690.184,687.413,683.134,678.298,674.159,670.881,666.839,661.562,655.74,649.899,644.109,638.363,633.244,628.897,623.544,616.439,612.06,605.401,600.222,592.632,585.744,580.645,572.758,564.703,556.756,548.308,540.602,533.261,524.941,516.845,508.283,499.853,491.578,483.259,475.109,467.668,459.584,451.113,442.883,434.688,426.241,418.166,410.945,403.365,396.03,388.907,382.458,376.739,370.791,364.285,358.747,353.095,348.322,343.643,338.484,333.492
"China, Taiwan Province of China",TW,TWN,Cement production,kt cement,389.6855,448.763123,522.031518,536.433733,588.204528,588.204528,602.909641,1014.264649,1066.120706,1183.761612,1507.274102,1867.549375,2242.529761,2352.81811,2441.04879,3110.716711,3485.111826,3993.04388,4088.590908,4300.697539,5043.853824,5867.939115,6095.269417,6168.794983,6793.762294,8756.894905,10338.313745,11462.635732,11896.436571,14058.08821,14336.786107,13432.468616,14809.785,14234.401,14417.679,14806.115,15663.437,17280.809,18043.207,18458.413,19398.604,21463.718,23970.821,22721.65,22478.018,21537.344,21522.439,19651.529,18283.162,17572.303,18127.57,19362.884,18474.193,19049.935,19890.989,19293.803,18957.336,17330.277,15918.474,16300.989,16852.035,15793.591,16575.743,14629.131,13445.066,12126.209,10876.398,10938.847,11270.763,11785.976,11970.278,11223.473,10246.472,9876.231,9955.523127162674,9945.441931248484,9935.965286005832,9925.685575688125,9906.343193334224,9881.480769721851,9826.890598791202,9771.695117931498,9716.770352099265,9662.245365595458,9606.899504129857,9577.830201130299,9549.324069282355,9520.8952240379,9493.246383773196,9465.25458844344,9421.099243641238,9377.064073486927,9331.68166398184,9286.032193112473,9240.79923291114,9184.90959335174,9129.702092342764,9074.399497659098,9019.85945242204,8965.271825789974,8871.400449976098,8777.053846066628,8681.87393170991,8585.516861411597,8487.847840711729,8388.527880894944,8289.484242028388,8188.843348931933,8087.748241570262,7985.340250708915,7883.172866735471,7780.206694207652,7677.101053890968,7574.509701447049,7471.633935998389,7370.295241045618,7269.599482355989,7168.823926310002,7068.381520577381,6969.223400760244,6872.041939107175,6775.026267647887,6678.475981356873,6583.399201676657,6489.108702479266,6397.987436448315,6308.622115064033,6220.310508800657,6133.077481797726,6047.620601123676,5966.50569529547,5886.676342382822,5808.848096962301,5732.40010188413,5657.065547562011,5586.099031123277,5516.898627775342,5448.77871895027,5381.525904525756,5315.701556081512,5252.903215149582,5191.77319311971,5131.784795047333,5072.756996007511,5014.534428540187,4959.238650659529,4904.869517894659,4851.032915449865,4797.992447811737,4745.727877010038
"China, Taiwan Province of China",TW,TWN,Population,,7724.618,8000.974,8297.006,8605.735,8929.812,9278.456,9652.963,10048.088,10444.225,10844.126,11248.391,11658.609,12074.734,12496.71,12916.639,13332.966,13742.447,14060.493,14370.676,14676.513,14954.976,15287.298,15613.926,15931.467,16233.183,16497.352,16845.646,17194.549,17552.906,17918.655,18254.386,18571.269,18876.702,19168.547,19444.978,19698.396,19913.563,20118.074,20329.221,20508.591,20681.221,20882.279,21081.897,21267.467,21446.813,21622.177,21796.376,21974.281,22124.171,22283.391,22382.348,22510.167,22623.636,22704.613,22786.249,22863.614,22965.654,23048.194,23124.284,23204.438,23243.66,23302.493,23389.429,23444.32,23501.311,23557.197,23615.088,23650.808,23667.802,23680.473,23646.445,23470.22,23370.002,23264.288,23163.636,23061.95,22960.635,22856.043,22751.547,22645.122,22534.778,22419.604,22301.478,22179.706,22050.948,21918.496,21781.407,21637.366,21489.819,21336.384,21177.884,21013.581,20843.712,20669.345,20491.723,20306.656,20121.176,19928.891,19735.092,19535.308,19333.891,19131.117,18925.959,18717.43,18505.142,18290.599,18076.85,17858.523,17638.894,17415.5,17189.593,16961.401,16732.816,16505.711,16277.798,16050.967,15825.993,15600.808,15376.592,15156.057,14936.816,14718.082,14500.707,14287.553,14076.658,13869.064,13666.503,13466.971,13270.529,13079.137,12893.281,12711.115,12534.636,12362.08,12192.686,12028.778,11869.892,11714.092,11560.771,11411.482,11264.313,11121.886,10982.718,10846.293,10712.17,10580.683,10451.887,10324.687,10199.795,10077.143
Colombia,CO,COL,Cement production,kt cement,646.734835,698.492877,874.954235,963.184914,1044.063036,1220.879302,1227.876951,1227.876951,1359.913336,1463.158762,1595.504781,1742.555913,1837.822119,1962.801057,2051.034651,2073.42096,2110.183743,2367.196939,2389.580893,2793.971506,2845.783512,3050.955605,3220.419789,3484.761528,3088.07377,3609.757762,3294.252311,4154.194476,4257.481633,4353.073381,4455.28182,5028.747086,4720.341334,5279.135635,5396.367508,6006.59015,5962.923399,6764.352067,6638.901286,6250.0,6302.0,6807.0,7930.0,9322.0,9407.0,8907.0,8446.0,9190.0,9200.0,9750.0,6830.0,6604.0,7337.398,7822.386,9959.223,10038.131,11067.76,10456.0,9232.0,9504.777479,10778.5376,10924.786,11251.933,12402.371173,13046.716955,12495.402033,12298.842963,12459.874163,13012.792232,11848.568184,13797.103845,14611.413947,14210.890116,13423.710411,12800.53397815856,13033.64388574689,13283.52306938963,13537.4711653114,13796.60169116019,14050.12569083899,14335.88652450922,14610.83671051897,14875.55390537065,15130.85997744093,15378.02458725297,15538.78396589546,15692.95640110267,15840.24516429032,15981.65689006127,16117.77982089135,16259.48244838155,16394.84560622145,16524.34946160221,16648.36249402418,16767.25750675593,16883.14001772713,16994.80622602451,17101.94850680809,17204.66531385609,17303.80401549654,17504.29560497191,17692.87547075761,17869.91795689546,18035.91084400353,18191.257455814,18343.6287916296,18487.58139759281,18623.28053891939,18750.87453638729,18870.61122163848,18986.99196585696,19095.47370470362,19195.94900860004,19288.81614590356,19373.87157565723,19453.01585654856,19524.2329059047,19587.82285803996,19643.82779869891,19692.53437384055,19732.61011983329,19765.49001454792,19791.29625156786,19810.25325458405,19822.26178171072,19824.03742017097,19819.53124030336,19808.84703882289,19792.15557390425,19770.09232115306,19739.01144118159,19703.06891743924,19662.21081826736,19616.97138360876,19567.48321591434,19511.3578970824,19451.70654802913,19388.60471070504,19322.33091177169,19253.66197141437,19180.91791649531,19106.38878834268,19030.10571675407,18952.07458027061,18872.59861148303,18791.15928533375,18709.37165047762,18626.661858517,18543.28969449696,18459.67582804074
Colombia,CO,COL,Population,,11919.132,12238.482,12573.202,12918.868,13282.81,13663.31,14060.292,14480.249,14906.325,15366.105,15846.313,16344.093,16853.964,17373.683,17901.139,18436.96,18968.415,19502.82,20030.772,20553.112,21070.452,21567.741,22071.385,22579.363,23087.575,23601.714,24115.907,24671.081,25229.592,25801.66,26407.335,27019.199,27657.462,28318.884,28966.495,29570.446,30187.779,30811.156,31449.892,32102.665,32777.472,33419.273,34101.87,34781.076,35473.743,36135.582,36789.908,37452.391,38131.939,38777.787,39402.081,40016.444,40632.916,41241.942,41844.401,42413.553,42968.614,43502.133,44015.484,44527.597,45027.041,45492.187,45939.433,46363.736,46767.121,47172.76,47702.264,48559.892,49489.039,50326.931,50933.064,51443.283,52032.604,52609.701,53163.026,53688.245,54184.207,54660.324,55109.908,55535.344,55937.606,56314.321,56666.676,56997.845,57305.379,57586.127,57847.603,58082.989,58297.166,58491.447,58661.444,58812.326,58943.93,59056.785,59152.395,59229.251,59290.268,59335.999,59366.507,59383.512,59387.201,59378.719,59357.853,59325.151,59280.839,59224.875,59157.808,59079.529,58989.93,58889.423,58777.459,58654.541,58519.586,58373.771,58215.729,58046.381,57863.979,57669.405,57462.501,57244.105,57012.856,56769.717,56514.943,56249.18,55971.864,55684.114,55386.022,55077.84,54760.06,54434.805,54101.122,53760.655,53413.093,53060.146,52702.118,52339.749,51973.853,51604.542,51232.595,50860.393,50488.608,50117.763,49748.249,49380.412,49014.964,48653.973,48297.988,47944.986,47595.548,47250.735
Comoros,KM,COM,Cement production,kt cement,,,,,,,,,0.0,0.0,0.0,0.0,0.0,0.0,0.0,0.0,0.0,0.0,0.0,0.0,0.0,0.0,0.0,0.0,0.0,0.0,0.0,0.0,0.0,0.0,0.0,0.0,0.0,0.0,0.0,0.0,0.0,0.0,0.0,0.0,0.0,0.0,0.0,0.0,0.0,0.0,0.0,0.0,0.0,0.0,0.0,0.0,0.0,0.0,0.0,0.0,0.0,0.0,0.0,0.0,0.0,0.0,0.0,0.0,0.0,0.0,0.0,0.0,0.0,0.0,0.0,0.0,0.0,0.0,105.5499842302764,108.1843157338351,111.3468106899858,114.1924804051653,116.5104085948235,119.3224768749862,122.055653308947,124.8609324065632,127.7379015154012,130.6783191304485,133.6765657075561,141.2221500366659,148.7324979009531,156.2199221647004,163.6935159511546,171.1552872594835,181.6713392964768,192.0345689395885,201.633158079042,210.5660606072008,218.9557755231321,227.9763481698758,236.1618477461193,243.6471353722079,250.5715869971197,256.9993002642036,268.5093572805278,279.4908808849318,290.041089206559,300.1730431204371,309.9389210398401,320.5643215412403,330.7465296936956,340.5291829962887,349.9536041969106,359.0564951478941,368.6993161781656,377.9777240175278,386.882573122638,395.5008114861699,403.8400010746294,412.404838458693,420.7053537241777,428.8070975220862,436.6953010515984,444.3784430275604,452.2090880375829,459.9029253054869,467.3897157320862,474.7038581407661,481.8445276025745,489.0823075655503,496.1463711146384,503.0030198521777,509.7069033700919,516.2006397007788,522.7148978982717,529.0643430908123,535.2783005984306,541.3736311663213,547.2720603498221,553.1134088821411,558.8350071168903,564.3595450822925,569.7654467619323,575.0271085567558,580.2291905668964,585.2734730126406,590.1487200200861,594.8590847648562,599.4683776915525,604.0364994221399,608.4141970574241,612.6942056184517,616.7947343780565,620.7720978122536
Comoros,KM,COM,Population,,163.917,167.149,170.803,174.397,177.88,181.293,184.622,188.51,192.616,195.955,199.445,202.957,206.446,209.925,213.364,216.57,220.756,226.963,233.526,240.476,247.893,255.837,264.316,273.323,282.827,292.558,302.518,312.639,322.737,332.845,342.597,352.168,362.11,372.356,382.917,393.787,404.849,416.029,427.344,438.862,450.331,460.781,469.444,477.92,486.365,494.807,503.407,512.148,521.047,530.726,541.433,553.007,564.84,574.755,586.653,598.701,610.805,623.048,635.566,648.329,661.343,674.769,688.49,703.895,719.11,734.254,749.228,764.111,779.069,794.087,810.24,826.109,842.267,858.507,874.749,890.946,907.074,923.274,939.588,956.026,972.503,989.048,1005.651,1022.472,1039.267,1056.259,1073.443,1090.555,1107.741,1125.099,1142.457,1159.841,1177.182,1194.736,1212.353,1229.791,1247.118,1264.304,1281.772,1298.966,1316.15,1333.221,1350.219,1366.859,1383.33,1399.67,1415.781,1431.694,1447.455,1463.101,1478.617,1493.98,1508.924,1523.832,1538.588,1553.138,1567.614,1581.971,1596.055,1609.854,1623.33,1636.911,1650.175,1663.251,1676.093,1688.866,1701.407,1713.524,1725.447,1736.885,1748.173,1759.186,1770.032,1780.762,1791.015,1800.855,1810.558,1819.78,1828.84,1837.617,1846.117,1854.277,1862.043,1869.425,1876.67,1883.707,1890.254,1896.668,1902.624,1908.335
Congo,CG,COG,Cement production,kt cement,,,,,,,,,0.0,0.0,0.0,0.0,0.0,0.0,0.0,0.0,0.0,0.0,0.0,0.0,0.0,0.0,0.0,0.0,0.0,0.0,0.0,0.0,0.0,36.762783,51.467896,36.762783,14.705113,0.0,58.652394,58.820453,36.762783,73.525566,124.993462,90.0,103.0,115.0,114.0,87.0,96.0,50.0,20.0,0.0,0.0,20.0,0.0,0.0,0.0,0.0,100.0,100.0,100.0,105.0,110.0,80.0,70.0,150.0,250.0,460.0,700.0,950.0,1050.0,700.0,730.0,600.0,748.0,894.0,894.0,894.0,1045.079966432884,1061.613868102552,1080.60114698156,1101.788465388411,1123.563587397997,1145.955601815143,1158.85169544992,1173.046243415559,1188.469911594768,1204.964847871343,1222.396247647812,1248.849003594099,1276.323107798524,1304.661511288866,1333.781555860082,1363.567200804805,1392.52906726063,1422.670186876595,1453.915913228143,1486.024882783299,1518.787284539358,1551.992712660652,1585.849710300226,1620.250870770511,1655.127034822852,1690.371739698855,1764.361459489581,1836.8733570514,1907.991680869598,1977.835541112734,2046.515723992043,2127.39833756647,2206.297815815125,2283.33117828106,2358.708874865736,2432.629386220341,2517.482780210159,2600.059370888795,2680.787250996214,2759.485194730371,2836.961659738671,2923.585647893474,3008.798545205086,3092.148480976193,3174.312286736682,3255.506091805025,3344.404993930769,3431.665330906313,3517.255496367222,3601.330672280014,3683.610352490475,3772.938704397754,3859.776592304281,3945.009935856319,4028.934643932477,4110.870593947151,4198.452129027951,4283.605572667519,4367.94785200478,4450.216534373836,4530.885143720749,4614.877964430834,4697.649083095585,4778.636440960759,4858.369078449147,4935.76633322707,5016.426498511393,5095.542465953788,5173.363452607917,5249.28830479851,5323.770811768471,5400.824019086235,5476.591099468837,5550.862566001221,5624.136933509737,5695.504125153403
Congo,CG,COG,Population,,844.284,862.986,882.377,902.554,923.48,945.383,968.264,992.133,1017.122,1043.188,1070.275,1098.504,1127.846,1158.68,1190.953,1224.808,1260.261,1297.122,1335.916,1376.449,1418.826,1463.252,1509.685,1557.676,1606.926,1647.137,1687.313,1727.822,1768.355,1808.693,1849.276,1890.242,1930.619,1970.022,2029.035,2089.588,2151.617,2215.329,2279.976,2347.14,2413.98,2484.479,2554.452,2635.796,2710.493,2788.428,2865.141,2910.583,2993.54,3072.207,3230.484,3314.591,3386.95,3504.555,3626.553,3766.233,3908.585,4052.275,4174.76,4387.678,4536.902,4682.546,4798.354,4915.844,5035.916,5159.245,5285.827,5416.195,5550.041,5683.281,5822.3,5962.066,6108.142,6257.628,6408.294,6560.58,6714.991,6873.597,7034.348,7198.578,7365.955,7538.864,7714.09,7891.908,8070.78,8250.685,8432.738,8616.865,8802.586,8989.762,9178.181,9371.138,9562.381,9755.302,9945.712,10138.09,10330.653,10525.171,10717.627,10909.683,11103.26,11297.638,11491.443,11685.962,11881.564,12073.945,12267.632,12461.171,12655.787,12852.248,13049.311,13247.672,13449.817,13648.76,13846.142,14044.151,14243.561,14438.236,14634.366,14832.904,15027.017,15221.252,15414.171,15606.195,15794.238,15983.095,16165.845,16348.577,16532.517,16711.999,16892.554,17067.973,17248.278,17424.351,17598.736,17768.647,17940.563,18110.385,18280.633,18443.996,18607.134,18767.582,18926.407,19080.126,19230.992,19380.246,19528.079,19673.154,19817.761,19957.138
Cook Islands,CK,COK,Cement production,kt cement,,,,,,,,,,,,,,,,,,,0.0,0.0,0.0,0.0,0.0,0.0,0.0,0.0,0.0,0.0,0.0,0.0,0.0,0.0,0.0,0.0,0.0,0.0,0.0,0.0,0.0,0.0,0.0,0.0,0.0,0.0,0.0,0.0,0.0,0.0,0.0,0.0,0.0,0.0,0.0,0.0,0.0,0.0,0.0,0.0,0.0,0.0,0.0,0.0,0.0,0.0,0.0,0.0,0.0,0.0,0.0,0.0,0.0,0.0,0.0,0.0,3.522698465417156,3.373639698631016,3.23757950047441,3.116209783707447,3.006807146936404,2.904783979185737,2.812050862704064,2.732232998432075,2.660047900173703,2.59448989429001,2.534990104164709,2.467486258460817,2.409279811757656,2.358851575594366,2.307555751715445,2.267632339453364,2.219727206519909,2.182050465991539,2.148966726988827,2.116388791269984,2.08457294800325,2.050875542477534,2.020421174265683,1.988443870774485,1.960875550163402,1.931577407157159,1.919204753753782,1.906419678570293,1.892191127156409,1.876931521292245,1.862496758988305,1.846824731344028,1.832183758150032,1.817748995846093,1.803108022652097,1.789704314798439,1.775475763384556,1.760628579300503,1.748462136787183,1.737739170504257,1.727841047781555,1.717324292388686,1.709694489456603,1.701858475634465,1.698146679613452,1.691754142021707,1.686392658880244,1.684742971759793,1.683093284639343,1.682474651969174,1.681856019299005,1.68103117573878,1.680618753958668,1.680824964848724,1.681443597518893,1.68268086285923,1.682887073749287,1.683299495529399,1.683711917309512,1.68433054997968,1.68494918264985,1.684536760869737,1.684742971759793,1.683505706419455,1.681856019299006,1.679175277728274,1.677525590607824,1.673607583696755,1.669483365895629,1.666596413434841,1.662265984743659,1.656285868932027,1.651336807570676,1.646800167989438,1.64061384128775,1.632777827465611
Cook Islands,CK,COK,Population,,14.895,15.213,15.466,15.75,16.025,16.31,16.557,16.817,17.119,17.466,17.857,18.22,18.348,18.497,18.674,18.885,19.145,19.508,19.878,20.285,20.692,21.046,20.493,19.883,19.233,18.56,17.936,17.885,17.814,17.742,17.651,17.558,17.384,17.175,16.95,16.714,16.489,16.666,16.839,17.024,17.216,17.403,17.538,17.645,17.733,17.829,17.882,17.362,16.796,16.171,15.538,14.932,15.003,15.051,15.104,15.159,15.253,15.737,16.225,16.725,17.227,17.683,17.639,17.571,17.494,17.398,17.267,16.827,16.366,15.892,15.395,14.97,14.477,13.967,13.491,13.035,12.617,12.251,11.923,11.623,11.368,11.153,10.958,10.781,10.621,10.454,10.317,10.204,10.081,10.0,9.893,9.825,9.772,9.715,9.656,9.595,9.544,9.478,9.43,9.367,9.307,9.245,9.176,9.102,9.032,8.956,8.885,8.815,8.744,8.679,8.61,8.538,8.479,8.427,8.379,8.328,8.291,8.253,8.235,8.204,8.178,8.17,8.162,8.159,8.156,8.152,8.15,8.151,8.154,8.16,8.161,8.163,8.165,8.168,8.171,8.169,8.17,8.164,8.156,8.143,8.135,8.116,8.096,8.082,8.061,8.032,8.008,7.986,7.956,7.918
Costa Rica,CR,CRI,Cement production,kt cement,0.0,0.0,0.0,0.0,0.0,0.0,0.0,0.0,0.0,0.0,0.0,0.0,0.0,29.410226,117.640906,117.640906,110.288349,132.346019,161.756245,183.813915,213.224141,264.692037,272.044594,294.102264,330.865047,360.275273,404.390613,492.621292,529.384075,551.441745,463.211065,426.448283,382.332943,470.563622,477.916179,551.441745,580.851971,558.794301,610.262197,620.0,700.0,700.0,860.0,940.0,865.0,830.0,940.0,1085.0,1100.0,1050.0,1200.0,1200.0,1130.0,1500.0,2000.0,1399.789,2300.0,2100.0,2100.0,1276.0,1400.0,1400.0,1460.0,1500.0,1600.0,1220.0,1364.0,1340.0,1220.0,1000.0,1100.0,1200.0,1200.0,1200.0,1155.993608338107,1185.440539879978,1214.214994300695,1242.992243289865,1271.888848437354,1294.072955224598,1319.612553014643,1343.970148754292,1367.227271741147,1389.469680178898,1410.842999737662,1420.427901651149,1429.756746270025,1438.839253949287,1447.7056346337,1456.338923078402,1463.636388453197,1470.828690614306,1477.874126662434,1484.778678684445,1491.518673083842,1496.678604809846,1501.835724818515,1506.905444829937,1511.851689643788,1516.694092144449,1529.614218581487,1541.661206081169,1552.822462465394,1563.122524646028,1572.602050845041,1581.290425961431,1589.172668951883,1596.296461184068,1602.66987127069,1608.447964593241,1613.480304597487,1617.970428191607,1621.943451167426,1625.343425070907,1628.247775816975,1630.074394148342,1631.445046439191,1632.37712620842,1632.808303156817,1632.732680412139,1631.569649093151,1629.955290764007,1627.883549497605,1625.357163146607,1622.367477530702,1618.261618428864,1613.767133028,1608.862209625837,1603.582135852455,1597.921509907422,1591.365400842933,1584.471986437012,1577.289270291616,1569.84015221057,1562.116716447322,1553.717384582069,1545.110426418839,1536.315224025675,1527.378616261556,1518.28779367545,1508.74375571433,1499.106231451446,1489.404528565666,1479.651849219253,1469.871882790925,1459.780685624328,1449.694318698964,1439.610298894736,1429.549628327022,1419.489506269371
Costa Rica,CR,CRI,Population,,942.139,974.679,1008.908,1045.103,1083.134,1122.964,1164.73,1208.537,1254.565,1302.611,1352.381,1403.459,1455.431,1507.777,1560.143,1612.273,1663.959,1715.086,1764.376,1814.177,1863.721,1913.357,1963.139,2013.548,2065.739,2119.699,2175.85,2234.2,2294.821,2358.159,2423.108,2490.166,2559.446,2630.86,2704.329,2779.459,2854.974,2930.424,3005.782,3081.872,3161.54,3242.812,3325.704,3409.163,3493.08,3577.272,3660.754,3742.668,3823.009,3901.193,3974.285,4043.609,4107.801,4169.768,4230.387,4292.093,4350.586,4409.909,4470.202,4529.38,4582.544,4637.122,4690.745,4741.549,4792.689,4843.388,4890.607,4935.747,4979.889,5019.218,5049.422,5070.553,5092.976,5118.075,5141.745,5164.155,5185.423,5205.687,5224.82,5242.941,5260.052,5276.216,5291.399,5305.627,5318.696,5330.701,5341.577,5351.243,5359.793,5366.934,5372.678,5377.194,5380.149,5381.68,5381.765,5380.272,5377.244,5372.658,5366.495,5358.806,5349.495,5338.629,5326.101,5312.022,5296.582,5279.805,5261.677,5242.406,5221.991,5200.524,5177.863,5154.342,5130.06,5104.742,5078.73,5051.84,5024.259,4996.052,4966.94,4936.897,4906.101,4874.456,4841.941,4808.572,4774.319,4739.35,4703.651,4667.143,4629.971,4592.119,4553.735,4514.732,4475.296,4435.514,4395.357,4354.909,4314.249,4273.446,4232.665,4191.855,4151.065,4110.394,4069.938,4029.735,3989.858,3950.218,3910.953,3872.046,3833.559,3795.407
Croatia,HR,HRV,Cement production,kt cement,917.998742,1144.496409,896.125627,1032.342221,1217.499649,1231.707186,1488.511131,1425.631191,1578.689766,1625.898749,1616.179407,1655.646264,1809.188091,1855.814705,1643.517004,1533.882427,1303.923976,1346.712862,1336.08263,1460.373925,1707.533002,1969.239334,1782.379159,1890.217404,2072.135457,2157.537213,2189.563801,2224.821417,2257.307131,2290.81051,2965.801439,2730.635179,2846.886737,2884.242525,2828.5395,2775.260921,2714.020473,2617.722226,2576.903066,2341.733304,1888.061155,1768.0,1683.0,2055.0,1708.0,1842.0,2134.0,2295.0,2712.0,2852.0,3246.0,3378.0,3654.0,3811.0,3480.949,3597.965,3587.202,3403.0,2919.0,2488.0,2682.0,2254.0,2333.0,2359.0,2340.0,2267.0,2608.0,2828.0,2968.0,2976.0,2764.0,2890.0,2890.0,2890.0,2413.999252612426,2393.431815847253,2371.82544132589,2352.056648020932,2334.404188622271,2316.839890819824,2301.706434005544,2286.44999546019,2272.120662984197,2258.655680765452,2245.833292153208,2227.145786619655,2208.616723483409,2189.992688290207,2172.102834921921,2154.82547409067,2138.702810989692,2122.746307812974,2107.09235373756,2091.925149336208,2076.651716903419,2062.034846427121,2047.651714984538,2033.54946233892,2019.981559942862,2007.068211966424,1989.656299361738,1972.438375304418,1955.49136880022,1938.410550971447,1921.556334441355,1904.656462601309,1887.585913459418,1870.840276284184,1854.015711337646,1837.356198825161,1820.6367420685,1804.046781397299,1787.602747218858,1771.338330016562,1755.619787330716,1739.837742827458,1724.104208605746,1708.605141142313,1693.165196296457,1678.12211818069,1663.731761829163,1649.233357119835,1634.670655616163,1620.469750625432,1606.442300972526,1592.335025801087,1578.417994256729,1564.592742148793,1551.099771589685,1537.716457893341,1524.632838329389,1511.76550382765,1498.958054522532,1486.346851848192,1473.768735910019,1461.397180065553,1449.224226530314,1437.168895834656,1424.942446632398,1412.865691327305,1401.064932690776,1389.150295590118,1377.225708564926,1365.431963975658,1353.52012573994,1341.695730245701,1329.906379823304,1318.406623923077,1306.893893257305,1295.516675443358
Croatia,HR,HRV,Population,,3889.855,3933.487,3981.341,4030.902,4065.326,4096.145,4124.103,4149.305,4172.079,4192.107,4208.421,4238.433,4271.595,4302.938,4332.577,4360.834,4387.769,4412.769,4434.886,4454.007,4471.34,4488.984,4506.798,4524.718,4543.188,4562.273,4581.227,4600.018,4618.021,4635.897,4651.896,4676.621,4701.691,4724.077,4744.898,4764.211,4781.892,4798.526,4813.538,4827.927,4842.204,4808.11,4756.355,4703.13,4647.898,4590.822,4533.776,4475.466,4415.869,4355.775,4296.434,4305.715,4305.848,4307.524,4312.587,4315.305,4316.295,4315.614,4313.647,4307.414,4294.877,4266.771,4251.702,4233.093,4205.865,4161.592,4111.295,4047.105,4002.631,3970.038,3937.878,3911.342,3902.712,3889.335,3861.315,3835.005,3809.685,3785.02,3761.579,3737.606,3713.934,3689.424,3665.496,3642.027,3618.521,3595.91,3572.834,3548.692,3524.543,3500.453,3476.165,3451.384,3426.487,3401.429,3375.718,3350.188,3324.829,3298.94,3273.067,3247.185,3221.134,3195.323,3169.872,3144.162,3118.747,3093.196,3067.331,3041.917,3016.332,2990.954,2965.472,2940.142,2914.991,2890.073,2865.961,2841.715,2817.502,2793.614,2769.778,2746.525,2724.258,2701.786,2679.19,2657.148,2635.364,2613.433,2591.787,2570.271,2549.265,2528.418,2508.047,2488.004,2468.042,2448.377,2428.751,2409.472,2390.494,2371.689,2352.599,2333.733,2315.329,2296.73,2278.101,2259.666,2241.029,2222.547,2204.106,2186.112,2168.083,2150.256
Cuba,CU,CUB,Cement production,kt cement,382.332943,418.851498,404.390613,419.095726,433.800839,595.557084,647.02498,713.052824,624.967311,397.144358,867.340588,779.370999,808.781225,808.781225,801.428669,801.428669,0.0,779.370999,779.370999,742.608216,749.960773,1470.252107,1499.676019,1816.081479,2080.773516,2499.869242,2654.272931,2712.769239,2610.459448,2830.734289,3293.576574,3161.934891,3227.772345,3345.037023,3183.657006,3301.297911,3536.197802,3565.989949,3139.541666,3000.0,2000.0,2000.0,1049.0,1081.0,1470.0,1453.0,1707.0,1713.0,1785.0,1633.0,1324.0,1327.0,1345.5,1401.3,1566.9,1704.7,1805.3,1707.0,1626.0,1631.0,1736.0,1825.0,1659.0,1580.0,1518.0,1493.0,1431.0,1590.0,1407.0,1015.0,817.0,680.0,680.0,680.0,659.4660119474745,693.257457757463,726.6191446591666,759.9700407448707,793.4436369125038,827.9228750003699,871.0726175711278,914.1139262440156,957.0526505058136,1000.048842802996,1043.516474529612,1096.525423601644,1149.467532673649,1202.428841763802,1255.476325806017,1308.696512479849,1376.038806573125,1443.606872476782,1511.491649867812,1579.775836384033,1648.142006795158,1721.5268062437,1788.549216606308,1849.24883399563,1903.805677236767,1952.478822500719,2011.377424461037,2063.504065870386,2109.172465850156,2149.25602744738,2185.714638592843,2221.211719782757,2253.086545772494,2281.575118426337,2306.837848324255,2329.028694988188,2350.213841473249,2368.550755241928,2384.216664792336,2397.473217333099,2408.442574044781,2418.287483054181,2426.140095432051,2432.241794288035,2437.150112596843,2440.872574257387,2444.192114476615,2446.479857971618,2447.632627006411,2447.78423314949,2446.871905712329,2445.336135624916,2442.788182605114,2439.159983966424,2434.570924283467,2429.034034325407,2422.660973670044,2415.433205295194,2407.347742626505,2398.564190281812,2389.073771656391,2378.893211828449,2368.163184331681,2356.982618176974,2345.398154906099,2333.374938391626,2321.043967681222,2308.459763998269,2295.534394021774,2282.314181123909,2268.862960252003,2255.055072124355,2240.990735573379,2226.654155955231,2212.046967551737,2197.180783951513
Cuba,CU,CUB,Population,,5983.119,6101.282,6223.067,6348.43,6477.267,6608.933,6743.171,6880.283,7020.296,7164.367,7311.795,7462.439,7619.757,7783.563,7948.476,8113.119,8273.781,8431.469,8587.574,8745.707,8903.058,9055.112,9192.67,9317.987,9430.378,9529.073,9613.41,9683.469,9740.491,9786.22,9823.371,9875.27,9950.091,10031.961,10114.637,10199.818,10288.676,10382.008,10483.161,10583.325,10680.274,10755.006,10816.597,10865.465,10906.577,10944.147,10979.873,11015.995,11053.43,11091.031,11127.186,11161.078,11193.758,11225.009,11252.503,11272.605,11284.496,11290.049,11293.474,11295.965,11298.853,11304.289,11302.062,11294.273,11277.278,11272.851,11258.373,11237.285,11216.95,11188.743,11163.965,11080.372,11039.268,11000.593,10958.973,10915.434,10869.884,10823.523,10775.647,10726.136,10675.508,10623.847,10570.818,10516.253,10460.297,10403.227,10344.631,10284.042,10222.354,10158.586,10093.088,10025.52,9956.271,9885.067,9812.422,9737.976,9661.681,9583.737,9504.546,9423.308,9340.691,9256.403,9170.598,9083.317,8994.668,8905.409,8815.37,8725.268,8635.122,8544.933,8455.075,8366.177,8278.203,8191.647,8106.216,8022.179,7939.773,7858.674,7779.109,7700.703,7623.527,7547.803,7472.737,7398.623,7324.928,7251.723,7178.855,7105.856,7033.028,6960.256,6887.498,6814.887,6742.277,6670.123,6598.263,6526.636,6455.626,6385.457,6316.171,6247.541,6179.845,6113.224,6047.294,5982.121,5917.947,5854.299,5791.525,5729.484,5668.098,5607.326
Curaçao,CW,CUW,Cement production,kt cement,0.0,0.0,0.0,0.0,0.0,0.0,0.0,0.0,0.0,0.0,0.0,0.0,0.0,0.0,0.0,0.0,0.0,0.0,0.0,0.0,0.0,0.0,0.0,0.0,0.0,0.0,0.0,0.0,0.0,0.0,0.0,0.0,0.0,0.0,0.0,0.0,0.0,0.0,0.0,0.0,0.0,0.0,0.0,0.0,0.0,0.0,0.0,0.0,0.0,0.0,0.0,0.0,0.0,0.0,0.0,0.0,0.0,0.0,0.0,0.0,0.0,0.0,0.0,0.0,0.0,0.0,0.0,0.0,0.0,0.0,0.0,0.0,0.0,0.0,49.43835309776758,49.12235165551763,48.7944883029625,48.4839755507474,48.19357774866222,47.96453122102785,47.54257075681596,47.15139623539223,46.78594791092647,46.4392480955628,46.11008450217542,45.36892353748848,44.65960507058897,44.00067356578325,43.38747629160147,42.79555573120426,42.17022309650743,41.59041642706996,41.04026955379,40.52945776133103,40.04095995319671,39.54516954988419,39.08733531425317,38.64121442453816,38.22518743134866,37.82950366672765,37.65655760493721,37.47665019223193,37.29152176634053,37.0994319895343,36.8988580663006,36.69697888977038,36.49096641113447,36.28886969238816,36.09677991558193,35.89272531689081,35.69084614036059,35.48766171053383,35.28578253400362,35.08085776644815,34.8796312165662,34.67731695560379,34.47195710361615,34.26768496270895,34.06232511072131,33.84913373895448,33.63811778934853,33.42405624871736,33.2017281038748,32.9783122479518,32.7453245345209,32.51538241211526,32.28195961425218,32.04201054990645,31.79510013464589,31.54014065739004,31.27996016694808,31.02891644958182,30.76090443936067,30.49550293573257,30.21965940573222,29.94620884010885,29.66906005681197,29.39299898459554,29.11889579232389,28.84544522670052,28.57786830091153,28.30985629069037,28.05185122240929,27.7940636963443,27.53758142357584,27.2843622840487,27.04115008646164,26.79728526222632,26.55581340236796,26.32108535120837
Curaçao,CW,CUW,Population,,103.055,105.762,108.587,111.496,114.529,117.685,120.93,124.262,127.699,131.187,133.184,135.407,137.507,139.542,141.518,143.411,145.226,146.97,148.621,150.168,151.562,152.802,153.762,154.398,154.956,155.434,155.808,156.128,156.379,156.577,156.743,156.846,156.84,156.814,156.748,156.649,156.532,156.354,156.147,155.889,155.59,155.304,154.865,154.122,153.219,152.166,150.981,149.627,148.107,146.413,144.644,144.858,146.944,148.879,150.714,151.912,153.098,154.234,155.316,156.334,157.424,159.708,162.072,164.146,165.908,167.316,168.249,168.783,194.384,184.702,185.334,185.295,185.394,185.46,185.503,185.471,185.41,185.316,185.177,184.965,184.686,184.385,184.054,183.675,183.24,182.818,182.307,181.8,181.295,180.704,180.1,179.502,178.857,178.222,177.537,176.85,176.177,175.419,174.671,173.895,173.1,172.273,171.422,170.539,169.617,168.689,167.742,166.813,165.93,164.992,164.064,163.13,162.202,161.26,160.335,159.405,158.461,157.522,156.578,155.598,154.628,153.644,152.622,151.595,150.524,149.467,148.394,147.291,146.156,144.984,143.788,142.634,141.402,140.182,138.914,137.657,136.383,135.114,133.854,132.597,131.367,130.135,128.949,127.764,126.585,125.421,124.303,123.182,122.072,120.993
Cyprus,CY,CYP,Cement production,kt cement,0.0,0.0,0.0,0.0,0.0,36.762783,66.173009,80.492989,80.878123,88.230679,95.583236,95.583236,95.583236,73.525566,95.583236,95.583236,183.813915,235.281811,242.634368,264.692037,301.45482,419.095726,448.505952,338.217603,610.262197,1022.005367,1074.949842,1110.236046,1132.293716,1235.229508,1036.71048,1066.120706,941.127244,852.896565,661.730094,860.249122,853.656045,867.601678,1044.063036,1130.0,1134.0,1131.0,1089.0,1053.0,1021.0,1000.0,910.0,1207.0,1157.0,1398.0,1369.0,1438.0,1636.879,1688.917,1804.645,1786.488,1872.531,1914.0,1481.0,1329.0,1207.0,1026.0,855.0,735.0,788.0,1019.0,1319.0,1358.0,1537.0,1496.0,1440.0,1858.0,1858.0,1858.0,1769.640157289893,1768.507295598275,1766.345519219102,1764.633973502528,1762.203532493543,1758.133942246744,1753.464769378234,1748.081993741411,1742.912514020783,1737.417724185058,1731.632721768659,1717.736375372461,1704.172977374602,1690.118478204694,1676.32816950776,1662.475164238596,1648.071027866101,1633.461487278692,1618.793725615766,1604.277473042217,1590.036233445475,1575.768650309602,1561.871491108592,1548.111595030028,1534.585134329094,1521.188085913761,1515.929138966948,1510.469815968879,1503.99971032325,1497.391300119927,1490.758076982594,1483.821030699052,1476.957352669057,1469.692779621026,1462.042628710491,1454.521932881253,1446.353302853827,1437.865233804497,1428.353051845652,1418.659797137137,1408.704608499949,1398.534028347407,1388.023796305056,1376.839735390293,1365.180502147691,1353.40686177323,1341.730601372851,1329.938658915077,1317.409600673733,1304.802135412402,1292.074021297078,1279.735601153333,1267.655598645913,1255.314474089856,1243.194443623625,1231.157772439544,1219.366966063525,1207.820905608861,1196.887661653848,1186.213594928514,1175.745208861543,1165.565590724968,1155.650942149256,1146.52421440915,1137.77245791518,1129.280259316196,1121.165567531606,1113.423204030996,1105.879731353275,1098.933901087689,1092.051536347684,1084.941077773844,1078.065592215954,1071.288010408697,1064.296233204703,1057.455570768374
Cyprus,CY,CYP,Population,,497.347,504.753,512.628,520.832,529.389,538.342,547.799,557.86,568.708,580.411,592.569,598.459,604.472,610.032,615.011,620.461,626.319,632.183,638.131,644.247,650.645,657.455,664.67,667.204,659.304,659.507,664.557,669.644,674.853,680.245,685.907,691.878,701.117,713.333,725.335,737.218,748.991,760.579,771.89,782.95,793.751,804.137,816.544,835.525,853.809,871.581,889.0,906.136,922.96,939.507,955.826,972.428,990.452,1008.728,1027.023,1045.28,1063.556,1081.871,1100.182,1118.56,1137.073,1155.912,1174.882,1192.908,1210.693,1228.31,1245.915,1262.636,1278.839,1294.504,1309.991,1324.626,1338.114,1351.837,1364.727,1376.781,1387.888,1398.786,1408.767,1417.915,1426.72,1434.64,1442.368,1449.532,1456.156,1462.225,1468.125,1473.299,1478.288,1482.802,1486.895,1490.486,1493.606,1496.374,1498.941,1501.199,1503.327,1505.123,1506.707,1507.913,1509.05,1509.922,1509.88,1509.619,1509.232,1508.785,1508.285,1507.347,1505.982,1504.614,1502.776,1500.557,1497.366,1493.903,1490.1,1485.899,1481.294,1475.997,1470.173,1464.13,1457.831,1451.322,1444.059,1436.614,1428.95,1421.257,1413.695,1405.803,1398.012,1390.201,1382.334,1374.604,1367.35,1360.255,1353.273,1346.435,1339.772,1333.773,1328.061,1322.532,1317.359,1312.48,1307.735,1303.504,1299.285,1294.85,1290.59,1286.376,1281.909,1277.54
Czechia,CZ,CZE,Cement production,kt cement,1379.559037,1468.120918,1541.730205,1698.549871,1918.35124,2090.226713,2445.783324,2745.192224,3145.472777,3382.880385,3581.190518,3827.275291,3465.540528,3682.038958,3832.616349,4118.732615,4350.853319,4379.316061,4554.668227,5013.025379,5399.651729,5472.354104,5720.932417,6134.137199,6378.291701,6560.745157,6719.659123,7033.432141,7088.095527,7308.802075,7358.314581,7136.564465,7252.436888,7289.506578,7110.588719,7143.598914,7195.659586,7611.70203,7582.369049,7113.773594,5817.34366,5999.845409,5393.0,5303.0,4825.0,5015.0,4877.0,4604.0,4241.0,4093.0,3550.0,3217.0,3502.0,3828.677,3978.056,4238.818,4898.53,4710.0,3672.0,3379.0,3831.0,3434.0,3211.0,3511.0,3781.0,3937.0,4043.0,4428.0,4569.0,4513.0,4721.0,4476.0,4476.0,4476.0,3783.688214864489,3784.197246149398,3807.638888888686,3830.596050857723,3853.816234421391,3871.223922221744,3887.022354592821,3902.413598698985,3917.665130444399,3932.981282447094,3948.707150765154,3950.174325349347,3951.991542840103,3954.187027268088,3957.449684623439,3961.256737610909,3965.77535531711,3970.871438374465,3976.602060750728,3983.296537002454,3990.436431567805,3997.32733911792,4004.097291660249,4011.941759892105,4020.489997882625,4030.08474347632,4030.254763917457,4029.899429384727,4028.897568837197,4027.078239398528,4024.316172649577,4020.78617208068,4016.350757881636,4011.023194714053,4005.013654668566,3998.234225386417,3990.682605233004,3982.339353600781,3973.373528866952,3963.797247235348,3953.966963682171,3943.200483167356,3932.550293564162,3922.055066965032,3911.793537706304,3901.692347404897,3891.402581563413,3881.612368225417,3872.2942969176,3863.586734830631,3855.452098443035,3847.380273603552,3840.044273325339,3833.200378326309,3826.701762821211,3820.612908168051,3814.693777952784,3809.188091825518,3804.066044622541,3799.425483818499,3794.960049785656,3790.562931192442,3786.145581297338,3782.02165445317,3778.226707191511,3774.410903483047,3770.346135177804,3766.516640235864,3762.507342388529,3758.372756877571,3753.964540907753,3749.124464035563,3743.819129352181,3738.588181018843,3732.935526259517,3727.000807164959
Czechia,CZ,CZE,Population,,8957.167,9037.311,9117.099,9188.098,9254.282,9324.56,9391.476,9446.459,9492.95,9523.833,9559.377,9587.403,9607.516,9647.145,9690.348,9723.347,9749.131,9768.834,9781.392,9794.185,9808.318,9837.24,9878.896,9933.524,9998.373,10063.176,10122.7,10176.031,10225.468,10266.844,10283.962,10295.065,10302.952,10302.935,10304.702,10305.587,10303.16,10303.678,10307.221,10303.989,10299.988,10308.865,10316.031,10324.765,10319.894,10304.191,10288.065,10272.037,10258.816,10243.94,10229.668,10234.204,10244.732,10253.092,10269.807,10290.498,10318.679,10356.407,10400.178,10441.791,10486.28,10504.742,10509.928,10512.397,10522.054,10526.779,10537.117,10545.566,10552.308,10557.442,10542.817,10518.548,10827.878,10791.554,10680.164,10538.315,10517.246,10494.176,10467.962,10439.83,10410.348,10379.528,10347.66,10315.171,10282.405,10249.507,10217.245,10184.683,10153.304,10122.165,10092.286,10062.652,10034.056,10006.131,9978.744,9951.436,9923.774,9896.361,9868.546,9840.449,9810.638,9779.966,9748.054,9714.378,9678.567,9641.241,9601.926,9560.681,9518.156,9474.095,9428.403,9381.139,9332.812,9283.461,9234.125,9184.07,9135.02,9087.059,9040.384,8994.758,8950.697,8908.523,8868.128,8829.905,8793.743,8759.426,8727.501,8697.267,8668.299,8640.753,8614.704,8590.022,8566.61,8544.715,8523.501,8503.196,8483.018,8463.795,8445.611,8427.533,8409.431,8392.089,8374.413,8356.546,8338.101,8319.532,8299.868,8280.512,8260.179,8239.234
Côte d'Ivoire,CI,CIV,Cement production,kt cement,,,,,,,,0.0,0.0,0.0,0.0,0.0,0.0,0.0,0.0,110.288349,257.339481,330.865047,389.6855,397.038056,499.973848,602.909641,661.730094,632.319867,0.0,0.0,0.0,0.0,0.0,1301.402517,1198.466725,1102.883489,639.672424,536.736631,676.435207,772.018442,654.377537,698.492877,499.973848,500.0,500.0,510.0,500.0,1100.0,1000.0,1000.0,1100.0,650.0,650.0,650.0,650.0,650.0,650.0,650.0,650.0,360.297,468.797,360.0,283.0,1800.0,1800.0,1900.0,2300.0,2690.0,3100.0,3600.0,3500.0,4500.0,4900.0,5000.0,5000.0,5000.0,5000.0,5000.0,6013.243186719579,6297.778937915777,6685.181253610654,7013.395961149639,7336.03999560818,7638.406171455069,7929.473275165461,8200.809577222979,8456.635505122204,8700.162526984996,8933.738410815391,9193.59422687731,9446.046325684918,9692.749881860886,9934.857256009776,10173.42373165526,10351.48963082315,10530.22029521445,10710.54171756939,10893.20679984967,11079.98137714873,11209.65411609395,11350.80885058244,11501.94604638667,11662.39893271644,11829.10173733904,12211.48177677956,12588.77087938299,12961.01151513698,13328.43734023426,13693.00015715024,14088.28598919674,14476.66926403063,14860.17610073157,15240.53566142767,15615.31475938003,16017.42280822425,16415.94846845584,16808.74949739614,17199.0000048369,17585.30832076423,17996.55976525051,18405.09821959577,18806.75007442277,19205.52852179098,19597.19765046727,20008.708619934,20415.18896031642,20814.19389666156,21208.75745109375,21599.41890219403,22007.29503709727,22407.62552470993,22804.45207104083,23197.58733438718,23585.76198021808,23985.96127534173,24382.50630511694,24774.09496157539,25162.31554546116,25540.76647889506,25931.10957219365,26319.67094969001,26702.51467318471,27080.88688794377,27458.55948453896,27844.05619384747,28225.8227745326,28602.00563542156,28969.44006648192,29333.98151997081,29702.75359592141,30066.3182359401,30422.2172117877,30776.29398514804,31124.9118604024
Côte d'Ivoire,CI,CIV,Population,,2771.847,2846.888,2924.535,3005.728,3091.345,3181.912,3278.109,3380.448,3489.712,3608.171,3739.16,3881.143,4032.735,4191.387,4356.516,4528.238,4706.8,4892.688,5087.355,5297.086,5526.048,5775.688,6043.743,6326.144,6621.971,6930.622,7185.293,7458.608,7747.652,8056.883,8384.545,8728.648,9087.225,9458.263,9842.769,10238.196,10643.638,11059.311,11491.066,11948.475,12431.08,12936.66,13463.961,14007.941,14566.462,15144.667,15739.957,16354.383,16973.514,17458.357,17939.651,18418.175,18891.368,19359.716,19830.285,20306.63,20786.974,21274.142,21754.735,22241.144,22734.985,23229.014,23705.142,24174.409,24880.382,25612.303,26366.506,27100.237,27828.108,28557.91,29272.989,30006.484,30783.52,31547.788,32320.672,33102.421,33886.271,34675.988,35478.204,36288.706,37109.312,37949.419,38803.793,39684.974,40580.641,41487.056,42409.877,43350.12,44298.618,45258.872,46228.977,47205.887,48198.438,49202.892,50215.2,51216.935,52219.176,53223.75,54237.441,55241.372,56252.598,57266.524,58278.78,59287.772,60307.507,61324.097,62328.769,63334.885,64352.404,65359.099,66363.641,67382.023,68394.858,69421.48,70449.154,71487.285,72540.429,73578.635,74625.323,75652.168,76680.387,77707.101,78716.029,79723.289,80726.824,81744.447,82738.278,83729.777,84716.879,85691.956,86667.752,87640.235,88601.771,89559.828,90481.308,91411.699,92347.375,93267.986,94179.194,95098.714,96015.502,96926.728,97823.073,98689.417,99552.994,100398.479,101231.727,102041.213,102853.17,103650.711
Dem. People's Republic of Korea,KP,PRK,Cement production,kt cement,154.403688,147.051132,301.45482,500.356677,360.275273,595.557084,897.011905,1220.524395,1926.72505,2286.645101,2264.587431,2374.87578,2529.279469,2610.157591,2396.93345,2499.869242,2595.452478,2691.035714,2801.163923,4007.143344,4808.572013,5264.430522,5808.51971,5984.981068,6984.928765,6984.928765,6999.633878,6999.633878,7999.581575,7999.581575,7999.581575,7984.876462,7984.876462,7984.876462,7984.876462,7984.876462,8977.471603,8028.314402,7079.157201,6130.0,5169.0,4747.0,3980.0,4330.0,4220.0,3790.0,3340.0,3150.0,4100.0,4600.0,5160.0,5320.0,5543.0,5632.0,5930.0,6155.0,6129.0,6415.0,6126.0,6279.0,6452.0,6446.0,6600.0,6675.0,6697.0,7077.0,6837.0,5832.0,5604.0,5689.94,5960.0,6551.0,7055.0,7055.0,5691.327635529804,5927.338444221838,6139.373172883727,6330.819081649248,6507.379001437316,6689.140179577941,6912.551345999457,7121.227448568138,7316.361484035747,7499.497062731401,7670.496880785536,7820.211542814448,7952.704311058688,8069.83400277327,8174.062107755844,8268.167757488365,8379.883834110115,8482.025447809447,8576.088473280799,8663.293093669105,8744.86266807862,8838.931621695516,8925.957427398213,9006.746451252615,9082.29501470113,9153.201855375137,9227.539674221884,9292.57131850738,9349.143095018557,9397.914291823328,9439.526168339049,9486.187269453681,9524.601295430379,9555.115326903033,9578.292302655189,9595.102791706588,9614.771489943532,9627.65514550428,9634.673834984424,9636.550647796503,9633.64780651575,9632.414811352726,9626.566032468496,9616.81531416572,9603.501875590766,9587.019638545176,9570.634248506398,9551.276168462538,9529.365862363136,9505.05190864362,9478.6051299209,9451.791841270602,9423.007266490022,9392.22536417691,9359.718916625814,9325.50626417575,9290.41024592336,9253.708680833484,9215.54688589213,9176.200179115927,9135.518663917526,9094.059529188205,9051.331613490906,9007.545173822993,8962.937344252783,8917.363058927329,8871.306657417817,8824.441114373438,8776.990038943226,8729.2045838959,8681.01658047479,8632.479846096736,8583.718426212045,8534.867305402753,8485.979922245186,8436.896535051583
Dem. People's Republic of Korea,KP,PRK,Population,,10838.728,10328.409,10178.875,10175.95,10309.653,10496.996,10703.762,11005.608,11321.887,11584.092,11861.814,12119.612,12406.153,12727.96,13051.579,13387.158,13751.029,14165.67,14565.523,14969.708,15375.842,15769.071,16181.067,16519.666,16826.575,17115.535,17371.366,17614.23,17857.759,18109.182,18364.391,18638.199,18914.515,19193.552,19476.534,19764.242,20057.468,20353.498,20652.824,20955.91,21268.363,21588.913,21912.908,22233.795,22554.155,22784.452,23007.04,23214.62,23408.507,23586.69,23745.129,23885.588,24002.358,24178.402,24331.484,24461.383,24587.631,24705.136,24824.099,24932.565,25041.952,25153.795,25269.661,25389.242,25513.281,25637.419,25759.234,25876.183,25986.112,26089.153,26183.471,26281.596,26376.094,26460.314,26537.332,26604.741,26662.641,26710.355,26748.19,26775.844,26793.963,26801.938,26800.226,26789.924,26771.065,26744.382,26710.262,26669.587,26623.07,26570.888,26513.977,26452.984,26388.658,26320.027,26248.008,26172.398,26093.454,26010.739,25924.438,25834.076,25740.179,25642.644,25541.698,25437.272,25329.534,25218.641,25103.988,24986.896,24866.848,24744.899,24620.519,24494.294,24366.977,24238.981,24109.897,23980.128,23850.169,23720.615,23591.205,23461.991,23333.625,23205.489,23077.855,22950.384,22823.154,22696.468,22569.97,22443.093,22316.1,22188.656,22060.756,21932.28,21803.298,21674.234,21544.481,21414.164,21283.073,21151.543,21019.989,20887.906,20755.579,20622.948,20490.433,20358.528,20226.964,20095.273,19964.234,19834.084,19704.871,19576.141
Democratic Republic of the Congo,CD,COD,Cement production,kt cement,205.871585,242.208693,249.587584,345.57016,404.390613,455.858509,463.211065,389.198393,345.57016,198.519028,139.481652,198.519028,243.022583,228.352915,249.616573,264.692037,294.102264,294.102264,323.51249,419.095726,455.858509,477.916179,536.736631,624.967311,624.967311,654.377537,492.621292,470.563622,448.505952,441.153396,492.621292,544.089188,514.678962,536.736631,441.598107,441.153396,492.621292,492.621292,455.858509,461.0,250.0,174.0,149.0,166.0,235.0,241.0,125.0,134.0,159.0,169.0,201.0,265.0,330.8,402.5,521.368,519.233,530.196,411.0,460.0,490.0,458.0,413.0,447.0,330.0,399.0,253.0,900.0,1169.0,1383.0,1284.0,1629.0,2122.0,2122.0,2122.0,2518.08004468244,2586.966736658539,2682.203562790983,2754.301514493977,2825.598267722778,2922.834194726384,3038.19561944558,3152.46425088411,3266.152510602366,3379.335236945432,3492.1217543177,3700.798394539342,3907.927527683994,4113.865250416608,4318.687309089704,4522.542198089422,4797.652254564848,5070.211987464882,5340.671223259183,5609.710836416228,5878.639311972852,6229.336409438644,6578.589119216966,6926.958882745477,7274.796290367359,7622.292596345796,8244.052374886462,8867.228909768643,9491.533696702987,10116.72352712519,10742.56847774711,11568.60193664539,12395.44676594158,13222.74642780863,14050.13812660847,14877.43387605176,15943.8771377394,17009.4380273295,18073.82175476735,19136.75204183716,20200.2413360437,21540.99645791784,22886.51797885932,24236.53108956125,25590.72626313188,26948.91096220412,28630.08533402322,30317.59311516152,32010.83364576472,33709.73861205345,35413.83846573725,37483.00765168224,39559.78790504393,41644.0640910622,43735.49680491233,45833.9617299871,48345.89899702933,50848.13328584094,53284.25345761386,55655.44888381303,57963.27749558118,60590.68171489479,63126.73601400163,65574.57695905655,67937.85549582129,70220.05110581647,72743.82591210831,75161.1020698065,77476.75398880964,79697.58513755877,81829.38230629667,84126.16533692,86340.74875992311,88488.39871188023,90573.57351652857,92596.80898178187
Democratic Republic of the Congo,CD,COD,Population,,12414.525,12670.763,12936.516,13202.384,13483.678,13777.024,14082.877,14401.68,14713.912,15069.251,15460.441,15864.308,16287.139,16728.058,17182.597,17673.006,18190.851,18734.713,19289.665,19851.225,20423.647,20967.49,21534.83,22120.5,22717.257,23324.944,23923.117,24535.006,25450.372,26323.192,27099.005,27902.025,28774.354,29727.571,30762.591,31767.041,32763.351,33834.457,34931.047,36042.685,37325.442,38526.193,39931.627,41381.046,43872.705,44994.704,45597.543,46462.261,48132.939,49693.003,51321.88,52943.412,54557.637,56130.097,57865.385,59686.064,61545.751,63409.753,65371.574,67452.514,69673.561,72025.062,74484.175,77094.615,79711.869,82359.193,85553.637,88613.159,91482.128,94412.756,97567.24,100730.624,104063.312,107516.151,111036.378,114628.568,118275.755,121983.737,125759.362,129588.918,133475.484,137419.507,141397.718,145430.343,149505.928,153614.277,157764.633,161932.518,166158.701,170434.688,174756.476,179136.049,183564.761,188045.567,192578.436,197152.322,201776.647,206435.207,211132.18,215863.204,220628.94,225426.974,230247.053,235082.781,239933.75,244788.685,249646.864,254505.958,259374.761,264246.434,269111.833,273967.566,278805.132,283624.158,288415.945,293189.683,297943.043,302671.007,307377.716,312056.832,316707.788,321308.259,325885.839,330416.954,334920.913,339377.058,343806.854,348188.805,352524.751,356803.113,361038.181,365216.963,369355.769,373454.348,377498.419,381468.963,385379.454,389211.985,392977.687,396673.088,400288.753,403829.76,407279.249,410661.791,413982.254,417213.233,420349.853,423403.756,426392.562,429293.088
Denmark,DK,DNK,Cement production,kt cement,985.242584,1213.365946,1257.287178,1220.524395,1257.287178,1183.761612,1161.703942,1066.266511,1389.828754,1440.923661,1580.799668,1632.105488,1521.979215,1896.798556,1992.542837,2095.47863,2198.414422,2279.292544,2610.157591,2602.958738,2735.151053,2874.849629,2889.554742,2492.516686,2235.177205,2352.81811,2308.702771,2625.020202,2411.638563,1918.900713,1602.857338,1772.208195,1654.325234,1669.15069,1742.555913,2029.30562,1889.369538,1683.73546,2007.24795,1660.0,2016.0,2072.0,2270.0,2430.0,2584.0,2629.0,2683.0,2528.0,1926.0,2009.0,2047.0,2028.0,1953.0,2150.0,2120.0,2937.0,2871.0,2494.0,1575.0,1553.0,1811.0,1798.0,1830.0,2825.0,3047.0,2220.0,2360.0,2200.0,2250.0,2490.0,2670.0,2510.0,2510.0,2510.0,2399.680031817285,2406.128709821527,2412.197792535937,2418.945588613394,2426.108676509301,2430.0048277846,2432.808830169255,2435.739727017943,2438.28810261823,2440.989943560163,2443.720609861144,2435.170838790578,2426.648860793741,2418.070816066564,2409.759412417542,2401.348702266316,2393.012955503221,2384.551129622407,2376.294899540337,2368.377006416563,2360.572573723739,2353.357088300495,2346.064674055689,2339.084065253767,2332.34016649525,2325.858280958674,2331.752848948142,2337.376286998838,2342.885609435034,2347.977923521602,2352.987913067288,2357.692296499235,2362.267951796544,2366.841486040091,2371.448691039947,2375.85393785311,2380.169252661957,2384.511745433883,2388.697958056461,2392.911402453801,2396.977807544275,2400.75409273478,2404.791585955166,2408.790250894859,2412.858382685508,2416.925866110701,2420.768476227656,2424.689623977698,2428.588731868658,2432.09358088799,2435.672023421756,2438.915675419682,2441.80056445186,2444.76906426837,2447.689600582241,2450.331649398279,2452.475490629025,2454.515786501147,2456.054118687359,2457.213388458738,2458.22490154761,2458.490886304775,2458.66030464529,2458.665709947258,2458.763176187838,2458.556235282952,2457.870865024372,2457.255304440589,2456.67654024643,2456.119298197008,2455.490918622872,2454.71825188691,2453.994762106821,2453.082242357292,2452.283706811751,2451.370694814179
Denmark,DK,DNK,Population,,4285.283,4315.235,4349.231,4388.982,4423.833,4453.844,4478.827,4500.48,4531.66,4565.302,4593.383,4629.338,4665.596,4702.935,4740.847,4776.825,4817.588,4852.847,4876.745,4906.853,4950.484,4975.64,5007.506,5036.005,5055.26,5065.541,5080.068,5097.075,5111.612,5122.105,5124.057,5119.201,5116.586,5112.349,5111.312,5116.447,5124.929,5129.336,5129.944,5135.486,5146.564,5162.125,5180.609,5196.665,5215.714,5251.006,5275.13,5294.94,5313.584,5330.035,5349.282,5368.374,5383.544,5397.697,5411.499,5427.61,5447.23,5475.984,5511.543,5534.803,5560.922,5580.776,5603.057,5627.608,5659.98,5707.422,5748.98,5781.356,5806.293,5822.944,5840.116,5873.437,5932.37,5963.903,5990.921,6014.093,6032.948,6049.937,6064.443,6076.783,6087.207,6096.681,6104.071,6111.101,6117.339,6122.272,6126.343,6129.306,6132.426,6133.956,6135.362,6135.75,6135.76,6135.601,6134.856,6134.455,6132.772,6130.959,6129.026,6126.448,6123.228,6119.514,6115.844,6111.169,6106.635,6101.134,6095.617,6090.498,6085.88,6080.965,6075.482,6070.47,6065.314,6060.603,6055.759,6050.912,6047.205,6043.66,6040.612,6037.827,6035.379,6033.4,6031.566,6028.713,6026.298,6023.787,6020.349,6017.347,6014.371,6010.715,6006.865,6002.839,5997.433,5991.027,5984.322,5976.859,5969.221,5961.207,5953.579,5945.158,5936.597,5928.327,5920.248,5912.313,5904.261,5896.788,5889.526,5881.78,5874.432,5866.817
Djibouti,DJ,DJI,Cement production,kt cement,0.0,0.0,0.0,0.0,0.0,0.0,0.0,0.0,0.0,0.0,0.0,0.0,0.0,0.0,0.0,0.0,0.0,0.0,0.0,0.0,0.0,0.0,0.0,0.0,0.0,0.0,0.0,0.0,0.0,0.0,0.0,0.0,0.0,0.0,0.0,0.0,0.0,0.0,0.0,,,,,,,,,,,,,,,,,,,,0.0,0.0,0.0,0.0,150.0,170.0,140.0,130.0,160.0,224.0,250.0,240.0,380.0,480.0,480.0,480.0,555.4896777682184,558.4594217503151,562.5652133350677,565.4692375996116,568.348686701858,571.5723803846998,568.2937102761758,565.6399984428447,563.2085178059853,561.2020278030689,559.461894159412,557.6436307901204,556.2651728714058,555.9679081571719,555.8681662934359,556.4359369600144,552.2070906441455,549.0109457243235,546.3384575368603,543.8306984104554,542.0248490571214,536.429887825858,531.7998820374439,527.9028637075954,524.6922033836263,522.3811031660119,528.0939192492532,533.4958622007554,539.217661118734,545.4045935341406,550.9227062545294,555.9433643958754,561.8116889984323,567.8798921885839,573.2206606399166,578.3406061024202,583.1455527323945,587.9003662568718,592.5831451591532,596.4311095234044,600.1400949161081,604.5471000306134,609.1413205424617,613.179717530782,617.0474472041107,620.3190167810038,623.7103685273772,627.0578157110754,629.8410141084013,632.8433015595172,636.3701712731363,639.5195615487215,642.5559021005273,645.1929792837873,647.5279996554956,650.1203531665515,651.9499741106308,654.0102252111528,656.4982841348417,658.5678628705198,660.9090903947055,663.4795231119879,665.4541794593733,667.6024542026913,669.9009391369456,671.7736425665296,673.354058341096,674.6597730555787,676.0383127303144,678.3767446179461,679.5479591507749,680.8920731764849,681.9874427326587,683.9526028777732,685.4533275876882,686.5875980561657
Djibouti,DJ,DJI,Population,,63.3,65.317,67.392,69.579,71.835,74.172,76.61,79.134,81.74,84.433,87.615,91.165,95.401,100.343,106.052,112.132,118.407,124.891,131.61,140.547,149.803,160.469,172.044,184.854,200.373,219.443,242.031,267.195,292.868,316.158,335.472,350.622,363.138,375.968,392.138,413.236,439.447,469.35,499.696,547.014,612.063,650.121,601.898,626.593,626.827,639.321,657.375,686.26,712.444,735.992,758.645,783.981,807.167,819.871,832.376,845.958,865.57,883.485,901.982,921.072,939.431,957.684,975.811,993.838,1011.597,1029.029,1046.277,1063.404,1080.36,1097.058,1113.319,1129.177,1145.015,1160.872,1176.572,1191.581,1207.338,1222.696,1238.474,1254.866,1270.491,1286.174,1300.719,1314.879,1328.344,1342.653,1356.058,1370.9,1384.665,1399.07,1414.2,1429.384,1443.492,1455.635,1467.641,1480.441,1492.48,1503.602,1514.149,1525.301,1535.778,1545.578,1556.793,1569.843,1580.927,1590.123,1602.366,1615.481,1626.455,1636.926,1646.233,1655.599,1664.937,1671.848,1678.518,1687.401,1697.016,1705.063,1712.728,1718.711,1725.107,1731.5,1736.316,1741.912,1749.185,1755.394,1761.362,1766.238,1770.313,1775.235,1777.99,1781.507,1786.351,1790.043,1794.593,1799.834,1803.408,1807.544,1812.168,1815.618,1818.248,1820.146,1822.307,1827.258,1828.923,1831.11,1832.636,1836.672,1839.429,1841.188
Dominica,DM,DMA,Cement production,kt cement,0.0,0.0,0.0,0.0,0.0,0.0,0.0,0.0,0.0,0.0,0.0,0.0,0.0,0.0,0.0,0.0,0.0,0.0,0.0,0.0,0.0,0.0,0.0,0.0,0.0,0.0,0.0,0.0,0.0,0.0,0.0,0.0,0.0,0.0,0.0,0.0,0.0,0.0,0.0,0.0,0.0,0.0,0.0,0.0,0.0,0.0,0.0,0.0,0.0,0.0,0.0,0.0,0.0,0.0,0.0,0.0,0.0,0.0,0.0,0.0,0.0,0.0,0.0,0.0,0.0,0.0,0.0,0.0,0.0,0.0,0.0,0.0,0.0,0.0,17.60483275515347,17.3970636425335,17.19452396182707,17.00062990398868,16.82196002399073,16.6758852173689,16.48310293216423,16.33274141691714,16.21369218572013,16.12194721553593,16.04441709156682,15.82370812239975,15.61948295406004,15.43605587831971,15.26620763198796,15.10860453242821,14.93917031650954,14.78285338815121,14.63027774562723,14.48692404544799,14.35580855225039,14.22262091727669,14.09812651599757,13.9787185320106,13.86533211165785,13.7604153364685,13.73344010167352,13.70363681806938,13.6668721835504,13.6344583933532,13.60030426542729,13.56027649766699,13.5219890676354,13.47695782890506,13.43301430125516,13.38820060474091,13.33838343725662,13.2890013542045,13.23853156007194,13.19219506804508,13.13780951402292,13.08298887556859,13.03208399700386,12.975958105253,12.91635153804473,12.85979056186169,12.79452789703511,12.72991785885679,12.66400256738195,12.59547676931403,12.52825622454266,12.45886025761039,12.38924674846204,12.3250717947159,12.25350040562275,12.18279918539396,12.11275059181343,12.04814055363511,11.9796147555672,11.91065387306711,11.84191053278312,11.77012160147387,11.69768004351637,11.6245858589106,11.54648820333479,11.47469927202555,11.39681915866583,11.32633548065312,11.25780968258521,11.18645583570815,11.11357919331847,11.03809204433573,10.96717328189084,10.89103350625983,10.80967271744269,10.72483125316814
Dominica,DM,DMA,Population,,50.282,50.6,51.075,51.691,52.476,53.428,54.543,55.849,57.317,58.898,59.846,60.571,61.325,62.153,63.022,63.987,65.027,66.142,67.322,68.547,69.269,69.795,70.325,70.844,71.337,71.804,72.23,72.583,72.864,73.054,73.112,72.86,72.515,72.214,71.898,71.59,71.223,70.823,70.392,69.915,69.339,69.254,69.396,69.469,69.484,69.453,69.367,69.231,69.018,68.721,68.301,68.275,68.459,68.603,68.695,68.774,68.839,68.856,68.852,68.876,68.841,69.266,68.969,70.461,70.285,70.535,68.678,68.315,68.034,67.727,67.419,66.985,66.668,66.353,66.057,65.686,65.336,64.98,64.636,64.307,64.031,63.869,63.784,63.765,63.76,63.763,63.761,63.778,63.79,63.796,63.802,63.802,63.76,63.704,63.652,63.605,63.544,63.459,63.358,63.254,63.13,62.993,62.824,62.675,62.518,62.334,62.158,61.951,61.749,61.543,61.314,61.087,60.855,60.642,60.392,60.14,59.906,59.648,59.374,59.114,58.814,58.517,58.214,57.899,57.59,57.271,56.951,56.656,56.327,56.002,55.68,55.383,55.068,54.751,54.435,54.105,53.772,53.436,53.077,52.747,52.389,52.065,51.75,51.422,51.087,50.74,50.414,50.064,49.69,49.3
Dominican Republic,DO,DOM,Cement production,kt cement,102.935792,139.698575,131.567513,161.756245,235.281811,249.986924,279.397151,272.044594,191.166471,169.108802,234.447478,242.634368,227.929254,301.45482,212.720065,279.397151,308.807377,323.51249,389.148002,492.621292,595.557084,676.435207,580.851971,602.909641,587.864525,653.998846,860.249122,867.601678,889.659348,1014.65281,948.479801,948.479801,1102.883489,1139.646272,1007.300254,1066.598787,1088.178376,1492.568989,1602.857338,1060.0,1235.0,1365.0,1271.0,1276.0,1453.0,1642.0,1835.0,1885.0,2283.0,2505.0,2746.0,3050.0,2906.699,2653.639,2778.708,3776.798,4100.0,4207.0,3852.0,4106.0,3997.0,4130.0,4246.0,5018.0,5181.0,5171.0,5254.0,5430.0,5644.0,5200.0,6500.0,6535.0,6535.0,6535.0,6152.000911994661,6168.381727908659,6181.564551884827,6196.286071069016,6212.648678024952,6236.551351935433,6235.723412432232,6237.090098265387,6240.47496838869,6245.800587459848,6253.607989676329,6202.572765249038,6156.163591731382,6113.88197099116,6075.6891520545,6040.573299701947,5999.387650312596,5962.287356125911,5929.098797935935,5899.267700324555,5872.762156263335,5843.351388281709,5817.172804647794,5793.630497154942,5772.787651398062,5754.117165772435,5768.9661274876,5782.178352195052,5793.954609016722,5804.338337236715,5813.366193294109,5821.145410616346,5827.582478169878,5833.140926114761,5837.667534623552,5840.526946891977,5842.346079956843,5842.842802560766,5842.250638734196,5840.530984691602,5837.538666008814,5833.459572619471,5828.694178269974,5822.913489145907,5816.025368285173,5808.26108655639,5799.388783210899,5789.875414506863,5779.281014603368,5767.813829131537,5755.312227578373,5742.271412049186,5728.292321554682,5713.251081495319,5697.57029114746,5681.014034331358,5663.533056124262,5645.384034079887,5626.33387255584,5606.953541761181,5586.617537225226,5565.602831043476,5543.868259733897,5521.673707605323,5499.057781919608,5475.610871104363,5451.736905024364,5427.392453302413,5402.609398787192,5377.221142725381,5351.537481860836,5325.433537327312,5299.043572302145,5272.429692147502,5245.24658783956,5217.785976679618
Dominican Republic,DO,DOM,Population,,2413.972,2486.323,2563.774,2645.851,2732.339,2822.918,2917.127,3014.422,3114.264,3216.341,3320.33,3426.135,3533.737,3642.836,3754.283,3863.644,3980.051,4097.806,4216.572,4337.498,4461.082,4587.387,4716.379,4848.076,4980.318,5113.235,5247.572,5383.314,5520.45,5658.929,5799.145,5937.761,6076.468,6218.027,6360.053,6500.755,6641.662,6783.367,6928.1,7076.49,7225.841,7373.865,7521.083,7668.06,7815.329,7960.902,8104.885,8243.272,8377.451,8514.965,8653.415,8787.152,8917.318,9043.922,9165.862,9284.206,9398.159,9513.157,9633.103,9757.427,9882.923,10008.32,10132.502,10255.163,10375.892,10493.766,10609.093,10724.593,10839.514,10948.573,11068.027,11178.924,11282.543,11379.988,11475.126,11565.848,11653.152,11738.727,11821.128,11900.494,11977.21,12051.097,12122.239,12190.818,12257.436,12321.425,12383.021,12442.071,12499.243,12553.079,12605.561,12655.817,12704.225,12750.364,12794.941,12837.069,12876.691,12913.629,12948.704,12980.973,13011.613,13038.668,13062.589,13083.469,13101.386,13116.521,13128.72,13139.031,13147.101,13151.484,13153.522,13152.656,13149.412,13143.699,13135.185,13124.269,13111.876,13097.258,13080.204,13061.235,13039.815,13017.008,12991.817,12964.711,12935.323,12904.781,12872.17,12837.209,12800.851,12762.562,12722.241,12680.454,12636.674,12592.188,12545.584,12497.488,12447.804,12397.117,12345.513,12292.068,12237.689,12182.28,12125.912,12068.209,12009.868,11950.601,11890.716,11830.352,11768.731,11706.509
Ecuador,EC,ECU,Cement production,kt cement,80.878123,88.230679,88.230679,95.583236,147.051132,154.403688,154.403688,161.756245,154.403688,198.519028,220.576698,213.224141,257.339481,286.749707,323.51249,374.980386,389.6855,433.800839,456.324146,330.865047,367.308985,485.268735,485.268735,581.201882,595.557084,609.986435,624.967311,830.546758,1095.530933,1389.633196,1235.229508,1588.152225,1419.30956,1735.203356,1963.132611,2015.084205,2146.946526,2198.414422,2249.882318,2250.0,2300.0,2250.0,2098.0,2164.0,2616.0,3028.0,2900.0,2600.0,2300.0,2800.0,2920.0,3000.0,3100.0,3470.0,3690.0,4110.0,4420.0,5493.0,5310.0,5287.0,5706.0,6025.0,6670.0,6600.0,5860.0,5550.0,5690.0,5800.0,5550.0,5100.0,5300.0,5500.0,5500.0,5500.0,5183.552606431964,5223.660297675093,5281.154573717372,5344.339952688615,5410.868357548962,5487.794851486743,5558.015452731767,5628.602186237539,5699.496378836895,5770.741037722021,5842.625753047526,5870.861500909526,5900.017479108311,5930.024401775793,5960.8058254671,5992.224769961486,6026.037916203275,6060.257774781144,6094.850983155574,6129.764811117439,6164.868515020155,6203.886667113719,6242.904428638321,6281.671852050375,6320.141973949906,6358.343247117617,6438.817287067444,6515.46354403727,6588.466062523907,6658.461636194601,6725.644858751373,6797.001363771705,6865.185213075175,6930.290417174516,6992.321775271896,7051.411399312181,7113.566453942927,7172.489669349446,7228.243193225698,7280.881023880822,7330.460188757486,7380.446100302103,7427.38517514958,7471.218332300469,7512.015483985576,7549.794962911574,7586.596664329729,7620.363092090144,7651.112324034689,7678.872248684643,7703.74825798898,7726.765263920236,7746.913560585551,7764.251416314461,7778.877438922409,7790.878787851717,7800.914600921008,7808.503841807142,7813.797525644407,7816.831277446303,7817.704530059425,7816.800098113649,7813.776803675374,7808.87384252968,7801.993713537614,7793.176735021869,7782.786358959198,7770.649511967304,7756.90448466566,7741.708209859376,7725.115152055311,7707.366910425751,7688.342808409785,7668.101046486672,7646.72616975147,7624.206793206889
Ecuador,EC,ECU,Population,,3561.397,3654.262,3750.537,3850.048,3952.964,4059.412,4169.657,4284.061,4402.933,4526.578,4655.204,4789.458,4929.079,5074.352,5225.484,5382.442,5545.055,5713.06,5886.299,6064.174,6246.6,6433.504,6624.564,6819.503,7017.642,7218.859,7422.965,7630.673,7841.661,8056.077,8275.677,8498.143,8724.452,8956.383,9193.181,9429.126,9662.87,9895.709,10125.906,10357.798,10589.548,10815.213,11045.042,11263.506,11480.888,11700.141,11921.758,12140.495,12361.874,12579.716,12798.695,13022.786,13254.158,13490.453,13726.95,13965.375,14206.888,14450.658,14699.747,14952.162,15201.228,15451.225,15693.163,15921.092,16149.157,16383.293,16626.984,16892.055,17207.038,17473.005,17619.124,17745.785,17902.009,18058.157,18212.798,18366.994,18522.019,18678.621,18835.83,18992.361,19147.077,19298.546,19446.454,19591.036,19731.668,19868.589,20001.742,20131.015,20256.136,20376.394,20492.046,20602.855,20708.68,20809.581,20905.36,20995.896,21081.165,21161.185,21236.042,21305.27,21369.205,21427.548,21480.694,21528.692,21571.732,21609.766,21642.891,21671.214,21694.467,21712.984,21726.752,21735.895,21740.362,21740.099,21735.092,21725.284,21711.353,21692.799,21669.669,21641.83,21609.074,21571.772,21529.804,21483.107,21431.914,21376.648,21316.89,21252.715,21184.345,21111.964,21036.071,20956.665,20874.137,20788.492,20699.951,20608.669,20514.498,20418.211,20319.873,20219.476,20117.346,20013.552,19908.394,19802.226,19695.09,19587.064,19478.247,19368.702,19258.573,19147.727
Egypt,EG,EGY,Cement production,kt cement,1132.293716,948.479801,1095.530933,1338.585578,1367.575527,1352.870413,1463.158762,1514.626659,1786.671253,2044.010733,2059.157726,2235.177205,2507.221799,2521.926912,2418.670256,2441.04879,2749.856167,3146.894223,3610.777561,3683.008093,3918.28923,3822.779943,3617.457845,3264.993437,3580.695062,3360.475595,3257.182572,2999.843091,2955.727751,3029.253317,3499.816939,4257.130269,5499.712333,6500.033402,5749.699257,7609.896076,8742.189792,9786.252828,12476.654694,14100.0,16427.0,17000.0,16000.0,16100.0,17665.0,18700.0,19700.0,21000.0,23313.0,24143.0,25700.0,28155.0,26639.0,28763.0,32458.0,36100.0,40400.0,38600.0,48000.0,49500.0,48700.0,51200.0,50200.0,51400.0,53600.0,56500.0,53900.0,52000.0,48700.0,44900.0,50000.0,45800.0,52000.0,50000.0,48865.60441168517,49756.78705618992,50673.24351100633,51628.66575439279,52598.30976415341,53553.51478394496,54577.01747038365,55587.44922439966,56583.93089402928,57570.83733042933,58550.96893104906,59590.23393586901,60621.42412141496,61639.9019918565,62649.08766753362,63648.21037152114,64666.68993224146,65669.8341122425,66658.45135166124,67631.60257266609,68592.3083878027,69557.583667454,70512.45701858506,71459.36965227831,72397.02943722601,73331.01110237431,74326.62643335652,75283.82016808882,76213.31482864256,77111.71960274239,77984.17573766557,78870.4748544,79730.11200192393,80563.94165523216,81374.86173079263,82165.23387203651,82959.30976461749,83731.7731416874,84483.15256054816,85219.31596806276,85936.51175426628,86638.88373388503,87325.4076571027,87992.4300595675,88640.94088504113,89268.27772868321,89884.71684230221,90482.06209622714,91059.88936519758,91614.01557215958,92150.71556767158,92675.15508983214,93180.43415111188,93663.156293667,94126.23456433849,94572.07346141692,94996.0644245575,95404.62643436792,95791.48543890292,96161.39080388642,96513.57514445965,96849.87200609395,97171.27715407513,97479.12551200217,97767.32955822446,98037.35136550535,98295.50790123071,98541.82938692738,98770.82452598707,98986.9888240619,99184.42404705107,99366.23884509252,99526.85992756917,99669.91555615417,99802.4726523469,99915.62640166483
Egypt,EG,EGY,Population,,21367.508,21844.329,22365.56,22922.723,23502.397,24088.06,24686.626,25302.189,25898.453,26555.26,27237.698,27964.098,28709.927,29473.811,30244.032,31014.316,31798.767,32593.953,33402.684,34220.545,35027.434,35839.301,36677.355,37526.73,38412.604,39338.049,40253.065,41244.674,42278.188,43359.068,44541.758,45752.69,47062.532,48510.272,49984.397,51485.539,52927.051,54421.818,55953.545,57467.739,59325.497,60732.498,62228.823,63602.538,64968.64,66336.605,67719.491,69143.99,70742.598,72299.31,73867.258,75436.8,77041.474,78665.622,80289.265,81912.742,83488.064,85064.386,86665.193,88338.078,90054.067,92132.051,94189.952,96477.154,98580.154,100614.53,102674.648,104717.467,106646.72,108459.596,110170.651,111743.365,113493.134,115578.409,117498.106,119233.883,120968.468,122726.765,124490.149,126255.95,128022.693,129801.81,131588.346,133382.864,135192.816,137001.619,138824.907,140652.485,142479.176,144307.351,146119.957,147917.156,149684.406,151410.906,153099.762,154738.616,156333.279,157895.532,159419.247,160903.98,162356.404,163770.674,165167.272,166532.651,167874.986,169188.379,170481.925,171753.146,173005.053,174239.862,175450.55,176643.397,177816.54,178980.714,180125.01,181229.9,182321.297,183389.089,184433.896,185448.413,186432.968,187391.751,188322.649,189215.477,190083.114,190922.332,191732.305,192504.91,193245.814,193959.599,194626.202,195269.427,195875.272,196453.452,197001.886,197515.851,198006.051,198474.899,198909.122,199311.519,199688.861,200047.707,200376.179,200683.463,200956.925,201199.097,201402.214,201573.686,201728.069,201846.6
El Salvador,SV,SLV,Cement production,kt cement,0.0,0.0,36.762783,51.467896,58.820453,66.173009,88.230679,88.230679,80.878123,88.230679,73.525566,66.173009,80.878123,88.230679,80.878123,139.698575,139.698575,154.403688,139.698575,161.756245,183.813915,220.576698,242.634368,294.102264,330.865047,323.51249,374.980386,455.858509,588.204528,522.031518,455.858509,419.095726,433.800839,397.038056,448.505952,441.153396,610.262197,624.967311,632.319867,641.0,680.0,419.0,861.0,850.0,890.0,948.0,1020.0,1065.0,1031.0,1064.0,1174.0,1323.0,1391.0,1265.0,1131.0,1311.0,1300.0,1300.0,1212.0,1290.0,1320.0,1380.0,1200.0,1000.0,990.0,880.0,900.0,1089.0,1280.0,1000.0,1070.0,1066.0,1066.0,1066.0,1026.700300703955,1051.513235103164,1076.816635055586,1103.287360146488,1131.145403574843,1152.170010015539,1178.30532879418,1204.744230331636,1230.915526372239,1256.815937306765,1282.554297179606,1303.374887836344,1323.491513299246,1342.928324021782,1361.740105125551,1379.909153437978,1401.96929405077,1422.952401262904,1442.90834504688,1461.932390119925,1479.945573182941,1500.804820494542,1520.396200373166,1538.829541669889,1556.086769415291,1572.749310315436,1601.642722228966,1629.022614576156,1655.217879746722,1680.107509427645,1703.563800300315,1728.74136003345,1752.46499723354,1774.819530323045,1796.072965624047,1815.969820543453,1837.34302759397,1857.370290384878,1875.903922770463,1892.954979410584,1908.605806355472,1924.849453167389,1939.82238827346,1953.409992710555,1965.623961203364,1976.899127053379,1988.508971998961,1999.152801762621,2008.836753175232,2016.899237777307,2024.307734205306,2031.052959701153,2036.489403091435,2040.982140192388,2044.421816095254,2046.774973843377,2048.436947946028,2049.203763902684,2049.15399108983,2048.20040429739,2046.243564840587,2043.877823640736,2040.82364699463,2037.112574565432,2032.878667211146,2027.96977479731,2022.882410119615,2017.276064999346,2011.230861126809,2004.696505423215,1997.675771468062,1990.632310635695,1983.260350396005,1975.869206827934,1968.156896179722,1960.200495812736
El Salvador,SV,SLV,Population,,2209.516,2261.093,2314.811,2369.156,2426.506,2486.684,2549.646,2615.376,2681.946,2753.127,2829.79,2910.242,2988.166,3069.192,3154.573,3244.359,3337.562,3432.807,3528.738,3624.232,3713.361,3801.685,3891.975,3984.161,4075.182,4165.715,4254.904,4347.608,4440.621,4520.155,4560.608,4580.59,4664.364,4750.37,4845.637,4943.774,5041.763,5143.12,5248.545,5349.413,5450.04,5540.113,5631.106,5688.807,5739.451,5784.81,5825.762,5863.394,5898.168,5929.633,5957.099,5979.021,5994.24,6002.957,6006.385,6004.77,5999.869,6019.78,6038.813,6057.745,6078.754,6101.5,6126.45,6151.228,6174.682,6192.671,6208.928,6218.139,6221.476,6223.159,6246.188,6265.375,6295.263,6323.985,6352.401,6378.605,6403.902,6428.983,6452.884,6475.944,6496.469,6516.335,6535.259,6554.064,6570.313,6586.049,6600.599,6613.441,6626.225,6636.11,6645.393,6653.193,6659.236,6664.532,6666.97,6669.08,6669.739,6669.933,6668.512,6664.999,6661.692,6655.477,6649.177,6641.331,6630.697,6618.796,6605.633,6591.496,6577.884,6562.685,6545.713,6528.49,6509.748,6489.305,6467.408,6444.301,6421.012,6396.615,6370.551,6343.8,6315.897,6287.432,6258.277,6225.37,6192.952,6158.85,6122.378,6085.018,6046.234,6005.833,5964.232,5921.752,5878.622,5834.437,5788.773,5742.691,5696.275,5649.564,5602.962,5555.857,5508.881,5461.903,5415.125,5368.308,5321.402,5274.705,5228.418,5183.465,5138.858,5094.912
Equatorial Guinea,GQ,GNQ,Cement production,kt cement,0.0,0.0,0.0,0.0,0.0,0.0,0.0,0.0,0.0,0.0,0.0,0.0,0.0,0.0,0.0,0.0,0.0,0.0,0.0,0.0,0.0,0.0,0.0,0.0,0.0,0.0,0.0,0.0,0.0,0.0,0.0,0.0,0.0,0.0,0.0,0.0,0.0,0.0,0.0,0.0,0.0,0.0,0.0,0.0,0.0,0.0,0.0,0.0,0.0,0.0,0.0,0.0,0.0,0.0,0.0,0.0,0.0,0.0,0.0,0.0,0.0,0.0,0.0,0.0,0.0,0.0,0.0,0.0,0.0,0.0,0.0,0.0,0.0,0.0,208.4378423888031,206.537617450169,203.5021693158957,190.2743862645767,192.2120216403254,187.3386939180141,188.1936053715222,189.3299543628618,190.7129822357991,192.338702909358,194.1467740182522,197.7163152853308,201.4617429487549,205.3566120162238,209.3768157001223,213.5290752312454,217.4736158207339,221.6508129026399,226.0127074683444,230.5608352562843,235.3025433516208,240.0403794441596,245.0781599243924,250.3814411534335,255.9005436998571,261.611793709823,273.388107494359,285.1822016026558,296.993011158403,308.8251141026574,320.6696986102942,334.8886675839069,349.1470006470205,363.4357944397103,377.7356601011577,392.0806713534071,408.8006708588744,425.5659207460595,442.3771020869038,459.2227037076034,476.0845004155413,494.7543298953361,513.4848425348888,532.2641282686867,550.8318680911569,569.0999919796072,588.7894161825559,608.1492130888851,627.1772859641629,645.8827301622387,664.2774079208613,683.8104769891809,702.9836185005662,721.7586878138894,740.1636309102424,758.2458417114589,777.0163525030808,795.3699179554386,813.2714503401049,830.7712030391492,848.0116710041945,865.4073088155807,882.3811032484621,898.9875303185482,915.2797319992733,931.2203552783699,946.9423383694481,962.1912417831874,977.3636636027244,992.3294816935049,1007.127496051116,1021.761716729907,1036.053522483718,1050.156857202688,1064.029636670137,1077.617934118468
Equatorial Guinea,GQ,GNQ,Population,,228.585,232.645,236.722,240.87,245.08,249.35,253.705,258.124,262.65,267.342,272.271,277.52,283.052,288.878,295.007,301.469,308.249,315.361,322.336,322.697,318.909,312.97,305.966,298.597,291.309,284.494,277.567,275.991,277.07,282.623,294.664,311.839,332.594,354.247,375.552,395.542,413.915,431.129,448.173,465.444,483.104,501.331,520.209,539.837,560.439,582.088,604.896,628.89,654.058,680.37,726.188,773.483,822.431,873.294,926.539,968.195,1012.491,1059.597,1109.463,1161.883,1216.287,1267.384,1319.582,1372.854,1426.801,1481.045,1535.327,1589.464,1643.38,1696.974,1735.963,1781.61,1825.48,1869.618,1915.415,1961.447,2007.489,2054.02,2100.505,2146.899,2193.991,2242.177,2291.883,2340.115,2389.59,2438.949,2488.829,2539.087,2590.619,2640.231,2690.94,2740.024,2789.528,2838.018,2887.019,2935.451,2982.742,3028.377,3074.605,3120.671,3166.785,3213.488,3260.699,3307.775,3355.503,3402.761,3449.061,3495.157,3542.661,3588.38,3632.69,3676.34,3719.19,3762.058,3806.176,3849.716,3891.766,3933.141,3973.239,4015.201,4057.305,4097.922,4138.943,4179.19,4219.598,4260.699,4301.595,4339.902,4377.355,4415.392,4451.006,4485.878,4518.971,4551.467,4585.965,4616.675,4646.784,4676.966,4707.716,4738.174,4765.546,4791.335,4818.798,4846.112,4873.643,4899.081,4922.858,4946.645,4969.933,4992.145
Eritrea,ER,ERI,Cement production,kt cement,,,,,,,,,,,,,,,,,,,,,,,,,,,,,,,,,,,,,,,,0.0,,,0.0,45.0,50.0,47.0,60.0,45.0,45.0,45.0,45.0,45.0,45.0,45.0,45.0,45.0,45.0,45.0,45.0,45.0,160.0,230.0,230.0,230.0,200.0,200.0,180.0,180.0,180.0,160.0,180.0,180.0,180.0,180.0,208.3216284994845,212.7287482072225,217.3130669922798,221.3104377303443,225.0966673810181,229.0818255045389,234.7469747441132,240.5443533437297,246.4291783805533,252.3947478816662,258.4146958711846,270.1473037728134,281.7943945244039,293.4155552950886,305.0610799503493,316.6994510900781,331.6573993927196,346.5592659614746,361.3400472253101,376.0943228043303,390.8689952723811,408.6316615060271,426.5733227593526,444.654600624008,462.8702627564765,481.2480865960728,513.6058578047968,546.0862363999165,578.6419500068479,611.3373678213975,644.2276046371494,684.4059649878826,724.8490817732868,765.3701883487546,806.0121562957704,846.7953564477197,896.0786369834997,944.1915832064684,990.8846753467508,1036.147078547953,1080.01483801068,1129.685309719313,1177.478171603268,1223.324576735395,1267.485699027228,1309.857870653772,1356.874494761225,1401.579098537994,1444.238638572818,1485.165866759873,1523.927477206506,1566.910791496907,1608.026356548126,1647.935622542619,1686.523825615248,1723.642065334441,1763.936901749076,1801.179122733816,1837.712770362119,1872.949234143097,1907.613451104421,1944.077293729043,1978.937784073778,2011.800172355019,2043.681111175782,2074.085640581618,2106.239312594973,2136.51851134841,2166.605109612413,2194.099093204278,2220.686979501467,2248.995889943932,2275.778684849995,2301.871815012916,2327.335640336109,2352.482810100005
Eritrea,ER,ERI,Population,,820.639,833.412,847.267,862.138,877.905,894.569,912.244,925.351,939.815,961.312,983.781,1007.365,1032.21,1057.974,1084.6,1112.071,1137.842,1166.835,1196.639,1227.372,1259.534,1292.774,1325.695,1359.644,1391.732,1424.688,1462.926,1502.204,1542.552,1584.111,1627.484,1672.395,1718.527,1753.794,1789.667,1825.966,1864.362,1912.976,1963.533,2010.501,2054.973,1784.168,1813.328,1898.685,1929.145,2121.389,2135.539,2168.73,2192.107,2233.454,2260.608,2363.549,2422.407,2565.399,2631.168,2691.261,2715.743,2770.702,2861.953,2913.817,2976.556,3020.414,3053.563,3095.158,3095.187,3115.905,3133.491,3167.203,3218.318,3262.07,3320.471,3379.895,3438.999,3501.78,3569.426,3644.58,3720.758,3799.99,3880.296,3960.648,4044.696,4125.395,4207.632,4291.379,4378.08,4463.765,4555.749,4648.12,4736.567,4824.384,4912.969,4996.007,5082.595,5165.935,5249.805,5335.731,5416.204,5496.798,5578.286,5656.427,5735.697,5815.781,5900.349,5982.022,6055.61,6134.868,6205.513,6282.39,6360.867,6438.754,6517.968,6595.824,6668.85,6749.699,6818.465,6886.004,6958.787,7026.661,7096.341,7162.022,7226.312,7288.106,7349.583,7412.724,7466.792,7528.238,7583.064,7638.111,7691.388,7740.998,7796.449,7836.077,7880.272,7923.178,7969.835,8015.644,8058.184,8094.482,8131.344,8165.041,8199.662,8229.547,8264.58,8290.043,8315.766,8341.752,8363.685,8385.985,8408.706,8433.227
Estonia,EE,EST,Cement production,kt cement,74.05966,84.3628,95.618005,113.915014,135.042349,149.504013,174.010177,200.841732,234.180712,275.208352,307.886024,347.467887,370.327674,394.63152,440.520383,487.424017,517.131699,534.65175,549.336993,583.425073,617.44102,644.885299,680.18634,718.586427,765.241356,773.024973,784.505275,777.832917,747.881469,754.272555,766.805576,745.556508,772.263024,783.980886,787.233521,811.838737,823.671745,834.297929,837.93399,815.54407,768.018551,600.0,500.0,402.0,417.0,388.0,423.0,321.0,358.0,329.0,405.0,466.0,506.2,615.0,726.0,848.9,937.4,808.0,326.0,375.0,451.0,482.0,457.0,447.0,390.0,399.0,503.0,527.0,411.0,254.0,366.0,257.0,257.0,257.0,221.3407795459856,227.9005672208329,233.3692295844617,238.884570404355,244.4370196371561,252.878374181699,258.2801998907578,263.5349695349461,268.6559339372657,273.6517591489841,278.5407247915221,281.1586051270652,283.7004294059807,286.1943356267233,288.6630086924466,291.0859767560494,292.6296524748568,294.1691205605429,295.692920138178,297.2346836380143,298.7504627582537,299.8487046898621,300.9171202725348,302.0307233084089,303.1815507281996,304.3660943313469,304.6923145563308,304.9579680945074,305.1804301648309,305.3534688578313,305.4913167479448,305.6500863502735,305.7684466962966,305.8446681259772,305.8658124133005,305.8475368652594,305.7544127950818,305.6307609958612,305.4692982159094,305.2737739850998,305.0386919974828,304.6184540994692,304.1781444075435,303.7038827990814,303.2108666647407,302.6852194038825,301.9562672547468,301.2225243040257,300.4811094984975,299.726119724377,298.964108587884,298.0520770846754,297.1298990827891,296.1912117968172,295.248152031718,294.3080511183481,293.2656005950225,292.238250384999,291.1998695141195,290.156094807439,289.109951818608,288.0357033451585,286.9732362752571,285.9291230839593,284.9292763576158,283.9288146101693,282.8893212346089,281.8675902520692,280.8501138514762,279.8155147032565,278.7893532611245,277.6722920949135,276.5434051378048,275.4351684658731,274.3221651739619,273.1785047801214
Estonia,EE,EST,Population,,1109.252,1123.144,1136.608,1148.673,1160.935,1172.808,1183.534,1194.023,1206.789,1213.09,1227.816,1242.519,1256.73,1270.782,1285.898,1299.71,1313.166,1326.94,1341.658,1355.746,1367.985,1381.044,1393.38,1405.303,1417.791,1429.216,1440.527,1452.601,1463.846,1472.199,1480.727,1489.951,1499.866,1510.609,1520.61,1529.949,1541.237,1553.272,1564.922,1570.254,1570.353,1560.414,1520.01,1488.674,1462.754,1442.8,1426.502,1416.49,1405.915,1401.24,1392.754,1383.589,1375.281,1366.419,1358.933,1350.762,1342.999,1338.41,1335.738,1333.319,1329.578,1325.137,1320.095,1315.744,1313.16,1315.992,1315.706,1319.143,1324.786,1328.857,1330.482,1333.017,1367.166,1367.226,1353.866,1334.598,1327.526,1320.415,1313.312,1306.302,1299.242,1292.202,1285.229,1278.377,1271.574,1264.968,1258.441,1252.096,1245.92,1239.803,1233.771,1227.69,1221.592,1215.495,1209.291,1203.077,1196.817,1190.507,1184.203,1177.624,1170.911,1164.027,1157.124,1150.015,1142.842,1135.363,1127.814,1120.185,1112.373,1104.518,1096.413,1088.347,1080.262,1072.188,1064.084,1055.99,1047.972,1039.929,1031.968,1023.991,1015.979,1008.102,1000.336,992.639,985.05,977.626,970.254,962.894,955.619,948.47,941.456,934.614,927.789,921.013,914.302,907.858,901.542,895.387,889.53,883.722,877.998,872.413,866.893,861.325,855.843,850.291,844.713,839.275,833.846,828.296
Eswatini,SZ,SWZ,Cement production,kt cement,0.0,0.0,0.0,0.0,0.0,0.0,0.0,0.0,0.0,0.0,0.0,,,0.0,0.0,0.0,0.0,0.0,0.0,0.0,0.0,0.0,0.0,0.0,0.0,0.0,0.0,0.0,0.0,0.0,0.0,0.0,0.0,0.0,0.0,0.0,0.0,0.0,0.0,0.0,0.0,0.0,0.0,0.0,0.0,0.0,0.0,0.0,0.0,0.0,0.0,0.0,0.0,0.0,0.0,0.0,0.0,0.0,0.0,0.0,0.0,0.0,0.0,0.0,0.0,0.0,0.0,0.0,0.0,0.0,0.0,0.0,0.0,0.0,152.4469118770571,154.8850070743089,156.8411902210199,158.2553126984455,159.5404229396051,161.5471395490913,162.3646822111756,163.4577982774888,164.7827259152862,166.3090603749746,168.0167378429406,170.5047462798926,173.1935424681091,176.061585222228,179.0762553115918,182.2266942956195,184.4619143087223,186.9341822903792,189.6293482750475,192.5246159439322,195.6291105456951,197.8376660726281,200.3755729894945,203.1954648316882,206.2561763766209,209.3949237045805,216.2083774243917,222.8514639027214,229.3266821988663,235.6280739929445,241.7491242636113,248.1751462330039,254.3855660043301,260.3860516090785,266.1813076242813,271.7519214514559,277.4765715579645,282.9660433825046,288.2075124883701,293.1939692018713,297.9418673927505,302.5034913012223,306.8499671808719,310.9347018049907,314.8657512473319,318.6305668535494,322.3150352684423,325.8068700626679,329.1641942888685,332.3540159212835,335.3477278185049,338.2922131056585,341.0602718232249,343.7162836315018,346.2937477886929,348.6951756756908,351.0189488959269,353.2173956614595,355.1880772289615,357.0097903701365,358.6394885911356,360.2038704040241,361.6805831175001,363.0552348262194,364.3003916069725,365.3723644162478,366.4046475044917,367.2594429284253,368.0506173259108,368.7119732490372,369.2317900235722,369.7119440866936,370.1253579982017,370.4699150146481,370.7061660244997,370.7358618497224
Eswatini,SZ,SWZ,Population,,275.109,282.1,289.16,296.315,303.544,310.891,318.336,325.909,333.612,341.406,349.268,357.26,365.471,374.047,383.264,393.407,404.125,413.936,424.357,435.392,447.039,459.326,472.249,485.827,500.148,515.197,531.463,549.234,567.657,586.741,606.548,627.069,648.235,669.679,691.886,720.506,748.958,778.663,820.933,854.667,890.19,926.189,960.643,981.994,960.431,980.436,999.247,1014.023,1025.282,1036.282,1046.545,1055.584,1063.299,1070.101,1076.216,1081.827,1087.045,1094.365,1101.818,1108.489,1114.811,1120.856,1126.871,1133.109,1139.489,1146.136,1152.879,1163.51,1174.349,1185.399,1200.06,1213.127,1224.706,1236.306,1249.337,1263.011,1276.706,1289.738,1302.197,1314.502,1327.335,1339.006,1350.787,1362.701,1374.017,1384.819,1395.491,1405.399,1415.603,1425.299,1434.263,1443.824,1452.396,1460.503,1468.236,1476.038,1483.184,1489.804,1496.241,1502.628,1508.034,1513.529,1518.355,1522.607,1526.118,1529.211,1532.011,1534.711,1537.324,1539.173,1539.956,1540.753,1541.152,1541.0,1540.559,1539.747,1538.919,1537.187,1535.143,1532.638,1530.268,1527.158,1523.936,1520.255,1515.856,1511.486,1506.634,1501.864,1497.417,1492.449,1487.132,1481.742,1475.495,1469.003,1461.955,1454.731,1447.703,1440.739,1433.636,1426.107,1418.621,1410.702,1403.029,1395.185,1387.095,1378.924,1370.793,1362.679,1354.36,1345.314
Ethiopia,ET,ETH,Cement production,kt cement,7.352557,7.352557,7.352557,29.813106,29.410226,29.410226,22.05767,29.410226,22.05767,29.410226,29.410226,44.11534,36.445862,44.11534,95.043217,102.935792,147.051132,176.461358,169.481288,183.813915,213.224141,191.166471,124.993462,117.640906,147.051132,147.051132,73.525566,88.230679,95.583236,110.288349,132.346019,147.051132,169.108802,242.634368,249.986924,272.044594,352.922717,404.390613,374.980386,340.0,290.0,300.0,350.0,464.0,611.0,690.0,752.0,750.0,638.0,880.0,900.0,900.0,1130.066,1315.934,1568.624,1731.0,1625.56,1834.0,1688.0,1639.0,2082.0,3548.0,4493.0,5424.0,7500.0,8500.0,9100.0,9500.0,8700.0,9800.0,9500.0,7600.0,7600.0,7600.0,9169.54861883035,9696.467008396456,10339.33346362093,11040.88830639788,11763.31832342016,12320.06058699348,12914.16057323452,13494.81221134176,14064.95607136287,14627.10066380891,15181.59876339183,15942.5711693623,16701.69024564261,17459.53085262982,18216.77581198811,18973.56683248938,19830.2736371505,20687.80239969716,21546.27202287885,22407.38743741885,23275.81615413818,24260.86295846489,25256.25047151207,26261.61525955188,27277.16316899538,28302.13977670478,30117.21348428227,31935.68107687636,33706.57089433722,35430.49513099662,37109.11393902518,39099.84412294475,41019.32767046249,42869.86276914044,44655.3387367282,46384.98283832354,48376.99980958838,50284.73998138099,52109.94195798039,53862.42672222445,55547.45978998493,57422.20380695341,59240.98330571986,61015.78367871362,62737.2479048521,64414.75469656908,66256.62911911335,68043.87092885407,69781.05182252495,71462.47183947815,73107.26814326044,74865.54016581748,76567.54242407909,78218.23788770723,79817.24146374248,81358.04147792167,82974.75624199856,84544.7160498055,86073.30681812811,87545.07741305299,88973.32628287861,90460.63432085536,91916.7092557096,93321.34813946896,94677.98167454328,96005.18334812777,97396.30522540545,98744.2341571485,100047.4598029865,101326.9136071806,102582.877720389,103859.5392694932,105130.6241270013,106361.4518782894,107545.1207661308,108689.9486775484
Ethiopia,ET,ETH,Population,,17824.149,18153.974,18498.371,18851.182,19224.888,19614.653,20023.117,20324.361,20636.209,21120.0,21633.385,22178.819,22751.434,23351.839,23981.257,24639.967,25265.41,25975.142,26700.718,27444.423,28213.833,28986.379,29762.838,30570.732,31343.814,32102.691,32966.146,33368.398,34100.787,34376.517,34480.512,36127.512,37275.068,38206.566,39264.878,40419.394,41655.917,43264.162,45037.489,46721.892,48497.617,50936.779,52770.716,54647.067,56575.949,58498.721,60436.55,62372.527,64354.521,66394.601,68428.387,70547.137,72723.897,74941.429,77212.983,79521.958,81885.022,84321.413,86765.923,89249.35,91827.677,94472.263,97125.271,99752.231,102478.988,105255.281,108181.043,111151.919,114176.386,117298.379,120536.964,123740.213,127028.36,130355.024,133764.511,137179.59,140624.78,144104.814,147577.709,151094.414,154616.3,158148.556,161699.242,165207.389,168750.198,172315.71,175879.84,179442.436,183029.357,186640.864,190260.94,193876.319,197514.29,201181.682,204847.06,208500.219,212175.477,215871.539,219548.871,223205.803,226837.946,230536.455,234165.919,237759.343,241345.233,244876.582,248484.386,251988.938,255432.108,258963.614,262453.067,265946.054,269344.431,272716.657,276052.4,279339.861,282584.423,285873.496,289066.709,292232.805,295349.07,298448.785,301534.338,304528.742,307561.617,310554.023,313491.117,316383.811,319208.088,321904.78,324572.236,327224.354,329872.338,332406.265,334892.932,337365.434,339824.375,342149.694,344355.824,346536.391,348766.534,350910.364,352954.916,354999.651,357038.352,358954.148,360959.748,362881.265,364682.976,366401.052
Falkland Islands (Malvinas),FK,FLK,Cement production,kt cement,0.0,0.0,0.0,0.0,0.0,0.0,0.0,0.0,0.0,0.0,0.0,0.0,0.0,0.0,0.0,0.0,0.0,,,0.0,0.0,0.0,0.0,0.0,0.0,0.0,0.0,0.0,0.0,0.0,0.0,0.0,0.0,0.0,0.0,0.0,0.0,0.0,0.0,0.0,0.0,0.0,0.0,0.0,0.0,0.0,0.0,0.0,0.0,0.0,0.0,0.0,0.0,0.0,0.0,0.0,0.0,0.0,0.0,0.0,0.0,0.0,0.0,0.0,0.0,0.0,0.0,0.0,0.0,0.0,0.0,0.0,0.0,0.0,0.9250552476367028,0.9182416290939264,0.9113602987603644,0.9047118837795143,0.8958039854349914,0.8886786607977858,0.8793596791596726,0.8715023367964678,0.8632525188559134,0.8560952445982067,0.849528734333902,0.8333361334162188,0.8211368526530206,0.8071630711874977,0.7981314070023492,0.7874492142191328,0.7750329730674049,0.7636795832003129,0.7542302846592961,0.7429483369408292,0.7350213673063536,0.724938872947269,0.7168426094232051,0.7084189602569546,0.7007290858538534,0.692871958242201,0.689173740568695,0.6852579806790999,0.6811246785734165,0.6756861231712014,0.670465109985075,0.66502655458286,0.6595879991806449,0.6539319015623412,0.6489284305923033,0.6430547907579109,0.6376162353556959,0.6319601377373921,0.6252163290386455,0.6191251469881647,0.6134690493698609,0.6067252406711143,0.6012866852688992,0.5954130454345069,0.589321863384026,0.584318392413988,0.5790973792278618,0.5736588238256466,0.5680027262073429,0.5643045085338367,0.5599536642120646,0.5545151088098496,0.5516870600006977,0.5466835890306597,0.5408099491962675,0.5368941893066727,0.5336310560653436,0.5316731761205462,0.5281925006631285,0.5244942829896222,0.5214486919643818,0.5194908120195844,0.5173153898586984,0.5144873410495466,0.511441750024306,0.5092663278634201,0.5073084479186225,0.5051330257577366,0.5044803991094707,0.501652350300319,0.5009997236520531,0.4994769281394328,0.496648879330281,0.4942559149533064,0.4927331194406862,0.4903401550637116
Falkland Islands (Malvinas),FK,FLK,Population,,2.2,2.206,2.217,2.191,2.182,2.187,2.192,2.206,2.229,2.249,2.275,2.301,2.307,2.303,2.303,2.294,2.296,2.284,2.276,2.277,2.273,2.272,2.282,2.283,2.291,2.296,2.301,2.287,2.274,2.257,2.246,2.247,2.247,2.25,2.242,2.24,2.242,2.275,2.304,2.335,2.357,2.433,2.529,2.62,2.719,2.816,2.88,2.943,3.008,3.067,3.127,3.16,3.179,3.198,3.211,3.223,3.231,3.23,3.217,3.206,3.189,3.177,3.224,3.305,3.373,3.442,3.515,3.521,3.521,3.512,3.499,3.497,3.483,3.47,3.471,3.467,3.463,3.458,3.442,3.427,3.416,3.408,3.396,3.386,3.376,3.358,3.352,3.335,3.335,3.325,3.31,3.296,3.287,3.267,3.259,3.242,3.231,3.216,3.202,3.185,3.168,3.15,3.131,3.106,3.082,3.057,3.032,3.006,2.983,2.956,2.931,2.905,2.874,2.846,2.82,2.789,2.764,2.737,2.709,2.686,2.662,2.637,2.611,2.594,2.574,2.549,2.536,2.513,2.486,2.468,2.453,2.444,2.428,2.411,2.397,2.388,2.378,2.365,2.351,2.341,2.332,2.322,2.319,2.306,2.303,2.296,2.283,2.272,2.265,2.254
Faroe Islands,FO,FRO,Cement production,kt cement,0.0,0.0,0.0,0.0,0.0,0.0,0.0,0.0,0.0,0.0,0.0,0.0,0.0,0.0,0.0,0.0,0.0,0.0,0.0,0.0,0.0,0.0,0.0,0.0,0.0,0.0,0.0,0.0,0.0,0.0,0.0,0.0,0.0,0.0,0.0,0.0,0.0,0.0,0.0,0.0,0.0,0.0,0.0,0.0,0.0,0.0,0.0,0.0,0.0,0.0,0.0,0.0,0.0,0.0,0.0,0.0,0.0,0.0,0.0,0.0,0.0,0.0,0.0,0.0,0.0,0.0,0.0,0.0,0.0,0.0,0.0,0.0,0.0,0.0,16.1945379557436,16.28842356648639,16.36764902194508,16.45028855899035,16.5140957474837,16.56744447680364,16.60577399202493,16.64945037967819,16.68362085462265,16.72137962036324,16.7497844520131,16.69929369506933,16.65114115872336,16.60135472464916,16.54862609310637,16.49827244528447,16.44353529611814,16.39297764263355,16.34037560788591,16.29129936887389,16.24524215553143,16.19473696108413,16.14716420400451,16.10727184539027,16.05830133284864,16.00848371574759,16.05349780089362,16.08681331023899,16.11936586898866,16.14988389281648,16.17531557933966,16.19616956228867,16.21320879225921,16.23533435953437,16.25593402561815,16.27246462185822,16.29560745659431,16.31620712267809,16.33350066951385,16.35918667290227,16.37902338839035,16.40038600506983,16.41208458087049,16.42454610726685,16.44107670350692,16.45735298288175,16.47439221285228,16.48583647178772,16.49753504758838,16.50872498965858,16.51864334740263,16.53339372558607,16.53797142916024,16.54382071706058,16.54610956884766,16.54585525198243,16.54153186527349,16.53517394364269,16.52449263530296,16.51584586188507,16.50618182100627,16.49092280909236,16.47566379717844,16.45735298288175,16.4337015144152,16.41106731340956,16.38538131002115,16.36147552468935,16.331466134592,16.3042542300122,16.275516424241,16.24220091489563,16.21473469345059,16.17938464918337,16.14225438685952,16.10563275826614
Faroe Islands,FO,FRO,Population,,31.814,31.992,32.039,32.048,32.088,32.136,32.512,32.94,33.407,33.896,34.359,34.756,35.17,35.612,36.083,36.611,37.022,37.381,37.739,38.074,38.463,38.943,39.402,39.871,40.341,40.794,41.245,41.692,42.244,42.798,43.345,43.906,44.436,44.905,45.377,45.778,46.225,46.692,47.215,47.803,47.191,46.441,45.604,44.665,43.676,44.0,44.354,44.726,45.062,45.369,45.956,46.524,47.13,47.717,48.318,48.403,48.452,48.496,48.5,48.477,47.862,48.006,48.176,48.383,48.598,49.189,49.856,50.63,51.438,52.245,52.928,53.672,54.35,55.077,55.722,56.281,56.772,57.248,57.633,58.03,58.383,58.743,59.062,59.385,59.666,59.936,60.205,60.459,60.694,60.926,61.153,61.388,61.604,61.82,62.037,62.231,62.425,62.636,62.801,62.947,63.124,63.255,63.383,63.503,63.603,63.685,63.752,63.839,63.92,63.985,64.076,64.157,64.225,64.326,64.404,64.488,64.534,64.583,64.648,64.712,64.779,64.824,64.87,64.914,64.953,65.011,65.029,65.052,65.061,65.06,65.043,65.018,64.976,64.942,64.904,64.844,64.784,64.712,64.619,64.53,64.429,64.335,64.217,64.11,63.997,63.866,63.758,63.619,63.473,63.329
Fiji,FJ,FJI,Cement production,kt cement,0.0,0.0,0.0,0.0,0.0,0.0,0.0,0.0,0.0,0.0,0.0,0.0,0.0,29.410226,36.762783,44.622412,44.574874,51.467896,51.035393,58.820453,81.420929,88.230679,88.230679,80.878123,73.960628,66.173009,73.525566,80.878123,95.583236,80.878123,95.583236,88.230679,110.288349,95.583236,95.583236,95.583236,58.820453,44.11534,58.820453,78.0,79.0,84.0,80.0,94.0,91.0,84.0,96.0,90.0,95.0,95.0,95.0,111.0,120.0,120.0,143.0,143.0,145.0,143.0,110.0,163.0,170.0,150.0,181.0,188.0,204.0,219.0,141.0,143.0,128.0,97.0,92.0,114.0,114.0,114.0,118.3186058646342,121.6225500046562,124.9252962402573,128.2925057733696,131.4946565717751,134.701899899912,138.3303636492,141.9721980379144,145.6282555887992,149.2932078219343,152.9634566947888,156.9768082477678,160.9762232943867,164.9809358507299,168.9571620582857,172.9421635322228,177.3900079759818,181.6205991494061,185.6467887656599,189.4899068759646,193.1455170917378,197.0048639644692,200.6210276576404,204.0638152978934,207.2521344389799,210.2688566831051,215.3362161213137,220.1599675649611,224.7408173450792,229.0987075484224,233.2230859770939,237.5049747618174,241.529005223005,245.410856196586,249.1284010039322,252.713783113829,256.4695034644918,260.0558361467905,263.4800861610262,266.7475778731129,269.8420347245444,273.0104849803838,276.0518901840381,278.9313653546016,281.6687178035519,284.2300848661521,286.7891908508569,289.2217687024808,291.5080403214237,293.6606546506148,295.6704856470855,297.7193554918865,299.6429911945142,301.4603045254659,303.1524236675099,304.6739756798948,306.2162669250171,307.6481368765035,309.0036283322013,310.2635984859195,311.4343019489484,312.5964357552967,313.6608742912995,314.6669329575724,315.6025386483448,316.4497257178039,317.3294854413051,318.1112295846215,318.8325237974307,319.4407611760491,319.9586256864931,320.4668672705093,320.9039365784421,321.2735893264758,321.5200379068057,321.6808191522075
Fiji,FJ,FJI,Population,,312.656,319.591,327.138,335.292,344.197,353.943,364.477,375.35,386.794,398.725,411.05,423.761,437.312,451.241,465.406,479.743,493.231,504.514,515.489,526.105,536.271,545.972,555.026,563.418,571.559,580.253,590.814,604.796,619.386,634.339,649.61,665.332,681.496,698.174,715.257,732.266,746.346,754.735,762.66,769.982,776.65,782.662,788.03,792.708,796.834,800.658,806.921,817.356,827.159,836.497,845.321,853.871,862.228,870.344,878.388,886.37,894.361,901.303,905.495,908.983,911.855,914.122,915.715,916.99,918.179,918.977,919.355,918.162,916.198,913.601,916.325,917.097,921.747,926.544,931.024,935.285,939.278,943.374,947.362,951.202,955.011,958.388,961.759,964.953,968.109,971.148,974.16,977.152,979.963,982.6,985.116,987.732,989.92,991.823,993.675,995.239,996.71,997.964,999.156,999.936,1000.586,1001.104,1001.394,1001.663,1001.658,1001.518,1001.149,1000.758,1000.089,999.42,998.653,997.682,996.541,995.245,993.65,991.975,990.396,988.633,986.792,984.636,982.144,979.698,977.148,974.54,971.8,969.066,966.312,963.605,960.824,957.734,954.516,951.174,947.853,944.453,940.992,937.33,933.587,929.919,926.261,922.528,918.799,914.966,911.17,907.195,903.125,898.945,894.752,890.551,886.129,881.621
Finland,FI,FIN,Cement production,kt cement,831.220539,779.041316,934.226879,1036.295796,1044.063036,963.184914,948.479801,926.422131,1169.056499,1257.287178,1345.848207,1359.926302,1426.395979,1573.447111,1771.966139,1573.447111,1514.626659,1477.701223,1794.023809,1875.072145,1838.139149,1985.190281,2095.47863,2205.766979,2066.232755,1823.564439,1713.145687,1705.79313,1749.790376,1815.967152,1816.081479,1860.038504,1904.312158,1647.115619,1610.32879,1419.043423,1426.486706,1507.274102,1595.393526,1670.0,1324.0,1129.0,835.0,869.0,907.0,975.0,905.0,1098.0,1310.0,1422.0,1325.0,1198.0,1492.896,1295.0,1357.0,1684.507,1742.534,1633.0,1052.0,1215.0,1387.0,1300.0,1300.0,1250.0,1300.0,1340.0,1510.0,1460.0,1430.0,1470.0,1500.0,1500.0,1500.0,1500.0,1445.087270523359,1458.451066019954,1470.513977356459,1481.775066281508,1492.313584207821,1500.457512506,1505.740060668588,1510.927162832858,1515.942652017479,1520.801364625878,1525.506588476539,1523.214555235399,1520.896102898564,1518.540928645763,1516.16246448772,1513.830160345504,1511.226889596296,1508.566294245766,1505.977530522223,1503.454388411555,1500.998408536236,1498.720834749673,1496.508247790564,1494.343875488983,1492.193268653804,1490.165360231778,1496.622985861071,1502.780861604904,1508.711439806506,1514.427990765076,1519.879192141953,1525.843176806976,1531.589418745874,1537.172440214898,1542.691021061154,1547.935473401775,1553.602715492236,1559.11535644561,1564.485687863745,1569.627062037505,1574.602376119368,1579.29284735081,1583.956008131961,1588.418508584448,1592.692014935764,1596.821055597518,1600.364499818042,1603.731588544394,1606.911898407608,1609.85556963904,1612.555717214016,1614.689588616994,1616.59607948512,1618.37300786318,1620.053806205165,1621.50496547423,1622.476730665781,1623.336477400332,1624.090342505111,1624.848705389622,1625.546875112389,1625.83483189795,1626.025792934637,1626.137353022314,1626.277208802268,1626.346329016312,1626.130910121339,1625.89452065635,1625.668433558087,1625.33892447328,1624.997267298952,1624.272191559268,1623.509416986618,1622.591628973969,1621.538963603696,1620.394121118586
Finland,FI,FIN,Population,,4030.184,4065.102,4116.567,4162.961,4211.547,4258.846,4305.015,4343.353,4376.407,4413.089,4446.159,4475.831,4507.63,4540.167,4558.007,4570.294,4592.589,4620.71,4633.981,4614.187,4598.423,4625.832,4653.265,4678.564,4702.146,4720.19,4730.483,4746.686,4757.806,4771.072,4787.627,4812.069,4841.695,4869.88,4893.771,4910.75,4925.76,4938.753,4954.504,4974.549,4998.601,5029.159,5055.137,5078.043,5098.874,5116.971,5132.462,5147.388,5159.708,5171.324,5181.079,5194.863,5206.229,5219.681,5236.615,5255.549,5276.944,5300.476,5326.278,5351.435,5375.266,5401.216,5426.727,5451.379,5471.989,5487.446,5503.492,5513.3,5518.173,5525.345,5533.879,5548.271,5590.327,5612.044,5622.577,5624.082,5619.395,5612.606,5605.007,5596.543,5587.559,5577.881,5567.886,5557.384,5546.384,5534.926,5523.166,5511.063,5498.922,5486.585,5474.46,5462.141,5449.89,5437.25,5424.751,5411.949,5399.189,5386.021,5372.55,5358.74,5344.55,5329.629,5314.502,5299.25,5283.514,5267.414,5251.345,5235.627,5220.834,5205.608,5190.644,5176.079,5161.939,5147.682,5133.645,5119.478,5106.222,5092.882,5079.504,5066.304,5052.739,5039.082,5025.269,5011.043,4996.371,4981.616,4966.412,4951.228,4936.21,4920.721,4904.928,4889.156,4873.419,4858.081,4842.841,4827.02,4811.108,4795.18,4779.7,4764.229,4748.604,4733.175,4718.068,4702.796,4687.741,4672.433,4657.202,4641.562,4625.6,4609.493
France,FR,FRA,Cement production,kt cement,8124.575038,8646.606556,9308.336649,9742.137488,10617.091723,11440.578062,12609.634561,13411.063229,13999.267757,14175.729115,15381.748975,16881.469942,18131.404563,21535.86697,22366.477162,23300.25185,24381.077669,25388.377923,27542.677005,29006.07805,28947.015315,29910.200229,30711.628898,32336.781504,29586.687738,29395.308071,28829.374409,28020.796308,28821.82212,29101.419003,28226.464768,26145.691252,24506.071131,22719.194346,23542.886217,23491.418321,23557.362492,25300.147244,26829.479015,26400.0,26507.0,21165.0,20464.0,21296.0,19692.0,19514.0,19780.0,19500.0,20219.0,20137.0,19839.0,19437.0,19655.0,20962.0,21277.0,22540.0,22300.0,20895.0,17974.0,17733.0,19270.0,17810.0,18018.0,16400.0,15600.0,15900.0,16900.0,16500.0,16500.0,16700.0,16900.0,16000.0,16000.0,16000.0,15328.29955205019,15443.38852617591,15576.07492528972,15715.38936207791,15847.39770151996,15993.18895566779,16114.18096615724,16234.90571789383,16354.35211827577,16472.86103516122,16590.7671135185,16632.96830222765,16673.5489913313,16712.72021795588,16749.66247227843,16785.42434806918,16817.05155690275,16846.92361642276,16875.89216631213,16903.7402897566,16930.34593438767,16959.20538821964,16986.34857161864,17012.79168389686,17037.6641496179,17062.26780769691,17182.30232903294,17299.50324479298,17414.88624618678,17527.5594541894,17637.83308918979,17751.70284351565,17864.17859740964,17974.57534670927,18083.37148465875,18189.97254130133,18299.53987382562,18407.50480981308,18513.70265529206,18619.23355470897,18723.63347945452,18827.07014705456,18930.36149581718,19032.23569052128,19133.33687740576,19234.59317336174,19335.77959516798,19437.7644611429,19538.13102571341,19637.96542871536,19737.07464247609,19838.21646484903,19938.22418634512,20036.79435058397,20133.89045439304,20229.97898292203,20327.16694601026,20423.75116235906,20518.480683171,20613.86542008875,20706.58378337176,20799.06973790939,20891.2760542932,20981.86784088512,21071.26773647279,21158.63132839583,21244.76616638519,21328.87908998109,21411.06800329525,21492.78027312953,21571.65368915081,21644.74065235016,21714.42339593131,21783.40970603745,21850.50805594278,21915.35555076177
France,FR,FRA,Population,,42114.642,42552.682,43007.864,43447.895,43905.901,44366.28,44810.758,45261.995,45725.001,46202.525,46653.742,47133.928,47571.317,48064.331,48573.843,48971.817,49397.495,49752.323,50142.179,50568.411,51057.739,51528.379,51959.368,52365.052,52644.423,52848.227,53069.998,53324.277,53535.059,53786.732,54095.39,54414.634,54750.181,55028.634,55324.604,55609.696,55895.971,56200.757,56522.94,56847.224,57133.253,57409.877,57699.863,57902.67,58097.063,58287.343,58473.94,58663.38,58894.252,59274.168,59693.265,60116.99,60537.506,60944.745,61405.748,61844.316,62255.359,62609.519,62950.861,63262.065,63572.66,63894.894,64222.037,64553.431,64831.554,65001.118,65172.593,65396.959,65642.126,65816.792,65993.763,66173.332,66381.485,66496.159,66600.902,66700.707,66792.094,66884.429,66972.843,67063.815,67151.567,67238.143,67325.816,67412.827,67503.472,67592.419,67678.212,67764.008,67839.845,67906.961,67970.847,68034.303,68093.417,68138.155,68176.01,68205.899,68223.446,68234.708,68235.871,68226.879,68212.471,68188.038,68163.503,68130.36,68091.669,68043.593,68000.72,67956.618,67915.081,67870.823,67829.766,67791.349,67753.883,67725.445,67701.849,67681.76,67672.839,67665.264,67663.296,67672.922,67684.888,67711.907,67737.12,67767.559,67801.61,67842.912,67884.96,67925.676,67964.732,68004.89,68044.984,68088.647,68128.232,68178.401,68219.484,68255.823,68297.082,68335.501,68373.388,68405.999,68437.766,68464.324,68486.232,68511.169,68526.562,68532.732,68526.321,68521.392,68511.785,68495.709
French Guiana,GF,GUF,Cement production,kt cement,0.0,0.0,0.0,0.0,0.0,0.0,0.0,0.0,0.0,0.0,0.0,0.0,0.0,0.0,0.0,0.0,0.0,0.0,0.0,0.0,0.0,0.0,0.0,0.0,0.0,0.0,0.0,0.0,0.0,0.0,0.0,0.0,0.0,0.0,0.0,0.0,0.0,0.0,0.0,,,,,38.0,60.0,52.0,51.0,88.0,88.0,88.0,58.0,62.0,60.0,60.0,60.0,62.0,62.0,62.0,62.0,89.0,90.0,100.0,94.0,87.0,76.0,91.0,80.0,93.0,95.0,90.0,100.0,100.0,100.0,100.0,94.82102520186145,95.79513750328444,96.76696108965092,97.83191671666341,99.00963389079067,100.4175706949053,101.5387633669897,102.7172951368394,103.9601801536362,105.2479004108752,106.6019668119562,106.9538940478468,107.3903853029886,107.9076886446821,108.4824004411306,109.1221668876785,109.6533299821284,110.2358538167935,110.8828603059731,111.607413242994,112.3973186392481,113.1178167347553,113.9140944465731,114.7557683302788,115.647541757193,116.5992858602418,118.2301964733447,119.8496620996888,121.461165996114,123.0970526904162,124.736671445618,126.3628547815813,127.9997366921234,129.6284080686865,131.2705148644879,132.9029183019506,134.5276088135541,136.1729500621352,137.8056023036578,139.4419866060799,141.0651842933237,142.6891283927473,144.312574884051,145.9233323682963,147.5241376901427,149.1610196006848,150.77227469305,152.3603910078379,153.9547274241252,155.5480686241725,157.1187686547626,158.7073825776705,160.2935084599787,161.845796990131,163.3831572766852,164.9259912525586,166.4720596812117,167.9934965079277,169.5141869224639,171.0311452761004,172.5082949801418,173.9899231572627,175.4471685365065,176.8762990569737,178.3094104424004,179.7243591314493,181.1097001373618,182.4517492368396,183.7868318226381,185.0522492716452,186.3094561866731,187.5380506348046,188.8009800432119,190.007182125946,191.181537289004,192.3170790187067
French Guiana,GF,GUF,Population,,23.544,23.85,24.16,24.508,24.942,25.932,26.987,28.095,29.253,30.45,31.717,33.031,34.525,36.102,37.794,39.568,41.387,43.088,44.278,45.578,46.98,48.458,49.98,51.485,53.335,55.591,57.871,60.205,62.601,65.075,67.622,70.263,74.281,78.855,83.625,88.578,93.735,99.084,104.651,110.479,114.892,119.07,123.427,127.866,132.371,136.895,141.443,146.003,150.741,156.735,164.506,172.554,180.865,189.318,197.979,206.915,215.027,223.192,229.002,232.406,236.723,242.317,249.227,257.255,263.846,268.879,273.653,278.636,283.287,287.849,290.262,295.769,300.843,305.961,311.084,316.247,321.496,326.95,332.63,338.583,344.881,351.205,357.588,363.969,370.404,376.828,383.301,389.828,396.339,402.873,409.464,415.992,422.519,429.111,435.739,442.312,448.928,455.498,462.055,468.639,475.194,481.703,488.18,494.755,501.345,507.881,514.46,521.006,527.606,534.167,540.697,547.31,553.872,560.449,566.973,573.5,580.025,586.499,592.933,599.512,605.988,612.371,618.779,625.183,631.496,637.881,644.256,650.495,656.674,662.875,669.089,675.204,681.316,687.413,693.35,699.305,705.162,710.906,716.666,722.353,727.921,733.315,738.681,743.767,748.82,753.758,758.834,763.682,768.402,772.966
French Polynesia,PF,PYF,Cement production,kt cement,,,,,0.0,0.0,0.0,0.0,0.0,0.0,0.0,0.0,0.0,0.0,0.0,0.0,0.0,0.0,0.0,0.0,0.0,0.0,0.0,0.0,0.0,0.0,0.0,0.0,0.0,0.0,0.0,0.0,0.0,0.0,0.0,0.0,0.0,0.0,0.0,0.0,0.0,0.0,0.0,0.0,0.0,0.0,0.0,0.0,0.0,0.0,0.0,0.0,0.0,0.0,0.0,0.0,0.0,0.0,0.0,0.0,0.0,0.0,0.0,0.0,0.0,0.0,0.0,0.0,0.0,0.0,0.0,0.0,0.0,0.0,75.38242015274663,76.57151026590236,77.67419307663474,78.66402559272034,79.5740198126287,80.3669728289831,81.02578232223982,81.63696261311797,82.22801943094328,82.80001837355759,83.35369675557604,83.73402995038583,84.07981770001341,84.4068973784167,84.7065213625591,84.98676409212382,85.21935391552722,85.40839389441105,85.56861364321557,85.69647468350928,85.80666513321124,85.86740683953106,85.88884818609122,85.89781975020968,85.85110391325567,85.77851794941854,86.44276436594033,87.0300693198769,87.55190993779033,88.01234747496011,88.4160021900494,88.82710708634181,89.189314944988,89.50353187517376,89.77895501203419,90.00112307817516,90.23421433608438,90.42800971197133,90.58234476079049,90.69764605295175,90.76977543664113,90.82592370851701,90.86822837981136,90.85988804545401,90.82544097347298,90.75914007857685,90.69282524665213,90.59293622040632,90.45609218161975,90.28855760101298,90.08938951681067,89.87896051193971,89.64034062106025,89.37794479171725,89.08426540792485,88.75471372194158,88.4211161473724,88.06739364076196,87.69920923196304,87.30010683185013,86.88693539385052,86.46804832973976,86.02761193387038,85.56090682008444,85.07549600293699,84.57273520679554,84.06663126767256,83.53784369898939,83.00533709151003,82.44291498468822,81.87556644295725,81.30777928021934,80.7222876089264,80.12382490767146,79.51610804564379,78.88958622804621
French Polynesia,PF,PYF,Population,,65.093,66.718,68.507,70.467,72.647,75.05,77.601,79.282,81.018,82.78,84.562,86.307,88.216,91.257,94.39,97.645,100.994,104.515,108.192,112.03,115.991,119.9,123.873,127.921,131.999,136.091,140.138,144.488,149.155,153.983,158.959,164.052,169.24,174.259,178.679,183.298,188.041,192.857,197.529,201.756,205.797,209.691,213.427,217.011,220.466,223.77,227.209,231.034,234.748,238.442,242.232,245.963,249.588,253.686,257.622,261.391,265.055,267.821,268.937,270.026,271.134,272.32,273.847,275.608,277.167,278.565,279.79,280.383,279.248,278.819,279.599,279.985,280.771,281.466,282.147,282.783,283.369,283.972,284.57,285.221,285.872,286.433,286.946,287.416,287.856,288.277,288.573,288.794,289.015,289.157,289.181,289.071,288.919,288.636,288.34,287.923,287.412,286.805,286.082,285.207,284.294,283.201,281.99,280.68,279.291,277.832,276.299,274.694,273.056,271.318,269.536,267.728,265.889,264.017,262.092,260.101,258.177,256.171,254.175,252.163,250.17,248.154,246.1,244.028,241.932,239.811,237.679,235.548,233.39,231.188,228.988,226.796,224.627,222.426,220.244,218.054,215.866,213.666,211.474,209.291,207.117,204.935,202.797,200.625,198.488,196.368,194.245,192.13,190.031,187.92
Gabon,GA,GAB,Cement production,kt cement,,,,,,,,,0.0,0.0,0.0,0.0,0.0,0.0,0.0,0.0,0.0,0.0,0.0,0.0,0.0,0.0,0.0,0.0,0.0,110.288349,191.166471,14.712248,88.230679,110.288349,146.969164,176.560106,117.640906,205.871585,242.634368,213.224141,139.698575,132.346019,117.640906,116.0,117.0,116.0,132.0,126.0,154.0,185.0,200.0,196.0,180.0,210.0,240.0,257.0,260.0,260.0,260.0,260.0,228.601,230.0,250.0,223.0,226.0,200.0,170.0,180.0,200.0,340.0,370.0,490.0,540.0,530.0,550.0,570.0,570.0,570.0,658.3201447715114,662.0637162175076,666.5136170007081,669.9648544621939,674.1185630871025,681.6904155689411,685.941048579585,690.8410344114473,696.3490204392218,702.4046895220401,708.9325377718409,716.1847175376791,724.1186357455036,732.6124038842075,741.6171436307569,751.0639301110205,754.5339952630009,759.0193178311313,764.3459298763925,770.4621067864576,777.3942467172536,779.207030956715,782.3279333348348,786.5495163517568,791.6985232790767,797.6254814951416,817.0497052618747,836.2946606790914,855.3894979160187,874.3791878280902,893.2945799903902,913.510937364023,933.6022960810166,953.4984270538101,973.2933377724042,992.9640286453813,1013.843965327781,1034.539238593798,1055.089235068253,1075.526372137454,1095.826941053331,1116.885480515742,1137.803830039262,1158.603166939723,1179.212832901918,1199.705924332642,1220.820849439921,1241.8229190225,1262.662403915168,1283.364080841619,1303.865729101959,1324.797803059748,1345.529635126803,1366.185010871041,1386.651333886329,1406.968957042394,1427.434187039275,1447.747894956985,1467.853064049575,1487.769358766146,1507.432010059227,1527.143856138991,1546.744049570668,1566.191899905053,1585.458503361278,1604.397962576496,1623.401390749605,1642.161789215133,1660.706571336664,1679.07370824765,1697.203024625612,1715.452435803238,1733.430896806875,1751.180869230771,1768.580179244126,1785.820936056126
Gabon,GA,GAB,Population,,474.209,477.067,480.11,483.393,486.908,490.725,494.846,499.294,504.162,509.448,515.184,521.348,527.949,534.955,542.359,550.258,558.668,567.548,576.966,589.586,602.105,614.592,627.328,640.663,654.718,669.676,685.58,702.387,720.102,738.647,758.131,778.64,799.932,822.079,844.923,868.529,892.88,918.077,943.964,970.311,997.157,1024.48,1052.281,1080.528,1108.913,1137.512,1166.518,1196.361,1227.11,1258.923,1292.222,1326.955,1363.315,1401.384,1441.833,1485.157,1531.517,1580.958,1633.392,1689.72,1750.038,1813.931,1879.848,1946.269,2010.53,2071.449,2129.163,2184.637,2239.998,2295.413,2349.665,2403.779,2457.715,2511.862,2566.041,2620.218,2674.581,2729.121,2783.832,2838.86,2894.474,2950.527,3007.084,3064.323,3122.12,3180.815,3240.352,3300.243,3360.766,3421.991,3483.986,3546.448,3609.034,3672.089,3735.5,3799.358,3863.062,3926.629,3989.946,4052.998,4116.068,4179.185,4241.883,4304.515,4367.376,4429.471,4491.627,4552.984,4614.521,4675.913,4736.623,4796.959,4857.246,4917.721,4978.077,5038.25,5098.442,5158.769,5218.536,5278.343,5338.096,5398.022,5457.643,5517.119,5575.908,5634.992,5693.455,5752.223,5810.388,5868.233,5925.51,5982.476,6038.694,6094.294,6148.808,6202.288,6255.728,6308.82,6361.35,6412.336,6462.644,6512.03,6560.67,6608.801,6656.031,6703.203,6749.297,6794.579,6838.303,6881.647
Gambia,GM,GMB,Cement production,kt cement,0.0,0.0,0.0,0.0,0.0,0.0,0.0,0.0,0.0,0.0,0.0,0.0,0.0,0.0,0.0,0.0,0.0,0.0,0.0,0.0,0.0,0.0,0.0,0.0,0.0,0.0,0.0,0.0,0.0,0.0,0.0,0.0,0.0,0.0,0.0,0.0,0.0,0.0,0.0,0.0,0.0,0.0,0.0,0.0,0.0,0.0,0.0,0.0,0.0,0.0,0.0,0.0,0.0,0.0,0.0,0.0,0.0,0.0,0.0,0.0,0.0,0.0,0.0,0.0,0.0,0.0,0.0,0.0,0.0,0.0,0.0,0.0,0.0,0.0,341.773625392255,352.7642840107348,364.861136119392,376.8309173484894,389.263499006003,402.2287945973987,417.6096755278999,432.913090549947,448.1884954489379,463.4633955635206,478.7446901984492,498.1793099541362,517.7304213276208,537.3898879499495,557.1575423743569,577.0330872220147,597.1480280995793,617.4094639935672,636.9779954228302,655.9683745462801,674.547358026817,692.6004286208733,710.091398117239,727.0800823601289,743.6062249259586,759.6988607697017,791.6117827559324,822.1409175873804,851.3830057921052,879.4182126971298,906.3829486874693,936.7152910753043,966.095488427724,994.5838451055586,1022.199770161987,1049.041125572528,1078.953168637222,1107.848125133508,1135.709730420109,1162.601905893791,1188.612574941022,1216.886376772443,1243.988713366268,1270.000403613335,1295.062718413689,1319.14963802235,1344.807866182139,1369.31054352196,1392.789734135496,1415.364726259391,1437.096027123329,1459.913382623313,1481.847450488913,1503.016692700569,1523.432759093859,1543.027116379654,1563.36307013189,1582.888089073308,1601.58604088179,1619.511369224766,1636.736328144209,1654.449326700075,1671.294487930264,1687.480011528303,1702.952221216085,1717.682361265652,1732.636631831147,1746.80257921589,1760.338625441603,1773.22823204785,1785.310192646317,1797.606864980904,1809.262969424924,1820.294160287727,1830.771882548756,1840.706485294382
Gambia,GM,GMB,Population,,310.499,318.484,326.792,335.386,344.239,353.34,362.72,372.371,382.377,392.711,403.408,414.452,425.873,437.641,449.733,462.17,474.862,488.314,502.224,516.657,531.553,547.223,563.517,580.466,597.704,615.937,635.396,656.144,678.062,701.5,726.327,751.924,779.581,809.469,841.793,875.955,912.084,950.097,990.224,1032.491,1076.9,1123.018,1168.147,1208.583,1245.87,1282.755,1320.066,1357.713,1396.261,1435.297,1474.872,1515.15,1556.232,1598.991,1643.632,1690.442,1740.109,1791.438,1844.266,1898.579,1954.68,2012.887,2073.302,2134.337,2194.719,2254.339,2313.2,2371.178,2428.086,2485.602,2545.865,2606.154,2666.786,2728.905,2791.07,2853.116,2915.043,2976.719,3038.374,3099.662,3160.605,3221.388,3282.261,3342.932,3403.31,3463.541,3523.611,3583.455,3643.547,3703.133,3762.462,3821.139,3879.933,3938.12,3995.706,4052.768,4109.171,4165.234,4220.464,4274.964,4328.827,4381.916,4434.186,4485.472,4536.512,4586.244,4635.243,4683.5,4730.652,4777.218,4823.031,4868.233,4912.088,4954.687,4996.337,5037.085,5076.218,5113.898,5150.711,5186.129,5220.512,5253.364,5285.129,5316.166,5346.053,5374.641,5401.778,5427.925,5452.976,5476.441,5498.663,5519.71,5539.362,5557.763,5575.144,5591.404,5606.103,5620.08,5632.979,5644.582,5654.996,5664.079,5672.416,5679.845,5685.625,5690.613,5694.767,5698.069,5700.728,5702.713
Georgia,GE,GEO,Cement production,kt cement,61.430017,69.976128,79.311945,94.488703,112.013123,124.008591,144.335636,166.591516,194.245087,228.276145,255.381184,288.213019,307.17445,327.333679,365.39696,404.301959,428.94349,443.475788,455.656707,483.931632,512.146725,534.910839,564.191875,596.043466,634.742172,641.198423,650.72095,645.186452,620.342725,625.643918,636.03964,618.414248,640.566412,650.285987,652.98394,673.393145,683.20823,692.022296,695.038287,676.466596,637.045763,500.0,300.0,100.0,100.0,85.0,91.0,200.0,341.0,348.0,335.0,347.0,344.8,424.6,450.0,450.0,450.0,450.0,870.0,857.0,1502.0,1546.0,1619.0,1626.0,1759.0,1809.0,2058.0,1981.0,2681.0,2446.0,2701.0,2507.0,2507.0,2507.0,2661.614648150907,2658.231837378514,2650.055826373014,2641.996004329771,2634.341612537576,2626.66524086287,2616.003081807029,2605.94004641394,2596.995765928164,2588.647316809079,2580.273329642031,2564.287298346846,2548.112730914035,2532.960167872593,2518.292567349068,2504.662617143972,2490.550811682325,2477.757232993794,2465.076977875538,2452.413433484777,2439.911272740164,2426.739405714765,2413.514118315532,2400.917278826272,2388.691915709069,2377.257337437076,2370.649988675896,2363.704273398733,2355.919871994084,2348.531472187373,2341.155794442903,2333.21848406511,2324.777901211605,2316.584235423626,2308.117695279116,2299.034537904238,2289.796936765178,2280.441738590775,2270.536179432799,2260.357006609814,2249.827921289533,2239.107929701647,2228.56491663716,2218.293101518224,2208.072897169142,2197.794605544304,2187.851745179079,2178.365257514216,2168.791710015956,2159.189570286386,2149.595349956116,2139.689682509079,2129.761677511631,2120.330576462186,2111.059905975595,2102.064887452374,2093.335975439202,2084.377154202696,2075.27402500949,2066.223362128677,2056.925874397138,2047.243129316443,2037.775525999906,2028.011526488666,2018.305833890631,2008.577066312086,1998.946632773194,1988.97452588492,1979.170299852532,1968.825918242861,1958.388096949176,1947.812062579352,1936.924212684968,1925.5876908592,1914.234681447531,1902.72020572431
Georgia,GE,GEO,Population,,3518.779,3563.693,3609.875,3658.072,3707.374,3760.687,3818.47,3880.583,3946.666,4016.722,4090.878,4167.179,4244.219,4321.367,4395.282,4463.362,4542.666,4623.237,4703.931,4782.125,4825.985,4860.306,4894.248,4927.769,4961.5,4997.318,5034.523,5072.579,5111.013,5146.334,5184.758,5225.302,5267.646,5312.714,5355.799,5397.994,5440.272,5481.761,5518.719,5480.562,5417.173,5341.846,5246.528,5111.032,4981.511,4869.975,4755.575,4635.138,4517.764,4393.402,4263.314,4155.959,4099.734,4071.232,4040.915,4011.347,3981.836,3953.344,3929.047,3908.834,3883.015,3854.433,3823.983,3794.267,3791.564,3791.581,3792.533,3793.185,3796.569,3796.876,3794.48,3782.422,3807.145,3807.839,3807.501,3805.841,3803.442,3800.213,3797.206,3792.815,3788.269,3782.741,3777.995,3773.024,3767.124,3761.277,3754.272,3747.809,3741.525,3736.071,3729.642,3724.559,3719.345,3713.503,3707.559,3700.43,3692.544,3684.706,3676.483,3668.43,3659.598,3650.243,3639.616,3629.564,3619.514,3608.416,3596.551,3585.043,3573.113,3560.245,3547.038,3533.643,3519.41,3504.754,3489.56,3473.9,3458.497,3443.493,3428.558,3413.527,3398.872,3384.898,3370.787,3356.627,3342.473,3327.79,3313.068,3299.09,3285.349,3272.019,3259.12,3245.869,3232.395,3218.995,3205.217,3190.943,3176.987,3162.576,3148.246,3133.874,3119.745,3105.09,3090.68,3075.443,3060.055,3044.526,3028.513,3011.808,2995.066,2978.067
Germany,DE,DEU,Cement production,kt cement,14080.324726,15102.060689,18109.453303,19182.820156,21432.811003,22469.520393,22623.710096,23241.543968,27366.348296,29932.392619,32417.279775,34027.490774,34667.304346,39395.147186,40218.484575,41181.828056,38865.614161,40990.655501,42490.424563,46306.401436,49482.53116,52004.449959,50563.531704,46070.960934,44152.102353,46762.573673,45505.130925,47821.190179,49306.405821,46622.561369,43703.596401,41799.284243,42240.285038,40461.118943,37365.82341,38564.024817,37696.691057,38725.915586,40762.573763,37700.0,34396.0,37529.0,36649.0,36130.0,33302.0,31533.0,35945.0,36610.0,35912.0,35414.0,32118.0,31009.0,32749.0,31854.0,31009.0,33630.0,33382.0,32461.0,29974.0,29203.0,32779.0,32432.0,31308.0,32099.0,31150.0,32737.0,33991.0,33633.0,30860.487,32202.015,31904.23,30012.785,25384.327,24245.649,23093.31958594699,23145.27896300714,23198.55984785553,23215.39014169378,23225.83139364693,23257.7520209151,23292.92040213939,23328.00135271325,23365.20661008197,23402.21383190144,23442.46089743407,23395.15703323739,23345.764464178,23298.09566458784,23248.86565614306,23201.27567634879,23154.95715123313,23110.27983775341,23066.25937207159,23020.73665024372,22974.16894133649,22921.46009781273,22869.94909152116,22819.03465731734,22766.18149716407,22716.6715865149,22782.94009225056,22846.23307945109,22906.97835447514,22960.8837203522,23010.00312870626,23054.60198839395,23098.67141044401,23139.78853041805,23178.95930571491,23219.27407965593,23258.63814475712,23300.36501421146,23340.02230177822,23381.00070810386,23421.76677031809,23461.98904063534,23500.35867053896,23538.40984377389,23578.57792290728,23617.49105641147,23655.95590476475,23689.99358662243,23724.95369080892,23756.62480840841,23787.7989777215,23815.52672506357,23837.3854592012,23858.31341126236,23881.60424382532,23905.18900620606,23920.78507675664,23938.37540991921,23957.881219955,23976.11100097323,23996.3792376952,24007.93014968103,24018.74487481583,24032.67173438143,24051.8191447342,24071.76839147442,24083.07456160815,24097.77927007058,24117.1922663482,24137.54675916157,24158.24763205017,24172.67088568362,24184.56019713562,24193.74850005555,24208.73434228028,24221.31210270233
Germany,DE,DEU,Population,,69778.031,69786.072,69867.834,70002.401,70206.842,70461.463,70766.343,71409.949,71979.397,72504.038,73119.243,73632.988,74361.018,75035.001,75591.969,76341.959,76880.103,77061.479,77581.079,78306.962,78103.243,78588.501,78851.336,79082.607,78910.778,78492.952,78236.058,78135.06,78095.659,78200.143,78430.607,78465.473,78321.876,78126.391,77870.006,77856.842,77990.773,78133.875,78638.11,79376.02,80039.898,80566.494,81303.302,81670.243,81876.99,82162.791,82363.588,82415.688,81608.19,81748.384,81846.133,82021.636,82115.017,82108.214,82077.203,82016.258,81387.684,81209.401,81012.152,80858.414,80803.434,80912.313,80920.468,81162.695,81589.465,82565.636,82954.569,83253.445,83483.566,83634.807,83622.61,83771.555,84400.899,84695.563,84408.921,83741.228,83547.288,83338.123,83120.041,82890.845,82671.061,82433.813,82213.54,81985.972,81779.327,81560.492,81326.295,81107.498,80880.495,80659.523,80443.949,80247.363,80050.856,79833.415,79605.811,79377.78,79151.135,78917.426,78664.742,78417.032,78172.194,77924.681,77677.073,77402.648,77114.924,76825.702,76548.302,76267.935,75990.288,75732.484,75476.725,75246.21,75015.764,74803.366,74600.089,74405.945,74211.439,74024.284,73856.419,73690.237,73541.453,73377.75,73225.45,73063.851,72906.432,72770.497,72611.882,72454.052,72312.136,72176.219,72048.808,71933.596,71829.262,71721.328,71624.624,71527.798,71429.114,71345.581,71286.318,71231.689,71169.121,71122.159,71096.387,71075.286,71056.241,71035.535,71004.22,70961.631,70944.407,70917.155
Ghana,GH,GHA,Cement production,kt cement,0.0,0.0,0.0,0.0,0.0,0.0,0.0,0.0,0.0,0.0,0.0,0.0,0.0,0.0,0.0,0.0,0.0,227.929254,403.515308,441.153396,529.384075,411.743169,433.800839,522.031518,669.08265,654.377537,611.008239,500.591863,272.044594,294.524218,397.516415,294.102264,287.037609,228.253478,360.275273,220.576698,272.044594,477.916179,566.146858,675.0,750.0,1024.0,1203.0,1346.0,1300.0,1500.0,1700.0,1630.0,1870.0,1950.0,1900.0,1900.0,1900.0,1900.0,1800.0,1800.0,1800.0,1800.0,1800.0,2100.0,2500.0,4600.0,4500.0,4500.0,3830.0,4310.0,3940.0,5110.0,5900.0,6700.0,7000.0,7000.0,7000.0,7000.0,8244.112152156607,8491.86708837262,8764.344150253693,9021.935336038256,9277.667682630996,9516.53791056818,9675.072958724646,9825.626522122295,9970.575890357339,10111.32525263584,10248.41329391378,10419.67340559165,10586.60892844363,10750.11971551567,10910.41861560294,11071.00437197008,11168.97115880751,11273.14971475991,11382.79490664969,11497.2938573233,11618.28111643647,11682.18691033682,11757.26611851777,11842.06760227204,11934.23847775363,12032.53711675655,12348.1539781411,12653.16903393403,12948.39701818426,13235.20933332212,13513.62540988778,13819.35749162434,14114.46570972877,14399.40607097666,14675.08764716516,14943.40621683299,15234.69568423033,15518.083766981,15793.39939333417,16060.64293695985,16321.4392647462,16595.75276742239,16862.68960919034,17122.75430523655,17375.4658478966,17620.16337312938,17877.26976610675,18128.34352519323,18370.70168387539,18606.35544710058,18835.6409410802,19075.0518928579,19305.9469170761,19529.54297607375,19747.3410720622,19956.89411323566,20172.57834019887,20380.50456774983,20580.95596774711,20774.46238418874,20959.37259081795,21148.53283252875,21330.55469908663,21508.10721609078,21677.96300589175,21841.13930177506,22005.45166077767,22162.42463381662,22310.58225908217,22452.52798627372,22588.53381024149,22723.6841882268,22852.09775698931,22975.54116948828,23092.76011999971,23203.81134001185
Ghana,GH,GHA,Population,,5152.18,5306.068,5468.925,5639.014,5819.842,6010.005,6209.213,6415.789,6624.523,6846.558,7075.871,7249.462,7425.288,7604.14,7787.337,7977.875,8171.167,8372.659,8578.8,8801.966,9049.659,9302.869,9573.505,9855.728,10145.319,10443.298,10746.528,11077.213,11419.687,11774.824,12108.072,12455.352,12832.286,13227.387,13513.792,13808.667,14121.766,14456.449,14816.687,15196.938,15592.359,15982.633,16387.078,16791.96,17194.419,17603.614,18016.749,18461.166,18914.907,19384.822,19889.352,20444.785,21013.991,21579.419,22157.177,22741.699,23339.705,23944.853,24555.039,25170.29,25779.699,26410.477,27058.06,27714.325,28368.86,29023.275,29690.208,30326.5,30948.669,31569.221,32206.397,32830.933,33467.371,34108.457,34746.37,35382.175,36012.939,36643.587,37275.041,37904.379,38539.799,39173.807,39811.78,40453.67,41094.641,41730.468,42364.444,42999.906,43630.048,44255.669,44881.031,45500.24,46116.959,46726.971,47333.745,47934.802,48528.418,49118.5,49698.519,50270.362,50835.732,51389.247,51931.953,52468.954,52996.552,53517.562,54030.158,54532.531,55026.163,55512.015,55988.093,56458.373,56919.216,57368.429,57812.44,58241.978,58666.62,59086.502,59497.326,59894.413,60283.478,60672.01,61045.936,61412.846,61772.792,62130.926,62475.355,62809.986,63139.848,63453.698,63758.866,64052.215,64333.853,64604.953,64858.264,65104.175,65339.518,65573.507,65793.075,66001.415,66198.435,66384.481,66553.974,66715.597,66869.541,67012.154,67144.806,67272.916,67391.45,67500.042
Gibraltar,GI,GIB,Cement production,kt cement,0.0,0.0,0.0,0.0,0.0,0.0,0.0,0.0,0.0,0.0,0.0,0.0,0.0,0.0,0.0,0.0,0.0,0.0,0.0,0.0,0.0,0.0,0.0,0.0,0.0,0.0,0.0,0.0,0.0,0.0,0.0,0.0,0.0,0.0,0.0,0.0,0.0,0.0,0.0,0.0,0.0,0.0,0.0,0.0,0.0,0.0,0.0,0.0,0.0,0.0,0.0,0.0,0.0,0.0,0.0,0.0,0.0,0.0,0.0,0.0,0.0,0.0,0.0,0.0,0.0,0.0,0.0,0.0,0.0,0.0,0.0,0.0,0.0,0.0,11.54938343604492,11.7249676435931,11.88393032982062,12.04059515090159,12.19222969575471,12.32494533971417,12.44345111380194,12.56099181054045,12.66737146735123,12.7669289107837,12.85752149778185,12.88138089635845,12.89526545179763,12.90401865611675,12.91411220670726,12.91136181911111,12.89712241334048,12.87500853687909,12.85262158431452,12.82432533948364,12.79963878524462,12.76925251412441,12.73666584549751,12.7112594565049,12.67716220251222,12.6489579260352,12.68023890045871,12.71355440980408,12.749667404667,12.78476313206899,12.81299230410973,12.84376464480277,12.8679247469998,12.89818845396239,12.9182794863157,12.93709893434285,12.95032341133491,12.96609105697929,12.98135006889319,12.99432022902001,13.00576448795545,13.01135945899055,13.02356666852167,13.03551956118757,13.03958863103128,13.04264043341406,13.0413688490879,13.03882568043559,13.03780841297466,13.03272207567002,13.02865300582631,13.01619147942995,13.00372995303359,12.99330296155909,12.98516482187167,12.97295761234054,12.9582072341571,12.94091368732133,12.92183992242895,12.90200320694086,12.88064059026139,12.85698912179483,12.82850563288887,12.80968618486171,12.78984946937363,12.77052138761601,12.74839582034084,12.72550730246997,12.70541627011667,12.68379933657196,12.66141945243156,12.63675071650407,12.61513378295937,12.59173663135804,12.56757652916101,12.54087325831168
Gibraltar,GI,GIB,Population,,21.526,21.398,21.542,21.645,21.754,21.816,21.876,21.888,21.883,21.854,21.824,21.919,22.475,23.032,23.598,24.158,24.729,25.3,25.855,26.386,26.882,27.159,27.42,27.653,27.856,28.046,28.223,28.377,28.515,28.634,28.717,28.763,28.767,28.699,28.587,28.437,28.22,27.972,27.706,27.381,27.019,26.777,26.98,27.159,27.319,27.435,27.539,27.625,27.675,27.709,27.709,27.605,28.057,28.491,28.939,29.388,29.8,30.213,30.612,31.034,31.462,31.858,32.2,32.615,33.011,33.374,33.943,34.546,35.162,35.826,36.52,37.197,38.022,38.919,39.739,40.513,41.22,41.902,42.55,43.17,43.749,44.318,44.844,45.341,45.801,46.233,46.625,46.994,47.364,47.68,47.964,48.214,48.455,48.664,48.879,49.068,49.24,49.43,49.578,49.737,49.86,49.991,50.133,50.271,50.382,50.503,50.598,50.717,50.796,50.87,50.922,50.984,51.044,51.095,51.14,51.162,51.21,51.257,51.273,51.285,51.28,51.27,51.266,51.246,51.23,51.181,51.132,51.091,51.059,51.011,50.953,50.885,50.81,50.732,50.648,50.555,50.443,50.369,50.291,50.215,50.128,50.038,49.959,49.874,49.786,49.689,49.604,49.512,49.417,49.312
Greece,GR,GRC,Cement production,kt cement,433.453798,595.102807,743.165312,852.896565,1132.293716,1235.949339,1227.876951,1338.1653,1441.101093,1640.259598,1838.139149,1925.67514,2293.997658,2668.978044,3213.067232,3588.047618,3448.349043,4080.66891,4837.98224,4845.334796,5536.475116,6279.083332,6492.307473,7020.980707,7940.012136,8742.189792,10580.32894,11278.821817,12094.955599,12675.80757,12940.499607,12859.621485,14197.786785,13522.220671,13668.40271,13337.537663,13168.428862,13050.084106,12536.728704,13600.0,11808.0,10668.0,12618.0,12636.0,14480.0,14700.0,14982.0,15000.0,13908.0,15463.0,14819.0,14282.0,14638.0,15039.0,15166.0,15674.0,16666.666,12801.0,10069.0,9268.0,5553.0,5005.0,5283.0,5105.0,5289.0,6540.0,6246.0,6580.0,5540.0,5450.0,5700.0,6000.0,6000.0,6000.0,5589.026934920523,5541.804809220135,5495.697834434058,5452.539302918157,5411.912606790001,5366.768855435605,5321.469376622305,5277.52702253235,5233.653567948711,5191.689096719146,5150.99690077146,5087.189803621292,5025.429900770178,4965.080238409655,4906.202991091676,4849.32895293915,4792.147808587556,4736.346050870763,4682.510025432187,4629.596642317681,4577.34347719244,4525.957474509722,4475.471732647247,4424.494315639397,4374.471618945433,4324.542537798355,4298.292336952333,4270.834483243088,4242.827353104717,4214.368915388525,4184.739819572773,4154.09521718976,4122.968739281996,4091.070806148191,4058.841776863048,4026.090804285584,3993.75348059841,3960.856177967778,3928.098519191722,3895.275441380718,3862.833980883156,3830.861210682605,3798.716846249078,3766.608125684555,3734.722081163333,3703.652540695512,3673.651447091057,3644.719619042315,3616.42384321624,3589.185186085361,3563.276591157657,3538.596677068665,3514.725058546591,3491.371965688372,3469.3531809395,3448.148206358794,3427.571556655905,3408.030312721338,3388.956718568634,3370.820177342435,3352.618294794648,3334.418607347622,3316.625734260696,3299.260132633737,3281.565963846951,3263.445368034212,3245.587320488031,3227.831171628859,3209.643970872965,3191.129503846473,3172.163026775907,3152.828523513521,3133.072609233398,3113.074392099355,3093.096602095679,3072.965070301674
Greece,GR,GRC,Population,,7681.9,7743.841,7807.243,7875.297,7946.437,8022.984,8098.992,8174.956,8255.035,8340.386,8428.597,8465.407,8481.345,8495.405,8512.599,8530.127,8629.856,8680.457,8755.377,8738.768,8756.784,8817.291,8881.465,8905.335,8952.893,9081.04,9239.378,9324.664,9455.269,9596.738,9710.09,9798.714,9876.226,9946.76,10010.804,10063.27,10114.255,10154.814,10199.199,10236.879,10280.095,10333.193,10386.596,10438.905,10493.614,10544.855,10595.305,10649.345,10701.473,10754.428,10810.842,10875.485,10905.086,10931.856,10962.875,10999.792,11032.415,11059.058,11094.686,11121.452,11127.888,11089.799,11006.796,10928.285,10858.048,10783.757,10767.251,10739.816,10721.871,10715.28,10683.458,10475.664,10349.296,10136.521,9959.112,9918.577,9875.654,9832.294,9788.257,9744.085,9699.882,9655.353,9608.957,9563.916,9519.145,9473.853,9429.486,9385.01,9340.772,9297.351,9253.875,9210.757,9168.644,9125.314,9080.715,9035.934,8990.365,8941.04,8891.189,8838.461,8785.678,8730.404,8673.978,8616.6,8556.807,8494.902,8431.985,8367.467,8302.245,8235.931,8170.408,8103.719,8037.29,7970.704,7904.873,7839.938,7774.635,7709.387,7644.576,7581.414,7520.386,7461.527,7403.954,7348.527,7295.804,7245.559,7196.956,7149.404,7104.569,7061.389,7019.475,6979.67,6940.815,6903.869,6866.785,6829.693,6793.428,6758.032,6721.961,6685.015,6648.591,6612.372,6575.269,6537.494,6498.792,6459.319,6418.982,6378.147,6337.351,6296.238
Greenland,GL,GRL,Cement production,kt cement,0.0,0.0,0.0,0.0,0.0,0.0,0.0,0.0,0.0,0.0,0.0,0.0,0.0,0.0,0.0,0.0,0.0,0.0,0.0,0.0,0.0,0.0,0.0,0.0,0.0,0.0,0.0,0.0,0.0,0.0,0.0,0.0,0.0,0.0,0.0,0.0,0.0,0.0,0.0,0.0,0.0,0.0,0.0,0.0,0.0,0.0,0.0,0.0,0.0,0.0,0.0,0.0,0.0,0.0,0.0,0.0,0.0,0.0,0.0,0.0,0.0,0.0,0.0,0.0,0.0,0.0,0.0,0.0,0.0,0.0,0.0,0.0,0.0,0.0,17.24700476358931,17.06821922176268,16.87818593005542,16.69307144077108,16.51486437441369,16.36055519695413,16.22945160289733,16.10059968161031,15.96607293803827,15.8361447373106,15.70780365857427,15.52141677797446,15.34015998863091,15.15916845064909,14.98590636611046,14.81524696762722,14.64826296742585,14.48916600464117,14.33341298192537,14.18013472190022,14.03027279020502,13.88575736374998,13.74748357411007,13.60971305524144,13.47698783942077,13.35347992119327,13.28514563782411,13.21467590809966,13.14500697075845,13.07747347977253,13.00673681925368,12.94080491303421,12.87540686840357,12.81080961615617,12.74380998675907,12.67814501133402,12.60767528160957,12.53693862109072,12.46353265262776,12.39066054575361,12.31752150808506,12.24464940121092,12.17257808672001,12.09570201792971,12.01775822596176,11.94301760352675,11.86587460394204,11.78873160435732,11.71452484351113,11.63844956710406,11.56557746022992,11.4884344606452,11.41663007694871,11.34562648563544,11.275156755911,11.20682247254184,11.13715353520063,11.0720224213644,11.00555665355612,10.93855702415902,10.87529442588366,10.81043024284184,10.75063774489383,10.690311385357,10.63051888740899,10.57179411263861,10.51093389151296,10.44900594720966,10.39134889561693,10.33128946687451,10.27096310733767,10.20903516303438,10.14977652667519,10.09185254428805,10.02805608442387,9.970132102036736
Greenland,GL,GRL,Population,,23.459,23.87,24.478,25.138,25.857,26.664,27.698,28.826,30.055,31.4,32.809,34.025,35.265,36.543,37.876,39.237,40.697,42.098,43.463,44.811,46.119,46.881,47.635,48.319,48.925,49.418,49.764,49.746,49.755,49.808,50.413,51.024,51.654,52.28,52.943,53.479,54.0,54.531,55.068,55.567,55.694,55.747,55.759,55.758,55.742,55.937,56.061,56.138,56.161,56.098,56.319,56.503,56.681,56.842,56.971,56.928,56.837,56.727,56.595,56.448,56.781,56.888,56.668,56.358,55.988,56.054,56.068,56.074,56.073,56.095,56.064,56.019,55.962,55.883,55.796,55.693,55.564,55.432,55.3,55.134,54.967,54.789,54.573,54.354,54.126,53.874,53.621,53.35,53.088,52.815,52.529,52.255,51.979,51.695,51.408,51.124,50.847,50.561,50.282,50.026,49.77,49.506,49.245,48.992,48.727,48.48,48.235,47.993,47.742,47.496,47.232,46.967,46.692,46.419,46.145,45.872,45.602,45.314,45.022,44.742,44.453,44.164,43.886,43.601,43.328,43.039,42.77,42.504,42.24,41.984,41.723,41.479,41.23,40.979,40.742,40.499,40.275,40.049,39.825,39.605,39.377,39.145,38.929,38.704,38.478,38.246,38.024,37.807,37.568,37.351
Grenada,GD,GRD,Cement production,kt cement,0.0,0.0,0.0,0.0,0.0,0.0,0.0,0.0,0.0,0.0,0.0,0.0,0.0,0.0,0.0,0.0,0.0,0.0,0.0,0.0,0.0,0.0,0.0,0.0,0.0,0.0,0.0,0.0,0.0,0.0,0.0,0.0,0.0,0.0,0.0,0.0,0.0,0.0,0.0,0.0,0.0,0.0,0.0,0.0,0.0,0.0,0.0,0.0,0.0,0.0,0.0,0.0,0.0,0.0,0.0,0.0,0.0,0.0,0.0,0.0,0.0,0.0,0.0,0.0,0.0,0.0,0.0,0.0,0.0,0.0,0.0,0.0,0.0,0.0,32.04600905567777,32.51928449578115,32.84126446550297,33.1707491715408,33.50963867117621,33.90840795455835,34.23933973893951,34.56387892747486,34.87774870158295,35.18622937423639,35.48631372778772,35.4869318575826,35.48547394532088,35.48780974878512,35.49466025229589,35.49600279189861,35.46565144836128,35.43995218054435,35.41458519911606,35.3908243936243,35.37167626062141,35.33980331272402,35.30859669557658,35.2821240424012,35.25857460662085,35.24199225197525,35.4453926107468,35.62680358832679,35.79181505170691,35.94480846552405,36.07653760734058,36.22978601758213,36.36767456703659,36.4878859104902,36.59735857939603,36.68267996803881,36.78685112684333,36.87283171783881,36.93438850600684,36.9771913633076,37.00001259328525,37.01582434048544,37.01460999462304,37.00102887040193,36.96723381562594,36.91918980531756,36.86129660514679,36.78186991377287,36.68137835129485,36.57471418045522,36.44885478751245,36.31462720865883,36.16864696768437,35.99910452780385,35.8196798061483,35.62871931965538,35.42695700417242,35.22314602568417,35.00941253929539,34.79295131528256,34.56557033181615,34.34476813903899,34.10674640227259,33.86564440455104,33.62374680430732,33.36987862538012,33.12925371712799,32.88044086645588,32.63210592921613,32.38252752783457,32.13357517984279,31.880714943462,31.63098325504366,31.37994155087797,31.12225318270684,30.87558065395289
Grenada,GD,GRD,Population,,77.504,78.363,79.505,80.928,82.624,84.646,86.962,89.332,91.498,93.348,94.767,95.904,96.846,97.544,97.976,98.157,98.086,98.046,98.109,98.3,98.528,98.768,98.786,98.631,98.34,97.912,97.351,96.684,95.925,95.055,94.021,94.083,94.684,95.212,95.784,96.438,97.143,97.909,98.708,99.533,100.381,101.205,101.998,102.766,103.509,104.229,104.939,105.648,106.37,107.084,107.818,108.156,108.653,109.115,109.53,109.939,110.33,110.713,111.079,111.429,111.743,112.415,113.134,113.84,114.423,114.929,115.331,115.545,115.837,116.126,116.556,116.819,117.007,117.155,117.26,117.347,117.377,117.418,117.429,117.461,117.472,117.473,117.431,117.382,117.288,117.2,117.069,116.934,116.799,116.605,116.382,116.147,115.878,115.586,115.291,114.955,114.588,114.22,113.841,113.454,113.033,112.569,112.087,111.605,111.08,110.551,110.014,109.457,108.907,108.307,107.701,107.078,106.412,105.724,105.008,104.256,103.49,102.725,101.931,101.128,100.303,99.444,98.552,97.676,96.771,95.856,94.936,93.973,93.014,92.052,91.072,90.117,89.161,88.224,87.28,86.363,85.42,84.491,83.581,82.657,81.775,80.889,80.022,79.168,78.331,77.488,76.668,75.858,75.043,74.269
Guadeloupe,GP,GLP,Cement production,kt cement,0.0,0.0,0.0,0.0,0.0,0.0,0.0,0.0,0.0,0.0,0.0,0.0,0.0,0.0,0.0,0.0,0.0,0.0,0.0,0.0,0.0,0.0,0.0,0.0,0.0,0.0,0.0,0.0,0.0,183.813915,161.756245,161.756245,161.756245,169.108802,169.108802,183.813915,191.166471,242.634368,220.576698,225.0,240.0,235.0,230.0,230.0,230.0,230.0,230.0,230.0,230.0,265.0,265.0,230.0,229.5,230.0,240.0,230.0,230.0,300.0,300.0,300.0,300.0,300.0,300.0,300.0,300.0,300.0,300.0,310.0,310.0,310.0,310.0,310.0,310.0,310.0,288.1042117865971,285.2951604598047,282.4615859195692,279.7301474847342,277.0785364373484,274.8776992027683,271.6344783472262,268.5776120270926,265.7137714054572,263.1116108150712,260.5672100526021,255.819417688464,251.4457551219085,247.2109041245362,243.1624565390367,239.2682472433252,235.2486570299767,231.3737372848945,227.7798813558557,224.3111247315327,221.0704994659236,217.640426804699,214.507088348055,211.4412834394285,208.5878601675658,205.7383456138374,204.1356170595705,202.5372847043161,200.9778901117437,199.3469002781108,197.6556197151637,196.0321662226951,194.4357179527317,192.8643908199827,191.3464461038137,189.8435740699733,188.2841794774009,186.8026604101926,185.3355859968825,184.0606882832611,182.7663216882986,181.4336453590846,180.2146421757647,179.1017757971751,178.016542669521,176.9331936271579,175.917043626843,174.9718608391582,174.0781763827625,173.2460387125416,172.43022978151,171.6910403189816,170.9348940888338,170.2220818203805,169.5011051823325,168.7631717766649,168.0509875366419,167.3274987848725,166.637295539912,165.9313915841925,165.2832662440658,164.5503570658411,163.8570136787287,163.1718346612111,162.4678147907827,161.7236011008115,161.033397855851,160.2665751423871,159.5116849690999,158.695248009638,157.9422419216419,157.186095691494,156.3954078976766,155.5745747392021,154.7248522729313,153.9373046212657
Guadeloupe,GP,GLP,Population,,216.61,222.514,228.749,235.189,241.582,247.981,254.572,261.356,268.389,275.675,283.179,289.591,294.416,298.654,302.581,306.546,310.451,313.841,315.95,317.533,318.689,319.465,319.882,320.115,321.03,323.884,326.718,328.696,329.914,330.862,331.559,333.453,338.181,344.584,351.395,358.392,365.437,372.469,379.512,386.097,391.529,396.034,400.282,404.357,408.29,412.078,415.772,419.4,421.531,420.333,418.802,416.865,414.65,412.187,409.521,406.632,407.806,408.786,409.172,408.812,408.812,409.295,409.01,407.713,405.568,402.333,406.934,418.451,411.909,408.604,406.184,392.118,377.277,375.756,374.456,373.126,371.78,370.355,368.778,367.175,365.511,363.802,362.083,360.47,358.681,357.074,355.547,353.807,351.951,349.96,348.016,345.903,343.855,341.669,339.531,337.144,334.903,332.491,330.16,327.594,325.042,322.497,320.014,317.417,314.724,312.139,309.597,307.095,304.678,302.285,299.802,297.443,295.107,293.077,291.016,288.894,286.953,285.181,283.453,281.728,280.11,278.605,277.182,275.857,274.558,273.381,272.177,271.042,269.894,268.719,267.585,266.433,265.334,264.21,263.178,262.011,260.907,259.816,258.695,257.51,256.411,255.19,253.988,252.688,251.489,250.285,249.026,247.719,246.366,245.112
Guatemala,GT,GTM,Cement production,kt cement,58.820453,58.820453,58.820453,58.820453,80.878123,80.878123,95.583236,117.640906,117.640906,110.288349,124.993462,117.640906,154.403688,183.813915,235.281811,198.519028,220.576698,176.461358,220.576698,220.576698,227.929254,264.692037,308.807377,308.807377,389.6855,448.505952,492.621292,514.678962,573.499414,566.146858,514.678962,507.839893,447.98924,419.095726,529.384075,647.66687,1323.460187,800.71692,875.710461,1680.0,1440.0,1400.0,1119.0,1200.0,1152.0,1090.0,1280.0,1500.0,1600.0,1960.0,2000.0,2000.0,2000.0,2200.0,2400.0,2400.0,2500.0,2500.0,1500.0,2794.0,2850.0,2880.0,2970.0,3500.0,3670.0,3360.0,3440.0,3030.0,2890.0,3230.0,3380.0,3486.0,3486.0,3486.0,3375.367821348352,3486.540351209789,3604.909391665018,3727.160325777083,3853.696665077158,3979.465162846863,4118.171450629465,4254.028970617878,4387.324525342377,4518.337737586238,4647.616404234514,4758.825702891781,4865.588095602229,4968.386893809322,5067.665129723116,5163.705183393224,5272.504437852232,5376.516877817224,5476.301528194519,5572.279288864636,5664.81391285212,5766.829408057977,5866.869171547124,5964.807586400778,6061.071177511724,6155.865633288395,6296.245010815712,6432.293622184972,6564.143300717396,6691.927736512926,6815.567371837788,6945.424908940567,7070.726746915041,7191.671986196136,7308.205878141588,7420.506189423728,7536.077579898079,7646.969577940867,7753.446737699316,7855.718889949046,7953.718478756609,8050.516319969338,8143.040768908749,8231.225806305734,8315.799345943613,8396.715564972414,8476.339083428025,8552.559263049405,8625.248919461357,8694.451620505964,8760.186527685215,8823.417289385503,8883.572609122499,8940.56283543639,8994.210366238442,9044.620159499967,9092.0692741528,9136.572232369695,9177.986597234012,9216.750018547827,9252.715284868293,9286.2532031421,9316.958934612781,9345.240997516576,9371.292945996167,9395.145189675459,9416.763869838942,9436.107883586095,9453.277511596607,9468.53528106205,9481.849170147349,9493.580752487782,9503.496490413594,9511.5668092749,9518.121496028574,9522.985834275294
Guatemala,GT,GTM,Population,,3136.134,3218.6,3304.704,3392.916,3485.289,3581.324,3681.04,3784.446,3889.606,4003.383,4123.926,4248.476,4375.613,4504.915,4637.304,4772.626,4909.29,5048.434,5187.789,5326.373,5467.558,5609.153,5756.514,5906.748,6055.646,6201.816,6322.993,6480.036,6643.032,6812.563,6987.862,7163.433,7317.049,7522.236,7739.129,7960.257,8181.379,8411.59,8652.608,8898.484,9151.062,9394.105,9650.428,9909.093,10178.342,10447.65,10719.403,10996.106,11282.184,11563.746,11831.438,12107.406,12386.425,12665.258,12949.546,13225.711,13509.206,13794.874,14075.474,14355.748,14644.477,14939.774,15239.519,15535.156,15828.294,16115.192,16422.328,16712.386,16978.984,17228.621,17486.03,17711.271,17984.483,18265.192,18547.526,18828.237,19107.719,19384.296,19658.715,19931.643,20202.863,20471.896,20738.872,21003.307,21265.039,21523.435,21777.251,22026.67,22271.744,22510.425,22743.315,22970.212,23191.477,23407.003,23617.034,23821.143,24019.767,24211.714,24399.586,24582.441,24759.273,24931.393,25098.408,25260.113,25414.922,25563.839,25706.841,25844.168,25974.548,26098.336,26215.704,26326.07,26430.171,26528.441,26619.872,26703.592,26780.836,26850.757,26913.671,26968.563,27015.345,27055.695,27088.831,27114.803,27133.567,27146.413,27153.681,27154.838,27149.019,27136.591,27118.682,27095.19,27065.454,27031.165,26991.641,26947.473,26897.839,26844.253,26787.361,26727.178,26663.032,26595.179,26523.916,26450.123,26373.596,26294.741,26213.493,26129.67,26044.351,25956.843
Guinea,GN,GIN,Cement production,kt cement,,,,,,,,0.0,0.0,0.0,0.0,0.0,0.0,0.0,0.0,0.0,0.0,0.0,0.0,0.0,0.0,0.0,0.0,0.0,0.0,0.0,0.0,0.0,0.0,0.0,0.0,0.0,0.0,0.0,0.0,0.0,0.0,0.0,0.0,,,,,250.0,250.0,260.0,260.0,277.0,297.0,300.0,315.0,360.0,360.0,360.0,0.0,0.0,0.0,381.0,298.0,237.0,365.0,317.0,377.0,435.0,900.0,1160.0,1280.0,1380.0,1500.0,1600.0,1600.0,1700.0,1700.0,1700.0,2029.550409405941,2110.107947631221,2196.149513290735,2282.388177339639,2372.47752805372,2456.277450692824,2559.805729576678,2662.421518047217,2764.484439949355,2866.243408312884,2967.820364168448,3121.070149640905,3273.965767961664,3424.985909029092,3568.922731933576,3706.480976813425,3852.17594821486,3987.81326521044,4114.79387992938,4234.635713849124,4348.793229087347,4456.16634423142,4556.584830279928,4651.25723592366,4741.070205464249,4829.703012716826,5015.608624225143,5194.768625832344,5367.786036726177,5535.638726345353,5697.377136510719,5878.352875672944,6052.036516205252,6218.92756644617,6380.336964884087,6535.604106899094,6704.89326302708,6867.628690565291,7023.986180395242,7174.467512875669,7318.607324266563,7472.267509684323,7621.048008332495,7764.858710737563,7903.803377036473,8038.428388440651,8180.360719997034,8317.62800982593,8449.323545154346,8576.490945201473,8699.396609042771,8828.139375206769,8950.91009486069,9068.428259528773,9182.044308344803,9292.404185063046,9404.539577213844,9514.217038922076,9618.003914561943,9718.437213566793,9814.18295228144,9912.735553731458,10005.1666171078,10092.00639716065,10176.04348292758,10255.69313806868,10336.18843601978,10411.95502504492,10485.67619283241,10555.07291279746,10620.61493468235,10685.04907176157,10746.48847378494,10804.67919852752,10859.59690510293,10910.88342493645
Guinea,GN,GIN,Population,,3037.39,3086.556,3136.806,3188.239,3240.882,3294.838,3350.162,3407.146,3465.718,3525.828,3587.67,3651.432,3717.114,3784.795,3854.65,3926.783,4001.526,4078.781,4158.318,4238.281,4316.79,4393.611,4468.972,4543.675,4617.345,4690.406,4763.638,4838.618,4917.089,5001.476,5093.363,5193.214,5302.129,5417.499,5542.692,5678.053,5823.283,5977.112,6136.035,6295.588,6573.16,6821.171,7007.561,7248.794,7441.42,7665.079,7874.991,7987.749,8176.231,8354.015,8503.648,8576.272,8771.859,8969.704,9155.747,9335.942,9546.399,9778.162,10019.577,10267.492,10524.68,10788.94,11054.221,11329.525,11616.323,11917.817,12228.243,12543.075,12866.473,13202.219,13540.147,13880.879,14229.395,14581.541,14928.03,15271.424,15612.561,15955.617,16297.532,16635.98,16978.314,17316.953,17654.831,17989.573,18319.24,18652.786,18988.945,19322.562,19656.175,19991.541,20329.959,20664.099,20997.204,21329.793,21654.309,21980.18,22303.19,22623.035,22937.072,23248.154,23561.013,23870.845,24177.74,24485.775,24782.305,25077.357,25366.025,25647.878,25928.81,26200.818,26462.829,26723.336,26979.511,27231.293,27473.481,27709.523,27941.716,28167.789,28386.875,28600.604,28805.023,29005.585,29196.471,29381.686,29561.462,29740.249,29907.465,30065.578,30219.773,30371.987,30511.783,30654.213,30783.912,30910.868,31028.962,31143.764,31245.073,31334.626,31422.864,31503.094,31575.819,31640.126,31705.567,31763.133,31814.982,31857.001,31897.373,31934.588,31968.052,31996.082
Guinea-Bissau,GW,GNB,Cement production,kt cement,0.0,0.0,0.0,0.0,0.0,0.0,0.0,0.0,0.0,0.0,0.0,0.0,0.0,0.0,0.0,0.0,0.0,0.0,0.0,0.0,0.0,0.0,0.0,0.0,0.0,0.0,0.0,0.0,0.0,0.0,0.0,0.0,0.0,0.0,0.0,0.0,0.0,0.0,0.0,0.0,0.0,0.0,0.0,0.0,0.0,0.0,0.0,0.0,0.0,0.0,0.0,0.0,0.0,0.0,0.0,0.0,0.0,0.0,0.0,0.0,0.0,0.0,0.0,0.0,0.0,0.0,0.0,0.0,0.0,0.0,0.0,0.0,0.0,0.0,270.4526941537229,279.1625280312703,288.7495086357924,296.6651742935823,304.8650366322777,313.6930961935621,320.9988889217058,328.4736554176869,336.1226495696684,343.9325283076021,351.9118813402259,363.1583790489815,374.5590377811315,386.1359090312887,397.8620602820449,409.7126153595122,422.0293236365593,434.6095420998025,447.410029120083,460.4384230707999,473.757853463936,487.8101242016866,501.6243067987024,515.176111975042,528.505515181836,541.6159999902386,567.1395351734028,591.7641388209744,615.4943590604108,638.358134526179,660.5360762410968,686.1594852016584,710.5618013662782,733.9324522997927,756.362733211208,777.9378885318492,802.299931529931,826.0231767111967,848.9847047947225,871.1767168948788,892.684687106546,916.5420904045905,939.2472637701072,961.1917017272682,982.4236797545625,1002.847356163131,1024.897869076431,1046.144115286001,1066.610110314061,1086.376899301629,1105.157092973533,1125.493112351411,1144.696270282909,1163.069233659631,1180.498339210366,1197.409770455276,1215.070270350724,1231.656593207849,1247.712989532997,1263.167878602467,1278.421550875534,1294.271155060899,1309.620486593999,1324.134592110145,1338.029830731952,1351.357653747862,1365.255311601143,1378.614453567739,1391.803730545388,1404.420437478846,1416.72920209144,1428.849956814243,1440.71610605077,1451.931935518115,1462.515983118078,1472.884671544408
Guinea-Bissau,GW,GNB,Population,,547.523,551.951,555.873,559.377,562.578,565.559,568.381,571.103,573.743,576.325,578.94,586.124,592.824,596.011,581.075,568.936,564.879,573.143,583.197,580.023,588.782,583.659,589.58,596.035,630.642,671.29,717.091,766.488,816.901,822.834,835.771,849.092,862.69,876.494,890.544,904.851,919.402,934.323,949.799,965.78,981.559,1007.72,1040.992,1076.497,1107.564,1132.335,1154.735,1176.355,1198.59,1221.822,1247.659,1274.887,1303.728,1333.884,1365.241,1397.93,1432.675,1469.296,1506.813,1545.941,1586.752,1629.401,1673.432,1718.514,1763.731,1809.182,1854.605,1899.538,1944.797,1990.595,2035.915,2081.768,2129.29,2177.388,2225.316,2273.714,2321.902,2370.476,2417.984,2465.18,2512.689,2561.111,2610.045,2659.371,2706.806,2753.459,2802.321,2850.015,2897.852,2946.122,2993.283,3039.806,3086.533,3133.327,3180.096,3228.401,3274.534,3322.6,3369.127,3416.008,3461.207,3505.52,3547.754,3588.283,3630.747,3671.076,3709.799,3748.843,3788.084,3826.535,3862.198,3899.23,3935.532,3970.606,4004.951,4039.029,4069.985,4100.863,4131.573,4161.005,4189.023,4216.989,4244.615,4272.063,4297.205,4323.999,4348.314,4371.737,4393.065,4413.993,4433.38,4449.784,4465.992,4481.473,4498.106,4513.71,4529.156,4542.7,4555.301,4567.108,4578.634,4589.673,4601.747,4612.94,4624.322,4632.562,4641.383,4649.013,4655.473,4662.404
Guyana,GY,GUY,Cement production,kt cement,0.0,0.0,0.0,0.0,0.0,0.0,0.0,0.0,0.0,0.0,0.0,0.0,0.0,0.0,0.0,0.0,0.0,0.0,0.0,0.0,0.0,0.0,0.0,0.0,0.0,0.0,0.0,0.0,0.0,0.0,0.0,0.0,0.0,0.0,0.0,0.0,0.0,0.0,0.0,,,,,,,,,,,,,,,,,,,,,0.0,0.0,0.0,0.0,2.0,100.0,400.0,400.0,410.0,410.0,400.0,520.0,570.0,570.0,570.0,532.0318754146448,528.6253617945279,524.630805839122,522.4924318841507,520.7084655574542,519.7824388925925,517.2900911606465,515.2070113113558,513.8666038204472,512.635312552457,511.8566516141081,506.340816019603,501.267693602798,496.7977450313198,492.7950654263689,489.198242837273,485.4282944584576,482.2259930169976,479.1680216666929,476.4168355144185,473.8396062196612,471.3554895740896,469.2669554325756,467.333752426644,465.6847080026117,464.2038441903383,465.6636570451802,466.796324421693,468.0926680029735,469.4291566894252,470.5252077946926,471.5596713310962,472.3951091333602,473.4386601841239,474.4439915774376,475.591487401612,476.5913820194324,477.4393572346749,478.2618258235223,478.8846714832117,479.4070572257274,479.8094972927002,480.2218710741221,480.5569954557863,480.8559887916356,480.862318481536,480.8875748124358,480.7518760946141,480.4909860342192,480.1896691765247,479.9740538846202,479.6187475007586,479.1330990513407,478.6228813036697,477.9901049424668,477.3385957933963,476.4623415545925,475.7397031957773,474.790912172279,473.992317517367,473.008274837445,471.8356544116502,470.5970847165559,469.4580739325372,468.2117801828538,466.8633740636967,465.5739502458041,464.273932025135,462.8578735054453,461.4469333871198,459.9093731377314,458.3657139765462,456.7431711897316,455.2323759997167,453.4567232928221,451.6845790402734
Guyana,GY,GUY,Population,,423.324,434.877,447.613,461.496,476.445,492.282,508.868,526.134,544.008,562.125,576.161,588.975,601.946,615.128,628.401,641.855,655.438,669.184,683.137,697.31,708.099,717.225,726.01,734.265,741.848,748.938,755.568,761.74,767.431,772.693,776.041,776.866,776.557,775.225,772.997,769.957,766.239,762.002,757.325,752.405,747.382,748.34,751.482,754.447,757.196,759.579,761.473,763.016,764.155,764.811,764.853,764.102,763.202,763.001,761.835,759.993,757.94,755.781,753.432,750.756,747.757,744.549,748.028,752.015,756.443,761.119,765.977,770.98,812.131,803.199,811.764,819.2,824.074,828.632,833.541,838.431,843.349,848.69,853.625,858.463,863.612,868.549,873.921,878.772,883.676,888.195,892.464,896.847,901.19,905.452,909.561,913.893,917.734,921.436,924.807,927.899,931.06,933.913,936.754,939.377,941.838,943.651,945.776,947.971,949.688,951.067,952.041,953.403,954.672,956.198,957.452,958.392,959.263,959.727,959.976,960.105,960.238,960.206,960.088,959.389,958.856,958.002,956.896,955.701,954.659,953.461,952.005,950.494,948.74,946.942,944.814,942.975,940.698,938.703,936.348,933.722,930.967,928.399,925.623,922.649,919.868,917.065,914.039,911.021,907.76,904.56,901.209,898.07,894.426,890.788
Haiti,HT,HTI,Cement production,kt cement,0.0,0.0,0.0,0.0,29.410226,44.11534,29.410226,36.762783,36.762783,51.467896,44.11534,58.820453,51.467896,58.820453,44.11534,36.762783,36.762783,44.11534,51.467896,58.820453,73.525566,80.878123,110.288349,139.698575,154.403688,242.634368,242.634368,249.986924,235.281811,242.634368,235.281811,213.224141,213.224141,220.576698,264.692037,249.986924,249.986924,249.986924,220.576698,200.0,250.0,200.0,100.0,0.0,0.0,0.0,0.0,0.0,0.0,0.0,204.0,290.0,290.3,300.0,300.0,290.0,290.0,300.0,300.0,300.0,50.0,75.0,100.0,200.0,200.0,200.0,300.0,300.0,300.0,300.0,300.0,300.0,300.0,300.0,282.4825864167939,285.1750682713688,287.8738987757821,290.7499803563232,293.8507111382829,299.8215422234802,315.0646856976163,330.4000746615334,345.8347594812746,361.3821216781728,377.0742761914493,395.5641069495135,414.0000664111205,432.4030377977265,450.790636190982,469.1915643409909,494.7646724762759,520.303242560466,545.837094347765,571.3892364888209,596.9737522957832,631.7099898018504,666.464632239104,701.2385925651438,736.0426118587526,770.9205700446114,822.05683872209,873.2860218680203,924.5769802268056,975.8985789888003,1027.226220157938,1092.768199510991,1158.209100591199,1223.516542822301,1289.153152581916,1355.116810679263,1438.52478602787,1522.414423970171,1606.772860684663,1691.588612751141,1776.856901763192,1879.557596937778,1982.863059061004,2086.767970620877,2191.265717431427,2296.341362716155,2421.189594286754,2545.2146746962,2663.814830205475,2776.905095021331,2884.465810193276,3002.57012969774,3113.448280804454,3217.300965511079,3314.366188622209,3404.958205662136,3501.224122009334,3589.912773044565,3671.746023240757,3749.436689121932,3823.084517877141,3902.146666743936,3976.597751766995,4046.74756676469,4112.749498129006,4174.799803170187,4240.248994239852,4301.44774049792,4358.602069450101,4411.980648356231,4461.787776170596,4513.318554083514,4561.053808907476,4605.216858112585,4646.07356708525,4683.9324432261
Haiti,HT,HTI,Population,,3289.727,3340.111,3392.414,3447.267,3503.789,3563.699,3625.907,3689.727,3755.692,3823.685,3893.202,3964.857,4038.292,4107.843,4184.645,4262.996,4342.282,4423.716,4506.941,4591.727,4678.522,4767.967,4859.769,4953.717,5049.874,5148.297,5248.417,5350.535,5454.625,5560.555,5668.432,5779.018,5892.856,6009.336,6129.124,6252.6,6379.643,6510.602,6645.687,6783.772,6925.11,7065.791,7207.351,7349.01,7490.532,7634.56,7780.554,7928.042,8076.244,8226.348,8379.954,8531.882,8683.4,8836.423,8984.103,9138.443,9294.681,9451.911,9609.638,9769.523,9837.065,9992.742,10146.799,10297.926,10448.544,10597.939,10744.975,10890.533,11034.192,11176.134,11311.562,11437.61,11569.602,11705.195,11839.919,11972.272,12102.74,12232.873,12361.716,12489.161,12615.557,12740.411,12864.008,12985.751,13105.866,13224.134,13340.684,13455.448,13568.808,13679.423,13788.282,13895.674,14000.974,14103.737,14204.061,14301.872,14397.34,14490.129,14580.779,14668.218,14753.505,14835.075,14912.755,14986.75,15056.811,15123.187,15185.786,15245.49,15301.77,15353.978,15402.083,15446.629,15487.703,15525.412,15559.41,15589.793,15617.277,15641.364,15661.875,15679.306,15693.356,15705.0,15713.871,15719.843,15723.408,15724.447,15723.485,15720.064,15714.077,15706.322,15695.926,15683.512,15669.206,15653.264,15634.976,15614.903,15592.689,15569.081,15543.612,15516.299,15487.743,15457.871,15426.498,15393.94,15360.188,15325.021,15288.509,15250.69,15211.895,15171.738
Honduras,HN,HND,Cement production,kt cement,0.0,0.0,0.0,0.0,0.0,0.0,0.0,0.0,7.352557,36.762783,44.11534,58.820453,58.820453,73.525566,95.583236,102.935792,110.288349,132.346019,132.346019,154.403688,161.756245,191.166471,235.281811,213.224141,294.102264,257.339481,249.986924,272.044594,227.929254,448.505952,308.807377,279.397151,485.268735,536.736631,345.57016,360.275273,448.505952,558.794301,647.02498,652.0,693.0,650.0,723.0,615.0,721.0,952.0,1041.0,896.0,980.0,1284.0,1321.0,1224.0,1268.0,1392.0,1384.0,1668.0,1776.0,1784.0,1800.0,1600.0,1620.0,1730.0,1700.0,1700.0,1700.0,1840.0,2140.0,1960.0,1800.0,1490.0,1650.0,1700.0,1700.0,1700.0,1643.963372358641,1697.766398645979,1755.06055380787,1815.26389585798,1878.782087536818,1942.46866900107,2020.600250380409,2099.212291821855,2178.359041342932,2258.104490359188,2337.294691251541,2418.975436538053,2497.384429430093,2572.811059468599,2645.533529692054,2715.812686452001,2803.951569863264,2887.70789155745,2967.542019457143,3043.85387408814,3116.981460321898,3205.205892726451,3288.449061702358,3367.161880170551,3441.995760541082,3514.957800267433,3622.736146118715,3726.432346575898,3826.287074358209,3922.530300712495,4015.321939685564,4119.223781974348,4218.579005208945,4313.653181116105,4404.760859658335,4492.076849631469,4587.877571701753,4678.983037807849,4765.646999085642,4848.21034284498,4926.893232858092,5010.68179192042,5090.468065703466,5166.912094868822,5240.18950412602,5310.466779096121,5384.089828158026,5454.430056431116,5521.612026888064,5585.769777990145,5647.050332719269,5709.333859464051,5768.621697417036,5825.168257133334,5878.966719121127,5930.2101559182,5981.378308146286,6030.065716347459,6076.283078769155,6120.203323366209,6161.874383155759,6203.138770012043,6242.191566599338,6279.146513604128,6314.086741294393,6347.072764892225,6379.439981502621,6409.870467744387,6438.47835471533,6465.230028949403,6490.371809483214,6514.89351264599,6537.830824946638,6559.135852910526,6578.674650739167,6596.513256827339
Honduras,HN,HND,Population,,1579.768,1623.205,1668.458,1715.472,1764.159,1814.622,1866.709,1920.454,1975.847,2032.793,2091.327,2151.158,2212.971,2276.786,2342.924,2411.389,2482.112,2555.185,2630.928,2709.649,2791.78,2877.452,2966.677,3056.242,3143.43,3243.038,3345.876,3451.433,3559.494,3670.469,3783.877,3899.678,4017.778,4138.57,4261.131,4385.554,4512.244,4641.577,4773.778,4909.899,5051.077,5196.507,5346.354,5500.144,5658.34,5820.935,5986.973,6155.936,6312.927,6487.999,6667.546,6848.44,7029.277,7209.149,7388.84,7567.869,7745.795,7923.802,8101.372,8278.425,8453.33,8627.836,8802.317,8976.238,9150.007,9324.603,9500.157,9676.116,9854.305,10032.962,10206.319,10373.434,10554.31,10735.392,10916.015,11095.684,11273.836,11450.632,11626.092,11799.662,11970.977,12140.086,12307.037,12471.718,12634.01,12794.218,12951.936,13107.05,13260.009,13410.505,13558.801,13705.022,13848.894,13990.44,14129.601,14266.291,14400.274,14531.416,14659.657,14785.303,14908.254,15028.223,15145.18,15259.204,15369.985,15477.507,15581.447,15681.738,15778.822,15872.375,15962.552,16049.114,16131.836,16211.157,16286.989,16359.035,16427.672,16492.751,16554.377,16612.681,16667.661,16719.355,16767.652,16812.556,16854.182,16892.706,16927.899,16960.309,16989.482,17015.796,17039.139,17060.003,17078.08,17093.698,17106.748,17117.246,17125.324,17131.129,17134.718,17136.088,17135.114,17131.956,17126.807,17119.385,17110.338,17099.336,17086.875,17073.047,17057.25,17039.536
Hungary,HU,HUN,Cement production,kt cement,948.479801,1058.76815,1058.646059,948.581986,1176.409055,992.485498,992.59514,1301.402517,1433.623197,1573.574289,1602.737336,1735.077517,1801.493742,2257.102237,2382.228337,2602.805035,2654.107494,2801.492048,2566.042252,2771.913836,2713.093384,2970.275989,3404.233704,3433.64393,3757.15642,4301.442741,4617.202051,4764.456674,4860.039909,4661.520881,4632.110655,4367.234268,4242.425155,4146.674553,3676.434868,3845.218309,4154.014071,3874.978883,3860.092212,3930.0,2529.0,2236.0,2533.0,2813.0,2875.0,2747.0,2811.0,2999.0,2979.0,3326.0,3452.0,3510.0,3573.0,3580.0,3371.0,3724.153,3551.746,3544.0,2807.0,2136.0,1694.0,1870.0,1350.0,1530.0,1570.0,1283.0,1663.0,1670.0,2500.0,2300.0,2500.0,2400.0,2400.0,2400.0,2078.900943166815,2133.592317593539,2185.60077696927,2240.35411060693,2294.235346096219,2334.711772997499,2366.672638699767,2397.354293997866,2426.897744798023,2455.7024655617,2484.220140779376,2498.252770281296,2512.064446912502,2525.738184317545,2539.644086511286,2553.488643568936,2564.168951947658,2575.085317889253,2586.09886161706,2597.588147247056,2609.15049337683,2618.871338306139,2628.584298458209,2638.939397973531,2649.879694271253,2661.495566464546,2665.677444882031,2669.633172064728,2673.395716660719,2676.927615781214,2680.112162272049,2682.195680877909,2683.924556931554,2685.48265043426,2686.802079547296,2687.622550415945,2687.337321474083,2686.822337223923,2686.04668464405,2685.086296718928,2683.786226574082,2681.371808933349,2679.055251380936,2676.729328029205,2674.370946644325,2672.108907330411,2668.891315923716,2665.849064023652,2663.012630994722,2660.407428869688,2657.984114980272,2654.990544768564,2652.221682141467,2649.711849091774,2647.411801362253,2645.160647891339,2642.295192630638,2639.597467742607,2637.010818752712,2634.61649232743,2632.342837631566,2629.137087894205,2625.966631419425,2622.984986281465,2620.141239559819,2617.230889731757,2613.756604470627,2610.30495851758,2606.935492085602,2603.429408251575,2599.954988380466,2595.788532864401,2591.646558241374,2587.53070899294,2583.251779883283,2578.825263867695
Hungary,HU,HUN,Population,,9383.345,9463.002,9544.852,9644.11,9765.061,9881.352,9826.625,9849.23,9912.125,9961.557,10005.191,10047.836,10068.296,10099.386,10129.356,10152.882,10187.927,10225.694,10263.394,10299.784,10330.502,10357.436,10391.171,10423.707,10484.119,10547.185,10600.358,10645.921,10674.455,10702.05,10688.683,10669.975,10642.257,10603.721,10564.935,10529.595,10492.601,10457.609,10423.453,10383.388,10379.174,10377.178,10365.77,10347.97,10331.904,10313.672,10290.798,10266.405,10237.028,10202.563,10178.636,10154.744,10122.187,10095.739,10075.843,10055.569,10044.317,10023.846,10009.468,9993.288,9964.969,9928.384,9904.862,9873.831,9851.853,9826.569,9794.495,9776.714,9772.073,9768.62,9730.293,9685.406,9683.205,9689.722,9662.547,9602.027,9569.609,9536.874,9502.902,9467.311,9430.919,9393.892,9356.146,9318.047,9279.4,9240.406,9201.827,9162.703,9124.595,9086.323,9048.911,9012.24,8976.079,8941.05,8906.444,8871.984,8838.286,8805.212,8773.05,8741.023,8709.671,8678.275,8647.022,8615.672,8583.535,8551.053,8517.619,8484.293,8450.685,8415.367,8379.795,8343.881,8307.466,8270.959,8233.552,8196.844,8161.313,8126.382,8091.916,8058.538,8026.01,7994.775,7964.951,7936.629,7909.541,7884.136,7860.033,7837.372,7815.9,7794.85,7774.698,7755.446,7736.823,7719.194,7702.221,7684.761,7667.523,7651.2,7635.555,7619.662,7604.529,7589.522,7574.907,7559.704,7544.667,7529.732,7514.914,7500.22,7484.809,7468.752
Iceland,IS,ISL,Cement production,kt cement,0.0,0.0,0.0,0.0,0.0,0.0,0.0,29.410226,80.878123,73.304103,73.525566,95.583236,95.852484,110.598148,110.288349,117.640906,117.940246,102.699701,95.583236,87.998493,117.640906,132.020043,132.069722,154.403688,161.756245,147.051132,139.698575,132.346019,124.993462,124.993462,124.993462,124.993462,117.362795,117.640906,117.640906,110.062348,132.346019,132.346019,117.414673,114.0,106.0,100.0,86.0,81.0,82.0,88.0,101.0,118.0,131.0,144.0,125.0,83.0,89.798,100.287,132.438,141.433,140.0,138.0,138.0,140.0,142.0,146.0,0.0,0.0,0.0,0.0,0.0,0.0,0.0,0.0,0.0,0.0,0.0,0.0,115.7923253534594,117.3160269125928,118.8654535104204,120.5024040024671,122.1683665058835,123.780624802526,125.3000787117665,126.769432709226,128.1784161501265,129.5457678846661,130.8637452961608,131.5461892607736,132.1800502243063,132.7655139024381,133.3084419731321,133.8134969344477,134.1817965597327,134.5078897637941,134.8163061120062,135.1178587558562,135.3717327934218,135.4819696671106,135.5829197980894,135.6707904788033,135.7501328018224,135.8305641408088,136.5327940265693,137.2329371886961,137.8762014440247,138.5040655682545,139.1116925682077,139.6281264776267,140.1170108897416,140.5723122832104,141.0118297471899,141.425536767391,141.7723766993121,142.1222575078345,142.4122833323228,142.7009096667769,142.9822658293314,143.1795109537319,143.3692316883453,143.5207735602396,143.6833807510174,143.8153930252277,143.8652887616185,143.8925443848866,143.8740931000732,143.8758485757707,143.8504628585644,143.7395829215925,143.5958687319876,143.3881707747771,143.1903880167778,142.9605952372573,142.6596865260903,142.3518622753608,142.0576576746243,141.7298022181199,141.3991077436066,141.0088024291655,140.6167416194885,140.2003474481657,139.7742455466647,139.390973209734,138.9730263542302,138.5292891954437,138.0770640247418,137.6586109082567,137.2526507920021,136.8244922950242,136.394141806334,135.9798491772727,135.5689956228941,135.1616558496171
Iceland,IS,ISL,Population,,144.298,146.542,148.983,152.5,156.026,159.467,162.692,166.818,170.139,173.85,177.271,180.724,183.958,187.328,190.724,193.942,197.25,200.316,202.692,204.062,204.895,207.426,210.981,213.78,216.751,219.305,221.075,222.593,224.551,226.961,229.328,232.165,235.524,238.403,240.6,242.204,244.164,247.545,251.908,253.793,255.874,259.75,262.42,265.088,267.019,268.001,269.919,272.45,275.773,279.123,283.437,286.668,288.546,290.664,293.673,299.996,307.752,315.549,319.48,317.744,318.572,319.702,321.979,325.792,329.233,332.67,338.477,348.586,357.122,364.277,368.951,376.336,384.375,390.74,396.051,400.481,404.177,407.501,410.558,413.154,415.542,417.676,419.553,421.286,422.82,424.337,425.707,426.929,428.046,429.034,429.871,430.581,431.253,431.917,432.369,432.599,432.792,432.904,432.981,433.016,432.97,432.992,432.798,432.603,432.381,431.985,431.52,430.958,430.385,429.753,428.968,428.255,427.326,426.435,425.553,424.519,423.488,422.326,421.248,420.073,418.783,417.427,415.909,414.507,413.022,411.413,409.695,407.743,405.86,403.876,401.825,399.77,397.792,395.704,393.628,391.5,389.384,387.193,384.984,382.957,380.931,378.822,376.696,374.711,372.786,370.869,368.955,367.111,365.29,363.492
India,IN,IND,Cement production,kt cement,3249.830015,3595.220934,3838.034543,4470.35441,4558.585089,5007.091041,5690.878805,6183.281675,6933.692378,7845.177887,8242.447726,8587.566607,9352.451989,9690.905484,10580.562708,11050.892562,11690.564986,11940.55191,13256.914428,13543.409248,14896.014329,15756.794013,15006.56801,14286.017464,16234.681013,18697.551421,19057.826694,19557.800543,18263.750582,17697.603724,20756.267268,22498.823181,25351.61514,29027.61918,33027.400375,36395.155145,36975.729542,40696.400754,45997.302747,49000.0,51000.0,50000.0,53812.0,57000.0,62000.0,75000.0,80000.0,85000.0,90000.0,95000.0,105000.0,115000.0,123000.0,130000.0,142086.0,158788.0,170330.0,182690.0,201810.0,213190.0,224050.0,241920.0,254757.0,271324.0,275154.0,289294.0,284950.0,327740.0,338923.0,289957.0,351590.0,387680.125,418129.875,438727.5,473466.3021230351,493241.8529193022,512904.8160299052,532493.175633006,552017.204213363,571018.6560746465,589208.4725586725,607406.0116987707,625603.981373897,643792.4176942918,662011.3491510375,664287.5665207976,666707.3402282433,669249.7633253643,671916.9412829246,674699.7799016145,676866.3154962081,679210.1384263387,681708.1351325365,684338.3827472874,687085.2611177741,689368.6183592982,691825.9917291828,694414.1163041367,697085.3698674579,699828.2118642371,706734.5330972438,713309.6213469346,719564.9539619841,725519.1135416884,731155.3538263573,736796.0815481717,742132.611616243,747190.3543821367,751959.476240102,756452.3286343664,760828.717400347,764908.2209927475,768719.7725543298,772267.2337596436,775547.9152826663,778561.8869382123,781338.4807657656,783847.6230004285,786095.6374606247,788075.0617011695,789772.3902911746,791223.6849290703,792417.2754173836,793384.20357622,794118.2589421625,794535.0794108165,794750.9737722175,794765.6046896124,794585.3826539591,794213.9523875109,793579.5652184383,792780.4880072903,791832.940975981,790726.1451375517,789483.6475429253,788018.4877374049,786429.8609042065,784745.584147504,782938.3673348624,781020.6398524473,778940.4170745864,776776.2594448348,774548.6564759538,772220.3252845323,769823.1607352578,767319.2252032281,764767.9055988034,762162.4715338476,759490.365483843,756786.2171081534
India,IN,IND,Population,,349965.375,357774.738,365975.067,374234.08,383140.196,392261.577,401716.229,410791.546,420763.337,430798.0,441182.676,451946.781,462619.398,473657.752,484801.444,495478.848,506001.646,517211.097,528222.68,539538.407,552190.129,564002.646,576961.637,589969.558,604113.224,618505.846,633217.92,648384.286,663072.172,679239.321,695468.73,711923.769,728703.177,746042.184,763708.714,781586.872,799793.084,818069.456,836616.524,855462.534,874481.909,893373.292,912540.848,931695.926,950631.609,969970.478,989386.439,1008881.084,1028449.076,1048002.57,1067842.896,1087954.254,1107246.507,1126359.505,1145623.522,1163729.122,1182028.657,1199323.384,1216538.543,1234510.963,1252452.165,1269997.744,1287351.261,1304307.76,1320246.623,1335802.372,1352086.22,1367228.58,1382089.548,1395971.076,1409264.315,1419143.477,1431702.948,1444436.244,1457435.338,1470295.711,1482955.442,1495373.906,1507491.573,1519355.889,1530921.8,1542159.403,1553054.846,1563593.314,1573783.392,1583606.199,1593044.519,1602029.495,1610571.802,1618706.679,1626453.399,1633785.338,1640685.377,1647145.162,1653228.062,1658907.103,1664189.68,1669066.613,1673552.839,1677686.95,1681491.568,1684950.203,1688065.58,1690865.297,1693271.247,1695385.243,1697168.441,1698670.696,1699839.978,1700692.021,1701211.407,1701356.007,1701190.414,1700709.31,1699891.111,1698703.342,1697235.654,1695396.654,1693194.505,1690648.399,1687756.68,1684558.62,1681015.03,1677196.183,1673077.752,1668642.863,1663956.99,1659012.871,1653820.248,1648382.324,1642715.197,1636841.163,1630794.319,1624544.623,1618143.412,1611544.446,1604802.766,1597979.197,1591006.924,1583911.433,1576698.76,1569408.343,1562083.555,1554637.205,1547138.659,1539587.805,1532021.324,1524421.638,1516758.642,1509106.631
Indonesia,ID,IDN,Cement production,kt cement,102.935792,139.658351,147.092334,147.051132,147.051132,147.051132,249.946063,301.504565,345.57016,389.61875,448.505952,507.326405,330.865047,441.153396,367.62783,338.217603,352.922717,411.743169,536.795581,551.441745,485.268735,595.557084,727.903103,830.838895,1073.473263,1801.483241,2654.272931,3690.983411,4698.102501,5823.224823,6889.34553,7499.607727,8183.681413,8859.830697,10080.355092,10940.604213,11845.320753,12242.006731,14094.850993,13800.0,16153.0,17280.0,18934.0,21907.0,23129.0,24646.0,27505.0,22341.0,23925.0,27789.0,31300.0,34640.0,35500.0,33230.143,33917.0,35000.0,36000.0,38530.0,36910.0,39480.0,45238.0,52350.0,56690.0,56760.0,59850.0,62000.0,69279.0,75213.0,71900.0,62700.0,65000.0,64000.0,67000.0,65000.0,53292.11017049413,55619.04627167713,57938.73489730855,60254.5626961981,62549.02529549137,64520.08433542584,66397.18554485044,68219.88812773545,69991.03605605102,71721.64178434487,73425.79938119056,74650.9908365563,75848.91126404564,77018.23143556522,78164.82940693293,79293.28298102712,80372.21553694246,81435.69374805255,82485.44161473015,83526.83866624963,84561.37602533339,85540.28049880789,86515.1239607799,87486.907986733,88459.10224805132,89430.44801989352,90346.77101496758,91224.49224887636,92065.3205253017,92870.93146376566,93641.56463821273,94385.6623772014,95097.07317989905,95775.21429348206,96422.84410949127,97039.60064090938,97623.36465488575,98184.12346988247,98723.61046359116,99242.89757732299,99741.74690586279,100211.4823851969,100661.7357092133,101092.7910489741,101505.4510563508,101899.9510775213,102265.6551866643,102614.3600121215,102945.3586349535,103258.2105695504,103554.6012837527,103813.058840712,104056.9897219368,104282.5222174978,104492.1063090544,104685.0924092523,104844.4469034631,104988.8434938035,105117.5297000503,105231.1033470118,105330.6562989011,105395.4259807996,105446.5084719135,105484.1638619051,105510.1421519151,105523.7858523975,105503.3020846331,105471.6151371297,105428.1300522818,105374.0800498778,105310.8151809395,105218.8714042275,105116.9844523383,105006.1823739944,104888.10619373,104761.8424693133
Indonesia,ID,IDN,Population,,69517.331,71055.274,72697.591,74440.697,76294.041,78252.973,80312.125,82469.544,84715.981,87069.757,89522.383,92060.115,94691.585,97411.263,100256.234,102474.027,105111.48,107941.306,110958.706,114076.572,117238.417,120428.988,123650.694,126926.336,130183.753,133503.942,136843.369,140223.713,143682.614,147187.053,150714.026,154256.043,157848.262,161454.501,165047.747,168504.623,171845.506,175176.802,178533.329,181869.93,185132.265,188424.211,191663.277,194947.058,198236.597,201539.517,204869.178,208203.012,211450.565,214558.771,217596.809,220598.994,223577.996,226518.019,229335.279,232408.021,235495.283,238629.392,241686.415,244753.641,247857.003,251083.061,254313.989,257390.944,260363.854,263234.644,266020.192,268673.124,271230.569,273748.193,275881.538,277634.568,280026.489,282353.644,284622.217,286820.254,288953.311,291019.733,293013.824,294942.394,296810.902,298628.594,300392.729,302109.24,303767.906,305365.338,306904.858,308387.977,309804.919,311157.321,312437.47,313645.852,314776.713,315831.911,316804.92,317694.306,318498.841,319225.198,319884.107,320462.393,320963.506,321386.717,321740.016,322030.724,322257.813,322426.18,322541.506,322598.358,322608.985,322569.202,322489.463,322367.877,322211.84,322025.315,321805.953,321557.255,321275.994,320962.638,320620.046,320248.459,319851.135,319426.154,318969.798,318479.673,317962.645,317409.417,316833.139,316217.123,315571.55,314893.496,314191.692,313460.508,312696.807,311902.971,311083.295,310236.879,309362.571,308461.398,307540.153,306596.177,305625.545,304633.507,303617.802,302583.117,301534.476,300473.885,299393.801,298298.057,297192.662,296074.174
Iran (Islamic Republic of),IR,IRN,Cement production,kt cement,66.173009,51.467896,66.236393,65.941635,132.346019,220.576698,316.106806,411.743169,580.851971,793.998246,742.682745,742.608216,742.542353,742.608216,786.777217,1397.065599,1396.985753,1941.074941,2345.465554,2573.394808,2852.791959,3374.706859,3492.464383,4521.822306,5367.366314,6102.621974,7256.811069,11999.372363,7541.452055,7849.041096,9007.723288,10058.046575,10797.019178,11624.109589,12258.39726,12425.29589,12623.89863,12279.542466,12757.69589,14689.668493,15135.789041,15143.671233,16073.156164,16739.736986,17381.534247,17753.356164,19113.616438,20019.813699,21757.284932,23586.673973,26184.408219,28134.183562,29557.383562,31795.230137,32557.969863,34862.109589,39191.205479,43651.315068,49379.0,60137.0,65158.0,69210.536,71297.514,67258.4037,59841.798529,56580.425709,54142.639882,54661.918829,59819.800589,68344.3,64493.0,58900.0,71000.0,72000.0,72506.22945758751,72762.0997689573,73025.99412419702,73318.85287631195,73611.64935348423,73913.75840848807,74170.40703249801,74411.27669191906,74632.72836243515,74844.16450333816,75047.65260582401,74859.62937123954,74661.7462633991,74464.92834948192,74264.22891373833,74051.80224315662,73801.51015499668,73556.35575809958,73309.87023235358,73066.31058836551,72817.64591311512,72518.21892872563,72219.01028041399,71908.20445792943,71592.37643606472,71261.96861053072,71214.44713422019,71142.57184640648,71047.81647179616,70928.06013640294,70781.63216898005,70596.48461251997,70386.18897213308,70152.81487541931,69897.56155054795,69613.54721094479,69301.24799081509,68967.46304401637,68613.94390369768,68243.37598490775,67854.08332658953,67452.97673431573,67039.81770703376,66616.09437739005,66177.53826746624,65728.7708279482,65275.63172161644,64816.14227773305,64351.39363796204,63879.73433680382,63408.25847035543,62936.71568029898,62466.19189814874,61996.36516647007,61529.65120078237,61067.43565544349,60609.80273431583,60158.81089199705,59715.69029611512,59280.25894404133,58851.17306755105,58428.89700533482,58013.38547238298,57606.9619461355,57207.71119522932,56814.33161193696,56426.00819279083,56041.49136946613,55661.61155999073,55283.35010096818,54907.05008822725,54528.6731862799,54148.90159563089,53768.47462088065,53389.04454088756,53004.28017137929
Iran (Islamic Republic of),IR,IRN,Population,,16713.177,17129.372,17559.495,17996.734,18455.664,18945.94,19462.832,19990.852,20542.169,21151.382,21789.486,22461.965,23153.849,23884.162,24641.556,25432.4,26226.14,27030.725,27844.056,28702.907,29587.292,30470.849,31371.508,32308.167,33284.759,34321.187,35353.355,36513.006,37740.063,39109.842,40574.806,43403.818,45140.463,46918.607,48669.389,50495.189,52396.901,54250.084,55895.305,57514.522,59245.661,60728.2,61641.766,61165.321,61875.875,62535.259,63227.34,64051.936,64987.782,65902.999,66934.319,67969.691,68052.943,69485.737,71026.895,72630.015,74155.479,75049.816,75978.591,76937.059,77904.626,78862.571,79878.588,80950.783,82053.308,83185.416,84439.04,85614.468,86621.528,87481.767,87965.119,88945.856,90102.637,91114.777,92020.698,92814.664,93522.331,94154.96,94725.087,95245.11,95728.223,96193.233,96637.689,97063.614,97478.485,97880.019,98270.632,98646.979,99009.66,99355.945,99692.61,100014.826,100319.326,100604.859,100870.326,101110.9,101328.477,101519.547,101684.311,101812.773,101911.214,101973.431,102001.165,101991.561,101942.304,101851.928,101722.391,101556.275,101355.063,101109.613,100831.544,100517.643,100170.221,99792.875,99383.391,98947.492,98488.889,98009.69,97504.173,96978.701,96435.921,95879.207,95310.177,94726.661,94138.614,93542.639,92943.9,92342.098,91740.769,91142.026,90545.691,89955.341,89372.893,88798.265,88229.711,87669.737,87116.601,86573.779,86038.683,85509.58,84987.599,84468.705,83954.206,83439.842,82926.194,82408.894,81888.62,81366.455,80844.813,80314.491
Iraq,IQ,IRQ,Cement production,kt cement,73.525566,102.935792,176.205987,198.28071,316.442724,492.621292,602.909641,669.08265,661.730094,617.614754,933.774688,889.659348,941.127244,1095.530933,1286.941745,1345.517857,1396.985753,1397.245609,1382.28064,1360.22297,1852.373579,1904.075891,1816.081479,1816.081479,2382.228337,2727.798497,3168.951892,4603.099311,5102.674277,5499.2697,5602.008627,5595.295569,5595.295569,7984.876462,7984.876462,7984.876462,9976.72748,10521.508488,12520.77709,10000.0,5000.0,2000.0,2000.0,2000.0,2108.0,1600.0,1700.0,2000.0,5000.0,6000.0,6000.0,6834.0,1901.0,2500.0,3000.0,3500.0,4500.0,6453.0,7000.0,8000.0,10000.0,10000.0,12000.0,9000.0,10000.0,13000.0,14000.0,24000.0,27000.0,28000.0,29000.0,32400.0,32400.0,32400.0,33110.08931768915,33723.65815971856,34362.74042560802,35011.42024537444,35683.08437143332,36426.25031087061,37127.42856526381,37836.31207522827,38574.35845713118,39307.55746755153,40044.64625363283,40472.99190538548,40930.24918524108,41369.09055595382,41813.72753540324,42281.00711063,42680.65207822592,43072.4350314514,43466.20878040529,43850.42119622498,44234.89615962521,44568.46103071561,44898.67818603641,45246.06785524495,45590.22788971051,45944.69058070869,46456.08923048849,46975.73976822994,47470.40812768602,47983.11460203656,48483.93183305601,48970.92423379896,49459.42794255489,49933.03806021377,50395.57143595161,50851.26390603218,51329.29736516981,51779.39478432089,52217.81074305181,52670.77276811975,53110.33667193858,53536.15616853938,53974.29270051572,54366.59621270929,54748.88593233178,55131.12853874021,55500.47149983282,55860.56674117394,56221.682517279,56587.45474273297,56914.2438709335,57201.34616248598,57495.93048365783,57771.63483205911,58067.12021119367,58366.11436628074,58636.56057266146,58906.70478053339,59165.61850490692,59409.94662674438,59633.96926923982,59875.58172364091,60111.84479206555,60306.80393844484,60497.68203331946,60692.37091210826,60850.70422488032,61016.90822781169,61193.84586987177,61354.74314782277,61486.27355233086,61610.88337796118,61733.92112148937,61841.94321091793,61936.04031753697,62032.35715106922
Iraq,IQ,IRQ,Population,,5710.08,5838.178,5987.835,6140.661,6298.271,6434.286,6580.714,6686.037,6797.318,6943.441,7100.663,7288.443,7539.307,7796.549,8062.584,8341.697,8628.511,8929.227,9240.806,9565.906,9905.315,10250.303,10610.024,10981.714,11353.807,11733.472,12121.83,12540.262,12966.449,13374.282,13809.701,14203.062,14609.103,15072.006,15549.459,15817.401,16330.889,16711.208,17106.429,17622.656,17539.755,17994.752,18606.938,19795.452,20484.162,21167.559,21835.084,22518.103,23250.696,24022.358,24825.754,25569.927,26443.192,27162.125,27993.632,28821.265,28411.764,28371.45,29570.621,30545.791,31544.941,32777.906,34531.779,36032.199,37067.919,38053.15,38886.104,39788.603,40742.646,41641.695,42591.514,43550.907,44590.195,45557.903,46526.127,47515.421,48499.453,49475.393,50446.504,51440.155,52434.261,53434.479,54472.301,55497.957,56527.323,57544.505,58598.968,59619.538,60644.924,61704.428,62741.994,63756.337,64765.349,65748.645,66726.893,67681.461,68618.661,69577.509,70522.727,71476.409,72381.091,73293.739,74164.85,75059.52,75933.037,76793.175,77652.184,78485.533,79299.211,80099.843,80940.539,81736.026,82511.163,83306.115,84078.456,84833.069,85604.339,86303.408,86985.144,87664.938,88326.96,88972.921,89618.706,90270.03,90859.751,91388.471,91927.138,92435.141,92972.277,93513.514,94010.344,94505.42,94981.861,95434.487,95854.429,96301.696,96739.554,97112.097,97477.203,97847.203,98160.745,98485.505,98826.019,99140.544,99408.249,99665.367,99919.065,100148.33,100354.865,100563.971
Ireland,IE,IRL,Cement production,kt cement,426.448283,463.211065,470.563622,595.797131,669.08265,713.437238,522.031518,522.031518,624.967311,742.364738,595.557084,757.313329,801.428669,970.537471,1051.415593,1109.966702,1294.049961,1353.148839,1271.992291,860.249122,1499.921545,1470.511319,1573.447111,1536.684328,1558.741998,1566.094555,1580.799668,1808.728922,2066.345059,1867.288581,1941.074941,1580.799668,1485.216432,1374.928083,1455.806206,1396.985753,1448.453649,1683.942384,1624.915008,1630.0,1600.0,1600.0,1450.0,1623.0,1730.0,1933.0,2100.0,2000.0,2466.0,2620.0,3450.0,3320.0,3830.0,5000.0,5083.0,4981.0,4700.0,4493.0,2797.0,2379.0,2103.0,1198.0,2000.0,2200.0,2980.0,3300.0,3300.0,4000.0,3700.0,3400.0,3500.0,3600.0,3600.0,3600.0,3448.981567381881,3465.658013792766,3480.883025013586,3496.347880729671,3511.752883487052,3521.85153784729,3529.523330889642,3537.259506180069,3544.68025948482,3551.084906045754,3556.977206327899,3544.690071875443,3532.980874349527,3521.859410529393,3510.647489087939,3498.689859450505,3485.837822679312,3472.819344968888,3458.56960441732,3444.064296921677,3429.833739446081,3414.38493834475,3397.904535157528,3381.834518945576,3366.104087779164,3349.521010050167,3349.607935384968,3348.383915965372,3346.87721975876,3344.138541356352,3341.108559616339,3336.145827742089,3332.122056738005,3325.558026942063,3318.008935661725,3308.817857502127,3299.595121252129,3290.773345688925,3282.214805250011,3273.153298662983,3263.037818559108,3252.982297793438,3242.622156696979,3232.250724339166,3221.637033738101,3210.814068763893,3199.857751539113,3189.159743623856,3178.392110190192,3167.603210473902,3156.756621622019,3146.724089547003,3136.749365465615,3127.100156832063,3117.735245485819,3108.425642807727,3100.774274158991,3093.748236983134,3085.911117605642,3077.532212447791,3069.037722512477,3060.446242820575,3052.023134448914,3042.865737645226,3033.016843668669,3022.715468540125,3011.751682250114,3000.784374262945,2989.640136562061,2978.198069115918,2966.598117367172,2954.762513359955,2941.85669962912,2928.68166622155,2915.142351750257,2901.31845993407
Ireland,IE,IRL,Population,,2926.536,2947.192,2935.733,2922.428,2907.919,2891.157,2876.352,2861.846,2846.153,2832.282,2823.097,2826.288,2836.703,2849.365,2864.968,2881.337,2896.437,2914.403,2931.186,2950.319,2972.488,3013.753,3060.553,3108.316,3156.039,3204.198,3252.605,3302.907,3355.459,3396.143,3434.336,3463.317,3487.755,3507.46,3524.449,3538.092,3545.643,3535.118,3515.073,3507.068,3520.968,3547.552,3569.29,3582.954,3597.359,3624.035,3652.983,3691.602,3730.545,3775.33,3829.84,3896.122,3960.764,4025.106,4107.023,4203.545,4334.01,4453.016,4518.983,4548.521,4569.639,4589.566,4610.698,4638.675,4677.802,4727.172,4779.834,4840.687,4904.424,4962.558,5002.655,5054.196,5165.835,5227.425,5282.61,5333.468,5380.432,5425.344,5467.898,5507.049,5543.138,5578.18,5612.0,5643.415,5673.181,5700.556,5727.845,5755.114,5781.397,5805.333,5829.807,5853.165,5873.31,5891.627,5909.238,5924.634,5937.026,5948.677,5959.674,5967.553,5972.531,5975.144,5977.161,5976.95,5976.132,5971.711,5968.816,5961.441,5952.269,5940.162,5927.669,5915.79,5904.29,5891.842,5877.489,5862.776,5847.475,5832.097,5816.241,5799.965,5783.02,5766.484,5749.786,5733.011,5716.096,5700.282,5684.54,5669.339,5654.608,5639.947,5627.996,5617.121,5604.805,5591.519,5578.01,5564.194,5550.656,5535.811,5519.733,5502.841,5484.62,5466.376,5447.804,5428.691,5409.283,5389.235,5367.288,5344.852,5321.759,5298.149
Israel,IL,ISR,Cement production,kt cement,441.153396,448.505952,463.211065,566.146858,661.730094,610.262197,720.550546,713.19799,779.370999,808.781225,845.544008,955.832357,1021.549114,1095.092018,1257.287178,1169.371863,801.428669,1102.590714,1308.431285,1382.586454,1404.33831,1544.036885,1257.525979,1794.362177,2190.653009,1999.895394,1963.132611,1992.542837,1919.35212,1838.139149,2058.715847,2191.395563,2058.400528,2066.387536,2021.654972,2058.715847,2227.824648,2323.124403,2286.645101,2870.0,3550.0,3960.0,4536.0,4800.0,6204.0,5600.0,5400.0,6476.0,6354.0,5703.0,4700.0,4584.0,4632.0,4494.0,5092.839,5088.88,5000.0,4819.0,4759.0,5139.0,5480.0,5892.0,6398.0,6603.0,6904.0,7150.0,6361.0,5858.0,5000.0,5250.0,5700.0,6065.0,6065.0,6065.0,6158.784212732354,6231.268689145973,6309.820557269349,6391.05733086135,6477.623535686865,6568.786655591237,6666.019997215056,6763.930160573996,6858.380332096947,6953.115338909737,7048.670897767992,7105.889460324731,7160.119059875768,7218.984213233464,7278.855305988422,7339.638656164214,7393.915265922597,7450.115223766802,7508.763773507524,7567.766670921923,7628.168781698952,7680.615405144977,7735.168156392619,7787.366295602148,7840.161139409701,7895.732217942596,7985.041760819978,8073.265354862358,8162.268901124745,8251.812684725537,8344.175293987464,8433.699209829656,8520.354656251411,8606.503090225151,8691.260864021891,8774.795911238083,8861.173600788889,8943.306909800802,9024.391109678254,9108.776165883615,9187.220175807573,9268.67197637551,9347.361733346648,9427.897924397137,9508.164023515326,9591.084572191558,9673.69907474289,9753.637321856571,9826.054203173426,9901.83433727294,9979.5277474994,10058.90130763993,10137.51023294015,10221.76173622666,10305.10423976556,10386.7773607306,10470.95128520847,10550.05741367517,10626.84285724689,10704.79344798127,10784.7237472618,10861.25304131489,10936.21436475425,11007.6153951786,11076.42332844121,11141.40399703617,11210.22236546723,11279.1378978408,11347.1959753516,11414.80417910658,11477.23157359386,11537.54921782104,11597.84979590441,11652.9790995383,11707.08629918813,11763.76007249581
Israel,IL,ISR,Population,,1320.504,1383.101,1445.332,1507.319,1568.752,1630.242,1691.023,1750.039,1807.973,1864.707,1919.162,1994.607,2087.315,2182.767,2280.943,2381.959,2485.711,2591.603,2699.337,2808.977,2920.578,3034.022,3124.78,3201.309,3278.653,3357.525,3439.009,3520.227,3600.564,3681.184,3762.146,3842.329,3924.935,3994.324,4073.146,4137.572,4200.369,4273.37,4341.27,4421.75,4668.248,4891.531,5022.945,5149.145,5284.254,5425.223,5573.88,5719.066,5861.214,6030.947,6191.434,6328.53,6446.909,6558.731,6671.444,6784.968,6903.095,7021.815,7143.426,7268.766,7404.704,7537.341,7678.22,7820.538,7973.82,8131.997,8288.014,8435.579,8584.554,8730.394,8870.358,9015.491,9190.811,9321.817,9452.225,9582.136,9713.242,9844.535,9976.821,10107.994,10243.915,10381.964,10516.151,10650.976,10787.829,10928.415,11066.342,11211.013,11357.806,11507.411,11655.537,11805.713,11959.31,12112.254,12267.267,12416.856,12568.444,12716.506,12864.581,13016.424,13169.02,13319.811,13471.781,13624.552,13781.773,13935.098,14083.762,14231.545,14377.034,14520.499,14669.042,14810.707,14950.617,15095.757,15231.294,15371.883,15507.967,15646.954,15785.446,15928.151,16070.524,16208.533,16334.372,16465.569,16599.795,16736.835,16872.592,17017.404,17160.708,17301.277,17446.04,17582.578,17715.324,17849.91,17987.656,18120.112,18249.989,18374.063,18493.896,18607.488,18727.503,18847.629,18966.321,19084.24,19193.717,19299.945,19406.095,19503.805,19599.804,19699.919
Italy,IT,ITA,Cement production,kt cement,5580.590456,6654.063719,7830.472774,8756.401113,10661.207063,11337.64227,11947.904467,12823.394752,14403.65837,16013.868264,18028.468771,20168.06274,22086.588499,22837.516724,20690.094258,22417.945058,26255.568902,29461.694276,31343.948765,33071.799565,31799.807274,33461.485064,36306.548716,36306.924466,34233.503507,36328.982136,38204.277399,38233.294294,39284.709887,41769.874016,41549.297319,39726.257342,39211.184321,37777.435785,36674.552296,35938.937006,37255.760345,37880.727955,39380.293123,40000.0,40806.0,41347.0,33771.0,32713.0,33715.0,33327.0,33721.0,35512.0,37299.0,38925.0,39804.0,41722.0,43580.0,45343.0,40284.0,47814.0,47541.637,43030.0,36317.0,34408.0,33120.0,26240.0,23100.0,21500.0,20800.0,19300.0,19300.0,18644.0,19482.0,19818.0,21445.0,21382.0,21382.0,21382.0,20316.35681458952,20252.80362261105,20182.65309439044,20128.50216892839,20083.06646402434,20042.65487790811,20016.69220002237,19990.39266489105,19965.73649097474,19940.23726347607,19913.09175850625,19794.46802498499,19676.97636709097,19558.24642082233,19439.57684007933,19319.52198802787,19195.33027447467,19071.23563983167,18945.35297755382,18817.5802634426,18692.59974494129,18563.09994969114,18433.83595974376,18302.83366987195,18172.75292866295,18042.26310558783,18001.5300607193,17957.73736817008,17909.84733150533,17855.68505379359,17797.87502537075,17731.82922644717,17660.18161745118,17586.19004885756,17508.01424178294,17427.22821068838,17342.18842744812,17254.9548549705,17166.49062345687,17079.87495679108,16993.10700620323,16903.23250414364,16815.85142488299,16730.87239060518,16645.48133822343,16561.39070555357,16476.5971101416,16395.64961399048,16315.90996949093,16239.61664897466,16164.73922079358,16093.42280056752,16025.15444292743,15958.93251814811,15893.30454356542,15828.35813805607,15764.10253680569,15700.8565375089,15637.90210501907,15576.88752943277,15514.82665273101,15451.71796832607,15390.27540933129,15327.17401233831,15264.32770727136,15199.8996143593,15133.94336193146,15068.80022393422,15001.29432098817,14936.19330830214,14870.06210315386,14799.52926889155,14728.67606481287,14656.84972349992,14586.86489667809,14514.74055589695
Italy,IT,ITA,Population,,46608.218,46895.58,47140.779,47680.991,47983.479,48278.157,48525.746,48788.322,49065.876,49373.015,49656.095,49974.404,50366.775,50775.178,51263.979,51697.476,52140.658,52536.01,52888.301,53231.973,53548.498,53867.091,54268.034,54633.1,55009.127,55322.963,55595.868,55833.242,56044.689,56220.071,56604.098,56689.402,56748.949,56783.274,56837.431,56873.57,56878.405,56905.447,56952.055,57001.455,57061.452,57089.335,57160.644,57180.883,57659.393,57147.294,57176.889,57201.66,57228.729,57252.868,57291.525,57319.996,57521.259,57958.139,58395.336,58644.05,58864.816,59352.624,59770.744,60037.277,60291.149,60444.61,60618.42,60689.317,60639.026,60511.606,60444.609,60336.027,60218.97,60041.302,59784.236,59674.464,59563.765,59435.141,59250.593,59041.927,58810.406,58567.152,58324.514,58077.538,57814.606,57545.634,57287.368,57025.527,56756.306,56483.705,56213.683,55935.669,55656.847,55365.78,55076.555,54787.339,54484.576,54162.968,53845.728,53515.213,53176.95,52820.76,52460.81,52085.96,51696.237,51302.781,50901.372,50483.376,50059.662,49625.326,49177.24,48728.348,48271.533,47812.93,47355.989,46898.236,46443.197,46002.03,45567.047,45138.316,44724.302,44324.297,43928.035,43541.38,43165.283,42806.721,42456.284,42121.404,41794.897,41488.536,41195.336,40911.73,40632.742,40358.569,40093.17,39833.293,39576.517,39328.101,39078.327,38832.484,38593.706,38351.356,38111.51,37868.355,37628.835,37393.269,37151.743,36919.07,36684.557,36446.338,36208.249,35968.296,35735.052,35496.387
Jamaica,JM,JAM,Cement production,kt cement,0.0,73.525566,102.935792,95.583236,110.288349,132.346019,147.051132,175.985721,198.519028,213.224141,213.224141,198.519028,198.519028,279.145441,308.4294,352.555471,338.217603,411.743169,411.390045,441.477535,426.448283,419.095726,404.390613,404.195632,404.390613,367.442813,330.865047,294.102264,227.831389,147.051132,161.756245,213.224141,279.397151,264.692037,242.634368,242.634368,308.807377,367.62783,433.800839,442.0,384.0,475.0,451.0,445.0,523.462,555.125,588.288,557.991,501.148,521.344,596.247,613.981,607.682,808.07,844.843,760.815,773.019,724.528,736.56,723.489,766.274,760.296,824.893,830.061,807.817,911.325,845.932,787.411,758.829,940.005,979.297,957.204,962.55,870.649,821.6976653507184,823.6812907606785,825.2563350784126,827.0105038420833,829.0628650265023,831.6438635085584,832.4464880382802,833.4131800839424,834.3949452957205,835.4583948558846,836.5559929494758,831.9702870748681,827.4924926085577,823.0978870670274,818.8693921281757,814.6811799675975,811.0274407084386,807.358584828636,803.6092903529801,799.7652682027208,795.8284910267206,792.3920985970534,788.7950172737619,785.0639350286915,781.3087205158453,777.4829677799829,778.9554652734187,779.8558467433139,780.1674555028652,779.8563244191071,778.936476278799,778.3615493186426,777.1765078106138,775.5330002423767,773.2608348216984,770.4790514846815,767.8176112713685,764.6566221962938,760.9142057315343,756.7227114903222,751.987596289586,747.0593728179666,741.834540127429,736.112530088953,729.9082442732052,723.3203124934048,716.448185777776,709.1377817333317,701.3721533434262,693.2995470912902,684.8414766150308,676.3192115316368,667.5556764755535,658.5163134681618,649.3878869380616,640.0191530652561,630.5562375393821,621.1054572381065,611.6046216927264,602.1906122023044,592.6611242780282,583.1291646783503,573.702087072609,564.365303395557,555.118148814624,545.9589436773394,536.9799017048983,528.1168939786047,519.4275927983139,510.9046589138694,502.5629307411508,494.4202657649494,486.4309505448742,478.5586518837541,470.83245117584,463.2423213366645
Jamaica,JM,JAM,Population,,1429.088,1465.851,1496.836,1522.637,1544.258,1563.164,1580.781,1598.572,1617.957,1638.512,1661.499,1685.022,1708.842,1733.355,1757.781,1780.603,1802.346,1823.384,1844.147,1866.107,1890.285,1917.172,1945.911,1976.528,2005.283,2032.679,2058.477,2082.838,2106.834,2132.138,2159.178,2188.458,2219.319,2250.345,2278.779,2302.533,2321.717,2337.909,2353.645,2370.187,2389.567,2412.17,2437.232,2462.599,2487.842,2512.459,2536.466,2559.23,2580.242,2599.348,2616.304,2632.502,2648.641,2664.605,2679.845,2694.286,2707.649,2719.952,2731.317,2742.673,2754.462,2766.525,2778.335,2789.039,2798.459,2806.609,2813.221,2818.306,2821.889,2824.653,2836.825,2838.538,2839.75,2839.822,2838.528,2835.627,2831.18,2825.879,2819.856,2812.938,2804.969,2796.257,2786.016,2774.93,2762.516,2749.352,2734.804,2718.994,2702.643,2685.163,2667.037,2648.094,2628.085,2607.083,2585.253,2562.908,2539.798,2516.241,2492.157,2467.334,2442.546,2417.292,2391.436,2364.784,2337.363,2309.463,2281.099,2252.8,2223.817,2194.558,2164.806,2134.995,2104.745,2074.461,2043.742,2012.494,1981.699,1950.602,1919.197,1887.749,1856.008,1824.21,1792.227,1760.438,1728.537,1697.15,1665.982,1634.872,1604.292,1573.759,1543.488,1513.887,1484.732,1456.343,1428.134,1400.275,1373.122,1346.597,1320.663,1295.284,1270.593,1246.483,1223.073,1200.319,1178.235,1156.789,1135.912,1115.497,1095.6,1076.182
Japan,JP,JPN,Cement production,kt cement,6551.127926,7117.074861,8764.247461,10675.912176,10565.623827,13021.37773,15175.381255,14984.510341,17263.802885,22535.585964,24631.383624,28785.25907,29946.963012,32975.879796,32689.466622,38263.038798,42968.019105,47673.666209,51386.729897,57188.185196,59430.441704,66290.650261,78113.874063,73106.470225,65511.555366,68709.641381,73135.593684,84877.568991,87796.878301,87951.28199,84826.780052,80686.956074,80885.475102,78855.861903,72841.778187,71260.978519,71547.728226,77547.414408,79718.0,84446.0,89564.0,88252.0,88047.0,91625.0,90473.0,94493.0,91937.0,81328.0,80120.0,80995.0,76548.0,71829.0,68765.0,67377.0,69629.0,69944.0,67685.0,62809.0,54802.0,51526.0,51293.0,54740.0,57962.406,57912.568,54826.884,53255.453,55195.379,55307.402,53461.683,50905.385,50083.322,48532.572,44474.838,42028.484,42280.20258620832,42102.32147601976,41898.04095251526,41697.4780983085,41486.78397692991,41301.01459698706,41113.0227706876,40926.22929248474,40741.65052699404,40561.76059351827,40384.93696353675,40405.2257719121,40431.23042434975,40464.23195501902,40503.65288149074,40547.52452729534,40592.24125745219,40641.85662942214,40693.50461736677,40748.94751828367,40809.98642253033,40875.21840553806,40943.58834906811,41021.5068230909,41105.44670156416,41197.36650600941,41122.73328039388,41044.20240683762,40959.53163219937,40871.37764844998,40774.74805626561,40665.2713370491,40548.64642418659,40427.51028266941,40301.35047679157,40167.23044689968,40019.60149950704,39868.2002323679,39713.16224171672,39555.00509095363,39393.85630075968,39217.46004214828,39041.26204498143,38865.83222611812,38689.09384820118,38515.02041700566,38334.02355747741,38160.1315346032,37990.75882516593,37825.92375041579,37669.27077594864,37516.64260377213,37370.81204509697,37230.74851125634,37097.58969556075,36970.67315098361,36847.54439492035,36730.30263970023,36616.22440613437,36506.22653513089,36397.81702657638,36289.31740657517,36182.99012639294,36079.04085947506,35976.22888528271,35873.1937067328,35765.40386617116,35657.60395430703,35547.82385792463,35438.21193115067,35328.93253307533,35210.65733850677,35090.76739208521,34971.90620338012,34851.60817835521,34729.04955047106
Japan,JP,JPN,Population,,87190.012,88509.84,89760.423,90887.945,91927.4,92923.556,93760.459,94457.494,95236.419,96009.537,96789.97,97645.217,98507.594,99408.868,100371.488,101460.551,102315.119,103615.936,104859.006,106091.333,107333.403,108570.656,109907.254,111322.219,112697.169,113945.223,115060.368,116088.186,117065.703,117977.409,118740.103,119248.004,119723.546,120174.347,120594.441,121069.886,121663.583,122223.591,122730.314,123164.512,123635.017,124144.724,124622.691,125057.225,125516.496,125828.834,126121.77,126410.088,126688.274,126914.854,127140.724,127379.572,127589.624,127752.879,127878.669,127947.992,128046.503,128128.861,128183.119,128201.82,128168.73,128024.135,127832.435,127614.856,127358.353,127193.392,127126.51,127002.87,126823.995,126574.852,126034.234,125324.442,124670.714,124071.179,123434.903,122772.055,122083.407,121381.274,120667.422,119948.756,119219.487,118484.683,117743.598,117001.35,116252.152,115500.146,114750.985,114003.817,113263.411,112525.652,111790.955,111053.931,110330.784,109613.978,108905.079,108198.91,107502.251,106813.689,106134.969,105458.719,104787.616,104117.301,103438.959,102762.816,102068.554,101374.15,100663.334,99946.147,99220.835,98476.939,97729.498,96977.794,96222.385,95465.152,94706.563,93941.783,93185.457,92439.351,91696.23,90969.383,90254.159,89568.521,88903.415,88258.546,87645.457,87060.236,86501.088,85964.316,85453.235,84965.379,84494.552,84045.225,83608.569,83187.296,82773.452,82368.102,81971.672,81584.696,81203.259,80823.136,80445.65,80069.798,79689.594,79311.57,78936.2,78559.278,78178.745,77802.525,77423.245,77038.488
Jordan,JO,JOR,Cement production,kt cement,0.0,0.0,0.0,66.173009,88.230679,80.878123,110.288349,110.288349,110.288349,161.756245,220.576698,235.281811,286.749707,308.807377,301.45482,374.980386,323.51249,477.916179,477.916179,374.980386,419.095726,661.730094,617.614754,595.557084,573.499414,536.736631,566.146858,566.146858,624.967311,911.717018,963.184914,794.076112,1271.992291,1985.190281,2021.953064,1794.023809,2264.587431,1830.786592,1926.369828,1820.0,1363.0,3134.0,3514.0,4000.0,3508.0,3512.0,3251.0,2650.0,2687.0,2640.0,3173.0,3558.0,3514.9,3907.6,4045.9,3967.4,4255.0,4375.0,3876.0,3929.0,2816.0,4060.0,4200.0,4400.0,4500.0,4530.0,4680.0,4940.0,3470.0,3320.0,3720.0,4290.0,4290.0,4290.0,4358.508412968155,4381.928094450129,4488.087478697627,4590.105955914742,4697.419141994693,4805.222244330064,4926.082521127671,5047.615533205145,5164.914797852245,5280.7832586602,5395.349487328187,5494.023812763284,5590.142314083814,5687.131803973061,5783.38043812204,5876.762395093402,5982.828691886662,6082.243740801482,6177.103181585762,6270.839391547011,6363.944319770488,6464.708380867714,6558.439393874442,6648.818078538044,6739.039253996984,6824.221877034563,6946.924248385668,7060.412919390323,7175.660341664198,7281.362596461066,7384.961425258877,7498.889112499171,7606.924890334792,7717.751204857313,7825.624451325232,7931.845584559602,8040.637429557099,8148.715013197518,8257.619693532519,8359.403884334677,8455.965143719484,8559.70230414406,8662.002091009601,8755.652468737482,8856.563114011295,8944.175509508852,9039.183879586286,9129.848983525977,9216.964512475131,9301.57324880836,9380.944597787275,9464.969589876677,9542.437777849716,9617.905624529476,9690.144976701786,9763.279889607391,9834.33211619707,9909.139210130808,9978.363043765756,10035.85910068936,10095.29132209325,10159.41342710403,10216.28962912429,10275.15264143246,10332.95593225217,10395.08524451354,10450.0906729235,10513.11653665385,10559.66102368148,10605.11751093428,10642.73000328281,10691.36023179475,10728.41937249495,10767.07506829225,10806.51827466206,10839.23779888566
Jordan,JO,JOR,Population,,454.166,488.136,524.753,563.444,604.247,646.887,691.315,737.395,784.249,830.969,875.973,919.208,961.901,1007.527,1063.754,1135.127,1221.592,1320.774,1424.147,1522.052,1608.274,1682.015,1747.096,1809.092,1869.272,1928.838,1987.515,2050.489,2116.702,2191.062,2277.311,2373.723,2480.13,2594.485,2714.891,2842.729,2977.044,3118.224,3267.854,3431.4,3812.416,4017.883,4237.502,4458.537,4664.275,4839.917,4985.115,5107.455,5221.114,5331.775,5442.116,5555.672,5676.461,5807.196,5956.927,6102.248,6752.494,6901.96,7077.772,7205.735,7388.352,7572.496,7601.759,8381.859,9201.562,9887.896,10124.837,10343.615,10580.997,10762.786,10967.669,11165.043,11347.484,11530.943,11574.809,11466.56,11712.505,11926.422,12142.498,12348.965,12548.587,12756.521,12953.352,13148.087,13342.249,13539.419,13737.101,13943.387,14153.246,14360.147,14582.447,14786.577,14980.728,15174.872,15372.207,15571.76,15752.885,15930.391,16112.39,16282.67,16452.039,16598.296,16756.397,16890.234,17023.115,17167.335,17300.079,17446.916,17590.125,17733.193,17871.248,18012.44,18160.581,18293.094,18415.315,18550.535,18685.958,18802.023,18941.062,19048.279,19171.27,19286.35,19395.606,19501.991,19598.444,19704.891,19798.211,19889.703,19976.195,20067.614,20152.745,20249.541,20335.375,20395.751,20463.125,20541.192,20604.519,20674.572,20744.11,20825.36,20890.527,20975.614,21024.926,21073.46,21106.015,21163.94,21197.559,21236.194,21277.928,21306.183
Kazakhstan,KZ,KAZ,Cement production,kt cement,785.754928,895.068735,1014.483716,1208.610516,1432.766387,1586.201119,1846.205535,2130.881793,2484.600238,2919.893487,3266.595619,3686.549532,3929.086301,4186.944172,4673.813823,5171.449938,5486.641197,5672.524662,5828.331516,6189.997727,6550.898629,6842.075731,7216.61117,7624.026729,8119.024141,8201.606422,8323.409625,8252.617531,7934.839971,8002.647839,8135.620131,7910.172708,8193.522327,8317.845989,8352.355652,8613.410994,8738.956315,8851.697545,8890.275261,8652.723673,8148.489505,6400.0,4000.0,2000.0,2616.0,1120.0,661.0,600.0,838.0,1175.0,2029.0,2129.0,2569.7,3662.0,3974.8,4880.2,5698.6,5837.0,5694.0,6686.0,7642.0,7050.0,7072.0,8140.0,8729.0,9204.0,9398.0,9913.0,10268.0,10962.0,12313.0,12088.0,12088.0,12088.0,13019.08834685794,13182.89595658532,13318.04649629136,13455.63213199015,13594.06259271393,13733.78151574628,13857.46235499099,13984.34114998048,14117.22407181773,14250.07923709629,14384.62899396493,14470.7161258664,14559.70788945541,14648.32275587658,14739.76103235442,14832.92573137067,14927.30849288929,15020.07257719065,15114.85812397937,15212.36571635915,15310.26241816618,15405.42717599609,15500.43846539882,15599.78468156007,15698.44604888754,15793.5416423865,15921.12218201084,16047.12531298567,16172.32762580962,16296.45515737413,16413.72062790842,16531.46511465031,16646.34189180542,16751.21204984021,16855.41649491938,16959.33379357004,17059.68737264533,17159.05687225885,17255.90154026238,17352.17398608967,17446.74622787637,17541.92932597619,17632.56863173737,17720.83938677529,17809.97005983657,17903.63487393829,17993.62820204748,18082.63683894663,18169.60203720662,18255.3283521207,18344.92338423258,18432.32182310968,18519.1859213194,18605.57827439976,18692.3039185751,18771.50621356219,18852.77833298372,18933.85414605896,19007.97914330797,19087.65523721345,19162.9220491152,19236.07840382894,19308.77494774828,19380.88867859361,19446.37088092813,19510.35856160239,19572.46828179004,19633.06526733146,19689.53369190182,19748.97785329105,19806.78912843463,19864.90568291253,19918.41531793553,19965.15053180688,20010.26012278008,20054.59339632428
Kazakhstan,KZ,KAZ,Population,,6902.639,7139.178,7378.44,7618.54,7865.521,8121.741,8391.662,8676.138,8969.144,9275.206,9584.756,9899.413,10218.444,10536.487,10844.132,11142.235,11435.744,11733.113,12025.251,12287.173,12550.941,12818.685,13084.911,13331.332,13577.809,13823.876,14173.6,14532.93,14890.064,15067.328,15238.569,15407.594,15577.596,15753.506,15935.736,16126.443,16398.962,16656.468,16905.869,17088.157,17219.952,17337.248,17328.001,17220.974,16866.569,16594.503,16237.551,15848.95,15446.621,15465.128,15537.077,15614.023,15699.332,15795.429,15904.89,16031.343,16176.088,16338.34,16514.71,16724.982,16948.639,17183.366,17428.846,17684.158,17948.412,18219.926,18507.273,18796.589,19068.864,19350.246,19613.988,19873.218,20196.0,20464.208,20720.934,20966.575,21200.678,21431.677,21663.609,21890.421,22115.965,22338.117,22567.174,22791.582,23014.843,23237.06,23461.102,23681.374,23905.413,24130.36,24363.286,24591.958,24823.991,25058.049,25292.41,25527.102,25758.65,25992.857,26220.823,26436.975,26651.554,26863.488,27074.071,27282.847,27480.173,27678.495,27872.014,28048.831,28224.513,28399.692,28569.196,28737.023,28900.605,29063.199,29222.925,29383.827,29537.11,29686.403,29837.094,29995.317,30147.487,30297.977,30445.021,30589.963,30741.332,30889.102,31035.946,31181.97,31328.52,31462.474,31599.981,31737.126,31862.625,31997.367,32124.711,32248.632,32371.749,32493.858,32604.849,32713.309,32818.713,32921.551,33017.45,33118.291,33216.369,33315.008,33405.907,33485.44,33562.22,33637.669
Kenya,KE,KEN,Cement production,kt cement,22.05767,29.410226,36.762783,73.525566,132.346019,183.813915,205.871585,220.576698,316.685116,352.390405,330.360679,346.053475,345.57016,419.095726,484.548752,485.932578,477.916179,543.382579,640.422333,794.076112,794.076112,801.428669,794.819629,852.896565,897.011905,985.242584,1146.998829,1124.166939,852.276277,1271.240078,1301.402517,1301.402517,1278.339073,1161.703942,845.544008,1308.755074,1322.522892,1242.582065,1213.171838,1510.0,1423.0,1508.0,1417.0,1452.0,1566.0,1816.0,1506.0,1426.0,1440.0,1367.0,1319.0,1463.0,1658.073,1789.102,2123.256,2174.09,2545.661,2829.0,3320.282,3709.806,4478.428,4639.723,5059.129,5860.537,6338.185,6707.23,6230.291,6029.934,5967.187,7406.915,9247.745,9791.433,9616.051,8852.563,10497.06098212707,10839.2973031721,11215.68337533848,11588.20542623243,11975.1795581243,12378.49748472027,12696.22043393844,13017.16013916789,13327.19820733763,13627.91257042539,13920.29277693383,14290.22965619171,14649.04401633062,14997.51762131457,15336.99143555402,15667.62885547176,15932.52094102856,16190.17046052294,16441.12258619323,16686.50675842551,16929.69971143819,17096.09926981907,17266.52332090719,17446.32755866468,17633.76553715868,17827.37364365377,18350.06434319662,18856.29343358721,19346.6635360105,19822.48562556731,20284.4338983472,20791.60037680395,21281.65428764859,21757.17454555199,22217.82083742567,22663.66755511206,23144.85764118688,23608.66321017515,24055.56180523991,24485.04527075627,24899.02117139132,25331.71442104595,25748.22132260944,26150.2827211654,26539.39012625128,26914.89661420218,27307.14782018624,27685.29651454795,28049.68413849631,28398.79783711298,28734.99551503389,29080.8566105828,29413.98631183407,29733.12678975772,30039.24175140171,30333.70806687033,30634.85407026447,30922.13219783996,31196.83934032975,31460.52699235462,31712.82727028107,31968.57272276152,32213.61862654116,32447.64393548622,32672.17453673708,32886.8806094531,33102.89283128283,33307.19289013343,33501.06390504158,33683.70919290082,33856.9276966024,34031.19164192829,34195.91476217016,34348.49935087773,34493.83887286448,34628.78381046629
Kenya,KE,KEN,Population,,5826.695,5960.456,6106.133,6261.648,6434.634,6623.959,6831.421,7058.315,7291.263,7554.227,7836.387,8139.152,8459.465,8796.477,9150.594,9525.563,9910.069,10312.044,10725.601,11153.789,11583.794,11994.014,12418.107,12851.563,13288.593,13734.748,14180.498,14677.14,15191.111,15730.221,16306.697,16896.318,17516.032,18176.715,18853.097,19550.438,20252.854,20979.339,21733.099,22503.769,23281.534,24011.493,24753.426,25480.95,26233.31,26970.193,27718.229,28485.306,29290.809,30176.006,31109.774,32128.566,33131.051,34173.395,35253.516,36339.452,37468.564,38604.135,39808.568,41009.214,42187.919,43329.003,44447.603,45525.978,46576.903,47600.149,48679.225,49716.306,50697.909,51707.746,52726.921,53711.41,54793.511,55884.494,56981.395,58083.59,59189.233,60302.272,61418.617,62539.756,63664.735,64795.5,65922.569,67047.052,68162.208,69269.61,70368.161,71452.641,72529.227,73586.305,74631.421,75657.282,76666.166,77652.082,78617.878,79559.793,80484.958,81392.336,82282.993,83160.549,84025.929,84877.417,85711.113,86530.78,87335.077,88129.227,88910.52,89689.615,90455.869,91203.646,91935.514,92652.231,93349.988,94020.161,94669.848,95295.12,95901.567,96481.272,97039.884,97571.6,98079.711,98565.909,99029.404,99460.528,99869.307,100255.933,100625.642,100970.358,101292.88,101597.898,101889.35,102156.022,102402.151,102633.005,102845.566,103044.862,103230.403,103399.436,103556.964,103700.415,103827.84,103935.007,104025.997,104096.768,104153.462,104197.492,104228.055,104234.533,104234.482,104215.393
Kiribati,KI,KIR,Cement production,kt cement,,,,,,,,,,,0.0,0.0,0.0,0.0,0.0,0.0,0.0,0.0,0.0,0.0,0.0,0.0,0.0,0.0,0.0,0.0,0.0,0.0,0.0,0.0,0.0,0.0,0.0,0.0,0.0,0.0,0.0,0.0,0.0,0.0,0.0,0.0,0.0,0.0,0.0,0.0,0.0,0.0,0.0,0.0,0.0,0.0,0.0,0.0,0.0,0.0,0.0,0.0,0.0,0.0,0.0,0.0,0.0,0.0,0.0,0.0,0.0,0.0,0.0,0.0,0.0,0.0,0.0,0.0,36.11021225332801,36.82061741363559,37.3211762553911,37.70524216852135,38.09209709762504,38.6064113991365,39.9278557074936,41.15386138763531,42.294327597046,43.36422192120877,44.38931356782759,45.76169996171322,47.03727255441797,48.22928335010322,49.33691106147756,50.38078376862411,51.74655632870692,52.99286117268917,54.13639738008183,55.20163161951911,56.18093129514466,57.42534057352952,58.54635208072998,59.58631388208341,60.55861552652019,61.47473687111119,63.20394483090422,64.81489922517811,66.34637273655277,67.7801874230113,69.15256840343419,70.80904387260732,72.36153490272932,73.81561098134584,75.18076194474234,76.47211301114154,77.9694717813444,79.34975933609122,80.61727847387202,81.81189551856134,82.9154057678043,84.16623688299637,85.29821618802252,86.35774622279648,87.32728736770423,88.20901606658872,89.17876646432032,90.06758745724254,90.87572185638605,91.63016642029531,92.33959667901188,93.09039137473574,93.77804534286777,94.39698947016132,94.99064277966163,95.55098748812665,96.12816402795559,96.65633459928598,97.15401530288678,97.62151247454243,98.0556983910868,98.49364447670008,98.89334659234338,99.27320434970544,99.61459548345594,99.91868458188384,100.2427323973596,100.5375989887732,100.7801584529488,100.9887201665903,101.1757268379925,101.3383352015635,101.4779688956006,101.5928353654709,101.6867125136854,101.7650132386332
Kiribati,KI,KIR,Population,,38.228,39.016,39.836,40.691,41.573,42.508,43.474,44.475,45.498,46.589,47.724,48.922,50.155,51.428,52.748,54.13,54.72,55.272,55.786,56.934,58.086,59.218,60.338,61.309,61.13,60.844,60.479,60.055,59.674,60.669,61.626,62.617,63.651,64.687,65.768,67.225,68.894,70.571,72.282,74.013,75.696,77.037,78.246,79.436,80.606,81.863,83.382,84.913,86.402,87.85,89.376,91.293,93.235,95.115,97.054,99.017,101.018,103.118,105.327,107.607,109.801,111.494,113.074,114.603,116.05,117.58,119.376,121.173,122.994,124.847,127.351,129.403,131.534,133.527,135.509,137.468,139.422,141.376,143.275,145.18,147.073,148.975,150.839,152.688,154.51,156.369,158.252,160.12,161.97,163.808,165.592,167.409,169.243,171.107,172.911,174.714,176.522,178.254,180.041,181.78,183.463,185.057,186.666,188.178,189.698,191.184,192.666,194.11,195.508,196.878,198.148,199.365,200.523,201.712,202.84,203.964,205.019,206.09,207.094,208.012,208.924,209.806,210.629,211.439,212.239,213.013,213.749,214.415,215.102,215.778,216.417,217.017,217.61,218.187,218.733,219.241,219.712,220.181,220.599,220.964,221.348,221.7,221.963,222.175,222.361,222.478,222.567,222.621,222.646,222.652
Kuwait,KW,KWT,Cement production,kt cement,0.0,0.0,0.0,0.0,0.0,0.0,0.0,0.0,0.0,0.0,0.0,0.0,0.0,0.0,0.0,0.0,0.0,0.0,0.0,0.0,0.0,0.0,0.0,227.972505,286.749707,330.930734,330.794605,624.967311,1036.49535,1308.755074,1551.389442,1551.120756,1124.941159,1183.761612,1191.263975,1014.65281,1014.65281,889.659348,1110.236046,900.0,98.0,533.0,500.0,1000.0,1950.0,2000.0,2000.0,1345.0,1435.0,1187.0,921.0,1584.0,1863.4,2635.0,2145.0,2200.0,2200.0,2600.0,2000.0,2000.0,2250.0,2400.0,3000.0,2800.0,3100.0,4000.0,3400.0,3400.0,3900.0,3400.0,3500.0,3630.0,3630.0,3630.0,3705.951228760001,3760.089625493456,3805.170012214969,3843.028142160014,3877.780339318059,3913.857340146965,3948.27418507315,3983.209658978152,4018.534952062631,4054.648511403807,4091.23112691099,4104.727630623743,4118.395134666383,4132.925430210296,4147.987593268514,4163.081554983924,4176.32463832544,4190.386601462123,4204.991713247928,4220.263525218625,4235.899172375579,4249.353179873398,4263.377398496356,4277.492360272909,4292.117878581219,4307.06288317696,4340.76078228096,4374.459716324011,4408.214157958563,4442.084275987496,4476.092206433226,4510.609207786939,4545.3836252724,4580.565805380961,4616.086587422858,4651.97649341266,4688.91155822001,4726.305911558189,4764.157122533768,4802.443309098528,4841.025619840336,4880.936188233981,4921.278808962637,4962.107705463517,5003.409932274139,5045.196406345658,5087.5326615143,5130.380048559726,5173.784356228191,5217.590413537862,5261.768056660942,5306.31631861782,5351.284776178869,5396.62734387007,5442.326133664833,5488.366143750893,5534.606067081921,5581.169631399773,5628.034505397391,5675.244273149956,5722.787485015871,5770.432009178934,5818.425256106217,5866.799909729119,5915.532862684991,5964.58723525991,6013.755124985638,6063.263206482524,6113.086899350708,6163.20307178601,6213.568283937652,6264.374672060506,6315.433857520854,6366.690081596234,6418.189864376533,6470.167012046982
Kuwait,KW,KWT,Population,,156.152,160.747,165.567,170.612,175.875,196.354,218.076,236.007,264.399,294.651,327.469,364.42,405.57,449.818,496.411,545.938,599.241,656.937,718.494,780.411,837.817,892.335,948.37,1006.937,1069.755,1139.971,1217.452,1298.594,1382.044,1464.985,1544.579,1622.273,1702.688,1785.903,1855.472,1933.012,2012.028,2093.961,2175.454,2259.483,1110.154,1592.643,1677.28,1667.023,1661.699,1701.327,1759.166,1816.2,1872.404,1927.655,1981.763,2034.48,2085.467,2134.295,2180.346,2293.23,2436.237,2579.536,2723.305,2867.663,3019.08,3246.549,3427.501,3587.991,3743.541,3925.367,4082.575,4226.794,4419.981,4464.406,4335.882,4385.601,4793.42,4884.143,4984.872,5067.283,5138.263,5198.474,5251.386,5300.697,5347.698,5395.588,5444.311,5493.866,5544.176,5595.165,5646.761,5698.903,5751.579,5804.569,5857.852,5911.428,5965.217,6018.988,6072.884,6126.663,6180.313,6233.905,6287.505,6340.996,6394.515,6447.964,6501.421,6554.972,6608.651,6662.626,6716.912,6771.719,6826.955,6882.665,6938.872,6995.702,7053.153,7111.196,7169.64,7228.698,7288.354,7348.683,7409.667,7471.321,7533.508,7596.401,7660.063,7724.279,7789.007,7854.308,7920.188,7986.583,8053.468,8120.822,8188.775,8257.174,8325.988,8395.277,8465.025,8535.272,8606.0,8677.254,8749.002,8821.193,8893.657,8966.59,9039.958,9113.729,9187.843,9262.32,9337.144,9412.238,9487.666,9563.75
Kyrgyzstan,KG,KGZ,Cement production,kt cement,135.474988,154.322196,174.910986,208.381123,247.028687,273.482951,318.311299,367.393413,428.379351,503.429912,563.206141,635.611988,677.428673,721.886926,805.829969,891.6293,945.97262,978.021493,1004.884744,1067.240987,1129.465281,1179.66823,1244.243305,1314.487367,1399.831748,1414.070073,1435.070625,1422.865092,1368.075857,1379.766869,1402.693126,1363.822881,1412.676263,1434.111377,1440.061319,1485.070861,1506.716606,1526.154749,1532.806079,1491.848909,1404.911984,1100.0,700.0,400.0,310.0,544.0,658.0,709.0,386.0,500.0,469.0,533.0,757.3,870.1,972.8,1059.9,1229.5,1218.0,579.0,760.0,1022.0,1239.0,1676.0,1730.0,1496.0,1302.0,1505.0,1931.0,1947.0,1874.0,2491.0,2667.0,2667.0,2667.0,2920.820866430794,2996.417628796435,3076.988143371186,3148.451487477607,3219.784239910076,3288.125322447434,3360.151712513961,3431.64224740799,3501.702610402373,3571.261139857375,3640.223608248848,3700.98916432899,3760.749396450944,3819.572145895294,3877.901917942371,3935.57162179763,3995.5706528177,4054.241917387465,4111.145927195747,4167.158719552487,4221.520924947989,4278.490503467509,4333.566624259247,4387.984763141249,4442.02455104248,4495.247674239699,4561.913581334568,4626.606720618191,4688.888328695461,4749.717986580769,4808.839810725802,4870.887635373671,4931.773938075889,4990.943529306292,5048.669495609461,5104.042463767477,5162.417848818743,5219.630256234941,5275.447646044708,5330.058634939205,5382.296604124601,5436.841386547434,5490.37518022931,5542.11967814989,5592.598282956798,5641.651294427915,5691.728190983213,5740.215900746303,5787.108794373786,5831.105301458275,5874.48544598505,5918.889585981052,5960.30236248353,5999.915128082484,6038.16067070291,6074.394628368429,6110.971037977943,6145.849061013308,6178.775330689899,6210.934247038459,6241.939284802767,6272.810136366958,6301.974618049901,6329.373990606528,6355.323907483038,6379.745804040531,6403.780306898262,6426.456596690615,6447.679638850955,6468.514851234725,6488.418831229983,6507.295115070629,6524.541593475975,6540.300716609263,6553.692336373754,6565.796313476785
Kyrgyzstan,KG,KGZ,Population,,1769.213,1805.831,1843.35,1881.713,1922.577,1966.23,2013.009,2063.645,2118.062,2180.528,2250.489,2326.843,2407.745,2490.74,2573.562,2656.552,2738.715,2821.623,2904.164,2985.517,3064.768,3138.116,3209.772,3279.968,3348.075,3414.65,3479.36,3548.882,3620.164,3692.213,3766.534,3842.377,3923.246,4008.271,4070.424,4134.359,4202.828,4274.107,4341.927,4422.075,4497.012,4567.22,4633.401,4620.205,4678.165,4749.104,4816.659,4879.328,4936.253,5000.92,5049.371,5094.54,5137.968,5180.875,5225.207,5267.457,5297.448,5329.288,5355.751,5440.264,5543.257,5645.813,5747.225,5847.354,5949.285,6054.479,6162.444,6277.855,6405.609,6582.461,6745.818,6895.139,7016.437,7130.594,7241.424,7348.645,7452.284,7555.076,7654.905,7754.31,7852.926,7950.345,8045.708,8140.776,8235.271,8329.559,8423.826,8517.689,8613.416,8709.553,8805.84,8901.047,8994.42,9087.104,9177.645,9266.563,9352.111,9436.842,9521.003,9602.753,9683.152,9761.173,9835.458,9908.497,9979.446,10047.757,10116.123,10182.867,10248.521,10310.621,10371.635,10432.694,10492.999,10552.827,10609.195,10665.463,10722.314,10777.666,10832.56,10886.448,10939.304,10990.987,11041.322,11087.275,11133.819,11180.321,11222.316,11262.318,11301.154,11337.345,11372.192,11405.227,11435.823,11466.365,11495.946,11523.352,11548.806,11572.108,11593.827,11613.734,11631.557,11648.017,11662.849,11678.092,11692.592,11704.324,11714.002,11721.85,11726.114,11728.85
Lao People's Democratic Republic,LA,LAO,Cement production,kt cement,,,,,0.0,0.0,0.0,0.0,0.0,0.0,0.0,0.0,0.0,0.0,0.0,0.0,0.0,0.0,0.0,0.0,0.0,0.0,0.0,0.0,0.0,0.0,0.0,0.0,0.0,0.0,0.0,0.0,0.0,0.0,0.0,0.0,0.0,0.0,0.0,,,7.0,7.0,10.0,10.0,78.0,84.0,80.0,80.0,92.0,92.0,240.0,250.0,250.0,250.0,400.0,400.0,400.0,1000.0,1200.0,1300.0,1500.0,2156.0,2201.0,3099.0,3407.0,3938.0,4800.0,5208.0,6162.0,14412.0,12800.0,12800.0,12800.0,10085.59598281095,10140.55778489934,10199.00015513172,10261.88501674413,10324.48618589282,10368.33317358332,10386.79170935561,10411.2454969125,10440.59922454344,10474.01327715299,10509.7661073247,10463.78203579525,10423.99710253868,10389.19630243555,10359.69016767903,10332.84207201542,10292.69123028357,10258.26816102579,10228.8199627833,10202.4977631313,10181.80805870513,10149.67332993381,10122.66640716389,10099.29095331359,10080.76571663401,10064.32003469337,10033.17384326393,10002.25858077118,9970.665707983722,9938.266585007443,9904.71049308049,9860.905945994342,9817.492772888996,9773.76833151734,9729.250105543377,9683.216083521651,9629.708316847024,9575.649739987968,9520.40513104856,9464.850052803626,9408.585308807764,9348.50267766662,9288.93133615273,9227.605582893295,9165.996485867565,9102.953752850555,9036.369087971681,8970.714881298907,8904.11391565615,8836.527946110571,8768.43061472289,8699.251783983414,8630.633331182218,8560.606504785532,8490.573229037791,8420.17196356106,8349.394689772824,8278.350750061956,8207.332960621514,8135.780440320566,8064.574103611913,7991.857639655635,7918.978311697177,7846.205379533474,7773.20031184947,7700.298291865358,7626.620361662014,7552.97606906659,7479.843407468257,7406.804171698588,7334.063105884098,7261.149198456968,7188.511892912586,7116.012219201381,7043.449009266275,6971.014743204416
Lao People's Democratic Republic,LA,LAO,Population,,1704.927,1745.558,1786.8,1828.824,1871.432,1914.994,1959.464,2004.805,2051.248,2097.721,2145.306,2194.285,2245.534,2296.587,2349.065,2403.334,2458.835,2516.595,2576.159,2637.759,2701.645,2767.611,2835.709,2905.436,2974.086,3036.957,3092.796,3145.049,3198.432,3257.973,3327.174,3406.087,3493.965,3588.038,3687.649,3792.32,3901.109,4014.115,4131.087,4250.86,4373.05,4497.185,4622.108,4748.012,4870.428,4988.39,5102.967,5201.056,5295.476,5386.093,5476.332,5566.632,5655.145,5740.745,5822.506,5916.54,6009.86,6102.613,6195.325,6287.959,6380.429,6472.751,6565.205,6657.564,6748.779,6854.512,6963.093,7073.201,7182.889,7292.382,7400.683,7505.704,7612.311,7717.674,7821.964,7924.127,8023.908,8121.935,8217.65,8311.151,8402.895,8492.636,8580.265,8665.389,8748.265,8829.248,8908.51,8985.975,9061.743,9134.041,9203.962,9272.242,9338.569,9401.524,9463.091,9521.914,9578.765,9632.847,9685.231,9733.998,9780.573,9825.0,9866.698,9905.674,9941.744,9974.344,10004.979,10033.199,10058.709,10080.995,10100.914,10118.162,10132.294,10144.135,10153.425,10160.097,10165.248,10166.975,10166.626,10163.241,10157.099,10150.002,10140.324,10128.074,10113.728,10097.604,10080.424,10060.399,10038.875,10015.552,9991.225,9965.228,9937.878,9908.666,9878.479,9846.376,9812.81,9778.077,9741.869,9704.547,9666.137,9626.548,9586.295,9544.98,9502.839,9460.134,9416.596,9372.104,9326.467,9279.907
Latvia,LV,LVA,Cement production,kt cement,48.770996,55.55599,62.967955,75.017204,88.930327,98.453863,114.592068,132.261629,154.216566,181.234768,202.754211,228.820316,243.874322,259.879293,290.098789,320.986548,340.550143,352.087738,361.758508,384.206755,406.607501,424.680563,447.92759,473.215452,503.939429,509.065226,516.625425,512.231433,492.507309,496.716073,504.969525,490.976237,508.563455,516.280096,518.422075,534.62551,542.417978,549.41571,551.810189,537.065607,505.768314,1500.0,1000.0,736.0,649.0,700.0,714.0,788.0,666.0,570.0,529.0,606.0,596.9,753.1,832.1,1065.4,1105.365,1076.0,583.0,834.0,996.0,1015.0,1070.0,903.0,980.0,1010.0,1023.0,1151.0,1223.0,1221.0,1354.0,1463.0,1463.0,1463.0,1218.596559909474,1199.347597064042,1184.581492263995,1170.549608379667,1157.316422642823,1145.524233420504,1134.499658642534,1124.199279223115,1114.140303224567,1104.583615752523,1095.751667048301,1084.020460055288,1072.547746258541,1061.675934609774,1051.201516043829,1040.952164791033,1031.743607801448,1022.696983996551,1014.168397023764,1005.84130339968,997.7344632253665,989.5603540032993,981.6888361033682,974.0625686733962,966.6243145432633,959.4700107322656,950.235236721917,941.0823011365516,931.3912235512911,921.6445468301554,911.8190167401522,901.974657474459,891.9725957045713,881.9785236054594,872.1091860174461,862.3473749046518,852.491420738209,842.9136007712103,833.4412992471914,824.0317501213917,814.6202098688586,805.2703697377527,796.275415535454,787.2646136711658,778.4101063122653,769.8732996070023,761.4294841339163,753.092962488643,745.0116591024693,737.0183817036477,729.0397256628712,721.1438175843036,713.3855506843969,705.7836288476481,698.2380270716947,690.7179534133973,683.3812400366136,676.2005707136449,669.1595400321243,662.215806711174,655.4692721852124,648.9173121645125,642.4107880639081,635.9654460768999,629.6590729457392,623.4445373066023,617.246400741012,611.0799404820057,604.967195705284,598.920045697011,592.8506441592008,586.7811111418749,580.6823332469168,574.6318199198815,568.5048678200048,562.3846400319386
Latvia,LV,LVA,Population,,1926.176,1941.654,1957.416,1972.981,1991.088,2009.836,2029.175,2051.055,2075.529,2118.434,2143.909,2170.428,2194.142,2217.46,2242.056,2263.468,2285.231,2306.926,2327.642,2347.69,2367.428,2386.718,2405.03,2426.536,2447.454,2464.087,2476.987,2492.228,2502.496,2508.556,2514.962,2524.978,2539.051,2554.891,2570.655,2587.806,2611.749,2640.176,2664.317,2665.354,2654.909,2642.971,2586.682,2540.958,2501.509,2470.389,2445.422,2421.04,2399.378,2382.266,2354.359,2322.243,2300.459,2277.509,2250.839,2228.728,2209.336,2192.216,2163.207,2120.878,2074.784,2045.099,2024.168,2001.852,1986.446,1969.288,1950.438,1934.75,1920.426,1908.1,1894.147,1877.027,1885.099,1879.693,1864.05,1843.068,1828.801,1814.326,1799.817,1785.151,1770.088,1755.65,1741.131,1726.877,1713.126,1699.731,1686.311,1673.254,1660.2,1647.022,1634.266,1621.373,1608.932,1596.346,1583.83,1570.982,1558.454,1545.815,1533.056,1520.223,1507.397,1494.633,1481.026,1467.278,1453.355,1439.426,1425.2,1410.922,1396.767,1382.712,1368.539,1354.719,1340.997,1327.311,1313.565,1299.876,1286.671,1273.39,1260.297,1247.642,1235.075,1222.63,1210.537,1198.541,1186.53,1174.602,1162.853,1151.314,1139.831,1128.357,1117.14,1106.139,1095.33,1084.648,1074.254,1064.165,1054.137,1044.195,1034.462,1024.864,1015.291,1005.758,996.3,986.936,977.527,968.103,958.623,949.21,939.666,930.123
Lebanon,LB,LBN,Cement production,kt cement,300.699295,286.749707,301.45482,338.217603,455.858509,485.268735,558.794301,507.326405,742.608216,854.109789,874.954235,860.249122,897.011905,882.306791,970.537471,1095.530933,1014.65281,905.261648,1249.934621,1336.92396,1499.921545,1682.658214,1661.67779,1742.555913,1654.325234,1705.79313,1360.22297,1382.28064,2124.888856,1485.216432,2389.580893,1698.440573,1499.921545,1249.934621,999.947697,904.364461,904.364461,904.364461,904.364461,900.0,900.0,1500.0,3000.0,3450.0,3538.0,3500.0,2703.0,3316.0,2714.0,2808.0,2890.0,2852.0,3900.0,4400.0,4600.0,3348.0,3945.0,4250.0,4897.0,5227.0,5550.0,5309.0,5831.0,6000.0,5500.0,5264.0,5149.0,4702.0,3203.0,1958.0,1810.0,2124.0,2124.0,2124.0,2126.766925496242,2157.463424153607,2189.070754266696,2221.445172709236,2255.729758533516,2291.927596980102,2332.45127921627,2372.528492378959,2410.990200192856,2448.123761067164,2485.592604201272,2512.514564455778,2539.867618293406,2567.194559361079,2593.337367357208,2618.386945332715,2645.479706564991,2671.701385323156,2695.921002031094,2718.16169075228,2741.673748281543,2766.004869157063,2788.786921873225,2812.076156818851,2832.380199513932,2850.945702489064,2884.290561982315,2916.8364925546,2947.450315033982,2977.081653523751,3006.462768791434,3037.320247264432,3067.916751415751,3097.478735139401,3125.602232929393,3152.95305632688,3182.357939795609,3209.497417938366,3236.553302131127,3262.077296388895,3286.571847084826,3311.535638057206,3334.670004293261,3357.345492984754,3377.809638427391,3398.834985761143,3420.991661813375,3441.956084364529,3462.08064952518,3482.685446492079,3503.947485844707,3521.038555217031,3536.790892977634,3553.041422001732,3566.625615520421,3580.106286786291,3592.502702705423,3604.063251574454,3615.5563956888,3624.059715352661,3635.118248731969,3642.092195903176,3650.551579611315,3655.649567231922,3660.717034447433,3665.146396212359,3667.911233173716,3668.960527082318,3669.63087546848,3668.206994041892,3665.73335350638,3663.460368910293,3659.538978448105,3655.178980310989,3651.737411396205,3647.614059751885
Lebanon,LB,LBN,Population,,1368.148,1406.995,1447.175,1488.852,1531.979,1576.156,1622.139,1669.71,1717.395,1768.145,1820.667,1879.501,1939.654,2000.978,2060.107,2117.554,2178.967,2234.494,2298.242,2358.076,2414.152,2478.475,2540.982,2604.888,2665.482,2720.899,2732.039,2792.272,2853.091,2912.18,2977.346,3040.615,3069.247,3120.745,3184.743,3250.008,3350.723,3420.386,3488.913,3561.656,3628.693,3709.132,3785.61,3855.684,3923.914,3997.556,4072.006,4144.804,4217.758,4292.796,4365.883,4437.953,4489.055,4561.962,4636.596,4705.608,4796.665,4891.572,4959.135,5025.438,5057.138,5134.903,5336.581,6150.292,6543.689,6401.249,6244.87,6075.386,5892.853,5696.335,5708.46,5727.783,5761.194,5785.791,5826.132,5872.709,5922.224,5971.902,6023.795,6076.967,6130.649,6185.353,6236.159,6283.334,6334.324,6381.124,6434.223,6489.519,6542.977,6595.573,6645.085,6693.111,6735.77,6772.374,6815.662,6854.313,6889.245,6928.803,6959.586,6986.186,7012.334,7038.634,7061.142,7082.948,7106.285,7127.953,7151.411,7174.025,7194.439,7214.607,7236.883,7254.646,7274.282,7291.415,7307.442,7323.075,7335.448,7348.344,7356.831,7368.475,7382.663,7395.13,7406.769,7420.991,7438.126,7444.307,7448.305,7454.972,7456.174,7458.39,7458.109,7456.983,7456.845,7450.509,7451.429,7443.046,7439.228,7428.366,7418.377,7407.778,7394.258,7377.594,7360.87,7340.13,7317.776,7296.827,7272.853,7248.576,7226.994,7204.494
Lesotho,LS,LSO,Cement production,kt cement,,,,,,,,,,,,,,,,,,,,,,,,,,,,,,,,,,,,,,,,0.0,0.0,0.0,0.0,0.0,0.0,0.0,0.0,0.0,0.0,0.0,0.0,0.0,0.0,0.0,0.0,0.0,0.0,0.0,0.0,0.0,0.0,0.0,0.0,0.0,0.0,0.0,0.0,0.0,0.0,0.0,0.0,0.0,0.0,0.0,280.8606252536424,280.7971811261942,281.9048931630501,282.5996938408795,283.3315652823687,284.8159772126022,286.8541596200736,289.314938682943,292.1561061771129,295.330389081787,298.790794163062,303.7245388167809,308.9889033417664,314.5439477596111,320.3518667182392,326.3770763768138,330.817773494207,335.6774502851711,340.8974594751544,346.4537028280728,352.3659746554831,357.2038822463841,362.5845763556579,368.431617506111,374.6900576448146,381.3066026504187,395.8933090116409,410.5225228528589,424.9275639245486,439.0405173891253,452.852677734993,468.5696838865037,483.8428052264764,498.6747447759079,513.0682258326053,527.0331180372815,542.7703165243421,557.9101257115504,572.4689297884793,586.4224702507864,599.8071035459852,614.3537496277789,628.231024446147,641.4653195403729,654.0720628723707,666.1921154750956,679.2637481766444,691.8167015569184,703.8701163400463,715.4952404218726,726.7185989792647,738.4939723016624,749.8309533568245,760.715618021795,771.1214899958183,781.0957831219164,791.5473915466566,801.5260011081417,811.0169836105609,820.0783749029583,828.7346803723902,837.8205726923817,846.540881277511,854.7135340362856,862.4874187849571,869.8316551440638,877.5896730139201,884.853786277678,891.6605155161349,898.223800033534,904.4741685314198,911.0007318362133,917.2391402983013,923.0714528592382,928.6009701813448,933.855929718066
Lesotho,LS,LSO,Population,,584.647,595.891,608.003,620.945,634.843,649.532,665.09,684.248,704.382,725.512,747.488,770.16,793.469,817.277,841.597,866.582,897.157,930.808,965.401,1001.004,1037.541,1074.951,1113.175,1152.218,1192.622,1234.665,1271.762,1308.172,1346.308,1386.03,1427.011,1469.127,1512.336,1556.49,1601.483,1647.274,1685.002,1721.778,1757.903,1792.968,1826.424,1858.333,1888.216,1915.37,1940.044,1962.829,1982.008,1994.253,2001.845,2004.622,2003.204,1998.502,1990.856,1979.261,1962.997,1943.155,1946.97,1959.567,1973.514,1988.252,2004.25,2023.768,2044.941,2068.067,2092.111,2117.112,2143.732,2170.489,2196.717,2222.094,2249.359,2273.725,2298.496,2324.448,2350.397,2376.252,2402.42,2428.317,2454.567,2480.799,2506.838,2533.204,2559.777,2586.443,2613.115,2640.019,2666.977,2693.183,2719.222,2745.069,2770.682,2796.056,2821.031,2845.489,2869.52,2893.158,2916.409,2939.32,2961.506,2982.808,3003.345,3023.771,3043.166,3061.478,3078.719,3095.849,3111.891,3127.595,3142.662,3157.374,3171.232,3184.512,3197.257,3208.579,3219.184,3228.88,3238.549,3248.022,3257.064,3265.427,3273.221,3279.873,3285.521,3290.805,3295.84,3299.433,3302.985,3306.191,3308.697,3310.787,3311.925,3312.743,3312.999,3312.992,3312.768,3311.969,3311.48,3310.004,3308.38,3306.314,3304.13,3301.234,3297.352,3293.618,3289.585,3284.692,3279.795,3274.222,3268.453,3262.573
Liberia,LR,LBR,Cement production,kt cement,0.0,0.0,0.0,0.0,0.0,0.0,0.0,0.0,0.0,0.0,0.0,0.0,0.0,0.0,0.0,0.0,0.0,51.467896,73.525566,88.230679,88.230679,88.230679,88.230679,88.230679,88.230679,102.935792,102.935792,132.346019,139.698575,102.935792,88.230679,80.878123,88.230679,80.878123,95.583236,95.583236,102.935792,102.935792,88.230679,49.0,2.0,8.0,8.0,3.0,5.0,15.0,7.0,10.0,15.0,71.0,63.0,54.0,25.0,121.059,143.847,154.99,157.2,94.0,71.0,72.0,81.0,122.0,194.0,295.0,298.0,241.0,285.0,332.0,343.0,416.0,535.0,474.0,474.0,474.0,567.0584445383513,591.284402409673,618.2088632275965,645.1549574940492,673.389292040956,701.6364084178119,725.0153441564022,748.3210670237021,771.6752996717003,795.1196520921378,818.7383825090709,851.3183882676486,883.9736504485,916.9899217276063,950.1812369969093,983.376477190159,1020.339189617112,1057.466597507592,1095.01646834129,1133.218953930928,1171.861494959191,1216.416778022019,1260.560684033341,1303.247488247319,1344.58472243184,1384.688206761084,1459.3278801259,1530.772088232299,1599.194801429146,1665.042910627975,1727.827477836721,1802.540162187824,1873.720862109667,1940.905464095878,2004.250517439965,2068.226439523471,2140.426018786104,2210.000781804431,2277.148091653749,2341.885611323345,2403.690339290046,2474.529831021954,2541.217290965983,2606.995957279024,2667.734074690374,2728.009856045891,2794.106293631167,2859.217000617244,2919.599588132475,2979.477688356158,3038.52667565403,3099.806335239879,3159.846910583531,3216.233434834887,3270.608734612994,3323.985134300598,3381.659642835284,3435.504644371695,3482.377421001744,3530.317258929618,3575.432627115339,3627.450940230297,3677.364464059453,3719.556791040981,3759.480944398827,3802.727718957132,3846.677952944374,3884.604790183459,3920.836771676264,3958.874199840623,3992.796084592072,4028.368105920813,4064.580816008157,4098.538785185106,4128.809300438676,4156.314208085314
Liberia,LR,LBR,Population,,927.375,945.44,964.512,984.24,1005.298,1027.482,1050.815,1075.081,1099.41,1125.716,1153.327,1182.107,1211.971,1242.857,1274.633,1307.678,1341.088,1375.781,1411.278,1447.932,1485.42,1522.734,1562.606,1604.569,1648.155,1693.671,1740.448,1791.59,1844.905,1900.52,1957.985,2015.748,2074.399,2139.828,2206.796,2274.282,2342.74,2411.719,2482.163,2553.553,1893.781,2019.255,2125.668,2184.584,2115.273,2223.05,2241.527,2584.451,2755.796,2887.571,2968.662,3062.013,3127.55,3111.515,3202.268,3399.761,3581.812,3756.287,3885.72,4000.335,4117.445,4324.912,4421.175,4519.302,4609.285,4709.577,4801.639,4896.21,4993.242,5094.199,5204.728,5313.918,5432.67,5553.392,5672.242,5790.17,5917.728,6055.872,6181.648,6308.524,6424.058,6549.424,6679.083,6810.759,6936.601,7070.513,7214.132,7343.381,7474.044,7616.957,7746.419,7887.748,8020.604,8133.719,8254.532,8366.757,8491.063,8612.982,8734.915,8856.741,8964.319,9075.973,9186.552,9302.752,9406.191,9522.148,9642.118,9752.975,9854.619,9984.71,10092.56,10199.712,10305.941,10409.647,10505.026,10608.179,10699.529,10803.001,10885.785,10980.394,11069.147,11168.738,11253.384,11348.262,11449.366,11533.909,11621.65,11698.59,11773.243,11850.26,11927.477,11994.168,12035.0,12088.915,12136.445,12201.174,12263.458,12297.927,12329.153,12380.78,12424.907,12450.053,12474.323,12511.464,12536.884,12561.458,12593.858,12622.242,12640.941,12653.423
Libya,LY,LBY,Cement production,kt cement,0.0,0.0,0.0,0.0,0.0,0.0,0.0,0.0,0.0,0.0,0.0,0.0,0.0,0.0,0.0,0.0,0.0,0.0,66.173009,95.583236,73.525566,58.820453,80.898459,485.268735,617.614754,1500.228592,2499.869242,3198.362119,3197.911645,3197.926256,3198.362119,3992.438231,4992.385928,5984.981068,6529.070256,2073.42096,2698.38827,2720.720041,2720.44594,2700.0,2369.0,2300.0,2300.0,3800.0,3210.0,3550.0,2524.0,3000.0,3000.0,3000.0,3000.0,3300.0,3500.0,3600.0,3621.0,5300.0,5206.0,5509.0,6500.0,7000.0,3500.0,2000.0,2000.0,7000.0,5000.0,4100.0,4500.0,4500.0,3600.0,3000.0,3000.0,3000.0,3000.0,3000.0,3006.917143749053,3045.923485086884,3069.155978170981,3093.910511952613,3119.774228951911,3149.479348123953,3165.118481187742,3182.173414038506,3199.219411925376,3218.654636202552,3239.393215103155,3270.124448661654,3301.30253767732,3334.077417617304,3366.971614676472,3399.973842071396,3440.778195369701,3480.50670569348,3521.295107932617,3562.39977371205,3602.877688053662,3649.483267514258,3693.771873584117,3737.812144068644,3783.064789907305,3827.083109033063,3877.95284528096,3925.831076974016,3972.668220785821,4016.85511229427,4059.430044840051,4100.628275180881,4137.638135601128,4175.259932546954,4210.067455383559,4244.21249674742,4275.618858745667,4306.186257851881,4335.882140938726,4360.213175158334,4387.682545476545,4414.208591744331,4438.90257169695,4460.608565480652,4484.348806161738,4506.88217875049,4528.903087425907,4547.937618391953,4570.285432699254,4589.603621575798,4606.399317460887,4623.697987629387,4640.701035814324,4654.138766470111,4666.393553509043,4681.806823885031,4696.134306495072,4710.963024011614,4723.74713870966,4734.008095075616,4745.19546897164,4756.34722999516,4764.458375365228,4770.419288643888,4772.889154198604,4775.112640778976,4774.692756319344,4777.179891680184,4776.770493912533,4775.778812776645,4776.219354664124,4776.502990244021,4774.183125459609,4770.070843169354,4765.238035240674,4761.683105937938
Libya,LY,LBY,Population,,1137.689,1153.085,1171.874,1194.709,1221.644,1261.11,1304.807,1352.901,1405.513,1462.418,1523.362,1588.037,1655.883,1725.032,1782.35,1825.68,1872.447,1923.952,1981.61,2046.977,2118.201,2188.866,2263.316,2365.069,2499.353,2643.759,2798.715,2964.351,3140.702,3326.99,3521.765,3721.208,3728.323,3709.598,3837.669,3959.821,4074.986,4184.492,4291.017,4394.823,4495.656,4593.143,4687.561,4778.529,4865.545,4948.141,5026.645,5102.633,5178.776,5257.299,5352.744,5454.534,5562.287,5676.508,5796.877,5920.719,6039.703,6169.056,6301.804,6431.569,6564.109,6122.297,6236.358,6372.899,6481.604,6582.035,6682.216,6795.323,6902.786,6999.279,7091.519,7178.831,7268.778,7342.54,7419.506,7497.603,7582.1,7672.876,7760.807,7843.617,7927.996,8010.221,8086.759,8166.517,8246.71,8321.197,8393.774,8469.681,8543.515,8616.193,8686.641,8752.59,8820.649,8888.131,8951.924,9015.973,9071.372,9125.445,9182.684,9234.542,9286.669,9334.488,9383.504,9428.594,9472.559,9504.873,9529.65,9560.595,9587.812,9616.894,9636.116,9656.927,9678.84,9689.88,9711.905,9731.411,9748.863,9761.204,9780.81,9799.365,9816.432,9828.092,9849.498,9865.13,9876.182,9888.204,9900.936,9906.594,9910.748,9923.41,9933.325,9945.469,9953.904,9957.515,9964.136,9970.529,9970.912,9967.294,9956.659,9946.269,9930.149,9921.257,9906.649,9891.433,9879.999,9868.491,9851.86,9831.88,9810.874,9793.152
Liechtenstein,LI,LIE,Cement production,kt cement,,,,,,,,,,,,,,,,,,,,,,,,,,,,,,,,,,,,,,,,,,,,,,,,,,,,,,,,,0.0,0.0,0.0,0.0,0.0,0.0,0.0,0.0,0.0,0.0,0.0,0.0,0.0,0.0,0.0,0.0,0.0,0.0,11.6264006385551,11.64943098733516,11.6717378814279,11.69663561685478,11.72345207455014,11.73567762646029,11.74631749520658,11.75803838756872,11.76457690822059,11.76902423157906,11.77307780559322,11.72204825712355,11.6686595048009,11.6131774486774,11.56146228994612,11.50676379571075,11.4480649392872,11.39187506083839,11.33168603247345,11.27636201866894,11.21771980364388,11.16021427545906,11.10474820091498,11.04694079976811,10.9915788139334,10.9371511061598,10.94045722540781,10.94630651330814,10.94783241449953,10.95037558315185,10.95037558315185,10.94605219644291,10.94630651330814,10.94859536509523,10.94656083017337,10.9468151470386,10.94350902779059,10.94350902779059,10.9412201760035,10.93893132421642,10.94147449286874,10.94071154227304,10.93816837362072,10.93791405675549,10.93994859167735,10.93918564108165,10.94045722540781,10.94376334465582,10.94605219644291,10.94961263255615,10.95419033613033,10.95978530716543,10.97122956610086,10.97835043832735,10.98597994428431,10.99335513337603,11.00073032246775,11.00734256096378,11.01014004648133,11.01904113676444,11.0266706427214,11.03353719808266,11.04192965463531,11.04625304134425,11.0546454978969,11.0594775183363,11.06456385564094,11.06837860861942,11.07524516398068,11.07855128322869,11.0762624314416,11.08109445188101,11.08440057112902,11.08516352172472,11.08567215545518,11.0882153241075
Liechtenstein,LI,LIE,Population,,13.886,14.113,14.341,14.591,14.834,15.104,15.381,15.697,16.014,16.326,16.655,17.064,17.482,17.918,18.371,18.834,19.298,19.81,20.351,20.893,21.394,21.794,22.191,22.603,23.002,23.393,23.781,24.162,24.534,24.909,25.27,25.653,26.041,26.434,26.819,27.198,27.57,27.948,28.347,28.717,29.058,29.499,29.948,30.392,30.81,31.256,31.688,32.11,32.523,32.931,33.295,33.593,33.892,34.228,34.549,34.832,35.119,35.333,35.554,35.88,36.117,36.422,36.769,37.051,37.274,37.526,37.704,37.997,38.26,38.62,38.914,39.174,39.46,39.736,40.004,40.252,40.484,40.705,40.914,41.106,41.298,41.485,41.648,41.797,41.938,42.072,42.19,42.293,42.403,42.493,42.575,42.66,42.721,42.79,42.838,42.885,42.931,42.958,42.986,43.006,43.019,43.042,43.048,43.058,43.058,43.041,43.042,43.051,43.043,43.044,43.031,43.031,43.022,43.013,43.023,43.02,43.01,43.009,43.017,43.014,43.019,43.032,43.041,43.055,43.073,43.095,43.14,43.168,43.198,43.227,43.256,43.282,43.293,43.328,43.358,43.385,43.418,43.435,43.468,43.487,43.507,43.522,43.549,43.562,43.553,43.572,43.585,43.588,43.59,43.6
Lithuania,LT,LTU,Cement production,kt cement,184.215484,209.843444,237.839563,283.351415,335.903402,371.875245,432.831706,499.572331,582.499477,684.551343,765.833558,864.28921,921.150486,981.603702,1095.747343,1212.415116,1286.309798,1329.889051,1366.417024,1451.207477,1535.818507,1604.083215,1691.890781,1787.406891,1903.456036,1922.816952,1951.372975,1934.776197,1860.275173,1876.172317,1907.346865,1854.492083,1920.921685,1950.068614,1958.159196,2019.36204,2048.79538,2075.226878,2084.27119,2028.578659,1910.364012,400.0,300.0,244.0,203.0,325.0,246.0,366.0,,,,260.0,295.205,283.647,280.0,280.0,300.0,310.0,357.0,635.0,752.0,901.0,1000.0,1100.0,1100.0,1000.0,1000.0,1000.0,1100.0,1100.0,1200.0,1250.0,1250.0,1250.0,1060.166336614896,1058.082182084263,1059.25926430541,1060.580219960843,1062.082162904384,1064.100673110657,1062.715575482771,1061.393069673215,1060.075914966557,1058.769378877056,1057.408645751123,1051.258694352257,1045.051299001828,1038.815901397754,1032.832946361037,1026.789236148699,1020.692181137909,1014.676363889354,1008.672864131028,1002.785196639515,997.2481372711508,991.2012892586057,985.1457201063248,979.0654985240845,973.3148175791545,967.8845899688355,959.7280011303345,951.4773185634958,943.0897831530889,934.7888446400787,926.281602826487,917.5789883952393,908.8887740965333,900.1921646024442,891.4972773411292,882.8027794538774,874.2086535966491,865.7857105157005,857.3519531845064,849.1462963799328,840.8968159590241,832.5553681712202,824.3090322785434,816.1220101154206,807.9935900423179,799.7919164428052,791.7444517399206,783.7164267762039,775.7469945576715,767.7550349197419,759.5710532409489,751.3858832738159,743.1803062715129,734.9788261401903,726.7405821472352,718.5105495210772,710.2238626032844,701.9117725076997,693.6172123013561,685.392455772088,677.2488300624359,669.0998089245476,661.1806531138589,653.2617754856122,645.366217463407,637.6576272768172,630.091151428019,622.6406108368141,615.3095456766617,608.1920278875835,601.2634902961541,594.3129767396663,587.5736219920086,580.9469054756577,574.3785575572143,567.834380209703
Lithuania,LT,LTU,Population,,2445.351,2472.287,2500.534,2529.713,2559.693,2590.93,2623.739,2659.783,2698.089,2747.259,2790.93,2834.267,2872.306,2909.838,2947.87,2982.655,3018.059,3052.697,3087.834,3119.005,3152.739,3188.679,3221.132,3251.312,3281.412,3310.055,3339.081,3367.414,3392.734,3416.738,3440.1,3464.519,3490.65,3520.213,3548.034,3576.743,3610.818,3643.916,3701.377,3690.833,3699.192,3703.623,3691.466,3668.927,3640.855,3613.221,3586.202,3560.616,3534.925,3510.878,3489.926,3456.082,3432.019,3398.537,3354.861,3289.665,3249.951,3212.797,3184.164,3142.344,3053.095,3004.188,2972.471,2944.25,2922.086,2889.442,2848.777,2809.848,2795.108,2795.008,2796.521,2792.454,2841.385,2866.813,2851.406,2808.883,2785.793,2762.658,2739.681,2717.405,2695.311,2673.628,2651.984,2630.321,2608.224,2586.559,2564.443,2541.75,2519.174,2495.969,2473.701,2451.211,2428.452,2405.428,2383.238,2361.035,2338.78,2315.703,2293.008,2270.467,2247.081,2223.501,2199.606,2176.045,2151.973,2127.545,2103.238,2078.998,2054.848,2030.784,2006.904,1983.593,1960.343,1937.825,1915.279,1892.422,1869.928,1847.695,1825.718,1803.638,1782.13,1760.762,1739.637,1718.537,1697.014,1675.631,1654.279,1633.022,1611.753,1590.589,1569.384,1548.196,1527.135,1506.333,1485.816,1465.33,1445.501,1425.746,1406.122,1387.035,1368.301,1349.922,1331.903,1314.471,1297.56,1280.601,1264.213,1248.152,1232.284,1216.525
Luxembourg,LU,LUX,Cement production,kt cement,132.346019,110.331346,147.051132,154.403688,154.460939,161.756245,191.23112,198.519028,191.166471,213.224141,227.929254,227.929254,205.871585,205.810259,220.576698,213.156878,183.813915,191.109356,205.871585,242.634368,264.692037,308.807377,360.182058,367.62783,345.57016,301.45482,294.102264,308.807377,316.159934,323.51249,345.435801,345.57016,352.922717,338.217603,294.102264,389.6855,507.541101,565.914449,588.204528,636.0,688.0,600.0,720.0,711.0,714.0,667.0,683.0,699.0,742.0,749.0,729.0,728.0,714.0,797.0,760.0,901.0,1081.0,1091.0,1000.0,1078.0,1229.0,1040.0,1093.0,1058.0,1080.0,1130.0,1200.0,1211.0,1201.0,1131.0,1204.0,1200.0,1200.0,1200.0,1146.773320738504,1149.954890300321,1153.242213029348,1157.044012374199,1161.108903674392,1162.074620792241,1165.082969276813,1167.879696539881,1170.812853256336,1173.162355289027,1175.228722999934,1173.119042814759,1170.567228596017,1167.635891689289,1165.044002924062,1162.258000864993,1159.497734153216,1156.665243319951,1153.78410851577,1150.378053242926,1146.946059420957,1143.813721884822,1140.300720731619,1136.694633691367,1133.218041919128,1129.285462661194,1131.212762365102,1133.309585173585,1134.5400450222,1135.599811187301,1136.564090472002,1137.292194428869,1136.782627028689,1136.262179500181,1135.736175937508,1134.931274818087,1133.829216649191,1132.845316903642,1131.236168087428,1129.523327692856,1127.78123360379,1126.07365865344,1124.254532685709,1122.044520610754,1119.689134402028,1116.934434766888,1113.738929227725,1111.090357851655,1107.792569556519,1104.518468165863,1101.416222895709,1098.492754958602,1095.438681596016,1092.203955969262,1089.117488728662,1085.701541663799,1082.420898012969,1078.865778068397,1075.097546165755,1071.979561750881,1068.375129269077,1064.918336795091,1061.356655126221,1057.792015064423,1054.461993461493,1051.331616496581,1048.339588041695,1045.114656358122,1042.477830974814,1039.673139112679,1036.788346143318,1034.511776896766,1031.681430716158,1028.534453539425,1025.540101895904,1022.446819327147
Luxembourg,LU,LUX,Population,,297.346,298.974,300.828,302.538,304.424,306.2,307.716,309.163,310.914,313.155,314.6,318.084,321.219,324.477,327.988,331.417,334.737,336.298,337.716,338.81,339.854,344.058,348.087,350.315,352.536,354.825,356.918,359.571,362.522,363.266,364.145,364.825,365.287,365.693,366.102,367.22,369.591,371.989,375.576,379.179,384.221,389.413,394.514,399.886,405.294,411.16,416.393,421.544,426.765,433.029,439.236,444.267,448.51,455.166,461.425,469.302,476.43,484.11,493.871,502.502,512.318,524.85,537.045,549.662,562.896,576.176,590.836,602.155,614.047,626.279,634.915,645.633,660.992,669.204,676.868,684.039,690.858,697.698,704.456,710.726,716.608,722.26,727.896,733.146,738.156,743.101,747.735,752.087,756.534,760.767,764.579,768.284,771.855,775.015,778.055,781.023,783.671,786.137,788.564,790.578,792.35,794.216,795.596,796.879,798.107,799.209,799.614,800.01,800.4,800.63,800.72,800.873,800.669,800.402,800.114,799.761,799.341,798.695,797.962,796.997,795.66,794.631,793.227,791.832,790.531,789.202,787.795,786.281,784.849,783.224,781.566,779.747,777.802,776.23,774.374,772.518,770.599,768.676,766.887,765.212,763.555,761.761,760.308,758.756,757.156,755.848,754.216,752.398,750.668,748.879
Madagascar,MG,MDG,Cement production,kt cement,7.352557,0.0,0.0,0.0,0.0,0.0,0.0,0.0,0.0,0.0,0.0,14.705113,44.11534,44.452098,36.762783,51.467896,58.820453,66.173009,73.525566,73.525566,73.263909,66.173009,73.275479,58.820453,58.820453,73.797883,51.467896,66.173009,73.525566,58.954136,36.762783,36.895981,36.970482,36.762783,36.762783,36.762783,51.321681,51.322095,59.052945,60.0,60.0,60.0,60.0,40.0,40.0,44.0,36.0,44.0,46.0,51.0,52.0,30.0,200.0,170.0,150.0,150.0,270.0,160.0,140.0,160.0,200.0,230.0,230.0,150.0,150.0,150.0,200.0,130.0,120.0,150.0,150.0,150.0,150.0,150.0,177.5838092615836,183.3145223469621,189.8545824178938,196.8229352956736,204.0924686625272,210.4784309062602,217.9861937923029,225.5073925915918,233.0619491084382,240.6521535303037,248.2750891531799,259.7454274622261,271.2653470146363,282.8313454710147,294.4470364287596,306.1091804544303,320.0631664300017,334.0873669251501,348.1786557774537,362.3599908731739,376.6972148082389,394.2506515063457,411.9978309215204,429.9335382067121,448.0520064579549,466.3407362428138,499.5892414800967,533.0758852030717,566.7804361398731,600.6875784938387,634.7846251123773,679.1607815203818,723.8444186381911,768.8197913195886,814.0606832714051,859.5484524319207,918.0188029673924,976.8838778372306,1036.115882609803,1095.691661276174,1155.586213066117,1230.550075003753,1305.971614786709,1381.821787230251,1458.073243106236,1534.702293148566,1628.848561412584,1723.490796014479,1818.604424194175,1914.16052590699,2010.11745095941,2124.399703524105,2239.187245913449,2354.422626339657,2470.082367077454,2586.133308033635,2721.727980967941,2857.749273511496,2994.155581123422,3130.895757024242,3267.944625094142,3426.090377510352,3584.537427599655,3743.233863840774,3902.151517856335,4061.259628500852,4243.242117660572,4425.32733877776,4607.491221374623,4789.681199411759,4971.86196586358,5178.350838108665,5384.689313222919,5590.832795385573,5796.738174993183,6003.297543664968
Madagascar,MG,MDG,Population,,4006.122,4108.277,4213.393,4321.677,4432.962,4547.264,4665.579,4787.694,4913.998,5044.19,5177.868,5314.447,5453.852,5596.519,5743.207,5895.025,6053.532,6219.44,6393.547,6575.885,6768.121,6969.615,7179.18,7396.917,7622.535,7856.137,8097.524,8346.956,8604.772,8870.389,9141.676,9416.345,9698.996,9987.093,10282.008,10584.277,10889.437,11205.146,11533.779,11876.218,12235.06,12607.764,12993.975,13400.716,13826.984,14275.567,14745.856,15235.771,15742.958,16258.054,16774.622,17291.256,17808.57,18335.137,18878.079,19441.334,20020.484,20616.682,21230.999,21863.56,22503.121,23141.478,23783.398,24435.183,25093.513,25759.892,26440.012,27136.737,27853.115,28585.993,29321.12,30061.046,30813.475,31578.39,32351.522,33129.834,33914.269,34703.317,35496.397,36292.959,37093.407,37898.005,38704.629,39514.131,40325.769,41141.919,41960.712,42781.969,43606.35,44432.236,45261.553,46092.405,46925.224,47759.365,48593.843,49428.705,50264.35,51099.784,51934.921,52769.059,53601.891,54431.639,55258.96,56083.327,56903.991,57722.051,58537.424,59347.205,60153.133,60955.087,61750.659,62539.823,63322.068,64096.617,64863.986,65621.902,66372.569,67114.614,67847.309,68569.93,69282.25,69986.662,70680.149,71361.631,72033.093,72692.395,73339.087,73975.862,74600.301,75212.319,75812.468,76402.032,76980.591,77549.771,78107.848,78656.884,79195.435,79724.318,80241.582,80746.174,81238.981,81722.67,82193.965,82654.027,83102.1,83536.504,83959.816,84371.269,84770.665,85155.249
Malawi,MW,MWI,Cement production,kt cement,14.06172,20.618949,26.380161,32.221183,40.203865,46.073294,53.431827,59.079947,46.30351,46.006459,32.337022,28.977879,27.527376,29.410226,29.410226,44.11534,44.11534,58.270729,74.239406,66.173009,66.173009,74.02236,87.6687,88.230679,102.935792,88.230679,95.583236,103.501374,102.347588,88.230679,80.390905,51.467896,73.525566,73.525566,58.436005,73.525566,73.525566,66.173009,73.525566,99.0,120.0,112.0,127.0,122.0,139.0,91.0,176.0,134.0,187.0,156.0,181.0,109.0,161.0,119.5,166.0,187.6,185.3,237.0,232.0,188.0,250.0,240.0,230.0,270.0,155.0,151.0,211.0,232.0,243.0,530.0,510.0,520.0,520.0,520.0,610.6778528857326,626.764824484082,646.0839895198219,665.7932637266807,686.2390179473673,705.280467552648,728.6537990008558,752.1183718272964,775.6564604173333,799.2461514889097,822.9467671831392,869.4841897577024,915.7842680181924,961.8541371905587,1007.952781319019,1053.920679512007,1114.098011608255,1173.87409893676,1233.36151945892,1292.643783605799,1351.923779997296,1425.825279739972,1499.593302692053,1573.339513496475,1647.22703704239,1721.046366740827,1849.980244607665,1978.97506907123,2108.030468082568,2237.027207396596,2366.162433623095,2529.270388200997,2692.290590143635,2854.971122990593,3017.9884257249,3181.360230054896,3384.46988063783,3588.396719898733,3793.231632177294,3998.924816149171,4205.252835927089,4456.170014819638,4708.03739080965,4960.930141685641,5214.756075883731,5469.567310633055,5776.178244167611,6084.07564835666,6393.436946292399,6703.996231729433,7012.930375678065,7366.454968899116,7708.447608935898,8039.288027192149,8359.01426062797,8667.978394754353,9011.570595982914,9340.823526578562,9656.262286673476,9958.711078755754,10247.07501935264,10559.13643669945,10855.65254455713,11138.12046100021,11409.31806686434,11671.38323114751,11953.74765091613,12225.33987185405,12488.36334130049,12741.36134682739,12986.14647377341,13244.75911462441,13496.22291517764,13737.3916063134,13971.56869807155,14199.42498104388
Malawi,MW,MWI,Population,,2975.542,3030.229,3088.528,3149.943,3213.115,3279.971,3350.626,3424.849,3503.045,3585.273,3670.995,3760.073,3852.54,3948.473,4046.137,4146.177,4249.674,4356.35,4465.758,4576.609,4691.279,4811.589,4937.36,5070.515,5212.16,5362.573,5524.195,5705.771,5914.492,6143.006,6388.052,6644.857,6912.901,7190.518,7475.101,7765.916,8047.044,8539.304,8967.219,9385.222,9706.482,9981.971,10288.187,10279.861,10049.927,10250.307,10454.148,10669.922,10915.83,11179.778,11452.106,11734.011,12026.869,12336.279,12665.195,13014.868,13382.533,13770.153,14182.682,14608.894,15044.032,15486.013,15933.141,16390.49,16852.586,17318.588,17796.89,18282.54,18773.622,19277.882,19789.893,20304.623,20832.833,21376.132,21934.44,22497.799,23073.271,23659.104,24249.797,24857.207,25463.368,26063.702,26669.82,27287.022,27903.574,28524.016,29147.184,29777.835,30385.669,30997.505,31606.691,32215.801,32819.214,33425.768,34047.288,34654.62,35264.602,35871.384,36460.137,37061.869,37661.496,38267.154,38870.013,39479.133,40061.778,40653.265,41223.714,41799.004,42363.464,42947.84,43508.527,44063.335,44596.925,45112.711,45632.222,46149.353,46668.029,47176.227,47678.998,48168.891,48651.789,49128.331,49582.261,50031.006,50482.471,50935.234,51392.786,51844.859,52265.698,52684.762,53101.853,53507.713,53901.156,54288.141,54635.219,54988.822,55331.095,55670.324,56007.994,56324.921,56637.454,56929.291,57219.55,57489.657,57754.028,58004.401,58267.39,58511.763,58761.021,59016.045
Malaysia,MY,MYS,Cement production,kt cement,0.0,0.0,30.657283,90.370212,112.500832,104.768781,110.173465,110.183011,190.94674,286.499925,330.865047,323.51249,360.275273,462.981867,742.932925,852.896565,830.838895,933.774688,970.537471,1029.099485,1095.530933,1161.941801,1279.344848,1367.575527,1448.453649,1742.823381,1779.318696,2198.414422,2264.587431,2345.772793,2830.734289,3124.836553,3227.772345,3470.773525,3124.836553,3566.317014,3316.003024,3771.861533,4793.8669,5880.0,7451.0,8366.0,8797.0,9928.0,10713.0,12349.0,12668.0,10397.0,10104.0,11445.0,13820.0,14336.0,17243.0,15690.0,17860.0,18400.0,19480.0,19629.0,19457.0,19762.0,21198.0,21726.0,21457.0,22446.0,22347.0,20006.0,18762.0,17556.0,16102.0,19935.0,19963.0,19856.0,23190.0,27187.0,21380.15179800288,21439.38811226543,21510.43255743497,21589.88209810506,21674.47199265618,21822.2652693117,21975.35655764259,22140.46076427495,22314.8444596283,22492.34644875588,22676.92662371575,22721.46808355517,22773.16202278054,22830.84673381774,22897.97427647218,22967.37098072147,23040.88151294093,23120.90977832027,23211.64012142999,23308.16459096957,23405.63911679619,23502.9655638116,23607.5219222455,23715.94767044703,23823.43437643631,23933.0711738861,24031.58468840005,24120.21035137366,24203.60179728399,24281.03542703484,24348.64264679838,24406.22829726193,24460.63422933464,24509.48367458017,24553.80737982393,24596.32392861003,24631.01999991347,24661.58066375697,24683.87702712075,24699.96516494127,24715.37213706475,24723.24532063859,24726.16788092555,24725.00008247956,24720.01263628978,24715.05254963557,24707.47000077047,24697.56908693103,24682.68623318306,24660.95289326234,24638.08160387741,24611.71232459792,24585.23468976027,24547.8471304193,24506.32557600599,24460.94774751892,24408.30776282938,24356.53866305586,24300.71412263243,24240.68541916963,24180.98765264844,24120.22918778865,24054.45416167608,23988.08603505254,23920.53861679321,23852.86314091719,23784.0403522354,23715.55241039861,23646.08794482481,23574.61662321956,23504.78294883037,23434.00095210567,23362.67689594941,23293.14039984623,23225.71643464579,23157.74491287742
Malaysia,MY,MYS,Population,,6176.279,6338.555,6507.137,6680.749,6864.007,7055.919,7257.332,7468.312,7657.445,7854.127,8058.267,8270.618,8489.725,8714.596,8942.217,9170.599,9398.777,9615.421,9835.142,10060.053,10297.551,10549.356,10804.315,11066.927,11334.885,11608.942,11891.253,12180.173,12476.142,12779.583,13187.143,13611.263,14054.333,14517.482,15000.536,15503.981,16016.858,16536.615,17056.594,17573.4,18092.942,18591.985,19077.16,19568.169,20072.723,20588.474,21111.7,21638.737,22174.688,22696.373,23239.259,23813.818,24391.135,24968.069,25545.476,26126.667,26709.151,27287.626,27852.492,28397.063,28914.49,29409.588,29916.074,30432.455,30959.818,31505.777,32073.594,32637.695,33184.239,33696.952,34082.165,34482.632,34908.354,35344.242,35771.105,36184.571,36585.658,36984.516,37381.023,37767.553,38155.884,38539.687,38917.08,39278.668,39637.022,39992.628,40341.168,40683.395,41023.229,41348.543,41670.745,41986.44,42302.492,42609.414,42898.859,43177.55,43449.947,43710.971,43952.182,44178.897,44400.648,44604.577,44798.567,44981.369,45146.331,45292.85,45432.861,45562.274,45682.856,45799.312,45900.914,45994.362,46072.46,46138.754,46202.888,46251.084,46289.738,46320.349,46343.388,46365.638,46380.362,46390.292,46390.712,46378.289,46363.145,46339.22,46314.512,46269.761,46217.015,46156.759,46081.432,46007.109,45924.962,45834.711,45744.508,45651.042,45548.037,45443.466,45336.277,45228.378,45117.554,45006.894,44894.028,44777.087,44662.703,44545.889,44427.697,44312.385,44200.564,44087.388
Maldives,MV,MDV,Cement production,kt cement,,,,,,,,,,,,,,,,,,,,,0.0,0.0,0.0,0.0,0.0,0.0,0.0,0.0,0.0,0.0,0.0,0.0,0.0,0.0,0.0,0.0,0.0,0.0,0.0,0.0,0.0,0.0,0.0,0.0,0.0,0.0,0.0,0.0,0.0,0.0,0.0,0.0,0.0,0.0,0.0,0.0,0.0,0.0,0.0,0.0,0.0,0.0,0.0,0.0,0.0,0.0,0.0,0.0,0.0,0.0,0.0,0.0,0.0,0.0,150.3283647728531,155.9531919428936,161.1004938922266,166.1404022353262,171.0917707473664,177.1588460460421,182.8700860207292,188.6382040268838,194.446508218733,200.3000996786195,206.178382806888,206.9045928369414,207.7349673270132,208.6800401001076,209.688867047364,210.8040595114774,211.4898188147205,212.2638528277178,213.1368163782001,214.0912388496939,215.094077537368,215.7736323388308,216.519800997554,217.3258467202491,218.2377640150934,219.1688242032296,221.2136755752877,223.1493133781645,225.0146835415696,226.7527078553755,228.4057749429839,230.0189026197099,231.5261826642314,232.8956209228877,234.1450444878028,235.2712426346106,236.3579851410477,237.2674929934647,238.0510263411669,238.7193293442967,239.2991683876081,239.6373135309771,239.8491553076147,239.9432390120035,239.9546200146516,239.8791963299829,239.5494415991838,239.1303001537218,238.6561702419684,238.0731023296489,237.4524125067378,236.5880910187858,235.6687598313069,234.6644231570165,233.5791456162657,232.4940531348627,231.2761220238121,230.0318109061469,228.8413483260495,227.6397506922206,226.4513734001371,225.2069553172437,223.986780740622,222.8440293630846,221.7231602171913,220.7424130463629,219.7611495199372,218.9114732692874,218.0881007779541,217.3565740814128,216.7160181425371,216.1268807991119,215.5716716749973,215.0725287937643,214.6410090608762,214.2365664869038
Maldives,MV,MDV,Population,,75.057,76.369,77.757,79.225,80.772,82.431,84.184,86.057,88.029,90.085,92.294,94.605,96.999,99.445,101.879,106.325,110.688,114.367,117.782,121.345,125.092,128.978,132.958,136.947,141.01,145.306,149.745,154.115,158.202,162.518,167.152,171.913,176.752,181.504,186.892,193.446,200.425,207.463,214.306,221.171,228.353,235.25,241.836,247.932,253.712,259.586,265.108,270.307,275.138,279.686,284.351,289.184,294.048,298.934,303.891,308.967,318.735,330.223,342.117,354.433,367.151,380.197,393.439,406.702,420.532,435.776,450.84,465.734,480.463,494.999,509.238,523.069,525.144,526.844,528.754,530.598,532.436,534.426,536.561,538.58,540.754,543.088,545.477,547.959,550.351,552.837,555.337,557.929,560.53,563.377,566.22,568.989,571.766,574.505,577.114,579.792,582.251,584.533,586.907,589.054,590.871,592.385,593.753,594.754,595.557,596.28,596.73,596.793,596.542,595.971,595.403,594.328,592.937,591.273,589.432,587.448,585.134,582.525,579.742,576.774,573.565,570.145,566.627,562.842,559.018,555.01,550.888,546.562,542.048,537.594,533.152,528.673,524.395,520.123,515.928,511.825,507.82,504.065,500.397,497.153,494.005,491.247,488.577,486.179,484.048,482.092,480.239,478.55,477.056,475.643
Mali,ML,MLI,Cement production,kt cement,,,,,,,,,0.0,0.0,0.0,0.0,0.0,0.0,0.0,0.0,0.0,0.0,0.0,0.0,0.0,0.0,44.11534,44.11534,51.467896,51.467896,36.762783,36.762783,29.410226,22.05767,22.05767,29.410226,22.05767,22.05767,22.05767,22.05767,22.05767,22.05767,22.05767,20.0,20.0,20.0,20.0,15.0,13.0,12.0,30.0,0.0,0.0,0.0,0.0,0.0,,,,,,,,,0.0,0.0,440.0,660.0,630.0,650.0,670.0,1000.0,1000.0,1500.0,1700.0,1800.0,1800.0,1800.0,2119.818481533764,2185.782147384896,2258.328293518039,2329.721619363074,2403.635612658669,2484.796116694787,2596.540069123087,2705.826382125144,2813.341101145442,2919.406217125291,3024.333565590793,3186.3147192376,3347.367431137739,3507.725854634375,3667.561544269915,3827.119348632489,4021.443501447842,4215.036446056668,4408.033428154391,4600.971273821039,4794.855369759852,5030.258277702918,5266.628817933184,5504.150885515865,5742.871401131371,5982.845655213089,6408.48400615525,6824.737550246698,7228.506049914415,7620.464511753583,8001.261949102211,8460.67190200949,8901.438007064255,9325.144771007366,9733.113836135259,10126.66300166002,10582.02883377403,11015.99372780935,11430.76371219296,11831.34912418928,12221.99462190791,12665.16506251223,13094.87380529751,13511.9782118603,13917.32886597975,14311.13247042501,14747.51221810513,15169.86497816629,15577.70861156252,15972.80181387189,16355.65015838242,16769.8322758498,17169.11701280856,17554.76031288656,17927.34603571002,18287.56292987943,18668.89573077316,19037.70101341037,19394.43926003764,19741.45498203015,20077.53854505129,20431.97641234966,20774.41944947325,21106.58581911793,21427.61790590769,21738.24130697228,22063.36964035753,22376.10888742095,22677.10530805338,22968.33232311339,23250.55289691146,23541.0051337804,23819.82216960052,24087.76273119118,24346.69840026323,24594.97526496714
Mali,ML,MLI,Population,,4731.659,4801.743,4870.983,4938.617,5007.203,5076.664,5147.288,5218.972,5287.965,5363.312,5441.788,5522.778,5605.056,5688.154,5772.096,5858.878,5945.531,6036.281,6129.676,6225.732,6327.212,6428.676,6538.776,6655.437,6775.436,6899.086,7022.871,7159.086,7300.217,7450.314,7610.715,7774.816,7945.573,8123.228,8293.969,8455.357,8607.197,8755.131,8912.862,9087.013,9270.647,9455.13,9651.951,9857.621,10076.442,10294.289,10520.267,10772.723,11066.423,11388.406,11730.175,12094.141,12481.959,12887.951,13316.867,13760.428,14219.851,14695.7,15185.865,15685.212,16205.184,16732.913,17181.152,17738.078,18302.455,18883.589,19498.99,20127.031,20757.028,21379.781,22047.89,22729.371,23415.909,24122.346,24834.845,25562.798,26301.752,27056.587,27824.634,28606.389,29399.341,30209.736,31028.041,31857.552,32695.8,33540.89,34394.887,35252.013,36119.135,36979.83,37847.456,38714.276,39588.281,40464.366,41340.64,42217.323,43093.967,43967.741,44843.698,45715.849,46592.309,47466.179,48339.993,49209.341,50073.63,50939.61,51800.506,52660.006,53514.213,54363.477,55211.462,56052.307,56887.175,57714.905,58536.109,59346.064,60154.195,60956.794,61752.093,62534.106,63304.814,64070.705,64818.765,65555.306,66277.748,66983.336,67676.279,68357.683,69025.233,69678.184,70310.167,70936.091,71540.192,72132.655,72704.434,73257.955,73793.065,74315.847,74819.584,75305.926,75773.79,76220.914,76648.303,77063.174,77467.103,77846.96,78208.359,78552.883,78886.947,79202.005
Malta,MT,MLT,Cement production,kt cement,0.0,0.0,0.0,0.0,0.0,0.0,0.0,0.0,0.0,0.0,0.0,0.0,0.0,0.0,0.0,0.0,0.0,0.0,0.0,0.0,0.0,0.0,0.0,0.0,0.0,0.0,0.0,0.0,0.0,0.0,0.0,0.0,0.0,0.0,0.0,0.0,0.0,0.0,0.0,0.0,0.0,0.0,0.0,0.0,0.0,0.0,0.0,0.0,0.0,0.0,0.0,0.0,0.0,0.0,0.0,0.0,0.0,0.0,0.0,0.0,0.0,0.0,0.0,0.0,0.0,0.0,0.0,0.0,0.0,0.0,0.0,0.0,0.0,0.0,160.2925799270586,163.4465097209336,166.2513428995094,169.0948023791197,171.9463037456648,174.4175317296143,176.509717349085,178.4894921932178,180.3582265554445,182.0768169896755,183.6396667718897,183.7343804124062,183.7691736999756,183.7427979839779,183.6355825924579,183.4895296678922,182.9820916178954,182.4320137665914,181.8927558347679,181.3267394001429,180.7605221303721,179.9947343719694,179.2369906087559,178.4387170045784,177.6835759068427,176.9718974571307,177.0683055325721,177.1085413059033,177.1432727821122,177.1785041468911,177.2194267026295,177.1706625156143,177.1039295907242,177.0423033624996,176.9378744911185,176.7672904385115,176.5027778790979,176.2142019412553,175.8605927593568,175.4983083555297,175.080043868477,174.5616179355845,174.0001465228476,173.3900087849744,172.7201622039868,172.0203508363781,171.229620700064,170.3923688211109,169.5233002743266,168.6276732776489,167.7075012115775,166.6800879407513,165.5613252627915,164.442470092185,163.3196516997729,162.1754122033992,160.9592551843217,159.7103192972025,158.5041664484068,157.2620954966832,156.0471765556779,154.8308605014183,153.5967124941681,152.4037954650041,151.2789199920649,150.1464366505065,149.0252239219962,147.9305556903038,146.8889009019121,145.8632497097463,144.8389636266108,143.8569268540119,142.9481062962474,142.0558193138683,141.190417851168,140.3251240027819
Malta,MT,MLT,Population,,298.236,302.674,307.141,311.546,315.943,320.335,324.577,328.811,330.005,330.701,330.939,330.758,330.219,329.392,328.185,326.611,324.738,322.888,324.136,325.37,326.652,327.933,329.285,330.82,332.538,334.363,336.209,338.112,340.01,341.932,343.822,345.682,347.607,349.575,351.527,353.605,356.548,359.613,362.835,366.208,369.608,373.055,376.534,379.9,383.008,386.091,389.157,392.201,395.348,398.429,401.361,404.208,406.921,409.532,412.063,414.576,416.333,418.06,419.878,421.711,423.59,425.667,427.554,429.351,439.618,450.343,460.195,475.61,493.505,514.526,521.887,526.866,529.518,536.394,542.82,547.99,550.032,551.918,553.491,554.72,555.743,556.497,557.056,557.159,556.783,556.233,555.53,554.665,553.545,552.33,551.14,549.78,548.457,546.955,545.442,543.826,542.175,540.238,538.44,536.717,534.726,532.552,530.42,528.344,526.345,524.096,521.818,519.611,517.267,514.689,512.039,509.33,506.392,503.463,500.348,497.067,493.653,490.086,486.325,482.492,478.645,474.653,470.576,466.436,462.242,457.949,453.343,448.773,444.224,439.631,435.016,430.31,425.79,421.168,416.673,412.296,407.879,403.632,399.647,395.655,391.708,387.873,384.24,380.679,377.139,373.687,370.501,367.386,364.376,361.38
Marshall Islands,MH,MHL,Cement production,kt cement,,,,,,,,,,,,,,,,,,,,,,,,,,,,,,,,,,,,,,,,,,0.0,0.0,0.0,0.0,0.0,0.0,0.0,0.0,0.0,0.0,0.0,0.0,0.0,0.0,0.0,0.0,0.0,0.0,0.0,0.0,0.0,0.0,0.0,0.0,0.0,0.0,0.0,0.0,0.0,0.0,0.0,0.0,0.0,9.638788166363419,9.226716935649842,8.85285668275875,8.508974751822834,8.19602719746986,7.896124049072819,7.613414976451941,7.363530840748793,7.142415529002634,6.945031431158093,6.768884225036357,6.591214249810438,6.436422426254194,6.29381546424267,6.170039211138758,6.056165688978099,5.942981352379746,5.840344132740915,5.74736445045569,5.658807539066301,5.577786998504553,5.494935742158669,5.418132809530163,5.346434226927304,5.275441432412038,5.205587708580688,5.185172830465116,5.161664788998702,5.14063127821296,5.121659876327783,5.099389100201705,5.076087269625345,5.05752828952028,5.041237629205835,5.031339506483134,5.017935798629475,5.007831465016718,4.997108498733791,4.988860063131539,4.986179321560808,4.985354478000582,4.98556068889064,4.992365648262497,4.996489866063623,5.005356934336043,5.012161893707899,5.020822751090262,5.028864975802458,5.035463724284259,5.045568057897016,5.052785439048985,5.064333248892138,5.071550630044108,5.080211487426472,5.08907855569889,5.093615195280129,5.09918288931165,5.101451209102267,5.104750583343169,5.107225114023843,5.105575426903394,5.101657419992324,5.098564256641479,5.092377929939791,5.08577918145799,5.074231371614839,5.064127038002081,5.051960595488761,5.037319622294765,5.021647594650488,5.007419043236605,4.990097328471878,4.974012879047486,4.954216633602084,4.935451442606964,4.918954571402462
Marshall Islands,MH,MHL,Population,,13.064,13.159,13.271,13.348,13.435,13.53,13.61,13.666,13.944,14.449,14.956,15.482,16.028,16.575,17.13,17.675,18.178,19.132,20.592,22.017,23.043,23.69,24.295,24.867,25.725,26.582,27.46,28.351,29.268,30.209,31.34,32.694,34.099,35.523,37.005,38.518,40.054,41.602,43.04,44.132,45.126,46.009,46.766,47.421,48.002,48.529,49.021,49.497,49.937,50.466,50.947,51.298,51.551,51.726,51.857,51.955,52.03,52.04,52.02,52.017,52.07,51.745,51.093,50.269,49.323,48.278,47.14,45.918,44.652,43.361,42.052,40.682,39.472,38.182,36.914,35.65,34.5,33.452,32.5,31.595,30.778,30.058,29.423,28.859,28.36,27.925,27.562,27.226,26.955,26.707,26.487,26.297,26.135,25.976,25.837,25.708,25.594,25.484,25.37,25.244,25.145,25.031,24.929,24.837,24.729,24.616,24.526,24.447,24.399,24.334,24.285,24.233,24.193,24.18,24.176,24.177,24.21,24.23,24.273,24.306,24.348,24.387,24.419,24.468,24.503,24.559,24.594,24.636,24.679,24.701,24.728,24.739,24.755,24.767,24.759,24.74,24.725,24.695,24.663,24.607,24.558,24.499,24.428,24.352,24.283,24.199,24.121,24.025,23.934,23.854
Martinique,MQ,MTQ,Cement production,kt cement,0.0,0.0,0.0,0.0,0.0,0.0,0.0,0.0,0.0,0.0,0.0,0.0,0.0,0.0,0.0,0.0,0.0,0.0,0.0,0.0,0.0,0.0,0.0,0.0,0.0,0.0,0.0,0.0,0.0,176.461358,176.461358,198.519028,205.871585,191.166471,198.519028,198.519028,198.519028,198.519028,198.519028,250.0,245.0,240.0,220.0,220.0,220.0,220.0,220.0,220.0,220.0,255.0,255.0,221.0,220.0,220.0,220.0,220.0,220.0,150.0,150.0,150.0,150.0,150.0,150.0,150.0,150.0,150.0,150.0,150.0,150.0,150.0,150.0,150.0,150.0,150.0,138.7675285416452,136.7956597588718,134.8417264813631,133.0381119883897,131.3450508155568,129.8929734376566,128.0114799530393,126.2609520093222,124.6251970711408,123.1003745843238,121.6704730687807,119.1825081719054,116.8468163670442,114.6780964350727,112.6439319550608,110.7245002841113,108.7070588632213,106.8128762685185,105.0044632507555,103.2844364066548,101.647199153224,99.97606072334631,98.38766217359256,96.85082628130928,95.3619685782703,93.91450617196179,93.03137140598174,92.13730101250549,91.23494605274426,90.33126556237745,89.42857921996482,88.54279339277356,87.6580017135365,86.78480842709845,85.95204382413115,85.11828507320965,84.3209784139421,83.53792120868474,82.78535120735616,82.06028596609373,81.36106857164049,80.70161709535519,80.08822780761446,79.50731401971088,78.96318370611267,78.45152889235162,77.97997137940995,77.5359186265344,77.12931211326703,76.75584386513964,76.40358410670183,76.07949187363297,75.75771931912391,75.46543982058944,75.19006083727632,74.92230365494541,74.6611741256425,74.39706215247699,74.14521133741324,73.89336052234952,73.637533115469,73.39065304017626,73.14609264344332,72.8922535324712,72.64371654392146,72.39219711150913,72.1343814087202,71.8788853844911,71.61676170723396,71.34867314225167,71.08389840378335,70.81580983880103,70.53844255957954,70.25245933142163,69.96813301652072,69.67386522207786
Martinique,MQ,MTQ,Population,,234.827,240.127,245.529,251.797,258.511,263.572,268.9,274.449,279.994,285.785,291.756,297.405,302.11,306.345,310.55,314.969,319.182,322.663,324.393,325.291,325.749,326.22,326.466,326.266,326.482,328.196,329.74,330.796,331.508,332.051,332.518,333.455,336.623,340.686,344.96,349.337,353.819,358.454,363.127,368.002,373.998,380.607,387.255,393.828,400.311,406.683,412.972,419.2,424.427,423.35,419.414,414.879,410.054,406.758,403.435,400.259,400.641,400.972,400.42,398.622,396.145,392.986,390.477,388.455,385.574,381.888,375.884,367.12,361.059,358.164,355.065,351.491,347.427,344.576,341.813,339.065,336.357,333.814,331.303,328.828,326.448,324.126,321.847,319.623,317.412,315.273,313.126,311.049,308.989,306.921,304.775,302.631,300.412,298.153,295.865,293.509,291.117,288.631,286.062,283.402,280.737,278.039,275.316,272.589,269.865,267.192,264.522,261.887,259.374,256.858,254.452,252.089,249.818,247.63,245.52,243.53,241.679,239.926,238.284,236.74,235.317,233.977,232.75,231.623,230.56,229.582,228.611,227.729,226.898,226.09,225.302,224.505,223.745,222.985,222.213,221.468,220.73,219.964,219.214,218.455,217.677,216.906,216.115,215.306,214.507,213.698,212.861,211.998,211.14,210.252
Mauritania,MR,MRT,Cement production,kt cement,,,,,,,,,0.0,0.0,0.0,0.0,0.0,0.0,0.0,0.0,0.0,0.0,0.0,0.0,0.0,0.0,0.0,0.0,0.0,0.0,0.0,0.0,0.0,0.0,59.147233,0.0,0.0,0.0,0.0,0.0,80.878123,88.230679,88.230679,104.0,105.0,122.0,111.0,374.0,120.0,100.0,80.0,100.0,100.0,120.0,200.0,200.0,200.0,300.0,300.0,373.963,409.513,322.0,324.415,552.0,565.0,630.0,690.0,870.0,860.0,790.0,850.0,1023.0,1000.0,1000.0,1000.0,1000.0,1000.0,1000.0,1174.752145744776,1201.843168522756,1246.19664648689,1303.809193200003,1337.25114833632,1369.298765946339,1400.601706600992,1431.12209894836,1461.160958955391,1490.893573758224,1520.406577591553,1556.57598338788,1592.542579419705,1628.358914155909,1664.15996662035,1699.904545304644,1727.667014180666,1755.933928681535,1784.785371467463,1814.20325017211,1844.421820987698,1867.010467074915,1891.494685452331,1917.568518747323,1945.204196997134,1973.940152562001,2040.111145439804,2105.520467424332,2170.152415298141,2233.942392478044,2296.907015920291,2366.795651663698,2435.438881092547,2503.254091231903,2570.423403655398,2636.671168147647,2708.975775541346,2780.12972869362,2850.209577360763,2919.151483078258,2987.484155606108,3059.990527085527,3131.536257146596,3202.013851845685,3271.082329431455,3339.295999947811,3411.200955317044,3482.152182190632,3551.632287995376,3620.050116953322,3687.546967299848,3758.19812141247,3827.782619881022,3896.423964886551,3964.020091703987,4030.196234892972,4098.708745393467,4166.320806291511,4232.667737827166,4298.263540058059,4362.59974320808,4428.440343356939,4493.368792442707,4557.373866641163,4620.039901465387,4681.469660538584,4743.924261530589,4805.35941981508,4865.348219963626,4924.35277300033,4982.196468847737,5040.525351193468,5098.242384734906,5154.638208988611,5209.995334045648,5263.574952235496
Mauritania,MR,MRT,Population,,664.087,677.68,691.929,706.851,722.494,738.954,756.258,774.435,793.557,813.656,834.939,857.394,880.975,905.872,932.038,959.639,988.675,1019.011,1050.467,1083.04,1116.572,1150.832,1185.878,1221.797,1258.58,1296.08,1334.593,1372.944,1412.482,1453.034,1495.051,1538.702,1583.649,1629.844,1677.541,1726.672,1776.998,1829.031,1882.686,1923.41,1980.346,2039.13,2137.141,2211.515,2287.392,2336.642,2379.734,2442.878,2506.423,2576.973,2649.91,2707.609,2769.7,2834.392,2902.935,2975.182,3052.138,3133.981,3232.556,3336.341,3445.588,3560.035,3678.033,3790.604,3906.423,4025.494,4147.819,4273.38,4401.99,4533.426,4666.836,4802.913,4948.362,5096.521,5242.27,5387.859,5534.779,5682.803,5833.11,5985.283,6139.773,6295.805,6453.886,6613.795,6775.106,6937.531,7100.938,7265.3,7431.429,7598.054,7765.763,7934.683,8106.285,8278.813,8451.551,8625.511,8801.008,8975.954,9152.484,9327.872,9503.324,9680.677,9858.745,10036.154,10212.506,10388.394,10562.823,10738.529,10916.149,11092.814,11267.625,11442.432,11617.035,11790.368,11965.524,12137.946,12311.342,12484.352,12654.37,12824.439,12992.461,13161.188,13327.12,13491.238,13653.795,13815.708,13975.973,14135.004,14292.039,14444.963,14596.619,14747.41,14895.287,15042.649,15186.815,15328.428,15468.956,15608.162,15743.94,15876.683,16006.893,16135.382,16260.09,16383.015,16503.264,16619.612,16735.967,16849.109,16960.181,17065.958
Mauritius,MU,MUS,Cement production,kt cement,0.0,0.0,0.0,0.0,0.0,0.0,0.0,0.0,0.0,0.0,0.0,0.0,0.0,0.0,0.0,0.0,0.0,0.0,0.0,0.0,0.0,0.0,0.0,0.0,0.0,0.0,0.0,0.0,0.0,0.0,0.0,0.0,0.0,0.0,0.0,0.0,0.0,0.0,0.0,0.0,0.0,0.0,0.0,0.0,0.0,0.0,0.0,0.0,0.0,0.0,0.0,0.0,0.0,0.0,0.0,0.0,0.0,0.0,0.0,0.0,0.0,0.0,0.0,0.0,0.0,0.0,0.0,0.0,0.0,0.0,0.0,0.0,0.0,0.0,156.7790041135483,160.5200928765246,164.6873037262719,168.7149133582705,172.8694195560677,175.8538337320737,176.0194924867685,176.528685983604,177.3426096382368,178.4228745879354,179.7322976287625,180.9385801230833,182.4293865009913,184.1629577628686,186.1121781756474,188.2498093158125,188.590963341035,189.2668104742727,190.0530584525377,190.9230350316878,191.8734539288769,191.0103584112664,190.3971519847494,189.9705044647124,189.6811012209553,189.4857208683833,192.0270368534596,194.3879637651574,196.5684754288324,198.5660909349072,200.385910804859,201.9286568620448,203.3003038066761,204.510615455449,205.5626322597189,206.5061533349883,207.2139061672072,207.8314632975688,208.3552485042981,208.7915259836247,209.1309608711794,209.2728467964686,209.3377702364406,209.3185864380211,209.2174786646812,209.029176519432,208.6420960511251,208.1891211957371,207.6474333374987,207.031644467719,206.3405086378014,205.4889407396491,204.5664814787671,203.5701706480217,202.5137036036803,201.3946387151688,200.1394751685968,198.8286991305748,197.4605031957513,196.0560239347225,194.6068419382578,193.0590552622212,191.492389924426,189.9193518511505,188.3336570648142,186.735951884342,185.1002788210612,183.4650565403356,181.8358553439352,180.2084188689818,178.5961714395822,176.9787629218842,175.3781321508119,173.7915330740107,172.2264519159392,170.6759024638722
Mauritius,MU,MUS,Population,,533.193,549.146,565.205,578.636,592.322,606.855,622.259,638.548,655.759,673.91,686.752,698.306,712.243,728.458,744.615,760.706,776.594,791.92,806.641,820.841,834.55,847.663,859.544,870.745,882.181,893.865,905.839,918.455,932.098,946.676,961.756,976.68,990.539,1004.194,1018.282,1031.845,1044.843,1057.38,1069.807,1082.157,1095.89,1110.192,1125.148,1139.639,1153.457,1166.184,1178.582,1190.015,1200.196,1211.587,1221.67,1229.932,1238.239,1245.958,1253.641,1260.789,1266.772,1272.265,1277.005,1280.939,1284.48,1288.054,1290.286,1291.681,1292.328,1292.223,1291.384,1289.926,1287.741,1284.799,1281.647,1277.6,1274.659,1272.517,1269.821,1266.738,1263.379,1259.884,1256.202,1252.364,1248.501,1244.283,1239.755,1234.884,1229.71,1224.199,1218.371,1212.245,1205.773,1198.864,1191.581,1183.956,1176.036,1167.691,1159.128,1150.19,1141.025,1131.582,1121.945,1112.142,1102.251,1092.226,1082.101,1071.835,1061.533,1051.191,1040.721,1030.251,1019.783,1009.228,998.586,987.918,977.185,966.453,955.626,944.72,933.848,922.94,912.014,901.024,889.922,878.872,867.694,856.503,845.288,834.073,822.818,811.504,800.222,788.952,777.724,766.508,755.291,744.195,733.163,722.193,711.327,700.63,690.062,679.622,669.365,659.28,649.39,639.667,630.173,620.886,611.817,602.946,594.303,585.848
Mexico,MX,MEX,Cement production,kt cement,1617.562451,1661.67779,1669.030347,1749.90847,2014.600507,2279.292544,2558.879918,2536.632025,2705.740827,3088.07377,3036.605874,3352.573142,3764.30097,4418.668372,4301.036006,4926.212919,5595.067859,6124.679644,6786.166453,7183.447793,7359.909152,8602.491216,9786.252828,10595.034053,11609.945714,12580.224334,13226.997803,14058.08821,15175.676812,16242.01938,17977.000875,19293.340592,17065.283857,18432.859384,20682.741702,19748.967014,22344.686081,22513.528294,22763.745889,24289.012,24784.602,26586.993,28029.205,31480.242,25121.619,28047.21,29526.391,30727.575,31801.609,33227.839,32133.621,33371.512,33593.401,34992.442,37451.616,40362.002,43319.522,42275.223,40901.818,39064.706,40552.226,41665.656,39391.285,41483.652,44381.125,47715.175,48358.006,45542.012,42430.965,44996.769,48635.786,46718.799,46748.356,47361.132,44629.57277299753,44938.13862091811,45289.22456931521,45616.31930283671,45963.80442269555,46466.47600304719,46846.57592565869,47231.98778242926,47622.31717512038,48017.09653609973,48417.25989000109,48399.34817940071,48396.5563930706,48409.59906670191,48435.2880253441,48474.34518311986,48487.26351413916,48517.58175982489,48563.04968568694,48621.26522313349,48692.1615380595,48752.37099786453,48826.18482720947,48909.77665582357,49003.99292148988,49105.06845296446,49496.26164202269,49869.70783314955,50226.37078567631,50565.95549333021,50889.23762761067,51199.8155141216,51494.37936202878,51774.19561171452,52039.64278226531,52289.76992063243,52527.59251677905,52751.4498014449,52961.01210122152,53156.08499907031,53336.92727221116,53504.15864344253,53657.89730218609,53798.70071897883,53925.70094551924,54039.18991046865,54135.02993400191,54219.6178456838,54290.67275931085,54348.58884794399,54394.10360682963,54420.5731461751,54435.70531396825,54439.27144937203,54431.28365611892,54411.942981799,54373.90173134249,54325.31260844591,54268.96499102794,54201.15270250947,54123.20276993126,54026.31423390141,53921.22342682103,53808.32388237469,53688.03865948032,53558.76608296368,53414.34977060566,53262.23632563925,53104.7663259277,52938.79240478052,52766.31622412416,52581.05456069669,52391.59083727531,52197.56137230205,52000.00753399661,51798.5962966107
Mexico,MX,MEX,Population,,27944.318,28696.647,29483.698,30314.769,31191.241,32109.959,33065.91,34059.537,35090.599,36163.932,37285.297,38494.939,39763.462,41084.667,42459.431,43889.523,45368.689,46890.527,48446.079,50020.308,51609.598,53215.518,54844.818,56489.75,58150.549,59814.251,61476.772,63140.215,64817.878,66479.853,68120.816,69663.4,71203.119,72739.361,74274.332,75812.496,77358.778,78914.523,80476.539,82017.824,83622.516,85238.629,86850.989,88456.626,90061.783,91663.126,93242.279,94800.135,96350.355,97881.058,99370.046,100828.153,102269.095,103687.936,105100.326,106522.682,107984.649,109564.071,111184.505,112814.937,114432.853,116054.154,117582.263,119104.883,120463.639,121680.973,122821.728,123978.387,125169.035,126356.93,127241.179,128055.116,129171.119,130308.399,131413.615,132480.185,133515.13,134520.286,135497.108,136444.674,137364.802,138257.327,139123.06,139961.111,140762.942,141538.696,142279.63,142995.462,143676.977,144319.607,144929.04,145506.507,146048.404,146551.61,147023.824,147456.36,147851.959,148208.332,148536.131,148819.664,149072.883,149290.81,149476.719,149628.697,149749.284,149839.806,149899.648,149933.212,149941.354,149919.873,149866.7,149789.004,149685.067,149553.769,149395.716,149209.363,148998.518,148764.84,148504.936,148219.603,147906.819,147575.31,147216.982,146833.076,146425.97,145997.532,145547.83,145076.008,144582.033,144066.499,143530.164,142973.451,142405.279,141814.546,141206.671,140578.213,139937.043,139284.252,138621.003,137942.217,137251.932,136548.573,135839.17,135114.098,134379.347,133637.502,132891.448,132139.994,131386.105,130628.673
Micronesia (Fed. States of),FM,FSM,Cement production,kt cement,,,,,,,,,,,,,,,,,,,,,,,,,,,,,,,,,,,,,,,,,,0.0,0.0,0.0,0.0,0.0,0.0,0.0,0.0,0.0,0.0,0.0,0.0,0.0,0.0,0.0,0.0,0.0,0.0,0.0,0.0,0.0,0.0,0.0,0.0,0.0,0.0,0.0,0.0,0.0,0.0,0.0,0.0,0.0,29.90615791073765,29.92737081393558,29.88494584867554,29.81644134022243,29.7533297185731,29.77904905106427,30.14476337547658,30.49781152183727,30.84091607727367,31.17100397085145,31.49241141819961,32.01300444033564,32.48418335259554,32.92683675872234,33.3370157966029,33.72551230786829,34.31012094008947,34.84739342896092,35.34126811696344,35.80423502977465,36.23109481576581,36.81896356351468,37.34600972781098,37.83299983403709,38.27058543795623,38.67258867776651,39.54266880776858,40.34820069706517,41.1051216106883,41.82217134800079,42.5015905271678,43.30174734591594,44.05299402375644,44.77522883741108,45.4584281458056,46.09808999679226,46.82842206839979,47.52480397950785,48.17108017701179,48.78283446237034,49.35298172799281,49.98220024175497,50.57185843958168,51.11712070138874,51.63873880493018,52.11149557871714,52.62685619669142,53.08800255428932,53.51942286221623,53.89572846704117,54.24974645066367,54.61936664533945,54.95157656519526,55.23802501559749,55.48746117071051,55.71886143816803,55.95825860734826,56.16342238075745,56.34555029359278,56.50160490690505,56.6353982550488,56.773089845249,56.87295163328243,56.95552203907116,57.04087271731949,57.10628047628369,57.17357212159686,57.22309991259583,57.2454740547837,57.26715947666453,57.27982219186419,57.2862632411272,57.26976229376803,57.24705243798302,57.20594450639155,57.16483253311328
Micronesia (Fed. States of),FM,FSM,Population,,32.556,33.45,34.41,35.412,36.43,37.518,38.641,39.796,41.019,42.299,43.823,45.397,47.038,48.45,49.913,51.454,53.061,54.632,56.282,58.009,59.835,61.438,63.117,64.855,66.642,68.215,69.882,71.624,73.885,76.223,78.591,80.998,83.44,85.919,88.433,90.981,93.552,96.135,98.058,99.948,101.829,103.678,105.935,108.197,109.953,110.507,110.914,111.228,111.527,111.832,112.256,112.475,112.421,112.149,111.702,111.122,110.336,109.425,108.448,107.467,107.612,107.784,107.996,108.245,108.547,108.884,109.265,109.698,110.121,110.443,111.39,111.859,112.368,112.893,113.428,113.938,114.427,114.972,115.525,116.074,116.625,117.181,117.746,118.292,118.868,119.418,119.937,120.483,120.979,121.445,121.917,122.392,122.862,123.356,123.824,124.305,124.774,125.244,125.726,126.179,126.637,127.07,127.507,127.923,128.315,128.703,129.073,129.488,129.889,130.246,130.553,130.897,131.2,131.505,131.775,132.0,132.225,132.42,132.641,132.797,132.92,132.986,133.071,133.087,133.122,133.118,133.098,133.029,132.928,132.84,132.729,132.591,132.449,132.289,132.116,131.93,131.693,131.453,131.256,131.041,130.818,130.583,130.31,130.061,129.813,129.541,129.237,128.939,128.616,128.31
Mongolia,MN,MNG,Cement production,kt cement,0.0,0.0,0.0,0.0,0.0,0.0,0.0,0.0,0.0,0.0,0.0,0.0,0.0,0.0,0.0,0.0,51.467896,73.525566,73.525566,95.583236,95.698814,139.698575,147.051132,169.108802,161.756245,161.891042,102.935792,169.108802,183.813915,176.461358,213.224141,352.922717,161.756245,139.619201,146.991428,426.448283,544.277715,499.815779,514.678962,441.0,227.0,133.0,82.0,86.0,109.0,106.0,112.0,109.0,104.0,92.0,68.0,148.0,162.0,61.9,111.9,140.8,179.8,269.0,235.0,323.0,426.0,349.0,259.0,411.0,410.0,432.0,675.0,934.0,1098.0,1182.0,1293.0,1358.0,1358.0,1358.0,1491.623827804015,1534.069088643092,1571.372186862031,1608.995040148652,1644.180409690695,1672.546122322618,1702.300316521857,1731.923541693448,1761.391889363222,1790.982725928378,1820.712893558564,1845.567468190949,1870.458316079838,1895.502481759373,1920.265853267722,1945.071121813751,1970.533705508976,1995.804238107829,2020.676403510839,2045.06942276046,2069.115286571774,2094.183421127856,2118.438461104178,2142.204854483042,2165.426650651691,2188.359918597454,2216.913813893986,2244.713879322864,2271.529500562087,2297.5262096673,2322.546221307697,2348.634932479065,2373.836479693175,2398.448945738424,2422.03899547996,2445.0437848741,2469.329916789036,2492.576717263278,2515.203674427255,2537.322983069689,2559.038943720078,2581.569507811891,2603.795779272363,2625.129579231632,2646.038581596371,2666.351557568861,2687.265298181393,2707.461727438698,2727.134391588031,2746.566142043876,2765.476126665812,2784.555990209013,2803.155662911181,2820.866076832207,2838.802709567301,2855.827530208279,2872.735673730503,2889.014828382114,2904.600315255158,2919.973450196361,2934.770465359049,2949.713509255903,2963.677716466896,2977.436151095996,2991.012576558009,3004.133791383524,3017.066359006579,3029.223396115874,3040.994134776563,3052.101006865202,3062.654520393532,3073.219325513222,3082.661299866827,3091.587935820374,3099.916058299696,3107.252662581143
Mongolia,MN,MNG,Population,,788.033,800.614,813.558,826.987,841.048,856.32,880.644,905.824,932.756,962.066,993.124,1025.445,1057.442,1085.283,1115.185,1147.168,1180.34,1213.653,1246.207,1278.362,1312.181,1347.961,1385.681,1425.323,1466.776,1509.817,1554.073,1598.416,1640.521,1680.796,1721.875,1763.838,1806.891,1851.293,1897.404,1945.623,1996.307,2049.292,2103.351,2145.019,2184.128,2221.408,2256.838,2290.187,2321.301,2350.129,2376.8,2401.456,2424.112,2443.968,2466.396,2489.003,2511.146,2532.464,2553.121,2573.801,2595.71,2620.221,2648.627,2682.025,2721.439,2768.922,2821.996,2881.765,2944.312,3008.739,3072.885,3135.843,3199.569,3264.658,3316.913,3362.435,3409.595,3454.27,3496.81,3537.39,3576.206,3614.177,3651.137,3687.276,3723.187,3758.738,3795.031,3832.226,3870.362,3909.189,3949.141,3990.294,4031.814,4074.235,4116.873,4159.904,4203.033,4245.393,4287.731,4329.828,4370.316,4409.631,4447.428,4484.156,4518.83,4552.699,4585.117,4616.46,4646.293,4674.674,4702.078,4729.16,4754.832,4780.222,4805.513,4829.688,4853.636,4877.522,4901.497,4925.891,4950.646,4974.373,4998.045,5021.224,5044.948,5067.939,5090.562,5113.367,5135.709,5157.773,5179.488,5199.965,5221.478,5241.639,5261.015,5279.661,5297.418,5315.231,5332.338,5349.262,5364.707,5380.189,5395.725,5410.751,5425.068,5438.27,5451.099,5462.997,5474.164,5485.162,5494.346,5502.873,5510.57,5516.678
Montenegro,ME,MNE,Cement production,kt cement,0.0,0.0,0.0,0.0,0.0,0.0,0.0,0.0,0.0,0.0,0.0,0.0,0.0,0.0,0.0,0.0,0.0,0.0,0.0,0.0,0.0,0.0,0.0,0.0,0.0,0.0,0.0,0.0,0.0,0.0,0.0,0.0,0.0,0.0,0.0,0.0,0.0,0.0,0.0,0.0,0.0,0.0,0.0,0.0,0.0,0.0,0.0,0.0,0.0,0.0,0.0,0.0,0.0,0.0,0.0,0.0,0.0,0.0,0.0,0.0,0.0,0.0,0.0,0.0,0.0,0.0,0.0,0.0,0.0,0.0,0.0,0.0,0.0,0.0,318.3695301111267,314.2404018584897,312.8816387551134,311.6743323387799,310.5323439045918,309.3211698459542,308.1167677361648,306.9029715410572,305.6863755126185,304.4818451695035,303.3107335114145,301.0817451615391,298.8766434375435,296.7170693205759,294.6293517621355,292.5975004164071,290.6656876816593,288.7712565685241,286.9379623000841,285.1272946560738,283.3649846060528,281.6153126312904,279.8619964017385,278.1430243624619,276.52698515052,274.9474845697972,272.7486519329088,270.5345266436142,268.2922131744988,266.048488143807,263.7765485583571,261.4681583853634,259.1217538542311,256.8310348162814,254.5573528289885,252.2574468336466,249.9177863099525,247.602848888986,245.2822509438715,242.9523773027735,240.6214470902639,238.2797602368703,235.9992187549469,233.6897911340531,231.408039443139,229.1333762561972,226.8448533153741,224.5854908527965,222.3650379386047,220.1402987902699,217.9451866931087,215.7740947223169,213.6295111209694,211.5088528109083,209.3946378622128,207.2863440343525,205.200397452029,203.1357647013178,201.102194426643,199.0924836786767,197.0809428497814,195.0931563269475,193.1235601741598,191.1613623521414,189.2224733665999,187.2699175176156,185.320040289992,183.3734367742691,181.4413948596872,179.507994914369,177.5932504090327,175.6760561758176,173.7569804299782,171.8432038584274,169.952682309066,168.0402517093208
Montenegro,ME,MNE,Population,,406.069,414.077,423.723,431.235,437.507,443.66,449.719,455.763,461.848,467.949,474.445,481.209,487.674,493.903,499.958,505.826,511.441,516.751,521.865,527.026,532.316,537.901,543.495,549.029,554.435,559.867,565.392,570.794,576.238,581.785,587.855,591.962,595.295,598.617,601.877,605.122,608.469,611.871,615.298,618.786,622.208,624.91,627.129,629.069,630.687,632.075,633.164,633.901,634.28,634.285,634.102,633.88,633.653,633.466,634.041,634.059,633.683,633.074,632.615,632.26,631.917,633.458,633.622,632.783,629.968,626.322,622.175,618.052,613.538,609.795,606.075,601.626,627.669,639.435,637.522,627.936,624.53,621.199,617.788,614.315,610.808,607.231,603.57,599.844,596.061,592.213,588.317,584.376,580.408,576.424,572.444,568.422,564.434,560.347,556.283,552.18,548.047,543.823,539.669,535.419,531.171,526.892,522.557,518.218,513.823,509.356,504.814,500.379,495.976,491.521,486.988,482.502,478.004,473.487,468.967,464.425,460.001,455.52,451.092,446.677,442.234,437.847,433.535,429.214,424.95,420.732,416.565,412.444,408.335,404.237,400.182,396.168,392.214,388.306,384.394,380.528,376.697,372.88,369.108,365.309,361.515,357.727,353.967,350.204,346.477,342.745,339.009,335.283,331.602,327.878
Montserrat,MS,MSR,Cement production,kt cement,,,,,,,,,,,,0.0,0.0,0.0,0.0,0.0,0.0,0.0,0.0,0.0,0.0,0.0,0.0,0.0,0.0,0.0,0.0,0.0,0.0,0.0,0.0,0.0,0.0,0.0,0.0,0.0,0.0,0.0,0.0,0.0,0.0,0.0,0.0,0.0,0.0,0.0,0.0,0.0,0.0,0.0,0.0,0.0,0.0,0.0,0.0,0.0,0.0,0.0,0.0,0.0,0.0,0.0,0.0,0.0,0.0,0.0,0.0,0.0,0.0,0.0,0.0,0.0,0.0,0.0,1.165447017549784,1.151046472466745,1.134265921933921,1.121078780218398,1.105050471283258,1.094057563439118,1.0770611526944,1.063038501779025,1.047545238576331,1.03459590693912,1.02190053025177,1.000598954715364,0.9793869740175348,0.9606087644807131,0.9448344212429608,0.9278875252061842,0.9101369082516625,0.8943577643061917,0.8813503265519794,0.869388274295926,0.8572618033542344,0.8450166566526001,0.8344305335935236,0.8234048735822438,0.8145264389594137,0.8059939106082749,0.800337812989971,0.7953343420199332,0.7914185821303383,0.7861975689442119,0.7814116401902625,0.7772783380845791,0.7722748671145413,0.7670538539284147,0.7631380940388199,0.7583521652848707,0.7535662365309215,0.7483452233447949,0.7437768368069343,0.7389909080529851,0.7337698948668585,0.7296365927611751,0.7244155795750485,0.719847193037188,0.71484372206715,0.7100577933132007,0.7065771178557831,0.7024438157500997,0.6987455980765934,0.6933070426743783,0.6911316205134924,0.687433402839986,0.6819948474377708,0.6789492564125306,0.6754685809551129,0.672640532145961,0.6674195189598346,0.6641563857185055,0.6604581680449992,0.6580652036680246,0.6550196126427842,0.6519740216175437,0.646970550647506,0.6434898751900883,0.6408793685970249,0.6378337775717845,0.633700475466101,0.6297847155765062,0.6276092934156201,0.6254338712547343,0.6217356535812278,0.6180374359077216,0.614556760450304,0.612381338289418,0.6104234583446204,0.60737786731938
Montserrat,MS,MSR,Population,,12.894,12.797,12.713,12.598,12.524,12.439,12.34,12.258,12.155,12.068,12.001,11.924,11.843,11.765,11.684,11.608,11.536,11.468,11.41,11.334,11.331,11.344,11.356,11.375,11.402,11.415,11.428,11.44,11.433,11.386,11.293,11.213,11.15,11.09,11.021,10.968,10.919,10.871,10.821,10.733,10.621,10.252,9.722,9.141,8.546,7.923,7.284,6.632,5.971,5.346,4.711,4.47,4.481,4.5,4.53,4.563,4.6,4.646,4.708,4.762,4.826,4.819,4.773,4.732,4.69,4.655,4.62,4.585,4.553,4.526,4.489,4.47,4.436,4.405,4.373,4.346,4.31,4.285,4.246,4.219,4.184,4.157,4.121,4.092,4.061,4.032,3.998,3.969,3.948,3.918,3.887,3.86,3.841,3.823,3.801,3.779,3.761,3.738,3.722,3.705,3.679,3.656,3.638,3.614,3.592,3.573,3.55,3.526,3.508,3.486,3.464,3.44,3.419,3.397,3.373,3.354,3.33,3.309,3.286,3.264,3.248,3.229,3.212,3.187,3.177,3.16,3.135,3.121,3.105,3.092,3.068,3.053,3.036,3.025,3.011,2.997,2.974,2.958,2.946,2.932,2.913,2.895,2.885,2.875,2.858,2.841,2.825,2.815,2.806,2.792
Morocco,MA,MAR,Cement production,kt cement,374.980386,433.800839,610.262197,661.730094,727.903103,631.66257,506.718829,404.844474,499.973848,580.851971,631.70656,699.325407,757.313329,926.422131,786.723556,860.249122,860.249122,992.59514,1161.703942,1404.33831,1477.203525,1544.740639,1617.562451,1911.664715,2028.636103,2323.407884,2868.32511,2815.239709,3279.993916,3551.284835,3602.752732,3742.451307,3845.387099,3587.309185,3690.983411,3741.724617,3807.930198,4220.367486,4198.981653,4200.0,5770.0,6340.0,6350.0,6350.0,6401.0,6585.0,7236.0,7414.0,7530.0,8100.0,10000.0,10200.0,10400.0,11000.0,11000.0,11352.0,12792.0,14047.0,14519.0,14000.0,14000.0,16270.0,16870.0,14320.0,14460.0,14260.0,13850.0,13378.0,13691.0,12314.0,14000.0,12000.0,12000.0,12000.0,11735.12956713639,11921.81801819701,12109.18947075244,12289.61954334433,12467.65733514373,12643.22516880146,12835.43676090016,13024.31174262797,13208.43289296035,13388.68811092817,13563.87930514695,13746.68448437084,13924.79205012927,14097.47730112708,14266.29855686669,14428.5616755255,14596.05902588244,14759.28456352131,14918.4316545657,15074.27621302529,15229.52516148707,15395.58617086828,15560.31572248853,15723.84701849771,15885.64274930068,16045.55085310276,16231.70166752817,16407.77045723444,16574.27966265639,16731.18161407262,16879.0816705472,17040.64316777468,17191.19269990307,17332.8833405064,17465.79978292955,17588.68534519443,17720.51292238929,17842.9905541462,17955.30039546129,18059.75172705387,18155.09854471195,18250.7225140015,18340.27638718655,18420.65133700491,18493.6793093208,18559.2403380469,18624.60094572158,18683.10867506823,18732.85545534643,18774.66865217714,18809.46737486306,18844.65816050888,18872.67806191371,18893.51941976131,18907.49196879278,18914.43253782303,18920.65200565445,18920.65407924273,18914.86786047881,18904.24524807823,18886.90636183634,18867.30733510357,18842.98912159157,18814.72380179151,18782.26156649636,18743.51953716325,18702.71220056026,18656.75120127403,18606.67026865899,18552.42078116969,18494.87255464106,18434.92005473074,18370.8829753,18303.56203295073,18232.47885530115,18158.11981227004
Morocco,MA,MAR,Population,,9044.261,9274.318,9515.439,9763.696,10022.934,10293.323,10574.726,10866.37,11161.115,11472.899,11776.967,12085.204,12420.979,12734.025,13063.746,13414.596,13779.534,14156.816,14538.983,14929.528,15329.369,15725.081,16124.303,16528.234,16939.451,17362.121,17786.244,18243.269,18711.501,19199.676,19720.21,20250.593,20790.043,21331.348,21856.208,22371.699,22829.907,23278.876,23722.173,24156.656,24594.446,25003.582,25421.355,25807.817,26193.828,26605.029,27011.186,27415.488,27827.808,28226.551,28620.32,29008.965,29387.318,29755.513,30150.524,30565.764,30976.591,31396.345,31817.188,32244.368,32689.663,33135.512,33574.971,34000.171,34409.389,34805.788,35241.127,35651.657,36027.863,36393.933,36774.483,37134.402,37523.726,37901.284,38261.062,38600.478,38924.404,39235.794,39532.457,39816.663,40090.257,40353.229,40602.744,40843.206,41071.282,41292.905,41503.555,41704.511,41900.038,42080.852,42255.558,42422.525,42578.129,42722.861,42862.135,42988.477,43103.881,43212.457,43312.348,43399.092,43481.769,43552.528,43612.107,43659.269,43695.273,43720.118,43732.132,43737.408,43734.934,43719.498,43695.322,43663.957,43621.555,43574.24,43517.105,43448.44,43380.184,43301.964,43218.295,43127.983,43028.294,42925.199,42814.028,42696.165,42573.262,42446.592,42314.866,42177.221,42033.726,41883.299,41729.552,41571.087,41408.331,41243.052,41070.042,40891.095,40709.407,40526.306,40340.684,40147.142,39948.958,39745.576,39539.047,39328.892,39116.795,38900.143,38679.628,38456.781,38230.229,38000.823
Mozambique,MZ,MOZ,Cement production,kt cement,80.878123,80.878123,88.230679,102.606924,140.072101,154.768709,169.108802,176.461358,213.224141,220.576698,213.224141,176.787535,169.108802,183.813915,220.576698,227.929254,249.986924,286.749707,301.45482,397.038056,419.095726,470.563622,610.262197,463.211065,279.397151,213.530058,323.51249,323.51249,272.044594,235.013224,234.935808,352.922717,419.095726,448.505952,198.519028,73.525566,73.252237,66.173009,73.525566,79.0,80.0,30.0,20.0,60.0,60.0,180.0,220.0,212.0,216.0,270.0,265.0,490.0,600.0,550.0,490.0,605.0,665.0,744.0,777.0,884.0,976.0,1184.0,1299.0,1512.0,1585.0,2446.0,2350.0,2400.0,2700.0,2700.0,2700.0,2800.0,2800.0,2800.0,3293.416893266659,3359.05170348731,3429.131854566354,3731.138557563974,4057.353545874218,4342.732837754827,4719.898109721101,5085.538689758631,5441.853237542544,5790.618295752352,6132.583001202337,6579.889258260694,7021.960714223557,7460.091338898611,7894.793268801168,8326.71358706164,8822.380041059192,9285.693216747597,9719.978551888673,10129.98720903412,10521.0037155352,10928.11470887186,11307.34921312508,11663.92076207373,12001.646997627,12324.88467177411,12914.64311616581,13477.9607387774,14025.14694468782,14554.09401387359,15070.09884003804,15666.09117332833,16243.58466573942,16801.027231915,17341.71413642023,17866.90332971175,18453.61377607852,19023.35951477275,19568.15342749438,20088.73331285991,20595.78662208281,21148.89713846232,21684.29648182245,22198.54869055315,22700.6462124748,23197.36990082664,23727.04994238402,24242.20884743601,24740.31226132,25223.99164858974,25690.14380048886,26188.2666816153,26670.11145828587,27138.48956468073,27596.76015149843,28038.02938585589,28496.06378151763,28940.90841841732,29376.41116231266,29799.96376597709,30203.28401379949,30623.54992437161,31028.2222266359,31423.06736295781,31801.28574738281,32171.8699945931,32546.6589999717,32896.92723962171,33243.24837244689,33579.41106608086,33899.76113818662,34226.20713061968,34539.69660456841,34835.52830161911,35124.17109108201,35395.16635130951
Mozambique,MZ,MOZ,Population,,5942.011,6014.3,6087.218,6159.017,6234.938,6314.005,6396.065,6480.291,6562.818,6657.986,6769.404,6900.468,7038.26,7181.396,7328.726,7484.115,7641.865,7807.234,7977.992,8155.91,8345.103,8567.53,8818.341,9090.142,9382.044,9699.591,10034.827,10415.123,10821.377,11236.242,11436.201,11700.052,11948.687,12198.957,12432.951,12664.946,12876.21,12768.937,12832.179,12981.505,13207.568,13496.611,13730.02,14372.364,15695.341,16225.718,16759.242,17140.722,17540.205,17928.808,18330.497,18744.961,19171.715,19613.235,20067.391,20541.747,21032.426,21542.844,22095.228,22688.261,23310.209,23987.869,24687.824,25415.398,26161.552,26933.593,27740.616,28592.171,29445.118,30323.642,31243.734,32171.866,33140.626,34129.694,35133.838,36129.468,37150.233,38187.082,39241.115,40308.772,41384.737,42477.777,43588.008,44701.061,45845.992,46977.555,48119.785,49249.328,50394.745,51547.505,52700.924,53841.08,55005.733,56143.691,57289.476,58414.109,59548.107,60687.083,61822.086,62971.941,64089.962,65204.207,66331.041,67427.426,68534.187,69653.241,70786.862,71901.059,73008.761,74107.215,75169.017,76254.835,77293.589,78282.215,79279.98,80256.402,81242.266,82191.896,83138.539,84112.352,85032.4,85946.626,86835.98,87708.927,88546.364,89384.22,90203.245,91011.818,91820.812,92595.676,93335.04,94065.328,94798.883,95520.962,96194.669,96863.597,97508.675,98150.27,98758.944,99367.955,99940.227,100451.828,100979.091,101496.118,101980.312,102455.476,102914.731,103339.281,103764.746,104152.501
Myanmar,MM,MMR,Cement production,kt cement,14.646527,44.11534,44.11534,58.820453,58.820453,36.762783,36.762783,36.762783,36.762783,44.11534,36.762783,51.467896,124.993462,132.346019,132.346019,139.698575,132.346019,176.461358,183.813915,168.974588,198.519028,198.519028,191.166471,169.108802,183.667099,235.281811,272.044594,257.339481,389.6855,389.944255,315.954502,345.796615,338.217603,308.807377,477.916179,433.800839,389.6855,353.237264,397.038056,414.0,443.0,464.0,400.0,470.0,517.0,505.0,516.0,365.0,338.0,393.0,378.0,471.0,571.505,518.999,543.072,570.031,608.192,676.0,670.0,534.0,538.0,922.0,1121.0,1317.0,989.0,2520.0,5480.0,4500.0,5100.0,6000.0,6700.0,8100.0,8100.0,8100.0,6403.118861467897,6470.680224403756,6554.469555652216,6649.304815660554,6761.948610538439,6983.960199840709,7268.734918115859,7558.254165594989,7852.468955814412,8151.761299515614,8454.985294331424,8734.742293943167,9017.137253300603,9297.496951580186,9571.355129262682,9839.14525225589,10133.01353502811,10418.29698180608,10695.38461654812,10965.0038064738,11227.63104062451,11516.56919265585,11795.63675148297,12065.33771430824,12326.35799018124,12579.21271090794,12847.97062821209,13100.25202750136,13336.70807034963,13561.42526015435,13776.37470812714,14009.61494965039,14231.28543736932,14442.56466387413,14643.55103525393,14834.03603697849,15038.1224585198,15230.49837900005,15412.62999891593,15584.08819151516,15745.03616499988,15913.86766961909,16071.90402502132,16219.54955004654,16356.88695916591,16484.62902890887,16612.75313289439,16731.28670374621,16840.38674881313,16940.63983553418,17034.48897252627,17127.96380768898,17215.1754893534,17296.71960697038,17371.56957321302,17440.8303867348,17509.57823604207,17572.73001069733,17630.37570797649,17683.06664616987,17730.44707331073,17776.36793447291,17817.24167041915,17853.4334942482,17885.35260073013,17912.83073424014,17938.66606884713,17959.57904257582,17977.27516867665,17991.01402370724,18000.35884797372,18008.49996248397,18013.74225579845,18016.06283219914,18015.08839606253,18010.96060847324
Myanmar,MM,MMR,Population,,17901.109,18239.727,18596.291,18963.509,19349.801,19751.163,20167.279,20598.129,21034.707,21493.312,21967.187,22453.974,22955.464,23471.351,24003.279,24555.583,25117.409,25695.448,26283.877,26886.348,27499.684,28114.755,28741.894,29310.881,29885.454,30467.676,31049.947,31661.985,32283.967,32909.132,33545.277,34172.289,34793.642,35531.787,36266.84,36978.815,37650.941,38292.248,38909.606,39519.63,40114.873,40673.434,41227.25,41777.608,42332.677,42877.998,43431.722,43985.874,44529.711,45045.737,45535.945,46006.332,46458.974,46875.409,47262.136,47614.594,47955.677,48294.409,48487.178,48833.74,49215.024,49624.616,50050.276,50475.039,50888.228,51289.883,51701.509,52088.367,52456.126,52825.3,53207.743,53566.461,53947.114,54320.481,54679.701,55021.595,55348.043,55656.921,55948.627,56221.653,56480.409,56722.847,56949.244,57159.844,57354.515,57534.413,57697.885,57849.932,57989.795,58114.558,58225.158,58323.382,58408.463,58478.101,58534.706,58581.638,58611.897,58629.641,58635.81,58630.433,58616.03,58589.447,58551.79,58504.17,58443.182,58372.943,58289.127,58199.887,58103.129,57994.806,57875.818,57747.822,57618.454,57481.621,57336.085,57184.708,57028.723,56867.786,56699.929,56527.025,56347.468,56164.028,55975.334,55780.338,55581.972,55379.733,55174.849,54969.038,54756.602,54541.787,54325.429,54106.49,53884.556,53661.227,53434.287,53202.767,52968.7,52732.917,52496.417,52257.933,52014.918,51768.012,51523.185,51277.061,51027.557,50777.023,50528.339,50280.9,50032.91,49784.469
Namibia,,NAM,Cement production,kt cement,,,,,,,,,,,,,,,,,,,,,,,,,,,,,,,,,,,,,,,,,,,,20.0,20.0,50.0,50.0,150.0,,0.0,0.0,0.0,0.0,,,,0.0,0.0,0.0,5.0,284.0,428.0,520.0,583.0,635.0,505.047,780.0,930.0,1000.0,901.0,970.0,900.0,900.0,900.0,1047.35344920853,1055.794632564583,1060.477201886424,1064.072965917966,1067.469579930436,1072.95623445665,1067.340395877856,1063.758544187096,1061.815779420694,1061.18160890122,1061.972034772373,1067.074749873833,1073.321166075079,1080.594608547679,1088.913694542215,1097.635185153883,1099.150665640801,1102.246107601076,1106.524765698109,1112.088489680759,1118.706906763207,1118.96118910471,1120.553614095238,1123.854778431757,1127.806985685904,1132.625152827091,1157.07505218007,1180.878601591264,1204.094539090495,1226.835759229197,1248.910966977779,1272.436969260915,1295.170424495196,1317.334841136648,1339.143614511496,1360.379357901086,1382.987017645321,1404.5863553499,1425.776787617735,1446.457265905191,1466.315969867349,1486.716893896695,1507.12519695734,1526.972141635523,1546.184336611935,1564.645417381647,1583.08516654645,1601.152852894973,1618.75491001916,1635.74208526402,1652.745847638291,1670.109484693641,1686.671269103863,1702.750877017837,1718.405389138921,1733.315309979032,1748.698377893847,1763.513827783383,1777.586782946933,1791.081153349447,1804.066640680856,1816.99689806114,1830.161959014297,1842.548473777573,1854.403481936954,1865.612841310562,1877.170687865481,1888.021391711479,1898.598059510088,1908.682962408052,1917.842553234831,1926.987326433405,1934.981965164243,1942.981073909413,1950.967924068807,1958.798503167534
Namibia,,NAM,Population,,517.414,523.368,529.9,536.559,543.471,550.692,558.423,566.759,575.911,585.928,597.001,609.132,622.386,636.792,652.269,668.847,686.464,705.626,725.457,746.782,768.954,792.214,816.583,841.273,867.367,894.697,918.435,943.773,950.765,974.885,987.984,997.017,1023.6,1051.422,1080.557,1113.223,1148.938,1186.839,1232.553,1345.342,1393.263,1438.104,1484.54,1532.855,1579.753,1624.588,1667.619,1710.908,1754.581,1798.155,1839.139,1874.957,1904.984,1929.943,1954.221,1978.942,2004.833,2032.367,2061.745,2093.042,2126.579,2166.071,2223.237,2281.778,2342.499,2406.1,2472.326,2541.38,2613.273,2687.716,2769.807,2851.288,2928.037,2998.153,3062.109,3123.524,3182.968,3242.841,3301.485,3360.126,3419.79,3479.202,3537.272,3593.411,3650.231,3707.528,3764.333,3821.258,3879.344,3935.017,3989.793,4045.564,4101.15,4157.99,4214.218,4272.481,4327.441,4383.555,4435.344,4485.659,4538.942,4590.87,4641.673,4691.899,4740.289,4789.454,4836.401,4881.895,4927.04,4970.572,5014.989,5055.835,5096.224,5135.548,5172.181,5207.647,5244.767,5280.628,5314.83,5346.794,5377.11,5407.078,5436.199,5463.75,5492.525,5521.933,5548.912,5574.853,5599.97,5622.87,5647.244,5670.171,5690.912,5710.147,5728.151,5745.364,5764.374,5781.06,5796.411,5809.97,5824.368,5836.772,5848.852,5859.749,5867.81,5875.495,5879.575,5884.38,5889.803,5895.275
Nauru,NR,NRU,Cement production,kt cement,,,,,,,,,,,,,,0.0,0.0,0.0,0.0,0.0,0.0,0.0,0.0,0.0,0.0,0.0,0.0,0.0,0.0,0.0,0.0,0.0,0.0,0.0,0.0,0.0,0.0,0.0,0.0,0.0,0.0,0.0,0.0,0.0,0.0,0.0,0.0,0.0,0.0,0.0,0.0,0.0,0.0,0.0,0.0,0.0,0.0,0.0,0.0,0.0,0.0,0.0,0.0,0.0,0.0,0.0,0.0,0.0,0.0,0.0,0.0,0.0,0.0,0.0,0.0,0.0,3.130243066001101,3.12207254964219,3.115179134164964,3.115701056291937,3.112725036872937,3.114214330605995,3.11210519912736,3.114642727702448,3.119087011254966,3.127297669631637,3.13860463890085,3.143247991574775,3.144650765254299,3.149450594462725,3.154033399750731,3.162666823835607,3.170622172782052,3.178797793357445,3.187604656948735,3.195169778852997,3.204361668104001,3.208727841966934,3.215230175476444,3.222042727089528,3.22681514182775,3.234005388752612,3.264937022261053,3.297930764670059,3.327625132838162,3.356700868336098,3.384951760273808,3.41361507399163,3.442484598599509,3.46908580341677,3.496099430014142,3.521463369491064,3.548270785198381,3.575903044465921,3.601060773052787,3.626630923419766,3.653025917346969,3.679008489494061,3.703960007190871,3.733448164468918,3.758193471275672,3.780258036511693,3.808715139339459,3.829954861015256,3.854700167822011,3.878414420178481,3.901510039864785,3.924399448661031,3.94667022478711,3.968528579133075,3.990593144369097,4.012245287825006,4.029979424369846,4.049981880705305,4.067922228140201,4.085243942904929,4.101328392329319,4.115556943743201,4.129579284267028,4.14112709411018,4.154737012853894,4.168346931597608,4.179894741440759,4.189174231493292,4.198659932435882,4.210001531388976,4.219693443221622,4.226910824373591,4.234128205525561,4.242376641127812,4.25083128762012,4.257223825211865
Nauru,NR,NRU,Population,,3.459,3.562,3.653,3.736,3.823,3.946,4.096,4.22,4.374,4.533,4.682,4.865,5.092,5.361,5.668,5.995,6.092,6.177,6.479,6.683,6.736,6.788,6.836,6.896,6.951,7.024,7.105,7.221,7.375,7.56,7.737,7.941,8.138,8.295,8.459,8.643,8.84,9.052,9.277,9.504,9.74,9.96,10.082,10.122,10.153,10.176,10.19,10.204,10.192,10.182,10.153,10.108,10.055,10.063,10.057,10.041,10.026,10.014,10.005,10.027,10.059,10.136,10.398,10.636,10.849,11.059,11.241,11.407,11.548,11.626,11.66,11.757,11.845,11.905,11.988,12.063,12.14,12.249,12.343,12.461,12.581,12.714,12.849,12.995,13.15,13.317,13.466,13.624,13.779,13.947,14.131,14.313,14.495,14.667,14.843,15.012,15.188,15.358,15.518,15.683,15.833,15.993,16.137,16.278,16.415,16.554,16.694,16.823,16.954,17.077,17.207,17.341,17.463,17.587,17.715,17.841,17.962,18.105,18.225,18.332,18.47,18.573,18.693,18.808,18.92,19.031,19.139,19.245,19.352,19.457,19.543,19.64,19.727,19.811,19.889,19.958,20.026,20.082,20.148,20.214,20.27,20.315,20.361,20.416,20.463,20.498,20.533,20.573,20.614,20.645
Nepal,NP,NPL,Cement production,kt cement,0.0,0.0,0.0,0.0,0.0,0.0,0.0,0.0,0.0,0.0,0.0,0.0,0.0,0.0,0.0,0.0,0.0,0.0,0.0,0.0,0.0,0.0,0.0,36.762783,7.352557,29.410226,44.11534,36.358796,22.05767,29.610296,29.649334,22.05767,44.11534,36.762783,29.410226,95.583236,154.403688,214.01386,220.576698,107.0,136.0,238.0,274.0,316.0,327.0,309.0,225.0,280.0,290.0,300.0,285.0,290.0,295.0,285.0,290.0,295.0,300.0,295.0,1200.0,1360.0,2100.0,2720.0,2990.0,3100.0,3910.0,5850.0,8050.0,9000.0,9860.0,8250.0,9000.0,6000.0,6000.0,6000.0,6552.151848176077,6897.483227870988,7245.813268139445,7593.201426592197,7944.555741881882,8317.190376423066,8737.138281615737,9148.475887379871,9552.1187311581,9948.6663402272,10339.15977066553,10511.0231007758,10677.01280115755,10838.05594392403,10993.81912386107,11144.15084945223,11311.33761260181,11471.43913767187,11625.75578142602,11774.63496177179,11918.91991304221,12075.80825737348,12227.12106499718,12372.02579505978,12511.13864937299,12645.54529323388,12870.31429487056,13082.66111576135,13284.45202665434,13477.22932933385,13660.96594927054,13860.51185225077,14050.18725453212,14229.41754184928,14399.80852908197,14560.39234311983,14733.52650450567,14895.950659694,15049.03144876457,15191.32830617793,15325.0673826298,15465.75132457847,15596.62523680788,15718.15151355602,15830.7427070577,15934.4639176269,16041.38099190512,16138.36445184904,16227.63473313951,16307.23826337675,16378.28903778392,16448.66748598017,16509.91539602519,16562.38183466086,16606.05460471761,16640.90044062871,16672.36906306907,16696.19738927542,16712.57809980432,16721.32440283916,16722.79324565026,16719.47839207718,16711.31241358232,16697.10258610312,16676.73751606264,16650.87328918582,16622.67033252799,16589.50730499643,16551.63591358639,16510.15246603559,16464.20794779602,16417.73477490356,16367.40901292734,16313.33474129038,16256.78197996443,16197.48850445363
Nepal,NP,NPL,Population,,8484.637,8660.691,8833.897,9002.548,9173.003,9342.951,9512.831,9683.239,9849.241,10028.583,10218.734,10418.057,10624.175,10835.462,11057.322,11289.5,11527.921,11777.511,12035.022,12299.05,12573.329,12846.793,13131.404,13419.075,13717.795,14023.595,14331.704,14666.646,15012.745,15368.434,15737.777,16107.068,16488.907,16889.331,17281.153,17674.23,18062.018,18438.993,18838.329,19277.286,19771.86,20301.141,20918.273,21442.044,21992.913,22497.965,22985.759,23453.166,23907.548,24342.85,24750.168,25143.328,25514.634,25862.883,26170.429,26448.487,26682.362,26894.622,27085.452,27260.617,27423.288,27505.7,27564.13,27615.862,27728.877,27918.381,27992.543,28029.973,28129.405,28698.722,29234.427,29715.593,29715.279,29673.95,29628.159,29608.076,29650.743,29803.582,30091.587,30372.637,30647.354,30914.481,31176.348,31431.713,31678.419,31917.59,32149.843,32374.722,32594.881,32806.503,33012.57,33211.947,33406.171,33592.704,33773.952,33948.169,34117.82,34276.697,34427.462,34572.943,34711.111,34842.894,34963.572,35077.396,35182.58,35280.867,35372.927,35454.776,35530.458,35595.193,35650.873,35697.383,35737.52,35765.257,35786.437,35797.842,35801.706,35798.027,35786.806,35767.178,35737.554,35698.431,35654.886,35600.563,35537.712,35468.113,35389.965,35304.495,35210.753,35107.872,34999.08,34883.854,34761.936,34632.235,34495.057,34349.449,34201.847,34048.869,33889.785,33725.683,33558.399,33387.089,33211.916,33034.95,32853.944,32673.102,32489.387,32302.714,32115.542,31927.012
Netherlands,NL,NLD,Cement production,kt cement,698.492877,816.079136,860.249122,970.537471,1102.817238,1257.287178,1323.535474,1367.575527,1602.857338,1801.376366,1904.312158,2014.600507,2080.857159,2874.849629,2970.432864,3161.599336,3345.413251,3433.64393,3293.945355,3830.58302,4043.906127,4021.848457,4073.316354,4088.021467,3705.688524,3477.759269,3896.941983,3918.912665,3698.335967,3742.528621,3316.003024,3102.694179,3110.13144,3176.304449,2911.68458,3102.778883,2926.317525,3418.938817,3543.932279,3730.0,3546.0,3300.0,3078.0,3180.0,3180.0,3140.0,3230.0,3200.0,3480.0,3450.0,3380.0,3085.0,2450.0,2380.0,2496.0,2790.0,2700.0,3097.0,2342.0,2138.0,2318.0,1940.0,2050.0,2610.0,2260.0,2930.0,2030.0,2940.0,3440.0,2980.0,2500.0,2500.0,2500.0,2500.0,2411.323765790249,2444.784945696422,2482.542717069058,2514.143699704343,2544.70566133362,2583.5676295512,2612.853948959706,2642.645692757872,2672.748180189131,2703.186943579232,2734.046814274775,2750.266555991475,2766.646008401456,2783.236116750489,2799.949031162043,2816.97737015505,2831.910939105604,2846.984545518772,2862.360425142929,2878.118552209624,2894.167894534756,2908.342728184277,2922.802732701869,2937.727431873838,2952.946125136712,2968.720421837078,2998.179194900765,3027.772957149461,3057.354923201221,3087.017859011792,3116.730778872715,3145.092560303638,3173.330592884809,3201.270271171386,3228.881939288618,3256.188266318065,3282.556439515092,3308.632684693904,3334.391718308633,3359.874437429467,3385.073475620013,3408.914670621375,3432.504751191132,3455.85839566138,3478.979884056431,3501.86822309719,3523.247205213542,3544.417176825752,3565.363122511664,3586.077984944687,3606.577030776455,3624.458867298733,3642.078997181457,3659.441213155199,3676.595777019067,3693.493385543876,3706.95369856807,3720.170352294868,3733.180735923851,3745.976246774401,3758.599285224478,3767.697122411903,3776.577453746373,3785.432740020778,3794.043186821017,3802.506760100851,3807.652801015272,3812.82537900254,3817.914016078141,3822.876559472923,3827.803328936739,3829.896841180297,3832.034236638008,3834.1669840248,3836.308815990905,3838.394043589989
Netherlands,NL,NLD,Population,,10200.468,10328.606,10435.984,10551.077,10680.393,10822.067,10957.471,11096.285,11278.43,11417.776,11556.046,11722.684,11892.418,12045.894,12217.875,12384.375,12544.202,12671.465,12810.226,12971.045,13133.111,13283.598,13401.946,13505.541,13613.798,13746.273,13827.001,13910.208,13997.633,14102.705,14222.668,14302.71,14365.09,14428.712,14496.902,14581.016,14671.971,14777.923,14873.923,14968.299,15093.457,15216.723,15336.847,15442.593,15528.305,15601.76,15678.294,15768.95,15885.264,15995.104,16122.415,16242.995,16333.107,16400.717,16450.414,16481.006,16506.697,16556.017,16638.499,16729.801,16812.669,16889.445,16940.942,16993.184,17066.993,17147.873,17261.513,17369.227,17473.332,17601.682,17671.78,17789.347,18019.495,18165.554,18291.929,18401.709,18495.842,18580.192,18658.003,18727.022,18787.412,18840.517,18887.004,18929.43,18962.935,18991.769,19017.31,19035.825,19050.702,19060.114,19065.852,19066.442,19063.308,19057.62,19047.712,19036.237,19024.844,19007.702,18989.763,18969.162,18947.788,18920.965,18897.269,18871.353,18845.02,18817.16,18786.32,18755.356,18726.166,18697.423,18669.277,18641.5,18617.787,18594.022,18571.937,18550.621,18532.314,18517.111,18501.763,18486.248,18470.66,18455.257,18438.419,18420.133,18402.101,18380.974,18355.238,18326.33,18297.614,18266.731,18235.969,18201.817,18166.309,18129.366,18092.681,18056.033,18016.477,17980.138,17940.316,17900.125,17857.685,17818.392,17779.202,17739.081,17700.255,17662.428,17626.793,17592.146,17558.734,17525.084
New Caledonia,NC,NCL,Cement production,kt cement,0.0,0.0,0.0,0.0,0.0,0.0,0.0,0.0,0.0,0.0,0.0,0.0,0.0,0.0,0.0,0.0,0.0,0.0,0.0,0.0,0.0,0.0,51.467896,66.173009,58.820453,51.467896,51.467896,58.820453,58.820453,58.820453,51.467896,51.467896,58.820453,58.820453,58.968989,36.762783,51.467896,58.820453,66.025958,65.0,90.0,90.0,90.0,90.0,100.0,100.0,100.0,0.0,0.0,100.0,93.0,100.0,100.171,114.762,119.302,119.302,121.818,137.0,138.0,160.0,146.0,125.0,119.0,106.0,112.0,112.0,104.0,86.0,77.0,73.0,68.0,69.0,69.0,69.0,75.76332474480172,78.46971831062851,80.96133281328585,83.22590519455214,85.30962375981109,87.16895333162444,88.71804943359363,90.1829036955253,91.59182374526152,92.94203083815438,94.23264259416585,95.1178773613061,95.96676806227295,96.79349066888864,97.56605859937679,98.30163054792843,98.79687319795786,99.2642571135096,99.73460736280464,100.1795225946009,100.5933251482324,100.8308617373199,101.0444780484287,101.2458019153318,101.415917405498,101.6063202804461,102.5724873755519,103.4942957876938,104.4014795427085,105.2839708371062,106.1127784404536,106.9140317595845,107.6752874373256,108.4251881833699,109.1689711049316,109.8519981116678,110.5150656311624,111.1484059708929,111.7672012122349,112.3749682486363,112.9748921686057,113.5177289749805,114.0464404518162,114.5276552798932,115.0026747521384,115.4577914755435,115.8892204496033,116.3087595626979,116.7226477355716,117.1403831120978,117.5549882674817,117.9212566377695,118.2877182765939,118.6390661050924,118.9492646278045,119.2578185230843,119.5897487051552,119.8903347727019,120.1929787055971,120.4956769248396,120.7459268805677,121.0021698050092,121.2317774070204,121.4430635154815,121.6445405803473,121.8525261156286,122.0409633646586,122.2112480380557,122.3880959921051,122.5509008124383,122.6945084738533,122.8170905418462,122.9417314734362,123.0278248494857,123.1303280380223,123.2344581259314
New Caledonia,NC,NCL,Population,,64.245,65.211,66.253,67.357,68.535,69.783,71.447,73.664,76.017,78.503,81.134,83.908,86.759,89.341,91.862,94.457,97.183,99.991,102.89,106.808,111.867,117.162,122.7,128.471,134.432,140.491,143.692,145.506,147.277,148.988,150.647,152.236,153.767,156.239,158.927,161.542,164.254,167.047,169.958,174.099,178.813,183.663,188.481,193.232,197.996,202.761,207.307,211.813,216.28,220.774,225.422,229.991,234.48,238.875,242.829,245.933,249.16,252.29,255.36,259.139,264.025,269.06,274.206,279.438,283.011,283.325,283.521,283.571,283.511,283.701,284.652,285.776,288.47,291.269,294.01,296.656,299.129,301.608,304.07,306.437,308.717,310.959,313.138,315.243,317.25,319.229,321.187,323.129,324.974,326.687,328.312,329.87,331.543,333.079,334.475,335.851,337.116,338.16,339.15,340.136,341.025,341.779,342.558,343.304,343.866,344.444,344.906,345.394,345.929,346.246,346.575,346.816,347.04,347.262,347.495,347.619,347.721,347.653,347.599,347.498,347.425,347.335,347.254,347.221,347.205,347.063,346.95,346.802,346.513,346.245,346.122,345.897,345.704,345.534,345.18,344.871,344.481,344.043,343.59,343.184,342.718,342.205,341.738,341.239,340.689,340.079,339.497,338.794,338.171,337.573
New Zealand,NZ,NZL,Cement production,kt cement,161.828814,264.692037,279.277494,323.51249,411.743169,448.505952,536.736631,558.794301,558.794301,617.614754,654.377537,632.319867,720.550546,786.723556,845.770392,874.954235,816.133782,764.45804,801.428669,830.838895,823.285879,897.011905,1058.554903,1110.019033,1073.473263,999.947697,911.552359,801.591893,749.960773,720.550546,889.659348,779.370999,757.313329,823.486339,970.537471,904.509345,882.306791,808.898017,728.008185,750.0,576.0,579.0,800.0,900.0,950.0,974.0,976.0,950.0,1030.0,1070.0,1080.0,1000.0,1080.0,1110.0,1100.0,1120.0,1100.0,1200.0,1200.0,1100.0,1200.0,1140.0,1200.0,1100.0,1200.0,900.0,360.0,450.0,1000.0,950.0,1000.0,1000.0,1000.0,1000.0,1021.091724600704,1038.269436943879,1056.086536030229,1073.820223504705,1091.693889294496,1108.545273590591,1122.773877791555,1136.855172958324,1150.827605214062,1164.60689143762,1178.162074993092,1186.792255952797,1195.283517931448,1203.766410540928,1211.976626580195,1220.137525335152,1226.937491298836,1233.611212719841,1240.092999649145,1246.488975475656,1252.735024625069,1257.625754056606,1262.280139757302,1267.119602218968,1271.596259900247,1276.113368866865,1291.186399340413,1306.001592444849,1320.280959277914,1334.34490257861,1348.087661387036,1361.938502913446,1375.271606413187,1388.241222812716,1400.946990995845,1413.373529799733,1425.829139747652,1437.851898230968,1449.966393092502,1461.663362389169,1473.340487871906,1484.60781305379,1495.679322944496,1506.422031692661,1516.898138610583,1527.162603562805,1536.62696190086,1545.867295515009,1555.460293574993,1564.586098988079,1573.554377873613,1581.642266932991,1589.618823495434,1597.580633467062,1605.196121488329,1612.608489518598,1619.017856774462,1625.476907029845,1631.588442737988,1637.43250143521,1643.277895474698,1648.330173751512,1653.367152227559,1658.366184447273,1663.637254950434,1668.477183021265,1672.779986640192,1676.960111720676,1681.304462738554,1685.228635258721,1689.316492050182,1692.441466255062,1695.421166860652,1698.302036271051,1700.98204230286,1703.592644746904
New Zealand,NZ,NZL,Population,,1929.838,1972.573,2022.922,2072.58,2117.702,2161.642,2208.043,2259.333,2310.656,2356.309,2402.652,2456.842,2511.968,2564.261,2613.278,2659.709,2705.456,2741.383,2767.668,2801.131,2843.224,2891.106,2947.409,3010.566,3071.896,3116.168,3137.097,3143.168,3141.319,3141.882,3150.772,3168.907,3201.339,3237.218,3262.438,3273.618,3289.398,3309.488,3322.564,3345.088,3448.869,3512.982,3551.507,3595.712,3646.349,3702.508,3756.249,3797.651,3825.091,3846.018,3869.13,3914.395,3987.842,4057.331,4110.49,4159.523,4204.357,4242.174,4281.474,4327.134,4368.407,4396.994,4426.359,4481.343,4564.623,4663.435,4766.105,4859.398,4942.296,5036.509,5103.281,5112.112,5151.357,5194.315,5233.573,5270.225,5304.733,5337.008,5366.65,5394.543,5420.155,5444.81,5467.423,5489.829,5510.302,5530.903,5550.675,5570.034,5589.74,5608.263,5626.318,5645.254,5662.987,5679.004,5693.643,5707.47,5719.43,5730.377,5741.17,5749.747,5760.828,5772.603,5781.163,5790.908,5800.296,5809.074,5815.495,5821.382,5826.893,5831.479,5834.924,5836.139,5840.14,5842.046,5845.511,5849.599,5853.429,5855.865,5857.47,5858.707,5859.377,5859.431,5863.32,5864.624,5865.755,5866.149,5866.56,5867.664,5867.077,5865.85,5863.325,5861.784,5858.513,5854.094,5850.322,5846.854,5843.751,5840.852,5840.101,5837.037,5835.969,5834.417,5834.141,5831.566,5830.254,5828.348,5825.751,5822.748,5818.745,5814.526
Nicaragua,NI,NIC,Cement production,kt cement,22.05767,22.05767,22.05767,22.05767,29.410226,44.11534,44.11534,36.762783,36.762783,29.410226,36.762783,44.11534,51.467896,58.820453,66.173009,80.878123,95.583236,102.935792,110.288349,124.993462,117.640906,117.640906,191.166471,235.281811,176.461358,227.929254,227.929254,198.519028,88.230679,154.403688,169.108802,102.935792,102.935792,102.935792,102.935792,102.935792,102.935792,102.935792,132.346019,219.4,239.0,277.0,255.0,309.0,324.0,360.0,377.0,377.0,350.0,530.0,514.0,549.0,889.611,521.0,530.3,530.0,530.0,530.0,530.0,600.0,700.0,620.0,650.0,700.0,740.0,780.0,780.0,680.0,580.0,510.0,512.0,530.0,530.0,530.0,514.7515181372395,530.979319024577,547.6379376337948,565.0800499270105,583.4198715265821,602.1595483681291,625.6890715279751,649.2815154159393,672.957920983558,696.7308660351567,720.727779582379,746.1406125928863,771.5622861536083,797.0222666794384,822.5548836618723,848.1944319722005,881.8899580364281,915.6707205719658,949.5775974616843,983.6424220333093,1017.884024123385,1061.911168669659,1106.18219963245,1150.689428743321,1195.467321007335,1240.584457542039,1304.553384832538,1368.845843126348,1432.417352912877,1493.898630430107,1553.25764056464,1621.254032803144,1686.134102426052,1747.948278096372,1806.777916483942,1862.682075144496,1925.032666343089,1983.482726045314,2038.249247717187,2089.47797214284,2137.346437392089,2188.943273803672,2238.097742898299,2284.814937685656,2329.272469950892,2371.471684422132,2416.011433223181,2458.108726465899,2497.806391066027,2535.186619732116,2570.3288020927,2606.147403354444,2639.638707722423,2670.923160858006,2700.214535451857,2727.456104384999,2754.541839277232,2779.575063854677,2802.758022171198,2824.53786427551,2844.908523027249,2865.362838856018,2884.41945887879,2902.27074364229,2918.875084596679,2934.177003945884,2949.597104782491,2963.692529299828,2976.694429929115,2988.478044885317,2999.386113258724,3010.148291805392,3019.80552256875,3028.41724561299,3035.928450919068,3042.48242522627
Nicaragua,NI,NIC,Population,,1350.372,1388.928,1429.114,1470.686,1513.826,1558.667,1605.278,1653.652,1703.827,1755.747,1808.992,1863.91,1920.729,1979.589,2040.762,2104.6,2171.04,2240.094,2311.578,2385.218,2460.912,2538.739,2608.417,2690.14,2774.009,2859.878,2947.824,3037.244,3123.385,3205.665,3299.141,3392.207,3485.283,3575.281,3662.926,3750.032,3838.281,3926.047,4018.594,4114.357,4210.761,4308.513,4405.539,4501.925,4596.708,4689.154,4770.794,4848.352,4918.959,4989.077,5056.19,5119.46,5180.359,5241.568,5304.255,5379.956,5457.755,5536.732,5616.454,5696.748,5778.152,5859.95,5942.623,6025.066,6107.917,6190.917,6274.414,6358.049,6442.111,6525.203,6605.331,6684.151,6777.156,6870.07,6962.209,7052.795,7141.863,7229.581,7315.792,7400.217,7482.989,7564.546,7644.245,7722.541,7799.24,7874.166,7947.407,8019.168,8089.102,8156.812,8223.017,8287.298,8349.741,8410.271,8469.16,8526.07,8580.752,8633.804,8684.764,8733.084,8779.775,8824.15,8865.795,8904.931,8942.04,8976.878,9009.355,9039.817,9068.672,9095.173,9119.08,9140.393,9159.837,9176.912,9191.721,9204.34,9215.277,9223.667,9230.348,9234.615,9236.609,9236.988,9235.287,9231.435,9225.399,9218.537,9209.538,9198.585,9186.392,9172.17,9156.174,9138.359,9119.33,9099.187,9077.491,9054.617,9030.386,9005.473,8979.494,8952.044,8924.182,8894.841,8864.841,8833.519,8802.131,8769.625,8736.172,8701.879,8666.422,8630.243
Niger,NE,NER,Cement production,kt cement,,,,,,,,0.0,0.0,0.0,0.0,0.0,0.0,0.0,0.0,14.705113,22.05767,22.05767,22.05767,29.410226,29.410226,29.410226,73.525566,22.05767,14.705113,36.762783,36.762783,44.11534,36.762783,44.11534,36.567236,36.583452,36.762783,36.762783,36.898439,36.613946,36.762783,29.410226,29.410226,20.0,20.0,29.0,29.0,29.0,30.0,29.0,30.0,30.0,30.0,40.0,47.0,54.0,54.0,54.0,59.2,62.0,42.0,56.0,42.0,32.0,66.0,75.0,29.0,21.0,51.0,51.0,51.0,4.0,350.0,350.0,400.0,400.0,400.0,400.0,487.6038200364345,510.4924197066821,537.4616060189127,562.442197264079,588.7217172889749,615.8743662479256,658.3802000999051,699.8990742398673,740.6195273287836,780.6632228106181,820.1530277308703,879.6313150301502,938.527981376927,996.9265031010615,1054.939280396773,1112.615615571755,1187.510909619522,1261.643394203818,1335.128223828015,1408.174467415725,1481.111001064041,1577.457963011648,1673.261890067579,1768.676013973631,1863.815364743822,1958.759045742488,2130.627542004625,2302.937069319682,2475.601714845931,2648.50005433246,2821.577714741082,3057.763850891894,3294.059289761345,3530.291819209891,3766.371240510111,4002.228413383265,4317.952980532386,4634.030492557592,4951.48779871065,5270.24295257777,5590.22023382447,6011.538718625867,6434.921556548707,6860.286783496356,7287.550815939219,7716.605630295705,8271.6566900157,8829.642025421248,9390.435320167579,9953.935077456077,10520.04653358887,11209.45941388585,11868.78239606371,12498.71212141098,13100.2192283225,13674.43280984175,14341.46797195796,14968.36294011172,15558.07449408905,16113.10811597175,16635.90743303212,17224.38631732745,17785.88047432746,18322.39514504401,18835.55484591045,19326.51124102406,19876.01020900257,20397.34258044848,20892.52774269494,21363.16742077156,21810.55089783838,22302.14178115173,22765.82388545376,23203.75971653426,23617.25711658731,24008.55729780282
Niger,NE,NER,Population,,2641.231,2728.277,2815.499,2902.884,2990.885,3079.693,3169.806,3261.874,3356.577,3454.334,3555.765,3660.56,3768.48,3879.266,3992.361,4107.03,4224.058,4343.122,4464.152,4587.298,4713.251,4839.199,4970.491,5105.24,5244.667,5389.371,5540.552,5698.88,5866.985,6044.126,6227.816,6416.196,6609.268,6808.019,7011.923,7224.991,7446.631,7675.668,7911.829,8157.732,8414.387,8679.414,8955.853,9245.725,9550.792,9878.265,10211.438,10556.501,10926.324,11308.498,11710.762,12130.533,12567.755,13026.213,13505.46,14006.923,14530.239,15076.98,15646.849,16240.502,16857.167,17495.399,18178.14,18861.657,19570.161,20308.835,21062.672,21808.221,22567.917,23327.598,24107.629,24896.651,25727.295,26592.439,27472.386,28363.276,29266.48,30180.913,31106.212,32043.977,32992.173,33947.062,34910.216,35883.858,36860.911,37846.015,38834.275,39826.477,40820.464,41816.359,42817.122,43821.355,44830.89,45843.62,46862.703,47885.531,48910.47,49937.243,50967.165,51997.967,53029.785,54064.075,55095.736,56128.115,57157.699,58183.198,59201.502,60216.887,61226.496,62227.611,63221.058,64208.267,65185.915,66153.522,67111.237,68055.642,68992.373,69916.942,70827.396,71725.478,72607.304,73476.049,74330.472,75169.109,75991.349,76800.507,77593.959,78368.596,79126.082,79864.815,80589.12,81293.199,81981.497,82649.925,83297.626,83925.018,84530.515,85117.415,85686.097,86233.914,86762.464,87272.192,87763.272,88234.36,88683.494,89115.255,89527.877,89922.084,90294.799,90649.996
Nigeria,NG,NGA,Cement production,kt cement,0.0,0.0,0.0,0.0,0.0,0.0,0.0,110.288349,124.865132,168.926964,360.275273,485.268735,529.384075,662.063795,985.5498,1000.231854,786.723556,573.499414,566.146858,588.204528,661.805273,1139.545401,1220.434126,1205.748301,1367.575527,1271.992291,1440.892116,1536.684328,1742.555913,1999.895394,2500.008232,3602.752732,3602.752732,2992.490534,3337.885569,3860.092212,3801.27176,3499.816939,3499.816939,3500.0,3500.0,3500.0,3200.0,2627.0,2602.0,2545.0,2520.0,2700.0,2500.0,2500.0,2400.0,2100.0,2300.0,2300.0,2700.0,3300.0,4700.0,10000.0,10000.0,10000.0,12000.0,16000.0,20000.0,20000.0,21000.0,22000.0,19000.0,22000.0,22800.0,26200.0,29000.0,28000.0,28000.0,28000.0,32567.42200398911,32915.74522910683,33442.38038029589,33927.59493207794,34425.24798280287,35022.31327089819,35824.50307183067,36647.37950633471,37490.73502998841,38353.29981492169,39232.41690944307,40458.54111437716,41706.33603630569,42973.18166397106,44257.89466029913,45558.26594211111,46886.92395052325,48246.33458555888,49632.79286599861,51031.64211015718,52416.68963649114,53837.74227488405,55230.09035214717,56594.90053935381,57933.46992335479,59246.14314835343,61896.90761259229,64443.31443243389,66891.79405243603,69247.84265733747,71516.89107313998,74150.9206203785,76656.11551961084,79042.1276691518,81355.73708256378,83603.66286466837,86181.24378011879,88667.40296406402,91066.78085920041,93385.55124436322,95628.0576164887,98129.13130042257,100528.7311005082,102834.894423406,105050.0551159543,107181.6927161334,109508.2070321593,111731.6533313702,113856.290033533,115887.3020677402,117831.2651817641,119918.6616609638,121917.1133982387,123835.9167181277,125682.1516397746,127456.2090705678,129352.453393088,131164.6847277897,132895.511822746,134551.8923218025,136136.8484364366,137814.2138515542,139410.0085484189,140926.18715037,142367.372820025,143738.5131284019,145178.7223445884,146543.2906248826,147828.7267873842,149044.9140134129,150195.0271868298,151396.7466363039,152530.7996374748,153599.3306610833,154605.9317067831,155547.1232361345
Nigeria,NG,NGA,Population,,37633.861,38354.293,39078.11,39801.53,40551.117,41320.152,42111.958,42922.993,43726.298,44597.063,45510.501,46468.119,47462.465,48484.684,49539.349,50634.178,51742.289,52843.84,54021.727,55242.1,56545.575,57883.793,59319.703,60844.576,62513.712,64307.919,66208.099,68261.08,70391.984,72604.499,74924.784,77211.423,79545.979,81330.541,83722.345,86073.6,88398.306,90785.125,93255.055,95806.973,98434.877,101005.446,103740.095,106504.044,109367.384,112271.472,115238.085,118271.498,121421.011,124673.629,128091.359,131633.83,135310.147,139095.142,143018.948,147015.559,151139.108,155395.414,159794.614,164304.314,168981.457,173777.738,178623.511,183475.375,188318.455,193025.301,197862.099,202647.058,207230.451,211740.831,216251.531,220807.042,225494.749,230271.141,235087.814,239967.749,244895.915,249852.61,254839.645,259865.631,264896.308,269945.841,275021.443,280088.787,285156.007,290215.518,295263.274,300283.214,305281.503,310248.009,315172.822,320041.666,324858.953,329628.926,334337.79,338987.213,343576.313,348111.705,352583.833,357001.017,361370.094,365677.127,369930.286,374117.559,378237.281,382299.706,386301.654,390234.537,394106.89,397911.853,401658.681,405344.108,408954.279,412497.102,415968.042,419350.22,422645.873,425866.183,428985.573,432021.395,434949.993,437796.566,440544.632,443190.032,445741.026,448198.159,450542.705,452777.899,454922.895,456962.694,458880.486,460690.923,462388.341,463990.432,465496.801,466886.206,468176.378,469359.972,470443.63,471436.473,472334.564,473149.067,473851.284,474470.51,475008.483,475487.401,475898.825,476239.025,476511.226,476692.581
Niue,NU,NIU,Cement production,kt cement,,,,,,,,,,,,,,,,,,,,0.0,0.0,0.0,0.0,0.0,0.0,0.0,0.0,0.0,0.0,0.0,0.0,0.0,0.0,0.0,0.0,0.0,0.0,0.0,0.0,0.0,0.0,0.0,0.0,0.0,0.0,0.0,0.0,0.0,0.0,0.0,0.0,0.0,0.0,0.0,0.0,0.0,0.0,0.0,0.0,0.0,0.0,0.0,0.0,0.0,0.0,0.0,0.0,0.0,0.0,0.0,0.0,0.0,0.0,0.0,0.475750989844345,0.4707825555665376,0.4683032882908614,0.4639594029452604,0.4617515630328403,0.4578477372337839,0.4544104006674319,0.4522282897073083,0.4486008869794674,0.4461723647169722,0.4460876098939686,0.4420893210347341,0.439494485386053,0.4364476455039359,0.4337682917866054,0.4317571974319204,0.4285534180180963,0.4264159689265907,0.4233279727234437,0.421099282915582,0.4175190639434843,0.4150912249600177,0.4121710002404949,0.4105702316000916,0.4075626806278121,0.4045857662904179,0.4062354534108681,0.4070602969710934,0.4091224058716561,0.409741038541825,0.4107720929921063,0.412834201892669,0.4146900999031756,0.4159273652435132,0.4186081068142449,0.4192267394844137,0.4212888483849765,0.4237633790656519,0.4262379097463271,0.4274751750866648,0.4293310730971713,0.432011814667903,0.4351049780187471,0.4367546651391973,0.4404664611602104,0.4439720462911671,0.4456217334116173,0.4480962640922926,0.4509832165530805,0.4534577472337559,0.4561384888044875,0.4588192303752192,0.4610875501658382,0.4633558699564572,0.4658304006371325,0.4685111422078641,0.4711918837785959,0.4734602035692149,0.4740788362393837,0.4763471560300028,0.4777906322603968,0.4782030540405093,0.4792341084907906,0.4810900065012972,0.4812962173913534,0.4835645371819726,0.4841831698521412,0.4862452787527042,0.4878949658731544,0.4893384421035483,0.4903694965538296,0.490575707443886,0.4909881292239985,0.4920191836742799,0.4922253945643362,0.4932564490146176
Niue,NU,NIU,Population,,4.544,4.54,4.576,4.579,4.61,4.647,4.693,4.741,4.788,4.824,4.827,4.872,4.98,5.081,5.171,5.231,5.245,5.232,5.19,5.133,5.086,4.99,4.798,4.588,4.356,4.103,3.887,3.806,3.708,3.597,3.469,3.318,3.184,3.033,2.865,2.7,2.568,2.55,2.527,2.499,2.468,2.435,2.393,2.358,2.321,2.285,2.246,2.199,2.141,2.08,2.014,1.961,1.924,1.892,1.846,1.808,1.787,1.781,1.778,1.776,1.76,1.753,1.761,1.763,1.775,1.783,1.781,1.779,1.793,1.793,1.804,1.823,1.82,1.815,1.822,1.819,1.825,1.824,1.831,1.832,1.837,1.846,1.848,1.854,1.869,1.873,1.882,1.888,1.895,1.904,1.91,1.92,1.925,1.933,1.934,1.942,1.947,1.957,1.96,1.962,1.97,1.974,1.984,1.987,1.992,2.002,2.011,2.017,2.03,2.033,2.043,2.055,2.067,2.073,2.082,2.095,2.11,2.118,2.136,2.153,2.161,2.173,2.187,2.199,2.212,2.225,2.236,2.247,2.259,2.272,2.285,2.296,2.299,2.31,2.317,2.319,2.324,2.333,2.334,2.345,2.348,2.358,2.366,2.373,2.378,2.379,2.381,2.386,2.387,2.392
North Macedonia,MK,MKD,Cement production,kt cement,101.657297,115.479609,112.269621,121.84931,137.473664,136.011574,174.185014,172.944833,194.662672,209.986209,204.961514,220.34674,249.462704,266.407543,272.699986,283.983007,289.722011,329.945116,348.386047,386.257283,436.979896,513.389687,561.561061,588.163203,625.310258,674.086889,711.890617,770.547858,806.562035,840.08183,892.957896,896.056117,882.849668,866.596836,840.170767,847.624449,844.607325,829.77316,809.318003,744.106982,714.633535,516.0,499.0,486.0,524.0,491.0,500.0,461.0,520.0,585.0,630.0,600.0,768.0,751.54,886.529,924.225,944.529,916.0,909.0,820.0,930.0,645.0,730.0,660.0,672.0,855.0,901.0,921.0,896.0,928.0,935.0,865.0,865.0,865.0,734.1427789377561,738.8449054283549,742.1973618610825,745.5062111975777,748.619732376292,750.9353501566575,752.2686553244641,753.4112638499317,754.3424458952996,755.150892031906,755.7509435236043,753.4110317725416,750.8779316256273,748.254585196986,745.7283983042113,743.0782349543662,740.4790488846277,737.8585354324407,735.0976545248245,732.3619093812231,729.701301171842,726.9646322964649,724.0885826995526,721.4573415319733,718.8527941829884,716.2835935320218,712.0018848827588,707.3908085114466,702.7060064608232,697.6682953062298,692.4425525948967,687.2004805637667,681.8032211459574,676.4124254211007,671.0039190802343,665.4962119387,659.8528756250766,654.0122643806106,648.1041246304438,642.1603290813019,636.3295402276999,630.4246900448819,624.5963836998585,618.5730811714004,612.4643393479276,606.3073576500427,600.1917735624611,594.3039559969983,588.3680350231459,582.3730137169986,576.3723964333475,570.4719702625395,564.5070899363606,558.639850988737,552.8628961720417,547.1934867934532,541.5762068590035,535.8754871695658,530.163948205153,524.5330663653934,518.8510524822011,513.3011567474259,507.6920117351119,502.2319227094712,496.7758704633624,491.3116777965947,485.9155944371464,480.4635184861317,475.037447441601,469.5960051047267,464.2765576139468,459.0530741150169,453.7462294722622,448.4229339081026,443.1246872268719,437.825879691374
North Macedonia,MK,MKD,Population,,1260.169,1281.901,1307.159,1331.783,1348.23,1363.121,1378.714,1391.796,1408.435,1425.715,1444.403,1465.94,1477.549,1499.926,1521.874,1545.057,1569.641,1595.343,1622.517,1650.174,1678.242,1704.191,1730.599,1757.034,1784.056,1811.888,1839.772,1866.504,1893.19,1919.856,1946.22,1971.911,1986.0,1997.802,2008.996,2019.665,2029.799,2040.515,2050.96,2060.338,2067.041,2044.947,2020.099,1993.61,1991.722,2005.346,2019.76,2031.751,2043.385,2052.789,2061.716,2070.886,2078.082,2084.74,2088.421,2091.192,2087.274,2076.67,2064.998,2056.199,2046.811,2034.08,2020.497,2006.063,1989.604,1971.128,1951.391,1930.366,1909.091,1886.191,1857.84,1844.375,1836.091,1827.512,1818.506,1809.076,1799.049,1789.138,1778.885,1768.213,1756.76,1745.3,1733.715,1722.165,1710.253,1698.134,1685.759,1673.234,1660.9,1648.29,1635.526,1622.741,1609.708,1596.633,1583.848,1570.862,1557.773,1545.056,1532.252,1519.251,1506.125,1492.48,1478.903,1464.738,1450.36,1436.073,1421.638,1407.411,1393.325,1379.187,1364.654,1349.869,1335.111,1320.44,1306.171,1291.668,1277.494,1263.049,1248.563,1234.108,1219.796,1206.096,1192.409,1178.705,1165.091,1151.775,1138.413,1125.34,1112.534,1100.025,1087.7,1075.264,1062.865,1050.689,1038.46,1026.559,1014.582,1002.955,991.377,979.821,968.444,956.987,945.616,934.245,923.152,912.283,901.271,890.251,879.306,868.383
Norway,NO,NOR,Cement production,kt cement,698.22298,705.578573,757.596967,772.018442,801.428669,897.011905,1014.65281,1029.357923,1132.293716,1154.351385,1271.992291,1411.690866,1441.101093,1544.036885,1602.857338,1823.434036,2154.299082,2293.997658,2492.516686,2610.499324,2742.873419,2727.798497,2727.798497,2639.567818,2713.093384,2683.683157,2316.328705,2235.177205,2198.414422,2205.554436,1838.139149,1786.511671,1668.867149,1543.89695,1602.857338,1749.90847,1639.767834,1426.272866,1374.928083,1260.0,1147.0,1266.0,1344.0,1444.0,1613.0,1664.0,1724.0,1676.0,1827.0,1851.0,1642.0,1631.0,1650.0,1420.0,1613.0,1695.0,1700.0,1747.0,1093.0,1298.0,1387.0,1659.0,1700.0,1700.0,1640.0,1660.0,1880.0,1680.0,1480.0,1440.0,1520.0,1530.0,1530.0,1530.0,1473.926752374083,1488.494672728334,1501.118395324617,1512.302970607939,1524.027290760499,1537.440522947721,1550.028018182158,1562.451721991553,1574.554300737375,1586.392990497777,1597.97362659766,1602.37048608818,1606.627658914619,1610.692330114163,1614.586861688782,1618.350930401102,1621.870170411796,1625.23343986582,1628.423010370256,1631.477165301797,1634.443005878806,1637.637199906107,1640.631691892823,1643.567445662604,1646.464282928719,1649.269364411,1660.660300330143,1671.720881037073,1682.469098489974,1692.734348558238,1702.633115904497,1712.351270569085,1721.696634955505,1730.748690993342,1739.664654174425,1748.260259328511,1756.652942831762,1764.77072447319,1772.482120735056,1779.920538630183,1787.092268283259,1793.712613426282,1800.104546578178,1806.317604527533,1812.462593222185,1818.530994586474,1823.962932973962,1829.361520725441,1834.442523525653,1839.307700057647,1843.99877913805,1848.239760349711,1852.341779757108,1856.228933350299,1859.880399796318,1863.307144955745,1866.049899935035,1868.641676579873,1871.011691302607,1873.1625987722,1875.057320338797,1876.51836597892,1877.838938016599,1879.009821473166,1880.284353987295,1881.639215409726,1882.506390969721,1883.515883673207,1884.469607350307,1885.232098596284,1886.031276907815,1886.29977624584,1886.657568337151,1887.049996205631,1887.259928949203,1887.27115551536
Norway,NO,NOR,Population,,3280.381,3311.54,3344.135,3377.92,3410.86,3446.191,3475.94,3508.02,3537.987,3567.647,3594.595,3624.718,3652.964,3680.032,3708.608,3737.736,3767.841,3800.379,3831.797,3862.811,3887.88,3917.623,3948.194,3972.992,3997.567,4017.164,4035.275,4051.248,4066.099,4078.901,4092.306,4107.037,4122.435,4134.236,4145.708,4159.091,4175.414,4198.234,4220.705,4233.121,4249.758,4273.487,4299.034,4324.69,4348.244,4369.741,4392.528,4417.445,4445.181,4478.393,4503.341,4523.973,4552.055,4577.283,4606.202,4640.046,4680.942,4737.078,4799.124,4858.121,4920.203,4985.733,5051.182,5109.067,5165.723,5213.819,5258.147,5295.458,5328.047,5367.414,5391.133,5425.048,5488.555,5549.779,5603.541,5642.601,5663.376,5683.722,5702.771,5720.622,5737.567,5753.736,5768.643,5782.523,5795.387,5807.447,5819.142,5830.003,5840.385,5849.796,5857.943,5865.96,5872.805,5878.343,5883.482,5888.553,5892.258,5895.315,5898.226,5899.639,5900.019,5899.565,5898.412,5895.411,5891.401,5886.427,5880.49,5874.108,5868.245,5861.724,5854.021,5846.0,5836.885,5827.46,5817.747,5807.989,5798.044,5788.164,5778.913,5770.201,5760.764,5751.976,5742.362,5732.443,5722.42,5712.738,5703.024,5692.904,5682.28,5671.207,5659.483,5647.589,5635.198,5622.322,5608.675,5595.251,5581.531,5567.476,5554.198,5541.578,5528.758,5516.806,5504.857,5492.331,5480.201,5467.843,5456.054,5444.596,5432.559,5419.882
Oman,OM,OMN,Cement production,kt cement,,,,,,,,,,,,,,0.0,0.0,0.0,0.0,0.0,0.0,0.0,0.0,0.0,0.0,0.0,0.0,0.0,0.0,0.0,0.0,0.0,0.0,0.0,0.0,0.0,647.02498,698.752346,837.866823,867.601678,948.479801,1000.0,995.0,970.0,1000.0,1200.0,1177.0,1260.0,1264.0,1333.0,1217.0,1238.0,1370.0,1700.0,2500.0,2621.0,2686.0,3611.0,3880.0,3991.0,4000.0,4500.0,5000.0,6100.0,5800.0,5100.0,5300.0,5700.0,4860.0,5370.0,5520.0,6300.0,6500.0,7000.0,7000.0,7000.0,7354.375678983914,7596.784343388966,7788.754496025306,7932.914851459373,8041.176844944741,8147.159413503102,8234.56858568835,8320.500651571245,8405.311703547988,8490.08759681023,8574.817740708992,8607.955789300982,8641.429832580505,8677.17611176615,8714.64405135629,8753.198083896972,8785.410188064641,8820.90123139414,8858.984857642045,8900.042082661083,8943.160817805676,8980.366850981616,9020.277572009802,9061.449644886581,9104.880071329446,9150.141044361639,9231.77233177636,9314.395821376947,9397.92750542665,9481.750459611247,9565.585458767875,9645.979879214761,9725.95900254585,9805.45611342216,9884.44931723683,9962.594118687204,10037.82020638421,10112.50467690141,10186.56732641753,10259.9437486625,10332.80560941639,10406.56670380603,10479.96057540434,10552.59275002754,10624.67805136188,10696.16693898347,10769.18346374626,10841.98999885257,10914.26107940292,10986.05838236233,11057.64429660444,11131.71466866719,11205.87471178102,11280.11734192986,11354.50458900273,11429.14234507913,11505.36776753916,11581.83404423686,11658.83390243003,11736.09196058547,11813.59549088104,11889.99229328962,11966.77579722982,12043.71181389882,12121.14597028243,12198.75203702838,12273.31972214219,12347.80731001554,12422.21471384663,12496.34308617015,12570.10682595367,12641.22740919791,12711.91900404015,12782.26462897882,12852.04997174025,12921.17468214377
Oman,OM,OMN,Population,,459.793,465.72,471.92,478.409,485.224,492.379,499.959,507.996,516.671,525.962,535.007,544.7,555.182,566.472,578.683,591.788,605.82,620.817,636.779,653.731,671.629,690.608,710.579,731.78,762.196,795.532,833.869,876.76,923.848,974.384,1028.112,1086.528,1148.828,1214.09,1281.343,1369.617,1457.222,1544.771,1632.365,1720.091,1807.817,1895.129,1981.348,2062.002,2101.667,2139.388,2174.464,2206.977,2238.001,2267.816,2296.447,2323.987,2350.294,2377.297,2432.345,2487.259,2542.331,2598.017,2655.041,2714.277,2800.615,3352.911,3741.3,3926.526,4078.352,4291.438,4490.317,4584.476,4611.279,4571.203,4473.79,4527.058,4933.394,5165.144,5397.932,5591.45,5751.467,5877.977,5980.657,6071.698,6153.713,6235.02,6315.926,6396.575,6477.279,6558.328,6639.888,6722.201,6805.356,6889.4,6974.547,7060.829,7148.129,7236.315,7325.387,7415.064,7505.487,7596.473,7688.187,7780.512,7873.492,7966.878,8060.632,8154.348,8247.847,8340.933,8433.47,8525.422,8616.783,8707.321,8797.05,8886.146,8974.561,9062.257,9149.362,9235.842,9321.873,9407.18,9491.92,9576.062,9659.702,9743.057,9825.897,9908.269,9990.365,10072.367,10154.346,10236.3,10318.277,10400.357,10482.581,10564.919,10647.587,10730.387,10813.312,10896.445,10979.799,11063.205,11146.919,11230.704,11314.392,11397.943,11481.359,11564.495,11647.289,11729.693,11811.688,11893.337,11974.482,12055.049
Pakistan,PK,PAK,Cement production,kt cement,497.953129,527.573883,595.185816,677.944965,687.188165,778.535686,1085.222221,1079.813415,997.321116,1152.620556,1233.422168,1386.246099,1491.33892,1533.724656,1695.921898,1838.682466,2028.420781,2426.946894,2653.115947,2542.890151,2644.801075,2602.805035,2874.323581,3470.406713,3117.483996,3139.541666,3161.599336,3102.778883,3418.938817,3338.060694,3588.047618,3698.698763,4940.918032,4698.685708,5227.667739,5227.667739,6830.992985,7043.305545,6933.460869,7490.0,7762.0,7793.0,8321.0,8100.0,8586.0,8900.0,9001.0,8901.0,9600.0,9900.0,11000.0,11000.0,13000.0,14151.0,16837.0,20202.0,24593.0,27044.0,30419.0,29380.0,29140.0,30203.0,31285.0,31964.0,33290.0,37892.0,38904.0,40617.0,40470.0,43429.0,49602.0,44333.0,41814.0,37741.0,40418.89780586219,42204.86680488326,44101.54694191775,46272.25743455421,48551.0047631788,51176.80182355664,54416.91801608186,57754.31945060101,61188.4875785333,64718.70037434089,68295.34690102804,71108.46442051422,73811.33719098092,76420.43534395768,78939.26898602162,81377.25705937811,84509.34220256796,87481.91127288957,90316.14976555535,93031.90787947041,95643.3955998226,98766.42389375927,101718.9423549913,104548.4523836057,107305.207904625,110000.2731393074,113846.7202036886,117551.6861047254,121131.4981958613,124593.9699038524,127950.308156585,131730.8092477003,135372.1329004618,138873.4081198675,142253.2917438719,145513.6561809201,149122.0646664749,152581.4824057333,155914.779591138,159110.3875728917,162206.2800413259,165542.1694365044,168775.8289477243,171907.5262703794,174948.1948405849,177894.9089445651,181020.8933357242,184036.2900885716,186951.6989315958,189769.0091657502,192494.9089460337,195344.6787898353,198086.241556489,200717.6227156839,203236.9718225822,205665.9133762115,208180.0151513073,210593.9638030856,212922.8448604273,215157.0124603657,217296.8662297413,219483.7602277694,221588.9748057933,223593.6025847048,225540.1183225929,227395.4927759274,229282.1756053063,231098.4184492415,232844.0004803982,234516.4676938856,236119.7943125388,237712.8180671154,239217.8637951137,240634.5396579437,241982.2678070609,243268.1828105617
Pakistan,PK,PAK,Population,,36199.013,36964.783,37789.215,38670.093,39604.028,40592.111,41635.747,42734.526,43889.585,45100.739,46317.88,47524.674,48787.581,50107.97,51492.029,52925.99,54431.344,55998.193,57622.822,59299.056,61034.383,62661.416,64504.973,66418.852,68412.122,70510.229,72730.28,75073.375,77541.384,80452.695,84129.325,87474.774,90703.717,93751.705,96578.167,99880.404,103333.124,106928.31,110521.169,114152.088,118159.064,121961.749,125131.948,128908.285,132587.881,136576.625,140537.558,144526.05,148518.661,152612.093,157146.16,161395.654,165049.445,169171.051,173400.949,177505.476,181859.904,187126.557,191871.669,196881.399,201596.695,205895.434,209438.815,212709.142,215820.151,218761.614,221516.123,225031.812,228825.973,232775.824,237227.668,241727.933,245673.401,249335.59,253202.738,257236.371,261363.212,265668.44,270095.391,274579.648,279186.862,283869.271,288613.008,293411.515,298228.787,303058.23,307924.757,312781.82,317673.58,322538.176,327337.217,332155.71,336948.029,341721.673,346469.249,351206.204,355899.507,360514.802,365078.26,369610.589,374116.997,378553.053,382952.984,387300.476,391608.804,395878.356,400130.897,404293.869,408409.17,412439.695,416442.545,420376.373,424285.593,428074.714,431821.124,435502.049,439135.178,442693.726,446195.396,449609.308,452911.223,456119.361,459249.642,462290.121,465247.518,468148.898,470941.752,473605.074,476121.13,478546.397,480943.827,483237.491,485460.493,487573.69,489569.738,491501.489,493364.472,495096.556,496807.804,498399.229,499947.4,501439.044,502865.966,504219.894,505517.634,506707.288,507797.866,508782.079,509702.976,510572.265
Palau,PW,PLW,Cement production,kt cement,,,,,,,,,,,,,,,,,,,,,,,,,,,,,,,,,,,,,,,,,,0.0,0.0,0.0,0.0,0.0,0.0,0.0,0.0,0.0,0.0,0.0,0.0,0.0,0.0,0.0,0.0,0.0,0.0,0.0,0.0,0.0,0.0,0.0,0.0,0.0,0.0,0.0,0.0,0.0,0.0,0.0,0.0,0.0,4.617552417347638,4.565736702995761,4.513160676416258,4.461285070316295,4.405427665003106,4.351053005043766,4.289812285451608,4.228799965832913,4.175775139513419,4.122401622223157,4.070400267058181,4.006891785310009,3.948211086302868,3.887574181376956,3.831581760536142,3.774020502552234,3.715849819789367,3.654962291992138,3.595758795844689,3.541547357660951,3.485010470134265,3.42738815254062,3.370826315782948,3.316450802827924,3.263204666883804,3.211322190846421,3.188845203830287,3.163893686133477,3.137911113986386,3.11275338539952,3.087389445922598,3.061819295555619,3.037073988748866,3.010472783931607,2.987789586025416,2.962838068328606,2.940773503092584,2.917059250736112,2.894169841939865,2.872517698483956,2.851484187698215,2.83189415314287,2.81086064235713,2.791064396911726,2.77147436235638,2.752502960471202,2.734562613036306,2.715797422041184,2.701362659737245,2.684040944972518,2.664863332197283,2.649191304553006,2.632694433348505,2.616816194814171,2.601762799840063,2.587121826646067,2.570624955441565,2.555159138687344,2.54154921994363,2.528145512089971,2.511648640885469,2.49886356570198,2.484635014288096,2.469787830204045,2.457208965910612,2.441124516486222,2.425246277951888,2.410605304757893,2.396995386014179,2.383179256380408,2.369981759416806,2.355959418892979,2.342555711039321,2.327914737845325,2.314511029991667,2.301313533028065
Palau,PW,PLW,Population,,7.574,7.727,7.903,8.102,8.317,8.514,8.672,8.822,8.982,9.22,9.435,9.675,9.911,10.163,10.421,10.674,10.935,11.041,11.119,11.199,11.538,11.98,12.408,12.696,12.677,12.633,12.564,12.487,12.392,12.282,12.26,12.543,12.846,13.166,13.508,13.869,14.178,14.489,14.801,15.089,15.429,15.8,16.178,16.567,16.973,17.417,17.891,18.325,18.724,19.079,19.278,19.426,19.579,19.739,19.902,19.735,19.451,19.153,18.864,18.555,18.238,17.917,17.614,17.682,17.748,17.791,17.803,17.821,17.808,17.788,17.796,17.77,17.748,17.707,17.684,17.641,17.588,17.539,17.469,17.41,17.342,17.262,17.202,17.13,17.054,16.976,16.907,16.817,16.739,16.643,16.561,16.457,16.351,16.257,16.143,16.035,15.923,15.808,15.693,15.573,15.464,15.343,15.217,15.095,14.972,14.848,14.728,14.599,14.489,14.368,14.261,14.146,14.035,13.93,13.828,13.733,13.631,13.535,13.44,13.348,13.261,13.17,13.1,13.016,12.923,12.847,12.767,12.69,12.617,12.546,12.466,12.391,12.325,12.26,12.18,12.118,12.049,11.977,11.916,11.838,11.761,11.69,11.624,11.557,11.493,11.425,11.36,11.289,11.224,11.16
Panama,PA,PAN,Cement production,kt cement,73.525566,95.583236,80.878123,73.525566,73.525566,73.525566,80.878123,66.435601,95.583236,110.288349,110.288349,124.993462,139.698575,124.993462,169.108802,147.377188,183.813915,162.050347,176.461358,242.634368,279.397151,272.044594,433.800839,397.038056,279.397151,279.397151,272.044594,301.45482,507.326405,566.146858,522.031518,352.922717,323.51249,301.45482,301.45482,338.217603,352.922717,220.576698,168.863361,300.0,300.0,250.0,571.0,615.0,615.0,647.0,700.0,750.0,760.0,950.0,820.0,748.0,888.9,1042.2,1050.0,1050.0,1050.0,1843.0,1679.0,1491.0,1766.0,2310.0,2370.0,2190.0,1970.0,1900.0,1920.0,1640.0,1370.0,754.0,821.0,900.0,900.0,900.0,866.0879507468352,897.2390478402633,928.6230562383115,960.7478203577223,993.7116926530217,1025.418787620382,1052.842064874469,1079.768585363261,1106.241944817387,1132.294724481913,1158.041780835881,1170.061239593961,1182.084296735755,1194.117353152732,1206.156885740719,1218.203128697646,1227.441779419267,1236.91903190112,1246.614750631445,1256.509407302284,1266.565192613984,1275.389419834999,1284.521461359993,1293.873103696933,1303.510150916946,1313.438508281866,1330.807974020425,1347.866529142561,1364.60419933893,1381.036887726807,1397.155462454293,1413.183438454337,1428.896354751369,1444.310277857018,1459.429238404423,1474.224779111456,1488.875458829309,1503.225017846663,1517.27069669716,1531.009232693169,1544.463112462172,1557.48106117947,1570.224521264077,1582.670469986246,1594.850799867493,1606.740467595554,1618.349801319454,1629.679516275622,1640.727582823932,1651.464474790654,1661.913749894735,1672.041936160064,1681.86836570455,1691.39780506089,1700.633512685757,1709.559660079061,1718.205008328698,1726.554006593546,1734.594872281736,1742.330295987281,1749.78603260852,1756.923522247887,1763.810096437731,1770.419281542684,1776.766104644702,1782.813339526841,1788.594590326912,1794.113796024435,1799.38647807131,1804.381528705732,1809.136334191132,1813.560401160886,1817.761646099048,1821.76758215922,1825.548873740568,1829.134105916521
Panama,PA,PAN,Population,,871.1,892.899,916.001,940.39,965.781,992.143,1019.599,1048.218,1078.107,1109.494,1142.515,1177.224,1213.378,1250.87,1289.26,1328.41,1368.365,1408.89,1450.003,1491.768,1534.371,1577.791,1621.655,1665.725,1710.127,1754.65,1799.22,1843.865,1888.757,1934.346,1980.722,2028.114,2076.429,2125.784,2175.779,2226.051,2276.599,2327.341,2378.355,2429.285,2481.881,2534.65,2588.021,2642.176,2696.915,2752.199,2808.255,2865.136,2922.692,2980.952,3039.785,3099.288,3159.4,3220.214,3282.095,3343.956,3406.093,3468.887,3532.41,3596.352,3660.718,3726.291,3792.22,3858.439,3925.762,3994.307,4063.866,4133.548,4202.173,4267.228,4319.294,4371.516,4430.03,4487.488,4543.666,4598.712,4652.724,4705.759,4757.873,4808.87,4858.847,4907.926,4956.224,5003.39,5049.603,5094.923,5139.328,5182.843,5225.276,5266.527,5306.656,5345.709,5383.618,5420.443,5456.077,5490.476,5523.807,5555.925,5586.871,5616.462,5644.898,5672.059,5697.873,5722.52,5745.934,5768.264,5789.458,5809.672,5828.948,5847.055,5864.266,5880.559,5895.918,5910.325,5923.959,5936.693,5948.697,5959.805,5970.251,5979.858,5988.567,5996.531,6003.739,6010.001,6015.481,6019.964,6023.593,6026.406,6028.43,6029.576,6029.892,6029.431,6028.131,6026.016,6023.239,6019.668,6015.598,6010.882,6005.603,5999.563,5993.071,5986.014,5978.472,5970.285,5961.644,5952.357,5942.663,5932.542,5921.852,5910.734
Papua New Guinea,PG,PNG,Cement production,kt cement,0.0,0.0,0.0,0.0,0.0,0.0,0.0,0.0,0.0,0.0,0.0,0.0,0.0,0.0,0.0,0.0,0.0,0.0,0.0,0.0,0.0,0.0,0.0,0.0,0.0,0.0,0.0,0.0,0.0,0.0,0.0,0.0,0.0,0.0,0.0,0.0,0.0,0.0,0.0,,,,,,,,,,,,,,,,,,,,,200.0,200.0,200.0,200.0,200.0,200.0,200.0,200.0,200.0,140.0,130.0,150.0,160.0,160.0,160.0,166.7995435177909,171.611503759644,175.7820898998553,180.2524840414754,184.8854991649535,189.714389785354,198.7103199704118,207.6825325812861,216.638571520202,225.5716583186422,234.4755271701371,246.6179433304466,258.6655009490297,270.6598229404746,282.5415291364794,294.3778902702188,310.6449571532335,326.7854979440577,342.8017894857761,358.7292954989156,374.5558599169278,395.8912911696219,417.0641026426694,438.203068616229,459.1138453872981,479.9879314261678,512.1866413852993,544.5484227373641,577.0574795159818,609.7189237974745,642.4895968640799,684.2192237355397,726.1094897301952,768.1323088526475,810.2760149507002,852.5140173124624,904.9457151097755,957.5004956525773,1010.129960168208,1062.803646048673,1115.477935469073,1178.086216154882,1240.660848034167,1303.171863839576,1365.603635168301,1428.049885065199,1500.613570919523,1573.475579664925,1646.646405296459,1720.129709796198,1793.900364965842,1877.427574969932,1961.314426879538,2045.527844288524,2130.055131589982,2214.927595032829,2309.347700057589,2404.207173370511,2499.462458486912,2595.056330774601,2691.051616214141,2796.397686116933,2902.167577700074,3007.884547916356,3110.780318497845,3210.804896915112,3315.57787585681,3416.95782352251,3514.925518825414,3609.481449905069,3700.671530442676,3793.821757281529,3883.255401980713,3968.97536059521,4051.040633209647,4129.622227680476
Papua New Guinea,PG,PNG,Population,,1559.897,1589.947,1629.128,1671.329,1715.68,1762.758,1812.121,1862.884,1915.044,1967.964,2022.255,2069.998,2117.839,2164.913,2211.738,2259.902,2311.646,2363.417,2418.19,2475.663,2535.592,2597.251,2659.614,2721.644,2783.697,2845.944,2908.711,2971.943,3035.485,3099.198,3163.826,3230.211,3298.372,3368.894,3441.501,3516.37,3593.216,3671.869,3751.891,3840.265,3952.696,4090.978,4242.421,4399.322,4561.095,4727.461,4899.262,5076.505,5256.274,5442.391,5631.736,5825.135,6022.872,6225.122,6430.96,6640.85,6854.59,7072.099,7293.904,7518.972,7748.074,7970.618,8192.162,8413.233,8633.649,8852.843,9070.592,9286.836,9502.191,9715.829,9915.662,10110.13,10296.209,10483.061,10669.942,10855.692,11040.004,11222.541,11403.247,11582.36,11760.489,11935.954,12110.301,12282.992,12455.521,12625.684,12795.681,12963.799,13130.448,13294.892,13457.429,13617.312,13774.982,13931.855,14088.012,14243.164,14394.62,14543.823,14690.918,14836.287,14976.893,15115.979,15253.284,15386.0,15518.22,15645.067,15769.091,15891.039,16009.91,16126.789,16242.131,16351.543,16457.601,16561.052,16664.408,16765.992,16864.766,16960.972,17053.497,17142.307,17228.036,17312.336,17393.095,17469.331,17543.058,17614.782,17683.162,17750.451,17816.967,17879.638,17944.338,18002.71,18057.751,18112.944,18163.739,18213.695,18261.603,18305.66,18346.928,18385.621,18425.763,18461.218,18493.392,18522.16,18548.884,18572.164,18593.167,18610.381,18624.035,18636.026
Paraguay,PY,PRY,Cement production,kt cement,0.0,7.352557,0.0,7.352557,14.705113,14.705113,14.705113,7.352557,14.705113,14.705113,14.705113,14.705113,14.705113,22.05767,29.410226,29.410226,14.705113,22.05767,36.762783,88.230679,58.820453,73.525566,73.525566,102.935792,139.698575,154.403688,198.519028,169.108802,154.403688,176.461358,154.403688,110.288349,154.403688,110.288349,44.11534,176.461358,264.692037,323.51249,323.51249,326.0,326.0,325.0,490.0,659.0,635.0,613.0,675.0,730.0,730.0,650.0,650.0,450.0,520.0,470.0,550.0,600.0,600.0,800.0,600.0,650.0,650.0,800.0,960.0,1000.0,1300.0,1300.0,1500.0,1100.0,1100.0,1000.0,1100.0,1100.0,1100.0,1100.0,1067.652653130358,1100.770036494757,1134.825124937325,1170.567261221693,1208.23232283074,1246.262601914972,1285.024555682271,1324.215951724132,1363.840896141982,1403.600361243316,1443.093384512942,1471.168745577774,1498.749823140879,1525.882277607744,1552.610339257874,1578.975033442803,1606.017582988111,1632.670424089585,1658.984985511595,1684.968390418477,1710.648562171971,1737.464577361998,1764.000474733152,1790.150112974226,1815.961592577388,1841.478689035637,1879.750677517616,1916.897203681552,1952.922890199512,1987.827785579523,2021.666552615273,2057.142679025786,2091.795591923993,2125.612447888167,2158.637288562398,2190.715134974595,2224.629763416183,2257.611995493683,2289.710338189689,2320.840293740142,2350.975908360822,2381.253872368821,2410.601705032411,2438.900408611293,2466.295544221652,2492.808417888379,2519.269969733264,2544.742605605973,2569.328103272704,2592.983522198199,2615.716413618244,2637.876166909571,2659.106917064021,2679.535736774878,2699.169009181619,2717.969045757759,2736.380182676443,2753.918368419316,2770.770657493634,2786.915192100874,2802.416435185359,2817.505219237967,2831.856149421794,2845.781480197765,2859.154909604066,2871.795054387022,2884.401246313499,2896.420938936301,2907.966269466618,2918.957702263255,2929.39737512057,2939.701780682429,2949.387707526234,2958.483950418411,2967.052854762418,2974.937601756124
Paraguay,PY,PRY,Population,,1520.862,1555.024,1590.186,1626.408,1663.44,1701.132,1739.679,1779.287,1820.011,1861.917,1905.11,1949.678,1996.582,2047.236,2099.003,2151.35,2203.819,2256.168,2308.614,2361.369,2414.687,2470.387,2529.374,2592.831,2658.411,2724.884,2792.788,2862.959,2935.58,3012.355,3094.115,3181.093,3271.284,3364.851,3461.021,3560.32,3662.629,3767.149,3873.943,3981.662,4089.833,4198.895,4308.304,4417.088,4525.747,4633.864,4741.222,4847.602,4952.449,5053.82,5147.916,5227.462,5295.194,5357.679,5418.67,5477.524,5532.771,5586.002,5641.145,5701.328,5774.615,5854.637,5939.379,6025.511,6114.111,6204.095,6294.157,6383.164,6471.599,6558.517,6648.962,6719.402,6801.526,6886.766,6971.54,7054.615,7135.944,7215.404,7293.644,7370.167,7445.068,7518.212,7590.234,7660.682,7729.563,7797.476,7864.287,7929.659,7994.071,8056.907,8118.236,8178.567,8238.077,8295.936,8352.727,8408.332,8463.176,8515.744,8566.944,8616.483,8664.445,8711.228,8756.456,8799.813,8841.696,8881.747,8920.208,8956.83,8991.956,9024.031,9053.976,9082.305,9109.306,9134.149,9156.576,9176.666,9195.263,9211.392,9226.069,9239.35,9250.979,9260.687,9269.077,9275.792,9280.822,9284.459,9286.369,9287.242,9287.035,9285.468,9282.883,9278.737,9273.975,9268.402,9262.278,9254.548,9245.816,9236.924,9227.193,9215.732,9203.903,9191.09,9177.787,9163.596,9148.505,9132.721,9115.774,9097.778,9078.989,9058.714
Peru,PE,PER,Cement production,kt cement,360.275273,367.368389,448.505952,484.983786,544.089188,551.441745,544.089188,602.909641,580.851971,602.639278,595.557084,698.492877,757.042085,816.133782,1014.963862,1065.825872,1088.178376,1110.236046,1139.373238,1132.527226,1448.453649,1624.915008,2360.170667,1904.639135,1904.312158,1963.132611,1926.067225,2022.283232,2396.93345,2169.004196,3080.252591,2588.099921,1963.484679,1948.427498,1756.930838,2205.766979,2587.731875,2514.207157,2102.831186,2190.0,2200.0,2090.0,2500.0,3177.0,3792.0,3848.0,4301.0,4340.0,3799.0,3906.0,3950.0,3980.0,4000.0,4604.201,5107.258,5782.419,6231.023,6922.0,8100.0,8396.0,8500.0,9847.0,10527.0,10676.0,10410.0,10094.0,9980.0,10049.0,10574.0,9140.0,12855.0,13500.0,13500.0,13500.0,12791.26784208085,12896.56147014035,12996.43901985662,13099.41935204972,13207.55498743184,13358.24056537646,13471.99984595695,13587.64471169428,13705.28370852127,13825.02156775242,13947.48120386247,13950.96394947587,13959.71836538633,13973.05969595435,13990.7469696825,14012.61455768525,14027.10325415257,14046.35742613836,14069.88644062903,14097.15783822682,14128.07891243827,14157.94016196714,14191.70451910337,14228.29636050859,14267.32000786679,14309.12994710498,14438.30820773842,14562.35658521163,14681.48365164595,14795.99513131482,14905.57741571982,15016.33441832233,15121.83121520117,15222.41583923251,15317.83760040178,15408.41959125358,15499.22215407299,15584.97044993002,15665.63567890144,15741.45747494767,15812.27378762161,15881.70975627255,15946.23344744789,16005.62503260858,16059.87554728023,16109.02359389227,16155.42820115046,16197.06359100206,16233.91562928606,16266.14122922124,16293.62345844379,16317.86611428798,16337.68910147382,16353.35314773173,16364.88353143706,16372.49934392146,16376.80934221108,16377.43847938523,16374.34379854922,16368.05454662411,16358.18328369887,16345.65376962591,16330.08192247955,16311.4062539817,16289.97087728268,16266.2722806718,16240.32877252171,16211.99603512777,16181.38080088281,16148.16758492846,16113.47578372253,16076.77361670652,16038.15944011872,15997.68503743748,15955.61951098793,15911.71792678572
Peru,PE,PER,Population,,7783.642,8003.598,8229.728,8460.07,8698.55,8945.476,9201.471,9466.272,9741.019,10026.288,10321.966,10628.281,10940.943,11263.254,11592.701,11929.47,12273.124,12624.503,12983.482,13350.053,13652.42,14023.715,14396.578,14769.156,15143.949,15523.965,15909.653,16309.958,16722.161,17144.116,17577.783,18019.827,18473.179,18938.734,19410.698,19885.711,20348.532,20816.107,21293.298,21771.879,22257.664,22709.886,23182.795,23644.771,24118.215,24579.623,25042.719,25505.576,25970.615,26402.394,26794.268,27134.933,27441.502,27719.479,27984.901,28217.46,28431.522,28629.876,28808.206,28985.416,29186.623,29421.548,29679.184,29956.654,30274.998,30640.202,31092.785,31556.488,32238.679,32659.927,33017.232,33294.532,33656.344,34034.89,34400.805,34752.525,35091.771,35419.598,35736.978,36044.439,36343.321,36633.561,36916.329,37192.423,37461.189,37721.662,37974.653,38219.142,38455.522,38684.26,38905.037,39118.049,39322.71,39518.591,39707.109,39886.338,40057.1,40218.657,40371.054,40515.509,40652.243,40780.479,40900.612,41013.402,41117.418,41213.229,41300.002,41378.649,41448.035,41509.028,41561.944,41606.437,41642.159,41669.672,41688.239,41698.944,41701.547,41696.094,41682.298,41660.05,41629.72,41592.091,41546.886,41494.369,41433.994,41366.694,41292.421,41211.761,41124.613,41031.451,40931.498,40826.095,40714.964,40599.459,40478.34,40352.501,40222.425,40087.808,39949.476,39808.664,39664.269,39516.882,39366.675,39212.688,39057.827,38899.74,38739.47,38577.056,38413.115,38246.909
Philippines,PH,PHL,Cement production,kt cement,308.807377,308.807377,294.102264,308.807377,396.818334,434.055119,507.326405,639.672424,727.903103,794.076112,1022.435142,963.184914,948.479801,1198.466725,1529.732961,1610.209894,2110.183743,2566.042252,2948.375195,2448.401346,3117.483996,2904.259855,4058.61124,3499.816939,4264.482825,4499.764636,4198.309816,4337.58397,3948.322892,4477.706966,4088.45397,4352.713504,4382.123731,3654.220628,3080.721213,3543.932279,3323.355581,4095.772096,3624.470841,6360.0,6913.0,6667.0,7962.0,9571.0,10554.0,12429.0,14681.0,12888.0,12556.0,11959.0,8653.0,13400.0,13067.0,13346.0,15494.0,12033.0,13048.0,13369.0,14865.0,15900.0,16063.0,18907.0,20150.0,21305.0,24050.0,23000.0,26000.0,27700.0,27700.0,23000.0,27000.0,28700.0,28700.0,28700.0,23630.29413022985,24781.73266696213,25913.19263647139,27025.25435706428,28109.61514273134,29132.77116611044,30239.70661514159,31302.47501380373,32326.86594194419,33318.52218669149,34275.73494586072,34974.9905773787,35643.0862480358,36280.63848271877,36892.51439615659,37481.0604076956,38055.10513048888,38608.42464315606,39143.617929927,39664.02115677794,40171.65036426197,40678.51133098907,41177.38834395763,41667.42623318498,42150.06083445701,42627.64446085285,43078.7473535911,43506.45678696276,43908.52839364552,44288.95895129579,44648.42319931933,44999.80387650765,45329.03819461331,45640.75792995037,45934.31828808213,46207.88692188291,46476.10454378608,46727.06127579167,46960.77837442469,47179.46788909222,47382.49267541157,47572.30223277726,47749.57676437143,47909.83360749196,48056.26037629555,48187.38013428765,48303.73856659246,48405.86137442989,48491.31631653649,48561.8453756685,48615.70150157124,48656.261771456,48680.79196167215,48686.98333914505,48680.03441955331,48659.50248678393,48622.11573571587,48571.50087422984,48505.59275564644,48426.94867430564,48333.73322543321,48227.02111905106,48109.15096245179,47981.19229175983,47843.99449125263,47697.91615529474,47544.26868698505,47381.6827924561,47213.12927849803,47038.77539034124,46859.90521324344,46674.24118443932,46483.90014091389,46291.39650952395,46095.54031606192,45895.95122659652
Philippines,PH,PHL,Population,,19198.485,19937.677,20719.827,21545.173,22419.834,23341.313,24310.307,25321.402,26363.646,27451.569,28332.226,29253.015,30194.058,31155.404,32130.659,33119.972,34114.367,35128.273,36148.411,37173.187,38071.221,38966.097,39851.024,40737.236,41611.446,42630.206,43772.77,44963.154,46187.409,47426.798,48660.682,49962.772,51428.643,52960.598,54491.764,55934.248,57355.907,58959.085,60519.018,62011.501,63697.832,65066.665,66785.586,68275.657,69762.925,71329.566,73050.919,74766.701,76815.347,78691.166,80559.628,82243.348,83894.429,85569.241,87219.768,88812.155,90205.817,91944.551,93453.638,95314.862,97359.388,99137.841,101213.184,102939.488,104594.772,106031.211,107440.227,108799.16,110131.413,111477.954,112684.574,113517.326,114411.351,115371.047,116316.292,117257.633,118191.31,119121.517,120046.446,120957.813,121859.977,122743.217,123617.444,124480.613,125327.615,126154.328,126962.124,127743.069,128493.985,129206.096,129887.223,130532.38,131141.613,131713.173,132246.154,132737.909,133186.092,133584.481,133934.38,134243.619,134503.259,134721.963,134888.149,135017.688,135111.758,135166.503,135182.289,135176.407,135144.45,135077.733,134986.784,134872.545,134733.661,134577.13,134399.228,134195.107,133979.749,133735.808,133473.865,133187.801,132875.585,132541.872,132177.702,131788.59,131368.202,130925.904,130453.889,129944.348,129414.119,128863.335,128280.8,127679.541,127052.531,126407.399,125737.983,125046.218,124340.012,123622.113,122894.558,122157.892,121413.621,120659.219,119902.939,119144.703,118387.691,117624.456,116861.009,116104.017,115349.551,114596.066
Poland,PL,POL,Cement production,kt cement,2691.116441,2668.978044,3293.945355,3404.149189,3815.886213,4036.553571,4492.41208,5058.454079,5315.898418,6595.243266,7359.909152,7543.723067,7675.947349,8757.026991,9573.028687,10043.592309,11131.770685,11602.488419,11830.115833,12175.980381,13080.198183,13984.562644,15550.657199,16764.006257,18499.032393,19800.43491,21300.356456,21697.394512,19175.4676,18440.21194,14227.197011,16102.098943,16197.682179,16697.51491,14999.338806,15800.644123,16087.39383,16984.266083,17124.10431,12500.0,12012.0,11908.0,12228.0,13834.0,13914.0,13959.0,15003.0,14970.0,15555.0,15046.0,11918.0,10948.0,11653.448,12566.265,12646.223,14688.353,17119.936,17207.0,15043.0,15521.0,18552.0,15735.0,14539.0,15357.0,15016.0,15514.0,17229.0,18944.0,18735.0,18732.0,19327.0,18854.0,16607.0,17690.4,14980.70896311153,15002.43674312898,15085.37323025848,15165.13049272049,15241.46881906438,15315.46801374482,15361.87613918507,15403.54460836626,15442.28977571658,15478.71706462144,15513.6427615862,15481.10242384968,15446.42776296451,15411.90734701709,15377.81281975609,15343.09281400333,15296.15575002168,15250.27880463262,15203.54881958819,15158.41488735296,15113.23519058069,15062.08755870376,15009.82143831845,14959.98576568544,14912.11387907932,14866.72608807998,14782.36995791339,14695.76602437037,14607.92646463967,14517.37893137193,14424.91050991907,14328.84052660125,14230.58370290264,14130.6016716382,14028.75152147384,13924.03951822814,13816.7564773701,13706.78468645486,13594.85091274766,13480.08403528768,13363.0458910791,13242.25265124902,13119.47902990109,12994.9847924592,12869.14742196827,12742.26474108182,12612.86917429799,12482.68148090919,12352.06471787253,12221.13259709065,12090.99069711301,11960.54514577765,11831.17107680599,11702.48003368567,11576.35486663601,11451.13035924391,11327.66874253488,11205.9964504519,11086.41446673973,10969.22277579141,10854.73844955746,10742.93003195165,10633.37539021456,10526.02171058178,10420.89024083252,10318.20816368663,10217.79145778669,10119.27613546857,10022.46100958204,9927.098987693696,9832.969140755056,9740.518583486448,9648.511334155379,9557.565763101467,9467.089416825815,9377.164746349286
Poland,PL,POL,Population,,24996.726,25448.658,25896.261,26356.65,26824.298,27302.981,27768.155,28384.841,28902.438,29362.616,29789.316,30170.061,30506.112,30841.928,31144.342,31432.329,31704.239,31953.022,32203.753,32441.797,32643.47,32899.122,33184.87,33481.678,33803.245,34125.553,34467.66,34789.364,35079.062,35417.711,35735.327,36066.499,36400.421,36746.977,37064.623,37337.083,37568.138,37763.277,37872.451,38003.724,38107.186,38198.708,38268.572,38321.191,38367.434,38361.9,38356.441,38340.179,38312.694,38262.731,38253.412,38241.301,38217.515,38189.533,38145.611,38103.147,38039.187,38001.655,37990.149,38014.161,38176.542,38240.743,38254.992,38263.533,38266.693,38265.935,38260.595,38249.322,38232.819,38218.95,38123.074,37957.529,38813.949,38711.738,38366.664,37915.155,37771.222,37618.818,37457.695,37286.854,37110.231,36925.794,36736.559,36543.08,36344.718,36142.857,35935.016,35724.496,35509.549,35290.711,35068.396,34844.272,34615.144,34383.355,34149.592,33912.526,33673.214,33431.16,33187.031,32939.44,32688.753,32434.217,32178.446,31917.674,31653.936,31386.286,31114.852,30840.816,30563.831,30281.439,29996.877,29707.259,29414.413,29116.225,28814.11,28508.832,28200.134,27888.669,27575.364,27260.942,26946.169,26630.641,26315.223,26000.179,25688.11,25379.222,25073.756,24770.774,24474.648,24181.447,23893.959,23611.351,23334.282,23063.403,22799.399,22541.568,22289.511,22043.068,21802.25,21567.537,21337.578,21112.454,20891.679,20674.668,20460.9,20251.03,20042.607,19837.005,19632.883,19430.415
Portugal,PT,PRT,Cement production,kt cement,640.106984,727.903103,772.018442,779.370999,778.929429,1022.005367,977.890027,1022.005367,1029.357923,1198.466725,1242.582065,1404.33831,1433.748536,1624.37463,1676.382904,1720.498243,1823.434036,1860.196819,2037.169386,2331.32072,2455.753903,2779.266393,3301.297911,3390.128719,3448.349043,3713.04108,4294.58595,5117.37939,5139.43706,5748.918048,5698.231361,5962.923399,6065.859191,5536.475116,5367.366314,5440.89188,5852.63505,5896.750389,5984.981068,7280.0,7473.0,7638.0,7617.0,7977.0,8123.0,8455.0,9395.0,9500.0,10147.0,10343.0,10162.0,9759.0,8567.0,8843.0,8438.0,8340.0,12631.0,6629.0,5318.0,4587.0,5069.0,4090.0,5000.0,5420.0,5620.0,4100.0,3790.0,3960.0,4140.0,4290.0,4500.0,4500.0,4500.0,4500.0,4292.879634663401,4294.055366811474,4295.091533422797,4297.631429902465,4300.887001262369,4300.861859808385,4299.249561395633,4297.508173101726,4295.071735572801,4292.833467870967,4290.25554645355,4268.639669424098,4246.973046229092,4225.633143260422,4203.931276937421,4182.073071805028,4158.225539816499,4135.25902749159,4112.359971748052,4089.187571393119,4066.332682251466,4043.088852191866,4019.897282873151,3997.172559442883,3975.036326618325,3952.50606770471,3951.043529055522,3949.302289079358,3946.608864649889,3943.250207922101,3939.970453181335,3935.404941823508,3931.140016295111,3926.741340423674,3921.20275575761,3916.120720457989,3910.254484610638,3904.774257382302,3898.779872633093,3892.68031266362,3886.287870421807,3879.905405503136,3873.706245017375,3867.701538217303,3861.325884355937,3855.665142981914,3849.932782693614,3844.592197829969,3840.386514126169,3835.782659999993,3831.533263232566,3827.917965117114,3824.590560971395,3822.498859888744,3820.700125763605,3819.334755495856,3818.198048832101,3817.248723970995,3817.018299530552,3817.455214834717,3817.685086303563,3818.085794102175,3818.695175640205,3818.722200922946,3819.290989476653,3819.852252576742,3820.077627271096,3820.392729797702,3820.270195620451,3820.266656062022,3820.284113071292,3818.686935826881,3817.657204997192,3816.883461053989,3816.594167158214,3815.861709915241
Portugal,PT,PRT,Population,,8451.396,8496.996,8549.851,8595.643,8638.277,8687.498,8720.627,8765.952,8819.603,8861.139,8885.297,8891.452,8900.1,8896.504,8895.023,8884.227,8860.732,8830.951,8788.458,8720.019,8619.028,8752.136,8879.058,8999.415,9118.937,9245.668,9374.844,9501.49,9611.3,9715.305,9811.944,9863.228,9908.449,9942.067,9971.724,9987.213,9998.974,10005.012,10004.167,9998.584,9980.464,9957.889,9962.79,9981.893,10015.08,10048.421,10086.877,10134.226,10184.825,10244.918,10321.491,10387.158,10438.93,10469.56,10493.203,10512.784,10535.456,10558.193,10569.968,10582.566,10574.754,10539.351,10486.949,10429.646,10382.751,10357.783,10334.961,10326.727,10323.979,10362.447,10378.591,10403.32,10430.825,10430.651,10419.934,10403.733,10386.992,10368.969,10347.628,10327.304,10308.55,10288.31,10265.782,10243.535,10219.809,10196.672,10172.644,10148.944,10123.568,10096.396,10068.115,10041.976,10014.592,9984.488,9954.08,9922.699,9889.981,9856.897,9824.242,9788.033,9752.508,9717.122,9679.791,9641.395,9604.171,9565.279,9528.102,9491.305,9451.897,9414.583,9377.186,9341.635,9305.286,9269.308,9233.143,9199.737,9167.338,9135.954,9103.977,9074.437,9046.782,9020.532,8997.72,8974.085,8951.696,8932.553,8914.39,8899.777,8886.124,8873.802,8863.045,8852.911,8844.826,8838.638,8831.989,8826.724,8822.088,8815.965,8811.358,8806.797,8802.528,8798.541,8793.436,8788.691,8784.045,8776.53,8770.542,8765.255,8761.269,8756.138
Qatar,QA,QAT,Cement production,kt cement,0.0,0.0,0.0,0.0,0.0,0.0,0.0,0.0,0.0,0.0,0.0,0.0,0.0,0.0,0.0,0.0,0.0,0.0,51.467896,257.339481,257.339481,102.935792,102.935792,124.993462,161.756245,169.168536,169.108802,205.943292,235.341909,205.929236,257.339481,227.86162,374.980386,477.774111,316.159934,308.807377,301.358724,301.45482,301.45482,267.0,527.0,544.0,544.0,469.0,475.0,690.0,692.0,986.0,1025.0,1210.0,1240.0,1340.0,1400.0,1400.0,1500.0,1568.0,2400.0,3800.0,4095.0,3780.0,5000.0,5500.0,5335.0,6080.0,6880.0,6700.0,6000.0,5600.0,4500.0,4000.0,4500.0,4800.0,4800.0,4800.0,4929.846877346459,4980.809203266921,4985.823483596628,5024.902591416551,5084.476600857947,5119.83512626191,5166.349878745105,5214.061297874178,5262.887227040562,5313.514082636922,5365.492075308067,5395.567092487026,5426.600272090883,5459.514119738087,5493.840960919003,5529.065336905426,5564.574197260933,5601.867294913072,5640.647131619765,5681.215867354817,5722.969277249828,5761.649963472964,5801.911939052253,5842.981441479983,5885.365219296044,5928.767400089344,5997.610474809379,6067.308772879601,6138.007672907713,6210.087605870352,6282.829871414217,6354.585271644954,6426.734501207216,6500.31344447624,6574.747924687287,6650.31189567119,6726.25267368408,6803.301471063271,6881.572604275468,6962.026213522076,7043.45815334997,7129.644503618279,7216.812554914633,7304.97449038734,7394.182063052421,7484.431456461833,7581.063774980227,7678.663536053115,7777.501809115916,7877.422763118493,7978.695037261987,8085.095498549038,8192.490879948182,8301.049218469596,8410.823067357978,8521.563831426993,8636.487611300878,8753.435767415995,8871.633945182131,8990.532978733892,9110.53790279602,9233.885662435547,9358.37658977587,9484.114566056925,9611.155908963521,9739.258082775626,9868.839288118153,9999.514730375777,10130.9480094322,10263.30951345108,10396.6727925476,10531.39721496021,10666.86757497879,10802.7598667111,10939.02042577049,11075.59322642688
Qatar,QA,QAT,Population,,24.666,25.467,26.307,27.169,28.064,29.008,30.04,31.235,32.702,34.609,37.411,41.949,47.312,53.449,60.286,67.844,76.54,86.339,97.159,108.892,123.807,138.885,154.128,169.555,185.169,201.005,217.098,233.472,250.143,267.197,284.63,302.475,320.599,338.819,356.937,374.944,389.9,404.111,418.418,432.874,447.477,462.228,477.086,492.003,506.916,521.734,536.303,564.698,596.382,628.619,661.359,694.491,727.919,761.445,785.22,865.595,1080.067,1337.123,1516.754,1655.345,1763.114,1858.786,1955.448,2109.834,2326.91,2527.751,2670.993,2742.426,2779.858,2815.984,2790.766,2839.198,2945.712,3012.452,3084.394,3147.383,3199.736,3242.094,3281.172,3316.996,3350.225,3384.365,3419.412,3455.436,3492.365,3530.152,3568.889,3608.538,3649.066,3690.422,3732.584,3775.469,3819.065,3863.313,3908.182,3953.611,3999.582,4046.066,4093.062,4140.482,4188.439,4236.873,4285.865,4335.627,4385.758,4436.719,4487.899,4539.876,4592.33,4645.414,4699.117,4753.438,4808.441,4864.662,4921.429,4978.61,5036.331,5094.598,5153.439,5212.851,5272.909,5333.465,5394.668,5456.43,5518.898,5581.815,5645.2,5709.144,5773.674,5838.652,5903.923,5970.177,6036.988,6104.056,6171.6,6239.797,6308.462,6377.649,6447.386,6517.541,6588.08,6659.046,6730.259,6801.809,6873.734,6945.936,7018.37,7090.866,7163.397,7235.935
Republic of Korea,KR,KOR,Cement production,kt cement,7.352557,36.762783,44.149805,58.820453,58.820453,44.11534,95.583236,294.221915,360.275273,433.927607,522.031518,786.723556,779.235598,1242.377018,1610.209894,1882.254488,2441.303463,3573.342505,4830.629683,5823.621879,6874.640416,6484.560814,8176.453131,8845.125584,10131.822988,11874.378901,14197.786785,15131.561473,16410.90632,15609.477651,15616.830208,17888.770196,21278.298786,20410.240493,20425.402221,23403.187642,25660.422517,28990.6517,30468.99453,33600.0,38335.0,42650.0,46893.0,51634.0,55130.0,57260.0,59796.0,46091.0,48157.0,51255.0,52046.0,55514.0,59194.0,54330.0,47197.0,49199.0,52182.0,51653.0,50126.0,47420.06,48249.153,46862.24,47290.598,47047.9,52043.695,56507.193,57399.835,52092.607,50635.456,47518.187,50449.908,51062.17,51116.346,44185.538,44037.00155935626,43497.6911381863,42984.17557966072,42467.74541691245,41970.50919337221,41453.86826965473,40969.17753961211,40483.89377140196,39996.12457545215,39503.26676815898,39008.1635323334,38750.27736029092,38486.11217303456,38214.87282094309,37936.43406806939,37653.8875509279,37386.65949890659,37114.41263042427,36841.48038531805,36565.02028860386,36282.54767789186,36006.53866777687,35726.70955858913,35437.42701258332,35141.36051268047,34837.36166820061,34401.88002562265,33950.22155540139,33483.49397269312,33011.62553283945,32537.07981334364,32063.77518837289,31582.57070460901,31092.2333577685,30597.60083272517,30107.2883132373,29621.08549793226,29144.98818698579,28668.2757999697,28199.57704381712,27736.62052515599,27285.41985990326,26841.90444222394,26404.10399780528,25975.0678837046,25546.26434369019,25128.21617139033,24717.99715768754,24315.17598032896,23921.2334507137,23533.10034780492,23155.22878364732,22783.07935423016,22416.84534166446,22057.41403678466,21704.35222264785,21357.13238417068,21012.7961551743,20675.72871350669,20342.51443339172,20015.42710251232,19691.56823838944,19371.95418300852,19054.69883356614,18742.35268449478,18433.43671399915,18129.81321887579,17831.1316027491,17537.89526089075,17251.49467375514,16972.45005828817,16700.29641773837,16437.81663636026,16182.98726120723,15934.38893113186,15693.85500950321
Republic of Korea,KR,KOR,Population,,19757.554,19980.426,20479.333,21071.317,21759.829,22490.376,23258.492,24063.091,24884.763,25711.703,26519.056,27186.846,27831.628,28459.452,29030.502,29538.173,30153.708,30837.748,31512.832,32192.69,32891.704,33588.002,34284.929,34966.77,35608.904,36142.581,36617.269,37070.005,37493.865,37927.933,38354.28,39024.098,39688.211,40313.671,40882.93,41414.996,42022.013,42622.17,43223.784,43825.75,44337.104,44541.196,44766.194,45009.253,45252.428,45484.423,45792.976,46090.097,46371.658,46629.108,46904.214,47182.722,47415.519,47612.802,47781.349,47921.939,48091.096,48265.141,48447.845,48645.528,48893.137,49362.15,49837.009,50305.32,50772.791,51195.032,51400.646,51571.895,51709.893,51825.799,51891.164,51805.631,51759.392,51738.086,51697.094,51636.965,51563.811,51473.879,51372.981,51255.051,51122.116,50974.233,50808.345,50620.264,50413.354,50188.112,49944.975,49681.877,49400.438,49103.34,48794.033,48466.833,48132.656,47785.424,47421.309,47044.603,46657.194,46246.928,45820.659,45373.929,44912.338,44429.961,43927.722,43416.363,42898.541,42366.799,41823.396,41266.782,40702.304,40139.761,39574.694,39018.685,38459.404,37906.93,37358.715,36817.419,36283.206,35753.83,35233.012,34710.617,34195.357,33688.04,33188.231,32697.818,32213.146,31736.519,31265.857,30801.45,30344.45,29894.381,29448.635,29005.677,28571.015,28140.421,27716.783,27295.066,26878.071,26463.435,26054.409,25649.143,25249.046,24854.74,24466.901,24087.349,23716.798,23354.293,23003.891,22663.034,22329.927,22006.983
Republic of Moldova,MD,MDA,Cement production,kt cement,115.682517,134.265705,154.992805,187.995229,226.815284,255.470056,302.413042,354.876872,420.568614,502.201718,570.703762,654.059397,707.704677,765.43184,866.999318,973.17355,1047.155354,1097.758165,1143.411175,1230.783474,1315.394777,1387.159822,1476.988459,1574.916414,1692.515365,1746.273501,1809.864357,1832.387098,1798.854953,1852.158665,1907.552856,1878.643796,1970.763465,2025.884064,2059.627087,2154.438208,2216.863835,2277.03312,2318.811555,2288.0,1800.0,1088.2,960.3,769.1,518.8,494.4,611.8,493.0,462.0,431.9,402.1,477.0,484.4,667.6,772.8,1051.1,1531.0,1775.9,869.4,861.4,1018.0,1051.4,1095.3,1086.2,1122.8,900.2,1116.0,1233.0,1329.0,1235.0,1243.0,1200.0,1200.0,1200.0,1019.518703923242,1027.605649817179,1038.547128012238,1049.186670307132,1059.454957712579,1067.382135630521,1074.26231974109,1080.28407675283,1085.490173221244,1089.856927559049,1093.624191753309,1091.410318388531,1089.059024393314,1086.563033142122,1084.063149574056,1081.432593067979,1078.073861242323,1074.979479268529,1071.951912514942,1069.103592182329,1066.517897719928,1063.135050919713,1059.88611603623,1056.906938064657,1054.059905119167,1051.157060919664,1045.608016871576,1039.65163518959,1033.508408945291,1027.060880474406,1020.373265905705,1013.390560995941,1006.131127544588,998.8911500722476,991.5222912962801,983.9816615194603,976.0978269786217,968.2817871644172,960.4220432119454,952.7081296847871,944.9102385905607,937.1059169373333,929.4751023746798,921.85625322887,914.3401978171262,907.1288043738622,899.8020046138395,892.8720028751761,886.0927151045288,879.5599181315087,873.1016107613178,866.7857524129274,860.6753210814127,854.4360170418352,848.393241199579,842.4305307872634,836.5884681949192,830.8082653905135,825.077909197743,819.3707662230531,813.7345960733726,808.0068469033854,802.3474504018666,796.7172455321572,791.0127807949223,785.314139945692,779.636659060437,773.790662313515,767.8978287915638,761.9512672035947,755.993953237817,749.9480617194414,743.9213819394399,737.9300446785303,731.9258359068483,725.9802026908746
Republic of Moldova,MD,MDA,Population,,2549.942,2595.548,2644.008,2695.001,2748.09,2803.024,2859.451,2916.539,2972.583,3042.15,3110.183,3177.591,3241.418,3302.158,3358.317,3413.627,3467.683,3520.72,3573.445,3626.535,3660.499,3695.356,3732.638,3772.608,3815.087,3858.805,3903.255,3947.911,3992.678,4028.1,4069.327,4109.749,4150.382,4193.77,4238.006,4284.255,4334.477,4383.651,4431.886,4446.874,4455.422,4457.795,4453.626,4442.851,4426.061,4402.361,4372.95,4338.126,4299.303,4257.128,4212.805,4166.735,4119.124,4071.715,4021.624,3955.713,3886.92,3815.871,3743.137,3669.283,3594.7,3519.832,3445.421,3372.054,3313.364,3260.965,3214.623,3172.372,3135.174,3089.95,3048.312,2999.245,3080.724,3053.416,3016.505,2975.706,2946.801,2917.966,2889.017,2859.879,2830.604,2801.91,2773.429,2744.738,2716.201,2687.82,2660.364,2633.422,2607.101,2581.133,2556.487,2532.875,2509.808,2487.236,2465.73,2444.153,2423.376,2403.003,2382.767,2361.942,2341.676,2320.696,2299.585,2278.029,2256.193,2234.263,2211.922,2189.921,2167.872,2145.661,2122.954,2100.666,2078.509,2056.939,2035.381,2014.315,1993.844,1973.568,1953.698,1934.706,1915.851,1898.052,1880.716,1864.061,1847.676,1831.868,1816.615,1801.136,1786.184,1771.485,1757.14,1742.999,1729.032,1715.176,1701.538,1687.68,1674.035,1660.512,1646.876,1633.307,1619.773,1605.917,1592.012,1578.042,1564.102,1550.0,1535.994,1522.118,1508.264,1494.588
Romania,RO,ROU,Cement production,kt cement,1139.831822,1499.921545,1897.186511,1602.857338,1933.914986,2095.47863,2352.81811,2573.58414,2852.791959,3051.310987,3308.650468,3485.111826,4367.188293,4749.75156,5404.129097,5882.045276,6330.551228,7029.044105,7514.559648,8124.327004,8521.364759,9212.753414,9845.073281,11190.591138,11521.456184,13087.276137,13874.274295,14690.685899,15594.772538,15609.768781,14741.875973,14992.143712,13969.602117,14013.97287,12234.654174,14212.491898,14293.122983,14448.022706,13264.012097,9470.0,6692.0,6271.0,6240.0,6676.0,6842.0,6956.0,7298.0,7300.0,6252.0,6058.0,5668.0,5680.0,5992.0,6238.584,7032.1,8252.768,10059.579,10659.0,7797.0,6909.0,8087.0,8223.0,7451.0,7621.0,8356.0,8038.0,8442.0,8951.0,9937.0,10539.0,10676.0,10204.0,10204.0,10204.0,8613.15161917305,8622.49818397265,8619.969910459726,8616.038795492557,8613.905583090955,8600.39034946404,8583.703241175657,8566.43273126619,8549.39712832809,8532.097883854518,8515.693337681825,8465.907362587539,8416.566742548279,8368.607790596716,8321.997851361255,8277.261201285539,8232.68779605907,8188.601536735504,8146.272950321501,8105.513987513859,8065.180419597984,8024.878758849392,7984.861244558424,7946.103132062677,7909.096667227177,7874.21767485955,7821.430482751389,7767.772309399387,7713.00177400136,7658.373431865869,7602.711717201185,7545.208174230198,7486.873805467513,7428.051905073628,7368.655679198519,7308.464900715299,7248.00867516393,7186.801694949977,7125.430397821731,7064.968449670513,7004.795483434505,6944.67383084772,6886.391315243727,6829.296278851793,6773.768657544112,6718.837123214998,6665.020444726328,6612.240712135917,6560.649602270328,6510.855342318075,6461.581513627139,6413.357513125487,6365.845794864873,6319.000128516019,6272.839778857292,6227.393615114659,6182.387051408751,6138.312058414259,6095.699004608627,6053.283235340395,6011.569009538727,5970.574840386504,5929.54402865284,5889.696369059219,5849.988348137145,5810.303234572918,5770.449191956539,5731.2365854609,5691.784991914027,5652.007123238162,5612.781019012372,5573.076644201732,5533.332156943949,5493.382078410812,5453.147130689777,5412.594585597055
Romania,RO,ROU,Population,,16512.602,16738.598,16953.496,17161.9,17371.427,17579.11,17803.881,17970.697,18121.561,18253.836,18373.154,18471.874,18551.465,18623.395,18687.408,18738.7,18813.818,19183.292,19538.818,19864.798,20158.451,20428.514,20682.638,20914.009,21153.095,21383.045,21612.322,21788.033,21948.1,22091.147,22218.395,22327.184,22421.701,22496.713,22571.284,22640.356,22709.129,22782.054,22848.805,22926.476,22952.584,22942.243,22882.542,22801.959,22710.526,22604.92,22478.9,22344.125,22225.676,22106.642,21985.881,21853.954,21686.079,21500.822,21305.613,21121.162,20950.303,20791.129,20646.355,20507.498,20357.65,20206.372,20110.533,20015.309,19921.039,19821.0,19733.101,19645.702,19550.042,19453.042,19331.896,19164.426,19169.119,19067.838,18962.338,18854.963,18746.246,18636.869,18526.911,18415.185,18303.829,18191.697,18079.653,17966.084,17852.408,17736.426,17619.67,17502.912,17384.929,17268.195,17151.241,17032.323,16915.179,16797.508,16679.052,16561.588,16444.393,16325.263,16206.126,16086.598,15967.935,15847.701,15725.379,15603.667,15480.037,15353.124,15224.717,15095.551,14965.44,14833.915,14702.261,14569.277,14436.208,14305.324,14175.301,14046.026,13920.847,13798.374,13679.395,13561.854,13446.969,13334.424,13224.528,13118.545,13013.792,12911.468,12810.758,12711.56,12613.909,12517.86,12422.832,12329.849,12240.007,12150.672,12062.888,11976.622,11890.372,11806.662,11723.327,11640.124,11556.59,11474.466,11391.932,11308.808,11226.903,11144.148,11061.388,10978.282,10894.667,10810.476
Russian Federation,RU,RUS,Cement production,kt cement,7639.605621,8682.917691,9819.293808,11672.068435,13805.861886,15250.127492,17710.170807,20395.292207,23727.684466,27822.393995,31056.45628,34970.836134,37188.384303,39540.584902,44040.057746,48620.533519,51468.942977,53094.158576,54431.038659,57680.0,60626.0282,62889.351266,65881.119475,69128.610922,73119.0,74602.127353,76471.993442,76588.77069,74388.805533,75792.0,77048.437243,74910.489996,77590.902308,78765.224197,79089.0,81778.084235,83191.364911,84489.830813,85085.304975,83034.0,76193.691555,61700.0,49900.0,37200.0,36500.0,27800.0,26700.0,26000.0,28400.0,32400.0,35300.0,37700.0,41000.0,45700.0,48534.1,54731.2,59934.1,53548.2,44266.2,50392.3,56152.5,61690.6,66548.9,69139.2,62102.6,54935.2,54721.7,53678.9,57676.038,56165.0,59822.146,60666.976,62827.275,65157.994,69284.71061611174,69245.03495884602,69284.86256623613,69324.76926389876,69364.31151455708,69453.98874753976,69549.6607691523,69650.30368212398,69757.71909623778,69873.61464523512,69995.25623522513,69890.97466861534,69793.16871733655,69702.84558403456,69619.06537394295,69539.6303968891,69455.05495233081,69376.10725012403,69303.90416452163,69234.61433630243,69172.0100429261,69100.29124379987,69038.14008856245,68975.36823528311,68917.0035983215,68865.16847917126,68963.24289137236,69046.79298470468,69122.10965357232,69167.83179922898,69204.77701344802,69251.68589703333,69292.66769992329,69327.01654856933,69342.75349811242,69353.42432639208,69380.87834970556,69391.22884141112,69403.16106771235,69401.39308145113,69397.77584140521,69396.50352207739,69399.00712136306,69407.463004812,69412.8783491193,69408.23307244964,69407.36191499142,69399.02359131689,69411.17856830002,69424.35357603936,69442.0798950505,69464.66848773567,69498.4699251424,69526.54443776744,69559.32054620201,69598.62211875933,69651.03340134786,69706.99119317513,69760.07558301225,69814.70262783866,69866.73226910032,69921.76103745162,69977.97942436991,70041.57992543494,70101.59270689393,70158.14255898996,70215.66867704378,70274.07208749792,70316.66975425124,70366.82690817305,70416.22723069525,70456.7608315186,70483.76715943064,70514.67935466202,70532.06078324023,70546.07838064192
Russian Federation,RU,RUS,Population,,104118.253,105571.062,107081.701,108621.657,110304.822,112017.163,113801.044,115659.626,117517.906,119069.875,120798.408,122410.2,123813.227,125086.278,126174.029,127094.399,127972.863,128712.424,129417.657,130106.717,130627.662,131346.563,132106.275,132844.024,133674.292,134597.903,135563.478,136518.473,137439.702,138193.379,138951.867,139751.129,140744.368,141918.189,143010.289,144128.489,145487.137,146807.628,147921.351,148642.381,149316.7,149580.166,148251.816,148019.032,148382.441,148200.365,147968.8,147738.741,147532.321,146951.628,146483.937,145750.631,146128.369,145460.09,144900.103,144295.666,143910.23,143809.297,143814.384,143923.88,143945.051,144142.446,144439.612,144768.583,145082.693,145532.538,146024.816,146348.782,146511.509,146554.625,146187.972,145484.378,145675.42,145205.581,144435.265,143559.521,143229.395,142858.854,142480.73,142089.382,141689.437,141261.464,140859.287,140469.898,140091.664,139727.619,139375.42,139034.326,138719.274,138415.363,138148.299,137895.225,137670.254,137445.556,137244.454,137059.959,136887.457,136691.348,136480.604,136256.184,136009.366,135743.012,135473.935,135151.042,134823.641,134473.677,134129.15,133787.487,133420.512,133058.697,132728.241,132375.686,132042.291,131693.254,131354.269,131020.402,130708.309,130421.764,130140.496,129848.908,129572.75,129291.142,129062.736,128845.523,128646.391,128461.727,128308.149,128149.963,128008.43,127886.854,127788.984,127704.616,127620.32,127544.819,127469.45,127392.688,127323.978,127275.427,127224.746,127172.007,127116.212,127067.167,126991.668,126935.766,126882.789,126814.17,126723.362,126644.367,126543.015,126439.051
Rwanda,RW,RWA,Cement production,kt cement,0.0,0.0,0.0,0.0,0.0,0.0,0.0,0.0,0.0,0.0,0.0,0.0,0.0,0.0,0.0,0.0,0.0,0.0,0.0,0.0,0.0,0.0,0.0,0.0,0.0,0.0,0.0,0.0,0.0,0.0,0.0,0.0,0.0,0.0,0.0,0.0,66.569255,58.820453,66.526876,60.0,60.0,60.0,60.0,10.0,10.0,42.0,61.0,59.0,66.0,71.0,91.0,101.0,105.105,104.288,101.128,102.589,103.034,103.0,92.0,95.0,94.0,106.0,130.0,140.0,180.0,350.0,390.0,400.0,450.0,490.0,670.0,940.0,940.0,940.0,1134.384976030985,1195.456979577963,1267.633037598297,1342.995695122886,1422.877324218249,1492.201857314479,1553.511574912045,1613.624453086614,1673.487512739138,1732.688426072247,1791.775848050176,1865.946728144503,1941.046445471839,2016.087365332386,2091.520303225814,2166.902982511242,2243.229366006158,2320.429962179122,2398.840677837884,2477.733039993985,2558.582387680107,2643.578480885904,2731.003852610434,2819.871401133057,2910.349427057364,3002.460015289537,3170.98646785246,3334.805113258453,3494.292719084064,3649.301380991705,3800.075678934275,3977.670523121238,4148.317690926129,4312.55527012397,4473.129580515045,4626.609319110816,4801.371927349506,4970.764552249605,5129.598602118883,5283.971335751847,5431.625078836287,5597.037094400546,5754.73162244351,5910.435630153699,6060.71972768897,6203.479072532662,6364.195781464254,6517.413693315109,6666.761634523358,6810.734962098767,6948.129804380943,7096.828050368165,7236.541356044304,7374.954207872346,7506.477419044813,7635.848842237416,7772.932269937281,7903.284755047463,8030.92291355336,8153.318316696367,8266.384301397395,8386.339650611295,8504.993448245528,8628.16428868914,8739.950958351918,8858.873529835699,8965.251963033115,9068.752283269216,9173.368820276832,9277.647700849282,9369.827702085468,9476.283981810067,9570.2470277742,9659.356747764596,9747.277630036042,9838.247023074842
Rwanda,RW,RWA,Population,,2196.195,2275.867,2357.153,2439.566,2524.678,2611.919,2701.7,2794.048,2886.21,2978.578,3066.011,3147.547,3224.503,3293.278,3376.389,3470.031,3573.22,3685.934,3802.086,3920.456,4040.881,4159.207,4281.463,4408.63,4539.826,4675.63,4816.279,4960.202,5110.139,5268.942,5437.576,5616.885,5806.213,6004.41,6210.844,6423.612,6640.15,6858.835,7077.307,7292.105,7458.509,7595.422,7771.111,8191.153,5393.552,5954.684,7462.844,8047.632,8115.729,8180.094,8247.767,8326.422,8473.938,8699.812,8933.875,9175.181,9423.311,9676.556,9931.981,10188.882,10446.225,10701.241,10958.561,11228.119,11501.395,11778.649,12059.717,12344.404,12631.588,12920.618,13211.056,13499.464,13802.596,14106.347,14406.786,14731.895,15047.491,15381.164,15691.759,15997.557,16311.853,16634.364,16909.281,17237.669,17566.839,17925.798,18227.755,18563.937,18895.639,19257.936,19623.604,19988.746,20319.224,20682.446,20991.719,21313.596,21604.716,21924.463,22247.78,22560.007,22855.813,23159.716,23440.803,23724.272,24010.974,24307.927,24576.214,24841.701,25169.415,25441.97,25711.551,26019.053,26263.502,26538.702,26799.316,27067.416,27301.016,27561.402,27807.417,28018.165,28259.445,28477.504,28702.125,28917.696,29113.471,29314.845,29486.556,29681.782,29858.659,30047.321,30235.835,30409.742,30591.931,30765.317,30905.88,31048.675,31201.101,31392.58,31536.755,31730.723,31832.094,31934.015,32055.185,32186.83,32271.383,32402.434,32486.752,32560.594,32640.258,32743.828
Réunion,RE,REU,Cement production,kt cement,0.0,0.0,0.0,0.0,0.0,0.0,0.0,0.0,0.0,0.0,0.0,0.0,0.0,0.0,0.0,0.0,0.0,0.0,0.0,0.0,0.0,0.0,0.0,0.0,0.0,0.0,0.0,0.0,0.0,0.0,0.0,0.0,0.0,0.0,0.0,0.0,0.0,0.0,0.0,,,,,321.0,313.0,299.0,299.0,380.0,380.0,380.0,380.0,380.0,380.0,380.0,380.0,400.0,400.0,400.0,380.0,300.0,250.0,350.0,400.0,350.0,250.0,250.0,250.0,260.0,250.0,218.0,242.0,280.0,280.0,280.0,316.606159016054,311.7257211091738,307.5957304410807,303.0082144998142,298.4601290953333,294.4544309929326,285.8201067660083,278.3230246848931,271.6646652608325,265.716855267742,260.3832419452276,255.2191751121876,250.7312338577875,246.68948810584,243.1309580214519,239.8694941013856,234.5850275298186,229.9210564157397,225.8184809609782,222.1645945349899,218.9251966123601,213.9844131087164,209.6472820159977,205.8398959941554,202.3805651359065,199.2682854101534,199.1870209504304,199.0441732673235,198.8856652456242,198.6477973999766,198.3885553084122,198.0711160126191,197.755792978798,197.3439683990558,196.9501320460752,196.5571421978835,196.1110341741956,195.7070397637496,195.2880198933027,194.8785232017297,194.4690265101567,194.0546624160481,193.6347960408124,193.2373620424796,192.8534721207671,192.531588674833,192.1618777083326,191.826450185778,191.5286921263241,191.2292410572926,190.9439689434732,190.6914988902192,190.4045337668222,190.1620101448363,189.8771612834113,189.5671289045201,189.2475733467551,188.9362712106807,188.6230644388315,188.3261528841664,187.9748533968221,187.6307492001824,187.238182604385,186.8661437497155,186.4636307226499,186.0253528682583,185.5970214451349,185.1500669166582,184.6713684586023,184.1439959751914,183.6145072298085,183.0674535100585,182.5248439404495,181.936099859852,181.3139188400976,180.6847541558357
Réunion,RE,REU,Population,,253.902,263.121,273.274,283.333,294.937,305.916,317.251,329.191,340.935,353.162,365.95,378.201,389.487,401.166,413.168,424.254,435.205,445.417,455.342,464.779,473.397,481.805,490.256,498.663,506.992,515.611,524.258,532.86,541.304,549.431,556.837,565.117,574.16,584.304,595.062,605.76,616.006,626.202,636.318,646.652,658.492,670.417,682.423,693.777,704.953,715.957,726.946,738.477,749.653,758.575,767.706,776.765,785.841,795.28,798.721,801.727,811.632,825.826,835.15,841.785,847.158,846.406,843.711,851.48,865.86,864.164,861.555,855.953,857.931,856.724,866.168,869.99,873.091,876.675,880.506,884.305,888.291,892.126,895.777,899.241,902.497,906.004,909.288,912.352,915.252,918.141,921.093,923.647,926.219,928.368,930.588,932.639,934.704,936.604,938.323,939.45,940.363,941.201,941.511,941.605,941.221,940.546,939.797,938.673,937.448,935.948,934.458,932.512,930.651,928.794,926.686,924.777,922.797,920.862,918.927,916.969,914.985,913.107,911.293,909.772,908.025,906.44,905.033,903.618,902.27,901.077,899.721,898.575,897.229,895.764,894.254,892.783,891.303,889.9,888.24,886.614,884.759,883.001,881.099,879.028,877.004,874.892,872.63,870.138,867.636,865.051,862.487,859.705,856.765,853.792
Saint Helena,SH,SHN,Cement production,kt cement,,,,,,,,,,,,,,,,,,0.0,,,,,,,,,,,,,0.0,0.0,0.0,0.0,0.0,0.0,0.0,0.0,0.0,0.0,0.0,0.0,0.0,0.0,0.0,0.0,0.0,0.0,0.0,0.0,0.0,0.0,0.0,0.0,0.0,0.0,0.0,0.0,0.0,0.0,0.0,0.0,0.0,0.0,0.0,0.0,0.0,0.0,0.0,0.0,0.0,0.0,0.0,0.0,0.6153544830261339,0.5987554362230446,0.581468335111995,0.5643163711445428,0.5481147530204017,0.5323366898858265,0.5093555749705233,0.488430951470073,0.4696330068807953,0.4526482098211063,0.437023206904502,0.4222655554225712,0.4094916428831861,0.3973076089589069,0.3854938025188568,0.3761361131713814,0.3628367121650449,0.3511201121956284,0.3408431598445413,0.3306009483833039,0.3225043616737872,0.310886988994647,0.3013642045528378,0.2922552562589184,0.2843574926901773,0.27724867865759,0.2737769947274925,0.2712079486192203,0.2678056983677247,0.264611749152035,0.261695534650753,0.2586404527922672,0.256071406683995,0.2530857585041111,0.250377845038635,0.2473227631801492,0.2449620181076829,0.241976369927799,0.2397544922125365,0.2372548797828663,0.234963568389002,0.2330888590667492,0.2310752823872926,0.2284368026004185,0.2269786953497775,0.2245485165987093,0.2233681440624761,0.2217711694546312,0.2203130622039903,0.2185077865603395,0.2171885466669025,0.2156610057376596,0.2137862964154069,0.2123281891647659,0.2110089492713288,0.2100368777709015,0.2089259389132703,0.2068429285552118,0.2056625560189786,0.2042738824469396,0.2026074741604928,0.2012882342670557,0.2001772954094246,0.1987191881587835,0.1978165503369582,0.1960112746933075,0.1945531674426665,0.1931644938706275,0.1917758202985885,0.1906648814409573,0.1890679068331124,0.1882347026898889,0.1873320648680636,0.1860128249746265,0.1848324524383934,0.1835132125449563
Saint Helena,SH,SHN,Population,,5.256,5.293,5.309,5.32,5.318,5.298,5.294,5.317,5.331,5.348,5.376,5.402,5.425,5.453,5.468,5.483,5.518,5.585,5.659,5.733,5.819,5.896,5.969,6.035,6.099,6.157,6.188,6.259,6.313,6.365,6.416,6.475,6.546,6.602,6.645,6.663,6.702,6.697,6.675,6.635,6.599,6.546,6.502,6.444,6.381,6.316,6.258,6.191,6.126,6.054,5.979,5.897,5.803,5.702,5.6,5.486,5.379,5.266,5.279,5.313,5.345,5.384,5.422,5.448,5.484,5.526,5.508,5.494,5.469,5.448,5.412,5.368,5.318,5.259,5.216,5.177,5.118,5.064,5.014,4.955,4.902,4.846,4.791,4.737,4.682,4.63,4.585,4.534,4.476,4.437,4.387,4.341,4.3,4.248,4.213,4.16,4.12,4.073,4.032,3.993,3.943,3.906,3.857,3.811,3.769,3.725,3.688,3.645,3.606,3.562,3.528,3.485,3.453,3.417,3.384,3.357,3.328,3.29,3.269,3.234,3.217,3.194,3.173,3.147,3.128,3.106,3.079,3.058,3.039,3.025,3.009,2.979,2.962,2.942,2.918,2.899,2.883,2.862,2.849,2.823,2.802,2.782,2.762,2.746,2.723,2.711,2.698,2.679,2.662,2.643
Saint Kitts and Nevis,KN,KNA,Cement production,kt cement,,,,,,,0.0,0.0,0.0,0.0,0.0,0.0,0.0,0.0,0.0,0.0,0.0,0.0,0.0,0.0,0.0,0.0,0.0,0.0,0.0,0.0,0.0,0.0,0.0,0.0,0.0,0.0,0.0,0.0,0.0,0.0,0.0,0.0,0.0,0.0,0.0,0.0,0.0,0.0,0.0,0.0,0.0,0.0,0.0,0.0,0.0,0.0,0.0,0.0,0.0,0.0,0.0,0.0,0.0,0.0,0.0,0.0,0.0,0.0,0.0,0.0,0.0,0.0,0.0,0.0,0.0,0.0,0.0,0.0,12.49477533130266,12.4374464673351,12.37507806197188,12.31852352107422,12.25913739974719,12.2213412911406,12.13470020957489,12.05041215283449,11.96962149820001,11.89557742560574,11.82118227274991,11.63394816395245,11.45721079909958,11.29302215940289,11.13722377441329,10.98615987922146,10.82634428269414,10.67529524161748,10.53031220674914,10.38740470965603,10.25646876330891,10.1202987201482,9.993198642414116,9.870285065669659,9.758123028801789,9.653000754499589,9.599267827125704,9.543359477590931,9.487016043623983,9.42849718749615,9.370413415800492,9.30863142643133,9.251200281383941,9.189418292014775,9.12633104934908,9.065419228844272,9.008423168229058,8.950774480965576,8.8911679137573,8.831561346549025,8.769561814963772,8.705169319001545,8.641429449687584,8.575949242644915,8.509816408953979,8.445423912991751,8.377985826004286,8.311200365665085,8.243762278677618,8.17936978271539,8.110191357999216,8.042753271011746,7.974662557376014,7.908529723685079,7.840874094481523,7.774741260790588,7.710566307044452,7.64530364221787,7.582651483984353,7.518258988022127,7.455389287572519,7.395130093715976,7.331607766618104,7.272871368274183,7.21108937890502,7.153005607209361,7.095356919945879,7.039013485978933,6.980929714283277,6.925456449180682,6.870635810726355,6.815815172272027,6.761429618249874,6.709219486388611,6.656139185662992,6.603058884937373
Saint Kitts and Nevis,KN,KNA,Population,,47.757,48.86,49.919,50.967,51.718,52.55,53.399,54.243,55.045,55.893,55.727,54.94,53.981,52.902,51.75,50.529,49.268,47.941,46.548,44.914,44.299,44.113,43.953,43.806,43.67,43.543,43.421,43.294,43.14,42.926,42.774,42.622,42.442,42.226,42.0,41.749,41.488,41.208,40.915,40.601,40.263,40.453,40.976,41.507,42.046,42.606,43.148,43.708,44.287,44.915,45.58,45.941,46.1,46.253,46.376,46.498,46.639,46.772,46.898,46.935,46.758,47.013,47.053,47.085,47.093,47.082,47.067,47.034,46.983,46.92,46.82,46.706,46.713,46.803,46.883,46.96,47.023,47.084,47.104,47.129,47.139,47.123,47.088,47.049,46.977,46.88,46.77,46.66,46.537,46.389,46.237,46.074,45.892,45.677,45.476,45.259,45.042,44.808,44.59,44.373,44.126,43.869,43.61,43.341,43.074,42.79,42.526,42.242,41.952,41.672,41.41,41.145,40.871,40.597,40.312,40.016,39.723,39.422,39.118,38.822,38.512,38.205,37.895,37.599,37.281,36.971,36.658,36.354,36.043,35.739,35.444,35.144,34.856,34.56,34.271,33.994,33.702,33.432,33.148,32.881,32.616,32.357,32.09,31.835,31.583,31.331,31.081,30.841,30.597,30.353
Saint Lucia,LC,LCA,Cement production,kt cement,0.0,0.0,0.0,0.0,0.0,0.0,0.0,0.0,0.0,0.0,0.0,0.0,0.0,0.0,0.0,0.0,0.0,0.0,0.0,0.0,0.0,0.0,0.0,0.0,0.0,0.0,0.0,0.0,0.0,0.0,0.0,0.0,0.0,0.0,0.0,0.0,0.0,0.0,0.0,0.0,0.0,0.0,0.0,0.0,0.0,0.0,0.0,0.0,0.0,0.0,0.0,0.0,0.0,0.0,0.0,0.0,0.0,0.0,0.0,0.0,0.0,0.0,0.0,0.0,0.0,0.0,0.0,0.0,0.0,0.0,0.0,0.0,0.0,0.0,48.71670496865439,49.16942935987727,49.44027965146297,49.62892835476012,49.83695036371415,50.10756679673164,50.24901950812077,50.40350328648696,50.5689269349748,50.74485609136899,50.92909447771051,50.75846647667358,50.60538670243176,50.46313560373975,50.3325680331596,50.21920989222302,50.13396213591786,50.05616417658982,49.99140477083589,49.93596814216872,49.88031189537789,49.85290085445539,49.82940479910641,49.79988458626363,49.76722591730356,49.73869185943341,50.02467369591336,50.28455758111945,50.51055433416748,50.70678077079769,50.87733442319693,51.06233140817896,51.22658028686328,51.36431746586942,51.48004732443406,51.56982545966723,51.66705519529585,51.74900551576771,51.80748268221878,51.84204428641654,51.84502100262438,51.8512998658173,51.82451366261032,51.77719826081376,51.70870058402931,51.61851501176164,51.5227711806913,51.40516070942998,51.2658834627647,51.1012778958052,50.91434607205139,50.72428371021049,50.51129298352395,50.2854111826051,50.05102792739883,49.79767092289914,49.53609719749574,49.26478963139984,48.99039899354413,48.7093478043042,48.41567543137889,48.12606210232256,47.82761363318795,47.52254303805206,47.20856222515497,46.90058602121287,46.59800008867887,46.28443502976095,45.97639146083615,45.67257993261143,45.36886775893,45.0650968059354,44.76657777336833,44.47039753596772,44.1696382186145,43.86957103496586
Saint Lucia,LC,LCA,Population,,93.519,94.416,94.414,94.238,93.975,93.632,93.271,92.895,92.535,92.168,93.003,93.978,95.032,96.007,97.003,97.982,98.945,100.064,101.287,102.472,103.857,105.27,106.734,108.262,109.889,111.561,113.289,114.98,116.688,118.368,120.212,122.12,124.053,126.036,128.098,130.219,132.259,134.196,135.805,137.22,138.493,140.547,142.687,144.764,147.016,149.4,151.473,153.665,155.688,157.716,159.516,160.957,162.325,163.626,164.852,166.047,167.231,168.285,169.33,170.407,171.406,172.196,172.977,173.76,174.517,175.292,176.0,176.684,177.35,177.973,178.528,178.516,179.046,179.523,179.964,180.334,180.641,180.894,181.113,181.291,181.428,181.494,181.49,181.427,181.274,181.081,180.816,180.449,180.006,179.543,179.043,178.476,177.893,177.28,176.587,175.884,175.14,174.314,173.435,172.546,171.615,170.679,169.691,168.671,167.637,166.581,165.526,164.431,163.316,162.161,160.941,159.741,158.521,157.277,155.975,154.667,153.301,151.927,150.54,149.136,147.725,146.297,144.851,143.372,141.87,140.394,138.891,137.395,135.919,134.425,132.939,131.464,130.02,128.593,127.162,125.771,124.391,123.027,121.67,120.364,119.095,117.822,116.593,115.402,114.235,113.081,111.964,110.874,109.79,108.726
Saint Pierre and Miquelon,PM,SPM,Cement production,kt cement,0.0,0.0,0.0,0.0,0.0,0.0,0.0,0.0,0.0,0.0,0.0,0.0,0.0,0.0,0.0,0.0,0.0,0.0,0.0,0.0,0.0,0.0,0.0,0.0,0.0,0.0,0.0,0.0,0.0,0.0,0.0,0.0,0.0,0.0,0.0,0.0,0.0,0.0,0.0,0.0,0.0,0.0,0.0,0.0,0.0,0.0,0.0,0.0,0.0,0.0,0.0,0.0,0.0,0.0,0.0,0.0,0.0,0.0,0.0,0.0,0.0,0.0,0.0,0.0,0.0,0.0,0.0,0.0,0.0,0.0,0.0,0.0,0.0,0.0,1.731624501498805,1.699374707497784,1.665218761582388,1.63431409130222,1.604599751966089,1.576885230830599,1.553943343934518,1.530157924805068,1.510505828506617,1.487351784302362,1.466131324744434,1.440817561470288,1.418981248831788,1.396291542014801,1.375006591118973,1.351787846956274,1.332395447435906,1.309584365896474,1.289425327603128,1.270849485763879,1.250792487502132,1.228489174482457,1.207741049138586,1.187057901813943,1.166994253467205,1.144599246433389,1.128850329563154,1.112567551104096,1.094416257084164,1.076531893858643,1.05838059983871,1.042364752174064,1.02394652735972,1.004460579367734,0.9895124548807309,0.972962745627263,0.9566799671682058,0.9403971887091488,0.9262498566053781,0.9126363860904286,0.897955192397836,0.8811385523499574,0.8677920126294189,0.8555131960865234,0.844302102721271,0.8325571477671971,0.8200114004298908,0.8082664454758168,0.7981230752882076,0.7863781203341335,0.7749000961744703,0.7652905875756825,0.7562149405657163,0.7442030548172315,0.7351274078072654,0.7252509684140669,0.714573736637636,0.705231158833259,0.6950877886456497,0.6868129340189156,0.675868771448074,0.6665261936436969,0.658518269811374,0.6483748996237644,0.6411677681746738,0.6304905363982428,0.6216818201826874,0.6112715192006674,0.6040643877515763,0.5955226023304316,0.5872477477036979,0.5773713083104993,0.5674948689173007,0.5592200142905669,0.5504112980750112,0.5424033742426883
Saint Pierre and Miquelon,PM,SPM,Population,,4.517,4.547,4.613,4.666,4.736,4.797,4.831,4.859,4.94,4.99,4.993,4.969,5.023,5.111,5.202,5.27,5.356,5.432,5.504,5.595,5.677,5.77,5.852,5.949,6.013,6.049,6.086,6.124,6.154,6.169,6.175,6.121,6.163,6.209,6.259,6.296,6.333,6.357,6.361,6.338,6.368,6.392,6.415,6.423,6.437,6.434,6.42,6.406,6.328,6.3,6.285,6.263,6.232,6.189,6.142,6.085,6.053,6.044,6.029,6.03,6.018,6.008,5.983,5.969,5.953,5.94,5.92,5.918,5.901,5.851,5.803,5.755,5.709,5.654,5.602,5.545,5.482,5.427,5.373,5.314,5.263,5.207,5.163,5.105,5.052,5.001,4.96,4.914,4.871,4.819,4.778,4.723,4.676,4.633,4.583,4.523,4.467,4.41,4.354,4.288,4.229,4.168,4.1,4.033,3.965,3.905,3.836,3.763,3.707,3.645,3.584,3.523,3.47,3.419,3.364,3.301,3.251,3.205,3.163,3.119,3.072,3.028,2.99,2.946,2.903,2.867,2.833,2.788,2.754,2.717,2.677,2.642,2.604,2.573,2.532,2.497,2.467,2.429,2.402,2.362,2.329,2.29,2.263,2.231,2.2,2.163,2.126,2.095,2.062,2.032
Saint Vincent and the Grenadines,VC,VCT,Cement production,kt cement,0.0,0.0,0.0,0.0,0.0,0.0,0.0,0.0,0.0,0.0,0.0,0.0,0.0,0.0,0.0,0.0,0.0,0.0,0.0,0.0,0.0,0.0,0.0,0.0,0.0,0.0,0.0,0.0,0.0,0.0,0.0,0.0,0.0,0.0,0.0,0.0,0.0,0.0,0.0,0.0,0.0,0.0,0.0,0.0,0.0,0.0,0.0,0.0,0.0,0.0,0.0,0.0,0.0,0.0,0.0,0.0,0.0,0.0,0.0,0.0,0.0,0.0,0.0,0.0,0.0,0.0,0.0,0.0,0.0,0.0,0.0,0.0,0.0,0.0,27.56461835209743,27.80018528151432,27.98934386979646,28.18371662298997,28.38748788135604,28.6004645893967,28.69742491645034,28.79797797512223,28.898902998044,29.0055812918344,29.11464181976294,28.95733222279102,28.81698663876319,28.69113430449539,28.57611928022173,28.47294152110799,28.34698713679593,28.23282560260358,28.12512041580819,28.02754556352499,27.94116584996843,27.84084958723678,27.74846083639072,27.65920536620956,27.57824982851735,27.50520006805962,27.59829524909273,27.67987116981868,27.75280422944276,27.81553372218014,27.86482852281793,27.92330402732447,27.97113039097254,28.0142615233552,28.04647525287197,28.07216621983759,28.10188065099891,28.12476576651855,28.14235215115594,28.15395030278841,28.1580387584624,28.15970144958475,28.15894240081731,28.15429433775425,28.14070095502445,28.12234196611258,28.10480582736436,28.08163810183856,28.05555789282743,28.02428553875206,27.9871432353864,27.95030706147316,27.90578642444758,27.86071626146683,27.80913766925023,27.75144338565037,27.69424508149831,27.63156256114244,27.56074788167176,27.48802592414702,27.40984056164891,27.32847152113962,27.24538146402041,27.15442286882521,27.06373574145414,26.96253368878713,26.86502358803819,26.76024265142486,26.65525861227562,26.54224973057844,26.42835404265162,26.312377433724,26.19838048994581,26.07488179685248,25.95403462894735,25.82978501626952
Saint Vincent and the Grenadines,VC,VCT,Population,,62.466,64.231,66.135,68.188,70.416,72.807,75.301,77.933,80.693,83.607,85.168,86.571,87.901,89.146,90.353,91.5,92.603,93.645,94.6,95.517,96.411,97.333,98.247,99.134,99.979,100.795,101.598,102.4,103.149,103.808,104.619,105.528,106.409,107.267,108.107,108.905,109.658,110.343,110.973,111.57,112.054,112.389,112.629,112.841,112.994,113.101,113.137,113.144,113.216,113.516,113.574,113.428,113.265,113.018,112.651,112.248,111.78,111.283,110.774,110.242,109.675,109.022,108.449,107.822,107.248,106.672,106.025,105.301,104.551,103.783,103.269,102.413,101.679,100.966,100.266,99.583,98.906,98.277,97.693,97.126,96.586,96.081,95.587,95.138,94.697,94.272,93.882,93.516,93.156,92.811,92.49,92.168,91.821,91.475,91.141,90.769,90.385,89.975,89.57,89.161,88.723,88.266,87.803,87.326,86.82,86.32,85.807,85.306,84.789,84.274,83.757,83.242,82.734,82.229,81.72,81.2,80.696,80.201,79.695,79.193,78.701,78.209,77.726,77.243,76.757,76.282,75.797,75.326,74.848,74.364,73.885,73.402,72.906,72.417,71.923,71.421,70.928,70.424,69.934,69.424,68.929,68.424,67.93,67.423,66.924,66.422,65.936,65.432,64.945,64.457
Samoa,WS,WSM,Cement production,kt cement,0.0,0.0,0.0,0.0,0.0,0.0,0.0,0.0,0.0,0.0,0.0,0.0,0.0,0.0,0.0,0.0,0.0,0.0,0.0,0.0,0.0,0.0,0.0,0.0,0.0,0.0,0.0,0.0,0.0,0.0,0.0,0.0,0.0,0.0,0.0,0.0,0.0,0.0,0.0,0.0,0.0,0.0,0.0,0.0,0.0,0.0,0.0,0.0,0.0,0.0,0.0,0.0,0.0,0.0,0.0,0.0,0.0,0.0,0.0,0.0,0.0,0.0,0.0,0.0,0.0,0.0,0.0,0.0,0.0,0.0,0.0,0.0,0.0,0.0,58.72110388670789,59.38708864134481,59.8802709436472,60.31101134888713,60.75220092469126,61.34708849836552,62.23747485831319,63.10628019000383,63.94672259543352,64.77245011697266,65.59668137776956,66.59637932274963,67.56722790155574,68.51920543692037,69.4562689458311,70.37293904678022,71.4957395140036,72.57869534277201,73.6183291655248,74.60913044699255,75.58907373311301,76.74671949175823,77.83626082538075,78.88131561664181,79.86488087883863,80.82671980515246,82.6787735145292,84.4710665280592,86.18823623990468,87.83890826462203,89.43167254588978,91.21746220889484,92.95103136261432,94.66076624079084,96.36267435113389,98.02243097754373,99.89563729209578,101.7132658189678,103.5219470254654,105.3038096754201,107.0544046694194,108.9801633449251,110.8917784018856,112.7443700276093,114.5895992374471,116.3844259704868,118.3025999550917,120.2245176825575,122.0735646681965,123.8673741215584,125.6024716901069,127.4494317098271,129.2472999793236,130.9931976839853,132.6863563393779,134.3147190750439,135.9984124702444,137.6496035907345,139.240881103823,140.7752517720211,142.2553546181448,143.7848019191646,145.2647210801941,146.6972043682165,148.0972322040651,149.4335291625853,150.7891743615145,152.1219822542491,153.3970221235082,154.6126588254436,155.774110416133,156.9652915042907,158.1059684070254,159.175761400743,160.2078051506242,161.2132202969459
Samoa,WS,WSM,Population,,89.345,91.675,93.727,95.819,97.945,100.132,102.504,105.283,108.114,111.007,113.974,117.018,120.175,123.353,126.434,129.523,132.623,134.905,137.136,139.33,141.471,143.535,145.541,147.491,151.372,155.316,158.911,160.595,162.155,163.61,165.035,166.321,166.647,166.781,166.811,166.886,167.236,168.086,168.606,168.93,169.153,169.583,171.078,172.471,173.846,175.295,176.847,178.246,179.563,180.988,182.382,183.95,184.992,185.868,186.629,187.328,188.09,189.416,190.798,192.229,193.816,195.61,197.386,199.151,200.923,202.641,204.357,206.472,208.692,210.867,213.021,214.537,215.984,217.342,218.697,219.916,221.14,222.408,223.802,225.215,226.728,228.437,230.169,232.049,234.074,236.283,238.563,240.898,243.411,245.914,248.478,251.114,253.756,256.283,258.949,261.575,264.14,266.608,269.068,271.529,273.922,276.326,278.631,280.863,283.047,285.255,287.449,289.735,292.162,294.559,296.969,299.355,301.891,304.481,307.091,309.719,312.474,315.164,317.97,320.717,323.422,326.295,329.046,331.729,334.324,336.943,339.53,342.065,344.537,346.9,349.173,351.46,353.665,355.791,357.844,359.86,361.843,363.79,365.737,367.585,369.345,371.136,372.85,374.477,376.027,377.548,379.011,380.355,381.666,382.969
Sao Tome and Principe,ST,STP,Cement production,kt cement,0.0,0.0,0.0,0.0,0.0,0.0,0.0,0.0,0.0,0.0,0.0,0.0,0.0,0.0,0.0,0.0,0.0,0.0,0.0,0.0,0.0,0.0,0.0,0.0,0.0,0.0,0.0,0.0,0.0,0.0,0.0,0.0,0.0,0.0,0.0,0.0,0.0,0.0,0.0,0.0,0.0,0.0,0.0,0.0,0.0,0.0,0.0,0.0,0.0,0.0,0.0,0.0,0.0,0.0,0.0,0.0,0.0,0.0,0.0,0.0,0.0,0.0,0.0,0.0,0.0,0.0,0.0,0.0,0.0,0.0,0.0,0.0,0.0,0.0,28.45338222063576,29.28260837233789,30.00724573756965,30.50905664873953,31.02366971326091,31.60582432257856,31.99029484346966,32.41107870695392,32.86518447374661,33.34881152791714,33.85783329858772,34.65766643221897,35.48461214435028,36.33563727124427,37.20772711350516,38.09835448505018,38.98342708831929,39.90253315848624,40.8501029948284,41.8250960794658,42.83259626330034,43.8716931551384,44.95917800364228,46.08934701361981,47.25672101915262,48.45670833671674,50.81376782468783,53.11915644931177,55.37537492614583,57.58291703870758,59.74363130518419,62.26829369502813,64.71945729826878,67.10241262528406,69.4190736022539,71.67384644277675,74.23022704156433,76.69840977304061,79.08792622601244,81.3981001266283,83.63962289470354,86.0743497824274,88.42467838823696,90.7070806714251,92.93123412113023,95.11264897212506,97.48700545122156,99.79298728539992,102.037588142967,104.2189904780371,106.348393752764,108.6289174381396,110.8455037290705,113.0047163627957,115.0923227893553,117.1216250284836,119.2539465432084,121.3075635398477,123.2981233033358,125.2319934937895,127.0969642810038,129.0260332445143,130.8832246669492,132.6885650911887,134.4455988389015,136.1381411452555,137.8798258928661,139.5579219018533,141.1944253694717,142.7766582928305,144.311078743053,145.8826631525235,147.4190575048819,148.9025810042517,150.3314182272813,151.7019189251163
Sao Tome and Principe,ST,STP,Population,,61.321,62.202,62.984,63.67,64.304,64.908,65.543,66.199,66.916,67.666,68.358,69.055,69.75,70.473,71.258,72.102,73.049,74.143,75.387,76.779,78.474,80.186,81.896,83.7,85.644,87.772,90.073,92.529,95.059,97.446,99.642,101.588,103.428,105.333,107.455,109.861,112.439,115.4,118.477,121.481,124.479,126.914,129.306,131.628,133.837,135.953,137.971,139.872,141.63,143.254,144.783,147.967,151.876,155.752,159.658,163.621,167.655,171.744,175.842,179.865,183.739,187.56,191.318,194.977,198.557,202.025,205.352,208.589,211.785,214.999,219.87,224.052,228.558,233.185,237.888,242.62,247.367,252.209,257.113,262.081,267.048,272.092,277.196,282.337,287.502,292.674,297.872,303.016,308.172,313.299,318.385,323.392,328.403,333.431,338.426,343.426,348.349,353.182,357.982,362.74,367.489,372.262,376.937,381.621,386.259,390.903,395.427,399.992,404.499,408.994,413.517,417.97,422.444,426.823,431.214,435.443,439.719,443.892,447.933,451.995,455.913,459.714,463.442,467.055,470.635,474.162,477.635,481.08,484.361,487.567,490.742,493.745,496.672,499.548,502.276,504.928,507.452,509.957,512.446,514.809,517.112,519.272,521.387,523.38,525.281,527.04,528.793,530.44,531.967,533.352
Saudi Arabia,SA,SAU,Cement production,kt cement,,,,,,,,,73.525566,88.230679,103.041585,183.813915,198.414269,257.339481,249.986924,249.986924,323.51249,507.262494,588.204528,676.380444,705.845433,963.134706,963.184914,1058.76815,1124.941159,1102.923316,1264.639734,1801.376366,2198.414422,2911.612412,4735.046447,7154.203512,8124.390052,7146.68501,8220.332866,9330.394319,8595.13866,10947.95677,11440.78398,12000.0,11371.0,15324.0,15300.0,15000.0,15773.0,16437.0,15400.0,15786.0,16313.0,18107.0,20608.0,23287.0,24110.0,25515.0,26063.0,27053.0,30290.0,32888.0,37847.0,42970.0,48363.0,53807.3,55693.0,57218.0,61494.059,55943.0,43034.6,42181.0,44322.414,53417.0,53702.0,52400.0,49000.0,50000.0,50643.31431644921,51163.15139853494,51769.28548946423,52398.10528110127,53032.84578403523,53592.93293119677,54162.63989884264,54733.00236408736,55301.26499514368,55874.65695915461,56449.73727664629,56751.94593689413,57048.65194298793,57349.13204219147,57649.81491127981,57944.43755005924,58246.7901562974,58553.97576624203,58863.12574771957,59178.7564235691,59496.49401017648,59818.92816433727,60146.02846776876,60470.20796842557,60798.35230405099,61127.6933691724,61745.71525517577,62362.89538010684,62978.39471970824,63592.03926987666,64203.12439612937,64844.36961047111,65484.21652460144,66121.37937774918,66757.79236310841,67390.7537291618,68045.85816355488,68698.72701938447,69346.56861678476,69991.46213031288,70631.92111337901,71292.63732637548,71949.20381221725,72600.9661588275,73247.87156294033,73887.77765008707,74544.03791107029,75195.65018956212,75842.92495575357,76485.01167654962,77122.96597515764,77771.77350033668,78418.17999270865,79062.71774120859,79706.39322118508,80350.73944747316,81006.17719076725,81663.9028797508,82322.15435207324,82981.81393612656,83643.27291775488,84316.24902917133,84992.96759999974,85672.79160465878,86354.56533773078,87037.61376391351,87736.5884974163,88437.9744246029,89140.35403432084,89842.44895021238,90543.20853911448,91258.25877582587,91972.81639667787,92683.8041958604,93392.47274297084,94097.91195606421
Saudi Arabia,SA,SAU,Population,,1732.815,1794.398,1858.621,1925.703,1995.544,2068.366,2144.087,2222.998,2305.193,2390.829,2479.978,2572.715,2669.106,2769.577,2874.358,2983.184,3096.591,3217.893,3347.528,3486.7,3638.239,3809.823,4001.62,4211.068,4436.197,4676.377,4939.489,5226.607,5537.197,5870.199,6225.795,6615.307,7033.666,7472.216,7922.398,8381.161,8876.117,9384.271,9874.058,10382.729,10898.652,11422.836,11950.517,12481.207,13018.872,13559.618,14102.4,14647.487,15196.884,15747.265,16608.179,17474.615,18347.204,19226.329,20112.631,21007.149,21911.139,22825.486,23750.269,24685.038,25629.219,26582.071,27542.814,28510.837,29485.42,30464.456,30971.161,30593.643,30136.598,30809.025,31173.389,31483.36,32867.343,33661.241,34264.272,34868.384,35463.19,36055.292,36633.674,37187.825,37699.678,38212.495,38725.398,39239.379,39754.512,40270.768,40787.351,41303.548,41819.714,42334.724,42849.687,43363.726,43876.777,44388.914,44900.893,45412.036,45921.584,46429.395,46936.393,47441.7,47946.119,48449.966,48952.721,49454.276,49954.193,50452.423,50949.784,51445.477,51940.704,52433.786,52924.46,53413.719,53899.832,54384.093,54865.582,55344.828,55821.421,56294.962,56765.425,57231.491,57693.566,58152.625,58608.869,59061.782,59512.024,59960.513,60407.347,60852.86,61297.676,61742.74,62188.032,62634.511,63081.098,63528.335,63976.462,64425.504,64876.565,65329.254,65782.866,66236.991,66693.307,67150.749,67608.458,68065.663,68521.734,68977.381,69432.315,69884.689,70335.268,70783.515
Senegal,SN,SEN,Cement production,kt cement,,,,,,,,147.051132,169.108802,169.108802,183.813915,183.813915,191.166471,205.871585,183.813915,191.166471,169.108802,198.519028,205.871585,242.634368,242.634368,338.217603,294.102264,330.865047,360.275273,382.332943,330.865047,360.275273,382.332943,389.6855,374.980386,360.275273,397.038056,382.332943,404.390613,360.772205,374.980386,389.6855,382.332943,470.0,503.0,601.0,590.0,685.0,694.0,811.0,854.0,1000.0,1000.0,1341.0,1539.0,1653.0,1694.0,2391.0,2623.2,2883.8,3152.3,3084.0,3320.0,4066.0,4677.0,4689.0,5191.0,4899.0,4615.0,5149.0,5197.0,5412.0,6775.0,7038.0,7500.0,8000.0,8000.0,8000.0,9387.134240352496,9477.825325907515,9590.40367466649,9689.87924607959,9762.987301166597,9874.255229876368,9867.47953029186,9873.588004698197,9891.291975456335,9919.353705706268,9956.330350458351,10001.22415677518,10056.90160746175,10121.98471822655,10195.14282634986,10274.77200549552,10270.62432004889,10281.2656981767,10304.19266097122,10338.45085928451,10384.35087108519,10358.57800285134,10352.2442553972,10360.64559994423,10383.56747862681,10416.83082066784,10620.86069080633,10821.03742755813,11018.0241008904,11213.05063889666,11405.35117885092,11606.69056403012,11805.46117533898,12000.37542520533,12193.10555194459,12380.67057527572,12575.29389783963,12766.60545611682,12954.87993541548,13138.92100399415,13320.26520830772,13503.93062367392,13684.17166311948,13858.72517909372,14030.25630258378,14198.66110510825,14366.70286397195,14531.13529941666,14692.10264695898,14848.96447837246,15002.28808113192,15156.09280343288,15304.10955252375,15447.56469791604,15587.66086359649,15723.39833717646,15858.28814966255,15990.29681062356,16118.61470713653,16245.45466525487,16366.6614955358,16487.64063261612,16605.0101443587,16717.52528991323,16826.19994469054,16932.75627371103,17036.44288121955,17136.8983145821,17234.01880171932,17328.16561074515,17419.92919299603,17509.10916378875,17594.91415904928,17678.28299570521,17757.02946272386,17833.29300690302
Senegal,SN,SEN,Population,,2586.76,2652.525,2721.472,2793.661,2869.12,2947.889,3029.975,3114.753,3202.76,3293.876,3387.938,3484.812,3584.561,3687.192,3793.879,3905.697,4022.901,4144.839,4270.336,4399.611,4533.044,4670.684,4812.577,4957.784,5101.09,5240.53,5376.597,5502.501,5633.692,5772.097,5919.179,6075.142,6238.78,6410.228,6588.499,6778.074,6978.31,7184.751,7394.485,7609.928,7831.118,8055.052,8281.738,8510.837,8737.319,8958.883,9175.145,9391.845,9614.059,9847.715,10088.805,10337.079,10595.349,10847.003,11104.406,11366.538,11633.651,11907.036,12190.882,12483.896,12786.929,13130.864,13490.125,13931.573,14372.63,14814.031,15255.01,15694.993,16134.004,16571.839,17006.6,17435.133,17867.073,18288.074,18715.895,19148.038,19585.058,20029.435,20479.69,20933.561,21392.822,21854.604,22317.248,22780.43,23243.624,23709.569,24174.883,24640.262,25104.783,25567.189,26027.831,26487.116,26945.75,27404.049,27861.946,28317.452,28775.115,29228.892,29685.588,30138.098,30591.81,31042.326,31490.714,31940.021,32386.922,32835.342,33284.134,33728.194,34171.97,34605.462,35038.937,35469.834,35898.126,36319.462,36737.925,37149.799,37557.683,37954.209,38346.792,38734.644,39110.564,39481.267,39846.652,40204.425,40555.863,40901.296,41234.53,41558.727,41876.986,42186.176,42487.899,42785.116,43075.235,43364.189,43640.111,43911.541,44175.89,44429.48,44674.937,44916.84,45148.193,45373.104,45591.107,45803.033,46010.351,46208.828,46400.104,46586.596,46762.241,46932.746
Serbia,RS,SRB,Cement production,kt cement,393.351273,439.652763,439.087802,473.60787,530.482632,524.697339,675.564115,673.600296,761.162411,827.542495,805.153457,871.983477,991.673139,1064.988836,1115.243116,1189.798097,1275.282214,1491.7498,1598.331204,1785.235025,1982.694839,2287.636824,2760.547572,2849.841222,2989.790881,3269.598721,3479.344378,3909.919306,4136.725322,4230.037323,4016.696834,4095.753922,3954.618998,3765.193365,3634.15914,3717.038572,3632.34267,3619.714884,3471.867935,3268.614061,3270.105345,2028.234443,1084.490154,1606.641477,1694.099179,2199.183368,2004.206602,2245.719566,1568.350825,2111.090158,2414.728317,2393.839711,2071.470408,2240.0,2276.0,2565.0,2677.0,2843.0,2166.0,2130.0,2095.0,1831.0,1592.0,1605.0,1654.0,1801.0,1908.0,2093.0,2151.0,2364.0,2610.0,2625.0,2625.0,2625.0,2242.59431001694,2267.970324921433,2290.823936364015,2313.466729181881,2335.930221490985,2354.797352612737,2371.177153858147,2386.20614660682,2400.053548072633,2412.803591602271,2424.821922613561,2425.383061372336,2425.286931150671,2424.670839626232,2423.815468002176,2422.537775129046,2420.42643211753,2418.105922379546,2415.627611702302,2413.38248952331,2411.050800236038,2408.111009264745,2404.990932363065,2402.289161827986,2399.902783776213,2397.953788846164,2390.156398642247,2381.952703503687,2373.608312483465,2365.05092872992,2356.051008735436,2346.624004175346,2336.809820465943,2326.639391252193,2316.288826243926,2305.672556997805,2294.663894895983,2283.369920316622,2271.68058417895,2259.774236063346,2247.633329024576,2235.171083733283,2222.582884715188,2209.727001455852,2196.693788907204,2183.538654368541,2170.196576578739,2156.88122403621,2143.544799731949,2130.18354307177,2116.777284094057,2103.436050009317,2090.095014561083,2076.699146128103,2063.296371751234,2050.039387859741,2036.906048801772,2023.908847125131,2010.942172430649,1998.096469714454,1985.40420391288,1972.810246573094,1960.276239473904,1947.804664487957,1935.462856962199,1923.069204551944,1910.822638170843,1898.560539601513,1886.324319095916,1874.197198694665,1862.08690476091,1850.023764109575,1837.968597675751,1825.914659173359,1813.921460320859,1801.87770069099
Serbia,RS,SRB,Population,,6037.937,6096.146,6158.394,6226.427,6307.345,6385.309,6460.227,6532.674,6601.791,6668.644,6737.28,6805.507,6871.763,6936.56,6999.866,7062.401,7124.054,7184.724,7243.317,7298.786,7350.063,7400.216,7449.261,7497.767,7547.204,7597.672,7647.734,7695.233,7738.63,7777.795,7814.765,7840.948,7858.35,7870.837,7879.265,7883.831,7885.327,7885.39,7883.521,7879.027,7870.161,7863.973,7855.644,7843.807,7830.51,7816.059,7799.384,7778.981,7752.863,7715.867,7673.344,7630.51,7602.976,7578.895,7552.787,7525.479,7497.308,7468.67,7439.888,7410.807,7380.922,7348.795,7300.451,7251.908,7202.497,7152.009,7100.157,7046.856,6993.182,6939.123,6876.501,6794.359,6788.068,6758.334,6714.098,6663.98,6619.948,6575.113,6529.847,6484.312,6438.111,6391.671,6344.881,6297.589,6250.325,6202.83,6155.287,6107.413,6059.492,6011.327,5963.585,5915.835,5868.518,5821.955,5775.986,5730.547,5685.741,5641.489,5597.748,5554.308,5511.432,5468.547,5426.357,5384.722,5343.005,5301.339,5259.649,5217.981,5176.766,5135.735,5094.535,5053.403,5012.026,4970.838,4929.765,4888.762,4848.079,4807.336,4766.738,4726.4,4686.337,4646.837,4607.76,4569.076,4530.717,4493.007,4455.686,4418.607,4381.869,4345.816,4310.421,4275.65,4241.242,4207.394,4174.167,4141.378,4108.973,4076.947,4045.443,4014.038,3983.12,3952.371,3921.877,3891.817,3861.976,3832.387,3802.986,3773.752,3744.811,3715.911
Seychelles,SC,SYC,Cement production,kt cement,,,,,,,,,,,,,0.0,0.0,0.0,0.0,0.0,0.0,0.0,0.0,0.0,0.0,0.0,0.0,0.0,0.0,0.0,0.0,0.0,0.0,0.0,0.0,0.0,0.0,0.0,0.0,0.0,0.0,0.0,0.0,0.0,0.0,0.0,0.0,0.0,0.0,0.0,0.0,0.0,0.0,0.0,0.0,0.0,0.0,0.0,0.0,0.0,0.0,0.0,0.0,0.0,0.0,0.0,0.0,0.0,0.0,0.0,0.0,0.0,0.0,0.0,0.0,0.0,0.0,15.86893320414484,16.11227941858113,16.39555950459556,16.68007077026581,16.9767360570363,17.30487444474373,17.35750917476263,17.4409013290133,17.5523070017176,17.68788622829189,17.84418245356356,17.96249032807129,18.1084112341347,18.27758188318075,18.46748145671118,18.67478845834621,18.68860333143284,18.73732881825726,18.81507297700418,18.91916441406614,19.0496561295382,19.02626528166678,19.04421354913644,19.09688052962741,19.17926640860022,19.28617506877353,19.67964179915725,20.06496777494425,20.44171396674857,20.80973886030182,21.16883871286556,21.5107870559971,21.84351303180918,22.16655731771347,22.48003207331735,22.78346735657654,23.07984987199575,23.36542853683068,23.64024729578949,23.90332364081877,24.1555327540201,24.3926448013332,24.6190484706244,24.83543665296943,25.04073958294794,25.23636639602002,25.41536523942184,25.5846708581093,25.7441717877502,25.8932405391671,26.03317350017575,26.16362827105907,26.28962987206589,26.4089586037856,26.52291474326798,26.6330432498912,26.73824425260819,26.84088741346644,26.93892310770848,27.03449115991276,27.12750810985951,27.215743697702,27.30288665751923,27.38606738203696,27.47051977660597,27.54961446665038,27.62783859249402,27.7015929570216,27.77285755656641,27.84274573626477,27.90796436804789,27.96583547529776,28.02267146452406,28.07727248198975,28.12835609708159,28.17690568519498
Seychelles,SC,SYC,Population,,38.53,38.836,39.141,39.484,39.877,40.326,40.874,41.482,42.116,42.811,43.649,44.568,45.558,46.592,47.688,48.852,50.059,51.276,52.493,53.67,54.834,56.187,57.591,59.01,60.469,61.966,63.52,64.688,65.285,65.921,66.6,67.299,68.002,68.718,69.448,70.197,70.932,71.743,72.678,73.557,74.409,75.224,76.01,76.808,77.715,78.536,79.228,80.073,81.372,82.67,83.966,85.245,86.469,87.599,88.712,89.82,90.926,92.01,93.085,94.171,95.771,98.277,100.809,103.376,105.933,108.526,111.116,113.737,116.343,118.958,121.624,124.351,126.694,129.207,131.63,133.927,135.991,137.804,139.237,140.207,140.592,140.964,141.273,141.544,141.784,141.997,142.166,142.31,142.41,142.499,142.589,142.614,142.626,142.61,142.554,142.494,142.378,142.234,142.067,141.854,141.639,141.396,141.144,140.881,140.558,140.217,139.855,139.451,139.041,138.602,138.136,137.639,137.122,136.561,135.99,135.393,134.788,134.188,133.57,132.959,132.309,131.66,131.008,130.343,129.681,129.007,128.346,127.671,126.997,126.34,125.686,125.059,124.436,123.837,123.259,122.685,122.142,121.602,121.11,120.606,120.146,119.679,119.221,118.78,118.329,117.882,117.451,117.026,116.597,116.171
Sierra Leone,SL,SLE,Cement production,kt cement,0.0,0.0,0.0,0.0,0.0,0.0,0.0,0.0,0.0,0.0,0.0,0.0,0.0,0.0,0.0,0.0,0.0,44.11534,44.11534,29.410226,0.0,0.0,0.0,0.0,0.0,0.0,0.0,0.0,0.0,0.0,0.0,0.0,0.0,0.0,0.0,0.0,0.0,0.0,0.0,,,,,100.0,100.0,160.0,160.0,100.0,45.0,73.0,113.0,144.0,169.109,180.46,172.12,234.44,247.38,254.0,236.24,301.0,311.0,335.0,313.0,336.0,324.0,320.0,310.0,310.0,340.0,330.0,350.0,350.0,350.0,350.0,413.6682131904023,426.7457418463535,441.1362194679398,455.3088289781299,469.5601378571116,483.4678848615351,498.8899083747804,514.3271408823578,529.8454849006914,545.5013482032726,561.2346411042699,587.0131687031198,612.7891962761283,638.549797472335,664.3453258949552,690.0684636298798,719.6809801778462,749.266697446472,778.8496415384244,808.4382304993705,838.1387436080211,871.4930533434613,905.0170469099653,939.0393004217848,973.4584404743997,1008.334501063462,1070.376573748295,1132.65443092944,1195.214538433393,1258.049112331629,1321.186785565415,1397.923329959468,1475.030548111083,1552.495180864121,1630.277536874977,1708.409531794618,1801.676982347132,1895.437409315163,1989.48461444522,2081.324194313667,2170.308321114074,2269.931223188586,2365.663863726881,2457.625604695583,2545.812463192271,2630.225391475948,2721.608954429104,2808.277511421983,2890.588564269154,2968.721958772038,3042.204760891982,3119.496848145297,3192.899014648267,3263.450758131488,3331.448621177512,3396.462340012074,3464.222670518468,3529.616574820296,3592.183389807438,3652.186693643906,3708.809521224454,3767.215123008521,3823.971173143753,3877.062938730019,3927.650834047654,3975.877171977763,4025.475889130953,4072.459874550451,4116.736526690623,4157.810547342728,4197.814768060975,4237.541083584846,4274.876993377527,4310.020764952654,4344.108604297469,4376.572419734809
Sierra Leone,SL,SLE,Population,,2011.309,2035.244,2059.156,2082.465,2107.666,2134.112,2161.845,2190.655,2219.023,2251.028,2285.685,2322.768,2361.717,2402.798,2445.982,2491.351,2537.925,2586.843,2636.22,2686.51,2738.062,2788.383,2840.393,2893.517,2947.401,3001.912,3055.728,3114.981,3176.053,3238.945,3305.233,3372.647,3443.719,3519.572,3597.945,3678.93,3777.829,3881.607,3987.428,4080.646,4313.011,4179.523,4153.209,4161.05,4185.16,4173.198,4225.222,4282.209,4309.361,4326.726,4520.497,4864.934,5077.935,5277.439,5433.994,5569.431,5679.501,5819.204,5970.241,6141.052,6304.376,6470.126,6632.034,6796.069,6956.701,7118.609,7292.048,7466.55,7642.576,7821.406,8003.71,8185.494,8368.119,8552.905,8731.14,8908.448,9085.041,9264.344,9433.706,9607.929,9781.787,9958.81,10135.589,10306.439,10476.542,10649.793,10818.902,10985.635,11146.665,11313.457,11483.343,11649.09,11808.493,11967.381,12131.471,12286.29,12440.625,12584.887,12734.336,12875.949,13020.701,13166.224,13305.825,13439.767,13564.775,13693.454,13816.904,13935.625,14052.289,14163.637,14275.122,14379.728,14491.042,14588.742,14684.69,14781.21,14877.132,14972.047,15059.751,15139.701,15216.245,15287.258,15356.727,15423.671,15478.184,15537.546,15592.09,15642.619,15691.402,15732.917,15770.748,15810.338,15846.027,15879.328,15902.74,15923.862,15950.626,15966.654,15980.267,15991.789,16001.427,16008.235,16011.037,16006.377,16006.775,15998.23,15987.571,15972.851,15959.887,15945.184
Singapore,SG,SGP,Cement production,kt cement,0.0,0.0,0.0,0.0,0.0,0.0,0.0,0.0,0.0,0.0,0.0,125.171515,190.960473,198.519028,205.871585,391.814928,470.563622,565.764068,624.967311,727.903103,610.397092,1007.300254,1029.357923,1051.415593,1323.460187,1352.870413,1352.870413,1352.870413,1353.007761,1955.780054,2249.882318,2698.055711,3154.246779,2823.071811,1992.542837,1801.376366,1529.331772,1595.504781,1705.79313,1850.0,2000.0,1900.0,2980.0,3100.0,3200.0,3300.0,3300.0,2340.0,1660.0,1150.0,600.0,200.0,150.0,0.0,0.0,0.0,0.0,0.0,0.0,0.0,0.0,0.0,0.0,0.0,0.0,0.0,0.0,0.0,0.0,0.0,0.0,0.0,0.0,0.0,1957.96051393085,1974.758059147742,1990.928003021866,2008.119644472081,2025.397378671891,2046.593729750318,2064.998490665864,2084.562106683691,2104.298933233105,2124.808818611676,2144.433687917398,2144.052102335785,2143.49720609828,2143.596677525089,2143.847524233379,2143.612426102197,2139.178763232321,2134.666557700156,2130.780160000867,2127.557269707226,2124.057703848348,2118.98648642502,2114.287970808633,2109.574424748053,2106.927605836283,2104.218894444664,2099.57454412894,2095.227922947091,2092.104246682201,2088.009892280789,2082.619368107874,2077.452543532259,2072.416605422279,2067.503216297641,2061.38309678462,2055.645549900089,2048.359629639525,2041.678302680349,2034.613112820737,2028.088280857153,2020.500048319019,2011.083353167963,2001.289218868669,1992.66006102869,1983.359221186063,1973.62369188659,1963.668547351539,1953.001763778291,1941.806633185769,1929.831041054263,1916.082951759417,1901.273954782867,1887.478190154842,1872.539388458628,1856.961828261597,1840.443465945146,1823.205899798226,1805.463672297577,1787.363467146614,1769.370622260198,1751.456589610882,1732.667643638261,1713.504390362939,1694.637854249161,1676.059260852933,1656.832628672289,1638.058746547476,1619.482616682177,1601.99396707184,1584.354212674446,1566.409460475895,1549.089307990687,1531.96545582645,1515.429849268985,1499.093725986501,1483.85903352742
Singapore,SG,SGP,Population,,1039.878,1096.193,1155.986,1219.054,1285.508,1354.953,1426.958,1489.584,1541.87,1593.638,1645.007,1695.915,1746.436,1796.589,1846.342,1895.303,1942.876,1988.482,2031.702,2072.613,2110.503,2146.363,2182.305,2217.969,2252.181,2284.865,2316.621,2346.469,2374.736,2401.578,2473.408,2590.196,2664.638,2707.325,2734.521,2735.538,2753.769,2809.461,2888.629,2988.681,3090.501,3182.081,3270.848,3364.936,3470.698,3596.551,3732.569,3860.676,3942.159,3990.955,4079.535,4152.797,4140.988,4135.502,4210.033,4326.694,4487.422,4705.608,4907.874,5029.261,5124.767,5239.711,5346.968,5424.209,5491.591,5559.088,5596.771,5611.386,5657.353,5681.772,5558.529,5534.051,5765.718,5812.461,5852.313,5889.187,5922.308,5956.784,5989.912,6018.264,6044.491,6072.318,6098.129,6124.177,6145.385,6161.08,6172.62,6183.805,6192.304,6195.539,6194.024,6188.634,6182.134,6174.429,6161.921,6150.454,6136.765,6119.563,6106.852,6090.563,6072.82,6056.236,6044.328,6028.74,6008.249,5990.229,5972.718,5955.683,5934.097,5913.977,5889.475,5867.268,5843.629,5822.037,5796.463,5766.213,5734.564,5707.293,5677.52,5646.138,5616.432,5584.074,5549.752,5512.532,5468.734,5423.311,5381.662,5335.785,5287.561,5235.884,5183.492,5129.259,5073.733,5018.63,4963.844,4907.318,4849.442,4792.673,4736.975,4678.935,4623.589,4568.972,4518.313,4467.109,4414.803,4365.459,4316.827,4270.327,4224.55,4182.766
Sint Maarten (Dutch part),SX,SXM,Cement production,kt cement,0.0,0.0,0.0,0.0,0.0,0.0,0.0,0.0,0.0,0.0,0.0,0.0,0.0,0.0,0.0,0.0,0.0,0.0,0.0,0.0,0.0,0.0,0.0,0.0,0.0,0.0,0.0,0.0,0.0,0.0,0.0,0.0,0.0,0.0,0.0,0.0,0.0,0.0,0.0,0.0,0.0,0.0,0.0,0.0,0.0,0.0,0.0,0.0,0.0,0.0,0.0,0.0,0.0,0.0,0.0,0.0,0.0,0.0,0.0,0.0,0.0,0.0,0.0,0.0,0.0,0.0,0.0,0.0,0.0,0.0,0.0,0.0,0.0,0.0,11.63181684906479,11.70672000218651,11.76189022018393,11.82404536597206,11.88280603340815,11.95917201011739,11.98127562855054,12.00540498990134,12.03698366471851,12.06219489937721,12.09546732026886,12.01587321139961,11.94249484000221,11.8731630534468,11.80995162601257,11.74613718100468,11.67490002118244,11.60093235778413,11.5243266859533,11.46055230745945,11.39993557283429,11.33650554616923,11.27890056801222,11.22412304133485,11.16680295561042,11.09574073159921,11.10074420256924,11.09530564716703,11.0900846339809,11.09138988727743,11.07703210101558,11.05875855486414,11.03961483984835,11.01873078710384,10.99523622776627,10.97152412621261,10.95477337557379,10.93780508271888,10.91866136770308,10.89320892842071,10.86688632027399,10.84143388099163,10.80271136652786,10.7694274074663,10.73940658164607,10.70372965820754,10.677842134493,10.64847393532104,10.61366718074686,10.57907796838877,10.54100808057327,10.50489607270256,10.46726126931923,10.4220124883728,10.37567599634593,10.33912890404304,10.29779588298621,10.25646286192937,10.20708077887726,10.16313725122736,10.11506042147178,10.06741867614838,10.01586117093538,9.96452120793847,9.913616329373735,9.854444846597636,9.80071191922375,9.739582556502853,9.680411073726754,9.61688874662888,9.557064637204515,9.49593527448362,9.431107694089215,9.364104691533925,9.29753677341081,9.231403939719877
Sint Maarten (Dutch part),SX,SXM,Population,,1.502,1.604,1.691,1.785,1.884,2.013,2.141,2.291,2.441,2.6,2.829,3.11,3.418,3.75,4.095,4.47,4.858,5.283,5.718,6.178,6.65,7.126,7.635,8.198,8.787,9.4,10.031,10.698,11.379,12.067,12.753,13.851,15.362,16.904,18.484,20.098,21.763,23.472,25.241,27.097,29.025,31.066,32.069,31.982,31.852,31.692,31.503,31.304,31.082,30.871,30.676,30.776,31.145,31.509,31.871,32.244,32.613,32.968,33.322,33.66,33.929,34.605,35.44,36.268,37.075,37.868,38.63,39.363,40.061,40.708,41.307,41.835,42.442,43.056,43.645,44.201,44.693,45.194,45.658,46.118,46.543,46.947,47.353,47.708,48.067,48.419,48.751,49.057,49.348,49.598,49.861,50.069,50.224,50.396,50.546,50.698,50.837,50.954,51.027,51.005,51.028,51.003,50.979,50.985,50.919,50.835,50.747,50.651,50.543,50.434,50.357,50.279,50.191,50.074,49.953,49.836,49.658,49.505,49.367,49.203,49.084,48.949,48.789,48.63,48.455,48.289,48.116,47.908,47.695,47.527,47.337,47.147,46.92,46.718,46.497,46.278,46.041,45.805,45.571,45.299,45.052,44.771,44.499,44.207,43.932,43.651,43.353,43.045,42.739,42.435
Slovakia,SK,SVK,Cement production,kt cement,767.154968,814.060628,853.776948,938.626352,1059.623316,1151.2208,1322.722741,1470.187924,1664.828644,1787.518505,1888.78244,2019.132775,1833.745135,1935.896644,2008.277135,2145.203909,2228.939956,2234.391649,2295.104564,2511.980037,2674.363339,2680.68361,2760.614441,2923.005293,3012.115116,3074.543704,3101.633936,3247.330027,3233.580088,3289.241124,3354.993187,3250.170285,3315.29184,3298.779968,3209.202797,3208.80023,3220.313004,3411.249456,3346.105453,3115.573013,2498.370371,2499.661784,2500.0,2700.0,2902.0,2802.0,3136.0,4705.0,4718.0,3045.0,3123.0,3141.0,3147.478,3158.308,3498.685,3592.509,3718.41,4157.0,3011.0,2888.0,3219.0,2915.0,3121.0,3319.0,3466.0,3518.0,3782.0,3913.0,4031.0,4072.0,4165.0,4200.0,4200.0,4200.0,3519.896704713243,3487.089348054591,3471.359644893289,3456.200078453305,3443.164105229391,3430.212000311026,3416.881034305711,3403.435148181065,3390.146369251056,3377.062445451339,3364.522999195181,3340.387850037701,3316.690471961253,3293.71748179218,3271.67619877766,3250.422462550206,3230.815641690579,3211.901880615727,3193.620298643913,3176.149232879704,3159.20352711705,3142.967400147206,3126.917530320302,3111.81943315384,3097.492721034315,3083.986695054607,3063.59951011438,3043.062357925447,3022.288914404157,3001.275917716918,2980.098732671484,2958.578064793383,2936.611212065908,2914.261601000707,2891.419699076584,2868.177042052685,2844.626267250063,2820.787936721769,2796.57656990867,2772.119316479156,2747.431429988304,2722.714349374472,2697.960237200663,2673.085476541798,2648.17411003948,2623.411172046645,2598.963520469043,2574.788400889455,2550.848655817642,2527.339369059282,2504.258758212399,2481.675877891858,2459.580237861003,2437.991139826304,2417.024060985276,2396.566481845611,2376.673123956093,2357.329853672627,2338.521206188362,2320.186315696203,2302.337639238567,2284.950829822511,2268.017765465524,2251.527664023121,2235.405551529388,2219.556468393039,2204.038329757549,2188.750590994191,2173.696050470288,2158.835417631095,2144.121942024864,2129.540494268464,2115.08898243908,2100.629901123064,2086.1870644219,2071.776727070246
Slovakia,SK,SVK,Population,,3493.108,3557.644,3626.075,3694.083,3761.982,3832.724,3903.815,3969.85,4035.541,4093.807,4155.077,4215.607,4255.973,4300.952,4345.632,4384.463,4419.941,4452.267,4480.613,4509.463,4542.279,4578.557,4621.042,4666.311,4714.979,4763.352,4813.667,4861.757,4909.698,4957.195,4996.116,5033.801,5069.814,5103.077,5135.696,5166.636,5193.541,5218.219,5241.134,5258.729,5273.427,5296.321,5316.551,5336.169,5350.293,5358.271,5366.586,5372.973,5376.619,5379.589,5380.409,5378.465,5376.91,5375.482,5376.595,5376.795,5376.897,5377.101,5381.14,5389.005,5394.697,5401.52,5408.222,5412.621,5417.84,5422.716,5431.802,5439.599,5446.865,5454.386,5455.661,5429.857,5516.536,5519.573,5493.946,5455.816,5446.868,5436.022,5423.57,5409.302,5393.483,5376.301,5357.958,5338.473,5318.087,5296.599,5274.361,5251.494,5228.051,5204.198,5179.822,5155.117,5130.255,5105.031,5079.638,5054.201,5028.55,5002.68,4976.561,4949.954,4923.022,4895.635,4867.669,4839.124,4810.119,4780.187,4749.39,4717.826,4685.329,4652.04,4618.001,4583.356,4547.975,4512.056,4475.625,4438.877,4401.934,4364.669,4327.216,4289.868,4252.707,4215.87,4179.303,4143.352,4108.034,4073.319,4039.337,4006.12,3973.852,3942.357,3911.628,3881.742,3852.676,3824.335,3796.74,3769.812,3743.582,3718.034,3693.05,3668.48,3644.4,3620.668,3597.289,3574.201,3551.33,3528.618,3506.097,3483.548,3461.009,3438.506
Slovenia,SI,SVN,Cement production,kt cement,205.817145,237.647223,222.133933,243.800807,277.292975,275.328825,349.073117,344.230532,386.232378,412.819907,404.305617,430.487073,483.769406,512.019412,506.679322,513.149095,497.06566,549.026315,567.790345,626.191603,716.326832,836.424523,854.853196,899.540423,967.483726,1029.5604,1070.819431,1130.349842,1167.904124,1202.79705,1381.118895,1340.96976,1349.903782,1339.826597,1304.242573,1302.260326,1287.677845,1256.27453,1229.124576,1125.366553,1007.079385,801.0,707.0,898.0,991.0,1026.0,1113.0,1149.0,1224.0,1300.0,1237.0,1178.0,1370.0,1186.0,1114.0,1269.0,1300.0,1525.0,1082.0,799.0,760.0,745.0,614.0,706.0,600.0,700.0,660.0,880.0,970.0,960.0,920.0,950.0,950.0,950.0,808.1651635222993,814.6524790479763,820.0281460439903,825.5047961912153,830.9311358023072,835.7119672766324,839.316570482228,842.7954786667291,846.3118713099535,849.8250258281702,853.5059059300181,853.4610933822486,853.4030314617645,853.3734035340885,853.7094575577748,854.0905214857922,854.2504585253326,854.3960317244041,854.4847561648802,854.7156875862817,854.9605749521186,855.2072317190253,855.464837982704,855.8668259242296,856.4756214574898,857.1443843720755,855.6458825722608,854.0370819907249,852.2052397998366,850.3015233373795,848.218804387528,845.9917699723878,843.7377400068935,841.2278267854654,838.9041347447398,836.3189620595524,833.5014579489869,830.7546411547027,828.0641952745107,825.3524991259382,822.5042621221457,819.6300312218846,816.8955450507123,814.1917806258892,811.3768925542643,808.580328671166,805.879707710408,803.2438114484089,800.7194316487471,798.0975600926109,795.6529628875619,793.263225424733,791.004656429424,788.8218434470953,786.6259819118403,784.6224738671781,782.5450841356604,780.6594010993095,778.8755796568607,777.1137310033175,775.4515841936267,773.7787825020805,772.0798390227967,770.492189563306,768.9821716892721,767.4804335892795,765.8667638894207,764.3896611981933,762.9000335339286,761.3878496182433,759.9048055037543,758.3296644011125,756.745083102299,755.1083859314008,753.5809845207524,751.9998954259491
Slovenia,SI,SVN,Population,,1454.455,1470.999,1488.325,1506.781,1524.415,1540.844,1556.685,1571.612,1585.47,1598.752,1611.396,1625.723,1640.439,1654.434,1668.258,1682.377,1696.894,1710.845,1723.006,1734.36,1745.362,1760.06,1776.374,1792.769,1809.304,1825.892,1842.822,1859.82,1877.216,1894.596,1911.542,1917.643,1918.307,1928.402,1937.01,1945.933,1983.738,1992.303,1994.73,1996.187,1999.827,1998.559,1993.158,1988.463,1988.061,1988.129,1985.457,1983.338,1976.791,1985.597,1988.035,1991.323,1991.82,1993.16,1993.93,1999.897,2006.331,2021.984,2028.187,2043.029,2046.195,2051.413,2055.229,2057.654,2059.147,2060.747,2061.999,2062.821,2076.14,2090.739,2114.1,2112.888,2117.568,2119.224,2118.169,2115.975,2113.172,2109.913,2105.75,2101.31,2096.602,2091.553,2086.552,2081.4,2076.46,2071.211,2065.736,2059.975,2054.791,2049.372,2044.155,2038.475,2032.333,2026.055,2019.575,2012.99,2006.4,1999.569,1992.789,1985.456,1977.65,1969.629,1961.076,1952.421,1943.364,1934.008,1924.694,1914.788,1905.51,1895.626,1885.465,1875.596,1865.975,1856.389,1846.528,1836.948,1827.814,1818.832,1809.626,1800.537,1792.047,1783.777,1775.846,1767.709,1760.077,1752.877,1746.047,1739.442,1732.833,1726.744,1720.664,1715.093,1709.8,1704.581,1699.632,1694.787,1689.89,1685.287,1680.892,1676.53,1672.012,1667.846,1663.658,1659.423,1655.27,1651.065,1646.843,1642.498,1638.431,1634.237
Solomon Islands,SB,SLB,Cement production,kt cement,,0.0,0.0,0.0,0.0,0.0,0.0,0.0,0.0,0.0,0.0,0.0,0.0,0.0,0.0,0.0,0.0,0.0,0.0,0.0,0.0,0.0,0.0,0.0,0.0,0.0,0.0,0.0,0.0,0.0,0.0,0.0,0.0,0.0,0.0,0.0,0.0,0.0,0.0,0.0,0.0,0.0,0.0,0.0,0.0,0.0,0.0,0.0,0.0,0.0,0.0,0.0,0.0,0.0,0.0,0.0,0.0,0.0,0.0,0.0,0.0,0.0,0.0,0.0,0.0,0.0,0.0,0.0,0.0,0.0,0.0,0.0,0.0,0.0,216.6187737917847,220.1891097808551,224.5553976679481,228.9392797650582,233.4166978149688,237.9514082971971,246.8298141475529,255.330310819869,263.5209308453945,271.405144614956,279.0222227662787,290.0759333522428,300.3386707056847,310.0527432487441,319.196659655224,327.8903360597351,340.0679272448405,351.2084235379011,361.4954660571733,371.0721735692042,380.0130944935929,391.9065491492721,402.5706551314535,412.3498376445579,421.3312399889489,429.8557933807525,444.861922733037,458.9627034966351,472.3302509594203,485.0276525055542,497.1451129621143,511.7415469219178,525.4067688734207,538.2821666408466,550.5493496075732,562.2308914063125,575.8089300718772,588.5697675469291,600.5611008425128,611.8858543299517,622.5614314962287,634.436387312618,645.4825833375967,655.8727952680449,665.6790923419514,674.9437529121885,684.8991507959064,694.2506938394929,703.0170804316863,711.2929139123644,719.0486174802764,727.244465346839,735.0111800259884,742.2902458117986,749.1480836022197,755.616119479693,762.3140875196027,768.6037781357937,774.5449179160058,780.1641606803215,785.5083753501316,790.8569985734689,795.9164710280015,800.6886844571839,805.2285545435623,809.5220038807477,813.8167061417641,817.8618183658233,821.7158228237365,825.2991300100091,828.5918121003974,831.9006031769244,834.9014316618262,837.7394314773701,840.3412912283897,842.8225325686353
Solomon Islands,SB,SLB,Population,,109.74,112.175,114.801,117.62,120.603,123.777,126.913,130.442,134.166,138.085,141.291,144.533,147.869,151.309,154.861,158.512,162.275,166.215,170.349,174.604,178.554,182.719,187.27,192.279,197.802,203.687,210.7,218.137,225.921,233.985,242.285,250.826,259.574,268.563,277.762,287.149,296.535,306.293,316.237,326.327,336.543,346.934,357.476,368.201,379.15,390.317,401.7,413.249,424.893,436.108,444.83,453.42,461.922,470.385,478.837,487.324,495.863,504.448,513.132,523.15,542.786,563.104,584.109,605.781,628.035,650.795,673.962,697.381,720.821,735.473,753.523,771.66,790.472,809.539,828.857,848.434,868.141,888.065,908.087,928.225,948.472,968.771,989.195,1009.448,1029.64,1049.673,1069.389,1088.797,1107.797,1126.393,1144.517,1162.402,1180.269,1197.984,1215.5,1232.898,1250.092,1267.14,1284.047,1300.802,1317.418,1333.789,1350.082,1366.127,1381.952,1397.645,1413.107,1428.343,1443.592,1458.625,1473.356,1488.038,1502.425,1516.765,1530.796,1544.576,1558.126,1571.554,1584.771,1597.674,1610.255,1622.683,1634.759,1646.54,1657.807,1668.963,1679.999,1690.614,1700.853,1710.699,1720.425,1729.794,1738.854,1747.593,1756.061,1764.16,1771.994,1779.509,1786.785,1793.751,1800.519,1806.985,1813.247,1819.095,1824.461,1829.754,1834.533,1839.104,1843.284,1847.317
Somalia,SO,SOM,Cement production,kt cement,0.0,0.0,0.0,0.0,0.0,0.0,0.0,0.0,0.0,0.0,0.0,0.0,0.0,0.0,0.0,0.0,0.0,0.0,0.0,0.0,0.0,0.0,0.0,0.0,0.0,0.0,0.0,0.0,0.0,0.0,0.0,0.0,0.0,0.0,0.0,0.0,0.0,51.467896,51.467896,40.0,10.0,25.0,25.0,25.0,25.0,0.0,0.0,0.0,0.0,0.0,0.0,0.0,0.0,0.0,0.0,0.0,0.0,0.0,0.0,0.0,0.0,0.0,0.0,0.0,0.0,0.0,0.0,0.0,0.0,0.0,0.0,0.0,0.0,0.0,2293.824649787369,2342.700711383207,2397.518554886817,2455.484145583782,2520.851843277355,2583.417403199254,2679.899215083887,2775.860438159873,2871.550018722823,2967.239478476403,3062.504674816556,3246.964853872324,3429.965568395037,3611.472572405689,3792.284127272634,3972.495944248409,4229.579183107998,4484.351161065688,4737.583190917807,4989.24937345887,5233.055397601086,5543.487050434444,5830.941795662416,6099.349638471578,6351.522248671241,6589.229074980823,7012.629371799845,7410.118584477921,7784.339541740157,8140.769021114759,8490.157254442907,8911.548813144556,9313.696454210603,9699.560208737126,10069.71745932297,10438.26552717214,10866.71985219592,11269.17364949547,11654.54400790606,12027.44153615905,12390.97380028794,12799.19630021966,13184.40646332342,13554.09378511118,13909.97723168717,14259.93881507775,14651.67479041937,15029.04179246955,15392.17959712469,15747.25780906585,16093.73208276419,16454.78157188482,16807.57394861516,17157.67092688576,17495.90789043611,17826.27636223946,18171.06975315302,18490.9060618097,18816.63636031226,19130.56757113278,19436.84766693744,19768.50434041859,20083.32382247551,20374.21923730034,20653.04666789835,20920.19604340947,21217.13439327324,21500.55588802451,21766.33553752588,22019.97574447886,22263.11435291782,22512.31149939046,22754.40065110298,22975.17403198616,23188.96000663685,23398.59147582468
Somalia,SO,SOM,Population,,2244.894,2308.467,2372.031,2435.11,2499.515,2564.992,2631.743,2699.661,2767.15,2839.031,2913.631,2990.477,3069.706,3151.016,3234.575,3321.172,3409.039,3500.035,3593.146,3688.885,3788.012,3887.37,3991.501,4099.683,4204.001,4311.07,4420.554,4547.545,5082.24,5815.993,6056.314,5909.384,6098.295,6298.565,6558.213,6828.366,7121.209,7335.395,7135.325,7094.309,7071.314,6556.205,6434.009,6928.789,7124.804,7445.21,7663.737,7985.313,8325.521,8658.598,9018.828,9378.158,9721.968,10096.346,10465.65,10822.806,11128.197,11516.966,11809.202,12113.2,12410.313,12287.347,12634.974,13104.215,13574.767,14039.16,14658.32,15174.939,15730.034,16331.908,16970.473,17572.39,18031.404,18685.826,19332.476,19977.002,20634.812,21283.313,21920.318,22575.12,23254.968,23924.624,24592.972,25250.711,25936.634,26653.266,27365.141,28097.214,28814.303,29521.507,30271.067,31000.858,31699.212,32416.76,33144.097,33876.235,34619.829,35372.934,36115.0,36834.382,37578.641,38328.963,39068.976,39824.057,40615.402,41405.101,42167.784,42916.429,43642.776,44451.356,45254.478,45990.143,46714.058,47444.926,48190.809,48932.483,49634.197,50326.837,50995.822,51678.997,52377.713,53060.432,53722.349,54389.06,55053.006,55639.717,56238.711,56868.52,57482.791,58095.673,58661.686,59164.248,59728.308,60275.948,60821.195,61384.873,61915.688,62384.582,62835.54,63267.987,63749.767,64213.167,64642.074,65054.173,65453.11,65833.797,66216.576,66550.689,66883.079,67221.045
South Africa,ZA,ZAF,Cement production,kt cement,1955.890053,2021.953064,2124.888856,2161.544478,2338.112997,2477.811573,2529.176115,2720.44594,2646.920374,2705.639519,2595.452478,2661.71777,2882.298422,3455.7016,3882.149882,3985.199528,4007.143344,4411.651114,5102.674277,5749.699257,5852.63505,6109.844062,6860.080266,7301.088699,7175.953153,7051.101775,6573.185596,6823.17252,6896.698086,7198.152907,8095.280153,8007.038716,7896.645783,8183.39549,7036.396661,6712.958574,6734.866781,8484.850311,8028.991802,7810.0,7427.0,7028.0,7356.0,7905.0,9071.0,9000.0,9797.0,8738.0,8068.0,7971.0,8036.0,8525.0,8973.431,10297.433,11463.546,12657.529,13651.416,13473.0,11784.0,10870.0,11234.0,11560.0,12168.0,12068.0,12992.0,14457.0,14134.0,13680.0,12726.0,10800.0,12500.0,12000.0,12000.0,12000.0,13716.94229955123,13654.70962528034,13620.94230150672,13567.05994147852,13515.3814299777,13500.79628066238,13458.54337264067,13444.45642197991,13452.45834381747,13477.27394285268,13515.9493470452,13671.75010734423,13834.73652140222,14002.88035610479,14175.02449895923,14349.70690501949,14463.1071109196,14584.0258752001,14710.4370373489,14841.84583418592,14979.62887150818,15033.98921013786,15103.1699576179,15183.5757909499,15271.81125149133,15367.29166221362,15721.99313594174,16064.16275146292,16395.25713327419,16717.91069309715,17034.06819490696,17369.63203088788,17695.38686482998,18013.35864700214,18323.7966386629,18625.88781566496,18940.0919585045,19245.0926473988,19543.01087923095,19833.67745178736,20116.51715113626,20402.93581792037,20682.62752374809,20953.94497673294,21217.83910603988,21474.9621965072,21738.8748414887,21996.15552678367,22241.2516062398,22479.96603782682,22714.27146117161,22949.02142796281,23176.81306572146,23401.85754632774,23621.9167820893,23836.39666258381,24054.65354320869,24268.83927647145,24478.35030745904,24684.68101487323,24885.05236026388,25084.42136289453,25285.03271547604,25481.78551748592,25674.83906428996,25864.51567559909,26053.06677921278,26242.23635120306,26424.29125903009,26604.26687455347,26781.32790484261,26954.00998089765,27122.30392572602,27286.91646148322,27452.76097931733,27617.2579944028
South Africa,ZA,ZAF,Population,,13169.267,13448.773,13742.313,14043.507,14364.051,14702.68,15058.693,15430.985,15809.851,16220.097,16660.246,17155.824,17681.221,18227.907,18794.816,19383.945,19996.228,20631.903,21282.671,21946.681,22613.287,23270.999,23947.913,24640.613,25337.604,26044.276,26746.624,27491.28,28247.735,29020.589,30017.126,31064.963,32165.714,33312.895,34472.681,35611.505,36749.525,37902.856,39058.441,40198.71,41293.825,42081.971,42805.047,43789.266,44219.013,44864.096,45381.94,45951.736,46496.025,46964.645,47354.792,47778.809,48260.021,48740.675,49242.166,49737.899,50258.655,50798.512,51430.685,52026.347,52661.755,53328.655,54236.478,55121.105,56068.572,57378.501,57140.601,58129.723,59096.278,60079.493,61045.269,61959.937,62796.883,63627.884,64386.489,65108.15,65798.019,66488.024,67172.745,67840.954,68481.764,69115.395,69737.482,70343.479,70939.665,71529.839,72102.918,72672.709,73226.524,73765.793,74305.454,74845.442,75378.359,75904.667,76424.253,76938.646,77460.449,77972.86,78457.785,78941.387,79413.269,79891.157,80339.706,80774.35,81214.058,81640.795,82048.93,82456.132,82860.967,83252.708,83634.319,84002.476,84372.536,84739.794,85097.09,85426.063,85757.171,86075.622,86386.539,86692.627,87021.419,87345.556,87627.514,87904.593,88187.506,88458.788,88720.321,88995.697,89269.837,89538.075,89810.11,90078.378,90338.891,90599.232,90843.806,91071.265,91321.632,91567.059,91807.893,92045.326,92276.122,92523.281,92747.506,92973.661,93197.163,93403.8,93600.495,93790.436,93996.592,94206.139
South Sudan,SS,SSD,Cement production,kt cement,0.0,0.0,0.0,0.0,0.0,0.0,0.0,0.0,0.0,0.0,0.0,0.0,0.0,0.0,0.0,0.0,0.0,0.0,0.0,0.0,0.0,0.0,0.0,0.0,0.0,0.0,0.0,0.0,0.0,0.0,0.0,0.0,0.0,0.0,0.0,0.0,0.0,0.0,0.0,0.0,0.0,0.0,0.0,0.0,0.0,0.0,0.0,0.0,0.0,0.0,0.0,0.0,0.0,0.0,0.0,0.0,0.0,0.0,0.0,0.0,0.0,0.0,0.0,0.0,0.0,0.0,0.0,0.0,0.0,0.0,0.0,0.0,0.0,0.0,1445.116844165132,1505.008748543833,1565.261017302211,1620.66752305105,1673.702611553529,1727.462398460087,1759.814067356891,1793.428352023581,1828.457510138177,1864.767378263286,1902.029882991078,1949.476439178714,1998.414721235623,2048.709934835338,2100.16497509131,2152.717097223031,2212.30108877366,2273.485558313882,2336.084845307291,2400.159358448513,2465.882738090323,2545.574066182601,2624.758997816527,2701.967460723939,2777.148828732326,2850.32594242531,2996.322890124051,3136.155019228703,3270.547393050215,3398.899640572965,3522.514219957283,3667.299760974377,3804.320150340804,3934.397732718614,4057.417821564995,4177.406855167083,4314.700699662518,4446.63112078011,4574.218149594772,4697.154990945428,4815.948707298163,4951.481055062606,5079.924985359505,5203.675862841696,5323.777427740595,5436.144212235219,5561.428552224369,5683.126388900375,5798.73499111939,5909.307279779327,6015.610488673343,6129.518989150019,6235.672253306369,6339.922079465859,6438.074614529507,6532.9221953911,6633.295107413836,6729.355604646152,6821.875660332984,6909.324003847121,6994.006161027605,7080.25316054279,7164.598018541936,7240.929584147685,7316.181448843468,7387.280418421497,7459.757974637074,7527.735871530539,7592.565764402812,7651.422389274449,7704.704526964076,7766.062876475794,7824.687789395733,7876.846859476273,7931.416536965665,7979.673711364715
South Sudan,SS,SSD,Population,,2510.551,2548.689,2589.728,2633.739,2680.448,2729.716,2779.468,2828.724,2867.985,2909.585,2953.533,2999.915,3048.701,3096.636,3163.199,3216.471,3256.375,3298.921,3344.134,3386.932,3432.296,3504.995,3580.0,3674.767,3771.751,3871.236,3972.584,4075.481,4179.832,4285.377,4392.684,4501.86,4613.512,4709.636,4791.617,4876.975,4965.506,4959.285,4736.772,4689.685,4785.581,4887.773,4931.726,4980.279,5162.089,5289.582,5424.268,5594.003,5646.132,5897.125,6167.41,6449.373,6744.24,7062.013,7404.069,7776.217,8176.836,8600.739,9034.555,9452.557,10039.35,10536.868,10975.612,11356.939,11113.206,11101.917,10558.287,9960.02,10285.934,10560.834,10836.1,10895.46,11146.895,11819.853,12066.964,12310.612,12561.462,12813.144,13069.856,13326.313,13588.594,13862.23,14130.472,14393.058,14662.043,14935.156,15205.035,15466.371,15725.57,15975.818,16227.143,16473.158,16713.569,16944.845,17175.503,17397.316,17622.076,17834.598,18042.282,18243.51,18440.437,18645.556,18863.336,19058.262,19262.939,19455.986,19648.309,19841.567,20025.69,20219.5,20395.764,20570.033,20748.238,20923.288,21096.926,21274.495,21438.115,21603.97,21776.031,21922.491,22057.456,22206.812,22350.044,22491.086,22632.011,22749.527,22847.753,22957.093,23053.273,23149.77,23223.688,23297.586,23373.321,23442.065,23513.389,23557.066,23610.446,23645.001,23689.853,23730.438,23752.024,23770.576,23790.333,23799.001,23797.585,23805.639,23816.312,23814.524,23832.354,23837.722
Spain,ES,ESP,Cement production,kt cement,2742.806984,2963.080308,3257.489043,3808.975503,4330.655834,4727.693891,4970.328258,5323.250975,5727.641588,5734.994144,6625.106089,7293.736142,7749.594651,8499.555424,9690.669592,12072.897929,13469.883682,14955.664586,16314.705571,16697.132393,17160.867093,19572.010776,22366.477162,22234.131143,24094.814382,25197.211451,27991.182957,30234.2657,27909.802517,28005.888071,28747.987725,29564.630069,30638.103332,25432.493262,24197.704699,24035.044772,23013.502142,25403.551071,27374.011048,28100.0,25119.0,24616.107,22838.228,25130.751,26421.841,25406.17,27933.154,32449.065,35781.978,37784.543,40510.437,42387.66,44746.757,46593.482,50311.973,54048.27,54720.445,42083.407,29504.573595,26161.660109,22178.23656,15938.965402,13731.8764,14554.03887,15076.97544,15055.569445,16081.82289,16568.441361,17464.538165,16176.86565,18476.941119,18444.161353,17973.978516,17980.354687,17194.26647080962,17235.9547705212,17264.84146117959,17300.52163230925,17340.68953380796,17346.62394155282,17373.55150579723,17398.24967087076,17421.92493994565,17444.29510282513,17465.32119440236,17417.36687662041,17367.50861020405,17316.43740627362,17264.31788861506,17210.40934535524,17154.13003375658,17095.68203399958,17035.1212903623,16975.5839515722,16912.28745383026,16846.83810426361,16779.9435142752,16711.25625130647,16641.19688758515,16567.06632312171,16582.53185032081,16592.92076366447,16594.44827900301,16588.54050734931,16579.00411947963,16565.2770831808,16541.14373868433,16514.23032240766,16484.42633955233,16448.38972911585,16407.00261509943,16358.9949738975,16307.46018947416,16254.84501360479,16198.28539551827,16137.47082091152,16074.88017832064,16012.33677640396,15947.74551042233,15885.10317106652,15816.8712714223,15751.43115516471,15685.17357103689,15622.03462184439,15559.88672282466,15498.9471830851,15440.48151067603,15385.87608943924,15334.4403508862,15283.89647432322,15234.57290925685,15186.55139787212,15141.30022706019,15095.97479501019,15052.23278016244,15007.65369447903,14965.25439034189,14922.97300328569,14878.65564982142,14832.94467081333,14786.18759168652,14741.33781119179,14696.61660934895,14650.95847022198,14604.63963989899,14553.83367859523,14503.58853332306,14450.45262928365,14395.76875352314,14340.08748817775
Spain,ES,ESP,Population,,28138.534,28291.187,28520.896,28744.498,28971.159,29208.394,29438.945,29700.983,29998.335,30283.079,30526.798,30872.335,31207.876,31551.778,31931.393,32289.943,32641.825,32999.676,33340.565,33653.306,33972.14,34342.762,34736.972,35116.075,35607.448,35984.09,36368.47,36734.07,37075.865,37384.88,37690.249,37935.176,38159.027,38347.461,38527.504,38675.138,38796.273,38907.746,38996.782,39062.333,39107.625,39295.893,39544.798,39758.444,39958.997,40146.478,40328.266,40519.386,40715.495,40910.218,41129.331,41361.868,42149.54,42863.546,43605.586,44312.184,45078.711,45954.303,46515.805,46754.555,46926.388,47069.697,46966.948,46753.83,46686.545,46680.827,46784.715,46952.476,47233.166,47637.072,47721.906,47749.421,47907.344,47915.815,47905.238,47874.678,47826.907,47777.635,47719.497,47652.032,47569.007,47477.971,47389.074,47299.037,47205.242,47103.15,46995.789,46885.829,46774.542,46654.767,46528.581,46397.629,46257.59,46118.256,45963.764,45796.164,45621.797,45437.478,45246.725,45034.599,44822.516,44602.043,44359.451,44100.244,43838.126,43567.339,43270.106,42973.127,42675.748,42366.485,42055.191,41730.314,41402.131,41078.452,40749.768,40430.984,40112.717,39800.541,39487.68,39186.37,38885.168,38596.882,38310.265,38037.051,37770.566,37518.677,37277.097,37049.697,36834.313,36624.362,36424.708,36231.145,36047.752,35866.229,35691.222,35519.077,35354.775,35192.409,35025.912,34857.095,34691.379,34532.24,34374.694,34215.784,34056.262,33892.051,33730.314,33561.669,33389.794,33216.19
Sri Lanka,LK,LKA,Cement production,kt cement,66.173009,58.709471,66.173009,80.878123,73.363971,88.230679,51.549333,80.726381,95.75392,88.230679,80.878123,88.230679,73.525566,73.525566,88.230679,80.878123,191.166471,220.576698,279.397151,323.51249,382.332943,382.332943,418.679543,469.976152,389.6855,426.448283,352.479903,573.499414,595.557084,573.499414,640.254473,647.02498,507.326405,499.973848,595.557084,595.557084,595.557084,397.038056,397.038056,400.0,400.0,817.0,676.0,925.0,894.0,928.0,965.0,874.0,976.0,1008.0,1108.0,1018.0,1164.0,1400.0,1500.0,1600.0,1700.0,1800.0,1900.0,1737.0,1984.0,2066.0,1929.0,1885.0,2287.0,2695.0,2819.0,2841.0,3397.0,3937.0,4396.0,5912.0,5912.0,5912.0,6093.858730101514,6283.53761572224,6465.08153439228,6639.866432776243,6808.972194516145,7008.271442935119,7205.688045269964,7405.340976766841,7606.996519157678,7809.978612358973,8015.393836308895,8027.722867012319,8045.767631316515,8069.437031624899,8096.22794328349,8125.948423939851,8148.3467648585,8174.198456837464,8202.634179161812,8233.680820541245,8266.491778957283,8296.559876147936,8328.368812814475,8361.634757461421,8395.810779909094,8430.85153936789,8519.304907919655,8603.69188398533,8684.228147385451,8760.38105425861,8833.80107612613,8910.210956198094,8981.299821963246,9048.733587774133,9112.308191004782,9172.44770130384,9233.94232679995,9293.086585252164,9348.692577957276,9401.208065162533,9450.335924981648,9498.917483468531,9545.782845652206,9589.039524745553,9630.787371958391,9670.416604747958,9709.442885769939,9746.024342784103,9780.119057798353,9810.728468662986,9837.882034527038,9865.685569102892,9890.759907473413,9913.133624561286,9932.758239269031,9948.50387421686,9963.838569171137,9976.30900337273,9987.155987102104,9995.16294516636,10001.09651525643,10004.42952760184,10005.89020265618,10005.68477116094,10003.49700346686,9998.997867382419,9992.248655429725,9984.930556879388,9975.692907245697,9964.547240441903,9951.813388731343,9937.233849303528,9920.918180735809,9903.381520180297,9883.781000386392,9863.749662796736
Sri Lanka,LK,LKA,Population,,7880.973,8031.695,8191.426,8358.862,8533.009,8713.652,8900.785,9101.208,9316.427,9543.877,9778.901,10019.844,10267.663,10522.416,10784.377,11049.552,11318.305,11596.352,11875.824,12151.891,12422.329,12681.491,12936.919,13184.913,13426.473,13671.494,13922.045,14176.698,14443.558,14715.67,14980.278,15218.55,15354.585,15423.004,15460.715,15627.592,15834.921,15998.231,16159.011,16338.103,16366.812,16583.895,16894.672,17157.165,17394.382,17733.753,18076.283,18420.117,18771.889,19117.572,19468.535,19732.19,19879.314,20023.729,20151.481,20281.568,20423.254,20561.836,20696.92,20815.95,20942.228,21075.868,21263.048,21454.606,21640.306,21819.637,22001.908,22173.136,22333.1,22488.003,22635.611,22765.133,22904.797,23038.437,23168.692,23290.249,23406.381,23516.74,23621.609,23719.665,23816.239,23907.022,23995.479,24079.758,24158.831,24234.118,24304.916,24375.071,24439.015,24499.783,24553.615,24603.679,24647.051,24686.266,24719.471,24753.4,24778.074,24795.341,24806.166,24812.185,24815.195,24814.32,24810.125,24799.659,24790.217,24778.118,24756.733,24733.077,24705.804,24676.265,24642.48,24608.451,24569.201,24526.317,24478.499,24424.38,24372.005,24314.131,24258.173,24201.623,24141.022,24078.833,24014.704,23945.099,23870.067,23796.851,23720.706,23641.596,23559.25,23470.019,23379.908,23286.256,23192.757,23095.556,22996.877,22892.76,22787.733,22682.262,22575.299,22465.802,22353.004,22242.492,22130.325,22016.455,21901.684,21784.926,21666.731,21548.41,21427.628,21308.658
State of Palestine,PS,PSE,Cement production,kt cement,,,,,,,,,,,,,,,,,,,,,,,,,,,,,,,,,,,,,,,,0.0,0.0,0.0,0.0,0.0,0.0,0.0,0.0,0.0,0.0,0.0,0.0,0.0,0.0,0.0,0.0,0.0,0.0,0.0,0.0,0.0,0.0,0.0,0.0,0.0,0.0,0.0,0.0,0.0,0.0,0.0,0.0,0.0,0.0,0.0,3936.442964286857,4003.0256721775,4077.714064659212,4153.371288662986,4232.234269687879,4315.660837372442,4402.471438914882,4489.957669236152,4577.609849132792,4668.130004296027,4758.575802046967,4823.724858272285,4886.429626895851,4949.924079401606,5012.645485416285,5077.966894364442,5138.655685782838,5199.564253529944,5259.985309662163,5319.446707483112,5378.140894271658,5432.858530941559,5485.007580845914,5535.619934849838,5584.708959560713,5633.656435082057,5706.689364900825,5777.688868820007,5847.456643952767,5915.233258389399,5979.884931275297,6043.447101138788,6108.484527865749,6172.70080206843,6234.132939853005,6296.519063658437,6360.236205934597,6423.344192579999,6482.443693659573,6542.411308600602,6601.023082649823,6658.572859602693,6712.78636898755,6769.204377714555,6821.295905535446,6873.948956773675,6925.733223274206,6977.579881265552,7024.649229513926,7069.762302630927,7113.432320944231,7157.788645656503,7199.623817438838,7238.668814916858,7274.875335000902,7307.968989306627,7342.603646347869,7377.192683804428,7407.472012261009,7434.639816691762,7461.019341534258,7484.69188072686,7507.496976934254,7527.781591087955,7549.048368064816,7566.992965874817,7585.235432737742,7602.717796814714,7619.224706830979,7634.838680564718,7647.842945704129,7661.570415436009,7672.810946926458,7684.59690080436,7693.848284227417,7700.756967801794
State of Palestine,PS,PSE,Population,,948.516,957.376,967.236,978.078,989.953,1002.811,1016.684,1031.569,1047.478,1064.304,1081.857,1099.998,1118.681,1136.255,1145.084,1149.536,1143.252,1128.388,1115.095,1111.077,1121.482,1146.745,1182.755,1221.762,1260.505,1298.136,1334.653,1370.772,1408.22,1448.012,1490.105,1535.302,1586.678,1650.877,1726.332,1764.181,1814.439,1939.08,2015.529,2095.687,2182.447,2275.461,2373.924,2476.208,2582.11,2690.992,2802.651,2916.5,3009.276,3103.228,3200.357,3284.213,3360.515,3435.626,3514.729,3600.072,3690.12,3783.261,3874.82,3967.672,4066.159,4165.656,4264.97,4365.551,4466.212,4576.918,4688.56,4796.925,4904.26,5011.276,5128.108,5242.563,5367.977,5450.426,5540.46,5638.786,5746.794,5853.352,5959.81,6067.574,6177.054,6288.152,6400.253,6516.465,6633.05,6752.42,6869.91,6988.763,7107.255,7230.695,7352.957,7475.333,7597.127,7717.049,7836.063,7954.127,8067.838,8179.637,8288.779,8397.46,8506.322,8612.153,8716.148,8817.175,8913.544,9008.289,9105.233,9200.953,9292.523,9385.515,9480.491,9574.559,9662.652,9752.039,9839.405,9925.188,10005.998,10090.094,10167.741,10246.225,10323.414,10400.696,10470.857,10538.102,10603.196,10669.313,10731.672,10789.872,10843.841,10893.17,10944.796,10996.354,11041.488,11081.984,11121.305,11156.591,11190.584,11220.82,11252.52,11279.268,11306.46,11332.519,11357.124,11380.398,11399.782,11420.244,11436.999,11454.567,11468.357,11478.655
Sudan,SD,SDN,Cement production,kt cement,0.0,0.0,0.0,0.0,66.56955,66.607042,59.278953,88.565287,103.625735,118.094373,81.518316,103.709139,118.502533,89.010661,81.645452,103.74603,133.554906,148.34998,170.663789,155.892683,192.944986,163.33209,207.791605,304.032615,215.07769,133.599794,148.418371,192.776024,185.400712,185.423729,148.405019,185.433573,200.239759,177.994998,192.861721,148.449139,126.164302,141.068612,148.414634,170.735946,170.716772,252.072075,251.740726,163.257113,392.259688,384.946029,281.807832,200.327451,229.976192,148.510398,193.029395,207.92757,274.696041,311.865987,334.087385,200.592693,326.784571,252.595126,630.728655,1936.100814,3004.122511,3507.169496,3536.579722,3477.759269,3705.688524,4014.495901,4014.495901,4014.495901,4014.495901,,,,,,6435.664149432741,7230.226082634617,7620.795001870893,7927.163416745851,8144.160855640486,8351.82688522904,8446.723671941925,8551.702095613737,8665.738601200865,8787.67482181713,8916.503866676303,9068.309411755317,9229.521261370914,9398.506236413983,9574.734393479237,9756.915778073597,9893.252519854983,10041.24005657215,10199.38016960022,10366.72060923896,10544.09650230075,10691.36246453387,10854.19564575675,11030.36335070302,11217.99925303065,11414.63188732749,11854.60887075696,12289.79143902551,12720.3062533238,13146.38795950652,13568.13468199295,14072.44056317389,14568.83900970947,15057.61707746793,15539.04164001622,16013.19125876693,16573.07875850737,17120.78603247447,17657.32488058623,18182.3540324956,18696.45601045408,19281.72846245167,19852.15617669027,20407.54415517725,20946.10028275165,21471.80172810577,22057.45279864614,22625.48492395713,23180.90908227584,23724.62700508268,24257.93314787317,24843.83902316315,25414.42547295481,25973.1708914804,26520.3155417209,27053.13158352974,27630.57466566243,28192.26411320133,28741.98861156823,29280.26006305051,29807.05993103707,30365.68219724195,30909.54902890629,31438.53310980902,31950.96638293781,32448.85638589197,32970.29378771705,33474.50898530814,33967.3154343647,34441.56644923198,34894.22536661331,35369.26198183461,35826.83547175454,36274.073529537,36708.57625719818,37129.29068585955
Sudan,SD,SDN,Population,,6281.167,6470.953,6666.266,6865.544,7073.727,7289.657,7513.526,7745.372,7980.696,8232.273,8496.705,8773.177,9064.879,9371.276,9690.941,10025.118,10370.039,10731.156,11104.843,11493.03,11898.512,12312.566,12743.146,13355.483,13805.963,14323.632,14815.799,15357.43,16032.575,16678.128,17439.682,18121.463,18851.828,19367.713,19725.343,20086.4,20490.076,20919.732,21357.131,21798.913,22244.048,22697.304,23157.405,23733.779,24354.118,24990.167,25472.888,26126.755,26791.243,27469.983,28163.506,28870.034,29587.42,30204.65,30908.624,31616.263,32368.607,33159.662,34088.297,35049.928,35778.871,36502.741,37343.615,38228.082,39418.554,40630.309,41889.475,43539.138,44922.054,46174.297,47404.165,48729.683,50037.008,50048.573,50849.352,52474.943,54090.494,55357.941,56629.728,57921.151,59222.082,60523.793,61835.166,63159.241,64485.474,65811.159,67128.872,68453.609,69761.81,71071.442,72389.757,73722.682,75052.437,76394.888,77738.021,79092.385,80442.15,81788.327,83138.065,84518.643,85894.122,87264.011,88633.056,89991.32,91358.844,92716.903,94047.958,95372.732,96687.564,97981.729,99273.148,100549.695,101828.016,103079.165,104310.818,105513.245,106727.371,107927.614,109072.947,110220.917,111345.214,112474.292,113591.115,114683.687,115762.447,116813.943,117833.923,118852.124,119863.867,120838.535,121797.632,122734.247,123674.469,124615.492,125551.26,126452.202,127340.256,128209.291,129043.618,129854.205,130629.014,131376.626,132129.75,132839.394,133485.726,134149.023,134782.438,135417.158,136026.429,136603.048
Suriname,SR,SUR,Cement production,kt cement,0.0,0.0,0.0,0.0,0.0,0.0,0.0,0.0,0.0,0.0,0.0,0.0,0.0,0.0,0.0,0.0,0.0,0.0,0.0,0.0,51.467896,58.820453,58.820453,44.11534,29.410226,51.467896,44.11534,58.820453,58.820453,66.070891,73.658524,73.525566,73.525566,51.467896,51.467896,51.467896,51.467896,51.467896,51.467896,50.0,50.0,50.0,50.0,60.0,60.0,60.0,60.0,60.0,60.0,60.0,65.0,65.0,65.0,65.0,65.0,65.0,65.0,65.0,49.0,45.0,74.0,114.0,131.0,70.0,70.0,20.0,30.0,30.0,50.0,50.0,50.0,50.0,50.0,50.0,48.16475389475868,49.43710411712038,50.73477898997005,52.08964940849022,53.51142764852732,54.97269477800031,56.47255273951058,57.98803294571433,59.51835979776911,61.06582488366942,62.63586778761631,63.96470793630012,65.31277481957612,66.68314737321468,68.07136007340762,69.48088718018255,71.10148449367557,72.74761863659774,74.41786055721761,76.11490708864183,77.83587310636521,79.75687925883766,81.71200726304113,83.69333313516931,85.70511333173938,87.75053563976219,90.51102887512268,93.28291333844517,96.06234047902251,98.85218752152016,101.6477552195167,104.6651509432301,107.6958891702109,110.7317907457566,113.786127186737,116.8432312991398,119.9978647015827,123.0853962797405,126.1001871198578,129.0437317645308,131.9154474551099,134.7987499344382,137.6028056620411,140.3319021164233,142.9823203297092,145.5524593909352,148.1188802366665,150.602513173536,153.0053127369237,155.3214815592896,157.5671651482444,159.7461529857221,161.8550654867157,163.8785132968297,165.8248041401263,167.693718874531,169.4845039675734,171.1918372052289,172.83411503045,174.4143937537504,175.9464569488255,177.4293945471993,178.8627923900144,180.2450302828023,181.5496402517477,182.8019517171871,184.0484602621088,185.2235217020035,186.3472101804419,187.4195735101717,188.4681858458549,189.4834519606057,190.4741038540259,191.4068741239022,192.3099708299533,193.16528733999
Suriname,SR,SUR,Population,,197.604,203.402,209.302,215.422,221.823,228.567,235.716,243.253,251.215,259.556,268.28,277.301,290.523,303.545,314.536,325.465,336.805,348.553,360.679,373.132,385.752,398.112,396.713,394.832,392.521,389.819,386.759,383.374,379.63,375.574,375.18,375.737,377.373,380.119,384.268,389.676,394.984,398.837,405.617,411.2,413.785,416.241,418.938,419.766,424.984,434.227,443.433,452.702,462.109,471.724,481.562,491.557,501.546,511.283,516.563,522.062,527.932,534.1,540.391,546.745,553.101,559.436,565.83,572.21,578.536,584.718,590.796,596.63,602.395,609.141,615.492,620.3,626.028,631.744,637.118,642.582,647.931,653.201,658.363,663.224,668.079,672.764,677.385,681.752,686.073,690.308,694.387,698.036,701.788,705.355,708.965,712.281,715.528,718.476,721.376,724.137,726.508,728.96,731.121,732.936,734.873,736.53,738.199,739.665,741.256,742.782,743.993,745.416,746.221,747.122,748.101,748.782,749.557,750.095,750.918,751.608,751.95,752.399,752.673,752.758,752.896,752.897,752.814,752.514,752.328,751.792,751.361,750.755,750.094,749.358,748.319,747.152,745.966,744.58,743.142,741.44,739.687,737.864,735.733,733.531,731.475,729.184,726.829,724.408,722.128,719.714,717.424,715.008,712.663,710.256
Sweden,SE,SWE,Cement production,kt cement,2036.658177,2117.536299,2352.81811,2463.106459,2551.576207,2492.516686,2448.401346,2507.440122,2823.381732,2808.676619,3043.729956,3073.368657,3301.516555,3624.810401,3771.640698,3756.966636,3896.854995,3911.560109,3955.675448,4073.316354,3948.322892,3874.797326,4213.014929,3308.802345,3117.625443,2867.497072,2617.510148,2352.81811,2389.580893,2448.276236,2316.055327,2301.350214,2242.529761,2389.580893,2124.888856,2051.36329,2249.74417,2249.882318,2433.696233,2480.0,2395.0,2289.0,2162.0,2153.0,2539.0,2447.0,2253.0,2252.0,2298.0,2651.0,2645.0,2642.0,2476.0,2588.0,2709.0,2952.0,2950.0,2934.0,1586.0,1796.0,2064.0,2141.0,2560.0,2500.0,2840.0,2840.0,3020.0,3256.0,2700.0,2800.0,2800.0,2900.0,2900.0,2900.0,2802.376628821803,2837.867375745236,2873.479903267391,2907.970878388486,2943.066027498128,2981.335442874062,3009.694261690738,3037.149904043541,3064.064298477191,3090.571153127167,3116.643892620845,3124.587000084464,3132.379780833056,3139.821939850924,3147.137485882821,3154.532149798602,3159.828519348423,3164.872940206653,3170.290145914569,3175.833191186753,3181.375217697206,3186.43687882386,3191.49290267894,3196.632117987351,3201.733437454269,3207.01427502968,3229.859411622598,3251.971412559595,3273.49065978012,3294.250777733478,3314.239167246118,3335.022285438629,3355.203676988363,3375.078425538367,3394.362804303052,3413.083461917466,3432.216489386444,3451.179879947681,3469.302073525038,3487.215430441579,3504.941281157697,3522.218002431964,3539.049225040997,3555.728877367507,3572.217703168398,3588.888892373329,3604.75202015515,3620.60362209642,3635.97881508828,3650.966002594545,3665.794085258161,3679.891023253844,3693.730381072097,3707.014573614658,3720.111932251142,3732.670319343649,3743.672067556674,3754.617036358616,3764.624458870055,3774.816448911849,3784.569624053305,3793.381975067902,3801.556910490167,3810.409474077641,3819.412704933631,3828.25570296355,3836.746265245017,3845.258877759972,3853.551744364831,3861.797291479948,3869.78527543163,3877.136484306476,3884.709162561462,3892.33271159472,3899.156738688265,3906.007365653879
Sweden,SE,SWE,Population,,7046.98,7098.781,7150.562,7192.289,7234.626,7290.033,7341.002,7392.76,7435.938,7471.18,7498.013,7541.984,7581.045,7627.352,7695.03,7770.985,7840.2,7892.609,7931.647,8004.376,8081.185,8115.019,8129.831,8144.508,8176.77,8208.512,8236.277,8267.114,8284.462,8303.034,8317.903,8323.013,8327.353,8330.476,8342.497,8357.99,8381.377,8413.919,8458.775,8526.857,8590.278,8643.64,8691.507,8744.565,8815.815,8836.789,8843.866,8847.182,8854.035,8861.338,8882.864,8909.179,8940.914,8975.948,9011.669,9047.872,9113.374,9183.175,9256.625,9340.855,9415.609,9482.909,9556.064,9645.176,9747.691,9851.272,9995.288,10120.435,10230.374,10327.876,10379.497,10452.766,10521.91,10581.078,10632.92,10680.346,10721.747,10760.754,10795.874,10827.522,10856.099,10881.488,10906.824,10931.035,10953.723,10976.232,10999.142,11020.785,11043.188,11066.389,11090.815,11114.448,11140.387,11165.885,11190.945,11214.799,11237.73,11259.714,11280.582,11300.115,11319.146,11335.056,11348.872,11359.549,11367.098,11374.065,11379.336,11384.76,11388.554,11390.901,11392.09,11394.352,11393.732,11393.886,11394.855,11395.58,11395.576,11396.411,11397.807,11401.667,11405.389,11410.316,11414.018,11416.95,11420.249,11424.388,11428.228,11430.314,11432.442,11432.914,11430.72,11429.077,11423.863,11420.321,11415.545,11410.484,11403.127,11399.322,11396.654,11393.718,11391.79,11390.338,11388.291,11386.404,11383.757,11380.801,11379.116,11377.951,11373.664,11369.803
Switzerland,CH,CHE,Cement production,kt cement,1316.499679,1381.829798,1580.799668,1815.553548,2117.536299,2382.228337,2507.221799,2183.709309,2683.683157,3036.605874,3602.752732,3727.746194,3580.695062,4323.303278,4036.066241,4323.806163,4176.722498,4323.303278,4536.090795,4794.303182,5220.315182,5712.936474,5757.051814,5249.725409,3764.508977,3543.932279,3646.868071,3698.014764,3933.256399,4250.162168,4345.360948,4102.315897,4094.999264,4183.996353,4257.130269,4389.476287,4617.405542,4962.975702,5463.457165,5210.0,4700.0,4260.0,4000.0,4370.0,4024.0,3638.0,3568.0,3600.0,3548.0,3771.0,3950.0,3771.0,3613.0,3851.0,4022.0,4040.0,4000.0,4102.0,4163.0,4527.0,4750.0,4430.0,4740.0,4790.0,4390.0,4710.0,4580.0,4290.0,4210.0,4150.0,4180.0,4150.0,4150.0,4150.0,3964.232477038049,3978.575457355013,3987.052480509344,4001.796711009937,4011.737500144709,4015.679030972446,4018.744746658498,4022.019140503127,4024.224997020156,4026.461910203702,4029.119204577721,4011.620395570267,3994.161771020336,3976.95590401039,3959.669528068571,3943.032512166908,3926.35938376537,3908.752548384313,3892.840107280918,3876.900583766168,3861.469906090002,3846.055037913456,3831.401802151154,3817.79807887669,3804.796028412458,3791.550097597158,3798.444027955677,3804.668238005203,3810.794858879828,3815.183965135961,3818.747421287424,3822.278981953581,3826.107763045056,3830.357888319625,3833.631420103081,3836.14164359246,3839.467753636608,3841.717201527445,3844.176378211796,3846.789813725181,3848.976862831333,3850.798392167236,3852.600516995331,3855.756367516168,3858.462294144749,3861.166569993341,3862.684594964422,3864.514118794285,3866.933606760335,3868.82582155963,3870.020620060916,3872.607356807394,3875.317529666422,3877.000745745911,3878.936723070161,3880.546941895798,3882.01423620238,3883.440135760965,3885.020495605103,3886.858050717989,3888.88618304094,3890.467388741859,3892.915572903763,3896.079424625593,3898.600368103622,3901.712339511024,3905.055929971423,3908.711470401046,3912.220275565297,3915.647933926338,3919.772819250089,3923.954447108164,3927.46783892679,3932.308926199732,3936.765575135741,3941.749239019224
Switzerland,CH,CHE,Population,,4717.195,4778.975,4844.249,4907.055,4970.44,5033.784,5097.456,5162.868,5230.015,5295.585,5359.976,5508.27,5639.122,5749.208,5829.09,5883.749,5952.174,6031.292,6104.022,6168.681,6193.163,6233.898,6288.263,6326.542,6356.211,6320.988,6284.121,6278.598,6285.479,6303.95,6335.743,6373.37,6410.238,6428.384,6456.46,6485.453,6524.047,6567.498,6620.788,6674.789,6751.557,6842.328,6907.773,6968.439,7018.736,7062.219,7081.548,7096.777,7123.805,7164.437,7203.576,7249.205,7308.299,7358.595,7409.794,7453.852,7503.166,7587.596,7695.86,7779.43,7872.077,7956.666,8041.187,8141.217,8239.254,8328.614,8421.188,8486.068,8546.621,8608.427,8672.736,8741.311,8843.053,8898.069,8945.893,8988.922,9026.674,9061.137,9091.889,9118.018,9142.567,9165.477,9183.915,9200.883,9217.534,9230.916,9242.579,9253.226,9262.073,9270.648,9281.709,9288.577,9298.413,9305.714,9312.633,9318.363,9324.397,9331.343,9338.252,9341.672,9343.5,9343.523,9343.495,9338.435,9331.145,9322.797,9315.654,9310.069,9301.85,9291.652,9282.874,9271.237,9260.549,9250.64,9239.839,9227.957,9216.382,9209.065,9200.765,9192.77,9181.97,9172.358,9164.705,9155.828,9145.254,9139.815,9134.926,9127.366,9120.717,9113.361,9107.028,9100.734,9095.016,9090.15,9085.945,9081.762,9080.052,9080.387,9079.055,9079.418,9081.417,9084.319,9086.878,9089.272,9093.602,9099.056,9102.742,9110.035,9116.322,9124.053
Syrian Arab Republic,SY,SYR,Cement production,kt cement,66.173009,154.403688,220.576698,251.579198,264.692037,323.51249,316.159934,389.6855,449.244842,485.268735,536.736631,609.564755,683.787763,632.319867,676.435207,617.614754,602.909641,919.069574,933.774688,963.715594,911.717018,1007.776068,845.151462,963.184914,992.59514,1109.94022,1396.636507,1433.748536,1845.191625,1992.542837,2316.055327,2595.841193,3625.285849,4278.71379,4293.893052,4197.818843,3867.053327,3330.708138,3499.445685,3500.0,3500.0,3700.0,4500.0,4500.0,4463.0,4500.0,4840.0,4607.0,5134.0,4631.0,5005.0,4679.0,4824.0,4757.0,4700.0,4804.0,5104.0,5336.0,5176.0,6000.0,5000.0,6000.0,4000.0,1850.0,1850.0,2450.0,2120.0,1793.0,2065.0,2431.0,3360.0,3000.0,3000.0,3000.0,3129.532666135594,3238.664204730269,3337.051354401663,3433.075091454889,3524.874883307885,3618.704159624872,3706.385518874641,3791.296040186287,3870.587185702987,3948.759286251587,4021.904819658159,4069.469330877487,4110.387624949372,4151.285794076429,4187.396669851674,4219.537647588339,4247.534177243064,4272.602721792031,4296.029490925013,4317.061229110727,4335.716714555393,4354.395941295908,4370.497453233938,4384.39985988079,4400.272483722583,4418.311526137449,4455.512400857857,4491.337122036733,4526.162423739492,4565.663853382253,4604.222449968195,4639.415093799556,4675.174658416791,4707.644462366839,4740.208890080278,4776.264535505546,4809.140775521179,4838.370948266777,4867.095247815783,4895.581813964212,4924.441240004116,4953.234100691857,4977.438648048798,4999.785235505699,5020.79957672567,5037.808843890928,5054.355675567355,5070.967429007002,5086.698101374377,5099.095810165222,5110.325866411788,5121.105109691324,5130.772465051409,5136.01610077334,5140.342379067058,5146.939040686118,5158.348717724231,5166.049988511715,5173.037002504569,5176.295652381063,5180.312231558371,5184.232543383343,5181.999610406044,5181.119351128242,5181.721961274008,5181.834781914973,5178.199280573856,5176.74036058916,5173.348814806761,5170.003759111587,5164.28207380587,5161.090106680749,5154.810422929128,5147.575227005992,5140.674736231029,5132.60318833469
Syrian Arab Republic,SY,SYR,Population,,3646.457,3723.273,3807.213,3898.446,3997.295,4103.883,4217.382,4338.099,4465.886,4601.653,4745.347,4885.584,5033.096,5187.838,5350.337,5520.197,5697.896,5882.5,6074.983,6275.348,6485.87,6710.318,6941.729,7178.913,7425.407,7683.322,7951.319,8229.683,8515.835,8807.984,9107.341,9413.037,9731.985,10077.634,10439.163,10812.18,11193.507,11584.339,11980.189,12377.931,12780.484,13181.158,13589.984,14001.389,14415.776,14817.826,15218.383,15616.702,16024.124,16431.999,16843.777,17258.898,17677.765,18100.826,18572.923,19055.259,20218.786,21549.465,21723.663,22230.276,22734.565,23021.631,22497.894,20835.941,19711.377,19137.859,19249.808,19199.528,19956.162,20750.906,21347.952,21909.727,23014.618,24174.628,25170.891,26069.962,26875.032,27648.045,28365.057,29073.552,29717.528,30342.106,30925.196,31499.744,32036.518,32553.069,33023.22,33493.586,33927.843,34334.623,34731.747,35102.12,35457.601,35789.056,36099.724,36430.848,36735.677,37021.598,37320.446,37634.934,37951.809,38256.962,38553.602,38890.073,39218.513,39518.282,39822.88,40099.456,40376.838,40683.958,40963.996,41212.977,41457.649,41700.296,41946.119,42191.375,42397.548,42587.895,42766.894,42911.778,43052.723,43194.221,43328.214,43433.817,43529.474,43621.291,43703.637,43748.302,43785.153,43841.343,43938.53,44004.129,44063.644,44091.401,44125.614,44159.007,44139.987,44132.489,44137.622,44138.583,44107.616,44095.189,44066.3,44037.807,43989.07,43961.881,43908.391,43846.762,43787.984,43719.231
Tajikistan,TJ,TJK,Cement production,kt cement,48.770996,55.55599,62.967955,75.017204,88.930327,98.453863,114.592068,132.261629,154.216566,181.234768,202.754211,228.820316,243.874322,259.879293,290.098789,320.986548,340.550143,352.087738,361.758508,384.206755,406.607501,424.680563,447.92759,473.215452,503.939429,509.065226,516.625425,512.231433,492.507309,496.716073,504.969525,490.976237,508.563455,516.280096,518.422075,534.62551,542.417978,549.41571,551.810189,537.065607,505.768314,400.0,300.0,200.0,100.0,50.0,36.0,18.0,30.0,50.0,70.0,100.0,166.3,193.6,253.1,281.5,313.1,190.0,195.0,288.0,299.0,232.0,384.0,1150.0,1418.0,1361.0,3117.0,3844.0,4202.0,4243.0,4200.0,4000.0,4000.0,4000.0,4378.754912732109,4505.804970885947,4626.231755305112,4748.481179629101,4871.841380778135,4992.655464780174,5122.039532740103,5251.277716155779,5380.053696219125,5508.503523396708,5637.333377151297,5760.45226699172,5883.081239447542,6003.571638695767,6121.628989671095,6238.026484414913,6361.903078152061,6482.969832622647,6601.401988224865,6716.181180595372,6828.988154669764,6947.5386824113,7062.613799743411,7175.26290781664,7285.684015413603,7393.315342697231,7524.548278507565,7651.877660221764,7777.012508284647,7897.426486458488,8016.311736186902,8142.056950659356,8265.286736337195,8386.656327688517,8505.416725895455,8621.709514923277,8743.173740572873,8859.373271439985,8973.524808190072,9085.593719641793,9193.68959753486,9302.998925771322,9410.334725362773,9513.257325008584,9612.307444744796,9708.96250448127,9805.236867285119,9897.348396254074,9984.996501551273,10068.49309943922,10148.99049974011,10229.23035016509,10307.22530126876,10379.82064358387,10449.31831097896,10515.4233716318,10582.43893845402,10645.03252784337,10706.1708441583,10766.43361704116,10823.8857038887,10879.74411367031,10932.49619251587,10984.41368435507,11032.98814075923,11079.17928334338,11124.54200414535,11168.42467720717,11209.9539499777,11245.7946697529,11280.8744404515,11313.64329811699,11344.05776425335,11370.69450921229,11394.31662484583,11414.64552163523
Tajikistan,TJ,TJK,Population,,1559.109,1617.566,1673.6,1728.485,1782.89,1837.587,1893.292,1950.954,2012.371,2078.196,2146.067,2217.542,2292.511,2370.961,2451.56,2534.436,2619.932,2708.328,2799.368,2891.177,2982.381,3075.293,3172.09,3272.49,3376.507,3484.344,3595.808,3710.722,3826.294,3939.088,4051.423,4166.621,4287.72,4414.029,4546.023,4691.984,4852.294,5025.824,5204.153,5330.346,5467.19,5615.22,5683.58,5766.407,5884.329,6012.84,6120.205,6159.453,6193.341,6223.399,6346.072,6468.682,6594.656,6722.494,6858.599,6990.84,7124.293,7264.662,7412.144,7568.316,7735.965,7913.606,8114.562,8318.885,8532.219,8755.461,8975.801,9196.091,9418.575,9641.357,9857.264,10076.553,10287.891,10491.706,10690.149,10883.318,11073.879,11262.9,11450.943,11639.629,11826.507,12014.439,12205.863,12398.707,12595.072,12796.097,13002.09,13206.595,13409.886,13612.85,13815.044,14015.348,14214.926,14408.284,14601.453,14788.27,14970.506,15149.232,15323.963,15492.103,15657.182,15818.177,15979.12,16132.95,16287.617,16440.215,16592.369,16745.172,16896.296,17045.72,17193.53,17334.374,17475.796,17617.194,17753.775,17885.262,18017.119,18143.427,18265.138,18385.267,18499.744,18609.115,18712.505,18810.399,18905.073,18995.711,19084.959,19166.007,19243.515,19316.711,19389.231,19455.524,19521.466,19588.027,19651.146,19709.215,19763.413,19818.1,19868.184,19915.456,19960.109,20003.76,20044.597,20076.105,20107.725,20134.456,20158.259,20176.352,20190.135,20199.029
Thailand,TH,THA,Cement production,kt cement,308.807377,249.272676,286.749707,383.016902,382.332943,396.483534,404.898004,455.858509,507.326405,529.384075,808.781225,963.184914,992.59514,1058.2494,1249.319798,1485.216432,1734.680547,2367.523224,2404.286007,2624.862704,2779.795979,3374.823477,3705.688524,3918.320058,3977.135592,4463.001853,5109.444229,5087.437172,5257.077965,5337.956088,6264.378219,6609.309057,7263.698491,8241.558564,7918.703453,7911.350896,9850.367,11514.41,15024.649,18059.121,19164.946,21723.249,26299.939,29929.089,33860.907,38873.866,37115.268,22722.0,25354.32,25498.912,27912.584,31678.811,32530.155,35626.12,37871.724,39408.163,35668.235,31650.87,31180.734,28840.0,30290.0,31760.0,35854.0,36150.0,36216.0,34860.0,39067.0,39221.0,40261.0,38616.0,37874.295599,36928.697658,36489.26875,35099.15799,27578.28929335697,27611.22175927543,27646.7547665366,27686.51546266986,27726.33692730225,27840.29618654165,27937.36247358367,28037.5287830309,28138.24835819997,28240.25304308586,28339.03286597979,28229.95619588292,28126.46112002432,28025.23648908367,27927.40494890037,27833.99544562401,27727.62945013078,27623.26115243717,27523.77914881884,27428.79334223957,27339.44309113608,27242.24634142716,27149.13968281989,27060.05926288605,26974.70860006855,26891.45823926297,26786.17803262618,26673.66248119464,26553.5032521722,26429.17456204917,26298.06585966054,26160.38294423596,26017.62877410015,25871.50842722709,25722.76378852149,25571.87084664864,25416.47262399737,25261.40382157531,25104.36381537929,24947.71631795507,24790.57700386257,24629.61445722246,24470.9388451865,24311.39307028892,24151.1155250444,23991.91337115883,23830.84353075083,23671.74946407642,23512.8494624035,23354.22140522785,23195.95168839658,23038.48301079461,22881.49594774583,22724.98991891209,22568.96067768374,22412.52538744646,22256.88600000717,22102.55429562739,21947.47362744758,21793.01913440359,21638.40591717657,21485.14909111831,21332.94295471425,21181.68098981336,21031.77494597336,20880.35337991379,20730.28234276501,20581.62659818435,20432.96095367804,20286.19495251028,20140.60149703901,19996.23165850294,19853.48797013239,19712.92763441815,19574.02670962537,19437.05487344559
Thailand,TH,THA,Population,,20689.48,21240.885,21814.278,22404.369,23022.306,23664.056,24330.473,25019.187,25714.823,26461.202,27242.292,28058.375,28903.705,29780.939,30683.342,31615.331,32556.811,33518.791,34486.33,35461.234,36447.582,37427.192,38440.667,39454.906,40450.877,41429.132,42363.876,43324.073,44253.878,45182.99,46117.053,47034.658,47954.496,48892.122,49811.294,50730.211,51625.456,52522.755,53416.435,54281.477,55195.181,56079.687,56977.982,57838.415,58683.293,59513.172,60326.956,61122.213,61923.048,62675.039,63340.591,63961.692,64571.181,65165.152,65738.942,66295.897,66839.477,67365.312,67874.349,68367.811,68791.084,69223.332,69648.864,70041.365,70391.368,70690.223,71029.46,71290.914,71461.243,71583.299,71699.668,71754.996,71715.662,71689.208,71646.814,71592.912,71526.317,71449.996,71363.992,71268.393,71161.651,71046.391,70918.187,70777.719,70625.588,70456.181,70276.807,70083.266,69874.807,69653.059,69416.945,69159.998,68890.703,68605.463,68307.597,67992.708,67661.914,67316.802,66956.674,66577.96,66187.51,65782.807,65362.71,64936.637,64497.408,64051.614,63596.669,63137.082,62674.735,62210.782,61743.256,61280.12,60815.183,60354.555,59895.792,59436.251,58985.179,58534.267,58083.812,57638.413,57194.03,56756.624,56321.545,55888.938,55458.97,55035.994,54615.657,54197.917,53782.724,53367.809,52958.267,52553.137,52147.208,51743.919,51341.273,50944.458,50551.18,50161.145,49775.353,49386.627,49002.938,48623.526,48244.831,47871.569,47501.912,47136.384,46775.514,46420.651,46070.477,45725.632
Timor-Leste,TL,TLS,Cement production,kt cement,,,,,,,,,,,,,,,,,,,,,,,,,,,,,,,,,,,,,,,,,,,,,,,,,,,,0.0,0.0,0.0,0.0,0.0,0.0,0.0,0.0,0.0,0.0,0.0,0.0,0.0,0.0,0.0,0.0,0.0,0.0,0.0,0.0,0.0,0.0,0.0,471.5739032311906,478.7170828787305,486.0465987609445,493.8401917476341,501.9138124996488,511.554138553003,523.5651776298298,535.0918264987142,546.299259895804,557.6168327832908,569.3777528843868,579.8892901251846,589.3988530117942,598.9388466943118,608.253639688416,617.8927628143296,628.580691682515,639.0973414470966,650.1375722082327,660.9924597444692,670.4972679958854,681.8452473900678,692.7628248378878,703.8445964279887,714.9741092710689,725.1440265024255,736.951500308989,746.1841722117808,755.8652114760679,766.1585118773063,773.5177134024889,783.0737095792084,792.7548945883107,801.2939449648856,809.3130422358994,816.6659497967354,823.5346911807875,829.3170084446342,835.3107231067906,841.6168034363136,847.3334446617289,853.0986350594076,859.1262947388816,864.2430595922086,869.137841525155,873.4826502574775,876.7588115924666,881.9544305222595,885.3324539958296,887.2419473764858,889.5115366933371,891.0617338394657,892.8394097763835,893.8535434543224,894.078699392372,895.6077102433017,895.6118959848341,895.1448156835316,895.0962415664471,893.8343856265119,892.2913550601131,890.873553468097,890.4513899566016,887.9691373056892,886.1181682596799,883.4470371329581,881.4278596047928,879.0963912022771,877.2767365672271,875.5635935501995,873.115128938539,870.1106908502694,867.1663371536392,864.7706632337397,862.2944314790798,860.5293883968344
Timor-Leste,TL,TLS,Population,,416.291,420.23,424.614,429.362,434.452,439.848,445.55,451.572,457.924,464.613,471.624,478.959,486.588,494.54,502.777,511.292,520.1,529.195,538.555,548.156,557.983,567.95,577.975,587.734,593.919,602.397,612.842,623.788,633.763,643.675,656.068,664.918,673.38,682.033,691.521,701.809,712.561,724.392,737.097,752.616,768.073,788.483,810.153,832.72,856.266,880.027,904.536,929.833,955.228,714.166,776.01,848.488,909.829,923.926,934.222,962.399,990.795,1018.983,1045.876,1071.688,1097.671,1122.744,1147.026,1170.364,1193.443,1216.82,1239.803,1263.603,1288.315,1313.574,1338.533,1361.744,1376.847,1391.725,1409.551,1427.484,1446.362,1466.306,1487.381,1508.837,1530.772,1550.54,1568.873,1587.36,1607.528,1630.068,1649.371,1669.289,1688.617,1709.157,1727.342,1745.601,1766.083,1786.047,1801.463,1817.803,1833.287,1849.822,1866.792,1880.897,1897.602,1908.018,1921.115,1937.081,1945.489,1958.098,1972.234,1984.167,1995.537,2005.848,2013.426,2019.082,2026.158,2034.768,2042.438,2049.389,2057.712,2064.291,2070.826,2076.424,2078.874,2086.641,2090.298,2090.71,2092.372,2092.046,2092.651,2091.718,2089.162,2090.024,2087.114,2083.333,2080.79,2075.548,2069.827,2064.37,2061.463,2053.83,2047.846,2040.06,2033.8,2026.935,2021.39,2016.197,2009.373,2001.246,1993.354,1986.827,1980.186,1975.268
Togo,TG,TGO,Cement production,kt cement,0.0,0.0,0.0,0.0,0.0,0.0,0.0,0.0,0.0,0.0,0.0,0.0,0.0,0.0,0.0,0.0,0.0,0.0,0.0,0.0,0.0,117.640906,117.640906,132.346019,0.0,0.0,0.0,0.0,0.0,301.45482,286.749707,279.397151,235.281811,242.634368,286.749707,345.57016,367.62783,374.980386,389.6855,399.0,388.0,350.0,350.0,286.0,350.0,413.0,421.0,500.0,600.0,700.0,800.0,800.0,800.0,800.0,800.0,800.0,996.0,1265.0,1179.0,1185.0,1200.0,1605.0,1800.0,1700.0,1460.0,1470.0,1370.0,1111.0,1650.0,1550.0,1650.0,1700.0,1700.0,1700.0,2021.82486793718,2098.403575749282,2182.296648484725,2266.064594560764,2350.517205582102,2430.313622332194,2504.905985041353,2574.480872222135,2640.13408909452,2702.605631017067,2762.431686495305,2838.645828389277,2911.291704373942,2981.242984131863,3049.066932186752,3115.326581978917,3168.365890605289,3221.005120173024,3273.979035908962,3328.024387673051,3383.062089383673,3426.727140441749,3472.274546976512,3519.189747037485,3567.869021997379,3618.25208360869,3737.675451014964,3854.665851391675,3968.050140561272,4078.463247378606,4186.546031115666,4308.766176794236,4426.439522007277,4540.889025687105,4652.077205765665,4760.376970116192,4880.833696940671,4998.774305682933,5114.631290310555,5229.308872939318,5341.025869336522,5462.741509948944,5582.651635617038,5699.525165514015,5815.47288814363,5928.366908081274,6048.291381161455,6165.869368775215,6281.009288207124,6395.002737203621,6506.904467564077,6626.000966538956,6740.972166389337,6851.875518012398,6960.146669374986,7069.89236511189,7184.414330291495,7296.213074159301,7404.466869965219,7510.183857998211,7612.698913381992,7719.095468520847,7824.070016077596,7922.025344782168,8020.522993388954,8116.268577431066,8213.89214636616,8310.126582138379,8402.306795632401,8491.407760283088,8582.643279645104,8672.524418975105,8761.210465405165,8847.654848074359,8931.671784201011,9014.46008568705
Togo,TG,TGO,Population,,1411.805,1436.989,1462.858,1489.284,1516.237,1543.655,1571.616,1600.14,1629.13,1658.385,1687.835,1717.599,1748.32,1781.823,1825.058,1882.484,1954.542,2037.238,2123.213,2206.415,2283.132,2352.82,2417.169,2480.329,2543.192,2606.053,2669.538,2734.251,2802.044,2877.664,2964.123,3061.962,3168.122,3277.676,3387.998,3494.185,3601.719,3713.298,3826.186,3940.636,4056.886,4174.235,4292.999,4121.908,4323.971,4497.693,4658.027,4792.033,4929.792,5070.746,5209.327,5345.437,5481.11,5623.223,5769.793,5919.469,6101.868,6274.82,6462.804,6640.927,6824.253,7008.695,7192.777,7378.107,7566.794,7759.597,7956.981,8157.298,8360.258,8565.878,8773.563,8983.194,9196.283,9412.392,9618.079,9825.136,10036.701,10249.292,10463.699,10681.222,10904.772,11132.3,11361.222,11590.742,11820.911,12054.457,12286.559,12522.135,12760.138,13002.415,13240.288,13483.232,13726.721,13975.683,14223.616,14471.407,14719.092,14964.248,15211.86,15463.023,15706.532,15956.201,16200.393,16441.981,16683.713,16933.032,17174.514,17414.666,17651.477,17885.726,18125.153,18364.34,18604.278,18848.529,19086.716,19324.769,19565.881,19802.714,20044.615,20280.421,20509.862,20739.219,20967.073,21198.36,21428.037,21659.863,21882.943,22097.044,22307.746,22531.413,22753.324,22971.781,23182.975,23390.516,23591.4,23791.269,23992.27,24172.679,24360.88,24543.996,24721.946,24901.097,25071.614,25236.721,25414.571,25578.776,25744.309,25907.077,26066.111,26225.213
Tonga,TO,TON,Cement production,kt cement,0.0,0.0,0.0,0.0,0.0,0.0,0.0,0.0,0.0,0.0,0.0,0.0,0.0,0.0,0.0,0.0,0.0,0.0,0.0,0.0,0.0,0.0,0.0,0.0,0.0,0.0,0.0,0.0,0.0,0.0,0.0,0.0,0.0,0.0,0.0,0.0,0.0,0.0,0.0,0.0,0.0,0.0,0.0,0.0,0.0,0.0,0.0,0.0,0.0,0.0,0.0,0.0,0.0,0.0,0.0,0.0,0.0,0.0,0.0,0.0,0.0,0.0,0.0,0.0,0.0,0.0,0.0,0.0,0.0,0.0,0.0,0.0,0.0,0.0,27.75449856802657,27.90374584175469,27.96345972743371,27.97305378892178,27.94259172026838,27.9470607377916,28.15228786772212,28.34252305125306,28.52709432010669,28.70178479007324,28.8742487692125,29.09691379649102,29.30803957747348,29.5145403075264,29.71830051898977,29.90562270010485,30.16479997706281,30.40695998923902,30.63027821173197,30.84624472840563,31.05775557280069,31.32044351817539,31.55965149642524,31.77579300344118,31.97049079847489,32.14884334243536,32.66971835320453,33.15795637739586,33.61930413310979,34.06311052258712,34.49188326861638,34.98133067595123,35.45009740039884,35.90701802092779,36.34868940150413,36.78013932729317,37.26900505124415,37.74659683724737,38.20883818230192,38.66017988590235,39.10056906216408,39.57293825399238,40.04354549689967,40.49674731961414,40.93662078069367,41.35805535861981,41.81515911967628,42.26456097759612,42.70003488030307,43.11540922144486,43.51788538230464,43.94244737225412,44.36111798682882,44.75390839855683,45.13582384942986,45.50289036489536,45.88119861440497,46.23269447721462,46.57293747507619,46.90068253321706,47.20073366626347,47.50587014732903,47.78890214901077,48.06615336209927,48.33157928053692,48.57158853461419,48.81781447331136,49.04216382648851,49.25519809870922,49.44950606167712,49.63869419358537,49.83016377376799,49.99486244368003,50.1537854642304,50.31149360893899,50.45323806738038
Tonga,TO,TON,Population,,50.278,51.624,53.092,54.67,56.361,58.152,60.045,61.716,63.455,65.244,67.096,68.978,70.902,72.868,74.889,76.96,79.045,80.582,82.123,83.646,85.157,86.635,88.077,89.532,91.835,94.2,96.45,97.0,97.409,97.68,97.859,97.958,98.001,97.995,97.984,97.983,98.037,98.714,99.224,99.582,99.817,99.974,100.071,100.135,100.197,100.252,100.299,101.048,101.727,102.365,102.99,103.587,104.16,104.768,105.374,105.968,106.538,106.914,107.126,107.279,107.52,107.619,107.3,106.855,106.363,105.827,105.221,105.49,105.643,105.696,105.711,105.268,104.816,104.379,103.972,103.512,103.07,102.722,102.408,102.154,101.99,101.859,101.817,101.797,101.806,101.853,101.933,102.061,102.288,102.455,102.675,102.92,103.163,103.444,103.778,104.083,104.385,104.619,104.868,105.077,105.312,105.52,105.72,105.933,106.15,106.366,106.581,106.826,107.079,107.355,107.635,107.949,108.273,108.618,108.978,109.304,109.689,110.069,110.454,110.822,111.21,111.624,112.038,112.428,112.815,113.196,113.601,113.963,114.327,114.678,115.007,115.297,115.592,115.885,116.129,116.346,116.535,116.74,116.941,117.098,117.243,117.357,117.467,117.551,117.644,117.722,117.753,117.791,117.846,117.878
Trinidad and Tobago,TT,TTO,Cement production,kt cement,0.0,0.0,0.0,22.05767,125.161917,139.521068,132.157223,146.896341,176.461358,176.71237,95.583236,161.756245,161.756245,176.461358,191.031657,213.224141,191.166471,213.224141,242.634368,272.155497,257.339481,286.749707,249.986924,242.634368,257.339481,235.281811,213.272491,220.576698,213.270901,183.774128,139.728261,191.204522,389.6855,404.390613,330.865047,323.580742,323.51249,360.358555,382.246108,438.0,485.0,482.0,528.0,583.0,559.0,617.0,653.0,690.0,688.0,743.0,697.0,744.0,765.6,768.4,686.4,883.0,901.8,958.0,870.0,791.0,827.0,654.0,802.0,837.0,840.0,721.0,670.0,663.0,678.0,632.0,723.0,707.0,707.0,707.0,664.2901253280676,662.5470598502768,662.0600822419476,662.3499362306823,662.685027062759,661.8637328803337,658.457399130352,655.2897417755098,652.3063489125581,649.5396121416223,646.9737027465908,638.5548782017869,630.6407435382619,623.1819223862555,616.1480512118997,609.4747432765773,602.2618379827901,595.4631852034943,589.0451014449696,582.9524582928559,577.1738168191544,571.2536177897993,565.6778110505514,560.360940737017,555.2971288910194,550.4573349283121,548.9474563027852,547.2762591683296,545.4682507689807,543.5262638734978,541.4213742197925,539.3437375125887,537.1316979698806,534.758970280606,532.2663181508958,529.6152368399894,526.9175824686902,524.0704940047668,521.0895444329861,517.970773347386,514.7117797662697,511.3527969318752,507.9042815257361,504.3676661440087,500.7179206036899,496.9954018889958,493.2323979087251,489.4280446090081,485.5730376665886,481.7212092715344,477.8491013284489,473.9892236380346,470.1430112906256,466.2997774516911,462.5026804558083,458.7299236437816,455.0449724039128,451.3714630750699,447.7576326180426,444.1778865772811,440.6542399060501,437.1917386111195,433.756185485832,430.3513767666633,426.9781913661589,423.6012216437033,420.2671978430666,416.9355848774337,413.6322127173592,410.3251766575915,407.034871814607,403.7358534789224,400.4554559550132,397.185247077324,393.9224675610664,390.650964359258
Trinidad and Tobago,TT,TTO,Population,,657.056,674.404,692.459,711.26,731.05,751.418,771.956,793.046,814.632,835.403,854.484,871.803,888.586,905.023,920.903,935.947,949.926,962.91,975.102,986.31,996.631,1008.539,1021.303,1034.4,1047.121,1059.818,1072.803,1086.306,1100.455,1114.824,1128.664,1141.601,1154.253,1166.814,1179.153,1195.578,1210.671,1224.057,1236.08,1247.119,1257.298,1267.045,1276.302,1284.631,1292.052,1298.287,1303.568,1308.105,1312.344,1317.073,1322.476,1328.658,1335.363,1342.056,1348.704,1355.365,1362.031,1368.722,1375.447,1382.665,1390.643,1399.323,1408.295,1417.011,1425.252,1433.125,1440.927,1449.594,1491.443,1478.345,1483.702,1491.733,1500.11,1505.755,1509.808,1512.502,1514.034,1514.538,1514.212,1513.134,1511.509,1509.358,1506.627,1503.494,1499.871,1495.84,1491.41,1486.595,1481.443,1475.884,1470.003,1463.771,1457.244,1450.384,1443.281,1435.889,1428.301,1420.428,1412.355,1404.04,1395.56,1386.829,1377.915,1368.821,1359.458,1349.926,1340.239,1330.315,1320.264,1309.971,1299.518,1288.86,1278.034,1267.023,1255.815,1244.457,1233.034,1221.543,1209.911,1198.24,1186.571,1174.937,1163.307,1151.815,1140.393,1129.07,1117.897,1106.84,1096.003,1085.324,1074.895,1064.586,1054.513,1044.606,1034.915,1025.386,1015.997,1006.753,997.652,988.603,979.676,970.814,962.077,953.384,944.782,936.182,927.675,919.238,910.862,902.506
Tunisia,TN,TUN,Cement production,kt cement,183.813915,205.871585,227.929254,287.498401,382.332943,360.275273,404.390613,344.697508,440.13925,405.251018,330.865047,361.012032,360.275273,455.858509,456.537881,477.916179,470.563622,506.809779,602.337077,544.622609,580.346882,625.451406,522.031518,536.736631,617.614754,478.216001,573.499414,882.306791,1382.28064,1779.318696,2021.953064,1780.00384,2852.791959,2779.266393,3058.663544,2986.04559,3404.233704,3227.772345,3263.630825,3300.0,4009.0,3999.0,4269.0,4606.0,4938.0,4567.0,4424.0,4588.0,4864.0,5657.0,5721.0,6022.0,6038.0,6661.5,6691.0,6932.0,7052.0,7559.0,7514.0,8070.0,7055.0,7241.0,7504.0,9127.0,9507.0,8992.0,8104.0,7822.0,8096.0,7161.0,8499.0,7889.0,7889.0,7889.0,7575.821707607214,7567.230669735874,7557.440895841989,7541.811149237162,7524.437850504496,7507.551924714305,7475.995275546071,7448.585776950011,7424.559604652535,7403.957762301398,7384.279866612866,7358.58829793906,7337.25549406894,7318.484647874438,7302.094811569894,7287.965148693743,7267.863808117538,7251.038118092045,7238.16080556825,7228.162886126524,7220.693286256143,7208.710270949634,7199.584850426057,7192.836380353036,7186.966653030643,7182.352181165325,7178.829871210128,7172.802577708224,7164.670220555115,7154.698747522601,7141.546688998097,7125.518675507051,7106.864068801931,7086.273714180784,7064.230748458092,7040.766496311474,7013.81128704126,6986.101236071957,6956.976612745316,6926.903337468224,6896.228390045919,6863.440900575104,6830.699863304519,6797.232982675261,6763.328215289596,6728.994874741996,6694.536370817986,6659.830185899641,6625.900988141284,6591.299126041128,6557.570948384917,6523.313188453997,6489.834078227751,6455.303641345919,6419.780301424719,6384.527032258771,6349.649016110624,6315.527083378433,6280.440024958365,6245.012398958649,6209.744185779105,6174.058636174186,6137.302053118374,6100.314096839915,6063.380581528369,6025.369497563305,5986.835213792751,5947.732924849741,5908.077894129836,5867.835587506312,5826.610724311457,5785.160454902306,5743.140797803626,5701.634622515853,5659.07786839053,5615.823466394563
Tunisia,TN,TUN,Population,,3644.879,3719.321,3797.049,3877.749,3961.301,4048.957,4116.245,4156.968,4198.466,4243.344,4291.231,4341.324,4396.949,4457.313,4522.426,4600.344,4704.23,4817.709,4942.088,5067.306,5195.487,5327.828,5465.286,5609.198,5760.15,5918.374,6075.614,6236.247,6382.533,6530.305,6682.085,6834.484,6982.801,7124.799,7315.29,7504.516,7696.087,7883.887,8064.994,8238.326,8410.692,8592.962,8772.061,8943.759,9093.137,9229.38,9359.484,9483.055,9600.279,9711.648,9818.223,9921.132,10021.899,10121.365,10210.961,10299.984,10392.836,10490.569,10594.701,10706.66,10825.3,10946.771,11072.522,11210.199,11338.377,11466.151,11591.196,11709.801,11821.228,11928.934,12019.18,12078.065,12160.602,12240.26,12313.958,12383.188,12447.089,12505.106,12558.878,12606.538,12649.746,12690.096,12728.202,12764.856,12797.164,12827.373,12857.609,12886.512,12913.865,12940.746,12966.983,12992.403,13018.069,13042.537,13065.666,13086.512,13104.977,13121.467,13133.862,13142.428,13147.854,13148.469,13144.992,13137.905,13124.826,13107.597,13085.29,13059.147,13030.042,12998.042,12960.485,12921.177,12878.949,12834.65,12788.917,12739.808,12690.407,12639.338,12587.134,12533.825,12480.381,12426.16,12373.033,12318.386,12265.037,12210.686,12157.473,12102.08,12044.619,11987.399,11930.854,11875.446,11818.04,11759.783,11701.597,11642.657,11581.534,11519.772,11457.902,11393.85,11328.817,11262.536,11195.039,11126.266,11055.491,10984.195,10911.661,10839.894,10766.007,10690.654
Turkmenistan,TM,TKM,Cement production,kt cement,135.490455,154.339814,174.930955,208.404914,247.05689,273.514175,318.34764,367.435357,428.428259,503.487387,563.270441,635.684555,677.506014,721.969343,805.92197,891.731095,946.08062,978.133152,1004.99947,1067.362832,1129.59423,1179.80291,1244.385358,1314.63744,1399.991565,1414.231515,1435.234464,1423.027538,1368.232048,1379.924394,1402.853269,1363.978586,1412.837546,1434.275107,1440.225729,1485.240409,1506.888625,1526.328988,1532.981077,1492.019231,1405.07238,1100.0,1100.0,700.0,437.0,451.0,450.0,450.0,450.0,450.0,450.0,450.0,450.0,550.0,650.0,920.6,941.0,1025.0,1100.0,1150.0,1950.0,2370.0,2650.0,2900.0,3300.0,3500.0,3600.0,2700.0,2400.0,1900.0,2000.0,2100.0,2100.0,2100.0,2281.616866916644,2331.098905706011,2376.85222856436,2423.073160715867,2469.262592953113,2511.018195645649,2558.986412163667,2606.925512747176,2654.266610259146,2701.376514277862,2748.456644113334,2782.821404937758,2817.15820829033,2851.488220094362,2885.54874339668,2919.490184844477,2950.523852279269,2981.458064312883,3012.002346513627,3042.458090979424,3072.537227692314,3103.011090398888,3133.214578379033,3163.254192106131,3193.172526797111,3222.995958789292,3259.861425744883,3295.852313886689,3330.974556915925,3365.240738143385,3398.529552095559,3434.604242430456,3469.678082579317,3503.819527137427,3537.048952725033,3569.28929310704,3603.67967690093,3637.203743949684,3669.85361076754,3701.649454647184,3732.621910807622,3763.744377161268,3794.13710079626,3823.754976641085,3852.582481399166,3880.667537292404,3908.234314587916,3935.052335192639,3961.069264658107,3986.165453401185,4010.385752374172,4035.076852979077,4058.779409448188,4081.513995470998,4103.333918732581,4124.132096094186,4145.595569396015,4166.076612603393,4185.528654505557,4204.257277134995,4222.112583307234,4241.060749499054,4259.090676130907,4276.172973899102,4292.399784910195,4307.835526913864,4323.946105687879,4339.268860465197,4353.601333455049,4366.997887026148,4379.503912091098,4392.144123669608,4403.93593779066,4414.712292806234,4424.530736358359,4433.429054966005
Turkmenistan,TM,TKM,Population,,1281.18,1306.971,1334.099,1365.254,1399.466,1436.861,1477.551,1521.565,1568.81,1618.031,1668.882,1721.919,1776.508,1832.036,1887.958,1943.873,1999.601,2055.206,2110.932,2167.116,2224.116,2282.123,2340.737,2401.102,2462.953,2526.186,2590.857,2657.04,2725.136,2795.581,2868.825,2945.549,3025.566,3109.502,3198.657,3296.41,3399.207,3506.254,3612.471,3712.448,3808.676,3903.111,3986.266,4078.549,4154.775,4227.632,4300.006,4373.454,4447.559,4536.781,4628.573,4722.246,4816.684,4911.047,5005.139,5099.375,5194.836,5293.256,5396.802,5506.382,5622.33,5744.504,5872.587,6006.095,6144.471,6287.069,6433.013,6581.109,6729.939,6877.95,7021.874,7162.213,7298.173,7430.703,7558.294,7679.401,7793.862,7901.246,8001.329,8093.539,8177.919,8259.998,8340.508,8420.193,8499.263,8578.074,8657.044,8735.85,8814.55,8893.128,8971.335,9049.208,9126.116,9201.986,9276.552,9349.091,9419.272,9486.502,9550.605,9611.198,9668.217,9721.448,9771.044,9817.19,9859.286,9898.399,9934.259,9967.333,9997.797,10025.299,10050.64,10074.411,10096.559,10117.175,10136.396,10154.186,10171.195,10187.165,10201.991,10215.859,10228.801,10240.733,10251.404,10260.297,10267.605,10273.772,10278.125,10280.75,10281.857,10281.028,10278.345,10274.215,10268.445,10261.611,10253.157,10243.15,10231.659,10218.574,10204.213,10188.787,10171.699,10153.786,10134.343,10113.543,10091.524,10067.902,10043.352,10017.318,9989.973,9961.423
Turks and Caicos Islands,TC,TCA,Cement production,kt cement,,,,,,,,,,,,,,,,,,,,,,,,,,,,,,,,,,,,,,,,0.0,0.0,0.0,0.0,0.0,0.0,0.0,0.0,0.0,0.0,0.0,0.0,0.0,0.0,0.0,0.0,0.0,0.0,0.0,0.0,0.0,0.0,0.0,0.0,0.0,0.0,0.0,0.0,0.0,0.0,0.0,0.0,0.0,0.0,0.0,12.44573754231817,12.45068906365892,12.44429196857713,12.44567504667192,12.45641207172852,12.47988013701612,12.45673737544981,12.44090043578291,12.43073459278324,12.42753973943758,12.42410610197504,12.31267786165744,12.20681663714201,12.10623592827545,12.01385206342367,11.92849384113963,11.82007236054854,11.72326937839388,11.63951488275858,11.55924822978339,11.47819651620812,11.39509098253943,11.3121801691925,11.23778037203632,11.1657087502921,11.09487056273485,11.08921446511655,11.07724964323167,11.0500568662206,11.03265348893351,11.01002909846029,10.97500480167003,10.93497703390973,10.89407909728507,10.84926540077082,10.80510433090483,10.75963800774231,10.70503491150407,10.64629851316015,10.59082524805756,10.53665723625149,10.47008931812838,10.41287571529708,10.35783753462666,10.29649062968968,10.23775423134575,10.17880029078574,10.11897618136138,10.05327843210262,9.986928056195595,9.920795222504658,9.851399255572394,9.78526642188146,9.718916045974435,9.652565670067412,9.59208893399478,9.529219233545176,9.463303942070326,9.3989114461081,9.337129456738937,9.279480769475457,9.222267166644155,9.161355346139347,9.1050119121724,9.045840429396298,8.986886488836285,8.931195681517604,8.875939958631099,8.818508813583707,8.767168850586797,8.712783296564648,8.656874947029873,8.602271850791636,8.547016127905131,8.493065658315155,8.439767815373449
Turks and Caicos Islands,TC,TCA,Population,,5.062,5.042,4.99,4.981,5.075,5.194,5.307,5.409,5.482,5.586,5.613,5.63,5.641,5.653,5.662,5.654,5.653,5.662,5.65,5.655,5.678,5.83,6.0,6.179,6.367,6.559,6.761,6.967,7.2,7.412,7.715,8.101,8.492,8.901,9.314,9.729,10.154,10.569,10.982,11.404,11.971,12.638,13.301,13.994,14.693,15.41,16.121,16.843,17.582,18.336,19.123,20.03,21.164,22.291,23.421,24.554,25.693,26.846,28.009,29.168,30.31,31.382,32.872,34.434,35.666,37.544,39.086,40.739,42.378,43.953,44.818,45.669,46.026,46.37,46.699,47.01,47.286,47.57,47.862,48.126,48.39,48.65,48.902,49.153,49.373,49.615,49.83,50.02,50.2,50.368,50.481,50.597,50.726,50.83,50.893,50.96,50.987,51.016,51.022,51.001,50.975,50.92,50.795,50.715,50.611,50.45,50.266,50.078,49.872,49.669,49.46,49.209,48.939,48.684,48.435,48.129,47.866,47.613,47.331,47.061,46.79,46.515,46.213,45.908,45.604,45.285,44.981,44.676,44.371,44.093,43.804,43.501,43.205,42.921,42.656,42.393,42.113,41.854,41.582,41.311,41.055,40.801,40.537,40.301,40.051,39.794,39.543,39.289,39.041,38.796
Tuvalu,TV,TUV,Cement production,kt cement,,,,,,,,,,,,,,,,,,,,,,,,,,,,,,,,,,,,,,,,0.0,0.0,0.0,0.0,0.0,0.0,0.0,0.0,0.0,0.0,0.0,0.0,0.0,0.0,0.0,0.0,0.0,0.0,0.0,0.0,0.0,0.0,0.0,0.0,0.0,0.0,0.0,0.0,0.0,0.0,0.0,0.0,0.0,0.0,0.0,2.497301024627506,2.438027308101586,2.387448654388041,2.342435384716503,2.303209735215145,2.267495916988058,2.23173142886313,2.204306690566826,2.179404092695703,2.158424994145914,2.142366177853538,2.120754164173564,2.101727082079956,2.086996474369457,2.075678559325033,2.067853930347522,2.055485791865853,2.046130375896187,2.040550783844589,2.035785203748637,2.03103379192363,2.023943774019777,2.018727610833775,2.016976089219867,2.013068526100943,2.0101437562686,2.023547464122259,2.038394648206311,2.050148668939519,2.064377220353401,2.076337451976666,2.089534948940267,2.103351078574038,2.114280255747021,2.127271541820567,2.141706304124506,2.153460324857714,2.167895087161654,2.179855318784917,2.193052815748519,2.206662734492233,2.218004333445329,2.231408041298987,2.245430381822814,2.259658933236698,2.274093695540636,2.286260138053957,2.301725954808178,2.313892397321499,2.329770635855831,2.34317434370949,2.354928364442697,2.366888596065962,2.379261249469339,2.389571793972153,2.401119603815304,2.41411088988885,2.422359325491101,2.430813971983408,2.438856196695603,2.447929475858079,2.456384122350387,2.463601503502356,2.469169197533875,2.476592789575902,2.483191538057703,2.489584075649447,2.495151769680967,2.501338096382656,2.505462314183781,2.509174110204793,2.512267273555638,2.517010124026932,2.521546763608171,2.525877192299352,2.527320668529746
Tuvalu,TV,TUV,Population,,4.871,4.98,5.119,5.231,5.307,5.364,5.414,5.463,5.531,5.574,5.623,5.673,5.726,5.776,5.728,5.703,5.668,5.637,5.61,5.652,5.674,5.696,5.689,5.674,5.97,6.263,6.546,6.825,7.09,7.277,7.455,7.597,7.73,7.848,7.956,8.137,8.298,8.444,8.592,8.733,8.863,8.993,9.083,9.168,9.247,9.312,9.372,9.429,9.473,9.519,9.569,9.604,9.641,9.75,9.882,9.997,10.114,10.25,10.392,10.531,10.697,10.862,11.007,10.994,10.974,10.952,10.907,10.831,10.67,10.492,10.307,10.08,9.904,9.727,9.564,9.42,9.304,9.209,9.133,9.073,9.022,8.998,8.978,8.969,8.976,8.985,9.0,9.028,9.068,9.119,9.161,9.213,9.279,9.345,9.408,9.469,9.536,9.614,9.681,9.748,9.813,9.885,9.942,10.011,10.069,10.133,10.2,10.253,10.316,10.386,10.443,10.513,10.571,10.635,10.701,10.756,10.821,10.889,10.958,11.028,11.087,11.162,11.221,11.298,11.363,11.42,11.478,11.538,11.588,11.644,11.707,11.747,11.788,11.827,11.871,11.912,11.947,11.974,12.01,12.042,12.073,12.1,12.13,12.15,12.168,12.183,12.206,12.228,12.249,12.256
Türkiye,TR,TUR,Cement production,kt cement,396.895288,455.858509,529.384075,706.037971,823.707885,970.537471,1264.639734,1514.972701,1734.833771,2036.658177,2029.30562,2323.407884,2698.38827,2941.022638,3330.26226,3867.444769,4249.3129,4727.216539,5793.267184,6374.666568,7543.723067,8425.45619,8948.061376,8933.356263,10690.617289,12344.942523,13830.158955,15344.785614,13778.691059,12874.326598,15043.330793,15779.251627,13594.326566,15733.868837,17579.962819,19998.953939,21976.171322,22675.284539,23792.873142,24500.0,26091.0,28607.0,31241.0,29493.0,33153.0,35214.0,36035.0,38200.0,34258.0,35825.0,30125.0,32577.0,35076.902,38795.797,42786.835,47499.159,49552.551,51432.0,53973.0,62737.0,63405.0,63879.0,71337.0,71239.0,71419.0,75403.0,80552.257,72544.43,56966.272,72299.053854,77384.841996,74730.42,80876.071,84663.621,71298.63106809826,71130.31368316365,70894.22391257614,70652.40154180663,70399.62049975176,70176.93416915312,69990.87365930172,69810.69201076022,69639.04511070566,69485.84831947723,69346.65667305203,69017.28373936373,68705.99279756549,68407.14764734055,68115.80271029063,67837.00934977872,67591.65130432398,67355.07538523749,67126.6157021135,66901.16178314188,66680.12615029242,66476.59593721018,66281.97550780939,66082.89827300671,65880.66688845561,65673.5064493548,65311.49824845007,64935.6202180213,64536.06675771109,64124.37881785964,63692.71254970202,63265.46166675802,62807.35665920962,62336.16336165434,61860.75271176341,61368.40840907674,60900.2115805575,60425.58940663222,59939.43188001354,59449.34938454867,58952.10073064907,58474.84062129228,57996.86929308714,57519.85169915405,57034.69855421638,56543.10251430536,56059.14559202917,55571.83748104825,55077.4721104204,54582.83913628418,54075.10971876964,53582.66144159379,53083.89135388852,52586.33850320386,52087.95100483548,51588.71782210686,51089.51478713158,50591.5335934378,50086.39577084628,49583.22065061844,49082.92945908178,48576.25501662587,48071.24727011134,47569.47466935164,47062.61164784923,46554.19214841446,46045.22291624266,45542.90518419536,45044.36880248686,44544.36999183179,44055.83113689966,43573.22139229367,43094.99745653151,42615.59839523408,42143.5994983824,41668.24587893776
Türkiye,TR,TUR,Population,,21326.942,21960.819,22619.365,23297.731,23974.487,24646.534,25468.669,26293.159,27116.765,27935.918,28723.879,29514.597,30317.697,31135.985,31950.16,32740.28,33615.064,34485.779,35357.589,36217.959,37058.97,37978.252,38882.19,39776.876,40643.591,41462.662,42337.307,43209.289,44081.323,44939.536,45878.095,46764.286,47879.906,49014.915,50133.224,51241.006,52314.538,53372.802,54446.451,55506.995,56524.26,57495.515,58484.72,59513.614,60554.057,61494.948,62407.319,63298.613,64170.153,65013.692,65838.231,66652.025,67445.566,68217.893,68967.341,69691.772,70398.927,71102.245,72022.432,72907.264,73786.274,74644.132,75750.265,77055.797,79016.511,81011.941,82292.236,83875.088,84956.849,85758.495,86424.888,86947.617,87169.328,87371.675,87575.935,87794.917,88057.247,88339.651,88621.127,88889.748,89165.335,89420.628,89656.094,89881.582,90089.245,90287.869,90481.159,90658.851,90811.765,90950.741,91068.62,91171.256,91261.861,91327.513,91379.104,91405.966,91431.523,91423.011,91385.319,91311.298,91204.824,91076.002,90913.745,90730.89,90518.492,90284.634,90009.352,89712.581,89396.049,89045.17,88681.382,88298.498,87890.489,87466.544,87022.885,86564.441,86096.956,85622.662,85130.341,84622.102,84095.025,83557.576,83005.024,82446.095,81864.22,81280.828,80684.382,80084.764,79479.342,78868.148,78243.183,77615.869,76974.981,76332.779,75690.59,75030.843,74369.818,73709.73,73039.178,72363.009,71679.534,71002.106,70326.834,69646.436,68979.128,68314.737,67653.876,66988.713,66331.492,65666.935
Uganda,UG,UGA,Cement production,kt cement,0.0,0.0,22.05767,44.11534,51.467896,58.820453,88.230679,102.935792,80.878123,73.525566,66.173009,58.820453,51.467896,73.525566,132.346019,117.640906,139.698575,154.403688,176.461358,191.166471,205.871585,169.108802,139.698575,154.403688,95.583236,88.230679,80.878123,80.878123,51.467896,7.352557,7.352557,14.705113,22.05767,22.05767,22.05767,14.705113,7.352557,14.705113,14.705113,27.0,50.0,50.0,50.0,36.0,85.0,250.0,290.0,321.0,347.0,367.0,431.0,506.0,507.068,558.988,630.0,630.0,650.0,1193.0,1162.241,1347.0,1666.0,1780.0,2023.0,2141.0,2331.0,2494.0,2511.0,2557.0,3072.0,3738.0,4605.0,4400.0,4400.0,4400.0,5353.402410711076,5952.025476464787,6230.535326217749,6505.991524052275,6780.853171376102,7082.056477636548,7382.582087411837,7679.866346365497,7975.276268956899,8269.460581308369,8562.570643525954,8917.642728665178,9274.370001142115,9632.308339424939,9991.997292926833,10353.28308954678,10715.15436796452,11081.29850237233,11451.27677082813,11824.20305744628,12191.8205649967,12561.54076598118,12923.26526750533,13277.88753150763,13626.14326214042,13968.17648463374,14620.44244152629,15250.35691557173,15859.57761265527,16449.30323528996,17020.34570727455,17680.00696091386,18311.52227930237,18917.29825746545,19501.19655195,20070.18085941825,20723.76029642268,21357.69655942664,21971.38349473899,22565.56597788596,23142.37741224195,23786.64211010744,24407.68637600137,25005.66021894174,25582.38130382754,26138.00509156122,26751.50691214421,27337.43927104789,27900.40425630041,28438.94124192575,28957.2425255659,29516.78488553868,30050.97192249425,30561.38563877022,31054.94594241759,31527.17050555936,32038.75424673204,32526.29861710151,32995.13919285304,33444.37953807171,33872.53572288193,34327.24811881684,34760.37603935249,35175.68067389749,35570.3919012461,35947.25932853889,36341.96591456013,36713.66752206352,37067.39870312077,37400.50589265371,37712.40458711632,38041.34530717867,38344.36534044234,38629.34109454266,38895.78552811617,39148.35847808643
Uganda,UG,UGA,Population,,5829.863,5992.466,6161.614,6337.256,6519.5,6708.039,6902.879,7104.888,7314.626,7532.226,7749.72,7974.713,8209.749,8457.576,8715.15,8983.257,9262.472,9555.375,9861.89,10167.825,10475.382,10761.03,11010.562,11277.909,11571.783,11878.697,12195.892,12523.446,12860.78,13143.545,13407.937,13704.967,14042.295,14401.468,14813.887,15233.474,15701.684,16206.656,16734.31,17287.086,17852.709,18459.094,19110.97,19779.351,20438.251,20893.084,21570.015,22142.076,22889.537,23625.024,24375.276,25116.075,25949.665,26754.583,27554.447,28372.131,29215.876,30090.985,30988.12,31914.182,32867.421,33841.666,34833.209,35840.875,36950.202,38112.689,39485.615,40869.161,42262.501,43736.774,45177.531,46644.329,47981.11,49332.093,50698.092,52071.696,53451.243,54837.302,56227.814,57617.766,59008.113,60398.956,61779.156,63149.059,64518.678,65892.47,67254.996,68630.267,69994.148,71345.601,72695.236,74050.07,75409.938,76772.042,78127.0,79468.984,80809.366,82147.638,83476.551,84783.555,86078.849,87358.835,88630.621,89888.331,91123.452,92334.841,93526.893,94703.28,95860.32,96991.943,98092.679,99188.601,100258.463,101299.083,102321.264,103308.809,104279.094,105220.805,106138.185,107023.896,107899.037,108735.506,109554.005,110335.82,111099.685,111841.749,112560.299,113237.611,113897.255,114510.704,115113.655,115673.468,116212.979,116723.156,117193.232,117628.134,118034.373,118425.009,118783.227,119118.23,119417.127,119679.838,119924.515,120136.472,120310.719,120478.791,120596.605,120693.313,120764.139,120824.718
Ukraine,UA,UKR,Cement production,kt cement,2012.919723,2291.183456,2594.856389,3089.014994,3659.10661,4047.851671,4707.753034,5429.513179,6325.962124,7428.587222,8304.32551,9364.820354,9973.370405,10619.869195,11845.83378,13097.228018,13885.037904,14344.682963,14727.650327,15629.85562,16472.687035,17134.046803,17997.956817,18936.572405,20084.314263,20454.915872,20930.079284,20924.62975,20287.415487,20633.418354,20994.355896,20430.179634,21180.250841,21520.159351,21628.064159,22367.81659,22758.829884,23118.575103,23286.061983,22729.1,21744.5,20100.0,15000.0,11400.0,7600.0,5017.0,5098.0,5591.0,5828.0,5311.0,5800.0,7142.0,8923.0,10635.0,12183.0,13732.0,15000.0,14918.0,9496.0,9457.0,10515.0,9843.0,9857.0,8636.0,8511.0,9023.0,9003.0,8926.866157,8921.6,9534.239147,10780.5,5400.0,5400.0,5400.0,4680.191685781509,4948.37341353227,5205.929698962859,5467.526955170108,5738.515546596695,6018.351110214105,6317.981122816141,6621.50362107998,6922.868690240531,7210.792359648094,7485.240945463549,7717.694136399306,7934.145889440484,8135.261133371685,8321.996750831277,8494.110656210461,8647.009195609582,8787.1451636158,8914.662989724688,9031.034426364708,9140.181082534891,9242.413635160212,9336.825857840793,9426.279832909579,9510.461405893937,9589.57278340874,9642.664408917135,9687.361046908049,9724.073624388944,9752.818511009413,9773.982803988265,9792.042554295107,9802.589597124002,9805.57927905872,9801.245825193524,9790.397696171578,9774.807250583463,9752.731285970982,9725.863588220835,9694.64567851591,9659.18317096924,9619.825613105371,9576.785336689492,9530.141934948837,9480.169620253544,9426.758263157122,9369.39759816719,9309.203131109947,9246.507085600626,9180.591789378113,9112.0389876207,9040.84314860232,8967.371111480184,8891.941378424282,8814.502264016637,8735.30302085938,8654.92744700578,8573.109553989196,8489.752586725961,8405.406729371767,8319.851910050347,8234.96944848095,8149.082286162846,8062.567434181584,7975.799635512249,7888.674328866312,7801.44511732636,7713.946770688675,7625.896152811095,7537.377925888901,7448.722016395847,7360.229554508009,7271.326187964513,7182.123168798827,7092.948942253749,7003.700580116129
Ukraine,UA,UKR,Population,,37558.706,38056.789,38556.629,39055.545,39584.526,40134.896,40703.408,41294.137,41960.0,42528.539,43119.647,43679.886,44207.462,44717.283,45185.029,45588.755,46016.283,46415.692,46812.959,47139.553,47383.058,47763.517,48130.269,48423.973,48729.167,49001.291,49240.392,49432.57,49609.917,49832.845,50077.459,50301.104,50504.343,50769.716,51005.483,51212.058,51425.433,51606.032,51843.675,51991.96,52116.225,52225.696,52421.645,52278.606,51873.39,51457.688,50994.529,50579.24,50180.222,49772.671,49340.649,48873.062,48481.5,48148.772,47810.241,47360.871,47196.518,46929.078,46709.273,46538.189,46373.816,46241.891,46178.221,46075.318,45869.443,45700.349,45533.315,45338.768,45079.046,44835.87,44524.159,44073.121,38024.411,37441.26,38279.183,39681.57,39390.127,39100.29,38803.891,38504.928,38202.777,37898.477,37594.905,37289.273,36982.417,36673.878,36365.653,36053.7,35741.715,35426.806,35115.016,34800.143,34483.407,34164.855,33843.299,33517.591,33185.411,32850.248,32511.684,32165.338,31814.926,31459.149,31099.867,30736.4,30370.204,29999.448,29627.36,29252.712,28875.777,28499.44,28123.191,27746.482,27371.249,26996.506,26622.224,26249.48,25878.497,25509.118,25141.939,24776.112,24412.202,24050.804,23692.691,23334.981,22979.386,22626.708,22276.576,21929.71,21585.613,21244.773,20907.008,20573.033,20242.24,19915.999,19593.339,19276.901,18964.277,18656.271,18353.653,18055.826,17761.929,17473.524,17189.475,16909.694,16634.758,16364.819,16098.464,15835.739,15577.251,15322.504
United Arab Emirates,AE,ARE,Cement production,kt cement,,,,,,,,,0.0,0.0,0.0,0.0,0.0,0.0,0.0,0.0,0.0,0.0,0.0,0.0,0.0,0.0,0.0,0.0,0.0,198.50067,198.537799,1242.582065,1272.11972,1720.327305,1720.327083,2220.472092,2066.068403,4007.143344,4205.353496,2742.290716,3102.778883,3286.592798,3389.52859,3260.0,3473.0,3800.0,4000.0,5000.0,5918.0,6000.0,5250.0,7066.0,7069.0,6100.0,6100.0,7000.0,8000.0,9000.0,10000.0,13000.0,16000.0,21885.0,18997.0,18000.0,16000.0,15000.0,15700.0,20500.0,20500.0,16900.0,17400.0,17200.0,16100.0,14900.0,15000.0,15200.0,15200.0,15200.0,15694.98596464988,15940.64661179713,16086.34549181953,16197.11653573581,16288.69574730425,16386.41829461233,16499.35803041732,16620.15365204312,16747.45425602548,16882.14443986925,17022.4403232427,17102.47020450341,17184.3310527438,17270.29235361361,17359.23056245774,17448.46912788671,17551.41246056969,17657.69898924157,17766.25751404248,17878.30587171025,17992.2181895116,18116.05862989244,18246.37398829983,18383.00010750765,18523.34303116216,18667.0668460802,18903.63333366534,19141.28759388038,19381.2394294755,19624.47671325158,19871.98261787875,20128.76070055683,20388.90387282801,20653.35051697808,20922.06962859875,21194.60831039132,21479.89720001943,21771.08093068066,22068.84074308806,22372.41771873847,22681.95026930144,23011.1159433584,23345.26582292561,23685.00752131731,24029.59793240938,24379.09367900857,24747.94060601492,25121.35559003176,25497.58530700546,25877.73670668202,26258.95256982189,26651.44045205065,27045.67825311217,27441.25790017978,27837.34147817894,28234.18592866981,28635.74959970364,29038.07287833421,29440.74704124432,29843.81159600448,30246.58592613142,30647.66732991634,31049.94552591214,31454.0152741717,31859.64849492879,32267.5296786165,32669.00078528958,33072.81744235206,33479.4277718784,33889.43860552424,34303.2290882165,34712.94926921219,35127.09106663077,35545.73967117288,35969.89985801741,36398.90220254987
United Arab Emirates,AE,ARE,Population,,76.976,82.104,87.418,92.876,98.429,104.087,109.838,115.73,121.794,128.08,134.589,141.389,148.503,155.919,163.465,170.742,177.211,182.189,216.642,262.678,310.393,359.661,410.366,462.431,515.742,569.971,661.761,758.657,859.891,964.13,1067.27,1132.44,1200.3,1270.311,1341.681,1414.142,1520.624,1627.864,1735.712,1843.989,1952.451,2060.8,2168.66,2275.527,2380.849,2488.476,2706.652,2928.167,3152.676,3379.342,3607.809,3839.372,4074.28,4310.634,4547.3,4782.28,5235.92,6013.349,6591.98,6822.136,7054.59,7344.257,7649.98,8013.714,8460.035,8889.231,9172.515,9296.139,9397.601,9358.094,9538.954,10039.142,10445.031,10839.131,11215.127,11476.873,11672.491,11838.7,11985.813,12123.467,12257.743,12396.478,12539.154,12685.376,12834.777,12986.627,13140.805,13296.79,13454.693,13613.685,13773.868,13935.181,14097.482,14260.709,14424.914,14589.818,14757.7,14929.935,15103.819,15279.41,15455.374,15631.969,15809.983,15990.056,16172.822,16356.957,16543.126,16731.93,16923.34,17117.055,17312.605,17511.669,17714.667,17921.094,18131.022,18343.784,18559.172,18777.555,18998.445,19221.863,19446.716,19673.553,19901.265,20130.535,20359.582,20588.995,20818.419,21047.605,21276.045,21503.904,21730.93,21957.296,22182.762,22407.36,22630.691,22853.141,23075.268,23297.426,23519.479,23741.829,23963.904,24186.47,24409.784,24634.192,24859.904,25087.108,25316.098,25546.91,25780.106,26015.286
United Kingdom,GB,GBR,Cement production,kt cement,10389.232336,11315.50614,11396.462722,12153.776052,12720.003732,12969.909834,12153.776052,11852.321231,12786.095919,13499.293909,14374.248143,14249.254681,14058.08821,16962.45031,16962.348065,16771.181593,17572.501509,17874.173069,17418.105005,17057.931301,17697.603724,18043.275914,19984.248825,17785.834403,16888.822499,15778.586453,15454.980249,15918.188559,16138.953496,14808.048982,12727.275466,12962.47062,13396.268103,13477.236239,13337.450304,13410.976767,14308.075134,16506.383451,16844.813344,14700.0,12297.0,11006.0,11039.0,12307.0,11805.0,12214.0,12638.0,12409.0,12697.0,12702.0,11090.0,11089.0,11215.0,11405.0,11216.0,11469.0,11887.0,10073.0,7623.0,7883.0,8529.0,7952.0,8203.0,8958.0,9235.0,9370.0,9359.0,9197.0,9079.0,8046.0,9008.0,8393.0,7689.0,7283.0,7017.379437819468,7099.342507741593,7185.256309199906,7268.184442483841,7347.868914931444,7452.355312155739,7574.211507794172,7697.314141119449,7820.987562237825,7945.320871676587,8070.56982901238,8185.874750072845,8300.85739025507,8415.466429998682,8529.50339618469,8643.621249354788,8777.761574611955,8911.124066254895,9044.331731847986,9177.68251574366,9311.039357680438,9456.402882284288,9601.84908559224,9747.669121430537,9893.715189049914,10040.84313149566,10250.47867957588,10460.68713588653,10671.50730806179,10883.01075923054,11095.01829874369,11319.30442264961,11544.16111446891,11769.69929285423,11995.73960682818,12222.57394260991,12459.40302722533,12696.69521350288,12933.01255361912,13165.7395251153,13394.66982647528,13618.6811548928,13838.92675516579,14055.47398986899,14268.32413453969,14477.47971512371,14677.2048720446,14873.51764742902,15066.39193659966,15255.58497271626,15441.26219649792,15614.97181859394,15785.84004943122,15953.21927857739,16117.48069013723,16278.30551834457,16427.00826302281,16573.17700186904,16716.02029100269,16855.69322947219,16992.5626943226,17117.95622372872,17240.37113573742,17360.12962301134,17477.38347552254,17591.48447208742,17694.73475954261,17795.58353620787,17894.03339295028,17989.96207225541,18083.87924400689,18165.09616960374,18244.32598874119,18321.58342533726,18396.5854852035,18468.6897475579
United Kingdom,GB,GBR,Population,,50310.992,50382.639,50609.83,50844.243,51072.256,51281.239,51519.68,51792.143,52079.145,52373.797,52703.3,53066.597,53479.064,53826.808,54191.461,54526.58,54826.108,55121.214,55360.077,55552.336,55775.266,56005.478,56153.0,56224.583,56224.516,56215.769,56186.507,56165.152,56185.961,56251.565,56312.641,56296.542,56288.967,56375.148,56527.479,56685.35,56818.495,56953.552,57099.541,57264.731,57470.993,57639.391,57799.152,57922.922,58083.484,58225.785,58371.345,58522.833,58730.806,58946.508,59168.168,59408.012,59673.514,59967.256,60372.678,60819.538,61282.651,61789.058,62265.555,62746.896,63266.07,63752.501,64168.467,64610.309,65121.524,65642.696,66144.02,66564.922,66940.028,67281.888,67421.835,67915.749,68442.882,68923.043,69353.34,69749.323,70113.733,70473.428,70812.52,71130.153,71443.831,71731.017,72006.293,72279.467,72531.902,72781.728,73014.781,73237.165,73459.216,73670.7,73878.553,74082.149,74280.977,74480.147,74664.99,74842.325,75009.242,75168.969,75314.991,75445.817,75563.545,75669.368,75761.038,75834.374,75901.672,75940.445,75973.061,75992.928,76011.102,76010.614,76010.098,76012.417,76019.028,76018.624,76021.682,76022.475,76029.355,76036.748,76037.598,76044.247,76053.922,76064.593,76072.173,76063.085,76051.78,76039.283,76036.897,76019.335,76000.881,75972.263,75940.239,75913.162,75872.391,75822.937,75772.616,75713.936,75646.203,75575.416,75503.84,75421.608,75334.95,75245.024,75151.869,75053.951,74957.581,74847.692,74735.89,74622.259,74503.688,74373.67
United Republic of Tanzania,TZ,TZA,Cement production,kt cement,0.0,0.0,0.0,0.0,0.0,0.0,0.0,0.0,0.0,0.0,0.0,0.0,0.0,0.0,0.0,51.330648,147.051132,154.062087,169.108802,169.108802,176.461358,235.281811,316.159934,294.102264,265.117587,242.634368,257.339481,227.550634,279.397151,302.042452,389.6855,397.038056,419.095726,367.62783,301.45482,301.45482,301.45482,191.166471,536.736631,540.0,540.0,540.0,540.0,315.0,596.0,726.0,621.0,778.0,833.0,833.0,900.0,1026.0,1186.3,1280.9,1366.0,1369.9,1629.9,1756.0,1941.0,2312.0,2409.0,2581.0,2346.0,2809.0,3135.0,4071.0,4200.0,4459.0,6514.0,6496.0,6531.0,7598.0,7598.0,7598.0,9094.391592539127,9508.859306310462,9983.467086898836,10466.6656488827,10975.30149942263,11483.68771207095,11987.79816747111,12484.88253172317,12977.52248855869,13466.66969105366,13952.48868298039,14561.12352973203,15170.15939825028,15779.98903442211,16390.67326806229,17002.25953054122,17616.84991984447,18214.19652130488,18796.87778992072,19368.75270257031,19935.33860084567,20498.14141583572,21053.37308164169,21603.05848280821,22148.44345489328,22689.50956810818,23738.12387636262,24757.92573416172,25751.90880677083,26723.16657038605,27675.5324104199,28785.01760259999,29864.29768318485,30924.32642499529,31968.04626958626,32996.87803841131,34183.29708346506,35347.21495900248,36490.94672333933,37614.97864319007,38721.53418268536,39968.44779120917,41183.03891406031,42373.94690490053,43543.43878932076,44694.35125165816,45968.29250694049,47213.81668363526,48432.68004149073,49630.27758766701,50808.38158988316,52084.76250672348,53334.82616148883,54556.97006786442,55755.47245647648,56937.55347623821,58204.2439386582,59448.39032002984,60671.01052132634,61874.80501934061,63063.21739544755,64335.01742630674,65582.99174636809,66805.14224115046,68008.79514364776,69190.51193535117,70435.15877551025,71660.16722138565,72862.08884482205,74041.40153928605,75196.63997510223,76403.23418645308,77589.38613921829,78755.14593414335,79895.86209498926,81018.09570741549
United Republic of Tanzania,TZ,TZA,Population,,7716.994,7908.956,8109.202,8317.025,8532.546,8757.178,8992.382,9239.197,9495.991,9762.538,10040.3,10335.472,10640.041,10959.015,11296.637,11644.819,12010.099,12390.119,12814.034,13259.366,13725.989,14216.912,14741.705,15278.496,15844.764,16431.957,17040.464,17665.395,18287.737,18896.339,19483.2,20086.207,20710.934,21448.814,22109.317,22894.068,23623.85,24436.907,25102.466,25775.052,26445.361,27115.511,27799.664,28865.719,30018.993,30748.001,31143.523,32012.655,32828.261,33772.4,34747.877,35648.721,36593.886,37585.224,38634.113,39730.039,40859.766,42011.259,43130.197,44137.766,45379.209,46679.525,48068.996,49579.261,51123.762,52918.162,54729.864,56575.916,58298.373,60051.409,61894.186,63766.638,65657.004,67578.209,69542.105,71549.625,73577.936,75631.68,77709.303,79837.087,81989.161,84186.715,86399.55,88641.436,90935.921,93246.937,95594.687,97956.866,100356.076,102778.984,105219.733,107677.227,110175.327,112692.261,115240.282,117810.664,120408.687,123033.368,125669.236,128293.576,130948.629,133612.265,136282.411,138964.673,141677.884,144420.958,147186.786,149941.804,152701.175,155463.307,158237.877,161030.189,163837.289,166643.134,169451.227,172299.486,175095.241,177890.738,180685.757,183486.223,186285.193,189076.716,191854.878,194639.796,197428.728,200197.152,202968.873,205718.857,208457.257,211187.261,213887.576,216571.364,219235.666,221887.387,224537.639,227194.778,229827.931,232420.337,235001.887,237550.33,240068.852,242582.257,245067.912,247522.747,249935.715,252330.183,254711.425,257074.109,259393.655,261694.295
United States of America,US,USA,Cement production,kt cement,41825.0,42394.0,45021.0,46434.0,52994.0,56153.0,52574.0,54831.0,59764.0,56063.0,56718.0,58908.0,61733.0,64379.0,65078.0,67146.0,64449.0,68791.0,71086.0,67427.0,71054.0,74931.0,77576.0,73688.0,61815.0,66179.0,70939.0,76190.0,76649.0,68242.0,65054.0,57475.0,63884.0,70488.0,70665.0,71473.0,70940.0,69733.0,70025.0,71400.0,68465.0,70883.0,75117.0,79353.0,78320.0,80818.0,84255.0,85522.0,87777.0,89510.0,90450.0,91266.0,94328.695,99014.588,100902.712,99712.374,96849.651,87610.0,64843.0,67202.0,68639.0,74934.0,77415.0,83124.0,84940.0,85153.0,86799.0,87000.0,88100.0,89800.0,91300.0,91600.0,90000.0,86000.0,103056.2011909131,103974.392402625,104923.7671059349,105874.016486999,106835.7813711971,107739.2793519047,108607.2689919238,109475.9401346316,110347.4031152623,111223.027209881,112097.2204340342,112497.9703364349,112897.5311544611,113298.1626776724,113699.9623919469,114104.0725746406,114501.4906643759,114898.8820565156,115297.2413221938,115696.1926266374,116094.8747098139,116491.0927882564,116890.6871907693,117291.0807557512,117690.6366905991,118094.6444929073,118984.1850682725,119865.2114646423,120734.3740823693,121596.7491406778,122444.67449841,123304.7402242148,124160.3309151408,125016.40159271,125871.7522356412,126718.1511052379,127577.3476074576,128437.9934675943,129295.1258361613,130148.390570374,130993.7437721684,131831.1060656215,132668.5537733121,133505.3784750748,134335.2880238493,135164.8876865316,135970.1074070303,136776.3524079612,137567.1251128455,138354.1909555973,139130.5100648694,139895.624649008,140646.7638448113,141386.7051350463,142119.9020306269,142839.3053018748,143536.5574063603,144245.1360640334,144935.8353696632,145620.605665061,146298.8934305862,146951.9328736986,147611.0399423963,148267.1461288478,148929.2356175179,149582.5360668225,150219.5496720697,150858.5556565197,151494.9765317666,152124.1814137077,152753.2319212944,153360.0974391937,153953.2069884413,154544.8802484655,155121.594711092,155696.1590500025
United States of America,US,USA,Population,,155337.987,157624.659,159963.785,162372.846,164899.771,167500.278,170149.642,172848.811,175581.808,178709.721,181839.389,185139.581,188308.964,191341.489,194297.415,197010.133,199520.679,201879.144,204142.895,206457.17,209135.508,211717.355,213967.79,216045.312,218107.641,220150.961,222186.554,224332.284,226459.908,228690.259,231027.051,233376.184,235790.119,238182.611,240525.324,242855.563,245052.052,247270.53,249515.94,251834.166,254912.608,258030.237,261181.802,264084.66,266864.96,269546.629,272174.763,274761.262,277477.403,280093.565,282874.696,285684.581,288484.095,291332.104,294240.403,297192.924,300267.495,303420.956,306519.709,309527.2,312598.38,315611.776,318618.933,321602.585,324628.169,327624.824,330734.029,333675.29,336437.705,339142.428,339729.889,340592.993,342475.098,344479.572,346373.57,348178.045,349892.943,351563.767,353244.404,354856.131,356443.631,358001.8,359538.148,361049.869,362553.753,364015.679,365447.64,366857.1,368245.811,369567.825,370850.807,372088.149,373321.395,374479.96,375578.531,376634.414,377629.041,378606.493,379520.996,380412.816,381281.003,382135.79,382951.717,383766.947,384524.893,385263.702,386020.98,386829.472,387677.939,388508.176,389328.613,390201.974,391093.069,391998.168,392890.288,393814.93,394773.769,395760.683,396735.888,397738.922,398697.254,399688.585,400615.022,401546.043,402440.653,403379.673,404262.179,405104.745,405932.659,406707.2,407452.432,408280.137,409031.584,409771.734,410497.599,411162.37,411877.803,412595.75,413361.81,414099.672,414815.608,415557.17,416300.83,417023.423,417759.808,418471.247,419128.948,419793.086,420398.554,421007.222
Uruguay,UY,URY,Cement production,kt cement,301.45482,301.45482,294.102264,294.102264,264.692037,338.525915,419.095726,433.800839,419.095726,411.743169,389.6855,374.637939,338.504959,404.390613,419.095726,470.563622,419.095726,514.678962,462.907718,499.973848,455.858509,463.211065,515.00595,544.089188,639.672424,676.435207,683.787763,683.787763,683.787763,808.781225,742.608216,661.730094,404.390613,330.865047,315.808645,337.827952,404.390613,433.800839,558.794301,500.0,500.0,500.0,500.0,707.0,600.0,685.0,781.0,872.0,789.0,700.0,1015.0,1000.0,1050.0,620.0,620.0,620.0,620.0,620.0,1050.0,834.0,968.0,872.0,850.0,830.0,902.0,742.0,817.0,812.0,737.0,825.0,900.0,900.0,900.0,900.0,858.6745742715187,869.6253130054771,878.7247961912778,887.2164552342601,895.2616924870923,904.4714073449701,908.9435521545486,913.4656298985573,918.1621438465016,923.0475832924761,928.1652370380094,923.7135087895467,919.8268314104259,916.4454831631543,913.5231546459453,911.0024315482884,907.0808806462059,903.6590783590216,900.6999675446123,898.1336304026734,895.9087938722495,892.8788525901319,890.2792587054923,888.0149758427253,886.0493657715525,884.3582777382579,887.5126843803592,890.4175614579278,893.0747262460969,895.474119013262,897.6051195180135,899.201773376802,900.5586107635042,901.6956892875768,902.6100300025017,903.2976792414174,903.6152374922251,903.7633066916502,903.7430470150111,903.5681837027738,903.2325612279535,902.3114468492728,901.2486652636986,900.0382510348136,898.6665459963981,897.1283197667551,895.0863400329808,892.943421879627,890.6793052702503,888.3090884011286,885.7905149457207,882.804074543621,879.6891444637115,876.4504821048038,873.0836441049523,869.5816546369272,865.6935956662334,861.6898901216547,857.566023223867,853.3250523848178,848.9781154714644,844.3225329560512,839.5656585881775,834.7172571539008,829.7812923604363,824.759965684132,819.5249571445796,814.2194716775028,808.890316954116,803.5290917215284,798.1640107226206,792.6689499089706,787.1849059289858,781.7007871474018,776.2189716403475,770.768326684263
Uruguay,UY,URY,Population,,2244.69,2268.146,2294.071,2322.028,2351.71,2382.357,2414.379,2447.162,2480.577,2513.713,2546.202,2577.887,2608.708,2638.824,2667.537,2694.802,2720.489,2744.065,2765.147,2782.8,2798.813,2814.111,2829.178,2845.089,2862.799,2881.841,2900.944,2917.979,2933.451,2946.355,2957.551,2968.941,2982.043,2995.514,3009.462,3024.612,3041.077,3058.716,3077.207,3095.302,3113.504,3131.203,3148.2,3164.491,3181.176,3197.704,3214.944,3231.746,3246.813,3261.218,3271.195,3277.308,3280.425,3281.947,3284.348,3287.194,3291.819,3298.486,3305.869,3314.313,3322.847,3330.802,3340.0,3350.674,3361.995,3374.039,3384.527,3392.348,3396.72,3397.691,3400.245,3393.144,3388.682,3387.479,3385.696,3383.68,3381.394,3379.087,3376.694,3374.161,3371.614,3368.944,3366.136,3363.161,3360.01,3356.554,3352.793,3348.671,3344.175,3339.156,3333.761,3327.831,3321.439,3314.428,3306.787,3298.564,3289.835,3280.473,3270.536,3259.966,3248.743,3236.825,3224.244,3210.955,3196.913,3182.211,3166.888,3151.079,3134.777,3117.97,3100.822,3083.454,3065.871,3048.145,3030.239,3012.102,2993.775,2975.228,2956.394,2937.251,2917.865,2898.306,2878.479,2858.461,2838.055,2817.419,2796.445,2775.162,2753.556,2731.602,2709.307,2686.728,2663.851,2640.696,2617.318,2593.657,2569.776,2545.722,2521.516,2497.171,2472.777,2448.29,2423.907,2399.592,2375.46,2351.418,2327.6,2303.958,2280.499,2257.335
Uzbekistan,UZ,UZB,Cement production,kt cement,724.3396,825.10934,935.190736,1114.144406,1320.780048,1462.222181,1701.904413,1964.330113,2290.401598,2691.671927,3011.275502,3398.405431,3621.985303,3859.688765,4308.504237,4767.244655,5057.800276,5229.154918,5372.783765,5706.181812,6038.874368,6307.2928,6652.554205,7028.125789,7484.433748,7560.561323,7672.844275,7607.585356,7314.645583,7377.153526,7499.73258,7291.906336,7553.109088,7667.715498,7699.527854,7940.178871,8055.911454,8159.840725,8195.403172,7976.418834,7511.596072,5900.0,5300.0,4800.0,3400.0,3300.0,3300.0,3400.0,4471.0,3521.0,4000.0,4000.0,4804.8,5067.8,5068.0,5700.0,6500.0,6600.0,6850.0,6872.0,6698.0,6800.0,6990.0,7350.0,8350.0,8470.0,8930.0,9200.0,10990.0,12540.0,14200.0,14600.0,14600.0,14600.0,16025.21076658507,16531.60657045409,17011.92424040417,17495.93509408887,17981.31013749947,18434.14564664189,18891.19722098985,19340.79145451026,19780.67525516347,20213.53836343923,20640.02259504604,21001.61931048398,21356.56186401629,21707.24700681519,22053.25974023479,22395.98326525193,22736.33066958774,23077.16829016785,23416.26247513231,23755.87126534591,24094.26999760431,24433.94686765279,24772.19489190175,25110.21490456504,25447.99829334898,25786.75109347876,26185.59531556951,26580.20621269384,26969.14980286243,27352.76642913172,27730.43121861805,28114.8092510956,28491.80852081548,28863.40249361668,29228.18600896426,29586.62827896211,29948.54083089919,30302.64281392439,30650.82037996453,30992.58332227496,31328.34054503687,31664.8840026484,31996.39796211533,32322.22186013978,32644.0391260891,32961.69710653331,33279.9479443466,33595.4819309259,33905.82276984181,34214.03446913885,34518.35003671031,34823.96713682965,35126.44579665316,35429.74189255838,35726.09239384764,36017.46656893749,36310.08856003359,36599.98993652301,36882.69159991248,37164.78786223459,37443.02329408876,37719.84326072329,37990.61845546066,38257.6495056772,38518.6233797729,38775.30227150053,39028.63023167835,39274.84850698125,39515.17762329734,39749.89398670094,39978.43781573597,40201.18640155237,40416.56136565391,40627.05709419965,40828.06559057371,41021.37258254992
Uzbekistan,UZ,UZB,Population,,6311.809,6458.205,6614.843,6781.39,6958.226,7149.843,7354.235,7571.887,7806.437,8064.506,8353.712,8681.71,9027.026,9377.467,9737.755,10105.607,10472.981,10845.379,11218.931,11587.369,11937.906,12285.115,12645.098,13016.996,13401.025,13796.017,14201.223,14616.42,15016.277,15414.897,15824.976,16245.089,16680.383,17136.418,17621.274,18129.403,18661.839,19198.301,19722.96,20231.406,20698.506,21227.314,21742.867,22233.043,22693.539,23141.638,23562.324,23955.596,24314.262,24637.755,24936.354,25244.211,25555.748,25866.77,26191.93,26522.019,26876.068,27275.948,27713.601,28165.056,28605.957,29040.434,29483.372,29964.758,30481.229,31017.464,31551.672,32086.683,32660.298,33269.104,33903.64,34583.751,35294.16,36010.454,36713.264,37393.592,38054.853,38697.354,39324.625,39944.077,40552.406,41148.213,41736.269,42316.457,42890.04,43460.164,44028.608,44598.665,45173.069,45750.926,46337.378,46936.108,47543.964,48159.374,48781.876,49410.251,50038.534,50664.886,51286.979,51905.242,52516.267,53123.502,53722.995,54315.271,54898.529,55471.621,56033.538,56589.71,57136.41,57674.446,58201.651,58717.836,59227.044,59727.809,60220.778,60704.311,61182.799,61654.42,62122.636,62586.8,63047.227,63506.828,63959.887,64412.842,64861.598,65308.698,65753.287,66203.58,66642.779,67074.964,67502.713,67928.495,68342.738,68759.116,69170.65,69571.406,69963.188,70350.621,70728.818,71101.294,71460.766,71809.126,72148.766,72480.15,72802.061,73109.092,73404.476,73693.125,73965.774,74225.949
Vanuatu,VU,VUT,Cement production,kt cement,,,,,,,,,,,,0.0,0.0,0.0,0.0,0.0,0.0,0.0,0.0,0.0,0.0,0.0,0.0,0.0,0.0,0.0,0.0,0.0,0.0,0.0,0.0,0.0,0.0,0.0,0.0,0.0,0.0,0.0,0.0,0.0,0.0,0.0,0.0,0.0,0.0,0.0,0.0,0.0,0.0,0.0,0.0,0.0,0.0,0.0,0.0,0.0,0.0,0.0,0.0,0.0,0.0,0.0,0.0,0.0,0.0,0.0,0.0,0.0,0.0,0.0,0.0,0.0,0.0,0.0,86.02474362396038,87.07903267391602,88.44131453703099,89.44651733719375,90.47273436260157,92.26160440534669,96.15619962645528,99.84535660279884,103.3614500232012,106.7299925308749,109.9676414504109,114.1569158276567,118.0726869398696,121.8200355288548,125.3964696916827,128.8426125416617,133.3664654832461,137.5960684532639,141.5821085726324,145.3645894744046,148.9780268450279,153.6033421165779,157.8797720847662,161.8936641138496,165.6334029042841,169.1952977498937,175.2470053215298,181.026032276266,186.5855369433605,191.9595787638619,197.1608397092695,203.419645663384,209.3698400541408,215.0779071086231,220.5735666617681,225.8810624944128,232.1011981701205,238.009855836173,243.6903169176023,249.1629647603237,254.4538985218538,260.4273711371144,266.119359496536,271.5297566502786,276.6997505502846,281.6656761419457,287.0889153908682,292.2567806244709,297.1962784098303,301.929972376534,306.4678322816353,311.2783356581276,315.8732304094961,320.260936908059,324.5162897092986,328.6059338047065,332.8376092522013,336.9038234100242,340.816024701775,344.6095653983516,348.2954720647513,352.0568426704152,355.6444757484663,359.1271823733005,362.4947872373314,365.7397882107915,369.030858097348,372.2051817247089,375.2916598754665,378.3076523093178,381.220728407942,384.1176958978463,386.8750626433071,389.5695372913878,392.1613041465131,394.6652532267446
Vanuatu,VU,VUT,Population,,51.959,52.761,53.762,54.837,56.007,57.258,58.592,60.16,61.803,63.536,65.326,67.203,69.144,71.173,73.266,75.449,77.73,80.111,82.517,84.994,87.539,90.184,92.94,95.783,98.736,101.801,104.976,108.26,111.666,114.415,116.906,119.591,122.48,125.516,128.701,132.01,135.429,138.945,142.566,146.22,149.905,153.682,157.535,161.391,165.236,169.039,172.784,176.468,180.158,183.938,188.624,193.438,198.288,203.204,208.218,213.302,218.545,224.007,229.785,235.676,240.819,246.128,251.639,257.325,263.154,269.048,275.125,281.889,288.628,295.341,302.376,309.361,316.732,324.085,331.47,338.868,346.26,353.675,361.132,368.642,376.215,383.831,391.485,399.263,407.109,415.017,423.007,431.077,439.228,447.403,455.622,463.858,472.162,480.46,488.825,497.154,505.498,513.758,522.029,530.264,538.512,546.662,554.793,562.923,571.003,579.062,587.028,594.992,602.933,610.836,618.681,626.463,634.306,642.151,649.985,657.755,665.493,673.158,680.751,688.283,695.779,703.249,710.653,717.965,725.144,732.242,739.258,746.138,753.015,759.755,766.361,772.889,779.317,785.692,792.008,798.211,804.225,810.184,816.037,821.745,827.382,832.904,838.358,843.767,849.041,854.169,859.086,863.956,868.676,873.271
Venezuela (Bolivarian Republic of),VE,VEN,Cement production,kt cement,617.614754,838.191452,985.242584,1213.085034,1279.344848,1448.372023,1750.000609,1617.453634,1875.00737,1485.216432,1514.626659,1536.788482,1580.799668,1852.964304,2110.311046,2110.183743,2250.007681,2441.185176,2139.480264,2646.790202,2801.159878,2984.96306,3411.58626,3492.634847,3499.816939,3536.353584,3139.722318,3426.291373,3977.733118,4845.334796,4874.939398,5433.326018,4441.119106,4779.161787,5293.840748,5749.699257,6109.97453,6198.20521,4507.117193,5230.0,6337.0,6585.0,6842.0,6927.0,7672.0,7556.0,8145.0,8202.0,8500.0,8600.0,8700.0,7000.0,7700.0,5000.0,5800.0,11000.0,8000.0,8044.0,7900.0,7120.0,7760.0,8440.0,8846.0,7940.0,8210.0,5790.0,5410.0,2010.0,1500.0,1400.0,2500.0,2600.0,2600.0,2600.0,2489.083248659121,2792.335616525123,3091.790816948358,3391.93232721987,3693.619090128815,4001.070236202887,4349.755090080916,4699.46007853269,5050.640279173453,5403.593866149054,5748.680993444176,5975.390312889152,6185.528820832008,6380.16656404147,6560.617739640054,6728.054824743806,6803.638428733123,6876.495001821263,6947.348201881424,7015.639691174039,7081.712934390449,7069.188356555006,7060.621794300231,7056.297360178264,7054.538360760578,7055.674548340256,7059.708098765061,7062.488521024122,7065.887202136248,7068.314320947335,7070.501659636682,7071.913762243252,7072.625425024203,7072.361840083699,7072.261847750888,7071.563537416674,7070.766007352791,7069.905310870334,7068.738020718455,7067.381663952217,7066.093358361238,7063.918972226237,7061.194676641701,7057.99760532716,7055.024368459667,7051.586561767928,7047.970434907385,7044.168043379625,7040.228399266523,7036.184874685088,7032.596535271565,7028.063435910906,7023.553796246031,7018.375293448412,7012.683182524776,7006.795224573363,7000.737570708184,6994.610075951488,6988.0316034013,6981.308496648355,6974.178791632578,6968.678596436628,6962.238251954632,6955.32575809712,6948.168502107056,6939.959433786527,6934.966186754916,6929.58554096574,6923.716240638838,6916.415449306541,6908.858845019633,6899.684269258753,6889.408026967693,6879.068011945367,6867.783904426826,6856.903898237083
Venezuela (Bolivarian Republic of),VE,VEN,Population,,5609.374,5855.832,6106.928,6362.607,6623.018,6888.608,7160.029,7438.866,7725.093,8013.353,8306.826,8605.005,8908.734,9219.307,9536.117,9859.463,10190.246,10526.779,10868.281,11212.279,11563.301,11918.716,12279.644,12647.43,13023.272,13408.512,13804.056,14209.568,14623.8,15045.304,15471.131,15903.463,16340.286,16784.124,17233.558,17689.31,18157.763,18632.163,19109.878,19587.963,20066.057,20543.735,21018.161,21490.88,21959.496,22428.145,22896.081,23367.29,23835.383,24297.804,24755.612,25204.231,25667.111,26118.296,26563.38,27008.227,27441.145,27857.581,28249.811,28626.785,28999.417,29371.006,29736.647,30087.749,30420.409,30727.535,30803.906,30326.741,29288.443,28587.753,28300.402,28175.25,28250.783,28350.925,28460.161,28573.631,28693.79,28823.344,28946.985,29081.904,29221.716,29369.782,29515.289,29658.915,29811.401,29955.258,30085.072,30208.025,30328.633,30443.949,30546.937,30633.468,30715.597,30783.74,30843.884,30899.09,30947.838,31000.9,31042.307,31077.605,31112.161,31132.632,31160.114,31176.625,31190.425,31206.452,31214.541,31211.543,31210.406,31202.467,31193.407,31183.638,31170.402,31155.042,31140.474,31115.923,31085.237,31049.333,31016.056,30977.703,30937.508,30895.404,30851.954,30807.541,30768.284,30718.809,30669.731,30613.538,30551.976,30488.524,30423.484,30357.942,30287.846,30216.5,30141.154,30060.689,29970.932,29876.911,29781.055,29675.128,29564.876,29452.056,29335.729,29206.659,29076.743,28940.219,28794.784,28650.591,28499.322,28353.77
Viet Nam,VN,VNM,Cement production,kt cement,213.224141,227.929254,294.102264,257.339481,301.45482,198.519028,161.550448,301.45482,382.332943,404.390613,455.858509,463.211065,492.621292,720.550546,948.479801,882.475331,933.774688,639.672424,742.608216,786.723556,764.665886,499.973848,764.665886,698.35868,698.375404,742.608216,845.544008,845.544008,727.903103,639.672424,544.089188,801.268831,926.422131,1095.530933,1294.049961,1526.0,1665.0,1956.089464,1992.542837,2500.0,3000.0,4000.0,4200.0,4700.0,5828.0,6586.0,8019.0,9738.0,10489.0,13298.0,16073.0,21121.0,24127.0,26153.0,30808.0,32690.0,37102.0,40009.0,48810.0,55801.0,58271.0,56353.0,57516.0,60982.0,67645.0,74457.0,81488.0,89121.0,105533.0,112283.0,111199.0,117626.0,110000.0,110000.0,85356.1028986183,84469.05539687649,83603.830700441,82753.23239597911,81944.74844324634,81268.12278252633,80528.58519890158,79878.12653713222,79314.67532394278,78822.7128704698,78396.73467951063,77540.92741218985,76743.99876741614,76009.57310864655,75325.202361736,74689.77237461056,74098.90964211026,73548.17554515878,73023.33668544634,72521.66483914058,72041.06709819702,71595.3382589808,71161.33044253802,70743.29974432541,70335.56626933588,69940.15995475247,69519.25710924265,69074.65266104054,68619.40433620509,68156.13480981492,67681.81948545789,67214.71303972967,66746.40317683962,66268.95838124414,65782.76474986212,65296.11486875328,64824.88950785431,64355.31791826075,63891.01020639359,63435.75310589878,62990.46778140619,62561.63386055364,62133.39371246646,61711.3714310154,61297.72926633971,60888.47587090353,60493.53441459398,60101.99382823224,59704.87217056251,59308.18706269228,58914.95608830581,58535.46313136344,58157.9367662925,57773.93994048669,57394.1198309312,57011.01990681535,56639.28726818327,56267.90097094677,55899.04913096302,55536.95118737828,55182.12388904624,54834.32690212885,54487.5427241623,54142.83134187439,53805.49770352399,53469.09362984396,53134.55992609066,52805.42074332677,52480.25288982641,52155.84373805889,51834.74126221222,51512.83827601381,51185.21942615366,50859.39108188939,50526.50148928797,50192.85945796192
Viet Nam,VN,VNM,Population,,25369.846,25830.691,26457.144,27058.785,27797.032,28535.859,29308.76,30200.095,31116.798,32054.296,33009.57,33808.548,34768.571,35729.631,36673.496,37585.817,38463.855,39326.306,40142.912,41021.281,41929.178,42969.373,43888.964,44930.757,45896.318,47069.488,48300.373,49609.372,50889.733,51866.688,53113.515,54362.766,55659.812,57016.03,58396.103,59725.14,60968.956,62200.346,63486.109,64808.586,66200.519,67583.031,68937.644,70235.124,71473.658,72626.222,73686.671,74767.106,75832.215,76742.689,77565.332,78373.39,79171.058,79956.496,80721.447,81455.179,82880.614,84386.137,85965.438,86954.597,87955.706,88980.922,90039.789,91106.419,92252.737,93393.771,94606.462,95747.492,96727.147,97620.404,98537.978,99332.219,100029.091,100675.292,101300.081,101896.973,102457.889,102996.902,103514.586,104007.727,104502.078,104973.744,105435.056,105877.564,106317.477,106743.875,107147.808,107544.275,107919.767,108275.546,108599.723,108904.675,109175.946,109409.176,109603.352,109767.445,109887.872,109972.606,110015.443,110020.595,109997.22,109929.158,109833.058,109712.51,109563.855,109392.908,109208.055,108999.173,108766.889,108522.322,108271.632,108004.514,107721.098,107427.762,107127.062,106812.28,106480.916,106141.669,105798.496,105446.483,105075.209,104697.219,104299.667,103891.733,103478.314,103054.737,102625.901,102179.184,101731.008,101270.169,100807.475,100339.039,99868.449,99402.546,98942.428,98482.862,98019.973,97555.587,97098.367,96638.16,96175.816,95718.019,95262.635,94804.57,94348.099,93887.344,93413.483,92938.93,92449.1,91954.468
Wallis and Futuna Islands,WF,WLF,Cement production,kt cement,,,,,,,,,,,,,,,,,,,,,,,,,,,,,,,,,,,,,,,,,,,,,,,,,,,0.0,0.0,0.0,0.0,0.0,0.0,0.0,0.0,0.0,0.0,0.0,0.0,0.0,0.0,0.0,0.0,0.0,0.0,0.0,0.0,0.0,0.0,0.0,0.0,2.933623694237769,2.886551864889277,2.841382088353265,2.800035694967887,2.759413218298929,2.718345981382024,2.681689250754289,2.645266019642208,2.61028427364189,2.5800506591859,2.552890891078592,2.516345035531927,2.483073784861797,2.450856958491912,2.424753306013462,2.396887382802205,2.362428763514417,2.332850696669224,2.304003724791439,2.275417490974265,2.247349253180802,2.215244827747489,2.18639039059262,2.155231471245652,2.124524442844059,2.098608228102744,2.086441785589424,2.072831866845709,2.062933744123008,2.045199607578168,2.030558634384172,2.01736113742057,2.000245633545899,1.98581087124196,1.968901578257345,1.95034259815228,1.936526468518509,1.91982338642395,1.903945147889617,1.889097963805565,1.874250779721513,1.860228439197686,1.845587466003691,1.831977547259976,1.819604893856599,1.806407396892997,1.792797478149283,1.781455879196187,1.767639749562417,1.756916783279491,1.747224871446845,1.735677061603694,1.726603782441218,1.716293237938404,1.704745428095252,1.695672148932776,1.6865988697703,1.676906957937655,1.665977780764672,1.655048603591689,1.643913215528651,1.633808881915892,1.61896169783184,1.607207677098633,1.595866078145537,1.581225104951542,1.566996553537658,1.553386634793944,1.537920818039723,1.52369226662584,1.507814028091506,1.491935789557173,1.476676183693008,1.460797945158675,1.44388865217406,1.425948304739164
Wallis and Futuna Islands,WF,WLF,Population,,8.62,9.013,9.35,9.746,9.693,9.583,9.438,9.245,9.025,8.775,8.474,8.135,8.17,8.221,8.283,8.275,8.331,8.441,8.566,8.742,8.923,9.066,9.204,9.322,9.392,9.275,9.54,9.954,10.403,10.868,11.365,11.867,12.412,12.599,12.731,12.866,12.999,13.132,13.27,13.406,13.554,13.705,13.852,13.994,14.135,14.263,14.362,14.468,14.589,14.721,14.846,14.97,15.079,15.027,14.755,14.465,14.16,13.837,13.532,13.286,13.041,12.798,12.576,12.373,12.229,12.091,11.975,11.861,11.74,11.632,11.6,11.535,11.421,11.32,11.235,11.153,11.073,11.008,10.942,10.877,10.841,10.798,10.753,10.721,10.696,10.661,10.633,10.602,10.593,10.57,10.529,10.504,10.477,10.445,10.41,10.364,10.328,10.273,10.217,10.177,10.118,10.052,10.004,9.918,9.847,9.783,9.7,9.63,9.548,9.458,9.391,9.31,9.233,9.161,9.089,9.021,8.95,8.884,8.824,8.76,8.694,8.639,8.572,8.52,8.473,8.417,8.373,8.323,8.267,8.223,8.179,8.132,8.079,8.026,7.972,7.923,7.851,7.794,7.739,7.668,7.599,7.533,7.458,7.389,7.312,7.235,7.161,7.084,7.002,6.915
Yemen,YE,YEM,Cement production,kt cement,0.0,0.0,0.0,0.0,0.0,0.0,0.0,0.0,0.0,0.0,0.0,0.0,0.0,0.0,0.0,0.0,0.0,0.0,0.0,0.0,0.0,0.0,14.705113,58.820453,58.820453,58.820453,58.820453,66.173009,88.230679,80.878123,80.878123,235.281811,852.896565,1389.633196,1396.985753,1161.703942,757.313329,647.02498,698.492877,828.0,850.0,800.0,800.0,800.0,1088.0,1028.0,1235.0,1201.0,1454.0,1400.0,1493.0,1561.0,1541.0,1546.3,1550.0,1470.0,1728.0,2111.0,2118.0,1864.0,2800.0,2760.0,3300.0,3190.0,2530.0,1400.0,1920.0,1880.0,1900.0,1700.0,1800.0,1950.0,1950.0,1950.0,1977.710880853913,2129.83307002511,2281.779729257281,2432.320674782746,2580.556302812246,2728.897128024385,2927.853465355527,3127.471245562821,3327.4614397297,3528.005947606011,3728.867090328828,3993.318345525455,4255.282618902168,4515.442381241678,4773.365797321288,5028.682150351241,5377.428046952004,5723.077273422254,6065.449911172627,6405.095846514028,6743.136876262191,7183.583743998017,7622.720920460563,8059.741613755592,8495.310605248284,8929.365760180815,9524.608875469248,10122.16774374411,10721.88191312342,11323.68342792663,11927.34817855189,12674.0358315691,13423.71033986155,14176.25254379329,14931.47458926614,15689.42762655926,16592.53702609934,17468.72006644827,18318.46655701968,19142.3941921869,19941.1000430397,20833.69028348831,21692.10777356565,22517.87718770248,23312.81043700729,24078.46391218969,24897.22360263412,25681.33221972529,26432.26870629914,27152.02293259374,27848.29512297855,28582.11373496454,29295.42070223082,29987.98344645944,30662.11507440201,31318.31575821325,31998.34185411516,32658.90321135893,33299.57162321451,33922.58203791631,34527.75829619812,35149.67860886508,35751.08778279547,36333.99913675126,36898.74695797794,37445.62177454757,38001.58935098555,38539.04550693854,39058.11093507083,39557.55132449087,40039.47889316546,40525.53223043552,40994.13300154384,41443.64542265148,41877.7372995375,42296.30528785983
Yemen,YE,YEM,Population,,4648.48,4719.815,4796.529,4878.057,4964.212,5055.132,5151.067,5252.144,5359.323,5472.517,5592.084,5718.38,5846.062,5976.207,6119.804,6271.383,6431.606,6601.282,6779.765,6971.954,7158.604,7356.32,7563.815,7781.776,8011.789,8255.407,8512.819,8783.625,9069.547,9378.841,9707.874,10056.849,10425.164,10817.834,11233.361,11674.288,12127.793,12612.031,13107.385,13620.963,14154.76,14705.641,15273.347,15854.481,16443.813,17036.303,17590.051,18157.822,18734.203,19324.637,19923.644,20528.651,21141.521,21771.237,22419.098,23161.072,23925.093,24711.07,25512.811,26342.636,27166.138,27999.657,28867.638,29758.266,30694.352,31624.406,32593.614,33588.229,34582.135,35640.68,36629.047,37651.414,38794.337,39987.261,41179.068,42368.687,43554.619,44736.634,45910.75,47084.412,48250.911,49404.116,50554.096,51705.661,52854.342,54004.309,55151.8,56296.738,57447.592,58601.869,59761.183,60930.176,62105.776,63287.296,64473.076,65659.636,66847.558,68030.071,69211.66,70387.948,71564.858,72729.548,73884.141,75025.533,76161.41,77284.429,78395.56,79493.396,80581.043,81650.326,82701.674,83737.575,84757.78,85755.467,86729.736,87692.03,88640.824,89571.632,90488.235,91388.984,92271.042,93140.509,93989.093,94817.613,95631.967,96425.844,97205.888,97963.085,98708.263,99438.859,100149.552,100845.956,101520.225,102181.329,102823.999,103453.002,104055.579,104639.115,105202.147,105743.412,106261.595,106759.865,107236.188,107683.021,108107.93,108508.332,108890.527,109245.879,109583.49,109893.928
Zambia,ZM,ZMB,Cement production,kt cement,56.701193,83.908209,108.950749,133.778774,165.806808,196.974603,229.479349,273.916447,203.090061,206.664654,153.090727,141.413641,136.892599,154.403688,220.576698,220.576698,301.22435,337.946596,330.865047,176.461358,470.108971,485.268735,411.414563,441.153396,448.505952,382.332943,397.038056,124.993462,198.721186,161.756245,147.051132,154.403688,154.403688,242.634368,316.159934,330.865047,374.472283,404.863032,382.332943,437.0,367.0,347.0,350.0,280.0,312.0,348.0,384.0,351.0,300.0,380.0,215.0,230.0,350.0,390.0,435.0,550.0,540.0,560.0,880.0,1127.0,1200.0,1600.0,1810.0,1900.0,1800.0,2000.0,2210.0,2751.0,2480.0,2797.0,2732.0,2272.0,2272.0,2272.0,2736.580709596046,2849.684004018173,2964.261659043781,3062.91969063,3158.814526296519,3254.916044433436,3338.476456953807,3423.27689687562,3509.467377227228,3596.935099162552,3685.517011983313,3799.590458776339,3915.552255253549,4033.177354399676,4152.371975957338,4272.935899649835,4389.571498005594,4509.192058477456,4631.350820812992,4756.020900529441,4883.831690712053,5014.527574623123,5150.025618107772,5285.657104565887,5421.313443522789,5556.892833528403,5819.86210318303,6077.172090885832,6329.127726988369,6576.047213157617,6818.275128740716,7101.928395605992,7377.933659844492,7646.830698887348,7909.230018542163,8165.479107550674,8457.74218259148,8740.70557460253,9015.249587367323,9281.81390254081,9541.365188958629,9830.645820800264,10113.48861348572,10390.60507343613,10662.20627702799,10929.05791957365,11222.12418030404,11508.22161751985,11787.91369509158,12061.40597485827,12328.71979704748,12616.40183302682,12896.6853830858,13170.73256455002,13438.02941142188,13698.77401250347,13975.95151961106,14245.58482295878,14508.11460537358,14764.31179116489,15014.23626990015,15274.8557371599,15528.87184078322,15776.49455268637,16015.82391962644,16250.70085496848,16493.65117197771,16731.94340996178,16964.49471622967,17191.2492818421,17414.28905150458,17643.09501383692,17865.66507424724,18083.809496892,18296.26976595957,18503.51739184701
Zambia,ZM,ZMB,Population,,2356.887,2429.716,2504.787,2582.29,2662.264,2744.822,2829.999,2918.136,3009.598,3104.51,3202.948,3305.225,3410.973,3520.842,3633.191,3750.982,3873.023,3999.662,4131.523,4262.709,4380.728,4504.323,4634.294,4771.091,4914.401,5065.771,5221.914,5383.045,5547.703,5715.753,5889.913,6076.665,6280.609,6481.468,6679.513,6882.393,7090.55,7292.014,7490.866,7687.566,7884.772,8078.528,8274.832,8473.01,8679.528,8891.999,9116.107,9358.018,9606.799,9873.211,10162.052,10488.319,10807.579,11159.611,11516.785,11920.853,12338.253,12791.918,13250.73,13730.049,14201.139,14674.452,15152.806,15645.188,16145.442,16652.735,17176.111,17706.528,18240.61,18787.069,19331.721,19875.494,20430.382,21017.548,21612.363,22215.385,22828.446,23448.995,24073.751,24705.621,25344.181,25988.827,26635.076,27285.099,27938.161,28595.623,29254.595,29912.388,30568.744,31222.45,31878.354,32530.338,33182.868,33838.156,34493.711,35148.501,35803.119,36455.448,37109.084,37760.282,38406.489,39051.295,39693.942,40335.723,40978.421,41617.985,42254.01,42887.573,43521.458,44152.568,44782.958,45406.299,46026.148,46639.766,47249.983,47853.297,48449.9,49043.491,49632.379,50220.965,50800.836,51374.171,51942.34,52503.824,53056.088,53602.574,54140.656,54676.086,55202.107,55717.986,56231.786,56735.834,57230.672,57719.106,58199.491,58669.041,59133.343,59591.43,60030.687,60465.781,60888.984,61308.389,61717.003,62113.715,62508.643,62887.427,63253.668,63615.7,63966.392,64307.449
Zimbabwe,ZW,ZWE,Cement production,kt cement,100.620222,148.548989,192.04818,235.485442,292.555726,343.531802,399.804693,465.413663,351.14769,354.490722,257.643319,235.355169,226.260045,250.192,249.811248,249.986924,0.0,338.217603,382.332943,477.916179,558.560006,624.967311,676.435207,757.313329,669.08265,536.736631,492.621292,411.58081,397.038056,470.563622,588.204528,573.499414,580.851971,647.264176,698.492877,749.960773,808.975878,772.018442,720.550546,700.0,865.0,900.0,1000.0,1070.0,968.0,1000.0,1100.0,1100.0,1000.0,1000.0,800.0,600.0,400.0,500.0,600.0,700.0,400.0,400.0,700.0,800.0,1000.0,1480.0,1190.0,1280.0,1510.0,1190.0,1210.0,1440.0,1220.0,1280.0,1400.0,1000.0,1000.0,1000.0,1201.146477552093,1235.482803571347,1259.196442507646,1281.419665236563,1304.183293834398,1326.22160046883,1343.619594759259,1362.364626483789,1382.299968143252,1403.319309929794,1425.386641334918,1448.646925649025,1473.456826504235,1499.487810393504,1526.595177898565,1554.654934134958,1572.193055552707,1591.621075918929,1612.911157282053,1635.642949360996,1660.146836115938,1677.496972575406,1697.464149553861,1719.682038343698,1743.785647256926,1769.629254424901,1830.382119949908,1891.183487512718,1952.143670274035,2013.159393078341,2074.37543553174,2145.606765415456,2217.05883789488,2288.54809816347,2360.221686078381,2432.039770596077,2516.66879010954,2601.386750041714,2686.25821618938,2771.301447308918,2856.632696360016,2956.701704995979,3057.094567537375,3157.639521193121,3258.466448048553,3359.484360565801,3479.265770390251,3599.359521608274,3719.563407661396,3840.07979371705,3961.022737335233,4104.215318874016,4247.757409049273,4391.769627830473,4536.290102480863,4680.825891016155,4847.598334008532,5010.765705532101,5170.300867320916,5326.082595591723,5478.140350374451,5651.647592974405,5819.818607721068,5982.712125808193,6139.925848228788,6292.195317378367,6463.380659912968,6626.980809759051,6784.021047985012,6933.625887236691,7078.138309555066,7237.663361760227,7388.202517355405,7532.586311371737,7671.952688537243,7805.956508947393
Zimbabwe,ZW,ZWE,Population,,2835.415,2926.368,3019.438,3114.895,3212.871,3313.56,3417.51,3524.798,3635.564,3750.038,3868.739,3992.064,4119.854,4251.9,4388.111,4528.814,4673.619,4822.995,4977.886,5138.475,5293.361,5456.062,5628.828,5811.98,6004.677,6192.639,6381.571,6517.454,6569.696,6725.417,7357.189,7640.08,7952.912,8243.897,8539.079,8834.547,9130.609,9438.679,9727.508,10002.087,10272.476,10537.155,10868.244,10852.331,10893.966,11055.231,11261.488,11478.167,11710.427,11856.488,11927.622,12016.181,12159.125,12305.52,12426.272,12540.591,12732.299,12875.817,13042.482,13243.097,13469.998,13720.85,13914.924,14112.693,14302.024,14496.002,14704.586,14920.378,15148.526,15394.209,15659.568,15934.852,16203.259,16478.384,16790.361,17111.229,17435.931,17765.295,18098.722,18439.188,18781.509,19130.887,19491.824,19860.019,20222.227,20596.066,20961.24,21328.231,21697.585,22064.65,22435.569,22819.275,23182.513,23560.062,23921.193,24283.568,24641.387,24991.506,25345.314,25691.689,26041.08,26393.703,26733.865,27075.615,27399.516,27728.23,28041.853,28363.186,28673.656,28978.109,29279.897,29587.595,29893.128,30194.114,30478.314,30771.592,31051.397,31334.38,31607.587,31879.341,32141.487,32399.358,32669.232,32933.085,33181.76,33422.839,33664.234,33896.422,34116.762,34333.948,34546.106,34749.952,34937.309,35123.717,35302.905,35472.344,35640.258,35802.53,35940.748,36084.025,36224.353,36344.465,36465.699,36566.598,36684.86,36794.607,36886.366,36978.209,37061.563,37131.556
