Country,ISO2,ISO3,Metric,Unit,1951,1952,1953,1954,1955,1956,1957,1958,1959,1960,1961,1962,1963,1964,1965,1966,1967,1968,1969,1970,1971,1972,1973,1974,1975,1976,1977,1978,1979,1980,1981,1982,1983,1984,1985,1986,1987,1988,1989,1990,1991,1992,1993,1994,1995,1996,1997,1998,1999,2000,2001,2002,2003,2004,2005,2006,2007,2008,2009,2010,2011,2012,2013,2014,2015,2016,2017,2018,2019,2020,2021,2022,2023,2024,2025,2026,2027,2028,2029,2030,2031,2032,2033,2034,2035,2036,2037,2038,2039,2040,2041,2042,2043,2044,2045,2046,2047,2048,2049,2050,2051,2052,2053,2054,2055,2056,2057,2058,2059,2060,2061,2062,2063,2064,2065,2066,2067,2068,2069,2070,2071,2072,2073,2074,2075,2076,2077,2078,2079,2080,2081,2082,2083,2084,2085,2086,2087,2088,2089,2090,2091,2092,2093,2094,2095,2096,2097,2098,2099,2100
Afghanistan,AF,AFG,Cement production,kt cement,0.0,0.0,0.0,0.0,0.0,0.0,0.0,0.0,36.762783,36.440302,44.11534,58.820453,102.935792,124.993462,169.108802,176.461358,132.346019,95.297913,102.935792,95.793309,88.230679,95.583236,139.386748,147.332839,146.798032,169.108802,139.698575,125.206036,139.698575,51.575345,73.525566,88.230679,14.705113,110.431395,73.602476,88.230679,102.815117,102.935792,102.935792,112.0,112.0,112.0,115.0,115.0,115.0,116.0,116.0,116.0,116.0,25.0,16.0,27.0,24.0,24.0,15.2,29.8,28.4,37.3,31.5,35.6,35.7,70.8,87.0,70.1,100.8,186.3,109.6,139.2,93.8,148.484,40.0,26.0,26.0,26.0,28.04272122162124,29.29450693360045,30.54629264557966,31.79807835755887,33.04986406953809,34.30164978151729,35.5534354934965,36.80522120547571,38.05700691745492,39.30879262943413,40.56057834141335,40.87654840639361,41.19251847137387,41.50848853635413,41.82445860133439,42.14042866631465,42.4563987312949,42.77236879627517,43.08833886125542,43.40430892623569,43.72027899121595,44.0362490561962,44.35221912117647,44.66818918615672,44.98415925113698,45.30012931611724,45.63511283024602,45.97257346654711,46.31252954274066,46.65499951200187,47.00000196396277,47.34755562572122,47.69767936285741,48.05039218045796,48.40571322414754,48.76366178112805,49.1242572812256,49.48751929794519,49.85346754953313,50.22212190004744,50.59350236043602,50.96762908962289,51.34452239560246,51.72420273654187,52.10669072189141,52.49200711350336,52.88017282675879,53.27120893170301,53.66513665418925,54.06197737703074,54.46175264116148,54.86448414680551,55.27019375465469,55.67890348705551,56.09063552920431,56.5054122303517,56.9232561050155,57.34418983420304,57.76823626664211,58.19541842002143,58.62575948223994,59.05928281266544,59.49601194340266,59.93597058057055,60.37918260558911,60.8256720764756,61.27546322915059,61.72858047875337,62.1850484209673,62.64489183335492,63.10813567670281,63.57480509637653,64.04492542368558,64.5185221772584,64.99562106442743,65.47624798262473
Afghanistan,AF,AFG,Population,,7825.766,7932.912,8042.655,8150.741,8265.158,8388.801,8519.802,8656.868,8789.935,8948.604,9121.483,9306.683,9502.129,9706.845,9921.791,10150.226,10382.564,10629.354,10884.489,11150.329,11429.926,11705.409,12001.983,12314.016,12624.237,12923.671,13196.031,13485.482,13737.4,13573.734,12764.889,11110.273,10872.483,10963.481,11416.962,11436.742,11403.405,11372.232,11674.364,12073.812,12017.508,12460.25,14097.697,15788.647,16712.942,17418.729,18107.803,18796.38,19523.611,20251.958,20008.696,20559.918,22196.316,23269.782,23851.525,24957.609,25890.58,25929.124,27036.12,27896.081,28672.096,30023.32,31096.748,32148.66,33436.386,34227.141,35174.083,36203.786,37282.292,38429.95,39708.008,40292.816,40864.868,42044.654,43250.33,44437.893,45656.244,46861.567,48079.582,49371.851,50706.953,52045.049,53370.646,54717.862,56001.066,57293.399,58613.923,59944.165,61251.511,62637.433,64058.308,65419.378,66701.061,68049.266,69358.651,70683.748,72085.638,73426.983,74792.486,76238.717,77531.552,78778.551,80136.021,81507.771,82885.848,84271.925,85689.38,87097.919,88449.166,89714.316,91011.156,92256.291,93606.968,94945.273,96332.889,97715.613,98961.907,100192.599,101508.628,102757.149,104076.135,105238.077,106434.247,107692.243,108838.793,109866.945,110932.815,112018.828,113009.801,114157.053,115190.537,116078.114,116954.35,117802.72,118783.225,119665.322,120421.155,121295.358,122092.723,122874.315,123734.676,124485.327,125222.996,125955.826,126657.951,127322.342,127973.182,128637.811,129291.713,129940.523
Albania,AL,ALB,Cement production,kt cement,14.705113,14.562345,14.705113,14.705113,44.11534,66.173009,73.525566,80.878123,73.525566,73.525566,117.452076,117.640906,132.346019,124.993462,146.803571,139.89958,220.576698,301.45482,330.865047,360.628484,360.275273,397.038056,514.678962,559.266256,647.02498,699.010662,749.480337,801.881453,845.135533,999.947697,786.330783,830.838895,838.191452,860.249122,852.896565,845.544008,860.673099,742.980078,757.313329,750.0,600.0,200.0,200.0,100.0,200.0,203.0,100.0,84.0,106.0,180.0,0.0,0.0,578.451,573.221,489.0,525.0,889.0,918.0,1108.0,1300.0,1800.0,2230.0,2000.0,1740.0,1980.0,1680.0,1930.0,1770.0,1770.0,2522.0,2503.0,1730.0,1730.0,1730.0,1461.045616512536,1463.134316464662,1465.223016416789,1467.311716368915,1469.400416321042,1471.489116273169,1473.577816225295,1475.666516177422,1477.755216129548,1479.843916081675,1481.932616033801,1478.869189437349,1475.805762840897,1472.742336244444,1469.678909647992,1466.61548305154,1463.552056455087,1460.488629858635,1457.425203262183,1454.361776665731,1451.298350069278,1448.234923472826,1445.171496876374,1442.108070279921,1439.044643683469,1435.981217087017,1432.96894799194,1429.96299775744,1426.963353128393,1423.970000877481,1420.982927805132,1418.002120739465,1415.027566536227,1412.059252078741,1409.097164277842,1406.141290071824,1403.19161642638,1400.248130334545,1397.31081881664,1394.379668920211,1391.454667719978,1388.535802317773,1385.623059842482,1382.716427449995,1379.815892323141,1376.921441671641,1374.03306273204,1371.150742767663,1368.274469068548,1365.404228951398,1362.54000975952,1359.681798862772,1356.829583657506,1353.983351566512,1351.143090038966,1348.308786550368,1345.480428602494,1342.658003723336,1339.84149946705,1337.030903413898,1334.226203170196,1331.427386368257,1328.634440666341,1325.847353748594,1323.066113324999,1320.290707131319,1317.521122929043,1314.757348505336,1311.999371672978,1309.247180270316,1306.50076216121,1303.760105234976,1301.025197406334,1298.29602661536,1295.572580827421,1292.854848033136
Albania,AL,ALB,Population,,1261.228,1291.503,1325.217,1361.934,1400.24,1437.459,1476.181,1519.731,1568.226,1621.796,1676.978,1720.603,1766.863,1815.707,1867.176,1921.448,1978.641,2038.4,2099.282,2154.468,2207.971,2262.013,2316.518,2371.692,2427.11,2482.608,2538.552,2594.647,2654.595,2708.174,2762.658,2818.168,2875.647,2934.613,2995.303,3057.18,3118.124,3179.553,3246.285,3274.462,3281.47,3283.735,3281.267,3274.382,3264.437,3252.697,3238.659,3220.66,3199.605,3177.586,3154.709,3141.178,3127.006,3109.169,3088.146,3064.172,3037.445,3008.329,2977.532,2945.427,2912.016,2910.992,2909.016,2906.129,2901.37,2895.894,2899.839,2896.646,2891.816,2878.203,2865.704,2833.567,2821.649,2801.661,2781.868,2761.147,2740.903,2721.547,2701.774,2682.047,2661.723,2642.024,2622.295,2601.802,2580.832,2560.328,2539.049,2517.424,2495.766,2472.981,2450.751,2428.288,2406.239,2384.092,2362.43,2340.131,2317.774,2295.955,2273.728,2251.369,2228.962,2207.061,2184.618,2162.04,2139.509,2117.092,2095.054,2072.882,2051.004,2028.96,2007.037,1985.374,1963.712,1941.918,1920.288,1898.689,1877.62,1856.093,1834.721,1813.476,1792.159,1770.661,1749.085,1727.575,1705.37,1683.391,1661.63,1639.461,1617.471,1595.502,1573.105,1550.681,1528.066,1505.497,1483.074,1460.861,1438.891,1417.331,1395.83,1374.724,1354.114,1333.996,1314.388,1295.363,1276.926,1259.091,1241.768,1224.956,1208.614,1192.748
Algeria,DZ,DZA,Cement production,kt cement,448.505952,485.268735,515.150711,661.730094,676.435207,653.898139,713.19799,845.544008,955.832357,1058.76815,1072.824639,874.388654,882.306791,786.723556,743.021235,661.730094,727.587036,867.952934,948.171452,926.422131,963.184914,926.422131,1007.300254,941.127244,948.371229,1396.854986,1779.318696,2698.38827,3771.861533,4154.194476,4463.354297,4396.828844,4808.907105,5536.475116,6095.269417,6455.54469,7543.723067,7197.838494,6815.819964,6340.0,6319.0,6400.0,6400.0,6060.0,6822.0,6500.0,7096.0,7500.0,7500.0,8300.0,8300.0,9000.0,9000.0,11000.0,12800.0,14701.572,15886.0,17397.0,18732.0,19100.0,19000.0,19000.0,18500.0,19260.0,20250.0,22870.0,25330.0,25000.0,26000.0,23000.0,26000.0,28000.0,28000.0,28000.0,27273.898677124,27627.12215675373,27980.34563638346,28333.56911601319,28686.79259564291,29040.01607527265,29393.23955490237,29746.4630345321,30099.68651416183,30452.90999379155,30806.13347342128,31176.17711874766,31546.22076407405,31916.26440940043,32286.30805472681,32656.35170005319,33026.39534537958,33396.43899070595,33766.48263603234,34136.52628135872,34506.5699266851,34876.61357201148,35246.65721733787,35616.70086266425,35986.74450799062,36356.78815331701,36760.55537778238,37168.80671593965,37581.59196696617,37998.96148309345,38420.96617574932,38847.65752176813,39279.08756967005,39715.30894600993,40156.37486179689,40602.33911898496,41053.25611703608,41509.1808595557,41970.1689610023,42436.27665347128,42907.5607935543,43384.07886927469,43865.88900709995,44353.04997903214,44845.62120977695,45343.66278399242,45847.23545361823,46356.40064528627,46871.22046781352,47391.7577197783,47918.07589718045,48450.23920118673,48988.31254596214,49532.36156658829,50082.4526270697,50638.65282842895,51201.03001689174,51769.65279216299,52344.59051579468,52925.91331964665,53513.6921144415,54107.99859841431,54708.90526605854,55316.4854169691,55930.81316478338,56551.96344622196,57180.01203022937,57815.03552721656,58457.11139840599,59106.31796528045,59762.73441913685,60426.4408307461,61097.51816012028,61776.04826638829,62462.11391778116,63155.79880172824
Algeria,DZ,DZA,Population,,9144.061,9395.668,9646.746,9898.544,10130.218,10364.629,10599.735,10835.266,11072.013,11307.232,11542.612,11715.155,11886.386,12077.85,12281.776,12450.175,12729.963,13022.272,13322.956,13628.963,13938.476,14259.396,14594.747,14947.548,15319.456,16037.736,16780.604,17251.383,17762.564,18310.745,18903.603,19537.806,20206.89,20909.341,21634.597,22382.492,23108.505,23778.743,24440.328,25068.643,25682.977,26292.878,26964.257,27589.839,28184.718,28755.663,29310.426,29848.175,30260.091,30688.616,31119.169,31543.274,31958.395,32393.24,32863.332,33355.166,33891.846,34486.986,35146.936,35833.954,36542.517,37264.234,38028.098,38800.245,39609.816,40429.242,41272.2,42106.398,42903.672,43685.42,44398.762,45123.436,45831.343,46497.095,47131.52,47739.103,48317.564,48869.252,49401.793,49908.964,50399.367,50875.35,51351.639,51816.842,52279.165,52754.414,53218.12,53687.432,54156.261,54636.243,55110.709,55593.267,56075.843,56563.342,57049.015,57531.298,58004.035,58464.304,58917.467,59354.849,59776.26,60174.952,60539.302,60890.496,61217.963,61519.475,61804.713,62054.984,62287.895,62497.52,62682.396,62845.343,63006.047,63143.779,63279.334,63401.589,63514.04,63620.913,63721.997,63819.328,63898.576,64001.257,64101.935,64197.581,64294.335,64389.983,64472.321,64557.519,64636.967,64714.868,64786.583,64844.564,64896.851,64946.779,64992.889,65036.544,65074.721,65099.537,65116.436,65114.459,65116.49,65094.998,65067.196,65038.446,64982.075,64920.949,64844.303,64759.831,64658.48,64547.402
Andorra,AD,AND,Cement production,kt cement,,,,,,,,,,,,,,,,,,,,,,,,,,,,,,,,,,,,,,,,0.0,0.0,0.0,0.0,0.0,0.0,0.0,0.0,0.0,0.0,0.0,0.0,0.0,0.0,0.0,0.0,0.0,0.0,0.0,0.0,0.0,0.0,0.0,0.0,0.0,0.0,0.0,0.0,0.0,0.0,0.0,0.0,0.0,0.0,0.0,23.79575518496417,23.84714990458612,23.89854462420807,23.94993934383003,24.00133406345198,24.05272878307394,24.10412350269589,24.15551822231784,24.20691294193979,24.25830766156174,24.3097023811837,24.25944976644223,24.20919715170077,24.1589445369593,24.10869192221784,24.05843930747637,24.00818669273491,23.95793407799345,23.90768146325198,23.85742884851051,23.80717623376905,23.75692361902758,23.70667100428612,23.65641838954465,23.60616577480319,23.55591316006172,23.50649973572579,23.45718996631878,23.40798363440295,23.35888052299666,23.30988041557343,23.26098309606099,23.21218834884035,23.16349595874478,23.11490571105895,23.06641739151792,23.01803078630623,22.96974568205691,22.9215618658506,22.87347912521459,22.82549724812184,22.77761602299012,22.72983523868101,22.682154684499,22.63457415019058,22.58709342594326,22.5397123023847,22.49243057058175,22.44524802203953,22.39816444870055,22.35117964294374,22.30429339758357,22.25750550586912,22.21081576148316,22.16422395854129,22.11772989159095,22.07133335561059,22.02503414600874,21.97883205862308,21.93272688971957,21.88671843599155,21.84080649455884,21.79499086296682,21.74927133918561,21.70364772160908,21.65811980905403,21.61268740075928,21.56735029638481,21.52210829601083,21.47696120013692,21.43190880968117,21.38695092597928,21.34208735078368,21.29731788626269,21.2526423349996,21.20806049999183
Andorra,AD,AND,Population,,6.044,5.593,5.318,5.328,5.876,6.455,7.074,7.725,8.41,9.131,9.889,10.676,11.496,12.334,13.193,14.075,15.177,16.497,17.855,19.255,20.698,22.185,23.729,25.317,26.942,28.605,30.266,31.928,33.542,35.07,36.493,37.844,39.685,41.444,43.102,44.547,46.922,48.384,50.448,50.791,54.403,58.932,61.467,65.077,64.148,63.676,64.292,65.107,65.656,65.763,65.607,66.097,66.915,72.056,76.594,78.247,80.924,82.831,84.158,83.618,77.794,77.772,75.896,74.491,72.983,71.364,72.999,74.526,75.798,77.149,77.611,79.116,80.294,81.418,82.457,83.352,84.154,84.773,85.143,85.545,85.818,85.948,86.021,86.088,86.125,86.222,86.021,85.994,85.888,85.8,85.536,85.419,85.149,84.877,84.479,84.109,83.725,83.305,82.868,82.414,81.976,81.36,80.79,80.123,79.408,78.705,77.956,77.196,76.426,75.631,74.814,73.999,73.173,72.35,71.514,70.684,69.999,69.188,68.371,67.587,66.836,66.158,65.42,64.704,64.029,63.311,62.628,61.885,61.139,60.435,59.736,59.04,58.317,57.611,56.98,56.349,55.684,55.031,54.392,53.728,53.104,52.457,51.811,51.157,50.529,49.893,49.278,48.668,48.077,47.504
Angola,AO,AGO,Cement production,kt cement,0.0,0.0,29.410226,43.655805,73.525566,88.230679,132.346019,169.108802,154.403688,160.685012,155.659003,168.585245,191.166471,213.224141,242.634368,264.692037,279.397151,308.13165,382.836675,448.047357,528.815456,624.459207,772.018442,756.743921,654.377537,301.45482,301.45482,397.038056,397.038056,242.800898,249.986924,249.789929,220.576698,353.181268,352.922717,352.922717,352.922717,999.947697,1000.680259,260.0,260.0,300.0,250.0,240.0,200.0,270.0,301.0,350.0,207.0,201.0,550.0,597.0,700.0,754.0,1315.0,1373.0,1400.0,1780.0,1800.0,1500.0,2000.0,3000.0,4000.0,5100.0,5240.0,3870.0,2570.0,2600.0,2900.0,2800.0,2800.0,2900.0,2900.0,2900.0,3420.911064843963,3527.260631626677,3633.61019840939,3739.959765192104,3846.309331974819,3952.658898757532,4059.008465540247,4165.358032322961,4271.707599105674,4378.057165888388,4484.406732671102,4630.276323653317,4776.145914635534,4922.01550561775,5067.885096599966,5213.754687582183,5359.624278564399,5505.493869546614,5651.363460528832,5797.233051511047,5943.102642493263,6088.972233475481,6234.841824457696,6380.711415439911,6526.581006422128,6672.450597404345,6851.579874804739,7035.518074737207,7224.394298017954,7418.341111316641,7617.494640201026,7821.9946646795,8031.984717308566,8247.612183934127,8469.028407137268,8696.388792457179,8929.852917465723,9169.584643770255,9415.752232023258,9668.528460019552,9928.090743963954,10194.62126299449,10468.3070870486,10749.34030816198,11037.91817529239,11334.24323276288,11638.52346242167,11950.97242961854,12271.80943310005,12601.25965892888,12939.55433853532,13286.9309110118,13643.63318976444,14009.91153363847,14386.02302263779,14772.23163836183,15168.8084492865,15576.03180101917,15994.1875116613,16423.56907241574,16864.47785357955,17317.22331606703,17782.12322861117,18259.50389079622,18749.70036207776,19253.05669695111,19769.92618643302,20300.67160602632,20845.6654703413,21405.29029455284,21979.93886287654,22570.01450425237,23175.9313754295,23798.11475165064,24437.00132514033,25093.03951160629
Angola,AO,AGO,Population,,4579.359,4625.764,4677.611,4735.107,4798.327,4867.201,4941.34,5019.944,5102.324,5187.881,5275.427,5327.74,5380.879,5435.761,5492.613,5551.349,5611.424,5672.19,5733.209,5794.161,5911.415,6070.789,6277.736,6499.32,6727.414,6958.479,7190.85,7444.809,7708.658,7985.756,8281.987,8589.227,8914.07,9251.895,9599.94,9958.299,10320.6,10675.115,11047.467,11429.657,11823.062,12223.995,12623.43,13030.839,13468.69,13930.866,14411.08,14909.745,15408.995,15925.474,16464.263,17030.152,17625.247,18262.177,18938.669,19643.652,20386.906,21170.217,21987.093,22842.454,23747.196,24689.507,25665.281,26665.959,27655.58,28660.016,29706.124,30763.554,31830.756,32920.509,33981.756,35083.102,36186.956,37312.856,38458.843,39621.234,40809.125,42021.124,43262.228,44521.473,45799.443,47100.486,48418.533,49764.415,51130.496,52512.94,53918.938,55332.804,56774.756,58229.076,59701.567,61180.79,62675.037,64186.718,65703.879,67224.778,68776.418,70331.922,71905.646,73497.124,75093.665,76691.987,78311.944,79934.971,81570.461,83213.98,84850.428,86508.392,88163.686,89819.497,91476.331,93145.645,94794.337,96455.896,98109.662,99756.798,101400.14,103038.686,104677.686,106319.64,107954.512,109581.08,111201.731,112827.068,114434.549,116007.134,117569.726,119142.582,120707.621,122234.603,123790.195,125295.579,126782.425,128249.047,129723.06,131184.961,132632.185,134037.204,135459.002,136867.726,138245.696,139594.002,140904.755,142195.354,143474.941,144730.108,145951.557,147147.615,148339.123,149486.497
Anguilla,AI,AIA,Cement production,kt cement,,,,,,,,,,,,,,,,,,,,,,,,,,,,,,,,,,,,,,,,0.0,0.0,0.0,0.0,0.0,0.0,0.0,0.0,0.0,0.0,0.0,0.0,0.0,0.0,0.0,0.0,0.0,0.0,0.0,0.0,0.0,0.0,0.0,0.0,0.0,0.0,0.0,0.0,0.0,0.0,0.0,0.0,0.0,0.0,0.0,3.937698233498951,3.989879759529007,4.042061285559066,4.094242811589123,4.14642433761918,4.198605863649238,4.250787389679296,4.302968915709353,4.35515044173941,4.407331967769467,4.459513493799525,4.478646720010547,4.497779946221566,4.516913172432588,4.536046398643609,4.55517962485463,4.574312851065652,4.593446077276672,4.612579303487694,4.631712529698714,4.650845755909735,4.669978982120757,4.689112208331778,4.708245434542799,4.72737866075382,4.746511886964841,4.766289076544923,4.786148671317913,4.806091014639766,4.826116451297092,4.846225327513115,4.866417990953658,4.88669479073316,4.907056077420704,4.927502203046084,4.948033521105888,4.968650386569609,4.989353155885789,5.010142186988171,5.031017839301892,5.051980473749706,5.07303045275821,5.094168140264115,5.115393901720544,5.136708104103341,5.158111115917423,5.17960330720315,5.20118504954272,5.222856716066592,5.244618681459941,5.266471321969138,5.288415015408249,5.310450141165567,5.33257708021018,5.354796215098549,5.377107929981123,5.399512610608985,5.422010644340518,5.444602420148103,5.467288328624842,5.490068761991317,5.512944114102363,5.535914780453885,5.558981158189688,5.582143646108352,5.605402644670122,5.628758556003827,5.652211783913847,5.675762733887073,5.699411813099941,5.723159430425452,5.747005996440257,5.770951923431739,5.794997625405157,5.819143518090796,5.843390018951154
Anguilla,AI,AIA,Population,,5.114,5.307,5.431,5.575,5.713,5.769,5.792,5.8,5.789,5.765,5.798,5.847,5.903,5.944,5.995,6.04,6.103,6.157,6.209,6.267,6.33,6.38,6.426,6.468,6.489,6.509,6.532,6.553,6.569,6.584,6.592,6.616,6.639,6.655,6.829,7.08,7.358,7.633,7.932,8.248,8.55,8.855,9.109,9.347,9.587,9.841,10.114,10.393,10.68,11.002,11.351,11.592,11.781,11.968,12.167,12.366,12.573,12.779,13.0,13.227,13.462,13.677,13.081,13.423,14.034,14.385,14.256,14.594,14.848,14.799,14.887,14.062,14.297,14.523,14.674,14.782,14.852,14.896,14.933,14.962,14.993,15.014,15.042,15.05,15.075,15.09,15.088,15.068,15.051,15.021,15.006,14.995,14.989,14.958,14.921,14.864,14.81,14.716,14.657,14.592,14.512,14.427,14.341,14.253,14.172,14.084,13.982,13.88,13.795,13.686,13.588,13.483,13.383,13.258,13.149,13.045,12.922,12.822,12.716,12.599,12.498,12.394,12.29,12.189,12.08,11.974,11.871,11.76,11.661,11.549,11.443,11.339,11.223,11.118,11.01,10.898,10.791,10.682,10.571,10.466,10.353,10.233,10.132,10.022,9.916,9.808,9.694,9.58,9.468,9.369
Antigua and Barbuda,AG,ATG,Cement production,kt cement,,,,,,,0.0,0.0,0.0,0.0,0.0,0.0,0.0,0.0,0.0,0.0,0.0,0.0,0.0,0.0,0.0,0.0,0.0,0.0,0.0,0.0,0.0,0.0,0.0,0.0,0.0,0.0,0.0,0.0,0.0,0.0,0.0,0.0,0.0,0.0,0.0,0.0,0.0,0.0,0.0,0.0,0.0,0.0,0.0,0.0,0.0,0.0,0.0,0.0,0.0,0.0,0.0,0.0,0.0,0.0,0.0,0.0,0.0,0.0,0.0,0.0,0.0,0.0,0.0,0.0,0.0,0.0,0.0,0.0,25.36443792918773,25.70056197921773,26.03668602924775,26.37281007927776,26.70893412930777,27.04505817933778,27.38118222936779,27.7173062793978,28.05343032942782,28.38955437945782,28.72567842948783,28.84892391449884,28.97216939950984,29.09541488452085,29.21866036953185,29.34190585454285,29.46515133955386,29.58839682456486,29.71164230957586,29.83488779458687,29.95813327959787,30.08137876460888,30.20462424961988,30.32786973463089,30.45111521964188,30.57436070465289,30.70175423959932,30.82967858246364,30.95813594495184,31.08712854798538,31.21665862173961,31.34672840568228,31.4773401486123,31.60849610869858,31.74019855351912,31.87244976010017,32.00525201495562,32.13860761412654,32.27251886322085,32.4069880774532,32.54201758168501,32.67760971046463,32.81376680806774,32.95049122853785,33.08778533572702,33.22565150333671,33.36409211495886,33.50310956411705,33.6427062543079,33.78288459904262,33.92364702188879,34.06499595651217,34.20693384671884,34.34946314649743,34.49258632006157,34.63630584189246,34.78062419678166,34.92554387987407,35.07106739671107,35.2171972632738,35.3639360060267,35.51128616196117,35.65925027863943,35.8078309142386,35.95703063759487,36.10685202824797,36.25729767648572,36.40837018338887,36.56007216087598,36.7124062317487,36.86537502973702,37.01898119954483,37.17322739689567,37.32811628857861,37.48365055249439,37.63983287770169
Antigua and Barbuda,AG,ATG,Population,,45.939,46.901,47.893,48.872,49.87,50.878,51.886,52.923,53.991,55.06,56.146,56.934,57.737,58.539,59.502,60.438,61.361,62.314,63.304,64.334,64.721,64.737,64.493,64.191,63.926,63.752,63.772,63.953,64.124,64.424,64.601,64.728,64.842,65.026,64.739,64.443,64.11,63.782,63.463,63.188,62.945,63.829,64.98,66.194,67.491,68.886,70.337,71.769,73.056,74.277,75.547,76.591,77.473,78.295,79.144,80.077,81.131,82.277,83.547,84.799,85.842,86.822,87.698,88.431,89.099,89.719,90.219,90.717,91.135,91.592,92.1,92.598,93.082,93.549,93.994,94.423,94.828,95.191,95.546,95.863,96.137,96.371,96.596,96.768,96.943,97.072,97.146,97.173,97.19,97.163,97.104,97.004,96.881,96.714,96.529,96.31,96.072,95.813,95.535,95.225,94.885,94.535,94.162,93.764,93.343,92.917,92.522,92.082,91.629,91.199,90.74,90.267,89.801,89.3,88.811,88.292,87.786,87.237,86.695,86.139,85.591,85.01,84.422,83.848,83.259,82.693,82.098,81.479,80.862,80.224,79.602,78.99,78.37,77.74,77.118,76.519,75.882,75.251,74.645,74.038,73.432,72.82,72.214,71.634,71.051,70.472,69.897,69.326,68.789,68.243
Argentina,AR,ARG,Cement production,kt cement,1558.741998,1551.389442,1654.325234,1705.623112,1867.549375,2066.068403,2367.523224,2470.459016,2367.523224,2639.567818,2904.259855,2926.317525,2536.632025,2911.420833,3301.297911,3485.111826,3551.682249,4176.252146,4345.360948,4742.399004,5529.122559,5448.244437,5183.5524,5389.423984,5462.94955,5713.146424,5999.467908,6315.846115,6668.768832,7131.979897,6646.711162,5624.905232,5624.705795,5220.494896,4631.941809,5551.180229,6301.141002,6051.336754,4470.35441,3611.6,4339.1,5050.6,5647.2,6306.0,5477.1,5117.3,6768.7,7091.8,7186.6,6121.3,5545.1,3910.8,5217.4,6254.064,7594.507,8929.376,9602.25,9703.265,9384.901,10423.089,11592.31,10716.255,11891.837,11408.393,12192.563,10898.581,11960.151,11841.499,11081.73,9870.954,12116.862,13029.449,12569.698,9593.28,9101.923900190832,9222.540628735662,9343.157357280495,9463.77408582533,9584.390814370161,9705.007542914993,9825.624271459827,9946.241000004658,10066.85772854949,10187.47445709432,10308.09118563916,10352.31731943893,10396.5434532387,10440.76958703847,10484.99572083824,10529.22185463802,10573.44798843779,10617.67412223756,10661.90025603733,10706.1263898371,10750.35252363688,10794.57865743665,10838.80479123642,10883.03092503619,10927.25705883596,10971.48319263574,11017.19783704047,11063.10295967648,11109.19935420535,11155.48781759558,11201.96915013638,11248.64415545152,11295.51364051321,11342.57841565606,11389.83929459105,11437.29709441968,11484.95263564802,11532.80674220094,11580.86024143631,11629.11396415937,11677.56874463704,11726.22542061238,11775.08483331903,11824.14782749579,11873.41525140123,11922.88795682832,11972.56679911919,12022.4526371799,12072.54633349531,12122.84875414394,12173.36076881303,12224.08325081349,12275.01707709505,12326.16312826142,12377.52228858547,12429.09544602458,12480.88349223595,12532.88732259203,12585.10783619602,12637.54593589735,12690.20252830737,12743.07852381498,12796.17483660237,12849.49238466084,12903.03208980667,12956.79487769704,13010.78167784604,13064.99342364078,13119.43105235745,13174.0955051776,13228.98772720437,13284.10866747886,13339.45927899647,13395.04051872348,13450.85334761351,13506.89873062418
Argentina,AR,ARG,Population,,17186.391,17526.543,17871.212,18211.391,18551.034,18881.023,19218.906,19547.163,19881.344,20217.875,20554.215,20898.337,21246.74,21596.67,21942.237,22283.022,22624.763,22973.355,23327.811,23689.611,24067.043,24447.373,24841.283,25250.727,25671.974,26076.241,26488.325,26915.285,27349.03,27788.76,28234.433,28693.485,29155.038,29627.626,30098.56,30574.321,31049.639,31533.884,32027.18,32514.716,32997.086,33463.502,33923.553,34381.88,34845.103,35294.937,35732.648,36162.935,36582.785,37006.579,37421.389,37828.262,38230.436,38618.128,39013.703,39419.876,39824.354,40209.172,40639.124,41070.538,41506.849,41954.472,42368.971,42795.94,43252.203,43701.821,44098.806,44478.982,44830.781,45116.15,45267.779,45356.784,45459.024,45617.778,45774.54,45928.215,46079.253,46227.431,46372.462,46515.067,46654.977,46792.494,46927.26,47059.773,47189.298,47314.69,47436.04,47552.984,47664.591,47769.055,47866.234,47954.762,48034.251,48104.871,48166.187,48217.495,48257.861,48287.123,48304.93,48311.619,48306.268,48287.927,48256.811,48212.663,48156.563,48087.895,48006.821,47914.399,47811.328,47699.324,47578.053,47448.9,47312.595,47169.78,47020.805,46866.019,46706.128,46540.831,46369.229,46191.796,46009.153,45820.613,45627.039,45427.367,45221.002,45009.243,44791.012,44567.123,44335.881,44098.307,43854.148,43603.559,43346.317,43082.972,42814.27,42539.997,42261.325,41978.71,41692.263,41401.967,41108.106,40811.761,40513.22,40213.219,39912.667,39611.05,39309.197,39007.602,38706.442,38405.794
Armenia,AM,ARM,Cement production,kt cement,48.770996,55.55599,62.967955,75.017204,88.930327,98.453863,114.592068,132.261629,154.216566,181.234768,202.754211,228.820316,243.874322,259.879293,290.098789,320.986548,340.550143,352.087738,361.758508,384.206755,406.607501,424.680563,447.92759,473.215452,503.939429,509.065226,516.625425,512.231433,492.507309,496.716073,504.969525,490.976237,508.563455,516.280096,518.422075,534.62551,542.417978,549.41571,551.810189,537.065607,505.768314,400.0,200.0,100.0,228.0,282.0,297.0,300.0,287.0,219.0,300.0,355.0,384.0,501.0,605.0,625.0,722.0,770.0,467.0,488.0,422.0,438.0,431.0,422.0,417.0,267.0,356.0,546.0,591.0,715.0,744.0,1004.0,1004.0,1004.0,1077.263157319396,1086.470534732383,1095.677912145369,1104.885289558355,1114.092666971341,1123.300044384328,1132.507421797314,1141.7147992103,1150.922176623287,1160.129554036273,1169.336931449259,1174.861357897051,1180.385784344843,1185.910210792635,1191.434637240426,1196.959063688218,1202.48349013601,1208.007916583802,1213.532343031593,1219.056769479385,1224.581195927177,1230.105622374969,1235.630048822761,1241.154475270552,1246.678901718344,1252.203328166136,1257.932099841103,1263.687080378613,1269.468389682987,1275.276148207102,1281.110476954901,1286.971497483916,1292.859331907797,1298.774102898861,1304.715933690641,1310.684948080462,1316.681270432013,1322.705025677941,1328.756339322458,1334.835337443946,1340.942146697594,1347.076894318031,1353.239708121979,1359.430716510914,1365.650048473746,1371.8978335895,1378.17420203002,1384.479284562681,1390.81321255311,1397.176117967931,1403.568133377502,1409.989391958691,1416.440027497639,1422.920174392553,1429.429967656509,1435.969542920258,1442.539036435057,1449.138585075505,1455.768326342397,1462.428398365586,1469.118939906866,1475.840090362856,1482.59198976791,1489.374778797032,1496.188598768808,1503.033591648349,1509.909900050251,1516.817667241565,1523.757037144781,1530.728154340828,1537.731164072087,1544.766212245415,1551.833445435186,1558.933010886346,1566.065056517478,1573.229730923888
Armenia,AM,ARM,Population,,1399.497,1435.07,1473.143,1514.012,1557.945,1605.071,1656.566,1711.702,1770.066,1831.951,1895.459,1959.509,2023.869,2088.177,2152.094,2215.175,2277.142,2337.841,2396.797,2451.263,2500.002,2550.689,2603.468,2658.253,2714.637,2772.683,2863.647,2962.008,3063.605,3093.398,3121.432,3149.265,3177.023,3206.055,3243.039,3277.825,3311.87,3345.17,3365.08,3521.12,3583.135,3644.818,3498.905,3407.76,3321.46,3293.703,3263.768,3228.81,3187.992,3146.58,3104.677,3064.022,3047.238,3030.699,3014.383,2998.319,2982.435,2967.203,2952.777,2938.256,2923.9,2922.641,2922.414,2922.622,2922.222,2920.133,2917.452,2912.475,2907.454,2900.489,2881.296,2859.401,2902.348,2984.438,2963.243,2941.486,2920.344,2900.647,2880.986,2861.04,2841.543,2822.121,2803.453,2784.613,2766.122,2747.328,2729.002,2710.853,2693.087,2674.555,2656.491,2638.932,2621.299,2604.107,2587.544,2570.896,2554.128,2537.265,2520.401,2503.559,2486.855,2469.85,2452.663,2436.597,2419.535,2403.007,2386.212,2369.008,2352.246,2334.997,2317.775,2300.419,2283.329,2265.71,2247.923,2229.823,2211.629,2193.302,2174.718,2156.218,2137.71,2119.177,2100.505,2081.76,2063.259,2044.99,2027.296,2009.636,1992.088,1974.96,1958.063,1941.412,1925.094,1909.429,1894.064,1879.072,1864.27,1850.06,1836.28,1822.842,1809.63,1796.645,1783.976,1771.378,1758.909,1746.712,1734.603,1722.462,1710.326,1698.238
Aruba,AW,ABW,Cement production,kt cement,0.0,0.0,0.0,0.0,0.0,0.0,0.0,0.0,0.0,0.0,0.0,0.0,0.0,0.0,0.0,0.0,0.0,0.0,0.0,0.0,0.0,0.0,0.0,0.0,0.0,0.0,0.0,0.0,0.0,0.0,0.0,0.0,0.0,0.0,0.0,0.0,0.0,0.0,0.0,0.0,0.0,0.0,0.0,0.0,0.0,0.0,0.0,0.0,0.0,0.0,0.0,0.0,0.0,0.0,0.0,0.0,0.0,0.0,0.0,0.0,0.0,0.0,0.0,0.0,0.0,0.0,0.0,0.0,0.0,0.0,0.0,0.0,0.0,0.0,29.2850546376085,29.67313385298964,30.0612130683708,30.44929228375196,30.83737149913311,31.22545071451426,31.61352992989541,32.00160914527656,32.38968836065771,32.77776757603886,33.16584679142002,33.30814250372644,33.45043821603286,33.59273392833929,33.73502964064571,33.87732535295213,34.01962106525855,34.16191677756498,34.3042124898714,34.44650820217782,34.58880391448424,34.73109962679067,34.87339533909709,35.01569105140351,35.15798676370993,35.30028247601636,35.44736740814849,35.59506519592209,35.74337839290963,35.89230956332354,36.04186128206046,36.19203613474583,36.34283671777855,36.49426563837588,36.64632551461851,36.79901897549583,36.95234866095139,37.10631722192854,37.26092732041626,37.41618162949516,37.57208283338374,37.72863362748478,37.88583671843192,38.04369482413649,38.20221067383446,38.36138700813365,38.52122657906115,38.68173215011083,38.84290649629116,39.00475240417316,39.16727267193862,39.33047010942846,39.49434753819126,39.65890779153215,39.82415371456167,39.99008816424507,40.15671400945163,40.32403413100427,40.49205142172943,40.66076878650696,40.83018914232047,41.00031541830766,41.17115055581103,41.3426975084287,41.51495924206548,41.68793873498418,41.86163897785702,42.03606297381744,42.21121373851194,42.38709430015228,42.56370769956776,42.74105699025792,42.91914523844514,43.09797552312784,43.27755093613364,43.45787458217278
Aruba,AW,ABW,Population,,43.282,44.434,45.624,46.867,48.121,49.415,50.712,52.018,53.318,54.645,55.199,55.958,56.682,57.321,57.917,58.463,58.926,59.055,59.084,59.02,58.881,58.68,59.111,59.76,60.484,61.141,61.401,61.621,61.817,61.975,62.103,62.429,62.875,63.318,63.621,63.702,63.541,63.275,63.132,63.648,65.218,67.868,69.879,72.264,74.652,77.184,79.78,82.433,85.121,87.822,89.701,90.909,91.848,92.772,93.653,94.807,95.978,97.196,98.413,99.638,100.589,101.373,102.154,102.961,103.784,104.585,105.368,106.093,106.771,107.381,107.42,107.696,107.868,108.009,108.122,108.173,108.155,108.127,108.045,107.937,107.79,107.576,107.371,107.108,106.816,106.539,106.211,105.854,105.478,105.091,104.686,104.284,103.868,103.433,102.951,102.452,101.916,101.391,100.852,100.284,99.72,99.108,98.504,97.887,97.279,96.728,96.173,95.603,95.051,94.486,93.928,93.391,92.86,92.323,91.834,91.344,90.858,90.401,89.932,89.464,89.023,88.588,88.16,87.734,87.305,86.867,86.45,86.019,85.591,85.157,84.721,84.278,83.833,83.37,82.897,82.431,81.961,81.482,80.996,80.499,80.002,79.497,78.996,78.481,77.98,77.451,76.94,76.422,75.918,75.415
Australia,AU,AUS,Cement production,kt cement,1235.229508,1360.22297,1595.603136,1911.664715,1992.542837,2139.593969,2323.407884,2455.753903,2617.510148,2793.971506,2860.260297,2933.670081,3117.483996,3624.688436,3801.27176,3676.278298,3823.329429,3926.265222,4308.598165,4507.005234,4683.578551,4933.680354,5249.725409,5205.610069,5014.443598,5058.558937,5021.894219,4992.385928,5242.372852,5389.334457,6007.038738,5742.346701,4837.98224,5462.94955,5889.397833,5926.160616,5867.424174,6396.724238,6896.698086,7070.0,6108.0,5412.0,5500.0,6500.0,6500.0,6250.0,6450.0,6850.0,7450.0,7500.0,7500.0,7550.0,8000.0,8000.0,8475.0,9000.0,9200.0,9400.0,9200.0,8300.0,8600.0,8500.0,8400.0,9000.0,9500.0,9600.0,9700.0,10200.0,9900.0,9600.0,9800.0,10000.0,10000.0,10000.0,10170.92478994182,10247.39790866319,10323.87102738456,10400.34414610592,10476.81726482729,10553.29038354866,10629.76350227003,10706.23662099139,10782.70973971276,10859.18285843413,10935.65597715549,10991.73626421783,11047.81655128016,11103.8968383425,11159.97712540484,11216.05741246717,11272.13769952951,11328.21798659184,11384.29827365418,11440.37856071652,11496.45884777885,11552.53913484119,11608.61942190352,11664.69970896586,11720.7799960282,11776.86028309053,11835.18819882714,11893.8049984999,11952.71211288048,12011.9109798268,12071.40304431812,12131.18975849037,12191.27258167151,12251.65298041724,12312.33242854672,12373.31240717859,12434.5944047671,12496.17991713846,12558.07044752735,12620.26750661359,12682.77261255903,12745.58729104461,12808.71307530758,12872.15150617897,12935.90413212116,12999.97250926566,13064.35820145115,13129.06278026162,13194.08782506471,13259.4349230503,13325.10566926924,13391.10166667225,13457.42452614911,13524.07586656791,13591.05731481463,13658.37050583279,13726.01708266341,13793.99869648508,13862.31700665427,13930.97368074585,13999.97039459378,14069.30883233201,14138.99068643558,14209.01765776199,14279.39145559263,14350.11379767456,14421.18641026242,14492.61102816057,14564.38939476544,14636.52326210805,14709.01439089684,14781.86455056059,14855.07551929162,14928.64908408921,15002.58704080322,15076.89119417791
Australia,AU,AUS,Population,,8304.6,8532.62,8728.789,8903.373,9095.393,9314.969,9534.354,9743.196,9952.077,10167.995,10393.631,10607.255,10807.217,11019.313,11237.188,11477.766,11707.204,11913.834,12146.192,12398.569,12800.253,13195.675,13414.117,13623.253,13815.736,13972.242,14121.268,14285.749,14448.447,14617.623,14825.071,15073.333,15311.637,15518.149,15723.157,15948.338,16190.928,16453.609,16734.589,17004.135,17248.461,17457.924,17640.653,17805.169,17989.698,18200.991,18409.624,18600.201,18803.233,19016.729,19248.213,19482.653,19708.057,19930.852,20162.502,20426.478,20754.641,21154.456,21586.721,21979.301,22303.86,22655.69,23049.598,23422.943,23768.258,24127.746,24532.18,24929.897,25309.514,25655.914,25831.668,26081.167,26320.802,26581.446,26844.964,27103.088,27351.104,27597.438,27840.238,28072.905,28304.174,28531.414,28752.429,28970.774,29187.209,29405.127,29622.099,29831.175,30044.909,30251.945,30462.956,30677.588,30895.079,31109.348,31322.839,31539.406,31761.57,31970.869,32192.373,32401.987,32611.952,32820.222,33023.594,33227.552,33434.945,33643.673,33847.012,34051.096,34262.535,34462.733,34662.633,34866.752,35071.672,35279.259,35475.901,35678.977,35890.727,36103.806,36318.24,36531.164,36739.081,36940.264,37142.551,37347.566,37556.139,37763.031,37968.296,38179.305,38388.709,38597.005,38804.682,39022.083,39232.369,39449.919,39655.558,39863.078,40077.588,40299.278,40533.321,40759.661,40993.747,41229.092,41460.325,41689.12,41905.168,42127.78,42358.925,42595.326,42818.144,43035.124
Austria,AT,AUT,Cement production,kt cement,1478.09661,1389.633196,1396.985753,1624.915008,1860.196819,1933.97355,2132.241413,2154.299082,2418.99112,2830.734289,3080.721213,3058.994389,3308.650468,3772.216733,4043.906127,4500.184978,4543.879976,4551.626647,4558.959142,4808.919881,5491.973643,6345.256342,6257.025662,6433.487021,5632.058352,5882.414542,5632.058352,5882.420526,5610.000682,5455.214547,5286.488192,5014.443598,4904.155249,4896.47354,4558.585089,4565.937646,4521.822306,4764.456674,4749.42974,4900.0,5016.0,5031.0,4941.0,4828.0,3843.0,3874.0,3852.0,3850.0,3817.0,3776.0,3802.0,3918.0,3886.0,4355.7,4559.7,4852.2,5202.5,5309.0,4646.0,4254.0,4427.0,4455.0,4385.0,4400.0,4700.0,4800.0,5058.0,5421.0,5264.0,5404.0,5624.0,5600.0,5600.0,5600.0,5341.283146580391,5352.81939527711,5364.355643973827,5375.891892670546,5387.428141367262,5398.964390063981,5410.500638760699,5422.036887457417,5433.573136154136,5445.109384850853,5456.64563354757,5445.365745933002,5434.085858318434,5422.805970703864,5411.526083089297,5400.246195474728,5388.966307860159,5377.686420245591,5366.406532631021,5355.126645016453,5343.846757401884,5332.566869787315,5321.286982172747,5310.007094558178,5298.72720694361,5287.447319329041,5276.355799494145,5265.287546427656,5254.242511322692,5243.220645474752,5232.221900281505,5221.246227242568,5210.293577959305,5199.363904134602,5188.457157572658,5177.573290178772,5166.712253959137,5155.874001020617,5145.058483570542,5134.265653916503,5123.495464466129,5112.747867726888,5102.022816305872,5091.320262909589,5080.640160343755,5069.982461513089,5059.347119421097,5048.734087169873,5038.143317959889,5027.574765089788,5017.028381956178,5006.504122053431,4996.001938973469,4985.521786405568,4975.063618136151,4964.627388048578,4954.213050122957,4943.820558435927,4933.449867160459,4923.100930565659,4912.773703016564,4902.468138973935,4892.184192994067,4881.921819728578,4871.680973924216,4861.461610422657,4851.263684160304,4841.087150168093,4830.931963571291,4820.798079589296,4810.685453535448,4800.594040816824,4790.523796934041,4780.474677481068,4770.446638145022,4760.439634705976
Austria,AT,AUT,Population,,6935.09,6925.877,6928.627,6935.536,6944.247,6949.063,6955.465,6976.204,6998.472,7030.057,7064.491,7107.624,7151.534,7199.453,7247.336,7293.494,7349.543,7403.035,7426.212,7454.391,7478.247,7521.022,7565.496,7604.715,7591.218,7564.442,7564.472,7570.199,7552.21,7544.472,7552.34,7582.772,7563.385,7558.941,7562.488,7566.13,7572.66,7575.971,7594.713,7646.1,7713.149,7801.131,7884.293,7930.698,7945.612,7955.031,7966.798,7972.809,7984.122,8003.663,8022.193,8062.272,8101.001,8144.203,8202.779,8255.63,8284.167,8309.737,8336.768,8353.363,8376.82,8409.72,8453.482,8509.331,8586.304,8701.773,8774.058,8823.497,8859.804,8901.948,8940.862,8993.251,9136.103,9124.755,9116.871,9110.277,9104.255,9098.731,9093.799,9085.728,9074.965,9063.212,9049.807,9037.164,9021.655,9006.761,8991.73,8973.661,8959.14,8942.441,8925.682,8909.437,8891.911,8874.445,8854.55,8834.91,8813.488,8790.317,8765.375,8738.136,8710.528,8682.843,8653.0,8620.421,8587.351,8553.918,8520.105,8483.689,8447.947,8412.174,8377.217,8342.994,8308.246,8274.099,8242.324,8209.22,8176.879,8146.186,8116.426,8086.683,8058.829,8031.739,8003.694,7977.2,7950.047,7924.569,7898.754,7870.72,7843.691,7817.924,7793.598,7768.64,7743.338,7718.18,7692.513,7668.218,7645.483,7623.959,7601.43,7579.251,7559.122,7539.736,7522.121,7504.682,7488.479,7471.269,7454.617,7437.566,7422.072,7406.83
Azerbaijan,AZ,AZE,Cement production,kt cement,98.445158,112.140796,127.101983,151.423616,179.507513,198.730945,231.306211,266.972547,311.288995,365.825736,409.263129,461.878045,492.264835,524.571166,585.569778,647.917291,687.406771,710.695619,730.216247,775.528451,820.744771,857.22558,904.150135,955.194153,1017.211071,1027.557586,1042.817987,1033.948633,994.135123,1002.630591,1019.290338,991.044627,1026.544751,1042.120934,1046.444559,1079.151492,1094.880734,1109.005784,1113.839084,1084.076874,1020.902708,800.0,600.0,467.0,196.0,223.0,315.0,201.0,177.0,200.0,523.0,848.0,1012.7,1427.5,1537.9,1622.0,1692.8,1595.0,1286.0,1279.0,1425.0,1966.0,2296.0,2941.0,2683.0,2310.0,2955.0,3445.0,3488.0,3237.0,3439.0,3561.0,3561.0,3561.0,3820.85070041272,3853.507544005991,3886.164387599262,3918.821231192533,3951.478074785804,3984.134918379075,4016.791761972347,4049.448605565618,4082.105449158889,4114.76229275216,4147.419136345431,4167.013242501394,4186.607348657356,4206.201454813319,4225.795560969282,4245.389667125244,4264.983773281208,4284.57787943717,4304.171985593132,4323.766091749095,4343.360197905058,4362.954304061021,4382.548410216983,4402.142516372945,4421.736622528909,4441.330728684871,4461.649609097777,4482.061447438487,4502.566668985176,4523.165700961644,4543.858972546219,4564.646914880703,4585.52996107935,4606.508546237892,4627.583107442604,4648.754083779409,4670.021916343027,4691.387048246165,4712.849924628758,4734.410992667224,4756.070701583798,4777.829502655885,4799.687849225466,4821.646196708532,4843.705002604593,4865.864726506185,4888.125830108467,4910.488777218831,4932.95403376656,4955.522067812552,4978.19334955905,5000.96835135946,5023.847547728178,5046.83141535048,5069.920433092459,5093.115082010995,5116.415845363783,5139.823208619395,5163.337659467406,5186.959687828539,5210.689785864891,5234.528447990169,5258.476170880007,5282.533453482301,5306.700797027614,5330.978705039612,5355.367683345563,5379.868240086867,5404.480885729648,5429.206133075389,5454.044497271616,5478.996495822633,5504.062648600297,5529.243477854858,5554.539508225836,5579.951266752953
Azerbaijan,AZ,AZE,Population,,3158.563,3215.743,3278.259,3346.95,3422.472,3505.701,3597.071,3696.665,3804.732,3920.917,4044.496,4173.463,4305.351,4438.746,4568.562,4692.064,4811.737,4922.864,5030.102,5133.445,5234.206,5332.803,5429.032,5524.186,5620.264,5718.255,5863.826,6011.455,6138.7,6235.567,6333.848,6437.36,6545.509,6659.143,6753.42,6846.207,6936.487,7018.828,7143.984,7191.186,7270.968,7357.648,7453.912,7554.318,7663.468,7775.095,7886.869,7985.574,8066.034,8134.909,8214.662,8288.879,8363.388,8437.672,8542.076,8652.42,8770.34,8886.283,8998.994,9093.678,9200.023,9312.277,9440.084,9568.734,9693.542,9812.158,9924.698,10012.321,10067.248,10153.702,10209.758,10258.983,10331.625,10304.789,10368.366,10427.06,10482.65,10536.198,10588.992,10640.514,10690.246,10739.024,10786.83,10832.799,10877.222,10920.109,10960.582,10998.892,11033.82,11066.752,11095.919,11121.918,11144.772,11164.879,11181.363,11196.238,11207.141,11216.375,11222.553,11224.531,11225.315,11223.605,11220.17,11214.108,11206.839,11197.111,11185.495,11172.045,11158.744,11143.76,11127.38,11110.208,11093.679,11076.224,11057.905,11037.971,11017.814,10995.943,10973.311,10949.97,10924.424,10898.082,10870.939,10842.528,10814.196,10784.123,10754.362,10723.554,10692.927,10661.035,10628.692,10596.431,10564.502,10533.481,10502.246,10471.064,10440.654,10410.072,10380.158,10350.219,10320.006,10290.288,10260.393,10230.086,10199.385,10168.004,10136.857,10104.813,10071.88,10038.455
Bahamas,BS,BHS,Cement production,kt cement,0.0,0.0,0.0,0.0,0.0,0.0,0.0,0.0,0.0,0.0,0.0,0.0,0.0,0.0,0.0,0.0,683.787763,683.787763,816.133782,830.838895,830.838895,985.242584,955.832357,794.076112,382.332943,272.044594,73.525566,330.865047,448.505952,470.563622,29.410226,66.173009,22.05767,0.0,0.0,0.0,0.0,0.0,0.0,0.0,0.0,0.0,0.0,0.0,0.0,0.0,0.0,0.0,0.0,0.0,0.0,0.0,0.0,0.0,0.0,0.0,0.0,0.0,0.0,0.0,0.0,0.0,0.0,0.0,0.0,0.0,0.0,0.0,0.0,0.0,0.0,0.0,0.0,0.0,108.5533630071639,109.9918887147002,111.4304144222365,112.8689401297728,114.3074658373091,115.7459915448455,117.1845172523818,118.6230429599181,120.0615686674544,121.5000943749907,122.9386200825271,123.4660795086237,123.9935389347203,124.520998360817,125.0484577869137,125.5759172130103,126.103376639107,126.6308360652036,127.1582954913003,127.6857549173969,128.2132143434936,128.7406737695902,129.2681331956869,129.7955926217835,130.3230520478802,130.8505114739768,131.3957235020302,131.943207253382,132.4929721935733,133.0450278275846,133.5993837000011,134.1560493951768,134.7150345374008,135.2763487910637,135.8400018608241,136.4060034917772,136.9743634696225,137.5450916208338,138.1181978128283,138.6936919541377,139.2715839945793,139.8518839254282,140.4346017795898,141.0197476317735,141.6073315986668,142.19736383911,142.7898545542723,143.3848139878276,143.9822524261321,144.5821801984019,145.1846076768915,145.7895452770735,146.3970034578182,147.0069927215747,147.6195236145525,148.2346067269037,148.8522526929062,149.4724721911475,150.0952759447094,150.7206747213533,151.3486793337062,151.9793006394482,152.6125495414997,153.2484369882099,153.8869739735465,154.5281715372855,155.172040765202,155.8185927892619,156.4678387878146,157.119789985786,157.7744576548727,158.4318531137368,159.0919877282016,159.7548729114481,160.4205201242126,161.0889408749843
Bahamas,BS,BHS,Population,,83.92,85.251,87.076,89.398,92.25,95.594,99.416,103.659,108.338,113.496,119.138,125.256,131.729,138.445,144.611,151.292,158.456,166.078,174.099,181.863,188.1,193.614,198.496,203.086,207.598,212.173,216.83,221.484,226.037,230.422,234.631,238.598,242.63,246.767,250.96,255.348,259.725,264.144,268.752,273.605,278.284,283.178,288.676,294.003,299.015,303.907,308.629,313.178,317.558,321.67,326.0,329.672,333.556,337.679,341.885,345.903,350.847,355.822,360.419,365.201,369.754,373.704,377.235,380.671,383.925,386.768,389.343,391.627,393.808,395.541,396.184,396.562,398.515,400.366,402.2,403.865,405.392,406.847,408.272,409.622,410.911,412.165,413.278,414.405,415.462,416.493,417.376,418.301,419.199,419.965,420.727,421.418,422.062,422.603,423.04,423.485,423.861,424.032,424.203,424.277,424.253,424.169,424.022,423.87,423.576,423.305,422.94,422.63,422.249,421.719,421.197,420.696,420.127,419.524,418.895,418.217,417.529,416.813,416.026,415.289,414.563,413.739,412.816,411.852,411.04,410.144,409.226,408.308,407.387,406.457,405.474,404.535,403.493,402.424,401.288,400.207,399.04,397.896,396.723,395.605,394.508,393.415,392.373,391.347,390.324,389.254,388.295,387.359,386.395,385.444
Bahrain,BH,BHR,Cement production,kt cement,0.0,0.0,0.0,0.0,0.0,0.0,0.0,0.0,0.0,0.0,0.0,0.0,0.0,0.0,0.0,0.0,0.0,0.0,0.0,0.0,0.0,0.0,0.0,0.0,0.0,0.0,0.0,0.0,0.0,0.0,0.0,0.0,0.0,0.0,0.0,0.0,0.0,154.450252,154.403688,148.0,150.0,220.0,225.0,225.0,197.0,192.0,172.0,230.0,156.0,89.0,89.0,67.0,129.256,400.0,400.0,400.0,400.0,438.0,700.0,1200.0,1300.0,1350.0,1300.0,1300.0,1050.0,1390.0,1490.0,1173.0,670.0,610.0,708.0,800.0,800.0,800.0,812.8632812089337,822.3437600826447,831.824238956356,841.304717830067,850.7851967037782,860.2656755774891,869.7461544512003,879.2266333249113,888.7071121986224,898.1875910723337,907.6680699460447,912.560465216676,917.4528604873071,922.3452557579382,927.2376510285693,932.1300462992006,937.0224415698317,941.914836840463,946.807232111094,951.6996273817252,956.5920226523563,961.4844179229875,966.3768131936187,971.2692084642498,976.161603734881,981.0539990055122,986.1522486714697,991.276992444462,996.4283680065868,1001.606513755434,1006.811568807808,1012.043673003458,1017.302966908844,1022.589591820906,1027.903689770864,1033.24540352803,1038.61487660365,1044.012253254753,1049.43767848803,1054.891298063729,1060.373258499574,1065.883707074694,1071.422791833588,1076.990661590097,1082.587465931404,1088.213355222055,1093.868480607992,1099.552994020622,1105.267048180893,1111.010796603401,1116.784393600508,1122.587994286497,1128.421754581731,1134.285831216848,1140.180381736966,1146.105564505921,1152.061538710519,1158.048464364813,1164.066502314401,1170.115814240751,1176.196562665538,1182.30891095502,1188.453023324416,1194.629064842326,1200.837201435164,1207.077599891612,1213.350427867106,1219.655853888338,1225.994047357783,1232.365178558251,1238.769418657462,1245.206939712645,1251.677914675157,1258.182517395138,1264.720922626172,1271.293306029985
Bahrain,BH,BHR,Population,,118.955,122.545,126.352,130.394,134.728,139.412,144.426,149.867,155.752,162.089,168.866,175.827,182.871,190.131,197.501,204.231,210.855,217.522,221.151,223.786,225.831,235.636,248.589,262.051,276.026,290.46,305.266,320.38,335.712,351.203,366.754,380.294,393.671,407.743,422.566,438.149,454.422,471.287,488.571,506.084,523.509,540.228,555.269,570.35,585.554,600.89,616.296,631.714,647.042,662.185,676.976,722.935,781.46,841.092,901.792,963.416,1025.82,1088.99,1152.437,1214.774,1211.714,1201.742,1230.864,1283.542,1342.154,1397.146,1462.062,1501.928,1493.323,1478.018,1488.136,1515.391,1551.527,1587.804,1626.293,1660.37,1690.774,1715.571,1737.441,1756.268,1774.15,1792.174,1810.357,1828.694,1847.202,1865.873,1884.684,1903.593,1922.613,1941.67,1960.795,1979.941,1999.044,2018.081,2037.054,2055.89,2074.628,2093.245,2111.779,2130.243,2148.686,2167.064,2185.436,2203.8,2222.126,2240.458,2258.782,2277.154,2295.631,2314.161,2332.741,2351.423,2370.209,2389.089,2408.034,2427.013,2446.078,2465.21,2484.342,2503.464,2522.562,2541.711,2560.797,2579.882,2598.947,2617.945,2636.886,2655.83,2674.771,2693.706,2712.652,2731.64,2750.672,2769.73,2788.787,2807.898,2826.996,2846.14,2865.389,2884.644,2903.997,2923.446,2942.919,2962.433,2982.007,3001.612,3021.26,3040.968,3060.712,3080.447
Bangladesh,BD,BGD,Cement production,kt cement,4.513058,4.735647,5.191492,5.750539,5.724517,6.684141,9.27711,9.108893,8.164124,9.715262,10.383653,11.693887,12.423667,12.854715,14.133764,15.122416,16.720071,19.846838,22.523348,22.018677,23.304422,22.05767,29.410226,88.300152,169.108802,154.505404,308.807377,338.217603,323.51249,338.055311,345.57016,323.374591,308.807377,272.044594,242.547464,294.102264,308.807377,308.807377,316.159934,337.0,275.0,273.0,275.0,280.0,280.0,650.0,1013.0,1240.0,2085.0,3580.0,5005.0,5000.0,5000.0,5000.0,5100.0,5100.0,5100.0,10000.0,12000.0,13770.0,14690.0,15250.0,16780.0,17000.0,24000.0,25220.0,27240.0,31500.0,33800.0,31400.0,34200.0,32000.0,32000.0,32000.0,34514.11842661076,36054.77776443132,37595.43710225189,39136.09644007246,40676.75577789303,42217.41511571359,43758.07445353416,45298.73379135472,46839.39312917529,48380.05246699585,49920.71180481643,50309.59803863829,50698.48427246014,51087.370506282,51476.25674010386,51865.14297392571,52254.02920774758,52642.91544156944,53031.80167539129,53420.68790921315,53809.57414303501,54198.46037685686,54587.34661067872,54976.23284450058,55365.11907832244,55754.0053121443,56166.29271414894,56581.62888190413,57000.03636029619,57421.53786092537,57846.15626333879,58273.91461627227,58704.83613890142,59138.9442221021,59576.26242972005,60016.8144998499,60460.6243461238,60907.71605900946,61358.11390711769,61811.84233851993,62268.9259820751,62729.38964876663,63193.25833304918,63660.55721420538,64131.3116577125,64605.54721661951,65083.28963293389,65564.56483901909,66049.39895900215,66537.81831019168,67029.84940450643,67525.51894991446,68024.8538518827,68527.88121483754,69034.62834363608,69545.12274504824,70059.39212924984,70577.46441132682,71099.36771279029,71625.13036310331,72154.78090121839,72688.34807712669,73225.86085341865,73767.34840685606,74312.84012995583,74862.36563258534,75415.95474356995,75973.63751231183,76535.44421042128,77101.4053333599,77671.55160209576,78245.9139647711,78824.52359838225,79407.41191047187,79994.61054083376,80586.15136323043
Bangladesh,BD,BGD,Population,,41597.588,42447.019,43339.003,44243.78,45238.811,46296.557,47412.277,48597.061,49771.046,51112.478,52544.843,54075.852,55686.44,57322.364,59034.383,60770.655,62568.956,64452.901,66363.651,68224.614,69893.175,70660.342,72622.696,74821.892,76856.803,78851.898,80858.738,82875.789,84903.521,86966.622,89066.241,91539.968,94089.045,96581.264,99048.668,101458.982,103812.162,106106.42,108325.595,110542.003,112725.431,114848.787,117055.596,119209.125,121477.233,123723.507,126000.851,128395.288,130849.375,133366.754,135721.855,137889.766,139977.55,141963.153,143842.558,145589.014,147222.933,148755.623,150192.904,151554.524,152849.439,154332.712,155807.491,157256.79,158673.067,160093.291,161530.574,162841.719,164204.488,165621.622,166974.426,168343.283,170426.512,172507.468,174617.26,176756.539,178879.55,180980.8,183048.747,185080.492,187064.321,188986.076,190823.059,192611.311,194311.021,195949.723,197531.427,199044.964,200508.933,201908.614,203270.244,204607.915,205911.056,207179.91,208422.2,209636.988,210825.391,211978.949,213096.907,214180.172,215238.021,216263.09,217239.234,218177.824,219065.864,219929.05,220733.31,221501.342,222210.75,222854.044,223444.672,223980.02,224449.641,224860.799,225204.555,225499.44,225738.32,225921.108,226043.911,226112.428,226139.181,226120.598,226053.885,225933.813,225778.581,225575.352,225318.908,225013.178,224685.259,224293.581,223868.819,223397.645,222910.253,222382.717,221827.169,221232.824,220586.934,219912.421,219197.68,218446.757,217649.437,216825.522,215952.963,215053.023,214115.318,213160.23,212186.499,211188.544,210164.517,209120.273
Barbados,BB,BRB,Cement production,kt cement,0.0,0.0,0.0,0.0,0.0,0.0,0.0,0.0,0.0,0.0,0.0,0.0,0.0,0.0,0.0,0.0,0.0,0.0,0.0,0.0,0.0,0.0,0.0,0.0,0.0,0.0,0.0,0.0,0.0,0.0,0.0,0.0,0.0,147.775522,220.576698,198.519028,205.073633,183.813915,213.224141,200.0,200.0,175.0,62.0,78.0,75.0,107.0,173.0,259.0,253.0,268.0,250.0,298.0,325.106,322.27,340.696,337.801,294.184,301.0,256.0,229.0,223.0,176.0,160.0,160.0,160.0,160.0,240.0,240.0,240.0,180.0,240.0,240.0,240.0,240.0,227.7074927496955,230.7250232346558,233.7425537196161,236.7600842045764,239.7776146895367,242.795145174497,245.8126756594573,248.8302061444175,251.8477366293779,254.8652671143381,257.8827975992984,258.9892254437839,260.0956532882693,261.2020811327547,262.3085089772401,263.4149368217256,264.521364666211,265.6277925106965,266.7342203551819,267.8406481996673,268.9470760441528,270.0535038886383,271.1599317331236,272.2663595776091,273.3727874220945,274.47921526658,275.6228819433721,276.7713139116502,277.9245310268525,279.0825532271484,280.245400533783,281.413093051424,282.5856509685083,283.7630945575917,284.9454441756993,286.1327202646773,287.3249433515467,288.5221340488575,289.7243130550463,290.9315011547926,292.1437192193796,293.3609882070544,294.5833291633901,295.81076322165,297.043311603153,298.2809956176404,299.5238366636443,300.7718562288578,302.025075890506,303.2835173157196,304.547202261909,305.8161525771413,307.0903902005167,308.3699371625491,309.6548155855465,310.9450476839932,312.2406557649342,313.5416622283607,314.8480895675977,316.1599603696925,317.4772973158053,318.8001231816016,320.1284608376457,321.4623332497959,322.8017634796024,324.1467746847052,325.4973901192345,326.8536331342133,328.2155271779607,329.5830957964975,330.9563626339531,332.3353514329744,333.7200860351364,335.1105903813539,336.5068885122964,337.9090045688027
Barbados,BB,BRB,Population,,211.75,215.045,217.967,220.497,222.609,223.97,225.052,226.536,227.981,229.58,232.205,234.091,236.357,238.757,241.159,243.674,246.318,247.865,249.214,249.673,249.101,249.235,250.081,250.564,250.99,251.361,251.524,251.728,251.374,251.164,251.883,252.658,253.532,254.452,255.388,256.251,256.986,257.573,257.953,258.265,258.898,259.847,260.686,261.368,261.873,262.206,262.361,262.422,262.45,262.585,261.541,263.31,264.986,266.566,268.03,269.382,270.621,271.956,273.473,274.772,275.715,276.563,277.312,278.018,278.678,279.302,279.893,280.449,280.972,281.443,281.953,282.34,282.296,282.376,282.559,282.688,282.761,282.812,282.773,282.616,282.365,282.044,281.644,281.156,280.647,280.038,279.347,278.587,277.715,276.841,275.851,274.85,273.734,272.552,271.37,270.177,268.895,267.552,266.229,264.882,263.549,262.185,260.848,259.519,258.205,256.848,255.508,254.201,252.89,251.555,250.185,248.839,247.475,246.109,244.766,243.416,242.076,240.703,239.323,237.979,236.586,235.277,233.925,232.577,231.171,229.803,228.374,226.95,225.538,224.11,222.675,221.244,219.805,218.371,216.923,215.472,214.015,212.573,211.16,209.716,208.267,206.793,205.324,203.878,202.431,201.001,199.589,198.183,196.784,195.388
Belarus,BY,BLR,Cement production,kt cement,282.679283,322.005474,364.965613,434.803705,515.444906,570.643821,664.181716,766.595431,893.847418,1050.446351,1175.174185,1326.254715,1413.508536,1506.274201,1681.428004,1860.455096,1973.846735,2040.719245,2096.771544,2226.88278,2356.718693,2461.471118,2596.212124,2742.781918,2920.859724,2950.569115,2994.388429,2968.920617,2854.598544,2878.992765,2926.830215,2845.724372,2947.660821,2992.386883,3004.801907,3098.717878,3143.883438,3184.442662,3198.321189,3112.860812,2931.460037,2300.0,1900.0,1488.0,1235.0,1467.0,1876.0,2035.0,2100.0,1847.0,1803.0,2171.0,2472.1,2731.2,3130.9,3494.8,3820.5,4219.0,4350.0,4531.0,4604.0,4906.0,5057.0,5617.0,4638.0,4503.0,4490.0,4519.0,4728.0,4736.0,4985.0,5000.0,5000.0,5000.0,4222.675192232762,4228.711897296711,4234.748602360662,4240.785307424611,4246.822012488561,4252.85871755251,4258.89542261646,4264.93212768041,4270.968832744359,4277.005537808308,4283.042242872259,4274.188408778465,4265.334574684673,4256.48074059088,4247.626906497087,4238.773072403294,4229.919238309501,4221.065404215709,4212.211570121915,4203.357736028123,4194.50390193433,4185.650067840537,4176.796233746745,4167.942399652952,4159.088565559159,4150.234731465366,4141.528751421793,4132.841033981042,4124.171540833507,4115.520233749945,4106.887074581306,4098.272025258569,4089.675047792564,4081.096104273818,4072.535156872375,4063.992167837641,4055.467099498208,4046.959914261691,4038.470574614565,4029.999043121999,4021.545282427684,4013.109255253678,4004.690924400237,3996.290252745649,3987.907203246073,3979.541738935378,3971.193822924972,3962.86341840365,3954.550488637422,3946.254996969359,3937.976906819422,3929.716181684312,3921.4727851373,3913.24668082807,3905.03783248256,3896.846203902797,3888.671758966746,3880.51446162814,3872.37427591633,3864.251165936121,3856.145095867617,3848.056029966062,3839.98393256168,3831.928768059521,3823.890500939304,3815.869095755257,3807.864517135964,3799.876729784208,3791.905698476815,3783.951388064499,3776.013763471706,3768.092789696462,3760.188431810215,3752.300654957687,3744.429424356709,3736.574705298081
Belarus,BY,BLR,Population,,7155.107,7223.759,7305.455,7395.817,7501.961,7619.39,7746.373,7876.297,8011.881,8150.758,8265.238,8375.629,8473.332,8562.076,8643.601,8716.257,8789.683,8856.824,8925.832,8983.362,9046.431,9113.064,9176.203,9235.222,9296.135,9352.426,9407.746,9462.141,9509.469,9565.941,9640.4,9715.695,9780.87,9850.24,9913.148,9975.225,10033.351,10081.859,10133.415,10184.155,10188.366,10199.412,10235.711,10246.929,10213.445,10181.482,10146.573,10098.155,10063.002,10015.444,9967.182,9908.948,9837.951,9768.402,9701.78,9633.897,9582.175,9544.092,9514.624,9500.05,9481.453,9464.017,9462.136,9466.77,9478.645,9495.941,9502.186,9489.393,9470.669,9400.17,9301.718,9201.012,9145.462,9085.898,9027.494,8967.712,8906.324,8844.928,8782.793,8719.324,8655.941,8592.975,8529.609,8466.243,8403.429,8341.112,8279.34,8218.02,8156.536,8094.999,8033.933,7972.956,7913.064,7853.362,7793.481,7733.451,7673.192,7612.013,7549.232,7485.739,7421.353,7355.798,7288.566,7220.004,7150.329,7079.228,7007.467,6935.224,6862.909,6790.182,6717.39,6645.004,6572.666,6500.45,6428.588,6357.119,6286.18,6215.994,6146.849,6078.331,6010.64,5943.459,5877.442,5812.003,5747.583,5683.971,5621.185,5558.966,5497.845,5437.482,5377.884,5319.37,5261.792,5205.231,5149.563,5094.717,5040.815,4987.635,4935.273,4883.314,4831.813,4780.781,4729.925,4679.052,4628.481,4577.942,4527.649,4477.242,4426.805,4376.126
Belgium,BE,BEL,Cement production,kt cement,4396.828844,4110.079137,4624.758098,4374.771174,4690.744367,4661.520881,4705.814884,4058.61124,4440.944183,4389.653175,4757.104117,4786.335462,4705.473103,5845.282493,5904.102946,5793.612658,5815.872267,5742.346701,6271.544737,6727.589284,6933.460869,7088.06322,7043.56323,7470.400088,6881.992973,7506.960284,7764.074823,7573.133293,7705.479312,7477.752723,6690.826501,6323.395927,5720.289031,5705.583918,5536.475116,5756.846608,5691.08119,6447.956523,6720.466056,6930.0,7184.0,8073.0,7612.0,8412.0,8223.0,7857.0,8052.0,7000.0,7277.0,7150.0,7157.0,6980.0,6550.0,6715.0,7594.0,8192.136,9570.99,6710.0,5990.0,6095.0,6954.0,6280.0,6119.0,6364.0,6275.0,6255.0,7314.0,7546.0,7857.0,6500.0,7340.0,7300.0,7300.0,7300.0,6962.744101792297,6977.782425986233,6992.820750180168,7007.859074374104,7022.89739856804,7037.935722761977,7052.974046955912,7068.012371149848,7083.050695343784,7098.089019537719,7113.127343731655,7098.423204519806,7083.719065307959,7069.014926096109,7054.310786884262,7039.606647672414,7024.902508460565,7010.198369248717,6995.494230036868,6980.790090825019,6966.085951613171,6951.381812401322,6936.677673189474,6921.973533977626,6907.269394765778,6892.565255553929,6878.106667197725,6863.678408736052,6849.280416545653,6834.912627136731,6820.574977152675,6806.267403369778,6791.989842696952,6777.742232175464,6763.524508978643,6749.336610411615,6735.178473911019,6721.050037044733,6706.9512375116,6692.882013141156,6678.842301893347,6664.832041858265,6650.851171255869,6636.899628435715,6622.977351876681,6609.084280186707,6595.220352102502,6581.3855064893,6567.57968234057,6553.80281877776,6540.054855050018,6526.335730533937,6512.645384733272,6498.983757278687,6485.350787927482,6471.746416563326,6458.170583195998,6444.623227961119,6431.104291119885,6417.613713058806,6404.151434289449,6390.717395448166,6377.311537295838,6363.933800717612,6350.58412672264,6337.262456443822,6323.96873113754,6310.702892183407,6297.464881084004,6284.254639464619,6271.072109072995,6257.917231779074,6244.789949574732,6231.690204573536,6218.617939010475,6205.573095241719
Belgium,BE,BEL,Population,,8637.738,8673.778,8719.5,8764.214,8812.55,8858.436,8905.887,8957.833,9014.412,9077.067,9127.275,9189.147,9246.191,9304.202,9371.167,9428.548,9481.457,9530.382,9569.017,9609.358,9651.651,9681.411,9708.295,9727.775,9743.837,9753.115,9764.687,9783.341,9800.293,9822.438,9843.747,9857.591,9867.064,9871.2,9877.973,9882.702,9891.265,9907.028,9926.101,9947.045,9974.891,10023.031,10068.943,10100.918,10131.093,10143.437,10170.502,10192.426,10213.937,10239.426,10264.008,10310.001,10355.945,10396.575,10446.009,10511.762,10585.123,10665.862,10753.553,10872.318,11000.933,11076.33,11138.706,11181.846,11238.392,11312.277,11353.124,11400.037,11457.173,11524.063,11556.151,11585.536,11698.104,11727.682,11749.845,11767.361,11781.924,11795.355,11807.889,11819.429,11828.853,11837.152,11845.096,11853.399,11860.352,11866.817,11873.099,11879.958,11885.854,11890.38,11894.029,11897.886,11900.056,11901.251,11901.846,11900.122,11896.997,11892.116,11885.132,11876.181,11865.631,11852.374,11836.255,11818.208,11799.861,11780.385,11759.187,11736.424,11716.533,11695.234,11674.092,11650.743,11628.913,11607.373,11586.76,11567.28,11548.977,11531.921,11514.746,11498.708,11482.884,11469.559,11456.491,11443.41,11430.544,11418.783,11407.466,11394.845,11380.75,11367.949,11354.16,11342.203,11328.01,11314.873,11301.139,11287.715,11273.583,11258.331,11243.229,11228.944,11214.687,11200.458,11184.557,11169.241,11153.001,11137.3,11122.014,11106.015,11088.121,11070.031
Belize,BZ,BLZ,Cement production,kt cement,0.0,0.0,0.0,0.0,0.0,0.0,0.0,0.0,0.0,0.0,0.0,0.0,0.0,0.0,0.0,0.0,0.0,0.0,0.0,0.0,0.0,0.0,0.0,0.0,0.0,0.0,0.0,0.0,0.0,0.0,0.0,0.0,0.0,0.0,0.0,0.0,0.0,0.0,0.0,0.0,0.0,0.0,0.0,0.0,0.0,0.0,0.0,0.0,0.0,0.0,0.0,0.0,0.0,0.0,0.0,0.0,0.0,0.0,0.0,0.0,0.0,0.0,0.0,0.0,0.0,0.0,0.0,0.0,0.0,0.0,0.0,0.0,0.0,0.0,112.2763220682514,113.7641836247114,115.2520451811714,116.7399067376314,118.2277682940914,119.7156298505514,121.2034914070114,122.6913529634714,124.1792145199315,125.6670760763914,127.1549376328515,127.7004868702201,128.2460361075888,128.7915853449575,129.3371345823261,129.8826838196948,130.4282330570635,130.9737822944321,131.5193315318008,132.0648807691695,132.6104300065381,133.1559792439068,133.7015284812755,134.2470777186442,134.7926269560128,135.3381761933815,135.902086878057,136.4683471973238,137.0369669413539,137.6079559411122,138.1813240685256,138.7570812366548,139.3352373998643,139.9158025539958,140.4987867365403,141.0842000268116,141.672052546121,142.262354457952,142.8551159681361,143.450347325029,144.0480588196882,144.6482607860508,145.250963601112,145.8561776851045,146.4639135016788,147.0741815580842,147.6869924053503,148.3023566384694,148.9202848965797,149.5407878631493,150.1638762661608,150.7895608782971,151.4178525171272,152.0487620452933,152.6823003706992,153.3184784466979,153.9573072722818,154.5987978922726,155.2429613975121,155.8898089250541,156.539351658357,157.1916008274768,157.846567709262,158.5042636275477,159.1646999533519,159.8278881050722,160.4938395486826,161.1625657979324,161.8340784145448,162.5083890084174,163.1855092378219,163.8654508096069,164.5482254793991,165.2338450518074,165.9223213806269,166.6136663690433
Belize,BZ,BLZ,Population,,69.991,72.252,74.436,76.593,78.755,80.957,83.187,85.497,87.822,90.157,92.479,94.786,97.298,100.109,103.098,106.253,109.558,112.986,116.441,119.639,121.832,123.779,125.573,127.316,129.055,131.718,134.479,137.295,140.131,143.224,146.9,150.671,154.424,158.169,161.919,165.672,169.435,173.24,177.121,181.092,185.059,189.021,192.945,196.859,201.335,206.957,213.664,221.227,229.119,236.998,244.6,252.157,259.86,267.7,275.677,283.784,291.973,300.227,308.496,316.732,323.758,330.838,337.99,345.264,352.581,360.085,369.325,377.078,383.375,388.282,393.341,397.352,408.114,414.097,420.046,425.802,431.487,436.939,442.218,447.372,452.306,457.149,461.886,466.527,471.032,475.233,479.229,483.082,486.674,489.99,493.2,496.248,499.143,501.873,504.482,506.917,509.311,511.545,513.753,515.685,517.569,519.203,520.793,522.116,523.354,524.441,525.357,526.196,526.873,527.412,527.753,527.892,528.029,528.012,527.846,527.553,527.088,526.505,525.58,524.593,523.545,522.232,520.846,519.252,517.54,515.782,513.847,511.622,509.379,507.088,504.708,502.259,499.674,496.984,494.271,491.536,488.76,485.766,482.827,479.917,476.931,473.893,470.866,467.799,464.672,461.52,458.374,455.275,452.138,448.968
Benin,BJ,BEN,Cement production,kt cement,,,,,,,,0.0,0.0,0.0,0.0,0.0,0.0,0.0,0.0,0.0,0.0,0.0,0.0,0.0,0.0,0.0,0.0,0.0,0.0,0.0,0.0,0.0,0.0,286.749707,294.102264,316.159934,301.45482,301.45482,301.45482,301.45482,301.45482,198.519028,249.986924,300.0,320.0,370.0,506.0,465.0,579.0,360.0,200.0,200.0,200.0,250.0,250.0,250.0,250.0,250.0,250.0,1488.883,1550.0,1347.0,1315.0,1305.0,1460.0,1390.0,1422.0,1396.0,1382.0,1356.0,1373.0,2530.0,2600.0,2700.0,2900.0,3000.0,3000.0,3000.0,3538.873515355824,3648.890308579321,3758.907101802818,3868.923895026315,3978.940688249812,4088.957481473309,4198.974274696807,4308.991067920304,4419.0078611438,4529.024654367297,4639.041447590795,4789.941024468949,4940.840601347104,5091.740178225259,5242.639755103414,5393.539331981568,5544.438908859723,5695.338485737877,5846.238062616033,5997.137639494187,6148.037216372341,6298.936793250497,6449.836370128651,6600.735947006805,6751.63552388496,6902.535100763115,7087.841249798006,7278.122146279869,7473.511342777194,7674.145977224111,7880.166869173475,8091.718618633965,8308.949707560585,8532.012604069785,8761.063869452346,8996.26426805915,9237.778880136955,9485.777217693369,9740.433343472338,10001.92599312367,10270.43870065237,10546.15992723568,10829.28319349855,11120.00721533998,11418.53604340593,11725.07920630643,12039.85185767759,12363.0749271916,12694.97527562075,13035.78585406436,13385.74586745033,13745.100942426,14114.10329975632,14493.01193135015,14882.09278203909,15281.61893623637,15691.87080960672,16113.1363458819,16545.71121895997,16989.89904043007,17446.0115726685,17914.36894765555,18395.29989166673,18889.14195599609,19396.24175387355,19916.95520374252,20451.64777906864,21000.69476485482,21564.48152104273,22143.4037529857,22737.86778918263,23348.29086646797,23975.1014228581,24618.73939825929,25279.65654324861,25958.31673614444
Benin,BJ,BEN,Population,,2258.543,2276.073,2295.477,2316.926,2340.638,2366.653,2395.131,2426.409,2460.458,2497.371,2537.201,2581.245,2628.072,2677.744,2730.262,2785.61,2843.024,2902.97,2965.544,3030.901,3099.213,3170.32,3244.765,3322.227,3403.039,3487.775,3576.617,3669.787,3766.822,3870.235,3980.267,4096.347,4216.845,4341.111,4470.678,4605.347,4745.493,4891.48,5043.201,5200.113,5362.845,5531.019,5704.669,6040.743,6152.269,6301.277,6482.438,6684.293,6894.684,7110.952,7332.286,7558.906,7791.947,8034.193,8283.995,8568.292,8818.192,9089.746,9367.186,9651.66,9943.308,10243.939,10551.375,10866.292,11193.715,11527.647,11868.036,12211.524,12555.171,12898.339,13241.999,13584.835,13934.166,14287.903,14637.545,14991.374,15349.465,15709.362,16071.198,16436.642,16801.002,17170.859,17543.268,17919.607,18300.218,18685.045,19071.045,19457.954,19852.596,20247.342,20644.177,21042.351,21443.611,21843.663,22241.479,22645.813,23046.579,23443.698,23840.683,24236.532,24631.087,25024.602,25417.106,25803.583,26192.745,26579.505,26957.202,27336.715,27711.464,28086.68,28458.839,28827.565,29196.249,29562.446,29929.706,30293.272,30649.533,31002.446,31352.519,31704.892,32053.674,32394.445,32735.007,33066.216,33392.044,33704.836,34015.833,34322.699,34623.891,34918.74,35207.308,35490.513,35774.179,36046.989,36309.104,36568.855,36818.861,37066.604,37307.255,37541.023,37762.924,37979.52,38192.701,38397.556,38603.097,38798.259,38987.211,39162.406,39337.336,39506.383
Bermuda,BM,BMU,Cement production,kt cement,0.0,0.0,0.0,0.0,0.0,0.0,0.0,0.0,0.0,0.0,0.0,0.0,0.0,0.0,0.0,0.0,0.0,0.0,0.0,0.0,0.0,0.0,0.0,0.0,0.0,0.0,0.0,0.0,0.0,0.0,0.0,0.0,0.0,0.0,0.0,0.0,0.0,0.0,0.0,0.0,0.0,0.0,0.0,0.0,0.0,0.0,0.0,0.0,0.0,0.0,0.0,0.0,0.0,0.0,0.0,0.0,0.0,0.0,0.0,0.0,0.0,0.0,0.0,0.0,0.0,0.0,0.0,0.0,0.0,0.0,0.0,0.0,0.0,0.0,20.37076357237821,20.53911699033175,20.70747040828529,20.87582382623883,21.04417724419236,21.2125306621459,21.38088408009944,21.54923749805298,21.71759091600652,21.88594433396006,22.0542977519136,22.13286268029191,22.21142760867023,22.28999253704855,22.36855746542687,22.44712239380519,22.5256873221835,22.60425225056183,22.68281717894014,22.76138210731846,22.83994703569678,22.91851196407509,22.99707689245341,23.07564182083173,23.15420674921005,23.23277167758837,23.31353931695401,23.39458774122382,23.4759179265333,23.55753085241148,23.63942750179266,23.72160886102828,23.80407591989878,23.88682967162551,23.96987111288271,24.05320124380953,24.13682106802204,24.22073159262533,24.30493382822568,24.38942878894264,24.47421749242134,24.5593009598447,24.64468021594571,24.73035628901982,24.81633021093729,24.90260301715564,24.9891757467321,25.07604944233614,25.16322515026199,25.25070392044134,25.33848680645585,25.42657486554995,25.5149691586435,25.60367075034463,25.6926807089625,25.78200010652021,25.87163001876771,25.96157152519472,26.05182570904379,26.14239365732326,26.23327646082046,26.32447521411475,26.41599101559074,26.50782496745158,26.59997817573211,26.69245175031228,26.78524680493049,26.87836445719698,26.97180582860732,27.06557204455592,27.15966423434955,27.25408353122096,27.34883107234255,27.44390799884004,27.5393154558062,27.6350545923147
Bermuda,BM,BMU,Population,,37.503,38.091,38.578,39.09,39.603,40.103,40.582,40.998,41.424,41.861,42.554,43.691,44.788,45.892,46.929,47.993,49.075,49.953,50.855,51.758,52.491,52.723,52.882,53.009,53.104,53.153,53.267,53.376,53.486,53.549,53.797,54.197,54.577,54.977,55.362,55.731,56.048,56.482,56.915,57.343,57.774,58.194,58.621,59.01,59.378,59.675,59.951,60.403,60.874,61.375,61.726,62.009,62.276,62.496,62.614,62.808,62.859,63.16,63.439,63.691,63.76,63.705,63.587,63.56,63.498,63.429,63.468,63.689,63.973,64.241,64.523,64.773,64.724,64.672,64.601,64.508,64.41,64.271,64.128,63.957,63.78,63.582,63.389,63.16,62.918,62.645,62.355,62.049,61.736,61.389,61.04,60.678,60.286,59.882,59.475,59.043,58.606,58.147,57.674,57.184,56.69,56.189,55.671,55.137,54.613,54.078,53.539,53.016,52.493,51.965,51.439,50.923,50.407,49.903,49.419,48.926,48.44,47.971,47.495,47.034,46.576,46.125,45.69,45.258,44.828,44.394,43.979,43.568,43.162,42.751,42.371,41.99,41.611,41.245,40.877,40.522,40.166,39.811,39.475,39.131,38.788,38.451,38.124,37.789,37.456,37.138,36.803,36.471,36.148,35.827
Bhutan,BT,BTN,Cement production,kt cement,0.0,0.0,0.0,0.0,0.0,0.0,0.0,0.0,0.0,0.0,0.0,0.0,0.0,0.0,0.0,0.0,0.0,0.0,0.0,0.0,0.0,0.0,0.0,0.0,0.0,0.0,0.0,0.0,0.0,0.0,60.0,60.0,116.0,116.0,116.0,116.0,116.0,116.0,116.0,116.0,116.0,116.0,108.0,120.0,140.0,160.0,160.0,150.0,150.0,150.0,160.0,160.0,160.0,170.0,170.0,180.0,180.0,180.0,180.0,200.0,544.0,521.0,570.0,690.0,791.0,940.0,895.0,941.0,906.0,617.0,652.0,600.0,600.0,600.0,647.1397204989518,676.0270830830872,704.9144456672229,733.8018082513585,762.6891708354942,791.5765334196298,820.4638960037655,849.351258587901,878.2386211720367,907.1259837561722,936.013346340308,943.3049632244679,950.5965801086277,957.8881969927875,965.1798138769474,972.4714307611072,979.7630476452671,987.0546645294269,994.3462814135867,1001.637898297747,1008.929515181906,1016.221132066066,1023.512748950226,1030.804365834386,1038.095982718546,1045.387599602706,1053.117988390293,1060.905541535702,1068.750681755554,1076.653834892351,1084.615429937602,1092.635899055105,1100.715677604402,1108.855204164415,1117.054920557251,1125.315271872186,1133.636706489821,1142.019676106427,1150.464635758457,1158.972043847249,1167.542362163908,1176.176055914374,1184.873593744672,1193.635447766351,1202.462093582109,1211.354010311616,1220.311680617511,1229.335590731608,1238.42623048129,1247.584093316094,1256.809676334496,1266.103480310896,1275.4660097228,1284.897772778204,1294.399281443177,1303.971051469655,1313.613602423435,1323.327457712378,1333.113144614818,1342.971194308187,1352.902141897845,1362.906526446126,1372.9848910016,1383.137782628551,1393.365752436672,1403.669355610975,1414.049151441937,1424.505703355847,1435.039578945399,1445.651350000498,1456.341592539296,1467.110886839458,1477.959817469667,1488.888973321348,1499.898947640633,1510.99033806057
Bhutan,BT,BTN,Population,,172.239,176.961,181.799,186.866,192.04,197.456,203.015,208.787,214.728,220.902,227.266,233.939,241.332,248.98,256.994,265.407,274.233,283.471,293.151,303.277,313.779,324.642,335.886,347.524,359.551,372.03,384.951,398.328,412.158,426.241,440.567,455.104,469.866,485.054,500.515,516.27,532.379,548.734,565.237,581.935,596.639,602.928,552.62,556.725,552.27,543.708,553.859,563.534,575.336,589.822,603.904,617.685,631.132,644.195,656.894,666.837,674.762,682.52,690.183,697.793,705.471,713.283,721.276,729.27,737.009,744.227,751.505,757.164,762.354,767.294,772.718,778.165,783.664,789.106,793.943,799.42,805.008,809.522,814.161,818.381,823.007,827.936,832.757,837.215,840.871,845.532,849.871,853.813,857.3,860.537,863.72,866.593,869.718,872.482,874.996,877.349,878.967,879.944,881.037,881.833,882.846,883.932,883.812,883.197,883.696,883.116,881.91,881.813,880.493,879.219,877.335,875.257,872.999,871.066,868.855,865.608,862.112,858.696,855.188,851.322,847.665,843.278,838.639,833.464,828.27,823.455,818.739,814.036,808.583,802.815,797.088,791.119,785.522,779.504,774.064,768.529,762.898,756.619,750.71,744.656,738.811,732.83,727.272,722.189,716.956,711.75,707.064,702.303,697.845,692.983
Bolivia (Plurinational State of),BO,BOL,Cement production,kt cement,36.762783,36.762783,36.762783,29.410226,36.762783,29.507935,21.97746,29.293054,29.410226,36.762783,44.11534,51.467896,58.643283,66.009619,58.820453,66.173009,58.820453,73.649555,80.761918,117.640906,124.843948,147.051132,169.108802,205.871585,264.453146,220.400236,264.692037,257.339481,250.180562,293.871414,374.980386,323.239944,330.865047,287.010152,382.332943,294.102264,397.038056,455.858509,507.326405,560.0,587.05695,649.64379,717.60741,776.30163,892.43095,900.9568,1047.95107,1166.51116,1201.27432,1071.941,982.54311,1010.44599,1138.14621,1276.41151,1439.95116,1636.07872,1738.648832,1985.410782,2291.605134,2414.382277,2657.64954,2714.089132,3061.147311,3336.939514,3468.208713,3601.33729,3610.988692,3757.392014,3900.345238,3206.833645,3606.958723,3888.57093,3977.360585,4059.120891,3851.217670239668,3902.253174534382,3953.288678829098,4004.324183123813,4055.359687418529,4106.395191713244,4157.430696007959,4208.466200302674,4259.50170459739,4310.537208892104,4361.57271318682,4380.285731428216,4398.99874966961,4417.711767911007,4436.424786152402,4455.137804393798,4473.850822635193,4492.563840876589,4511.276859117985,4529.98987735938,4548.702895600776,4567.415913842172,4586.128932083567,4604.841950324963,4623.554968566358,4642.267986807754,4661.610825558201,4681.034259701242,4700.538625051978,4720.12425882474,4739.791499638923,4759.540687524842,4779.372163929609,4799.286271723037,4819.283355203564,4839.363760104213,4859.52783359856,4879.77592430675,4900.10838230151,4920.525559114205,4941.027807740926,4961.61548264858,4982.288939781026,5003.048536565225,5023.894631917421,5044.827586249347,5065.84776147446,5086.955521014188,5108.151229804223,5129.435254300823,5150.807962487156,5172.269723879656,5193.820909534412,5215.461892053586,5237.193045591852,5259.014745862866,5280.927370145766,5302.931297291685,5325.026907730313,5347.214583476461,5369.494708136682,5391.867666915885,5414.333846624012,5436.893635682711,5459.547424132063,5482.29560363732,5505.138567495673,5528.076710643063,5551.110429660994,5574.240122783406,5597.466189903545,5620.789032580889,5644.209054048081,5667.726659217906,5691.342254690293,5715.056248759339
Bolivia (Plurinational State of),BO,BOL,Population,,3112.854,3161.74,3213.335,3268.594,3327.09,3388.918,3453.76,3521.378,3591.739,3664.644,3740.001,3817.462,3897.524,3980.302,4065.69,4153.901,4245.198,4339.945,4437.944,4538.52,4641.5,4747.185,4854.771,4965.63,5079.321,5195.758,5317.234,5441.098,5567.149,5694.549,5823.252,5952.967,6083.209,6214.912,6348.825,6483.546,6621.412,6762.912,6908.105,7055.428,7204.857,7355.722,7504.95,7653.441,7801.203,7948.148,8095.324,8240.476,8386.312,8533.299,8679.352,8826.12,8974.591,9126.809,9281.764,9439.743,9603.635,9768.284,9933.431,10099.12,10265.57,10432.288,10599.326,10765.889,10931.888,11097.522,11262.517,11426.658,11590.078,11752.693,11879.906,11994.813,12159.495,12328.824,12497.806,12665.879,12832.703,12998.475,13162.509,13325.045,13486.083,13644.933,13801.79,13956.313,14108.85,14258.795,14405.846,14550.36,14692.459,14831.436,14967.357,15100.613,15230.872,15358.152,15482.269,15603.313,15721.317,15836.175,15948.331,16057.289,16163.035,16265.551,16364.719,16460.602,16553.763,16643.187,16729.825,16813.132,16893.362,16970.384,17044.182,17115.048,17182.703,17247.489,17309.32,17367.619,17423.1,17475.293,17523.714,17569.141,17611.271,17650.777,17687.43,17720.651,17751.596,17779.694,17804.666,17826.266,17844.876,17860.893,17874.429,17885.609,17894.466,17901.27,17906.109,17908.723,17909.537,17908.383,17905.972,17901.914,17896.099,17888.374,17879.308,17868.864,17857.254,17843.6,17828.247,17811.069,17792.114,17771.644
"Bonaire, Sint Eustatius and Saba",BQ,BES,Cement production,kt cement,0.0,0.0,0.0,0.0,0.0,0.0,0.0,0.0,0.0,0.0,0.0,0.0,0.0,0.0,0.0,0.0,0.0,0.0,0.0,0.0,0.0,0.0,0.0,0.0,0.0,0.0,0.0,0.0,0.0,0.0,0.0,0.0,0.0,0.0,0.0,0.0,0.0,0.0,0.0,0.0,0.0,0.0,0.0,0.0,0.0,0.0,0.0,0.0,0.0,0.0,0.0,0.0,0.0,0.0,0.0,0.0,0.0,0.0,0.0,0.0,0.0,0.0,0.0,0.0,0.0,0.0,0.0,0.0,0.0,0.0,0.0,0.0,0.0,0.0,8.221907404298161,8.33086234441628,8.439817284534401,8.548772224652522,8.657727164770643,8.766682104888762,8.875637045006883,8.984591985125004,9.093546925243125,9.202501865361244,9.311456805479365,9.351406950189343,9.391357094899318,9.431307239609296,9.471257384319273,9.511207529029251,9.55115767373923,9.591107818449206,9.631057963159185,9.671008107869161,9.710958252579138,9.750908397289116,9.790858541999095,9.830808686709073,9.870758831419048,9.910708976129026,9.95200371528942,9.993470516356428,10.03511009625672,10.07692317490415,10.11891047521226,10.16107272310671,10.20341064753786,10.24592498049339,10.28861645701091,10.33148581519073,10.37453379620856,10.41776114432835,10.46116860691519,10.50475693444816,10.54852688053337,10.59247920191696,10.63661465849818,10.68093401334255,10.72543803269502,10.77012748599325,10.8150031458809,10.86006578822099,10.9053161921093,10.95075513988785,10.99638341715845,11.04220181279624,11.08821111896335,11.1344121311226,11.18080564805126,11.22739247185482,11.27417340798092,11.32114926523321,11.36832085578538,11.41568899519519,11.46325450241856,11.51101819982373,11.55898091320551,11.6071434717995,11.65550670829647,11.70407145885676,11.7528385631247,11.80180886424317,11.85098320886811,11.90036244718327,11.94994743291478,11.99973902334603,12.04973807933237,12.09994546531612,12.15036204934141,12.20098870306926
"Bonaire, Sint Eustatius and Saba",BQ,BES,Population,,7.001,7.057,7.173,7.283,7.599,7.605,7.62,7.649,7.704,7.773,7.895,8.028,8.177,8.35,8.552,8.759,8.987,9.227,9.474,9.737,9.995,10.252,10.463,10.612,10.771,10.939,11.122,11.318,11.505,11.689,11.874,11.999,12.102,12.205,12.314,12.423,12.523,12.631,12.748,12.868,12.991,13.107,13.22,13.325,13.444,13.574,13.715,13.861,14.009,14.153,14.313,14.691,15.319,15.967,16.64,17.321,18.028,18.74,19.457,20.19,20.927,22.324,23.319,24.303,24.627,24.593,24.493,25.1,25.209,26.041,26.865,27.781,29.473,30.324,31.027,31.65,32.176,32.662,33.058,33.371,33.649,33.872,34.085,34.266,34.408,34.512,34.585,34.661,34.726,34.775,34.838,34.868,34.906,34.916,34.921,34.934,34.91,34.871,34.832,34.765,34.72,34.642,34.584,34.512,34.414,34.313,34.249,34.182,34.107,34.041,33.97,33.881,33.743,33.625,33.517,33.416,33.302,33.184,33.067,32.942,32.834,32.698,32.577,32.44,32.292,32.134,31.974,31.807,31.625,31.478,31.293,31.11,30.938,30.753,30.565,30.389,30.209,30.038,29.866,29.683,29.504,29.333,29.18,29.022,28.845,28.669,28.494,28.306,28.118,27.949
Bosnia and Herzegovina,BA,BIH,Cement production,kt cement,26.247864,29.376706,29.472902,31.680737,35.45467,34.96007,45.196082,45.114817,50.964897,55.448158,53.874124,58.456134,66.579069,71.539552,75.33336,80.761975,87.306476,102.930801,110.96938,123.64978,137.311125,160.167322,195.322546,201.915794,211.254683,232.125956,249.151399,281.63438,299.27278,309.456675,287.709291,297.907654,284.985863,270.931991,260.942374,267.29619,263.117452,262.139581,251.67538,236.087219,244.818957,150.0,150.0,244.0,226.0,150.0,200.0,300.0,300.0,628.0,704.0,913.0,890.879,1044.944,1025.54,1226.319,1283.357,1406.0,1074.0,949.0,893.0,846.0,882.0,840.0,808.0,841.0,910.0,995.0,955.0,1126.0,1097.0,1000.0,1000.0,1000.0,844.5350384465524,845.7423794593423,846.9497204721322,848.1570614849222,849.3644024977121,850.571743510502,851.779084523292,852.9864255360819,854.1937665488717,855.4011075616617,856.6084485744516,854.837681755693,853.0669149369345,851.2961481181759,849.5253812994175,847.7546144806589,845.9838476619003,844.2130808431418,842.4423140243831,840.6715472056246,838.900780386866,837.1300135681074,835.3592467493489,833.5884799305903,831.8177131118318,830.0469462930732,828.3057502843586,826.5682067962083,824.8343081667012,823.1040467499889,821.3774149162613,819.6544050517136,817.9350095585128,816.2192208547634,814.507031374475,812.7984335675281,811.0934198996414,809.3919828523381,807.694114922913,805.9998086243996,804.3090564855368,802.6218510507356,800.9381848800474,799.2580505491297,797.5814406492145,795.9083477870755,794.2387645849944,792.57268368073,790.9100977274844,789.2509993938717,787.5953813638843,785.9432363368624,784.29455702746,782.6493361656139,781.0075664965119,779.3692407805594,777.734351793349,776.1028923256279,774.474855183266,772.850233187224,771.2290191735234,769.6112059932123,767.9967865123359,766.3857536119042,764.7781001878607,763.1738191510514,761.5729034271927,759.9753459568415,758.381139695363,756.7902776128997,755.2027526943411,753.6185579392924,752.037686362043,750.4601309915373,748.8858848713417,747.3149410596162
Bosnia and Herzegovina,BA,BIH,Population,,2709.975,2750.51,2798.854,2859.6,2920.794,2983.551,3047.551,3112.323,3178.536,3246.199,3316.563,3379.508,3435.557,3488.327,3538.554,3587.115,3634.009,3678.437,3719.151,3756.378,3790.116,3828.636,3867.905,3906.847,3946.097,3985.389,4023.715,4060.533,4095.947,4130.653,4166.199,4202.236,4239.965,4277.491,4313.581,4347.146,4377.085,4403.407,4425.4,4442.565,4454.739,4461.948,4007.284,3801.68,3649.145,3781.984,3968.508,4067.946,4110.767,4149.842,4169.701,4189.175,4186.83,4170.216,4111.758,4081.228,4045.316,3981.532,3913.557,3846.031,3776.912,3706.683,3633.544,3588.174,3541.484,3495.597,3450.409,3406.956,3367.044,3324.022,3274.677,3215.138,3194.466,3175.68,3152.826,3127.365,3101.118,3075.068,3049.804,3025.938,3002.01,2978.202,2951.352,2924.331,2895.218,2867.866,2841.016,2814.419,2787.954,2759.635,2730.386,2700.06,2671.413,2642.588,2614.236,2585.617,2556.231,2526.809,2498.776,2469.311,2441.023,2411.542,2383.717,2355.161,2327.465,2297.548,2267.71,2239.497,2212.064,2184.977,2157.645,2131.06,2105.303,2079.423,2053.386,2026.981,2001.41,1975.691,1951.865,1928.121,1904.019,1880.794,1858.052,1835.833,1813.311,1790.779,1769.173,1748.207,1727.535,1707.312,1687.386,1668.178,1649.196,1630.186,1611.757,1594.241,1576.883,1560.303,1543.683,1527.333,1511.679,1496.331,1480.821,1465.015,1449.697,1434.366,1418.637,1402.613,1387.815,1373.609
Botswana,BW,BWA,Cement production,kt cement,,,,,,,,,,,,,,,,,,,,,,0.0,0.0,0.0,0.0,0.0,0.0,0.0,0.0,0.0,0.0,0.0,0.0,0.0,0.0,0.0,0.0,0.0,0.0,,,,,,,,,,,,,,,,,,,,250.0,260.0,15.0,15.0,15.0,15.0,15.0,15.0,15.0,1.0,0.0,0.0,0.0,11.0,11.0,11.0,12.97586955630469,13.37926446479084,13.782659373277,14.18605428176316,14.58944919024931,14.99284409873547,15.39623900722163,15.79963391570778,16.20302882419394,16.60642373268009,17.00981864116625,17.56311708971948,18.11641553827272,18.66971398682595,19.22301243537919,19.77631088393242,20.32960933248565,20.88290778103888,21.43620622959212,21.98950467814536,22.54280312669859,23.09610157525182,23.64940002380505,24.20269847235829,24.75599692091152,25.30929536946476,25.98875124925936,26.68644786969286,27.40287492351638,28.13853524982174,28.89394518696941,29.66963493499121,30.46614892772215,31.28404621492255,32.12390085465861,32.98630231621689,33.8718558938355,34.78118313154235,35.71492225939857,36.67372864145347,37.65827523572534,38.66925306653084,39.70737170949469,40.77335978957993,41.86796549248839,42.99195708979024,44.14612347815117,45.33127473303585,46.54824267727606,47.79788146490266,49.08106818065122,50.39870345556201,51.7517120991065,53.14104374828387,54.56767353414334,56.03260276620004,57.53685963522464,59.0814999349003,60.66760780285323,62.29629648157695,63.96870909978452,65.68601947473701,67.44943293611134,69.26018717198566,71.11955309753634,73.02883574705592,74.98937518991836,77.00254747113432,79.06976557715667,81.19248042761424,83.37218189366963,85.6103998437159,87.90870521714638,90.26871112695072,92.69207399191158,95.18049469919629
Botswana,BW,BWA,Population,,418.564,428.548,438.874,449.072,459.013,468.839,478.725,488.852,499.359,510.396,521.935,533.95,546.421,559.512,573.02,576.309,579.424,582.441,585.49,588.642,592.026,608.936,635.878,668.938,701.958,738.801,778.214,820.934,877.544,925.941,949.029,990.964,1027.573,1064.7,1102.621,1141.269,1180.031,1218.303,1252.65,1287.897,1323.495,1360.018,1400.047,1440.183,1479.862,1517.81,1554.018,1589.365,1624.434,1659.56,1695.205,1729.303,1760.222,1791.251,1823.041,1856.713,1892.32,1930.082,1969.859,2011.487,2054.734,2092.335,2124.898,2156.467,2187.621,2218.925,2250.626,2282.868,2315.414,2348.752,2383.035,2419.846,2459.937,2500.552,2541.726,2582.518,2624.258,2665.027,2706.188,2745.899,2785.936,2824.042,2862.425,2899.54,2936.415,2972.413,3007.857,3042.599,3076.466,3110.283,3142.997,3175.264,3206.676,3238.458,3269.571,3301.031,3332.974,3364.025,3394.199,3423.337,3451.523,3479.294,3506.861,3533.095,3557.765,3582.35,3605.828,3629.684,3652.744,3672.992,3692.943,3712.148,3729.475,3745.105,3760.253,3774.629,3787.162,3799.545,3809.949,3819.786,3827.211,3834.099,3841.631,3847.382,3852.975,3858.759,3864.312,3868.975,3873.468,3876.342,3878.085,3879.058,3880.977,3882.401,3883.81,3884.324,3884.843,3885.521,3885.363,3884.724,3881.94,3877.567,3873.65,3869.62,3865.388,3861.098,3856.237,3850.966,3844.97,3839.891
Brazil,BR,BRA,Cement production,kt cement,1455.806206,1617.324854,2029.01092,2499.560731,2771.61546,3271.887685,3396.881147,3786.566646,3838.034543,4470.35441,4713.340047,5072.917611,5183.5524,5624.342278,5617.7185,6043.801521,6404.076794,7278.68628,7823.120217,9002.431,9802.639,11381.431,13397.576,14919.644,16737.458,19146.794,21122.927,23202.867,24873.654,27192.803,26051.07,25644.119,20869.935,19497.272,20634.513,25257.14,25468.027,25328.769,25920.012,25848.359,27490.09,23902.73,24842.915,25229.609,28256.304,34597.049,38096.043,39941.916,40233.915,39900.727,39453.482,38926.768,35122.0,35984.0,38705.0,41895.0,46551.0,51970.0,51747.0,59117.0,64093.0,68809.0,70161.545,72502.878,66488.57,58160.313,54003.893,53602.493,56611.225,61052.189,65883.5143,63545.862,66525.96,65498.224,62143.48486082473,62966.99689261954,63790.50892441437,64614.02095620921,65437.53298800402,66261.04501979884,67084.55705159367,67908.06908338849,68731.58111518332,69555.09314697814,70378.60517877297,70680.55959043108,70982.51400208916,71284.46841374727,71586.42282540536,71888.37723706347,72190.33164872158,72492.28606037967,72794.24047203778,73096.19488369588,73398.14929535397,73700.10370701208,74002.05811867019,74304.0125303283,74605.96694198638,74907.92135364449,75220.03858771893,75533.45631399826,75848.17995121557,76164.21494068204,76481.56674638101,76800.24085506256,77120.24277633821,77441.57804277635,77764.25220999772,78088.27085677159,78413.63958511215,78740.36402037542,79068.44981135643,79397.90263038693,79728.72817343348,80060.93216019588,80394.52033420607,80729.49846292747,81065.87233785464,81403.64777461345,81742.83061306163,82083.42671738968,82425.44197622236,82768.88230272033,83113.75363468261,83460.06193464907,83807.81319000354,84157.01341307738,84507.66864125342,84859.78493707029,85213.36838832729,85568.42510818962,85924.96123529409,86282.98293385518,86642.49639377174,87003.5078307339,87366.0234863306,87730.04962815743,88095.59254992509,88462.65857156813,88831.2540393542,89201.38532599388,89573.05883075067,89946.2809795519,90321.05822509955,90697.39704698202,91075.30395178599,91454.78547320903,91835.84817217258,92218.49863693527
Brazil,BR,BRA,Population,,54196.725,55840.978,57548.766,59318.747,61151.497,63051.279,65016.712,67046.273,69138.01,71290.929,73485.324,75725.571,78005.076,80323.393,82653.796,84981.369,87297.348,89594.899,91887.581,94203.972,96547.33,98931.217,101362.377,103839.574,106339.777,108899.353,111527.345,114223.24,116978.644,119782.997,122631.924,125494.294,128352.017,131228.137,134089.59,136941.601,139731.139,142478.749,145173.965,147831.978,150454.468,152994.044,155556.113,158033.041,160496.971,162973.176,165431.922,167891.396,170427.914,172855.172,175181.391,177421.015,179585.952,181659.425,183690.861,185685.342,187620.869,189483.771,191250.832,192909.069,194494.79,196074.679,197677.544,199279.055,200891.199,202459.865,203976.362,205430.528,206783.993,208126.926,209194.759,209905.829,210707.0,211574.458,212422.689,213202.121,213923.212,214598.839,215223.907,215806.434,216342.388,216832.311,217278.457,217680.312,218041.454,218357.961,218632.447,218862.035,219049.088,219187.659,219286.508,219327.789,219311.733,219241.307,219116.682,218935.711,218706.356,218424.38,218092.059,217703.593,217275.006,216805.643,216287.245,215723.405,215116.407,214467.502,213780.281,213048.302,212277.699,211463.834,210613.768,209727.16,208801.253,207841.71,206854.171,205832.711,204780.648,203704.415,202597.82,201468.671,200317.441,199142.696,197949.376,196737.148,195513.012,194278.809,193033.262,191776.428,190510.934,189238.164,187959.412,186673.306,185386.116,184101.815,182819.032,181536.504,180251.943,178970.312,177690.472,176418.016,175143.927,173877.66,172613.187,171358.906,170106.198,168860.387,167621.891,166390.999,165173.224,163966.039
British Virgin Islands,VG,VGB,Cement production,kt cement,,,,,,,,,,,,0.0,0.0,0.0,0.0,0.0,0.0,0.0,0.0,0.0,0.0,0.0,0.0,0.0,0.0,0.0,0.0,0.0,0.0,0.0,0.0,0.0,0.0,0.0,0.0,0.0,0.0,0.0,0.0,0.0,0.0,0.0,0.0,0.0,0.0,0.0,0.0,0.0,0.0,0.0,0.0,0.0,0.0,0.0,0.0,0.0,0.0,0.0,0.0,0.0,0.0,0.0,0.0,0.0,0.0,0.0,0.0,0.0,0.0,0.0,0.0,0.0,0.0,0.0,10.66293867856595,10.80424163760912,10.9455445966523,11.08684755569548,11.22815051473865,11.36945347378183,11.51075643282501,11.65205939186819,11.79336235091137,11.93466530995454,12.07596826899772,12.12777935398022,12.17959043896272,12.23140152394522,12.28321260892771,12.33502369391021,12.38683477889271,12.43864586387521,12.49045694885771,12.54226803384021,12.59407911882271,12.64589020380521,12.6977012887877,12.7495123737702,12.8013234587527,12.8531345437352,12.90668942458736,12.96046745141634,13.01446955399973,13.06869666598917,13.12314972492655,13.17782967226017,13.23273745336108,13.28787401753935,13.34324031806055,13.39883731216217,13.45466596107024,13.51072723001587,13.567022088252,13.62355150907013,13.68031646981716,13.73731795191228,13.79455694086393,13.85203442628684,13.90975140191917,13.96770886563964,14.02590781948484,14.08434926966649,14.14303422658892,14.20196370486642,14.26113872334092,14.32056030509951,14.38022947749213,14.4401472721494,14.50031472500039,14.56073287629055,14.62140277059971,14.68232545686012,14.74350198837461,14.80493342283476,14.86662082233922,14.92856525341208,14.99076778702127,15.05322949859711,15.11595146805089,15.17893477979356,15.24218052275442,15.30568979040004,15.36946368075307,15.4335032964113,15.49780974456667,15.56238413702444,15.62722759022241,15.6923412252502,15.75772616786867,15.82338354852937
British Virgin Islands,VG,VGB,Population,,7.396,7.39,7.371,7.411,7.479,7.51,7.559,7.623,7.744,7.883,8.018,8.051,8.089,8.138,8.199,8.315,8.511,8.782,9.218,9.848,10.018,10.172,10.297,10.438,10.55,10.662,10.756,10.843,10.928,11.002,11.257,11.7,12.142,12.597,13.043,13.495,13.956,14.433,14.926,15.434,15.975,16.399,16.788,17.191,17.621,18.058,18.515,18.996,19.48,19.981,20.502,21.09,21.769,22.498,23.263,24.067,24.919,25.812,26.764,27.671,27.68,29.74,30.95,32.457,33.467,35.528,32.228,33.17,36.144,36.645,37.624,37.995,38.643,39.327,39.615,39.849,40.023,40.197,40.38,40.521,40.662,40.752,40.866,40.953,41.038,41.106,41.194,41.154,41.209,41.208,41.193,41.198,41.148,41.099,41.016,40.925,40.821,40.7,40.6,40.433,40.247,40.085,39.975,39.819,39.621,39.416,39.167,38.942,38.714,38.484,38.201,37.926,37.618,37.293,37.046,36.763,36.449,36.144,35.85,35.553,35.258,34.937,34.614,34.316,33.967,33.661,33.393,33.159,32.885,32.599,32.341,32.071,31.812,31.552,31.28,31.003,30.75,30.52,30.285,30.063,29.888,29.707,29.486,29.259,29.036,28.83,28.658,28.421,28.194,27.999
Brunei Darussalam,BN,BRN,Cement production,kt cement,0.0,0.0,0.0,0.0,0.0,0.0,0.0,0.0,0.0,0.0,0.0,0.0,0.0,0.0,0.0,0.0,0.0,0.0,0.0,0.0,0.0,0.0,0.0,0.0,0.0,0.0,0.0,0.0,0.0,0.0,0.0,0.0,0.0,0.0,0.0,0.0,0.0,0.0,0.0,,,0.0,0.0,0.0,0.0,250.0,250.0,216.0,208.0,232.0,227.0,241.0,236.0,241.872,266.027,240.0,200.0,240.0,220.0,270.0,290.0,330.0,340.0,240.0,230.0,250.0,270.0,290.0,290.0,250.0,260.0,310.0,310.0,310.0,246.1846086885241,249.4057157180935,252.626822747663,255.8479297772325,259.0690368068019,262.2901438363714,265.5112508659408,268.7323578955103,271.9534649250799,275.1745719546493,278.3956789842188,279.8804559388013,281.3652328933838,282.8500098479663,284.3347868025488,285.8195637571313,287.3043407117138,288.7891176662962,290.2738946208788,291.7586715754613,293.2434485300438,294.7282254846263,296.2130024392088,297.6977793937913,299.1825563483738,300.6673333029563,302.2139422651281,303.7685068613743,305.3310680148468,306.9016668592029,308.4803447396885,310.0671432142254,311.6621040545071,313.2652692470968,314.876680994533,316.4963817164414,318.1244140506504,319.7608208543143,321.4056452050407,323.0589304020258,324.7207199671927,326.3910576463383,328.0699874102842,329.7575534560345,331.4538002079391,333.1587723188634,334.8725146713634,336.5950723788676,338.3264907868643,340.0668154740956,341.8160922537567,343.5743671747024,345.3416865226593,347.1180968214438,348.9036448341877,350.698377564568,352.5023422580452,354.3155864031067,356.138157732517,357.9701042245741,359.8114741043723,361.6623158450723,363.5226781691769,365.3926100498134,367.272160712023,369.1613796340571,371.0603165486784,372.9690214444719,374.8875445671592,376.8159364209226,378.7542477697332,380.7025296386887,382.6608333153552,384.6292103511184,386.6077125625399,388.596392032722
Brunei Darussalam,BN,BRN,Population,,49.736,52.644,55.822,59.295,63.123,67.298,71.798,76.53,81.415,86.269,90.424,94.611,98.827,103.492,108.352,113.325,118.424,123.611,128.834,134.057,136.22,139.622,144.756,149.983,155.329,160.811,166.402,172.152,177.616,183.228,188.994,194.96,201.369,208.113,215.208,222.631,230.359,237.361,244.465,251.663,258.922,266.271,273.408,280.535,287.648,294.743,301.808,308.875,315.896,322.927,329.921,336.769,343.429,349.845,355.976,361.855,367.47,374.275,381.311,388.594,396.07,402.707,408.406,413.998,419.503,424.92,430.208,435.336,440.283,445.077,449.73,453.711,457.028,460.869,464.574,468.087,471.463,474.848,478.017,480.972,483.921,486.711,489.192,491.681,494.106,496.474,498.636,500.772,503.068,505.064,506.887,508.72,510.37,511.888,513.301,514.803,516.034,517.178,518.225,519.157,519.945,520.588,520.955,521.158,521.338,521.328,521.283,521.042,520.71,520.335,519.915,519.401,518.905,518.199,517.364,516.389,515.288,513.972,512.656,511.391,510.211,509.002,507.574,506.047,504.368,502.578,501.073,499.49,498.006,496.44,494.852,493.219,491.548,489.88,488.297,486.67,485.179,483.637,482.008,480.39,478.87,477.402,475.892,474.418,472.922,471.492,469.998,468.591,467.079,465.546
Bulgaria,BG,BGR,Cement production,kt cement,632.036316,676.435207,698.492877,779.370999,808.781225,860.006182,882.306791,933.774688,1433.748536,1588.413477,1749.90847,1889.607045,2205.766979,2580.747365,2683.895642,2852.791959,3352.988686,3514.305561,3551.284835,3668.706058,3882.149882,3911.560109,4176.02965,4293.893052,4360.066061,4359.847402,4661.520881,5146.789617,5403.878744,5359.760113,5440.89188,5610.000682,5646.534332,5720.529137,5293.840748,5698.459665,5492.139994,5536.475116,4970.118141,4710.0,2374.0,2132.0,2007.0,1910.0,2070.0,2137.0,1654.0,1742.0,2060.0,2209.0,2088.0,2137.0,2100.0,2938.87,3618.221,4092.692,4413.346,4651.0,2645.0,1961.0,1882.0,1803.0,1812.0,1785.0,2114.0,1994.0,2117.0,2331.0,2456.0,2000.0,1989.0,1952.0,1952.0,1952.0,1648.53239504767,1650.889124704636,1653.245854361602,1655.602584018568,1657.959313675534,1660.3160433325,1662.672772989466,1665.029502646432,1667.386232303397,1669.742961960363,1672.099691617329,1668.643154787113,1665.186617956896,1661.730081126679,1658.273544296463,1654.817007466246,1651.360470636029,1647.903933805813,1644.447396975596,1640.990860145379,1637.534323315162,1634.077786484946,1630.621249654729,1627.164712824512,1623.708175994296,1620.251639164079,1616.852824555068,1613.461139666199,1610.076569541401,1606.699099255978,1603.328713916542,1599.965398660945,1596.609138658217,1593.259919108498,1589.917725242975,1586.582542323815,1583.2543556441,1579.933150527764,1576.618912329526,1573.311626434828,1570.011278259768,1566.717853251036,1563.431336885852,1560.151714671901,1556.878972147267,1553.613094880371,1550.354068469909,1547.101878544785,1543.85651076405,1540.617950816837,1537.386184422302,1534.161197329555,1530.942975317602,1527.731504195278,1524.526769801191,1521.328758003652,1518.137454700617,1514.952845819626,1511.774917317735,1508.603655181461,1505.439045426718,1502.28107409875,1499.12972727208,1495.984991050437,1492.846851566704,1489.715294982852,1486.59030748988,1483.471875307755,1480.359984685349,1477.25462190038,1474.155773259354,1471.063425097499,1467.977563778708,1464.898175695481,1461.825247268859,1458.758764948371
Bulgaria,BG,BGR,Population,,7289.651,7339.218,7384.686,7447.159,7505.378,7561.93,7612.401,7686.678,7763.105,7825.242,7900.611,7975.989,8040.661,8106.801,8173.368,8231.465,8286.106,8336.142,8405.134,8465.419,8516.23,8561.566,8598.259,8651.342,8714.168,8732.129,8786.746,8822.626,8804.867,8845.117,8873.956,8901.646,8923.818,8942.833,8962.375,8955.333,8971.605,8980.804,8990.626,8882.135,8762.595,8628.999,8489.202,8443.864,8389.971,8325.177,8257.619,8176.585,8099.804,8035.121,7965.918,7890.986,7832.899,7775.92,7722.94,7667.159,7613.429,7560.347,7510.836,7465.187,7410.01,7350.04,7283.987,7245.212,7201.687,7153.347,7101.521,7049.75,6999.741,6951.197,6916.107,6838.344,6813.384,6778.222,6737.155,6691.964,6643.355,6592.301,6539.735,6485.837,6430.649,6375.657,6321.14,6265.8,6210.623,6155.605,6099.733,6044.046,5989.646,5934.74,5880.716,5827.395,5775.378,5723.976,5673.251,5623.261,5573.587,5523.823,5474.986,5426.371,5378.062,5330.216,5282.651,5234.743,5187.047,5139.441,5092.264,5045.071,4998.087,4950.356,4902.42,4854.581,4807.252,4759.921,4712.689,4665.791,4619.459,4573.894,4529.363,4485.444,4441.978,4399.585,4358.065,4317.156,4276.869,4238.336,4200.906,4164.153,4128.546,4093.496,4059.429,4027.298,3995.762,3965.338,3935.446,3906.471,3878.38,3851.106,3824.686,3798.622,3773.077,3747.693,3722.313,3697.018,3671.656,3646.519,3620.854,3595.301,3569.824,3544.133
Burkina Faso,BF,BFA,Cement production,kt cement,,,,,,,,0.0,0.0,0.0,0.0,0.0,0.0,0.0,0.0,0.0,0.0,0.0,0.0,0.0,0.0,0.0,0.0,0.0,0.0,0.0,0.0,0.0,0.0,0.0,0.0,0.0,0.0,0.0,0.0,0.0,0.0,0.0,0.0,,,,,0.0,30.0,30.0,40.0,40.0,180.0,100.0,50.0,30.0,30.0,30.0,30.0,30.0,30.0,468.0,563.0,587.0,590.0,659.0,580.0,403.0,1350.0,1650.0,1800.0,2150.0,2745.0,2800.0,3000.0,3100.0,3100.0,3100.0,3656.835965867685,3770.519985531965,3884.204005196245,3997.888024860525,4111.572044524806,4225.256064189086,4338.940083853367,4452.624103517647,4566.308123181927,4679.992142846208,4793.676162510488,4949.605725284581,5105.535288058674,5261.464850832767,5417.394413606861,5573.323976380954,5729.253539155047,5885.18310192914,6041.112664703234,6197.042227477326,6352.971790251419,6508.901353025513,6664.830915799606,6820.760478573699,6976.690041347792,7132.619604121885,7324.102624791273,7520.726217822532,7722.628387536433,7929.950843131582,8142.839098145924,8361.44257258843,8585.914697812605,8816.413024205445,9053.099331767424,9296.139743661124,9545.704842808187,9801.96979161648,10065.11445492142,10335.3235262278,10612.78665734078,10897.69859147687,11190.2592999485,11490.67412251798,11799.15391151946,12115.91517984998,12441.18025293351,12775.17742476465,13118.14111814144,13470.31204919984,13831.93739636534,14203.2709738402,14584.57340974819,14976.11232906182,15378.16254144039,15791.00623411092,16214.93316992694,16650.24089074463,17097.23492625864,17556.22900844441,18027.54529175745,18511.51457924407,19008.47655472229,19518.78002119596,20042.78314566933,20580.85371053394,21133.36937170427,21700.71792368331,22283.29757174415,22881.51721141856,23495.79671548871,24126.56722868357,24774.27147028671,25439.36404486793,26122.3117613569,26823.59396068259
Burkina Faso,BF,BFA,Population,,4235.812,4284.956,4335.746,4386.888,4440.864,4497.242,4556.067,4617.076,4677.484,4744.206,4813.036,4883.412,4955.932,5031.315,5110.754,5194.911,5280.955,5371.741,5465.546,5560.808,5659.8,5756.198,5858.271,5965.583,6084.225,6210.913,6350.357,6507.11,6674.858,6852.947,7042.852,7237.69,7442.704,7659.554,7884.957,8114.912,8342.782,8571.436,8803.435,9038.915,9279.798,9509.466,9749.085,9994.341,10253.255,10520.19,10791.695,11076.751,11404.577,11745.28,12105.811,12484.191,12877.602,13287.462,13713.605,14150.642,14596.772,15035.841,15480.345,15939.786,16413.21,16910.606,17433.968,17956.85,18502.072,19052.902,19616.809,20172.005,20704.571,21219.334,21738.045,22252.441,22765.636,23285.916,23811.646,24337.514,24865.886,25395.936,25927.946,26461.268,26999.381,27542.346,28087.994,28639.707,29194.189,29745.303,30294.452,30840.668,31384.382,31925.362,32461.928,32995.748,33526.148,34051.048,34572.424,35086.957,35592.048,36092.308,36581.104,37065.76,37543.006,38011.444,38473.7,38929.47,39374.91,39814.228,40245.642,40673.073,41092.349,41501.449,41905.079,42304.18,42689.883,43068.629,43441.498,43800.571,44153.53,44498.019,44833.397,45159.587,45474.563,45779.534,46076.616,46363.783,46634.813,46892.202,47142.498,47380.762,47602.259,47811.038,48008.415,48194.046,48366.846,48530.889,48681.91,48823.071,48954.174,49078.977,49191.54,49292.922,49384.35,49462.504,49538.042,49602.184,49658.376,49705.524,49752.075,49790.905,49821.505,49845.642
Burundi,BI,BDI,Cement production,kt cement,0.0,0.0,0.0,0.0,0.0,0.0,0.0,0.0,0.0,0.0,0.0,0.0,0.0,0.0,0.0,0.0,0.0,0.0,0.0,0.0,0.0,0.0,0.0,0.0,0.0,0.0,0.0,0.0,0.0,0.0,0.0,0.0,0.0,0.0,0.0,0.0,0.0,0.0,0.0,,,,,,,,,,,,,,,,,,,0.0,0.0,0.0,35.0,71.0,100.0,70.0,100.0,100.0,45.0,100.0,75.0,210.0,180.0,180.0,180.0,180.0,212.3324109213494,218.9334185147593,225.5344261081691,232.1354337015789,238.7364412949888,245.3374488883985,251.9384564818084,258.5394640752182,265.140471668628,271.7414792620379,278.3424868554477,287.396461468137,296.4504360808263,305.5044106935155,314.5583853062049,323.6123599188941,332.6663345315834,341.7203091442726,350.774283756962,359.8282583696512,368.8822329823405,377.9362075950298,386.9901822077191,396.0441568204083,405.0981314330976,414.1521060457869,425.2704749878804,436.6873287767922,448.4106805666316,460.4487586334467,472.8100121504085,485.5031171180379,498.5369824536352,511.9207562441871,525.6638321671408,539.7758560835491,554.2667328082173,569.1466330616021,584.4260006083402,600.1155595874204,616.226322039142,632.769595634141,649.756991609913,667.2004329203988,685.1121626043556,703.5047523783857,722.3911114606555,741.7844956314958,761.6985165372447,782.1471512438617,803.1447520470199,824.7060565455602,846.846197985379,869.5807158810087,892.9255669223454,916.8971361741824,941.5122485764032,966.788180752914,992.7426731375983,1019.393942425805,1046.76069436011,1074.862136859333,1103.717993500004,1133.348517359765,1163.774505232413,1195.017312224551,1227.098866744119,1260.041685891289,1293.868891262564,1328.604225179142,1364.272067350958,1400.897451988078,1438.506085371486,1477.124363895557,1516.779392594917,1557.499004168666
Burundi,BI,BDI,Population,,2280.554,2330.938,2380.67,2429.703,2479.47,2529.829,2580.787,2632.179,2682.644,2736.551,2791.964,2878.273,2937.612,3002.071,3109.229,3173.504,3262.416,3338.964,3421.81,3487.37,3573.495,3661.084,3573.171,3650.811,3756.37,3836.854,3928.398,4038.767,4161.909,4245.151,4522.26,4609.768,4753.012,4864.043,4988.887,5079.198,5179.631,5315.942,5414.711,5528.701,5645.404,5762.31,5954.503,5399.183,6028.524,6104.108,6036.903,6103.181,6271.035,6403.276,6537.111,6731.619,6916.646,7169.663,7451.649,7722.949,8008.144,8315.604,8695.67,9199.621,9553.268,9882.688,10259.367,10619.314,10980.257,11114.903,11363.999,11649.525,12069.367,12441.306,12792.766,13138.197,13503.998,13874.901,14220.671,14559.334,14898.98,15254.978,15633.051,15998.66,16365.373,16744.687,17125.789,17509.479,17892.137,18279.545,18686.565,19099.952,19511.114,19925.929,20336.706,20738.406,21164.719,21576.978,21994.406,22401.368,22771.047,23169.082,23547.911,23949.994,24313.446,24683.6,25058.7,25432.395,25807.375,26162.475,26524.284,26867.628,27209.561,27558.862,27903.07,28249.058,28593.078,28925.345,29265.021,29634.099,29981.124,30336.516,30675.065,31011.329,31354.58,31658.223,31978.528,32298.588,32602.64,32918.107,33200.434,33508.651,33792.081,34066.499,34308.613,34578.588,34829.553,35048.248,35274.108,35512.178,35719.532,35907.59,36113.997,36318.544,36488.205,36651.817,36815.403,36976.139,37151.621,37291.784,37427.327,37564.068,37704.55,37822.574
Cabo Verde,CV,CPV,Cement production,kt cement,0.0,0.0,0.0,0.0,0.0,0.0,0.0,0.0,7.352557,7.352557,7.352557,7.352557,7.352557,14.705113,14.705113,0.0,0.0,7.352557,14.705113,14.705113,7.352557,7.352557,14.705113,0.0,0.0,0.0,0.0,14.705113,0.0,0.0,0.0,0.0,0.0,0.0,0.0,0.0,0.0,0.0,0.0,0.0,0.0,0.0,0.0,0.0,0.0,0.0,0.0,0.0,0.0,0.0,0.0,0.0,0.0,0.0,0.0,0.0,0.0,0.0,0.0,0.0,0.0,0.0,0.0,0.0,0.0,0.0,0.0,0.0,0.0,0.0,0.0,0.0,0.0,0.0,64.72546689605126,66.73765757675751,68.74984825746375,70.76203893817002,72.77422961887629,74.78642029958253,76.7986109802888,78.81080166099505,80.82299234170131,82.83518302240756,84.84737370311382,87.60730437751461,90.36723505191543,93.12716572631624,95.88709640071704,98.64702707511783,101.4069577495186,104.1668884239194,106.9268190983203,109.6867497727211,112.4466804471218,115.2066111215227,117.9665417959235,120.7264724703243,123.4864031447251,126.2463338191259,129.6355555482858,133.115764663629,136.6894038216428,140.3589812546157,144.1270725310915,147.9963223635851,151.9694464648288,156.0492334538509,160.2385468132256,164.5403268988674,168.9575930037801,173.4934454772103,178.151067900691,182.9337293225041,187.8447865521294,192.88768651629,198.0659686782499,203.3832675220579,208.8433151034862,214.4499436694502,220.2070883477499,226.1187899090206,232.1891976028313,238.4225720699203,244.8232883326143,251.395838865528,258.1448367486994,265.0750189053761,272.1912494267211,279.4985229857771,287.0019683430789,294.7068519463814,302.6185816270233,310.7427103955254,319.0849403390853,327.6511266237052,336.4472816037603,345.479579041894,354.7543584422003,364.2781294997353,374.0575766694813,384.0995638579683,394.4111392408494,404.9995402098073,415.8721984522674,427.0367451674799,438.5010164226354,450.2730586527692,462.361134308318,474.7737276542913
Cabo Verde,CV,CPV,Population,,186.054,188.343,190.521,192.57,194.527,196.702,198.993,201.578,204.6,208.108,211.941,218.233,225.605,233.14,240.872,248.84,257.111,265.698,274.63,283.865,291.905,296.188,298.584,301.178,303.962,307.732,311.178,314.489,317.806,321.154,325.448,330.244,335.204,340.103,344.907,349.823,354.8,359.804,364.853,370.754,380.103,389.069,397.761,406.169,414.286,421.923,429.239,436.356,443.211,449.828,456.807,463.779,470.313,476.453,482.286,487.945,493.51,498.869,503.841,508.441,511.128,511.765,512.145,512.305,512.346,512.441,512.668,513.118,513.712,514.496,514.863,518.435,521.047,523.614,526.14,528.511,530.748,532.995,535.235,537.46,539.768,541.759,543.831,545.685,547.619,549.563,551.385,553.189,554.974,556.62,558.128,559.508,560.766,561.928,562.999,563.954,564.754,565.288,565.727,566.068,566.2,566.202,566.087,565.735,565.074,564.25,563.318,562.169,560.85,559.258,557.599,555.721,553.641,551.501,549.307,546.922,544.333,541.548,538.779,535.875,532.937,530.081,527.043,523.912,520.668,517.282,513.824,510.341,506.768,502.981,499.123,495.171,491.158,487.186,483.042,478.869,474.7,470.49,466.253,461.884,457.585,453.303,449.017,444.661,440.337,436.028,431.782,427.516,423.318,419.053
Cambodia,KH,KHM,Cement production,kt cement,,,,,0.0,0.0,0.0,0.0,0.0,0.0,0.0,0.0,0.0,7.274338,51.467896,58.820453,58.820453,58.820453,58.981164,36.762783,58.820453,51.467896,80.878123,51.467896,51.467896,51.467896,51.467896,7.352557,0.0,0.0,0.0,0.0,0.0,0.0,0.0,0.0,0.0,0.0,0.0,,,,,100.0,100.0,200.0,150.0,150.0,0.0,0.0,0.0,0.0,0.0,0.0,0.0,0.0,86.99,772.0,933.0,789.0,907.0,980.0,1060.0,1400.0,1700.0,2100.0,3400.0,4900.0,7400.0,7900.0,8700.0,8900.0,8900.0,8900.0,7067.880701057626,7160.357644809782,7252.834588561936,7345.311532314093,7437.788476066249,7530.265419818404,7622.74236357056,7715.219307322715,7807.696251074873,7900.173194827028,7992.650138579184,8035.277605984938,8077.905073390695,8120.532540796451,8163.160008202207,8205.787475607962,8248.414943013719,8291.042410419472,8333.66987782523,8376.297345230985,8418.924812636742,8461.552280042495,8504.179747448252,8546.807214854009,8589.434682259762,8632.062149665519,8676.464794063355,8721.095842149132,8765.956468813343,8811.04785499002,8856.371187687828,8901.927660021309,8947.7184712423,8993.744826771486,9040.007938230141,9086.509023472028,9133.249306615447,9180.230018075474,9227.45239459633,9274.917679283964,9322.627121638758,9370.581977588421,9418.783509521061,9467.232986318408,9515.931683389217,9564.880882702852,9614.081872823013,9663.535948941682,9713.2444129132,9763.20857328855,9813.42974534979,9863.90925114468,9914.648419521507,9965.648586164032,10016.91109362668,10068.43729136985,10120.22853579549,10172.28619028274,10224.61162522388,10277.20621806035,10330.07135331908,10383.20842264885,10436.61882485701,10490.30396594626,10544.26525915163,10598.50412497777,10653.02199123625,10707.82029308322,10762.90047305715,10818.26398111681,10873.91227467944,10929.84681865913,10986.06908550536,11042.58055524178,11099.38271550517,11156.4770615846
Cambodia,KH,KHM,Population,,4425.014,4526.37,4629.552,4731.349,4836.316,4944.427,5054.541,5166.327,5275.342,5390.518,5509.413,5632.923,5762.193,5883.827,6008.53,6136.049,6266.415,6399.474,6535.173,6674.278,6604.087,6637.673,6710.098,6769.355,6797.125,6365.617,5904.365,5432.736,4990.569,5187.047,5212.697,5356.294,5516.57,5755.836,5934.398,6153.169,6418.217,6697.723,6926.304,7220.642,7528.862,7844.837,8381.33,8851.433,9626.89,10410.104,11192.435,11949.529,12166.816,12364.646,12560.027,12756.941,12953.541,13148.395,13341.067,13537.337,13740.718,13942.822,14164.137,14389.483,14611.969,14833.199,15056.972,15283.443,15510.1,15736.401,15969.205,16177.54,16371.503,16591.105,16859.842,17088.769,17314.678,17533.083,17744.518,17951.445,18150.994,18349.297,18544.245,18734.542,18920.234,19103.869,19282.832,19460.324,19633.429,19806.853,19972.207,20138.801,20302.804,20462.927,20618.438,20772.32,20924.432,21072.642,21216.516,21355.959,21492.734,21623.708,21750.662,21873.714,21989.196,22102.465,22208.826,22310.004,22406.892,22497.43,22583.804,22667.014,22745.223,22818.763,22887.21,22949.675,23005.181,23057.487,23107.277,23148.427,23188.96,23226.956,23257.851,23285.0,23307.242,23327.694,23345.467,23357.811,23370.128,23376.14,23383.426,23387.622,23386.803,23382.503,23376.575,23370.484,23362.438,23350.088,23333.01,23315.026,23293.362,23268.944,23245.571,23214.225,23182.34,23150.555,23112.757,23072.934,23028.431,22984.835,22935.26,22881.913,22825.295,22769.153
Cameroon,CM,CMR,Cement production,kt cement,0.0,0.0,0.0,0.0,7.352557,14.705113,7.248999,7.257069,7.352557,0.0,0.0,0.0,0.0,0.0,0.0,0.0,0.0,0.0,0.0,29.410226,139.698575,169.108802,190.389372,213.224141,235.281811,301.45482,360.275273,352.922717,492.621292,507.326405,514.678962,529.384075,610.262197,0.0,0.0,0.0,0.0,579.885495,617.318251,624.0,521.0,620.0,620.0,479.0,552.0,305.0,620.0,740.0,850.0,890.0,980.0,937.0,948.943,1032.43,1000.0,1000.0,1150.0,1000.0,1100.0,1000.0,1146.0,1275.0,1400.0,1300.0,1700.0,2340.0,2560.0,2830.0,2780.0,3440.0,4500.0,4700.0,4700.0,4700.0,5544.235174057458,5716.59481677427,5888.954459491081,6061.314102207893,6233.673744924707,6406.033387641518,6578.393030358331,6750.752673075143,6923.112315791955,7095.471958508767,7267.831601225579,7504.240938334688,7740.650275443797,7977.059612552905,8213.468949662016,8449.878286771123,8686.287623880233,8922.69696098934,9159.106298098452,9395.51563520756,9631.924972316669,9868.334309425778,10104.74364653489,10341.15298364399,10577.5623207531,10813.97165786221,11104.28462468354,11402.39136250513,11708.50110368427,12022.82869765111,12345.59476170511,12677.02583585988,13017.35454184492,13366.819746376,13725.66672880868,14094.14735329267,14472.5202455479,14861.05097438628,15260.01223810666,15669.68405589376,16090.35396435537,16522.3172193359,16965.87700314773,17421.34463736597,17889.03980133595,18369.29075654674,18862.43457702823,19368.8173859335,19888.7945984725,20422.7311713675,20971.00185900552,21533.99147646741,22112.09516961823,22705.71869244856,23315.27869186124,23941.20300010365,24583.93093505053,25243.91360854831,25921.61424303729,26617.50849667378,27332.08479718066,28065.84468466036,28819.30316361121,29592.98906439387,30387.44541440189,31203.22981919662,32040.91485387421,32901.08846493921,33784.35438296694,34691.33254634427,35622.65953638611,36578.98902413316,37560.99222914436,38569.35839060622,39604.7952510895,40668.02955329296
Cameroon,CM,CMR,Population,,4361.724,4428.982,4500.45,4576.442,4657.329,4743.186,4833.487,4924.379,5020.058,5120.084,5198.031,5280.514,5396.727,5516.519,5639.995,5769.377,5905.213,6049.423,6202.303,6364.622,6534.964,6713.853,6899.891,7093.429,7293.738,7500.503,7695.42,7897.582,8126.26,8353.023,8671.414,8961.339,9096.017,9334.777,9615.379,9908.081,10212.603,10528.896,10841.04,11164.45,11499.192,11835.168,12177.539,12528.723,12881.083,13235.949,13593.566,13956.862,14332.857,14717.424,15107.838,15511.143,15939.912,16380.768,16840.207,17308.981,17791.832,18307.96,18840.153,19387.794,19948.338,20516.269,21102.789,21701.963,22417.823,23109.006,23799.317,24457.885,25154.881,25857.309,26563.807,27267.71,27997.833,28747.541,29499.946,30258.728,31022.905,31797.863,32583.473,33375.092,34179.287,34988.947,35810.395,36636.571,37473.048,38314.588,39170.347,40030.398,40895.625,41770.056,42645.95,43534.009,44418.024,45297.578,46185.371,47072.707,47965.369,48862.197,49755.333,50651.206,51541.428,52436.604,53334.818,54225.54,55116.184,55997.979,56878.239,57763.467,58645.887,59523.964,60397.828,61263.987,62126.146,62983.352,63840.036,64692.716,65541.799,66382.636,67215.678,68045.732,68870.709,69691.294,70509.503,71314.921,72118.429,72908.726,73684.786,74457.421,75218.264,75969.649,76719.1,77450.978,78169.137,78878.706,79573.442,80260.089,80930.265,81595.154,82246.5,82889.242,83517.415,84134.485,84733.529,85325.118,85907.917,86472.434,87029.164,87574.302,88103.012,88621.753
Canada,CA,CAN,Cement production,kt cement,2698.3275,2941.022638,3529.146661,3558.637392,3992.438231,4558.585089,5485.00722,5580.590456,5698.231361,5249.725409,5632.058352,6242.320549,6359.961455,7176.095237,7580.485849,8095.164811,7249.620803,7404.113939,7484.902614,7205.505463,8227.51083,9050.910088,10095.060205,10374.359803,9962.806177,9624.496583,9639.201696,10315.54595,11764.090552,10499.363954,10146.528101,8425.955371,7867.235557,8609.843773,10190.643441,10602.38661,12587.576891,12036.135146,12587.576891,11700.0,9396.0,5698.0,6672.0,10584.0,10440.0,11587.0,12015.0,12124.0,12634.0,12612.0,12793.0,13079.0,13416.0,13862.9,14179.4,14335.5,15077.6,13672.0,10985.0,12431.0,12001.0,12465.0,11611.0,11879.0,12167.0,11693.0,12706.0,13554.0,14000.0,14000.0,14000.0,15000.0,15000.0,15000.0,17964.39296338085,18112.85902092945,18261.32507847805,18409.79113602666,18558.25719357526,18706.72325112386,18855.18930867246,19003.65536622106,19152.12142376967,19300.58748131827,19449.05353886687,19518.33769905622,19587.62185924557,19656.90601943491,19726.19017962426,19795.47433981361,19864.75850000296,19934.04266019231,20003.32682038165,20072.610980571,20141.89514076035,20211.17930094969,20280.46346113904,20349.74762132839,20419.03178151774,20488.31594170709,20559.54260962917,20631.01689371638,20702.73965479467,20774.71175668264,20846.93406620189,20919.40745318751,20992.13279049852,21065.11095402837,21138.34282271554,21211.8292785541,21285.57120660432,21359.56949500334,21433.82503497587,21508.33872084493,21583.11145004258,21658.14412312082,21733.4376437623,21808.99291879134,21884.81085818478,21960.89237508293,22037.2383858006,22113.84980983814,22190.72756989248,22267.87259186829,22345.28580488906,22422.96814130838,22500.92053672109,22579.1439299746,22657.63926318016,22736.40748172427,22815.44953427995,22894.76637281831,22974.3589526199,23054.22823228626,23134.37517375149,23214.80074229377,23295.50590654706,23376.49163851271,23457.75891357119,23539.30871049383,23621.14201145464,23703.25980204208,23785.66307127096,23868.35281159439,23951.33001891565,24034.59569260027,24118.15083548801,24201.99645390494,24286.13355767562,24370.56316013517
Canada,CA,CAN,Population,,13889.903,14276.694,14688.904,15106.846,15531.127,15925.422,16393.823,16888.837,17319.334,17711.707,18085.873,18440.276,18786.925,19141.598,19501.734,19869.302,20238.04,20579.519,20888.824,21186.412,21693.632,22097.75,22364.011,22660.442,22987.722,23310.251,23601.311,23859.369,24098.108,24376.237,24691.315,24998.632,25281.696,25543.52,25797.23,26057.701,26364.361,26717.48,27138.409,27593.691,27985.194,28329.121,28670.998,28990.276,29304.487,29613.776,29920.635,30197.543,30462.396,30736.515,31047.091,31380.063,31691.092,31981.872,32283.483,32596.863,32921.479,33262.864,33635.306,34017.435,34376.362,34734.543,35110.489,35476.376,35792.151,36132.317,36574.369,37042.624,37547.386,38018.483,38325.321,38582.793,39059.725,39538.484,39946.376,40307.07,40628.385,40936.083,41234.923,41517.67,41793.508,42063.722,42319.814,42556.246,42796.698,43013.836,43235.065,43450.947,43660.957,43857.762,44045.072,44230.739,44413.16,44589.112,44762.496,44937.696,45095.813,45251.16,45407.274,45546.625,45697.139,45845.787,46000.122,46141.898,46284.533,46429.611,46578.674,46732.895,46899.496,47064.787,47225.79,47394.042,47569.807,47743.837,47916.111,48087.944,48260.381,48441.498,48608.984,48775.638,48939.976,49105.9,49268.697,49423.68,49579.93,49743.128,49909.099,50059.406,50221.045,50373.295,50525.244,50687.393,50831.829,50989.689,51139.69,51283.778,51431.482,51572.957,51744.133,51887.28,52026.216,52184.285,52335.102,52494.524,52652.875,52815.322,52981.213,53167.495,53349.202,53524.621
Cayman Islands,KY,CYM,Cement production,kt cement,,,,,,0.0,0.0,0.0,0.0,0.0,0.0,0.0,0.0,0.0,0.0,0.0,0.0,0.0,0.0,0.0,0.0,0.0,0.0,0.0,0.0,0.0,0.0,0.0,0.0,0.0,0.0,0.0,0.0,0.0,0.0,0.0,0.0,0.0,0.0,0.0,0.0,0.0,0.0,0.0,0.0,0.0,0.0,0.0,0.0,0.0,0.0,0.0,0.0,0.0,0.0,0.0,0.0,0.0,0.0,0.0,0.0,0.0,0.0,0.0,0.0,0.0,0.0,0.0,0.0,0.0,0.0,0.0,0.0,0.0,19.99785656613293,20.26286383969025,20.52787111324757,20.79287838680489,21.0578856603622,21.32289293391952,21.58790020747684,21.85290748103415,22.11791475459147,22.38292202814878,22.6479293017061,22.74509863534379,22.84226796898147,22.93943730261915,23.03660663625683,23.13377596989452,23.2309453035322,23.32811463716988,23.42528397080757,23.52245330444525,23.61962263808293,23.71679197172062,23.8139613053583,23.91113063899599,24.00829997263366,24.10546930627135,24.20590904975882,24.30676729337767,24.40804578088347,24.50974626329741,24.61187049893667,24.71442025344474,24.817397299822,24.92080341845634,25.02464039715396,25.12891003117027,25.23361412324094,25.33875448361304,25.4443329300764,25.55035128799493,25.65681139033832,25.76371507771359,25.87106419839703,25.97886060836607,26.08710617133141,26.19580275876923,26.30495224995356,26.41455653198876,26.52461749984215,26.63513705637674,26.7461171123842,26.85755958661783,26.96946640582576,27.08183950478428,27.19468082633124,27.30799232139969,27.4217759490516,27.53603367651169,27.65076747920151,27.76597934077352,27.88167125314546,27.99784521653473,28.11450323949299,28.23164733894089,28.34927954020296,28.46740187704259,28.58601639169719,28.70512513491356,28.82473016598326,28.9448335527783,29.0654373717868,29.18654370814897,29.30815465569313,29.43027231697189,29.55289880329855,29.67603623478353
Cayman Islands,KY,CYM,Population,,7.082,7.185,7.33,7.486,7.622,7.766,7.915,8.064,8.196,8.342,8.513,8.69,8.872,9.068,9.265,9.458,9.663,9.875,10.067,10.264,10.77,11.425,12.102,12.775,13.453,14.123,14.784,15.426,16.029,16.673,17.485,18.325,19.174,20.021,20.888,21.76,22.633,23.513,24.388,25.359,26.639,27.95,29.292,30.66,32.044,33.442,34.844,36.242,37.601,38.967,40.381,41.797,43.23,44.639,46.064,47.511,48.953,50.421,51.882,53.355,54.842,56.371,57.9,59.41,60.911,62.374,63.827,65.244,66.637,68.017,69.352,70.863,72.32,73.756,75.159,76.528,77.864,79.201,80.509,81.781,83.048,84.315,85.527,86.749,87.905,89.034,90.181,91.317,92.441,93.552,94.68,95.765,96.839,97.896,98.89,99.874,100.813,101.726,102.671,103.508,104.409,105.277,106.02,106.755,107.457,108.154,108.861,109.418,109.986,110.506,110.975,111.388,111.796,112.165,112.494,112.783,113.075,113.387,113.722,114.014,114.315,114.562,114.85,115.031,115.258,115.428,115.603,115.822,115.944,116.102,116.229,116.37,116.525,116.677,116.835,116.979,117.101,117.23,117.321,117.419,117.574,117.746,117.855,117.938,118.019,118.076,118.112,118.142,118.102,118.074
Central African Republic,CF,CAF,Cement production,kt cement,,,,,,,,,0.0,0.0,0.0,0.0,0.0,0.0,0.0,0.0,0.0,0.0,0.0,0.0,0.0,0.0,0.0,0.0,0.0,0.0,0.0,0.0,0.0,0.0,0.0,0.0,0.0,0.0,0.0,0.0,0.0,0.0,0.0,0.0,0.0,0.0,0.0,0.0,0.0,0.0,0.0,0.0,0.0,0.0,0.0,0.0,0.0,0.0,0.0,0.0,0.0,0.0,0.0,0.0,0.0,0.0,0.0,0.0,0.0,0.0,0.0,0.0,0.0,0.0,0.0,0.0,0.0,0.0,647.7625945382777,667.9002917778096,688.0379890173415,708.1756862568734,728.3133834964055,748.4510807359374,768.5887779754694,788.7264752150014,808.8641724545332,829.0018696940651,849.1395669335972,876.7605319127575,904.3814968919181,932.0024618710786,959.6234268502391,987.2443918293995,1014.86535680856,1042.48632178772,1070.107286766881,1097.728251746041,1125.349216725202,1152.970181704363,1180.591146683523,1208.212111662683,1235.833076641844,1263.454041621005,1297.37285543616,1332.202257126083,1367.966692424114,1404.691263336196,1442.401745759242,1481.124607572477,1520.887027214461,1561.716912758843,1603.642921502211,1646.694480077811,1690.901805109233,1736.295924418572,1782.908698803944,1830.772844401645,1879.921955648645,1930.390528861533,1982.213986448472,2035.428701771145,2090.072024674147,2146.182307699742,2203.79893300639,2262.962340009923,2323.714053766781,2386.096714119232,2450.154105623024,2515.931188278472,2583.47412908657,2652.830334452246,2724.04848345752,2797.178562027935,2872.271898016194,2949.381197227678,3028.560580413105,3109.865621254286,3193.353385369665,3279.082470366996,3367.113046971287,3457.506901256854,3550.327478013158,3645.639925274837,3743.511140047196,3844.009815259246,3947.206487977255,4053.173588912639,4161.985493258957,4273.718572893661,4388.451249981282,4506.264052015636,4627.239668339711,4751.463008182884
Central African Republic,CF,CAF,Population,,1449.6,1472.901,1496.747,1521.15,1546.365,1572.361,1599.331,1627.223,1656.118,1686.544,1718.148,1751.012,1785.218,1820.908,1858.259,1897.45,1938.715,1982.172,2028.028,2075.003,2120.007,2162.892,2204.645,2247.371,2291.306,2336.527,2360.604,2385.257,2410.665,2436.924,2464.146,2492.658,2522.092,2552.707,2584.512,2617.353,2651.162,2687.148,2740.783,2827.158,2916.661,3009.722,3107.939,3207.739,3308.168,3387.935,3483.995,3579.404,3678.249,3780.65,3886.183,3952.791,4059.364,4146.808,4238.844,4338.777,4416.381,4509.16,4608.807,4449.286,4536.705,4593.338,4628.358,4656.48,4589.884,4668.757,4758.57,4828.451,4928.863,4960.544,5092.713,5131.487,5064.592,5240.249,5421.13,5605.434,5792.534,5983.711,6181.218,6378.246,6578.245,6781.87,6986.407,7192.479,7400.015,7605.159,7809.963,8013.299,8218.426,8424.685,8628.225,8829.922,9032.403,9237.588,9445.936,9655.85,9867.038,10078.49,10293.544,10507.707,10725.798,10942.924,11161.792,11381.587,11600.789,11819.53,12037.684,12255.937,12472.771,12687.524,12900.972,13109.777,13318.749,13528.294,13730.179,13930.332,14129.676,14328.564,14522.111,14714.155,14905.532,15090.115,15266.866,15444.228,15612.177,15783.19,15952.838,16118.213,16275.445,16425.279,16578.775,16725.721,16873.0,17017.166,17155.536,17287.582,17421.014,17546.117,17667.967,17780.847,17896.366,18005.679,18112.413,18212.07,18310.414,18407.097,18496.38,18580.476,18663.751,18742.529
Chad,TD,TCD,Cement production,kt cement,,,,,,,,,0.0,0.0,0.0,0.0,0.0,0.0,0.0,0.0,0.0,0.0,0.0,0.0,0.0,0.0,0.0,0.0,0.0,0.0,0.0,0.0,0.0,0.0,0.0,0.0,0.0,0.0,0.0,0.0,0.0,0.0,0.0,,,,,,,,,,,,,,,,,,,,,0.0,2.0,140.0,180.0,200.0,220.0,250.0,350.0,370.0,410.0,390.0,510.0,600.0,600.0,600.0,707.7747030711647,729.7780617158642,751.7814203605634,773.7847790052629,795.7881376499624,817.7914962946618,839.7948549393614,861.7982135840607,883.80157222876,905.8049308734595,927.808289518159,957.9882048937898,988.1681202694208,1018.348035645052,1048.527951020683,1078.707866396314,1108.887781771944,1139.067697147575,1169.247612523206,1199.427527898837,1229.607443274468,1259.787358650099,1289.96727402573,1320.147189401361,1350.327104776992,1380.507020152623,1417.568249959601,1455.624429255974,1494.702268555439,1534.829195444822,1576.033373834695,1618.343723726793,1661.789941512117,1706.402520813957,1752.212773890469,1799.25285361183,1847.555776027391,1897.155443538673,1948.086668694467,2000.385198624735,2054.087740130473,2109.231985447137,2165.85663869971,2224.001443067996,2283.707208681185,2345.015841261285,2407.970371535518,2472.614985438319,2538.995055124149,2607.157170812872,2677.149173490066,2749.0201884852,2822.820659951263,2898.602386270029,2976.418556407818,3056.323787247275,3138.374161921344,3222.62726917638,3309.142243791994,3397.979808086015,3489.202314533701,3582.873789531109,3679.059978333345,3777.828391199218,3879.248350774709,3983.391040748504,4090.329555813728,4200.138952970963,4312.896304208545,4428.68075059714,4547.573557836525,4669.658173293594,4795.02028457162,4923.747879651857,5055.931308649722,5191.663347228888
Chad,TD,TCD,Population,,2547.815,2592.998,2639.627,2687.914,2738.095,2790.403,2844.909,2901.257,2959.477,3019.167,3080.508,3143.385,3207.811,3273.998,3340.96,3407.481,3474.326,3542.699,3613.763,3688.464,3767.192,3847.441,3939.063,4032.754,4123.959,4210.509,4292.084,4371.25,4451.482,4559.286,4471.619,4570.3,4906.666,5051.594,5038.695,5153.842,5348.296,5528.322,5722.883,5916.289,6049.377,6361.976,6587.336,6670.956,6895.944,7282.184,7538.032,7802.7,8074.98,8370.43,8653.756,8954.492,9277.893,9697.773,10142.299,10513.884,10898.964,11264.357,11688.234,12099.273,12525.877,12984.117,13437.879,13944.28,14433.077,14862.165,15367.145,15878.373,16434.688,16935.758,17513.6,18142.947,18767.684,19870.444,20727.802,21279.608,21841.152,22509.599,23185.9,23866.179,24548.779,25245.7,25946.763,26648.918,27345.897,28048.661,28772.348,29493.595,30219.316,30950.097,31664.587,32405.662,33149.684,33900.805,34643.837,35408.949,36167.185,36926.654,37708.286,38469.565,39245.807,40026.258,40808.224,41589.354,42361.623,43147.679,43923.308,44690.887,45461.643,46243.809,47022.139,47767.366,48509.811,49245.292,49992.688,50713.934,51441.187,52124.233,52817.273,53501.896,54182.357,54866.958,55552.809,56216.833,56861.683,57509.888,58144.16,58773.453,59407.853,60027.75,60627.126,61225.423,61774.311,62338.333,62890.732,63433.839,63949.528,64459.154,64934.485,65419.913,65904.011,66350.742,66795.69,67216.078,67602.29,67984.519,68367.219,68747.079,69067.525,69387.414
Chile,CL,CHL,Cement production,kt cement,698.492877,816.133782,764.665886,772.018442,801.428669,772.257531,727.903103,727.903103,838.191452,838.191452,882.306791,1022.229491,1169.056499,1264.639734,1183.761612,1367.308735,1234.994361,1235.442957,1433.748536,2044.314676,1367.760634,1382.46046,1374.928083,1426.194483,1014.491164,963.331473,1124.941159,1176.409055,1352.870413,1580.570267,1860.474667,1132.293716,1257.287178,1396.985753,1426.639267,1433.984894,1595.504781,1882.254488,2007.24795,2120.0,2251.0,2645.0,3021.0,2995.0,3275.0,3634.0,3735.0,3888.0,3036.0,3377.0,3513.0,3462.0,3622.411,3797.603,3999.122,4111.533,4439.967,4622.0,3876.0,3871.0,4406.0,4722.0,4880.0,4200.0,4320.0,4310.0,4000.0,4750.0,5030.0,4280.0,4750.0,4500.0,4500.0,4500.0,4269.515489056792,4326.094185649797,4382.672882242802,4439.251578835808,4495.830275428813,4552.408972021818,4608.987668614825,4665.566365207829,4722.145061800835,4778.723758393839,4835.302454986845,4856.047977070948,4876.793499155049,4897.539021239151,4918.284543323253,4939.030065407355,4959.775587491457,4980.521109575559,5001.266631659661,5022.012153743764,5042.757675827865,5063.503197911968,5084.248719996069,5104.994242080172,5125.739764164273,5146.485286248375,5167.929036438227,5189.462135843442,5211.084956753485,5232.797873009033,5254.601260008432,5276.495494714201,5298.48095565953,5320.558022954845,5342.727078294362,5364.988504962701,5387.3426878415,5409.79001341608,5432.330869782118,5454.965646652361,5477.694735363369,5500.518528882271,5523.437421813564,5546.451810405938,5569.562092559119,5592.768667830757,5616.071937443331,5639.472304291084,5662.970172946988,5686.565949669742,5710.260042410795,5734.052860821399,5757.944816259688,5781.936321797797,5806.027792228998,5830.219644074873,5854.512295592516,5878.906166781763,5903.401679392457,5927.999256931735,5952.69932467135,5977.50230965503,6002.408640705857,6027.418748433674,6052.533065242545,6077.752025338223,6103.076064735646,6128.5056212665,6154.041134586764,6179.683046184329,6205.431799386622,6231.287839368272,6257.251613158807,6283.323569650386,6309.504159605558,6335.793835665051
Chile,CL,CHL,Population,,6690.588,6822.745,6961.234,7105.823,7255.315,7409.288,7569.779,7732.829,7899.144,8067.712,8238.988,8410.617,8583.502,8756.786,8928.265,9097.611,9265.834,9432.044,9597.388,9763.176,9927.512,10091.89,10257.466,10423.257,10588.377,10754.742,10921.76,11089.278,11256.113,11423.444,11593.656,11763.777,11936.651,12115.624,12299.841,12490.708,12687.119,12893.182,13105.665,13324.345,13550.007,13774.975,13994.18,14210.372,14422.14,14632.623,14835.468,15029.401,15226.197,15412.428,15594.842,15772.856,15942.995,16106.508,16268.135,16429.42,16588.969,16754.192,16923.784,17095.677,17267.251,17436.38,17601.858,17772.155,17956.235,18139.016,18395.427,18722.308,19064.074,19331.414,19409.834,19502.834,19603.239,19714.431,19815.112,19904.73,19986.969,20065.339,20136.528,20202.719,20263.647,20318.324,20365.29,20404.855,20440.243,20471.637,20498.535,20517.364,20531.599,20539.813,20544.392,20542.178,20537.655,20528.192,20511.177,20487.098,20459.465,20427.981,20388.69,20344.193,20296.42,20241.985,20180.847,20111.945,20038.497,19958.026,19873.018,19782.247,19689.071,19588.436,19484.742,19375.311,19261.536,19140.647,19014.915,18887.309,18754.621,18620.476,18484.191,18346.781,18206.879,18063.707,17920.427,17775.05,17625.794,17473.017,17318.43,17161.227,17001.735,16840.587,16677.167,16512.604,16349.32,16182.465,16014.388,15843.251,15671.96,15499.174,15324.831,15151.035,14978.734,14807.791,14639.89,14472.042,14306.484,14142.111,13980.522,13821.661,13663.682,13507.688
China,CN,CHN,Cement production,kt cement,2490.0,2890.0,3880.0,4600.0,4500.0,6390.0,6860.0,9300.0,12270.0,15650.0,6210.0,6000.0,8060.0,12090.0,16340.0,20150.0,14620.0,12620.0,18290.0,25750.0,31580.0,35470.0,37310.0,37090.0,46260.0,46700.0,55650.0,65240.0,73900.0,79860.0,82900.0,95200.0,108250.0,123020.0,145950.0,166060.0,186250.0,210130.0,210290.0,209710.0,252610.0,308220.0,363330.0,421190.0,475910.0,492120.0,512760.0,536000.0,573000.0,597000.0,661039.9,725000.0,862081.1,966819.9,1068847.9,1236764.8,1361172.5,1423557.3,1643977.8,1881911.7,2099258.6,2209840.8,2419238.9,2492070.8,2359188.3,2410309.8,2330840.6,2236096.2,2344306.2,2394708.3,2377244.9,2129271.8,2019401.5,1830000.0,1764205.20999359,1705921.890649387,1647638.571305185,1589355.251960983,1531071.932616781,1472788.613272578,1414505.293928375,1356221.974584173,1297938.655239971,1239655.335895769,1181372.016551566,1164395.411072803,1147418.80559404,1130442.200115277,1113465.594636514,1096488.989157751,1079512.383678988,1062535.778200225,1045559.172721462,1028582.567242699,1011605.961763936,994629.3562851731,977652.7508064101,960676.1453276471,943699.5398488841,926722.9343701211,911844.5214157001,897204.9793943618,882800.4732651752,868627.2295582793,854681.5353863669,840959.7374720419,827458.2411907883,814173.5096293068,801102.0626589687,788240.4760241458,775585.3804451765,763133.4607357347,750881.4549343674,738826.1534499779,726964.398221025,715293.0818882247,703809.1469805308,692509.5851141867,681391.436204635,670451.7876910808,659687.7737735038,649096.5746619203,638675.4158376982,628421.5673267313,618332.3429842837,608405.0997913136,598637.2371620979,589026.1962629698,579569.4593419945,570264.5490694095,561109.0278886497,552100.497377796,543236.5976212726,534515.0065916325,525933.4395412706,517489.6484038983,509181.4212056316,501006.5814855316,492962.9877254495,485048.5327890239,477261.1433696865,469598.7794475292,462059.433754891,454641.131250525,447341.928602208,440159.913677656,433093.2050436136,426139.9514729847,419298.3314598775,412566.5527424338
China,CN,CHN,Population,,548898.71,558617.784,571645.091,583469.185,596758.532,610335.483,622781.682,637930.735,650508.223,654908.211,654695.926,656851.046,673296.335,695808.956,713787.574,733043.892,751760.534,770291.518,791730.531,812550.133,834067.801,854071.933,873283.695,891870.197,908744.967,923488.619,937255.966,949836.783,962486.186,976089.953,990237.132,1005205.011,1021971.348,1036158.564,1051540.712,1068074.929,1086392.285,1106042.607,1124445.724,1143536.292,1163629.156,1177947.9,1191200.574,1203416.576,1214589.617,1225678.238,1236211.386,1246067.858,1255626.395,1264726.915,1274435.436,1283014.689,1290718.988,1298315.664,1305884.967,1314169.304,1321938.768,1329688.395,1337953.637,1347091.795,1356031.233,1364470.096,1374571.633,1383444.448,1392459.496,1399808.851,1408296.413,1416413.041,1421604.871,1425435.844,1426776.342,1426098.192,1424260.946,1420908.919,1417733.636,1414458.552,1411369.625,1407989.187,1404284.3,1400281.205,1396026.459,1391470.88,1386649.184,1381543.858,1376210.011,1370645.051,1364840.518,1358819.609,1352625.805,1346163.63,1339469.683,1332510.78,1325307.695,1317873.9,1310158.073,1302069.502,1293565.661,1284675.192,1275309.978,1265452.312,1255125.875,1244259.201,1232855.063,1221004.646,1208702.046,1195982.896,1182898.442,1169537.449,1155907.968,1142096.367,1128158.014,1114191.419,1100222.847,1086330.56,1072485.204,1058779.855,1045198.415,1031747.221,1018459.683,1005296.697,992271.941,979341.179,966470.163,953640.603,940858.23,928075.091,915280.168,902468.895,889618.682,876715.269,863789.419,850868.01,838010.383,825198.952,812431.761,799798.347,787320.161,774987.274,762810.991,750807.23,738998.443,727360.47,715865.031,704506.905,693280.636,682167.534,671154.22,660236.787,649413.991,638684.81
"China, Hong Kong SAR",HK,HKG,Cement production,kt cement,73.525566,66.173009,66.313504,102.935792,117.412032,117.640906,102.776449,154.403688,139.698575,147.233804,183.813915,213.224141,220.576698,213.224141,242.819585,249.986924,213.224141,374.980386,374.980386,426.448283,514.885081,411.580618,441.153396,573.499414,573.690326,764.890128,1029.357923,1235.229508,1279.344848,1485.216432,1514.923877,1433.748536,1713.145687,1845.491705,1838.139149,2235.177205,2227.824648,2191.061865,2139.593969,1810.0,1677.0,1643.0,1712.0,1927.0,1913.0,2027.0,1925.0,1539.0,1387.0,1284.0,1279.0,1206.0,1188.516,1039.391,1005.33,1010.0,1000.0,1426.0,1124.0,1461.0,1537.0,1675.0,1768.0,1900.0,1930.0,1840.0,1580.0,1640.0,1600.0,1500.0,1500.0,1600.0,1600.0,1600.0,1542.474500540844,1491.516407125148,1440.558313709452,1389.600220293755,1338.64212687806,1287.684033462363,1236.725940046667,1185.767846630971,1134.809753215275,1083.851659799579,1032.893566383883,1018.050632631959,1003.207698880035,988.3647651281112,973.5218313761873,958.6788976242633,943.8359638723394,928.9930301204155,914.1500963684915,899.3071626165677,884.4642288646437,869.6212951127197,854.7783613607958,839.9354276088719,825.092493856948,810.249560105024,797.2411116202843,784.4415120387864,771.847408319279,759.4555012531404,747.2625446001023,735.2653442378509,723.4607573252795,711.8456914791755,700.4171039641257,689.172000895428,678.1074364547992,667.2205121186752,656.5083758989006,645.9682215956092,635.5972880620984,625.392858481508,615.3522596551089,605.4728613020212,595.7520753701726,586.1873553583221,576.7761956489652,567.5161308519522,558.4047351586432,549.4396217064318,540.618441953472,531.9388850634436,523.398677300195,514.9955814321048,506.7273961460061,498.591955470522,490.5871282086556,482.7108173794938,474.9609596688722,467.335524888859,459.8325154459197,452.449965817616,445.1859420377107,438.0385411895359,431.0058909074968,424.0861488865783,417.277502399726,410.5781678229764,403.9863901682107,397.5004426234099,391.1186261002912,384.8392687892074,378.6607257211922,372.5813783370359,366.5996340632809,360.7139258950241
"China, Hong Kong SAR",HK,HKG,Population,,2022.831,2116.13,2213.467,2315.19,2422.04,2534.355,2654.159,2780.208,2910.793,3038.295,3151.386,3001.929,2776.24,2548.962,3723.095,3987.746,4042.857,2905.399,3225.255,3565.786,3914.046,4064.426,4169.819,4276.674,4384.771,4491.985,4598.279,4702.702,4805.435,4909.906,5015.062,5106.849,5193.339,5276.874,5355.084,5431.159,5471.707,5501.036,5528.761,5552.387,5568.807,5687.381,5831.732,5973.294,6111.229,6242.978,6361.95,6471.397,6571.272,6661.777,6747.551,6800.926,6841.891,6875.922,6900.405,6916.567,6945.613,6997.077,7044.3,7084.633,7118.601,7167.338,7234.784,7293.886,7345.115,7387.704,7428.315,7461.468,7480.919,7490.707,7489.764,7479.439,7452.391,7433.078,7396.741,7395.411,7361.793,7348.288,7301.514,7271.722,7233.572,7189.876,7154.466,7115.641,7084.327,7018.925,6967.158,6939.096,6875.544,6847.05,6786.086,6723.591,6650.619,6595.028,6533.18,6464.2,6391.676,6293.804,6217.96,6130.903,6050.335,5960.131,5873.483,5789.445,5704.675,5615.539,5523.368,5429.676,5334.503,5244.451,5154.276,5061.472,4981.411,4902.153,4812.962,4722.629,4634.756,4542.668,4453.93,4369.918,4280.26,4194.309,4104.537,4014.064,3925.636,3836.975,3749.765,3654.157,3574.505,3489.726,3406.698,3330.456,3254.796,3174.972,3091.917,3010.003,2931.31,2854.6,2783.832,2710.845,2639.96,2573.327,2512.767,2450.803,2385.282,2325.474,2267.604,2210.326,2159.23,2106.152
"China, Macao SAR",MO,MAC,Cement production,kt cement,,,,0.0,0.0,0.0,0.0,0.0,0.0,0.0,0.0,0.0,0.0,0.0,0.0,0.0,0.0,0.0,0.0,0.0,0.0,0.0,0.0,0.0,0.0,0.0,0.0,0.0,0.0,0.0,0.0,0.0,0.0,0.0,0.0,0.0,0.0,0.0,0.0,,,,,,,,,,,,,,,,,,,,,,450.0,440.0,580.0,590.0,600.0,,,,,,,,,,888.6791422329384,859.3202162146423,829.9612901963465,800.6023641780504,771.2434381597544,741.8845121414582,712.5255861231623,683.1666601048662,653.8077340865702,624.4488080682743,595.0898820499782,586.5382945648983,577.9867070798182,569.4351195947382,560.8835321096583,552.3319446245782,543.7803571394983,535.2287696544183,526.6771821693383,518.1255946842583,509.5740071991783,501.0224197140983,492.4708322290184,483.9192447439383,475.3676572588583,466.8160697737783,459.3214001133422,451.9470563734475,444.6911067375084,437.551650403997,430.5268170884991,423.6147665337677,416.8136880276402,410.1217999286956,403.537349199528,397.0586109475134,390.6838879729479,384.4115103244427,378.2398348614553,372.1672448238452,366.1921494083401,360.3129833518019,354.5282065211828,348.8363035100659,343.2357832416815,337.7251785782985,332.3030459368863,326.9679649109469,321.7185378984189,316.5533897355555,311.4711673366801,306.4705393397259,301.5501957574665,296.7088476343454,291.9452267088152,287.2580850810987,282.6461948862826,278.1083479726608,273.643355585242,269.2500480543368,264.9272744891472,260.6739024762726,256.488817783059,252.3709240657082,248.3191425820757,244.3324119090779,240.4096876646371,236.5499422340905,232.7521645009912,229.0153595822321,225.3385485674215,221.7207682624431,218.1610709371338,214.6585240770115,211.2122101389895,207.8212263110132
"China, Macao SAR",MO,MAC,Population,,199.672,200.553,200.249,198.926,196.809,194.076,190.282,186.095,181.241,175.609,171.022,175.624,179.995,184.275,267.035,264.227,261.658,259.188,256.678,253.934,260.857,266.061,280.301,220.347,222.427,225.454,229.3,233.778,238.635,243.658,248.536,256.474,265.635,275.371,285.742,296.813,308.526,320.713,333.097,345.348,356.898,367.637,376.86,385.793,394.45,402.936,411.121,419.017,426.603,433.902,440.716,449.534,462.494,475.612,488.788,502.033,515.46,529.091,542.769,556.197,569.414,581.851,593.04,604.446,616.162,628.196,640.427,652.682,664.862,677.086,689.047,699.757,708.956,718.867,721.657,722.357,724.02,724.123,724.374,726.48,726.967,727.668,726.341,726.36,724.744,722.768,719.261,715.864,711.639,708.422,705.36,701.261,697.211,693.385,690.184,687.413,683.134,678.298,674.159,670.881,666.839,661.562,655.74,649.899,644.109,638.363,633.244,628.897,623.544,616.439,612.06,605.401,600.222,592.632,585.744,580.645,572.758,564.703,556.756,548.308,540.602,533.261,524.941,516.845,508.283,499.853,491.578,483.259,475.109,467.668,459.584,451.113,442.883,434.688,426.241,418.166,410.945,403.365,396.03,388.907,382.458,376.739,370.791,364.285,358.747,353.095,348.322,343.643,338.484,333.492
"China, Taiwan Province of China",TW,TWN,Cement production,kt cement,389.6855,448.763123,522.031518,536.433733,588.204528,588.204528,602.909641,1014.264649,1066.120706,1183.761612,1507.274102,1867.549375,2242.529761,2352.81811,2441.04879,3110.716711,3485.111826,3993.04388,4088.590908,4300.697539,5043.853824,5867.939115,6095.269417,6168.794983,6793.762294,8756.894905,10338.313745,11462.635732,11896.436571,14058.08821,14336.786107,13432.468616,14809.785,14234.401,14417.679,14806.115,15663.437,17280.809,18043.207,18458.413,19398.604,21463.718,23970.821,22721.65,22478.018,21537.344,21522.439,19651.529,18283.162,17572.303,18127.57,19362.884,18474.193,19049.935,19890.989,19293.803,18957.336,17330.277,15918.474,16300.989,16852.035,15793.591,16575.743,14629.131,13445.066,12126.209,10876.398,10938.847,11270.763,11785.976,11970.278,11223.473,10246.472,9876.231,9894.985847788896,9820.23619077066,9745.486533752424,9670.73687673419,9595.987219715953,9521.237562697721,9446.487905679485,9371.73824866125,9296.988591643014,9222.238934624778,9147.489277606543,9120.08107003319,9092.672862459838,9065.264654886485,9037.856447313132,9010.448239739779,8983.040032166426,8955.631824593074,8928.22361701972,8900.815409446366,8873.407201873013,8845.99899429966,8818.590786726309,8791.182579152954,8763.774371579602,8736.36616400625,8709.624323344477,8682.964338917727,8656.38596016572,8629.888937295125,8603.473021277234,8577.137963845604,8550.883517493734,8524.709435472732,8498.615471789006,8472.601381201937,8446.66691922159,8420.811842106405,8395.035906860907,8369.338871233434,8343.72049371384,8318.180533531247,8292.71875065177,8267.334905776255,8242.02876033805,8216.800076500736,8191.648617155923,8166.574145920988,8141.576427136887,8116.655225865912,8091.810307889498,8067.04143970602,8042.348388528596,8017.730922282895,7993.18880960497,7968.721819839067,7944.329723035468,7920.012289948328,7895.76929203351,7871.600501446457,7847.505691040034,7823.484634362404,7799.537105654884,7775.662879849841,7751.861732568573,7728.13344011919,7704.477779494519,7680.894528370012,7657.383465101648,7633.944368723853,7610.57701894743,7587.281196157477,7564.056681411329,7540.903256436503,7517.820703628646,7494.808806049479
"China, Taiwan Province of China",TW,TWN,Population,,7724.618,8000.974,8297.006,8605.735,8929.812,9278.456,9652.963,10048.088,10444.225,10844.126,11248.391,11658.609,12074.734,12496.71,12916.639,13332.966,13742.447,14060.493,14370.676,14676.513,14954.976,15287.298,15613.926,15931.467,16233.183,16497.352,16845.646,17194.549,17552.906,17918.655,18254.386,18571.269,18876.702,19168.547,19444.978,19698.396,19913.563,20118.074,20329.221,20508.591,20681.221,20882.279,21081.897,21267.467,21446.813,21622.177,21796.376,21974.281,22124.171,22283.391,22382.348,22510.167,22623.636,22704.613,22786.249,22863.614,22965.654,23048.194,23124.284,23204.438,23243.66,23302.493,23389.429,23444.32,23501.311,23557.197,23615.088,23650.808,23667.802,23680.473,23646.445,23470.22,23370.002,23264.288,23163.636,23061.95,22960.635,22856.043,22751.547,22645.122,22534.778,22419.604,22301.478,22179.706,22050.948,21918.496,21781.407,21637.366,21489.819,21336.384,21177.884,21013.581,20843.712,20669.345,20491.723,20306.656,20121.176,19928.891,19735.092,19535.308,19333.891,19131.117,18925.959,18717.43,18505.142,18290.599,18076.85,17858.523,17638.894,17415.5,17189.593,16961.401,16732.816,16505.711,16277.798,16050.967,15825.993,15600.808,15376.592,15156.057,14936.816,14718.082,14500.707,14287.553,14076.658,13869.064,13666.503,13466.971,13270.529,13079.137,12893.281,12711.115,12534.636,12362.08,12192.686,12028.778,11869.892,11714.092,11560.771,11411.482,11264.313,11121.886,10982.718,10846.293,10712.17,10580.683,10451.887,10324.687,10199.795,10077.143
Colombia,CO,COL,Cement production,kt cement,646.734835,698.492877,874.954235,963.184914,1044.063036,1220.879302,1227.876951,1227.876951,1359.913336,1463.158762,1595.504781,1742.555913,1837.822119,1962.801057,2051.034651,2073.42096,2110.183743,2367.196939,2389.580893,2793.971506,2845.783512,3050.955605,3220.419789,3484.761528,3088.07377,3609.757762,3294.252311,4154.194476,4257.481633,4353.073381,4455.28182,5028.747086,4720.341334,5279.135635,5396.367508,6006.59015,5962.923399,6764.352067,6638.901286,6250.0,6302.0,6807.0,7930.0,9322.0,9407.0,8907.0,8446.0,9190.0,9200.0,9750.0,6830.0,6604.0,7337.398,7822.386,9959.223,10038.131,11067.76,10456.0,9232.0,9504.777479,10778.5376,10924.786,11251.933,12402.371173,13046.716955,12495.402033,12298.842963,12459.874163,13012.792232,11848.568184,13797.103845,14611.413947,14210.890116,13423.710411,12736.16433786165,12904.94123530527,13073.71813274891,13242.49503019254,13411.27192763617,13580.0488250798,13748.82572252343,13917.60261996706,14086.37951741069,14255.15641485432,14423.93331229795,14485.81817469395,14547.70303708994,14609.58789948594,14671.47276188194,14733.35762427794,14795.24248667393,14857.12734906993,14919.01221146593,14980.89707386193,15042.78193625793,15104.66679865393,15166.55166104992,15228.43652344592,15290.32138584192,15352.20624823792,15416.17395772111,15480.40820009153,15544.91008590605,15609.68073034889,15674.72125325087,15740.0327791088,15805.6164371049,15871.47336112634,15937.60468978481,16004.01156643625,16070.69513920059,16137.65656098161,16204.89698948686,16272.4175872477,16340.21952163936,16408.30396490118,16476.67209415683,16545.32509143466,16614.26414368817,16683.49044281652,16753.00518568511,16822.8095741463,16892.90481506021,16963.29212031551,17033.97270685046,17104.9477966739,17176.21861688637,17247.78639970136,17319.65238246661,17391.81780768546,17464.28392303839,17537.05198140454,17610.12324088342,17683.49896481662,17757.18042180966,17831.16888575395,17905.46563584879,17980.07195662349,18054.98913795958,18130.21847511312,18205.76126873707,18281.61882490381,18357.79245512768,18434.28347638773,18511.09321115036,18588.22298739235,18665.67413862365,18743.44800391057,18821.54592789887,18899.96926083701
Colombia,CO,COL,Population,,11919.132,12238.482,12573.202,12918.868,13282.81,13663.31,14060.292,14480.249,14906.325,15366.105,15846.313,16344.093,16853.964,17373.683,17901.139,18436.96,18968.415,19502.82,20030.772,20553.112,21070.452,21567.741,22071.385,22579.363,23087.575,23601.714,24115.907,24671.081,25229.592,25801.66,26407.335,27019.199,27657.462,28318.884,28966.495,29570.446,30187.779,30811.156,31449.892,32102.665,32777.472,33419.273,34101.87,34781.076,35473.743,36135.582,36789.908,37452.391,38131.939,38777.787,39402.081,40016.444,40632.916,41241.942,41844.401,42413.553,42968.614,43502.133,44015.484,44527.597,45027.041,45492.187,45939.433,46363.736,46767.121,47172.76,47702.264,48559.892,49489.039,50326.931,50933.064,51443.283,52032.604,52609.701,53163.026,53688.245,54184.207,54660.324,55109.908,55535.344,55937.606,56314.321,56666.676,56997.845,57305.379,57586.127,57847.603,58082.989,58297.166,58491.447,58661.444,58812.326,58943.93,59056.785,59152.395,59229.251,59290.268,59335.999,59366.507,59383.512,59387.201,59378.719,59357.853,59325.151,59280.839,59224.875,59157.808,59079.529,58989.93,58889.423,58777.459,58654.541,58519.586,58373.771,58215.729,58046.381,57863.979,57669.405,57462.501,57244.105,57012.856,56769.717,56514.943,56249.18,55971.864,55684.114,55386.022,55077.84,54760.06,54434.805,54101.122,53760.655,53413.093,53060.146,52702.118,52339.749,51973.853,51604.542,51232.595,50860.393,50488.608,50117.763,49748.249,49380.412,49014.964,48653.973,48297.988,47944.986,47595.548,47250.735
Comoros,KM,COM,Cement production,kt cement,,,,,,,,,0.0,0.0,0.0,0.0,0.0,0.0,0.0,0.0,0.0,0.0,0.0,0.0,0.0,0.0,0.0,0.0,0.0,0.0,0.0,0.0,0.0,0.0,0.0,0.0,0.0,0.0,0.0,0.0,0.0,0.0,0.0,0.0,0.0,0.0,0.0,0.0,0.0,0.0,0.0,0.0,0.0,0.0,0.0,0.0,0.0,0.0,0.0,0.0,0.0,0.0,0.0,0.0,0.0,0.0,0.0,0.0,0.0,0.0,0.0,0.0,0.0,0.0,0.0,0.0,0.0,0.0,106.1225758068506,109.4217232412605,112.7208706756703,116.0200181100802,119.3191655444901,122.6183129788999,125.9174604133098,129.2166078477197,132.5157552821295,135.8149027165394,139.1140501509492,143.6391770640719,148.1643039771945,152.6894308903172,157.2145578034399,161.7396847165626,166.2648116296852,170.7899385428079,175.3150654559306,179.8401923690532,184.3653192821759,188.8904461952986,193.4155731084212,197.9407000215439,202.4658269346665,206.9909538477892,212.5478537378531,218.2539347192361,224.1132017224656,230.1297671948351,236.3078539868104,242.6517983159243,249.1660528102396,255.8551896335185,262.7239036942898,269.7770159410672,277.019476746031,284.4563693795494,292.0929135779764,299.934469207231,307.9865400247299,316.2547775423129,324.7449849928731,333.4631214034754,342.4153057778223,351.607821391003,361.0471201995396,370.7398273698251,380.6927459281339,390.9128615354651,401.4073473905734,412.1835692646259,423.2490906710204,434.611678173994,446.2793068397447,458.2601658338976,470.5626641692386,483.1954366077532,496.1673497211131,509.4875081138612,523.1652608136665,537.2102078331313,551.6322069077592,566.441380414808,581.6481224778903,597.2631062623026,613.2972914662066,629.7619320129195,646.6685839497109,664.029113558654,681.8557056852197,700.1608722904614,718.9574612327924,738.2586652855211,758.0780313964699,778.4294701961801
Comoros,KM,COM,Population,,163.917,167.149,170.803,174.397,177.88,181.293,184.622,188.51,192.616,195.955,199.445,202.957,206.446,209.925,213.364,216.57,220.756,226.963,233.526,240.476,247.893,255.837,264.316,273.323,282.827,292.558,302.518,312.639,322.737,332.845,342.597,352.168,362.11,372.356,382.917,393.787,404.849,416.029,427.344,438.862,450.331,460.781,469.444,477.92,486.365,494.807,503.407,512.148,521.047,530.726,541.433,553.007,564.84,574.755,586.653,598.701,610.805,623.048,635.566,648.329,661.343,674.769,688.49,703.895,719.11,734.254,749.228,764.111,779.069,794.087,810.24,826.109,842.267,858.507,874.749,890.946,907.074,923.274,939.588,956.026,972.503,989.048,1005.651,1022.472,1039.267,1056.259,1073.443,1090.555,1107.741,1125.099,1142.457,1159.841,1177.182,1194.736,1212.353,1229.791,1247.118,1264.304,1281.772,1298.966,1316.15,1333.221,1350.219,1366.859,1383.33,1399.67,1415.781,1431.694,1447.455,1463.101,1478.617,1493.98,1508.924,1523.832,1538.588,1553.138,1567.614,1581.971,1596.055,1609.854,1623.33,1636.911,1650.175,1663.251,1676.093,1688.866,1701.407,1713.524,1725.447,1736.885,1748.173,1759.186,1770.032,1780.762,1791.015,1800.855,1810.558,1819.78,1828.84,1837.617,1846.117,1854.277,1862.043,1869.425,1876.67,1883.707,1890.254,1896.668,1902.624,1908.335
Congo,CG,COG,Cement production,kt cement,,,,,,,,,0.0,0.0,0.0,0.0,0.0,0.0,0.0,0.0,0.0,0.0,0.0,0.0,0.0,0.0,0.0,0.0,0.0,0.0,0.0,0.0,0.0,36.762783,51.467896,36.762783,14.705113,0.0,58.652394,58.820453,36.762783,73.525566,124.993462,90.0,103.0,115.0,114.0,87.0,96.0,50.0,20.0,0.0,0.0,20.0,0.0,0.0,0.0,0.0,100.0,100.0,100.0,105.0,110.0,80.0,70.0,150.0,250.0,460.0,700.0,950.0,1050.0,700.0,730.0,600.0,748.0,894.0,894.0,894.0,1054.584307576036,1087.369311956638,1120.15431633724,1152.939320717842,1185.724325098444,1218.509329479046,1251.294333859649,1284.079338240251,1316.864342620853,1349.649347001455,1382.434351382057,1427.402425291747,1472.370499201437,1517.338573111127,1562.306647020817,1607.274720930507,1652.242794840198,1697.210868749888,1742.178942659578,1787.147016569268,1832.115090478958,1877.083164388648,1922.051238298338,1967.019312208028,2011.987386117718,2056.955460027408,2112.176692439806,2168.880399591401,2227.106380147604,2286.895501212785,2348.289727013695,2411.332148352922,2476.067012853055,2542.539756012796,2610.797033096799,2680.886751881627,2752.858106280813,2826.761610872624,2902.649136354757,2980.573945950855,3060.590732794405,3142.755658316234,3227.126391662568,3313.762150171314,3402.723740934966,3494.073603479316,3587.875853587922,3684.196328303096,3783.102632134982,3884.664184511179,3988.952268500199,4096.040080842949,4206.002783327383,4318.917555542344,4434.863649047649,4553.92244299844,4676.177501262802,4801.714631072806,4930.621943250071,5062.989914048162,5198.911448655214,5338.481946401354,5481.799367716685,5628.964302886835,5780.080042654316,5935.252650715272,6094.591038162456,6258.207039926735,6426.215493270734,6598.734318389739,6775.884601176423,6957.790678207456,7144.580224011715,7336.384340681268,7533.337649888087,7735.578387371043
Congo,CG,COG,Population,,844.284,862.986,882.377,902.554,923.48,945.383,968.264,992.133,1017.122,1043.188,1070.275,1098.504,1127.846,1158.68,1190.953,1224.808,1260.261,1297.122,1335.916,1376.449,1418.826,1463.252,1509.685,1557.676,1606.926,1647.137,1687.313,1727.822,1768.355,1808.693,1849.276,1890.242,1930.619,1970.022,2029.035,2089.588,2151.617,2215.329,2279.976,2347.14,2413.98,2484.479,2554.452,2635.796,2710.493,2788.428,2865.141,2910.583,2993.54,3072.207,3230.484,3314.591,3386.95,3504.555,3626.553,3766.233,3908.585,4052.275,4174.76,4387.678,4536.902,4682.546,4798.354,4915.844,5035.916,5159.245,5285.827,5416.195,5550.041,5683.281,5822.3,5962.066,6108.142,6257.628,6408.294,6560.58,6714.991,6873.597,7034.348,7198.578,7365.955,7538.864,7714.09,7891.908,8070.78,8250.685,8432.738,8616.865,8802.586,8989.762,9178.181,9371.138,9562.381,9755.302,9945.712,10138.09,10330.653,10525.171,10717.627,10909.683,11103.26,11297.638,11491.443,11685.962,11881.564,12073.945,12267.632,12461.171,12655.787,12852.248,13049.311,13247.672,13449.817,13648.76,13846.142,14044.151,14243.561,14438.236,14634.366,14832.904,15027.017,15221.252,15414.171,15606.195,15794.238,15983.095,16165.845,16348.577,16532.517,16711.999,16892.554,17067.973,17248.278,17424.351,17598.736,17768.647,17940.563,18110.385,18280.633,18443.996,18607.134,18767.582,18926.407,19080.126,19230.992,19380.246,19528.079,19673.154,19817.761,19957.138
Cook Islands,CK,COK,Cement production,kt cement,,,,,,,,,,,,,,,,,,,0.0,0.0,0.0,0.0,0.0,0.0,0.0,0.0,0.0,0.0,0.0,0.0,0.0,0.0,0.0,0.0,0.0,0.0,0.0,0.0,0.0,0.0,0.0,0.0,0.0,0.0,0.0,0.0,0.0,0.0,0.0,0.0,0.0,0.0,0.0,0.0,0.0,0.0,0.0,0.0,0.0,0.0,0.0,0.0,0.0,0.0,0.0,0.0,0.0,0.0,0.0,0.0,0.0,0.0,0.0,0.0,3.706257460118281,3.734124057562779,3.761990655007277,3.789857252451776,3.817723849896274,3.845590447340772,3.87345704478527,3.901323642229769,3.929190239674267,3.957056837118766,3.984923434563264,4.005358939355895,4.025794444148528,4.04622994894116,4.066665453733792,4.087100958526425,4.107536463319057,4.127971968111688,4.148407472904321,4.168842977696952,4.189278482489585,4.209713987282217,4.230149492074849,4.250584996867482,4.271020501660113,4.291456006452745,4.312710541049809,4.334070344171181,4.355535937186181,4.377107844046343,4.3987865912982,4.420572708096151,4.442466726215359,4.464469180064744,4.486580606700024,4.508801545836818,4.53113253986383,4.553574133856079,4.576126875588212,4.598791315547865,4.621568006949107,4.644457505745946,4.667460370645885,4.690577163123577,4.713808447434519,4.737154790628828,4.760616762565082,4.784194935924229,4.807889886223568,4.831702191830791,4.855632433978109,4.87968119677643,4.903849067229621,4.928136635248841,4.952544493666929,4.977073238252883,5.001723467726399,5.026495783772488,5.051390791056157,5.07640909723717,5.10155131298489,5.126818051993163,5.152209930995321,5.177727569779225,5.203371591202388,5.229142621207192,5.255041288836153,5.281068226247281,5.307224068729518,5.333509454718228,5.359925025810794,5.386471426782273,5.413149305601139,5.439959313445089,5.46690210471695,5.493978337060645
Cook Islands,CK,COK,Population,,14.895,15.213,15.466,15.75,16.025,16.31,16.557,16.817,17.119,17.466,17.857,18.22,18.348,18.497,18.674,18.885,19.145,19.508,19.878,20.285,20.692,21.046,20.493,19.883,19.233,18.56,17.936,17.885,17.814,17.742,17.651,17.558,17.384,17.175,16.95,16.714,16.489,16.666,16.839,17.024,17.216,17.403,17.538,17.645,17.733,17.829,17.882,17.362,16.796,16.171,15.538,14.932,15.003,15.051,15.104,15.159,15.253,15.737,16.225,16.725,17.227,17.683,17.639,17.571,17.494,17.398,17.267,16.827,16.366,15.892,15.395,14.97,14.477,13.967,13.491,13.035,12.617,12.251,11.923,11.623,11.368,11.153,10.958,10.781,10.621,10.454,10.317,10.204,10.081,10.0,9.893,9.825,9.772,9.715,9.656,9.595,9.544,9.478,9.43,9.367,9.307,9.245,9.176,9.102,9.032,8.956,8.885,8.815,8.744,8.679,8.61,8.538,8.479,8.427,8.379,8.328,8.291,8.253,8.235,8.204,8.178,8.17,8.162,8.159,8.156,8.152,8.15,8.151,8.154,8.16,8.161,8.163,8.165,8.168,8.171,8.169,8.17,8.164,8.156,8.143,8.135,8.116,8.096,8.082,8.061,8.032,8.008,7.986,7.956,7.918
Costa Rica,CR,CRI,Cement production,kt cement,0.0,0.0,0.0,0.0,0.0,0.0,0.0,0.0,0.0,0.0,0.0,0.0,0.0,29.410226,117.640906,117.640906,110.288349,132.346019,161.756245,183.813915,213.224141,264.692037,272.044594,294.102264,330.865047,360.275273,404.390613,492.621292,529.384075,551.441745,463.211065,426.448283,382.332943,470.563622,477.916179,551.441745,580.851971,558.794301,610.262197,620.0,700.0,700.0,860.0,940.0,865.0,830.0,940.0,1085.0,1100.0,1050.0,1200.0,1200.0,1130.0,1500.0,2000.0,1399.789,2300.0,2100.0,2100.0,1276.0,1400.0,1400.0,1460.0,1500.0,1600.0,1220.0,1364.0,1340.0,1220.0,1000.0,1100.0,1200.0,1200.0,1200.0,1138.537463748478,1153.625116173279,1168.71276859808,1183.800421022882,1198.888073447683,1213.975725872485,1229.063378297286,1244.151030722088,1259.238683146889,1274.32633557169,1289.413987996492,1294.946127218919,1300.478266441346,1306.010405663774,1311.542544886201,1317.074684108628,1322.606823331055,1328.138962553482,1333.67110177591,1339.203240998337,1344.735380220764,1350.267519443191,1355.799658665618,1361.331797888046,1366.863937110473,1372.3960763329,1378.11440971686,1383.856569558251,1389.622655134262,1395.412766135742,1401.227002668915,1407.06546525712,1412.928254842541,1418.815472787958,1424.727220878497,1430.663601323387,1436.624716757733,1442.610670244288,1448.621565275231,1454.657505773963,1460.718596096898,1466.804941035272,1472.91664581695,1479.05381610825,1485.216558015765,1491.404978088202,1497.619183318222,1503.859281144289,1510.12537945253,1516.417586578598,1522.736011309545,1529.080762885706,1535.451951002583,1541.849685812746,1548.274077927733,1554.725238419966,1561.203278824671,1567.708311141803,1574.240447837989,1580.799801848462,1587.386486579026,1594.000615908008,1600.642304188228,1607.31166624898,1614.008817398012,1620.733873423526,1627.486950596172,1634.268165671067,1641.077635889804,1647.915478982488,1654.781813169765,1661.676757164872,1668.600430175682,1675.55295190677,1682.534442561482,1689.545022844013
Costa Rica,CR,CRI,Population,,942.139,974.679,1008.908,1045.103,1083.134,1122.964,1164.73,1208.537,1254.565,1302.611,1352.381,1403.459,1455.431,1507.777,1560.143,1612.273,1663.959,1715.086,1764.376,1814.177,1863.721,1913.357,1963.139,2013.548,2065.739,2119.699,2175.85,2234.2,2294.821,2358.159,2423.108,2490.166,2559.446,2630.86,2704.329,2779.459,2854.974,2930.424,3005.782,3081.872,3161.54,3242.812,3325.704,3409.163,3493.08,3577.272,3660.754,3742.668,3823.009,3901.193,3974.285,4043.609,4107.801,4169.768,4230.387,4292.093,4350.586,4409.909,4470.202,4529.38,4582.544,4637.122,4690.745,4741.549,4792.689,4843.388,4890.607,4935.747,4979.889,5019.218,5049.422,5070.553,5092.976,5118.075,5141.745,5164.155,5185.423,5205.687,5224.82,5242.941,5260.052,5276.216,5291.399,5305.627,5318.696,5330.701,5341.577,5351.243,5359.793,5366.934,5372.678,5377.194,5380.149,5381.68,5381.765,5380.272,5377.244,5372.658,5366.495,5358.806,5349.495,5338.629,5326.101,5312.022,5296.582,5279.805,5261.677,5242.406,5221.991,5200.524,5177.863,5154.342,5130.06,5104.742,5078.73,5051.84,5024.259,4996.052,4966.94,4936.897,4906.101,4874.456,4841.941,4808.572,4774.319,4739.35,4703.651,4667.143,4629.971,4592.119,4553.735,4514.732,4475.296,4435.514,4395.357,4354.909,4314.249,4273.446,4232.665,4191.855,4151.065,4110.394,4069.938,4029.735,3989.858,3950.218,3910.953,3872.046,3833.559,3795.407
Croatia,HR,HRV,Cement production,kt cement,917.998742,1144.496409,896.125627,1032.342221,1217.499649,1231.707186,1488.511131,1425.631191,1578.689766,1625.898749,1616.179407,1655.646264,1809.188091,1855.814705,1643.517004,1533.882427,1303.923976,1346.712862,1336.08263,1460.373925,1707.533002,1969.239334,1782.379159,1890.217404,2072.135457,2157.537213,2189.563801,2224.821417,2257.307131,2290.81051,2965.801439,2730.635179,2846.886737,2884.242525,2828.5395,2775.260921,2714.020473,2617.722226,2576.903066,2341.733304,1888.061155,1768.0,1683.0,2055.0,1708.0,1842.0,2134.0,2295.0,2712.0,2852.0,3246.0,3378.0,3654.0,3811.0,3480.949,3597.965,3587.202,3403.0,2919.0,2488.0,2682.0,2254.0,2333.0,2359.0,2340.0,2267.0,2608.0,2828.0,2968.0,2976.0,2764.0,2890.0,2890.0,2890.0,2440.706261110537,2444.195476637499,2447.684692164462,2451.173907691425,2454.663123218388,2458.152338745351,2461.641554272314,2465.130769799277,2468.619985326239,2472.109200853202,2475.598416380165,2470.480900273953,2465.363384167741,2460.245868061528,2455.128351955316,2450.010835849104,2444.893319742892,2439.775803636679,2434.658287530467,2429.540771424255,2424.423255318043,2419.30573921183,2414.188223105618,2409.070706999406,2403.953190893194,2398.835674786982,2393.803618321796,2388.782117641042,2383.771150601767,2378.770695107468,2373.780729107995,2368.801230599453,2363.832177624102,2358.873548270266,2353.925320672233,2348.987473010156,2344.059983509964,2339.142830443257,2334.235992127218,2329.339446924515,2324.453173243201,2319.577149536626,2314.711354303337,2309.855766086985,2305.01036347623,2300.175125104648,2295.350029650634,2290.53505583731,2285.73018243243,2280.935388248289,2276.150652141625,2271.375953013532,2266.611269809359,2261.856581518624,2257.11186717492,2252.377105855816,2247.652276682779,2242.937358821065,2238.232331479639,2233.537173911077,2228.851865411483,2224.176385320383,2219.510713020651,2214.854827938403,2210.208709542917,2205.572337346538,2200.945690904587,2196.328749815272,2191.721493719599,2187.12390230128,2182.535955286646,2177.957632444555,2173.388913586304,2168.829778565543,2164.280207278177,2159.740179662291
Croatia,HR,HRV,Population,,3889.855,3933.487,3981.341,4030.902,4065.326,4096.145,4124.103,4149.305,4172.079,4192.107,4208.421,4238.433,4271.595,4302.938,4332.577,4360.834,4387.769,4412.769,4434.886,4454.007,4471.34,4488.984,4506.798,4524.718,4543.188,4562.273,4581.227,4600.018,4618.021,4635.897,4651.896,4676.621,4701.691,4724.077,4744.898,4764.211,4781.892,4798.526,4813.538,4827.927,4842.204,4808.11,4756.355,4703.13,4647.898,4590.822,4533.776,4475.466,4415.869,4355.775,4296.434,4305.715,4305.848,4307.524,4312.587,4315.305,4316.295,4315.614,4313.647,4307.414,4294.877,4266.771,4251.702,4233.093,4205.865,4161.592,4111.295,4047.105,4002.631,3970.038,3937.878,3911.342,3902.712,3889.335,3861.315,3835.005,3809.685,3785.02,3761.579,3737.606,3713.934,3689.424,3665.496,3642.027,3618.521,3595.91,3572.834,3548.692,3524.543,3500.453,3476.165,3451.384,3426.487,3401.429,3375.718,3350.188,3324.829,3298.94,3273.067,3247.185,3221.134,3195.323,3169.872,3144.162,3118.747,3093.196,3067.331,3041.917,3016.332,2990.954,2965.472,2940.142,2914.991,2890.073,2865.961,2841.715,2817.502,2793.614,2769.778,2746.525,2724.258,2701.786,2679.19,2657.148,2635.364,2613.433,2591.787,2570.271,2549.265,2528.418,2508.047,2488.004,2468.042,2448.377,2428.751,2409.472,2390.494,2371.689,2352.599,2333.733,2315.329,2296.73,2278.101,2259.666,2241.029,2222.547,2204.106,2186.112,2168.083,2150.256
Cuba,CU,CUB,Cement production,kt cement,382.332943,418.851498,404.390613,419.095726,433.800839,595.557084,647.02498,713.052824,624.967311,397.144358,867.340588,779.370999,808.781225,808.781225,801.428669,801.428669,0.0,779.370999,779.370999,742.608216,749.960773,1470.252107,1499.676019,1816.081479,2080.773516,2499.869242,2654.272931,2712.769239,2610.459448,2830.734289,3293.576574,3161.934891,3227.772345,3345.037023,3183.657006,3301.297911,3536.197802,3565.989949,3139.541666,3000.0,2000.0,2000.0,1049.0,1081.0,1470.0,1453.0,1707.0,1713.0,1785.0,1633.0,1324.0,1327.0,1345.5,1401.3,1566.9,1704.7,1805.3,1707.0,1626.0,1631.0,1736.0,1825.0,1659.0,1580.0,1518.0,1493.0,1431.0,1590.0,1407.0,1015.0,817.0,680.0,680.0,680.0,645.1712294574708,653.7208991648581,662.2705688722457,670.8202385796332,679.3699082870206,687.9195779944081,696.4692477017957,705.018917409183,713.5685871165706,722.118256823958,730.6679265313455,733.8028054240543,736.9376843167629,740.0725632094717,743.2074421021804,746.3423209948893,749.477199887598,752.6120787803067,755.7469576730155,758.8818365657241,762.0167154584329,765.1515943511417,768.2864732438504,771.4213521365592,774.5562310292678,777.6911099219766,780.9314988395543,784.1853894163422,787.4528379094155,790.7339008102538,794.0286348457187,797.3370969790346,800.6593444107734,803.9954345798432,807.3454251644814,810.7093740832526,814.0873394960489,817.4793798050964,820.8855536559644,824.305919938579,827.7405377882424,831.1894665866542,834.6527659629386,838.130495794675,841.6227162089335,845.1294875833144,848.6508705469922,852.1869259817637,855.7377150231003,859.3032990612054,862.8837397420756,866.479098968567,870.089438901464,873.714821960556,877.3553108257153,881.0109684379808,884.6818580006468,888.3680429803552,892.0695871081936,895.7865543807953,899.5190090614484,903.2670156812046,907.030639039996,910.8099442077552,914.6049965255402,918.4158616066647,922.242605337831,926.0852938802711,929.9439936708887,933.8187714234097,937.7096941295339,941.6168290600943,945.5402437662198,949.4800060805028,953.4361841181732,957.4088462782743
Cuba,CU,CUB,Population,,5983.119,6101.282,6223.067,6348.43,6477.267,6608.933,6743.171,6880.283,7020.296,7164.367,7311.795,7462.439,7619.757,7783.563,7948.476,8113.119,8273.781,8431.469,8587.574,8745.707,8903.058,9055.112,9192.67,9317.987,9430.378,9529.073,9613.41,9683.469,9740.491,9786.22,9823.371,9875.27,9950.091,10031.961,10114.637,10199.818,10288.676,10382.008,10483.161,10583.325,10680.274,10755.006,10816.597,10865.465,10906.577,10944.147,10979.873,11015.995,11053.43,11091.031,11127.186,11161.078,11193.758,11225.009,11252.503,11272.605,11284.496,11290.049,11293.474,11295.965,11298.853,11304.289,11302.062,11294.273,11277.278,11272.851,11258.373,11237.285,11216.95,11188.743,11163.965,11080.372,11039.268,11000.593,10958.973,10915.434,10869.884,10823.523,10775.647,10726.136,10675.508,10623.847,10570.818,10516.253,10460.297,10403.227,10344.631,10284.042,10222.354,10158.586,10093.088,10025.52,9956.271,9885.067,9812.422,9737.976,9661.681,9583.737,9504.546,9423.308,9340.691,9256.403,9170.598,9083.317,8994.668,8905.409,8815.37,8725.268,8635.122,8544.933,8455.075,8366.177,8278.203,8191.647,8106.216,8022.179,7939.773,7858.674,7779.109,7700.703,7623.527,7547.803,7472.737,7398.623,7324.928,7251.723,7178.855,7105.856,7033.028,6960.256,6887.498,6814.887,6742.277,6670.123,6598.263,6526.636,6455.626,6385.457,6316.171,6247.541,6179.845,6113.224,6047.294,5982.121,5917.947,5854.299,5791.525,5729.484,5668.098,5607.326
Curaçao,CW,CUW,Cement production,kt cement,0.0,0.0,0.0,0.0,0.0,0.0,0.0,0.0,0.0,0.0,0.0,0.0,0.0,0.0,0.0,0.0,0.0,0.0,0.0,0.0,0.0,0.0,0.0,0.0,0.0,0.0,0.0,0.0,0.0,0.0,0.0,0.0,0.0,0.0,0.0,0.0,0.0,0.0,0.0,0.0,0.0,0.0,0.0,0.0,0.0,0.0,0.0,0.0,0.0,0.0,0.0,0.0,0.0,0.0,0.0,0.0,0.0,0.0,0.0,0.0,0.0,0.0,0.0,0.0,0.0,0.0,0.0,0.0,0.0,0.0,0.0,0.0,0.0,0.0,50.28475620634273,50.95111892875093,51.61748165115915,52.28384437356736,52.95020709597557,53.61656981838377,54.282932540792,54.9492952632002,55.61565798560842,56.28202070801662,56.94838343042483,57.19271642864118,57.43704942685752,57.68138242507387,57.92571542329021,58.17004842150656,58.4143814197229,58.65871441793924,58.90304741615559,59.14738041437193,59.39171341258827,59.63604641080462,59.88037940902097,60.12471240723732,60.36904540545365,60.61337840367,60.86593487130905,61.11954366058115,61.37420915617235,61.62993576103827,61.88672789648022,62.14459000222168,62.40352653648501,62.66354197606857,62.92464081642407,63.18682757173435,63.45010677499138,63.71448297807467,63.97996075182993,64.24654468614811,64.51423939004479,64.78304949173983,65.05297963873737,65.32403449790623,65.59621875556053,65.86953711754082,66.14399430929534,66.41959507596177,66.69634418244922,66.97424641352066,67.25330657387566,67.5335294882334,67.8149200014161,68.09748297843284,68.38122330456358,68.66614588544371,68.95225564714883,69.23955753627986,69.5280565200487,69.81775758636392,70.1086657439172,70.4007860222698,70.6941234719395,70.98868316448802,71.28447019260861,71.5814896702142,71.87974673252563,72.1792465361607,72.47999425922306,72.78199510139193,73.08525428401187,73.38977705018316,73.69556866485233,74.00263441490328,74.31097960924872,74.62060957892177
Curaçao,CW,CUW,Population,,103.055,105.762,108.587,111.496,114.529,117.685,120.93,124.262,127.699,131.187,133.184,135.407,137.507,139.542,141.518,143.411,145.226,146.97,148.621,150.168,151.562,152.802,153.762,154.398,154.956,155.434,155.808,156.128,156.379,156.577,156.743,156.846,156.84,156.814,156.748,156.649,156.532,156.354,156.147,155.889,155.59,155.304,154.865,154.122,153.219,152.166,150.981,149.627,148.107,146.413,144.644,144.858,146.944,148.879,150.714,151.912,153.098,154.234,155.316,156.334,157.424,159.708,162.072,164.146,165.908,167.316,168.249,168.783,194.384,184.702,185.334,185.295,185.394,185.46,185.503,185.471,185.41,185.316,185.177,184.965,184.686,184.385,184.054,183.675,183.24,182.818,182.307,181.8,181.295,180.704,180.1,179.502,178.857,178.222,177.537,176.85,176.177,175.419,174.671,173.895,173.1,172.273,171.422,170.539,169.617,168.689,167.742,166.813,165.93,164.992,164.064,163.13,162.202,161.26,160.335,159.405,158.461,157.522,156.578,155.598,154.628,153.644,152.622,151.595,150.524,149.467,148.394,147.291,146.156,144.984,143.788,142.634,141.402,140.182,138.914,137.657,136.383,135.114,133.854,132.597,131.367,130.135,128.949,127.764,126.585,125.421,124.303,123.182,122.072,120.993
Cyprus,CY,CYP,Cement production,kt cement,0.0,0.0,0.0,0.0,0.0,36.762783,66.173009,80.492989,80.878123,88.230679,95.583236,95.583236,95.583236,73.525566,95.583236,95.583236,183.813915,235.281811,242.634368,264.692037,301.45482,419.095726,448.505952,338.217603,610.262197,1022.005367,1074.949842,1110.236046,1132.293716,1235.229508,1036.71048,1066.120706,941.127244,852.896565,661.730094,860.249122,853.656045,867.601678,1044.063036,1130.0,1134.0,1131.0,1089.0,1053.0,1021.0,1000.0,910.0,1207.0,1157.0,1398.0,1369.0,1438.0,1636.879,1688.917,1804.645,1786.488,1872.531,1914.0,1481.0,1329.0,1207.0,1026.0,855.0,735.0,788.0,1019.0,1319.0,1358.0,1537.0,1496.0,1440.0,1858.0,1858.0,1858.0,1772.161443990423,1775.989006504441,1779.816569018459,1783.644131532478,1787.471694046496,1791.299256560514,1795.126819074532,1798.95438158855,1802.781944102569,1806.609506616587,1810.437069130605,1806.694563561342,1802.95205799208,1799.209552422818,1795.467046853556,1791.724541284294,1787.982035715032,1784.239530145769,1780.497024576507,1776.754519007245,1773.012013437982,1769.26950786872,1765.527002299458,1761.784496730196,1758.041991160934,1754.299485591671,1750.619477760736,1746.947189511176,1743.282604649565,1739.625707016445,1735.976480486256,1732.334908967267,1728.700976401498,1725.074666764659,1721.455964066071,1717.8448523486,1714.241315688585,1710.645338195769,1707.056904013227,1703.475997317297,1699.902602317512,1696.336703256528,1692.778284410055,1689.227330086789,1685.683824628339,1682.147752409164,1678.6190978365,1675.09784535029,1671.58397942312,1668.077484560148,1664.578345299032,1661.086546209871,1657.602071895126,1654.124906989562,1650.655036160173,1647.192444106118,1643.737115558653,1640.289035281063,1636.848188068595,1633.414558748392,1629.988132179424,1626.568893252424,1623.156826889817,1619.751918045661,1616.354151705571,1612.963512886661,1609.579986637473,1606.203558037914,1602.834212199189,1599.471934263735,1596.116709405154,1592.768522828153,1589.427359768473,1586.093205492826,1582.766045298831,1579.445864514947
Cyprus,CY,CYP,Population,,497.347,504.753,512.628,520.832,529.389,538.342,547.799,557.86,568.708,580.411,592.569,598.459,604.472,610.032,615.011,620.461,626.319,632.183,638.131,644.247,650.645,657.455,664.67,667.204,659.304,659.507,664.557,669.644,674.853,680.245,685.907,691.878,701.117,713.333,725.335,737.218,748.991,760.579,771.89,782.95,793.751,804.137,816.544,835.525,853.809,871.581,889.0,906.136,922.96,939.507,955.826,972.428,990.452,1008.728,1027.023,1045.28,1063.556,1081.871,1100.182,1118.56,1137.073,1155.912,1174.882,1192.908,1210.693,1228.31,1245.915,1262.636,1278.839,1294.504,1309.991,1324.626,1338.114,1351.837,1364.727,1376.781,1387.888,1398.786,1408.767,1417.915,1426.72,1434.64,1442.368,1449.532,1456.156,1462.225,1468.125,1473.299,1478.288,1482.802,1486.895,1490.486,1493.606,1496.374,1498.941,1501.199,1503.327,1505.123,1506.707,1507.913,1509.05,1509.922,1509.88,1509.619,1509.232,1508.785,1508.285,1507.347,1505.982,1504.614,1502.776,1500.557,1497.366,1493.903,1490.1,1485.899,1481.294,1475.997,1470.173,1464.13,1457.831,1451.322,1444.059,1436.614,1428.95,1421.257,1413.695,1405.803,1398.012,1390.201,1382.334,1374.604,1367.35,1360.255,1353.273,1346.435,1339.772,1333.773,1328.061,1322.532,1317.359,1312.48,1307.735,1303.504,1299.285,1294.85,1290.59,1286.376,1281.909,1277.54
Czechia,CZ,CZE,Cement production,kt cement,1379.559037,1468.120918,1541.730205,1698.549871,1918.35124,2090.226713,2445.783324,2745.192224,3145.472777,3382.880385,3581.190518,3827.275291,3465.540528,3682.038958,3832.616349,4118.732615,4350.853319,4379.316061,4554.668227,5013.025379,5399.651729,5472.354104,5720.932417,6134.137199,6378.291701,6560.745157,6719.659123,7033.432141,7088.095527,7308.802075,7358.314581,7136.564465,7252.436888,7289.506578,7110.588719,7143.598914,7195.659586,7611.70203,7582.369049,7113.773594,5817.34366,5999.845409,5393.0,5303.0,4825.0,5015.0,4877.0,4604.0,4241.0,4093.0,3550.0,3217.0,3502.0,3828.677,3978.056,4238.818,4898.53,4710.0,3672.0,3379.0,3831.0,3434.0,3211.0,3511.0,3781.0,3937.0,4043.0,4428.0,4569.0,4513.0,4721.0,4476.0,4476.0,4476.0,3780.138832086769,3785.542890460016,3790.946948833264,3796.351007206511,3801.755065579759,3807.159123953007,3812.563182326255,3817.967240699503,3823.37129907275,3828.775357445998,3834.179415819245,3826.253463538481,3818.327511257719,3810.401558976955,3802.475606696192,3794.549654415429,3786.623702134666,3778.697749853903,3770.771797573138,3762.845845292376,3754.919893011612,3746.993940730849,3739.067988450086,3731.142036169322,3723.216083888559,3715.290131607796,3707.496538272789,3699.719293619828,3691.958363354155,3684.21371325295,3676.485309165185,3668.77311701147,3661.077102783903,3653.397232545921,3645.73347243215,3638.085788648256,3630.454147470795,3622.838515247065,3615.238858394958,3607.655143402813,3600.087336829262,3592.535405303092,3584.999315523092,3577.479034257905,3569.974528345884,3562.48576469495,3555.012710282435,3547.555332154947,3540.11359742822,3532.68747328697,3525.276926984746,3517.881925843796,3510.502437254911,3503.138428677288,3495.789867638387,3488.456721733784,3481.13895862703,3473.83654604951,3466.549451800298,3459.277643746015,3452.021089820691,3444.779758025618,3437.553616429215,3430.342633166883,3423.146776440864,3415.966014520106,3408.800315740114,3401.649648502822,3394.513981276445,3387.393282595339,3380.287521059871,3373.196665336272,3366.120684156504,3359.059546318121,3352.013220684125,3344.981676182842
Czechia,CZ,CZE,Population,,8957.167,9037.311,9117.099,9188.098,9254.282,9324.56,9391.476,9446.459,9492.95,9523.833,9559.377,9587.403,9607.516,9647.145,9690.348,9723.347,9749.131,9768.834,9781.392,9794.185,9808.318,9837.24,9878.896,9933.524,9998.373,10063.176,10122.7,10176.031,10225.468,10266.844,10283.962,10295.065,10302.952,10302.935,10304.702,10305.587,10303.16,10303.678,10307.221,10303.989,10299.988,10308.865,10316.031,10324.765,10319.894,10304.191,10288.065,10272.037,10258.816,10243.94,10229.668,10234.204,10244.732,10253.092,10269.807,10290.498,10318.679,10356.407,10400.178,10441.791,10486.28,10504.742,10509.928,10512.397,10522.054,10526.779,10537.117,10545.566,10552.308,10557.442,10542.817,10518.548,10827.878,10791.554,10680.164,10538.315,10517.246,10494.176,10467.962,10439.83,10410.348,10379.528,10347.66,10315.171,10282.405,10249.507,10217.245,10184.683,10153.304,10122.165,10092.286,10062.652,10034.056,10006.131,9978.744,9951.436,9923.774,9896.361,9868.546,9840.449,9810.638,9779.966,9748.054,9714.378,9678.567,9641.241,9601.926,9560.681,9518.156,9474.095,9428.403,9381.139,9332.812,9283.461,9234.125,9184.07,9135.02,9087.059,9040.384,8994.758,8950.697,8908.523,8868.128,8829.905,8793.743,8759.426,8727.501,8697.267,8668.299,8640.753,8614.704,8590.022,8566.61,8544.715,8523.501,8503.196,8483.018,8463.795,8445.611,8427.533,8409.431,8392.089,8374.413,8356.546,8338.101,8319.532,8299.868,8280.512,8260.179,8239.234
Côte d'Ivoire,CI,CIV,Cement production,kt cement,,,,,,,,0.0,0.0,0.0,0.0,0.0,0.0,0.0,0.0,110.288349,257.339481,330.865047,389.6855,397.038056,499.973848,602.909641,661.730094,632.319867,0.0,0.0,0.0,0.0,0.0,1301.402517,1198.466725,1102.883489,639.672424,536.736631,676.435207,772.018442,654.377537,698.492877,499.973848,500.0,500.0,510.0,500.0,1100.0,1000.0,1000.0,1100.0,650.0,650.0,650.0,650.0,650.0,650.0,650.0,650.0,360.297,468.797,360.0,283.0,1800.0,1800.0,1900.0,2300.0,2690.0,3100.0,3600.0,3500.0,4500.0,4900.0,5000.0,5000.0,5000.0,5000.0,5000.0,5898.122525593039,6081.483847632201,6264.845169671362,6448.206491710524,6631.567813749687,6814.929135788848,6998.290457828011,7181.651779867173,7365.013101906334,7548.374423945495,7731.735745984658,7983.235040781581,8234.734335578507,8486.233630375431,8737.732925172357,8989.232219969279,9240.731514766205,9492.230809563129,9743.730104360055,9995.229399156979,10246.7286939539,10498.22798875083,10749.72728354775,11001.22657834467,11252.7258731416,11504.22516793852,11813.06874966334,12130.20357713311,12455.85223796199,12790.24329537352,13133.61144862246,13486.19769772328,13848.24951260098,14220.02100678298,14601.77311575391,14993.77378009859,15396.29813356159,15809.62869615561,16234.05557245389,16669.87665520612,17117.39783442061,17576.93321205947,18048.80532249758,18533.34535889997,19030.89340567654,19541.79867717738,20066.41976279598,20605.12487865266,21158.29212603457,21726.30975677393,22309.57644575055,22908.50157071,23523.50549959386,24155.01988558357,24803.48797006515,25469.36489372729,26153.1180160112,26855.2272431365,27576.18536493328,28316.49840071679,29076.6859544475,29857.28157942591,30658.83315277788,31481.90325999348,32327.06958978924,33194.92533957087,34086.07963178107,35001.15794142469,35940.80253507121,36905.67292164284,37896.44631530438,38913.81811077995,39958.50237143016,41031.23233043214,42132.76090541435,43263.8612269074
Côte d'Ivoire,CI,CIV,Population,,2771.847,2846.888,2924.535,3005.728,3091.345,3181.912,3278.109,3380.448,3489.712,3608.171,3739.16,3881.143,4032.735,4191.387,4356.516,4528.238,4706.8,4892.688,5087.355,5297.086,5526.048,5775.688,6043.743,6326.144,6621.971,6930.622,7185.293,7458.608,7747.652,8056.883,8384.545,8728.648,9087.225,9458.263,9842.769,10238.196,10643.638,11059.311,11491.066,11948.475,12431.08,12936.66,13463.961,14007.941,14566.462,15144.667,15739.957,16354.383,16973.514,17458.357,17939.651,18418.175,18891.368,19359.716,19830.285,20306.63,20786.974,21274.142,21754.735,22241.144,22734.985,23229.014,23705.142,24174.409,24880.382,25612.303,26366.506,27100.237,27828.108,28557.91,29272.989,30006.484,30783.52,31547.788,32320.672,33102.421,33886.271,34675.988,35478.204,36288.706,37109.312,37949.419,38803.793,39684.974,40580.641,41487.056,42409.877,43350.12,44298.618,45258.872,46228.977,47205.887,48198.438,49202.892,50215.2,51216.935,52219.176,53223.75,54237.441,55241.372,56252.598,57266.524,58278.78,59287.772,60307.507,61324.097,62328.769,63334.885,64352.404,65359.099,66363.641,67382.023,68394.858,69421.48,70449.154,71487.285,72540.429,73578.635,74625.323,75652.168,76680.387,77707.101,78716.029,79723.289,80726.824,81744.447,82738.278,83729.777,84716.879,85691.956,86667.752,87640.235,88601.771,89559.828,90481.308,91411.699,92347.375,93267.986,94179.194,95098.714,96015.502,96926.728,97823.073,98689.417,99552.994,100398.479,101231.727,102041.213,102853.17,103650.711
Dem. People's Republic of Korea,KP,PRK,Cement production,kt cement,154.403688,147.051132,301.45482,500.356677,360.275273,595.557084,897.011905,1220.524395,1926.72505,2286.645101,2264.587431,2374.87578,2529.279469,2610.157591,2396.93345,2499.869242,2595.452478,2691.035714,2801.163923,4007.143344,4808.572013,5264.430522,5808.51971,5984.981068,6984.928765,6984.928765,6999.633878,6999.633878,7999.581575,7999.581575,7999.581575,7984.876462,7984.876462,7984.876462,7984.876462,7984.876462,8977.471603,8028.314402,7079.157201,6130.0,5169.0,4747.0,3980.0,4330.0,4220.0,3790.0,3340.0,3150.0,4100.0,4600.0,5160.0,5320.0,5543.0,5632.0,5930.0,6155.0,6129.0,6415.0,6126.0,6279.0,6452.0,6446.0,6600.0,6675.0,6697.0,7077.0,6837.0,5832.0,5604.0,5689.94,5960.0,6551.0,7055.0,7055.0,5602.685207411409,5675.991369003709,5749.297530596007,5822.603692188306,5895.909853780605,5969.216015372904,6042.522176965202,6115.828338557501,6189.134500149801,6262.440661742099,6335.746823334398,6369.537473058847,6403.328122783298,6437.118772507749,6470.909422232199,6504.700071956649,6538.490721681099,6572.281371405548,6606.07202113,6639.862670854449,6673.6533205789,6707.443970303349,6741.2346200278,6775.02526975225,6808.815919476699,6842.60656920115,6877.80439574348,6913.18327711934,6948.744144660464,6984.48793448928,7020.415587543554,7056.528049601162,7092.826271304992,7129.31120818796,7165.983820698162,7202.845074224175,7239.895939120447,7277.137390732861,7314.570409424395,7352.195980600941,7390.015094737239,7428.028747402956,7466.237939288886,7504.643676233301,7543.246969248419,7582.048834547035,7621.050293569253,7660.25237300939,7699.656104842992,7739.262526354014,7779.072680162108,7819.087614250081,7859.308381991487,7899.736042178342,7940.371659049013,7981.216302316216,8022.27104719519,8063.536974431993,8105.01517033196,8146.706726788289,8188.612741310794,8230.73431705479,8273.072562850139,8315.62859323043,8358.40352846233,8401.398494575073,8444.614623390084,8488.053052550804,8531.714925552607,8575.60139177293,8619.71360650151,8664.052730970803,8708.619932386551,8753.416383958516,8798.44326493135,8843.701760615655
Dem. People's Republic of Korea,KP,PRK,Population,,10838.728,10328.409,10178.875,10175.95,10309.653,10496.996,10703.762,11005.608,11321.887,11584.092,11861.814,12119.612,12406.153,12727.96,13051.579,13387.158,13751.029,14165.67,14565.523,14969.708,15375.842,15769.071,16181.067,16519.666,16826.575,17115.535,17371.366,17614.23,17857.759,18109.182,18364.391,18638.199,18914.515,19193.552,19476.534,19764.242,20057.468,20353.498,20652.824,20955.91,21268.363,21588.913,21912.908,22233.795,22554.155,22784.452,23007.04,23214.62,23408.507,23586.69,23745.129,23885.588,24002.358,24178.402,24331.484,24461.383,24587.631,24705.136,24824.099,24932.565,25041.952,25153.795,25269.661,25389.242,25513.281,25637.419,25759.234,25876.183,25986.112,26089.153,26183.471,26281.596,26376.094,26460.314,26537.332,26604.741,26662.641,26710.355,26748.19,26775.844,26793.963,26801.938,26800.226,26789.924,26771.065,26744.382,26710.262,26669.587,26623.07,26570.888,26513.977,26452.984,26388.658,26320.027,26248.008,26172.398,26093.454,26010.739,25924.438,25834.076,25740.179,25642.644,25541.698,25437.272,25329.534,25218.641,25103.988,24986.896,24866.848,24744.899,24620.519,24494.294,24366.977,24238.981,24109.897,23980.128,23850.169,23720.615,23591.205,23461.991,23333.625,23205.489,23077.855,22950.384,22823.154,22696.468,22569.97,22443.093,22316.1,22188.656,22060.756,21932.28,21803.298,21674.234,21544.481,21414.164,21283.073,21151.543,21019.989,20887.906,20755.579,20622.948,20490.433,20358.528,20226.964,20095.273,19964.234,19834.084,19704.871,19576.141
Democratic Republic of the Congo,CD,COD,Cement production,kt cement,205.871585,242.208693,249.587584,345.57016,404.390613,455.858509,463.211065,389.198393,345.57016,198.519028,139.481652,198.519028,243.022583,228.352915,249.616573,264.692037,294.102264,294.102264,323.51249,419.095726,455.858509,477.916179,536.736631,624.967311,624.967311,654.377537,492.621292,470.563622,448.505952,441.153396,492.621292,544.089188,514.678962,536.736631,441.598107,441.153396,492.621292,492.621292,455.858509,461.0,250.0,174.0,149.0,166.0,235.0,241.0,125.0,134.0,159.0,169.0,201.0,265.0,330.8,402.5,521.368,519.233,530.196,411.0,460.0,490.0,458.0,413.0,447.0,330.0,399.0,253.0,900.0,1169.0,1383.0,1284.0,1629.0,2122.0,2122.0,2122.0,2503.163199861686,2580.981744935107,2658.800290008527,2736.618835081947,2814.437380155367,2892.255925228787,2970.074470302208,3047.893015375629,3125.711560449049,3203.530105522469,3281.348650595889,3388.084951307704,3494.821252019518,3601.557552731334,3708.293853443148,3815.030154154963,3921.766454866778,4028.502755578592,4135.239056290407,4241.975357002222,4348.711657714037,4455.447958425852,4562.184259137666,4668.920559849481,4775.656860561296,4882.39316127311,5013.466377357124,5148.058398135295,5286.263689791069,5428.179254556522,5573.904698795372,5723.542302913758,5877.197093147855,6034.976915278696,6196.99251032596,6363.35759227384,6534.188927883541,6709.606418648443,6889.733184949434,7074.69565246948,7264.623640928107,7459.650455198041,7659.912978867976,7865.551770317147,8076.711161369126,8293.53935859408,8516.188547330616,8744.81499850019,8979.579178289074,9220.64586077486,9468.184243576536,9722.368066609328,9983.375734027635,10251.39043944167,10526.60029449565,10809.19846089786,11099.38328599515,11397.35844198713,11703.33306887769,12017.52192126421,12340.14551906752,12671.43030230836,13011.60879003893,13360.91974354124,13719.60833390656,14087.92631411388,14466.13219572789,14854.49143034064,15253.27659588422,15662.76758794522,16083.25181621518,16515.02440621501,16958.38840643497,17413.6550010354,17881.14372825786,18361.1827046995
Democratic Republic of the Congo,CD,COD,Population,,12414.525,12670.763,12936.516,13202.384,13483.678,13777.024,14082.877,14401.68,14713.912,15069.251,15460.441,15864.308,16287.139,16728.058,17182.597,17673.006,18190.851,18734.713,19289.665,19851.225,20423.647,20967.49,21534.83,22120.5,22717.257,23324.944,23923.117,24535.006,25450.372,26323.192,27099.005,27902.025,28774.354,29727.571,30762.591,31767.041,32763.351,33834.457,34931.047,36042.685,37325.442,38526.193,39931.627,41381.046,43872.705,44994.704,45597.543,46462.261,48132.939,49693.003,51321.88,52943.412,54557.637,56130.097,57865.385,59686.064,61545.751,63409.753,65371.574,67452.514,69673.561,72025.062,74484.175,77094.615,79711.869,82359.193,85553.637,88613.159,91482.128,94412.756,97567.24,100730.624,104063.312,107516.151,111036.378,114628.568,118275.755,121983.737,125759.362,129588.918,133475.484,137419.507,141397.718,145430.343,149505.928,153614.277,157764.633,161932.518,166158.701,170434.688,174756.476,179136.049,183564.761,188045.567,192578.436,197152.322,201776.647,206435.207,211132.18,215863.204,220628.94,225426.974,230247.053,235082.781,239933.75,244788.685,249646.864,254505.958,259374.761,264246.434,269111.833,273967.566,278805.132,283624.158,288415.945,293189.683,297943.043,302671.007,307377.716,312056.832,316707.788,321308.259,325885.839,330416.954,334920.913,339377.058,343806.854,348188.805,352524.751,356803.113,361038.181,365216.963,369355.769,373454.348,377498.419,381468.963,385379.454,389211.985,392977.687,396673.088,400288.753,403829.76,407279.249,410661.791,413982.254,417213.233,420349.853,423403.756,426392.562,429293.088
Denmark,DK,DNK,Cement production,kt cement,985.242584,1213.365946,1257.287178,1220.524395,1257.287178,1183.761612,1161.703942,1066.266511,1389.828754,1440.923661,1580.799668,1632.105488,1521.979215,1896.798556,1992.542837,2095.47863,2198.414422,2279.292544,2610.157591,2602.958738,2735.151053,2874.849629,2889.554742,2492.516686,2235.177205,2352.81811,2308.702771,2625.020202,2411.638563,1918.900713,1602.857338,1772.208195,1654.325234,1669.15069,1742.555913,2029.30562,1889.369538,1683.73546,2007.24795,1660.0,2016.0,2072.0,2270.0,2430.0,2584.0,2629.0,2683.0,2528.0,1926.0,2009.0,2047.0,2028.0,1953.0,2150.0,2120.0,2937.0,2871.0,2494.0,1575.0,1553.0,1811.0,1798.0,1830.0,2825.0,3047.0,2220.0,2360.0,2200.0,2250.0,2490.0,2670.0,2510.0,2510.0,2510.0,2394.039410342283,2399.210121811705,2404.380833281126,2409.551544750548,2414.72225621997,2419.892967689392,2425.063679158814,2430.234390628236,2435.405102097658,2440.575813567079,2445.746525036501,2440.690718266399,2435.634911496298,2430.579104726196,2425.523297956096,2420.467491185994,2415.411684415893,2410.355877645792,2405.30007087569,2400.244264105589,2395.188457335488,2390.132650565386,2385.076843795285,2380.021037025184,2374.965230255083,2369.909423484981,2364.938045844697,2359.977096702396,2355.026554182135,2350.086396453863,2345.156601733318,2340.237148281937,2335.328014406761,2330.429178460331,2325.540618840602,2320.662313990843,2315.794242399542,2310.936382600312,2306.088713171797,2301.251212737576,2296.423859966069,2291.606633570445,2286.799512308525,2282.002474982691,2277.215500439791,2272.438567571046,2267.671655311956,2262.914742642211,2258.167808585593,2253.430832209887,2248.703792626787,2243.986668991806,2239.27944050418,2234.582086406782,2229.894585986025,2225.216918571774,2220.549063537254,2215.89100029896,2211.242708316563,2206.604167092823,2201.975356173496,2197.356255147246,2192.746843645556,2188.147101342631,2183.557007955319,2178.976543243013,2174.405687007565,2169.844419093199,2165.292719386418,2160.750567815917,2156.217944352496,2151.694829008969,2147.181201840079,2142.677042942408,2138.182332454287,2133.697050555714
Denmark,DK,DNK,Population,,4285.283,4315.235,4349.231,4388.982,4423.833,4453.844,4478.827,4500.48,4531.66,4565.302,4593.383,4629.338,4665.596,4702.935,4740.847,4776.825,4817.588,4852.847,4876.745,4906.853,4950.484,4975.64,5007.506,5036.005,5055.26,5065.541,5080.068,5097.075,5111.612,5122.105,5124.057,5119.201,5116.586,5112.349,5111.312,5116.447,5124.929,5129.336,5129.944,5135.486,5146.564,5162.125,5180.609,5196.665,5215.714,5251.006,5275.13,5294.94,5313.584,5330.035,5349.282,5368.374,5383.544,5397.697,5411.499,5427.61,5447.23,5475.984,5511.543,5534.803,5560.922,5580.776,5603.057,5627.608,5659.98,5707.422,5748.98,5781.356,5806.293,5822.944,5840.116,5873.437,5932.37,5963.903,5990.921,6014.093,6032.948,6049.937,6064.443,6076.783,6087.207,6096.681,6104.071,6111.101,6117.339,6122.272,6126.343,6129.306,6132.426,6133.956,6135.362,6135.75,6135.76,6135.601,6134.856,6134.455,6132.772,6130.959,6129.026,6126.448,6123.228,6119.514,6115.844,6111.169,6106.635,6101.134,6095.617,6090.498,6085.88,6080.965,6075.482,6070.47,6065.314,6060.603,6055.759,6050.912,6047.205,6043.66,6040.612,6037.827,6035.379,6033.4,6031.566,6028.713,6026.298,6023.787,6020.349,6017.347,6014.371,6010.715,6006.865,6002.839,5997.433,5991.027,5984.322,5976.859,5969.221,5961.207,5953.579,5945.158,5936.597,5928.327,5920.248,5912.313,5904.261,5896.788,5889.526,5881.78,5874.432,5866.817
Djibouti,DJ,DJI,Cement production,kt cement,0.0,0.0,0.0,0.0,0.0,0.0,0.0,0.0,0.0,0.0,0.0,0.0,0.0,0.0,0.0,0.0,0.0,0.0,0.0,0.0,0.0,0.0,0.0,0.0,0.0,0.0,0.0,0.0,0.0,0.0,0.0,0.0,0.0,0.0,0.0,0.0,0.0,0.0,0.0,,,,,,,,,,,,,,,,,,,,0.0,0.0,0.0,0.0,150.0,170.0,140.0,130.0,160.0,224.0,250.0,240.0,380.0,480.0,480.0,480.0,566.2197624569318,583.8224493726914,601.4251362884509,619.0278232042103,636.63051011997,654.2331970357295,671.8358839514891,689.4385708672487,707.0412577830081,724.6439446987677,742.2466316145272,766.3905639150319,790.5344962155367,814.6784285160414,838.8223608165463,862.9662931170509,887.1102254175557,911.2541577180604,935.3980900185653,959.5420223190699,983.6859546195747,1007.82988692008,1031.973819220584,1056.117751521089,1080.261683821594,1104.405616122099,1134.054599967681,1164.499543404779,1195.761814844351,1227.863356355858,1260.826699067756,1294.674978981434,1329.431953209694,1365.122016651166,1401.770219112375,1439.402282889464,1478.044620821913,1517.724354830939,1558.469334955574,1600.308158899788,1643.270192104379,1687.385588357709,1732.685310959768,1779.201154454397,1826.965766944948,1876.012673009029,1926.376297228415,1978.091988350655,2031.196044099319,2085.725736650298,2141.719338792053,2199.216150788161,2258.256527961011,2318.881909016023,2381.134845126255,2445.05902979782,2510.699329537075,2578.101815341104,2647.313795033595,2718.383846468812,2791.361851626961,2866.299031624888,2943.247982666676,3022.262712959374,3103.398680619767,3186.712832598804,3272.263644650983,3360.111162376771,3450.317043366837,3542.944600477712,3638.05884626922,3735.726538634876,3836.016227657296,3938.998303721486,4044.745046919778,4153.33067778311
Djibouti,DJ,DJI,Population,,63.3,65.317,67.392,69.579,71.835,74.172,76.61,79.134,81.74,84.433,87.615,91.165,95.401,100.343,106.052,112.132,118.407,124.891,131.61,140.547,149.803,160.469,172.044,184.854,200.373,219.443,242.031,267.195,292.868,316.158,335.472,350.622,363.138,375.968,392.138,413.236,439.447,469.35,499.696,547.014,612.063,650.121,601.898,626.593,626.827,639.321,657.375,686.26,712.444,735.992,758.645,783.981,807.167,819.871,832.376,845.958,865.57,883.485,901.982,921.072,939.431,957.684,975.811,993.838,1011.597,1029.029,1046.277,1063.404,1080.36,1097.058,1113.319,1129.177,1145.015,1160.872,1176.572,1191.581,1207.338,1222.696,1238.474,1254.866,1270.491,1286.174,1300.719,1314.879,1328.344,1342.653,1356.058,1370.9,1384.665,1399.07,1414.2,1429.384,1443.492,1455.635,1467.641,1480.441,1492.48,1503.602,1514.149,1525.301,1535.778,1545.578,1556.793,1569.843,1580.927,1590.123,1602.366,1615.481,1626.455,1636.926,1646.233,1655.599,1664.937,1671.848,1678.518,1687.401,1697.016,1705.063,1712.728,1718.711,1725.107,1731.5,1736.316,1741.912,1749.185,1755.394,1761.362,1766.238,1770.313,1775.235,1777.99,1781.507,1786.351,1790.043,1794.593,1799.834,1803.408,1807.544,1812.168,1815.618,1818.248,1820.146,1822.307,1827.258,1828.923,1831.11,1832.636,1836.672,1839.429,1841.188
Dominica,DM,DMA,Cement production,kt cement,0.0,0.0,0.0,0.0,0.0,0.0,0.0,0.0,0.0,0.0,0.0,0.0,0.0,0.0,0.0,0.0,0.0,0.0,0.0,0.0,0.0,0.0,0.0,0.0,0.0,0.0,0.0,0.0,0.0,0.0,0.0,0.0,0.0,0.0,0.0,0.0,0.0,0.0,0.0,0.0,0.0,0.0,0.0,0.0,0.0,0.0,0.0,0.0,0.0,0.0,0.0,0.0,0.0,0.0,0.0,0.0,0.0,0.0,0.0,0.0,0.0,0.0,0.0,0.0,0.0,0.0,0.0,0.0,0.0,0.0,0.0,0.0,0.0,0.0,17.99064180178722,18.22904989905861,18.46745799633,18.70586609360139,18.94427419087278,19.18268228814417,19.42109038541556,19.65949848268696,19.89790657995835,20.13631467722973,20.37472277450113,20.46213907683397,20.54955537916681,20.63697168149966,20.7243879838325,20.81180428616534,20.89922058849818,20.98663689083103,21.07405319316387,21.16146949549671,21.24888579782955,21.3363021001624,21.42371840249524,21.51113470482809,21.59855100716093,21.68596730949377,21.77632576574986,21.86706071665341,21.95817373093661,22.04966638386807,22.14154025728001,22.23379693959568,22.32643802585673,22.41946511775088,22.51287982363952,22.60668375858562,22.70087854438155,22.7954658095772,22.89044718950809,22.98582432632366,23.08159886901565,23.17777247344663,23.27434680237863,23.37132352550184,23.46870431946354,23.56649086789704,23.66468486145084,23.76328799781781,23.86230198176455,23.96172852516088,24.06156934700944,24.16182617347541,24.26250073791633,24.36359478091207,24.46511005029498,24.56704830118002,24.66941129599518,24.7722008045119,24.87541860387572,24.97906647863693,25.0831462207815,25.18765962976203,25.29260851252885,25.39799468356127,25.50381996489895,25.61008618617342,25.71679518463967,25.82394880520798,25.93154890047572,26.03959733075951,26.14809596412724,26.25704667643051,26.36645135133692,26.47631188036276,26.58663016290564,26.69740810627734
Dominica,DM,DMA,Population,,50.282,50.6,51.075,51.691,52.476,53.428,54.543,55.849,57.317,58.898,59.846,60.571,61.325,62.153,63.022,63.987,65.027,66.142,67.322,68.547,69.269,69.795,70.325,70.844,71.337,71.804,72.23,72.583,72.864,73.054,73.112,72.86,72.515,72.214,71.898,71.59,71.223,70.823,70.392,69.915,69.339,69.254,69.396,69.469,69.484,69.453,69.367,69.231,69.018,68.721,68.301,68.275,68.459,68.603,68.695,68.774,68.839,68.856,68.852,68.876,68.841,69.266,68.969,70.461,70.285,70.535,68.678,68.315,68.034,67.727,67.419,66.985,66.668,66.353,66.057,65.686,65.336,64.98,64.636,64.307,64.031,63.869,63.784,63.765,63.76,63.763,63.761,63.778,63.79,63.796,63.802,63.802,63.76,63.704,63.652,63.605,63.544,63.459,63.358,63.254,63.13,62.993,62.824,62.675,62.518,62.334,62.158,61.951,61.749,61.543,61.314,61.087,60.855,60.642,60.392,60.14,59.906,59.648,59.374,59.114,58.814,58.517,58.214,57.899,57.59,57.271,56.951,56.656,56.327,56.002,55.68,55.383,55.068,54.751,54.435,54.105,53.772,53.436,53.077,52.747,52.389,52.065,51.75,51.422,51.087,50.74,50.414,50.064,49.69,49.3
Dominican Republic,DO,DOM,Cement production,kt cement,102.935792,139.698575,131.567513,161.756245,235.281811,249.986924,279.397151,272.044594,191.166471,169.108802,234.447478,242.634368,227.929254,301.45482,212.720065,279.397151,308.807377,323.51249,389.148002,492.621292,595.557084,676.435207,580.851971,602.909641,587.864525,653.998846,860.249122,867.601678,889.659348,1014.65281,948.479801,948.479801,1102.883489,1139.646272,1007.300254,1066.598787,1088.178376,1492.568989,1602.857338,1060.0,1235.0,1365.0,1271.0,1276.0,1453.0,1642.0,1835.0,1885.0,2283.0,2505.0,2746.0,3050.0,2906.699,2653.639,2778.708,3776.798,4100.0,4207.0,3852.0,4106.0,3997.0,4130.0,4246.0,5018.0,5181.0,5171.0,5254.0,5430.0,5644.0,5200.0,6500.0,6535.0,6535.0,6535.0,6200.285271330253,6282.450111826982,6364.614952323714,6446.779792820445,6528.944633317176,6611.109473813907,6693.274314310639,6775.43915480737,6857.603995304102,6939.768835800832,7021.933676297564,7052.060784479699,7082.187892661832,7112.315000843968,7142.442109026102,7172.569217208237,7202.696325390372,7232.823433572506,7262.950541754642,7293.077649936776,7323.204758118911,7353.331866301046,7383.45897448318,7413.586082665316,7443.713190847449,7473.840299029584,7504.981389583069,7536.252235052642,7567.653376085339,7599.185355580895,7630.848718701135,7662.644012879399,7694.571787830007,7726.632595557759,7758.82699036748,7791.155528873612,7823.618770009823,7856.217275038684,7888.951607561364,7921.822333527373,7954.830021244359,7987.975241387921,8021.258567011476,8054.680573556178,8088.241838860854,8121.942943171999,8155.784469153815,8189.767001898274,8223.891128935238,8258.157440242614,8292.566528256566,8327.118987881742,8361.81541650157,8396.65641398858,8431.642582714778,8466.774527562065,8502.052855932687,8537.478177759738,8573.051105517714,8608.772254233085,8644.64224149495,8680.661687465694,8716.831214891727,8753.151449114235,8789.623018080008,8826.246552352286,8863.022685121656,8899.952052217019,8937.035292116556,8974.273045958798,9011.665957553681,9049.214673393702,9086.919842665067,9124.78211725895,9162.802151782738,9200.980603571357
Dominican Republic,DO,DOM,Population,,2413.972,2486.323,2563.774,2645.851,2732.339,2822.918,2917.127,3014.422,3114.264,3216.341,3320.33,3426.135,3533.737,3642.836,3754.283,3863.644,3980.051,4097.806,4216.572,4337.498,4461.082,4587.387,4716.379,4848.076,4980.318,5113.235,5247.572,5383.314,5520.45,5658.929,5799.145,5937.761,6076.468,6218.027,6360.053,6500.755,6641.662,6783.367,6928.1,7076.49,7225.841,7373.865,7521.083,7668.06,7815.329,7960.902,8104.885,8243.272,8377.451,8514.965,8653.415,8787.152,8917.318,9043.922,9165.862,9284.206,9398.159,9513.157,9633.103,9757.427,9882.923,10008.32,10132.502,10255.163,10375.892,10493.766,10609.093,10724.593,10839.514,10948.573,11068.027,11178.924,11282.543,11379.988,11475.126,11565.848,11653.152,11738.727,11821.128,11900.494,11977.21,12051.097,12122.239,12190.818,12257.436,12321.425,12383.021,12442.071,12499.243,12553.079,12605.561,12655.817,12704.225,12750.364,12794.941,12837.069,12876.691,12913.629,12948.704,12980.973,13011.613,13038.668,13062.589,13083.469,13101.386,13116.521,13128.72,13139.031,13147.101,13151.484,13153.522,13152.656,13149.412,13143.699,13135.185,13124.269,13111.876,13097.258,13080.204,13061.235,13039.815,13017.008,12991.817,12964.711,12935.323,12904.781,12872.17,12837.209,12800.851,12762.562,12722.241,12680.454,12636.674,12592.188,12545.584,12497.488,12447.804,12397.117,12345.513,12292.068,12237.689,12182.28,12125.912,12068.209,12009.868,11950.601,11890.716,11830.352,11768.731,11706.509
Ecuador,EC,ECU,Cement production,kt cement,80.878123,88.230679,88.230679,95.583236,147.051132,154.403688,154.403688,161.756245,154.403688,198.519028,220.576698,213.224141,257.339481,286.749707,323.51249,374.980386,389.6855,433.800839,456.324146,330.865047,367.308985,485.268735,485.268735,581.201882,595.557084,609.986435,624.967311,830.546758,1095.530933,1389.633196,1235.229508,1588.152225,1419.30956,1735.203356,1963.132611,2015.084205,2146.946526,2198.414422,2249.882318,2250.0,2300.0,2250.0,2098.0,2164.0,2616.0,3028.0,2900.0,2600.0,2300.0,2800.0,2920.0,3000.0,3100.0,3470.0,3690.0,4110.0,4420.0,5493.0,5310.0,5287.0,5706.0,6025.0,6670.0,6600.0,5860.0,5550.0,5690.0,5800.0,5550.0,5100.0,5300.0,5500.0,5500.0,5500.0,5218.29670884719,5287.448449127529,5356.600189407869,5425.751929688209,5494.903669968549,5564.055410248889,5633.207150529229,5702.358890809569,5771.510631089909,5840.662371370248,5909.814111650589,5935.169749753381,5960.525387856171,5985.881025958963,6011.236664061753,6036.592302164545,6061.947940267336,6087.303578370127,6112.659216472919,6138.01485457571,6163.370492678501,6188.726130781293,6214.081768884084,6239.437406986876,6264.793045089666,6290.148683192458,6316.357711202277,6342.67594380865,6369.103836032036,6395.641844788817,6422.290428899195,6449.050049095133,6475.921168028314,6502.904250278143,6529.999762359776,6557.20817273219,6584.529951806277,6611.965571952986,6639.515507511476,6667.18023479733,6694.960232110784,6722.855979744997,6750.867959994355,6778.996657162812,6807.242557572255,6835.606149570925,6864.087923541849,6892.688371911324,6921.407989157429,6950.247271818573,6979.206718502082,7008.286829892821,7037.488108761841,7066.811059975085,7096.256190502108,7125.824009424844,7155.515027946408,7185.329759399932,7215.268719257448,7245.332425138786,7275.521396820538,7305.836156245036,7336.277227529379,7366.84513697449,7397.540413074222,7428.363586524494,7459.315190232456,7490.395759325722,7521.6058311616,7552.945945336402,7584.416643694759,7616.018470338999,7647.751971638542,7679.617696239361,7711.616195073459,7743.748021368395
Ecuador,EC,ECU,Population,,3561.397,3654.262,3750.537,3850.048,3952.964,4059.412,4169.657,4284.061,4402.933,4526.578,4655.204,4789.458,4929.079,5074.352,5225.484,5382.442,5545.055,5713.06,5886.299,6064.174,6246.6,6433.504,6624.564,6819.503,7017.642,7218.859,7422.965,7630.673,7841.661,8056.077,8275.677,8498.143,8724.452,8956.383,9193.181,9429.126,9662.87,9895.709,10125.906,10357.798,10589.548,10815.213,11045.042,11263.506,11480.888,11700.141,11921.758,12140.495,12361.874,12579.716,12798.695,13022.786,13254.158,13490.453,13726.95,13965.375,14206.888,14450.658,14699.747,14952.162,15201.228,15451.225,15693.163,15921.092,16149.157,16383.293,16626.984,16892.055,17207.038,17473.005,17619.124,17745.785,17902.009,18058.157,18212.798,18366.994,18522.019,18678.621,18835.83,18992.361,19147.077,19298.546,19446.454,19591.036,19731.668,19868.589,20001.742,20131.015,20256.136,20376.394,20492.046,20602.855,20708.68,20809.581,20905.36,20995.896,21081.165,21161.185,21236.042,21305.27,21369.205,21427.548,21480.694,21528.692,21571.732,21609.766,21642.891,21671.214,21694.467,21712.984,21726.752,21735.895,21740.362,21740.099,21735.092,21725.284,21711.353,21692.799,21669.669,21641.83,21609.074,21571.772,21529.804,21483.107,21431.914,21376.648,21316.89,21252.715,21184.345,21111.964,21036.071,20956.665,20874.137,20788.492,20699.951,20608.669,20514.498,20418.211,20319.873,20219.476,20117.346,20013.552,19908.394,19802.226,19695.09,19587.064,19478.247,19368.702,19258.573,19147.727
Egypt,EG,EGY,Cement production,kt cement,1132.293716,948.479801,1095.530933,1338.585578,1367.575527,1352.870413,1463.158762,1514.626659,1786.671253,2044.010733,2059.157726,2235.177205,2507.221799,2521.926912,2418.670256,2441.04879,2749.856167,3146.894223,3610.777561,3683.008093,3918.28923,3822.779943,3617.457845,3264.993437,3580.695062,3360.475595,3257.182572,2999.843091,2955.727751,3029.253317,3499.816939,4257.130269,5499.712333,6500.033402,5749.699257,7609.896076,8742.189792,9786.252828,12476.654694,14100.0,16427.0,17000.0,16000.0,16100.0,17665.0,18700.0,19700.0,21000.0,23313.0,24143.0,25700.0,28155.0,26639.0,28763.0,32458.0,36100.0,40400.0,38600.0,48000.0,49500.0,48700.0,51200.0,50200.0,51400.0,53600.0,56500.0,53900.0,52000.0,48700.0,44900.0,50000.0,45800.0,52000.0,50000.0,48703.39049486429,49334.14670848881,49964.90292211332,50595.65913573783,51226.41534936235,51857.17156298687,52487.92777661138,53118.6839902359,53749.44020386041,54380.19641748492,55010.95263110944,55671.74485490654,56332.53707870366,56993.32930250077,57654.12152629788,58314.91375009499,58975.7059738921,59636.49819768921,60297.29042148632,60958.08264528343,61618.87486908054,62279.66709287766,62940.45931667477,63601.25154047188,64262.04376426898,64922.83598806609,65643.84888889712,66372.86913560652,67109.98565529672,67855.28836266688,68608.86817098092,69370.81700315738,70141.22780298223,70920.1945464463,71707.81225320873,72504.17699818744,73309.38592327872,74123.53724920662,74946.73028750412,75779.0654526273,76620.64427420411,77471.56940941908,78331.94465553563,79201.8749625574,80081.46644603026,80970.82639998647,81870.06331003255,82779.28686658262,83698.60797823842,84628.1387853184,85567.99267353653,86518.28428783345,87479.12954636096,88450.64565462196,89432.95111976733,90426.1657650517,91430.41074444955,92445.80855743392,93472.48306391906,94510.55949936903,95560.1644900741,96621.426068597,97694.47368939027,98779.43824458767,99876.45207997033,100985.6490111107,102107.1643396953,103241.1348700296,104387.698925725,105546.9963665722,106719.1686056015,107904.3586263323,109102.7110002148,110314.3719042648,111539.4891388949,112778.2121459433
Egypt,EG,EGY,Population,,21367.508,21844.329,22365.56,22922.723,23502.397,24088.06,24686.626,25302.189,25898.453,26555.26,27237.698,27964.098,28709.927,29473.811,30244.032,31014.316,31798.767,32593.953,33402.684,34220.545,35027.434,35839.301,36677.355,37526.73,38412.604,39338.049,40253.065,41244.674,42278.188,43359.068,44541.758,45752.69,47062.532,48510.272,49984.397,51485.539,52927.051,54421.818,55953.545,57467.739,59325.497,60732.498,62228.823,63602.538,64968.64,66336.605,67719.491,69143.99,70742.598,72299.31,73867.258,75436.8,77041.474,78665.622,80289.265,81912.742,83488.064,85064.386,86665.193,88338.078,90054.067,92132.051,94189.952,96477.154,98580.154,100614.53,102674.648,104717.467,106646.72,108459.596,110170.651,111743.365,113493.134,115578.409,117498.106,119233.883,120968.468,122726.765,124490.149,126255.95,128022.693,129801.81,131588.346,133382.864,135192.816,137001.619,138824.907,140652.485,142479.176,144307.351,146119.957,147917.156,149684.406,151410.906,153099.762,154738.616,156333.279,157895.532,159419.247,160903.98,162356.404,163770.674,165167.272,166532.651,167874.986,169188.379,170481.925,171753.146,173005.053,174239.862,175450.55,176643.397,177816.54,178980.714,180125.01,181229.9,182321.297,183389.089,184433.896,185448.413,186432.968,187391.751,188322.649,189215.477,190083.114,190922.332,191732.305,192504.91,193245.814,193959.599,194626.202,195269.427,195875.272,196453.452,197001.886,197515.851,198006.051,198474.899,198909.122,199311.519,199688.861,200047.707,200376.179,200683.463,200956.925,201199.097,201402.214,201573.686,201728.069,201846.6
El Salvador,SV,SLV,Cement production,kt cement,0.0,0.0,36.762783,51.467896,58.820453,66.173009,88.230679,88.230679,80.878123,88.230679,73.525566,66.173009,80.878123,88.230679,80.878123,139.698575,139.698575,154.403688,139.698575,161.756245,183.813915,220.576698,242.634368,294.102264,330.865047,323.51249,374.980386,455.858509,588.204528,522.031518,455.858509,419.095726,433.800839,397.038056,448.505952,441.153396,610.262197,624.967311,632.319867,641.0,680.0,419.0,861.0,850.0,890.0,948.0,1020.0,1065.0,1031.0,1064.0,1174.0,1323.0,1391.0,1265.0,1131.0,1311.0,1300.0,1300.0,1212.0,1290.0,1320.0,1380.0,1200.0,1000.0,990.0,880.0,900.0,1089.0,1280.0,1000.0,1070.0,1066.0,1066.0,1066.0,1011.400780296564,1024.803644867263,1038.206509437962,1051.60937400866,1065.012238579359,1078.415103150057,1091.817967720756,1105.220832291455,1118.623696862153,1132.026561432852,1145.42942600355,1150.343809679473,1155.258193355396,1160.172577031319,1165.086960707242,1170.001344383164,1174.915728059087,1179.83011173501,1184.744495410933,1189.658879086856,1194.573262762779,1199.487646438701,1204.402030114624,1209.316413790547,1214.23079746647,1219.145181142393,1224.224967298478,1229.325919290913,1234.448125310937,1239.591673917251,1244.756654037553,1249.943154970075,1255.151266385124,1260.381078326636,1265.632681213731,1270.906165842275,1276.201623386453,1281.519145400342,1286.858823819497,1292.220750962537,1297.605019532745,1303.011722619667,1308.440953700724,1313.892806642829,1319.367375704004,1324.864755535019,1330.38504118102,1335.928328083177,1341.494712080331,1347.084289410654,1352.697156713313,1358.333411030136,1363.993149807295,1369.676470896989,1375.383472559136,1381.11425346307,1386.868912689249,1392.647549730969,1398.45026449608,1404.277157308717,1410.128328911035,1416.003880464947,1421.903913553876,1427.82853018451,1433.777832788567,1439.751924224566,1445.7509077796,1451.774887171131,1457.823966548775,1463.89825049611,1469.997844032475,1476.122852614795,1482.273382139397,1488.449538943847,1494.651429808783,1500.879161959765
El Salvador,SV,SLV,Population,,2209.516,2261.093,2314.811,2369.156,2426.506,2486.684,2549.646,2615.376,2681.946,2753.127,2829.79,2910.242,2988.166,3069.192,3154.573,3244.359,3337.562,3432.807,3528.738,3624.232,3713.361,3801.685,3891.975,3984.161,4075.182,4165.715,4254.904,4347.608,4440.621,4520.155,4560.608,4580.59,4664.364,4750.37,4845.637,4943.774,5041.763,5143.12,5248.545,5349.413,5450.04,5540.113,5631.106,5688.807,5739.451,5784.81,5825.762,5863.394,5898.168,5929.633,5957.099,5979.021,5994.24,6002.957,6006.385,6004.77,5999.869,6019.78,6038.813,6057.745,6078.754,6101.5,6126.45,6151.228,6174.682,6192.671,6208.928,6218.139,6221.476,6223.159,6246.188,6265.375,6295.263,6323.985,6352.401,6378.605,6403.902,6428.983,6452.884,6475.944,6496.469,6516.335,6535.259,6554.064,6570.313,6586.049,6600.599,6613.441,6626.225,6636.11,6645.393,6653.193,6659.236,6664.532,6666.97,6669.08,6669.739,6669.933,6668.512,6664.999,6661.692,6655.477,6649.177,6641.331,6630.697,6618.796,6605.633,6591.496,6577.884,6562.685,6545.713,6528.49,6509.748,6489.305,6467.408,6444.301,6421.012,6396.615,6370.551,6343.8,6315.897,6287.432,6258.277,6225.37,6192.952,6158.85,6122.378,6085.018,6046.234,6005.833,5964.232,5921.752,5878.622,5834.437,5788.773,5742.691,5696.275,5649.564,5602.962,5555.857,5508.881,5461.903,5415.125,5368.308,5321.402,5274.705,5228.418,5183.465,5138.858,5094.912
Equatorial Guinea,GQ,GNQ,Cement production,kt cement,0.0,0.0,0.0,0.0,0.0,0.0,0.0,0.0,0.0,0.0,0.0,0.0,0.0,0.0,0.0,0.0,0.0,0.0,0.0,0.0,0.0,0.0,0.0,0.0,0.0,0.0,0.0,0.0,0.0,0.0,0.0,0.0,0.0,0.0,0.0,0.0,0.0,0.0,0.0,0.0,0.0,0.0,0.0,0.0,0.0,0.0,0.0,0.0,0.0,0.0,0.0,0.0,0.0,0.0,0.0,0.0,0.0,0.0,0.0,0.0,0.0,0.0,0.0,0.0,0.0,0.0,0.0,0.0,0.0,0.0,0.0,0.0,0.0,0.0,231.1089809807636,238.2937161407873,245.478451300811,252.6631864608347,259.8479216208585,267.0326567808822,274.217391940906,281.4021271009298,288.5868622609535,295.7715974209772,302.9563325810009,312.8109508066631,322.6655690323253,332.5201872579875,342.3748054836497,352.2294237093118,362.084041934974,371.9386601606362,381.7932783862985,391.6478966119606,401.5025148376228,411.357133063285,421.2117512889472,431.0663695146093,440.9209877402715,450.7756059659337,462.8771730570134,475.3036200309476,488.0636686456285,501.1662748041345,514.6206348406157,528.4361919749306,542.6226429405637,557.1899447904788,572.1483218856815,587.5082730713973,603.2805790459028,619.476309927181,636.1068330227116,653.1838208078498,670.7192591183942,688.7254555630924,707.2150481619898,726.201014216684,745.6966794187123,765.7157272024622,786.2722083491719,807.3805508487613,829.055570026413,851.312478941014,874.1668990627554,897.634871237382,921.7328669447911,946.4777998598802,971.8870377237572,997.9784145336496,1024.77024306006,1052.281327699965,1080.530977675066,1109.539020584364,1139.325816320572,1169.912271360121,1201.319853436805,1233.570606609349,1266.68716673349,1300.692777349414,1335.611305995718,1371.467260961332,1408.285808487165,1446.092790429552,1484.914742397894,1524.778912379221,1565.713279862751,1607.746575477876,1650.908301159344,1695.228750853798
Equatorial Guinea,GQ,GNQ,Population,,228.585,232.645,236.722,240.87,245.08,249.35,253.705,258.124,262.65,267.342,272.271,277.52,283.052,288.878,295.007,301.469,308.249,315.361,322.336,322.697,318.909,312.97,305.966,298.597,291.309,284.494,277.567,275.991,277.07,282.623,294.664,311.839,332.594,354.247,375.552,395.542,413.915,431.129,448.173,465.444,483.104,501.331,520.209,539.837,560.439,582.088,604.896,628.89,654.058,680.37,726.188,773.483,822.431,873.294,926.539,968.195,1012.491,1059.597,1109.463,1161.883,1216.287,1267.384,1319.582,1372.854,1426.801,1481.045,1535.327,1589.464,1643.38,1696.974,1735.963,1781.61,1825.48,1869.618,1915.415,1961.447,2007.489,2054.02,2100.505,2146.899,2193.991,2242.177,2291.883,2340.115,2389.59,2438.949,2488.829,2539.087,2590.619,2640.231,2690.94,2740.024,2789.528,2838.018,2887.019,2935.451,2982.742,3028.377,3074.605,3120.671,3166.785,3213.488,3260.699,3307.775,3355.503,3402.761,3449.061,3495.157,3542.661,3588.38,3632.69,3676.34,3719.19,3762.058,3806.176,3849.716,3891.766,3933.141,3973.239,4015.201,4057.305,4097.922,4138.943,4179.19,4219.598,4260.699,4301.595,4339.902,4377.355,4415.392,4451.006,4485.878,4518.971,4551.467,4585.965,4616.675,4646.784,4676.966,4707.716,4738.174,4765.546,4791.335,4818.798,4846.112,4873.643,4899.081,4922.858,4946.645,4969.933,4992.145
Eritrea,ER,ERI,Cement production,kt cement,,,,,,,,,,,,,,,,,,,,,,,,,,,,,,,,,,,,,,,,0.0,,,0.0,45.0,50.0,47.0,60.0,45.0,45.0,45.0,45.0,45.0,45.0,45.0,45.0,45.0,45.0,45.0,45.0,45.0,160.0,230.0,230.0,230.0,200.0,200.0,180.0,180.0,180.0,160.0,180.0,180.0,180.0,180.0,212.3324109213494,218.9334185147593,225.5344261081691,232.1354337015789,238.7364412949888,245.3374488883985,251.9384564818084,258.5394640752182,265.140471668628,271.7414792620379,278.3424868554477,287.396461468137,296.4504360808263,305.5044106935155,314.5583853062049,323.6123599188941,332.6663345315834,341.7203091442726,350.774283756962,359.8282583696512,368.8822329823405,377.9362075950298,386.9901822077191,396.0441568204083,405.0981314330976,414.1521060457869,425.2704749878804,436.6873287767922,448.4106805666316,460.4487586334467,472.8100121504085,485.5031171180379,498.5369824536352,511.9207562441871,525.6638321671408,539.7758560835491,554.2667328082173,569.1466330616021,584.4260006083402,600.1155595874204,616.226322039142,632.769595634141,649.756991609913,667.2004329203988,685.1121626043556,703.5047523783857,722.3911114606555,741.7844956314958,761.6985165372447,782.1471512438617,803.1447520470199,824.7060565455602,846.846197985379,869.5807158810087,892.9255669223454,916.8971361741824,941.5122485764032,966.788180752914,992.7426731375983,1019.393942425805,1046.76069436011,1074.862136859333,1103.717993500004,1133.348517359765,1163.774505232413,1195.017312224551,1227.098866744119,1260.041685891289,1293.868891262564,1328.604225179142,1364.272067350958,1400.897451988078,1438.506085371486,1477.124363895557,1516.779392594917,1557.499004168666
Eritrea,ER,ERI,Population,,820.639,833.412,847.267,862.138,877.905,894.569,912.244,925.351,939.815,961.312,983.781,1007.365,1032.21,1057.974,1084.6,1112.071,1137.842,1166.835,1196.639,1227.372,1259.534,1292.774,1325.695,1359.644,1391.732,1424.688,1462.926,1502.204,1542.552,1584.111,1627.484,1672.395,1718.527,1753.794,1789.667,1825.966,1864.362,1912.976,1963.533,2010.501,2054.973,1784.168,1813.328,1898.685,1929.145,2121.389,2135.539,2168.73,2192.107,2233.454,2260.608,2363.549,2422.407,2565.399,2631.168,2691.261,2715.743,2770.702,2861.953,2913.817,2976.556,3020.414,3053.563,3095.158,3095.187,3115.905,3133.491,3167.203,3218.318,3262.07,3320.471,3379.895,3438.999,3501.78,3569.426,3644.58,3720.758,3799.99,3880.296,3960.648,4044.696,4125.395,4207.632,4291.379,4378.08,4463.765,4555.749,4648.12,4736.567,4824.384,4912.969,4996.007,5082.595,5165.935,5249.805,5335.731,5416.204,5496.798,5578.286,5656.427,5735.697,5815.781,5900.349,5982.022,6055.61,6134.868,6205.513,6282.39,6360.867,6438.754,6517.968,6595.824,6668.85,6749.699,6818.465,6886.004,6958.787,7026.661,7096.341,7162.022,7226.312,7288.106,7349.583,7412.724,7466.792,7528.238,7583.064,7638.111,7691.388,7740.998,7796.449,7836.077,7880.272,7923.178,7969.835,8015.644,8058.184,8094.482,8131.344,8165.041,8199.662,8229.547,8264.58,8290.043,8315.766,8341.752,8363.685,8385.985,8408.706,8433.227
Estonia,EE,EST,Cement production,kt cement,74.05966,84.3628,95.618005,113.915014,135.042349,149.504013,174.010177,200.841732,234.180712,275.208352,307.886024,347.467887,370.327674,394.63152,440.520383,487.424017,517.131699,534.65175,549.336993,583.425073,617.44102,644.885299,680.18634,718.586427,765.241356,773.024973,784.505275,777.832917,747.881469,754.272555,766.805576,745.556508,772.263024,783.980886,787.233521,811.838737,823.671745,834.297929,837.93399,815.54407,768.018551,600.0,500.0,402.0,417.0,388.0,423.0,321.0,358.0,329.0,405.0,466.0,506.2,615.0,726.0,848.9,937.4,808.0,326.0,375.0,451.0,482.0,457.0,447.0,390.0,399.0,503.0,527.0,411.0,254.0,366.0,257.0,257.0,257.0,217.045504880764,217.3557915210509,217.666078161338,217.976364801625,218.286651441912,218.596938082199,218.907224722486,219.2175113627731,219.52779800306,219.838084643347,220.148371283634,219.6932842112131,219.2381971387922,218.7831100663712,218.3280229939503,217.8729359215293,217.4178488491084,216.9627617766874,216.5076747042664,216.0525876318455,215.5975005594246,215.1424134870036,214.6873264145827,214.2322393421617,213.7771522697408,213.3220651973198,212.8745778230802,212.4280291466255,211.9824171988422,211.5377400147471,211.0939956334792,210.6511820982904,210.2092974565378,209.7683397596742,209.3283070632401,208.8891974268547,208.4510089142078,208.0137395930509,207.5773875351886,207.1419508164707,206.7074275167829,206.273815720039,205.8411135141722,205.4093189911264,204.9784302468481,204.5484453812784,204.1193624983435,203.6911797059476,203.2638951159635,202.837506844225,202.4120130105183,201.9874117385736,201.5637011560572,201.1408793945628,200.7189445896036,200.2978948806038,199.8777284108907,199.4584433276864,199.0400377820993,198.6225099291166,198.2058579275955,197.7900799402555,197.3751741336703,196.9611386782594,196.5479717482802,196.1356715218202,195.7242361807885,195.3136639109082,194.9039529017083,194.4951013465152,194.0871074424457,193.6799693903981,193.273685395045,192.8682536648251,192.4636724119348,192.0599398523213
Estonia,EE,EST,Population,,1109.252,1123.144,1136.608,1148.673,1160.935,1172.808,1183.534,1194.023,1206.789,1213.09,1227.816,1242.519,1256.73,1270.782,1285.898,1299.71,1313.166,1326.94,1341.658,1355.746,1367.985,1381.044,1393.38,1405.303,1417.791,1429.216,1440.527,1452.601,1463.846,1472.199,1480.727,1489.951,1499.866,1510.609,1520.61,1529.949,1541.237,1553.272,1564.922,1570.254,1570.353,1560.414,1520.01,1488.674,1462.754,1442.8,1426.502,1416.49,1405.915,1401.24,1392.754,1383.589,1375.281,1366.419,1358.933,1350.762,1342.999,1338.41,1335.738,1333.319,1329.578,1325.137,1320.095,1315.744,1313.16,1315.992,1315.706,1319.143,1324.786,1328.857,1330.482,1333.017,1367.166,1367.226,1353.866,1334.598,1327.526,1320.415,1313.312,1306.302,1299.242,1292.202,1285.229,1278.377,1271.574,1264.968,1258.441,1252.096,1245.92,1239.803,1233.771,1227.69,1221.592,1215.495,1209.291,1203.077,1196.817,1190.507,1184.203,1177.624,1170.911,1164.027,1157.124,1150.015,1142.842,1135.363,1127.814,1120.185,1112.373,1104.518,1096.413,1088.347,1080.262,1072.188,1064.084,1055.99,1047.972,1039.929,1031.968,1023.991,1015.979,1008.102,1000.336,992.639,985.05,977.626,970.254,962.894,955.619,948.47,941.456,934.614,927.789,921.013,914.302,907.858,901.542,895.387,889.53,883.722,877.998,872.413,866.893,861.325,855.843,850.291,844.713,839.275,833.846,828.296
Eswatini,SZ,SWZ,Cement production,kt cement,0.0,0.0,0.0,0.0,0.0,0.0,0.0,0.0,0.0,0.0,0.0,,,0.0,0.0,0.0,0.0,0.0,0.0,0.0,0.0,0.0,0.0,0.0,0.0,0.0,0.0,0.0,0.0,0.0,0.0,0.0,0.0,0.0,0.0,0.0,0.0,0.0,0.0,0.0,0.0,0.0,0.0,0.0,0.0,0.0,0.0,0.0,0.0,0.0,0.0,0.0,0.0,0.0,0.0,0.0,0.0,0.0,0.0,0.0,0.0,0.0,0.0,0.0,0.0,0.0,0.0,0.0,0.0,0.0,0.0,0.0,0.0,0.0,152.8234215975691,157.5744087974935,162.3253959974179,167.0763831973424,171.8273703972668,176.5783575971912,181.3293447971157,186.0803319970401,190.8313191969645,195.582306396889,200.3332935968134,206.8497711018949,213.3662486069764,219.882726112058,226.3992036171395,232.915681122221,239.4321586273026,245.9486361323841,252.4651136374656,258.9815911425471,265.4980686476287,272.0145461527102,278.5310236577918,285.0475011628732,291.5639786679548,298.0804561730363,306.0827539708241,314.2998822572209,322.7376083930528,331.4018545702922,340.2987019686709,349.4343950238812,358.8153458103616,368.4481385417437,378.3395341921182,388.4964752413633,398.9260905478681,409.6357003520685,420.6328214143086,431.9251722906336,443.5206787502184,455.427479338231,467.6539310880389,480.2086153867646,493.1003439983092,506.3381652480707,519.9313703736975,533.8895000463351,548.2223510669425,562.9399832423786,578.0527264460865,593.5711878683255,609.5062594610488,625.8691255826427,642.6712708478992,659.9244881887308,677.640887131281,695.8329022952462,714.5133021213695,733.695197833233,753.3920526396416,773.6176911840525,794.3863092476872,815.712483713132,837.6111827954235,860.0977765478002,883.1880476494894,906.8982024831067,931.2448825094394,956.2451759475989,981.9166297687397,1008.277262011761,1035.345574429642,1063.140565475275,1091.681743635922,1120.98914112565
Eswatini,SZ,SWZ,Population,,275.109,282.1,289.16,296.315,303.544,310.891,318.336,325.909,333.612,341.406,349.268,357.26,365.471,374.047,383.264,393.407,404.125,413.936,424.357,435.392,447.039,459.326,472.249,485.827,500.148,515.197,531.463,549.234,567.657,586.741,606.548,627.069,648.235,669.679,691.886,720.506,748.958,778.663,820.933,854.667,890.19,926.189,960.643,981.994,960.431,980.436,999.247,1014.023,1025.282,1036.282,1046.545,1055.584,1063.299,1070.101,1076.216,1081.827,1087.045,1094.365,1101.818,1108.489,1114.811,1120.856,1126.871,1133.109,1139.489,1146.136,1152.879,1163.51,1174.349,1185.399,1200.06,1213.127,1224.706,1236.306,1249.337,1263.011,1276.706,1289.738,1302.197,1314.502,1327.335,1339.006,1350.787,1362.701,1374.017,1384.819,1395.491,1405.399,1415.603,1425.299,1434.263,1443.824,1452.396,1460.503,1468.236,1476.038,1483.184,1489.804,1496.241,1502.628,1508.034,1513.529,1518.355,1522.607,1526.118,1529.211,1532.011,1534.711,1537.324,1539.173,1539.956,1540.753,1541.152,1541.0,1540.559,1539.747,1538.919,1537.187,1535.143,1532.638,1530.268,1527.158,1523.936,1520.255,1515.856,1511.486,1506.634,1501.864,1497.417,1492.449,1487.132,1481.742,1475.495,1469.003,1461.955,1454.731,1447.703,1440.739,1433.636,1426.107,1418.621,1410.702,1403.029,1395.185,1387.095,1378.924,1370.793,1362.679,1354.36,1345.314
Ethiopia,ET,ETH,Cement production,kt cement,7.352557,7.352557,7.352557,29.813106,29.410226,29.410226,22.05767,29.410226,22.05767,29.410226,29.410226,44.11534,36.445862,44.11534,95.043217,102.935792,147.051132,176.461358,169.481288,183.813915,213.224141,191.166471,124.993462,117.640906,147.051132,147.051132,73.525566,88.230679,95.583236,110.288349,132.346019,147.051132,169.108802,242.634368,249.986924,272.044594,352.922717,404.390613,374.980386,340.0,290.0,300.0,350.0,464.0,611.0,690.0,752.0,750.0,638.0,880.0,900.0,900.0,1130.066,1315.934,1568.624,1731.0,1625.56,1834.0,1688.0,1639.0,2082.0,3548.0,4493.0,5424.0,7500.0,8500.0,9100.0,9500.0,8700.0,9800.0,9500.0,7600.0,7600.0,7600.0,8965.146238901421,9243.855448400947,9522.564657900472,9801.273867399997,10079.98307689953,10358.69228639905,10637.40149589858,10916.1107053981,11194.81991489763,11473.52912439716,11752.23833389668,12134.517261988,12516.79619007933,12899.07511817066,13281.35404626198,13663.63297435331,14045.91190244463,14428.19083053596,14810.46975862729,15192.74868671861,15575.02761480993,15957.30654290126,16339.58547099258,16721.86439908391,17104.14332717523,17486.42225526656,17955.86449948829,18437.90943724234,18932.89540170223,19441.16980896775,19963.08940190614,20499.02050053938,21049.33925915349,21614.43193031013,22194.69513594595,22790.53614574985,23402.37316301362,24030.63561815654,24675.76447012992,25338.21251591331,26018.44470831933,26716.9384823304,27434.18409019633,28170.68494552795,28926.95797662835,29703.53398930962,30500.9580394499,31319.78981555205,32160.60403157255,33023.99083029638,33910.55619754084,34820.92238747921,35755.72835938267,36715.63022608704,37701.30171449903,38713.43463846548,39752.73938433702,40819.94540956748,41915.80175469859,43041.07756908952,44196.56265076021,45383.06800072739,46601.42639222238,47852.49295519009,49137.14577647965,50456.28651614773,51810.84104030723,53201.76007096554,54630.01985330825,56096.62284089711,57602.59839926266,59149.00352838553,60736.92360457387,62367.47314225687,64041.79657622983,65761.06906489926
Ethiopia,ET,ETH,Population,,17824.149,18153.974,18498.371,18851.182,19224.888,19614.653,20023.117,20324.361,20636.209,21120.0,21633.385,22178.819,22751.434,23351.839,23981.257,24639.967,25265.41,25975.142,26700.718,27444.423,28213.833,28986.379,29762.838,30570.732,31343.814,32102.691,32966.146,33368.398,34100.787,34376.517,34480.512,36127.512,37275.068,38206.566,39264.878,40419.394,41655.917,43264.162,45037.489,46721.892,48497.617,50936.779,52770.716,54647.067,56575.949,58498.721,60436.55,62372.527,64354.521,66394.601,68428.387,70547.137,72723.897,74941.429,77212.983,79521.958,81885.022,84321.413,86765.923,89249.35,91827.677,94472.263,97125.271,99752.231,102478.988,105255.281,108181.043,111151.919,114176.386,117298.379,120536.964,123740.213,127028.36,130355.024,133764.511,137179.59,140624.78,144104.814,147577.709,151094.414,154616.3,158148.556,161699.242,165207.389,168750.198,172315.71,175879.84,179442.436,183029.357,186640.864,190260.94,193876.319,197514.29,201181.682,204847.06,208500.219,212175.477,215871.539,219548.871,223205.803,226837.946,230536.455,234165.919,237759.343,241345.233,244876.582,248484.386,251988.938,255432.108,258963.614,262453.067,265946.054,269344.431,272716.657,276052.4,279339.861,282584.423,285873.496,289066.709,292232.805,295349.07,298448.785,301534.338,304528.742,307561.617,310554.023,313491.117,316383.811,319208.088,321904.78,324572.236,327224.354,329872.338,332406.265,334892.932,337365.434,339824.375,342149.694,344355.824,346536.391,348766.534,350910.364,352954.916,354999.651,357038.352,358954.148,360959.748,362881.265,364682.976,366401.052
Falkland Islands (Malvinas),FK,FLK,Cement production,kt cement,0.0,0.0,0.0,0.0,0.0,0.0,0.0,0.0,0.0,0.0,0.0,0.0,0.0,0.0,0.0,0.0,0.0,,,0.0,0.0,0.0,0.0,0.0,0.0,0.0,0.0,0.0,0.0,0.0,0.0,0.0,0.0,0.0,0.0,0.0,0.0,0.0,0.0,0.0,0.0,0.0,0.0,0.0,0.0,0.0,0.0,0.0,0.0,0.0,0.0,0.0,0.0,0.0,0.0,0.0,0.0,0.0,0.0,0.0,0.0,0.0,0.0,0.0,0.0,0.0,0.0,0.0,0.0,0.0,0.0,0.0,0.0,0.0,0.9408395558935041,0.9533073583671181,0.9657751608407324,0.9782429633143468,0.9907107657879609,1.003178568261575,1.015646370735189,1.028114173208803,1.040581975682418,1.053049778156032,1.065517580629646,1.070089108203305,1.074660635776963,1.079232163350622,1.08380369092428,1.088375218497939,1.092946746071598,1.097518273645256,1.102089801218915,1.106661328792573,1.111232856366232,1.11580438393989,1.120375911513549,1.124947439087207,1.129518966660866,1.134090494234524,1.138815884845478,1.143560964640443,1.148325815657921,1.153110520278242,1.157915161224988,1.162739821566425,1.167584584716936,1.172449534438466,1.177334754841969,1.182240330388861,1.187166345892484,1.192112886519568,1.197080037791706,1.202067885586833,1.207076516140707,1.212106016048405,1.217156472265818,1.222227972111154,1.227320603266446,1.232434453779072,1.237569612063274,1.24272616690169,1.247904207446882,1.253103823222887,1.258325104126758,1.263568140430119,1.268833022780728,1.274119842204044,1.279428690104797,1.284759658268574,1.290112838863402,1.295488324441341,1.300886207940089,1.306306582684583,1.311749542388616,1.317215181156455,1.322703593484472,1.328214874262771,1.333749118776836,1.339306422709173,1.344886882140968,1.350490593553746,1.356117653831036,1.361768160260056,1.367442210533383,1.37313990275065,1.378861335420239,1.384606607460986,1.390375818203888,1.396169067393824
Falkland Islands (Malvinas),FK,FLK,Population,,2.2,2.206,2.217,2.191,2.182,2.187,2.192,2.206,2.229,2.249,2.275,2.301,2.307,2.303,2.303,2.294,2.296,2.284,2.276,2.277,2.273,2.272,2.282,2.283,2.291,2.296,2.301,2.287,2.274,2.257,2.246,2.247,2.247,2.25,2.242,2.24,2.242,2.275,2.304,2.335,2.357,2.433,2.529,2.62,2.719,2.816,2.88,2.943,3.008,3.067,3.127,3.16,3.179,3.198,3.211,3.223,3.231,3.23,3.217,3.206,3.189,3.177,3.224,3.305,3.373,3.442,3.515,3.521,3.521,3.512,3.499,3.497,3.483,3.47,3.471,3.467,3.463,3.458,3.442,3.427,3.416,3.408,3.396,3.386,3.376,3.358,3.352,3.335,3.335,3.325,3.31,3.296,3.287,3.267,3.259,3.242,3.231,3.216,3.202,3.185,3.168,3.15,3.131,3.106,3.082,3.057,3.032,3.006,2.983,2.956,2.931,2.905,2.874,2.846,2.82,2.789,2.764,2.737,2.709,2.686,2.662,2.637,2.611,2.594,2.574,2.549,2.536,2.513,2.486,2.468,2.453,2.444,2.428,2.411,2.397,2.388,2.378,2.365,2.351,2.341,2.332,2.322,2.319,2.306,2.303,2.296,2.283,2.272,2.265,2.254
Faroe Islands,FO,FRO,Cement production,kt cement,0.0,0.0,0.0,0.0,0.0,0.0,0.0,0.0,0.0,0.0,0.0,0.0,0.0,0.0,0.0,0.0,0.0,0.0,0.0,0.0,0.0,0.0,0.0,0.0,0.0,0.0,0.0,0.0,0.0,0.0,0.0,0.0,0.0,0.0,0.0,0.0,0.0,0.0,0.0,0.0,0.0,0.0,0.0,0.0,0.0,0.0,0.0,0.0,0.0,0.0,0.0,0.0,0.0,0.0,0.0,0.0,0.0,0.0,0.0,0.0,0.0,0.0,0.0,0.0,0.0,0.0,0.0,0.0,0.0,0.0,0.0,0.0,0.0,0.0,16.09716289177174,16.13192998225073,16.16669707272972,16.2014641632087,16.23623125368769,16.27099834416669,16.30576543464567,16.34053252512466,16.37529961560365,16.41006670608264,16.44483379656163,16.41083930809328,16.37684481962494,16.34285033115659,16.30885584268825,16.2748613542199,16.24086686575156,16.20687237728322,16.17287788881487,16.13888340034653,16.10488891187818,16.07089442340984,16.03689993494149,16.00290544647315,15.96891095800481,15.93491646953646,15.90148966990799,15.86813298994006,15.83484628254208,15.80162940093207,15.7684821986359,15.73540452948674,15.70239624762436,15.66945720749449,15.63658726384821,15.60378627174129,15.57105408653354,15.53839056388819,15.50579555977123,15.47326893045081,15.44081053249658,15.40842022277907,15.37609785846906,15.34384329703692,15.31165639625201,15.27953701418209,15.24748500919259,15.21550023994609,15.18358256540164,15.15173184481417,15.11994793773382,15.08823070400538,15.05658000376763,15.02499569745275,14.99347764578568,14.96202570978352,14.93063975075493,14.89931963029949,14.8680652103071,14.83687635295739,14.80575292071909,14.77469477634942,14.74370178289351,14.71277380368378,14.68191070233932,14.65111234276534,14.62037858915251,14.5897093059764,14.55910435799686,14.52856361025745,14.49808692808482,14.46767417708812,14.43732522315843,14.40703993246813,14.37681817147035,14.34665980689835
Faroe Islands,FO,FRO,Population,,31.814,31.992,32.039,32.048,32.088,32.136,32.512,32.94,33.407,33.896,34.359,34.756,35.17,35.612,36.083,36.611,37.022,37.381,37.739,38.074,38.463,38.943,39.402,39.871,40.341,40.794,41.245,41.692,42.244,42.798,43.345,43.906,44.436,44.905,45.377,45.778,46.225,46.692,47.215,47.803,47.191,46.441,45.604,44.665,43.676,44.0,44.354,44.726,45.062,45.369,45.956,46.524,47.13,47.717,48.318,48.403,48.452,48.496,48.5,48.477,47.862,48.006,48.176,48.383,48.598,49.189,49.856,50.63,51.438,52.245,52.928,53.672,54.35,55.077,55.722,56.281,56.772,57.248,57.633,58.03,58.383,58.743,59.062,59.385,59.666,59.936,60.205,60.459,60.694,60.926,61.153,61.388,61.604,61.82,62.037,62.231,62.425,62.636,62.801,62.947,63.124,63.255,63.383,63.503,63.603,63.685,63.752,63.839,63.92,63.985,64.076,64.157,64.225,64.326,64.404,64.488,64.534,64.583,64.648,64.712,64.779,64.824,64.87,64.914,64.953,65.011,65.029,65.052,65.061,65.06,65.043,65.018,64.976,64.942,64.904,64.844,64.784,64.712,64.619,64.53,64.429,64.335,64.217,64.11,63.997,63.866,63.758,63.619,63.473,63.329
Fiji,FJ,FJI,Cement production,kt cement,0.0,0.0,0.0,0.0,0.0,0.0,0.0,0.0,0.0,0.0,0.0,0.0,0.0,29.410226,36.762783,44.622412,44.574874,51.467896,51.035393,58.820453,81.420929,88.230679,88.230679,80.878123,73.960628,66.173009,73.525566,80.878123,95.583236,80.878123,95.583236,88.230679,110.288349,95.583236,95.583236,95.583236,58.820453,44.11534,58.820453,78.0,79.0,84.0,80.0,94.0,91.0,84.0,96.0,90.0,95.0,95.0,95.0,111.0,120.0,120.0,143.0,143.0,145.0,143.0,110.0,163.0,170.0,150.0,181.0,188.0,204.0,219.0,141.0,143.0,128.0,97.0,92.0,114.0,114.0,114.0,115.9485426053368,116.8203361587604,117.692129712184,118.5639232656075,119.4357168190311,120.3075103724547,121.1793039258783,122.0510974793019,122.9228910327255,123.7946845861491,124.6664781395726,125.3057934120833,125.9451086845939,126.5844239571045,127.2237392296152,127.8630545021258,128.5023697746364,129.141685047147,129.7810003196577,130.4203155921683,131.0596308646789,131.6989461371896,132.3382614097002,132.9775766822108,133.6168919547214,134.2562072272321,134.9211454666294,135.5893769828989,136.2609180868375,136.9357851700255,137.6139947052266,138.2955632467902,138.9805074310552,139.6688439767565,140.3605896854326,141.0557614418359,141.7543762143449,142.4564510553785,143.1620031018118,143.8710495753949,144.5836077831729,145.2996951179085,146.0193290585064,146.7425271704403,147.4693071061812,148.1996866056285,148.9336834965432,149.6713156949825,150.4126012057377,151.1575581227735,151.9062046296693,152.6585590000637,153.4146395980998,154.1744648788742,154.9380533888868,155.7054237664938,156.4765947423629,157.2515851399299,158.0304138758587,158.8130999605027,159.5996624983691,160.3901206885849,161.1844938253656,161.9828012984867,162.785062593756,163.59129729349,164.4015250769916,165.2157657210305,166.034039100326,166.8563651880318,167.682764056224,168.5132558763907,169.3478609199244,170.186599558617,171.0294922651567,171.8765596136281
Fiji,FJ,FJI,Population,,312.656,319.591,327.138,335.292,344.197,353.943,364.477,375.35,386.794,398.725,411.05,423.761,437.312,451.241,465.406,479.743,493.231,504.514,515.489,526.105,536.271,545.972,555.026,563.418,571.559,580.253,590.814,604.796,619.386,634.339,649.61,665.332,681.496,698.174,715.257,732.266,746.346,754.735,762.66,769.982,776.65,782.662,788.03,792.708,796.834,800.658,806.921,817.356,827.159,836.497,845.321,853.871,862.228,870.344,878.388,886.37,894.361,901.303,905.495,908.983,911.855,914.122,915.715,916.99,918.179,918.977,919.355,918.162,916.198,913.601,916.325,917.097,921.747,926.544,931.024,935.285,939.278,943.374,947.362,951.202,955.011,958.388,961.759,964.953,968.109,971.148,974.16,977.152,979.963,982.6,985.116,987.732,989.92,991.823,993.675,995.239,996.71,997.964,999.156,999.936,1000.586,1001.104,1001.394,1001.663,1001.658,1001.518,1001.149,1000.758,1000.089,999.42,998.653,997.682,996.541,995.245,993.65,991.975,990.396,988.633,986.792,984.636,982.144,979.698,977.148,974.54,971.8,969.066,966.312,963.605,960.824,957.734,954.516,951.174,947.853,944.453,940.992,937.33,933.587,929.919,926.261,922.528,918.799,914.966,911.17,907.195,903.125,898.945,894.752,890.551,886.129,881.621
Finland,FI,FIN,Cement production,kt cement,831.220539,779.041316,934.226879,1036.295796,1044.063036,963.184914,948.479801,926.422131,1169.056499,1257.287178,1345.848207,1359.926302,1426.395979,1573.447111,1771.966139,1573.447111,1514.626659,1477.701223,1794.023809,1875.072145,1838.139149,1985.190281,2095.47863,2205.766979,2066.232755,1823.564439,1713.145687,1705.79313,1749.790376,1815.967152,1816.081479,1860.038504,1904.312158,1647.115619,1610.32879,1419.043423,1426.486706,1507.274102,1595.393526,1670.0,1324.0,1129.0,835.0,869.0,907.0,975.0,905.0,1098.0,1310.0,1422.0,1325.0,1198.0,1492.896,1295.0,1357.0,1684.507,1742.534,1633.0,1052.0,1215.0,1387.0,1300.0,1300.0,1250.0,1300.0,1340.0,1510.0,1460.0,1430.0,1470.0,1500.0,1500.0,1500.0,1500.0,1430.700842834033,1433.790909449226,1436.880976064418,1439.97104267961,1443.061109294802,1446.151175909995,1449.241242525187,1452.33130914038,1455.421375755572,1458.511442370764,1461.601508985956,1458.580110517768,1455.55871204958,1452.537313581392,1449.515915113205,1446.494516645016,1443.473118176828,1440.45171970864,1437.430321240452,1434.408922772264,1431.387524304076,1428.366125835888,1425.3447273677,1422.323328899512,1419.301930431324,1416.280531963136,1413.309589150217,1410.344878507408,1407.386386961435,1404.434101466451,1401.488009003974,1398.548096582831,1395.6143512391,1392.686760036054,1389.765310064105,1386.849988440743,1383.940782310483,1381.037678844808,1378.140665242109,1375.249728727635,1372.364856553427,1369.486035998274,1366.613254367644,1363.74649899364,1360.885757234935,1358.03101647672,1355.182264130651,1352.339487634787,1349.502674453542,1346.671812077622,1343.846888023976,1341.027889835741,1338.214805082179,1335.407621358634,1332.606326286469,1329.810907513012,1327.021352711506,1324.237649581052,1321.459785846552,1318.687749258659,1315.921527593722,1313.161108653733,1310.406480266268,1307.657630284441,1304.914546586844,1302.177217077498,1299.445629685796,1296.719772366454,1293.999633099453,1291.28519988999,1288.576460768424,1285.87340379022,1283.176017035904,1280.484288611,1277.798206645988,1275.117759296244
Finland,FI,FIN,Population,,4030.184,4065.102,4116.567,4162.961,4211.547,4258.846,4305.015,4343.353,4376.407,4413.089,4446.159,4475.831,4507.63,4540.167,4558.007,4570.294,4592.589,4620.71,4633.981,4614.187,4598.423,4625.832,4653.265,4678.564,4702.146,4720.19,4730.483,4746.686,4757.806,4771.072,4787.627,4812.069,4841.695,4869.88,4893.771,4910.75,4925.76,4938.753,4954.504,4974.549,4998.601,5029.159,5055.137,5078.043,5098.874,5116.971,5132.462,5147.388,5159.708,5171.324,5181.079,5194.863,5206.229,5219.681,5236.615,5255.549,5276.944,5300.476,5326.278,5351.435,5375.266,5401.216,5426.727,5451.379,5471.989,5487.446,5503.492,5513.3,5518.173,5525.345,5533.879,5548.271,5590.327,5612.044,5622.577,5624.082,5619.395,5612.606,5605.007,5596.543,5587.559,5577.881,5567.886,5557.384,5546.384,5534.926,5523.166,5511.063,5498.922,5486.585,5474.46,5462.141,5449.89,5437.25,5424.751,5411.949,5399.189,5386.021,5372.55,5358.74,5344.55,5329.629,5314.502,5299.25,5283.514,5267.414,5251.345,5235.627,5220.834,5205.608,5190.644,5176.079,5161.939,5147.682,5133.645,5119.478,5106.222,5092.882,5079.504,5066.304,5052.739,5039.082,5025.269,5011.043,4996.371,4981.616,4966.412,4951.228,4936.21,4920.721,4904.928,4889.156,4873.419,4858.081,4842.841,4827.02,4811.108,4795.18,4779.7,4764.229,4748.604,4733.175,4718.068,4702.796,4687.741,4672.433,4657.202,4641.562,4625.6,4609.493
France,FR,FRA,Cement production,kt cement,8124.575038,8646.606556,9308.336649,9742.137488,10617.091723,11440.578062,12609.634561,13411.063229,13999.267757,14175.729115,15381.748975,16881.469942,18131.404563,21535.86697,22366.477162,23300.25185,24381.077669,25388.377923,27542.677005,29006.07805,28947.015315,29910.200229,30711.628898,32336.781504,29586.687738,29395.308071,28829.374409,28020.796308,28821.82212,29101.419003,28226.464768,26145.691252,24506.071131,22719.194346,23542.886217,23491.418321,23557.362492,25300.147244,26829.479015,26400.0,26507.0,21165.0,20464.0,21296.0,19692.0,19514.0,19780.0,19500.0,20219.0,20137.0,19839.0,19437.0,19655.0,20962.0,21277.0,22540.0,22300.0,20895.0,17974.0,17733.0,19270.0,17810.0,18018.0,16400.0,15600.0,15900.0,16900.0,16500.0,16500.0,16700.0,16900.0,16000.0,16000.0,16000.0,15260.80899022969,15293.76970079174,15326.73041135379,15359.69112191584,15392.6518324779,15425.61254303995,15458.573253602,15491.53396416405,15524.4946747261,15557.45538528815,15590.4160958502,15558.18784552286,15525.95959519553,15493.73134486819,15461.50309454085,15429.27484421351,15397.04659388617,15364.81834355883,15332.59009323149,15300.36184290415,15268.13359257681,15235.90534224947,15203.67709192214,15171.4488415948,15139.22059126746,15106.99234094012,15075.30228426899,15043.67870407902,15012.12146092198,14980.63041564215,14949.20542937573,14917.8463635502,14886.55307988373,14855.32544038458,14824.16330735045,14793.06654336792,14762.03501131182,14731.06857434462,14700.16709591584,14669.33043976144,14638.55846990323,14607.85105064825,14577.20804658821,14546.62932259883,14516.1147438393,14485.66417575168,14455.27748406028,14424.95453477107,14394.69519417111,14364.49932882797,14334.36680558908,14304.29749158123,14274.29125420991,14244.34796115877,14214.467480389,14184.6496801388,14154.89442892274,14125.20159553122,14095.57104902988,14066.00265875903,14036.49629433304,14007.05182563982,13977.66912284019,13948.34805636737,13919.08849692633,13889.89031549331,13860.75338331516,13831.67757190884,13802.66275306083,13773.70879882656,13744.81558152985,13715.98297376235,13687.21084838297,13658.49907851734,13629.84753755721,13601.25609915993
France,FR,FRA,Population,,42114.642,42552.682,43007.864,43447.895,43905.901,44366.28,44810.758,45261.995,45725.001,46202.525,46653.742,47133.928,47571.317,48064.331,48573.843,48971.817,49397.495,49752.323,50142.179,50568.411,51057.739,51528.379,51959.368,52365.052,52644.423,52848.227,53069.998,53324.277,53535.059,53786.732,54095.39,54414.634,54750.181,55028.634,55324.604,55609.696,55895.971,56200.757,56522.94,56847.224,57133.253,57409.877,57699.863,57902.67,58097.063,58287.343,58473.94,58663.38,58894.252,59274.168,59693.265,60116.99,60537.506,60944.745,61405.748,61844.316,62255.359,62609.519,62950.861,63262.065,63572.66,63894.894,64222.037,64553.431,64831.554,65001.118,65172.593,65396.959,65642.126,65816.792,65993.763,66173.332,66381.485,66496.159,66600.902,66700.707,66792.094,66884.429,66972.843,67063.815,67151.567,67238.143,67325.816,67412.827,67503.472,67592.419,67678.212,67764.008,67839.845,67906.961,67970.847,68034.303,68093.417,68138.155,68176.01,68205.899,68223.446,68234.708,68235.871,68226.879,68212.471,68188.038,68163.503,68130.36,68091.669,68043.593,68000.72,67956.618,67915.081,67870.823,67829.766,67791.349,67753.883,67725.445,67701.849,67681.76,67672.839,67665.264,67663.296,67672.922,67684.888,67711.907,67737.12,67767.559,67801.61,67842.912,67884.96,67925.676,67964.732,68004.89,68044.984,68088.647,68128.232,68178.401,68219.484,68255.823,68297.082,68335.501,68373.388,68405.999,68437.766,68464.324,68486.232,68511.169,68526.562,68532.732,68526.321,68521.392,68511.785,68495.709
French Guiana,GF,GUF,Cement production,kt cement,0.0,0.0,0.0,0.0,0.0,0.0,0.0,0.0,0.0,0.0,0.0,0.0,0.0,0.0,0.0,0.0,0.0,0.0,0.0,0.0,0.0,0.0,0.0,0.0,0.0,0.0,0.0,0.0,0.0,0.0,0.0,0.0,0.0,0.0,0.0,0.0,0.0,0.0,0.0,,,,,38.0,60.0,52.0,51.0,88.0,88.0,88.0,58.0,62.0,60.0,60.0,60.0,62.0,62.0,62.0,62.0,89.0,90.0,100.0,94.0,87.0,76.0,91.0,80.0,93.0,95.0,90.0,100.0,100.0,100.0,100.0,94.87812197903983,96.13542634777326,97.39273071650672,98.65003508524019,99.90733945397363,101.1646438227071,102.4219481914405,103.679252560174,104.9365569289075,106.1938612976409,107.4511656663744,107.9121772682433,108.3731888701122,108.8342004719811,109.2952120738501,109.756223675719,110.2172352775879,110.6782468794569,111.1392584813258,111.6002700831947,112.0612816850637,112.5222932869326,112.9833048888015,113.4443164906705,113.9053280925394,114.3663396944083,114.842867476405,115.3213807965209,115.8018879278552,116.2843971779785,116.7689168890763,117.2554554380933,117.7440212368785,118.2346227323299,118.7272684065414,119.2219667769489,119.7187263964778,120.2175558536907,120.7184637729359,121.2214588144969,121.7265496747415,122.2337450862727,122.7430538180792,123.2544846756875,123.7680465013138,124.2837481740168,124.8015986098518,125.3216067620241,125.8437816210442,126.3681322148832,126.8946676091288,127.4233969071422,127.9543292502153,128.4874738177288,129.0228398273111,129.5604365349972,130.1002732353892,130.6423592618169,131.1867039864991,131.7333168207052,132.2822072149189,132.8333846590007,133.3868586823524,133.9426388540817,134.5007347831677,135.0611561186272,135.6239125496811,136.1890138059222,136.7564696574836,137.3262899152073,137.8984844308138,138.4730630970727,139.0500358479735,139.6294126588975,140.2112035467902,140.7954185703345
French Guiana,GF,GUF,Population,,23.544,23.85,24.16,24.508,24.942,25.932,26.987,28.095,29.253,30.45,31.717,33.031,34.525,36.102,37.794,39.568,41.387,43.088,44.278,45.578,46.98,48.458,49.98,51.485,53.335,55.591,57.871,60.205,62.601,65.075,67.622,70.263,74.281,78.855,83.625,88.578,93.735,99.084,104.651,110.479,114.892,119.07,123.427,127.866,132.371,136.895,141.443,146.003,150.741,156.735,164.506,172.554,180.865,189.318,197.979,206.915,215.027,223.192,229.002,232.406,236.723,242.317,249.227,257.255,263.846,268.879,273.653,278.636,283.287,287.849,290.262,295.769,300.843,305.961,311.084,316.247,321.496,326.95,332.63,338.583,344.881,351.205,357.588,363.969,370.404,376.828,383.301,389.828,396.339,402.873,409.464,415.992,422.519,429.111,435.739,442.312,448.928,455.498,462.055,468.639,475.194,481.703,488.18,494.755,501.345,507.881,514.46,521.006,527.606,534.167,540.697,547.31,553.872,560.449,566.973,573.5,580.025,586.499,592.933,599.512,605.988,612.371,618.779,625.183,631.496,637.881,644.256,650.495,656.674,662.875,669.089,675.204,681.316,687.413,693.35,699.305,705.162,710.906,716.666,722.353,727.921,733.315,738.681,743.767,748.82,753.758,758.834,763.682,768.402,772.966
French Polynesia,PF,PYF,Cement production,kt cement,,,,,0.0,0.0,0.0,0.0,0.0,0.0,0.0,0.0,0.0,0.0,0.0,0.0,0.0,0.0,0.0,0.0,0.0,0.0,0.0,0.0,0.0,0.0,0.0,0.0,0.0,0.0,0.0,0.0,0.0,0.0,0.0,0.0,0.0,0.0,0.0,0.0,0.0,0.0,0.0,0.0,0.0,0.0,0.0,0.0,0.0,0.0,0.0,0.0,0.0,0.0,0.0,0.0,0.0,0.0,0.0,0.0,0.0,0.0,0.0,0.0,0.0,0.0,0.0,0.0,0.0,0.0,0.0,0.0,0.0,0.0,74.68930065652265,75.25087434566943,75.81244803481623,76.374021723963,76.9355954131098,77.49716910225656,78.05874279140336,78.62031648055014,79.18189016969693,79.74346385884373,80.30503754799051,80.71685825336482,81.12867895873912,81.54049966411344,81.95232036948775,82.36414107486206,82.77596178023637,83.18778248561068,83.599603190985,84.0114238963593,84.42324460173361,84.83506530710791,85.24688601248224,85.65870671785655,86.07052742323086,86.48234812860517,86.91067409945767,87.34112146434349,87.7737007300097,88.20842245524075,88.64529725111613,89.08433578126949,89.52554876214879,89.96894696327794,90.41454120751979,90.86234237133999,91.31236138507285,91.76460923318788,92.219096954558,92.67583564272894,93.1348364461901,93.59611056864668,94.05966926929293,94.52552386308732,94.99368572102843,95.4641662704327,95.93697699521323,96.41212943616016,96.88963519122235,97.36950591579046,97.85175332298148,98.33638918392455,98.82342532804843,99.3128736433701,99.80474607678497,100.2990546343585,100.7958113816194,101.2950284438539,101.7967180064017,102.3008923149536,102.8075636758506,103.3167444563834,103.8284470850955,104.3426840520856,104.8594679093128,105.3788112709031,105.9007268134572,106.4252272763598,106.9523254620908,107.4820342365376,108.0143665293091,108.5493353340516,109.0869537087657,109.6272347761248,110.1701917237962,110.715837804762
French Polynesia,PF,PYF,Population,,65.093,66.718,68.507,70.467,72.647,75.05,77.601,79.282,81.018,82.78,84.562,86.307,88.216,91.257,94.39,97.645,100.994,104.515,108.192,112.03,115.991,119.9,123.873,127.921,131.999,136.091,140.138,144.488,149.155,153.983,158.959,164.052,169.24,174.259,178.679,183.298,188.041,192.857,197.529,201.756,205.797,209.691,213.427,217.011,220.466,223.77,227.209,231.034,234.748,238.442,242.232,245.963,249.588,253.686,257.622,261.391,265.055,267.821,268.937,270.026,271.134,272.32,273.847,275.608,277.167,278.565,279.79,280.383,279.248,278.819,279.599,279.985,280.771,281.466,282.147,282.783,283.369,283.972,284.57,285.221,285.872,286.433,286.946,287.416,287.856,288.277,288.573,288.794,289.015,289.157,289.181,289.071,288.919,288.636,288.34,287.923,287.412,286.805,286.082,285.207,284.294,283.201,281.99,280.68,279.291,277.832,276.299,274.694,273.056,271.318,269.536,267.728,265.889,264.017,262.092,260.101,258.177,256.171,254.175,252.163,250.17,248.154,246.1,244.028,241.932,239.811,237.679,235.548,233.39,231.188,228.988,226.796,224.627,222.426,220.244,218.054,215.866,213.666,211.474,209.291,207.117,204.935,202.797,200.625,198.488,196.368,194.245,192.13,190.031,187.92
Gabon,GA,GAB,Cement production,kt cement,,,,,,,,,0.0,0.0,0.0,0.0,0.0,0.0,0.0,0.0,0.0,0.0,0.0,0.0,0.0,0.0,0.0,0.0,0.0,110.288349,191.166471,14.712248,88.230679,110.288349,146.969164,176.560106,117.640906,205.871585,242.634368,213.224141,139.698575,132.346019,117.640906,116.0,117.0,116.0,132.0,126.0,154.0,185.0,200.0,196.0,180.0,210.0,240.0,257.0,260.0,260.0,260.0,260.0,228.601,230.0,250.0,223.0,226.0,200.0,170.0,180.0,200.0,340.0,370.0,490.0,540.0,530.0,550.0,570.0,570.0,570.0,672.3859679176065,693.2891586300709,714.1923493425353,735.0955400549998,755.9987307674644,776.9019214799287,797.8051121923933,818.7083029048578,839.611493617322,860.5146843297865,881.417875042251,910.0887946491004,938.7597142559497,967.4306338627991,996.1015534696486,1024.772473076498,1053.443392683347,1082.114312290197,1110.785231897046,1139.456151503895,1168.127071110745,1196.797990717594,1225.468910324444,1254.139829931293,1282.810749538142,1311.481669144992,1346.689837461621,1382.843207793175,1419.967155127667,1458.087735672581,1497.23170514296,1537.426537540453,1578.700444436511,1621.082394773259,1664.602135195946,1709.290210931239,1755.177987226021,1802.29767136174,1850.682335259744,1900.365938693498,1951.38335312395,2003.77038617478,2057.563806764725,2112.801370914596,2169.521848247126,2227.765049198221,2287.571852958742,2348.984236166403,2412.045302367942,2476.799312272228,2543.291714815563,2611.56917906094,2681.6796269537,2753.672266956527,2827.597628587427,2903.507597884911,2981.455453825276,3061.495905717561,3143.685131602394,3228.080817681714,3314.742198807015,3403.730100054554,3495.106979416678,3588.936971639257,3685.285933235974,3784.221488711079,3885.813078023042,3990.132005322414,4097.251488998118,4207.246713067283,4320.194879944698,4436.175264628914,4555.269270343039,4677.560485669264,4803.134743217236,4932.080179867444
Gabon,GA,GAB,Population,,474.209,477.067,480.11,483.393,486.908,490.725,494.846,499.294,504.162,509.448,515.184,521.348,527.949,534.955,542.359,550.258,558.668,567.548,576.966,589.586,602.105,614.592,627.328,640.663,654.718,669.676,685.58,702.387,720.102,738.647,758.131,778.64,799.932,822.079,844.923,868.529,892.88,918.077,943.964,970.311,997.157,1024.48,1052.281,1080.528,1108.913,1137.512,1166.518,1196.361,1227.11,1258.923,1292.222,1326.955,1363.315,1401.384,1441.833,1485.157,1531.517,1580.958,1633.392,1689.72,1750.038,1813.931,1879.848,1946.269,2010.53,2071.449,2129.163,2184.637,2239.998,2295.413,2349.665,2403.779,2457.715,2511.862,2566.041,2620.218,2674.581,2729.121,2783.832,2838.86,2894.474,2950.527,3007.084,3064.323,3122.12,3180.815,3240.352,3300.243,3360.766,3421.991,3483.986,3546.448,3609.034,3672.089,3735.5,3799.358,3863.062,3926.629,3989.946,4052.998,4116.068,4179.185,4241.883,4304.515,4367.376,4429.471,4491.627,4552.984,4614.521,4675.913,4736.623,4796.959,4857.246,4917.721,4978.077,5038.25,5098.442,5158.769,5218.536,5278.343,5338.096,5398.022,5457.643,5517.119,5575.908,5634.992,5693.455,5752.223,5810.388,5868.233,5925.51,5982.476,6038.694,6094.294,6148.808,6202.288,6255.728,6308.82,6361.35,6412.336,6462.644,6512.03,6560.67,6608.801,6656.031,6703.203,6749.297,6794.579,6838.303,6881.647
Gambia,GM,GMB,Cement production,kt cement,0.0,0.0,0.0,0.0,0.0,0.0,0.0,0.0,0.0,0.0,0.0,0.0,0.0,0.0,0.0,0.0,0.0,0.0,0.0,0.0,0.0,0.0,0.0,0.0,0.0,0.0,0.0,0.0,0.0,0.0,0.0,0.0,0.0,0.0,0.0,0.0,0.0,0.0,0.0,0.0,0.0,0.0,0.0,0.0,0.0,0.0,0.0,0.0,0.0,0.0,0.0,0.0,0.0,0.0,0.0,0.0,0.0,0.0,0.0,0.0,0.0,0.0,0.0,0.0,0.0,0.0,0.0,0.0,0.0,0.0,0.0,0.0,0.0,0.0,337.327974882201,347.8148549303523,358.3017349785035,368.7886150266549,379.2754950748063,389.7623751229576,400.2492551711089,410.7361352192603,421.2230152674115,431.7098953155628,442.1967753637142,456.5806318248205,470.9644882859268,485.3483447470331,499.7322012081395,514.1160576692458,528.4999141303522,542.8837705914584,557.2676270525649,571.6514835136711,586.0353399747773,600.4191964358838,614.80305289699,629.1869093580964,643.5707658192026,657.9546222803091,675.6181380052767,693.7558502435008,712.3804893220963,731.5051273278162,751.1431872819641,771.3084525616187,792.0150765737809,813.2775926892349,835.1109244430927,857.5303960091859,880.5517429556518,904.1911232892678,928.4651287962799,953.3907966876901,978.9856215571749,1005.267567660025,1032.255081521731,1059.967104885052,1088.423088004673,1117.643003298768,1147.647359367046,1178.457215385143,1210.094195885432,1242.58050593465,1275.938946718982,1310.19293154754,1345.366502285481,1381.484346228282,1418.571813429027,1456.654934490869,1495.76043883714,1535.915773471947,1577.149122244425,1619.489425630142,1662.966401043578,1707.610563695895,1753.453248012676,1800.526629626633,1848.863747960736,1898.498529417616,1949.465811191509,2001.80136571946,2055.541925788941,2110.725210319518,2167.389950836656,2225.575918656227,2285.32395279884,2346.675988653541,2409.675087411033,2474.365466287062
Gambia,GM,GMB,Population,,310.499,318.484,326.792,335.386,344.239,353.34,362.72,372.371,382.377,392.711,403.408,414.452,425.873,437.641,449.733,462.17,474.862,488.314,502.224,516.657,531.553,547.223,563.517,580.466,597.704,615.937,635.396,656.144,678.062,701.5,726.327,751.924,779.581,809.469,841.793,875.955,912.084,950.097,990.224,1032.491,1076.9,1123.018,1168.147,1208.583,1245.87,1282.755,1320.066,1357.713,1396.261,1435.297,1474.872,1515.15,1556.232,1598.991,1643.632,1690.442,1740.109,1791.438,1844.266,1898.579,1954.68,2012.887,2073.302,2134.337,2194.719,2254.339,2313.2,2371.178,2428.086,2485.602,2545.865,2606.154,2666.786,2728.905,2791.07,2853.116,2915.043,2976.719,3038.374,3099.662,3160.605,3221.388,3282.261,3342.932,3403.31,3463.541,3523.611,3583.455,3643.547,3703.133,3762.462,3821.139,3879.933,3938.12,3995.706,4052.768,4109.171,4165.234,4220.464,4274.964,4328.827,4381.916,4434.186,4485.472,4536.512,4586.244,4635.243,4683.5,4730.652,4777.218,4823.031,4868.233,4912.088,4954.687,4996.337,5037.085,5076.218,5113.898,5150.711,5186.129,5220.512,5253.364,5285.129,5316.166,5346.053,5374.641,5401.778,5427.925,5452.976,5476.441,5498.663,5519.71,5539.362,5557.763,5575.144,5591.404,5606.103,5620.08,5632.979,5644.582,5654.996,5664.079,5672.416,5679.845,5685.625,5690.613,5694.767,5698.069,5700.728,5702.713
Georgia,GE,GEO,Cement production,kt cement,61.430017,69.976128,79.311945,94.488703,112.013123,124.008591,144.335636,166.591516,194.245087,228.276145,255.381184,288.213019,307.17445,327.333679,365.39696,404.301959,428.94349,443.475788,455.656707,483.931632,512.146725,534.910839,564.191875,596.043466,634.742172,641.198423,650.72095,645.186452,620.342725,625.643918,636.03964,618.414248,640.566412,650.285987,652.98394,673.393145,683.20823,692.022296,695.038287,676.466596,637.045763,500.0,300.0,100.0,100.0,85.0,91.0,200.0,341.0,348.0,335.0,347.0,344.8,424.6,450.0,450.0,450.0,450.0,870.0,857.0,1502.0,1546.0,1619.0,1626.0,1759.0,1809.0,2058.0,1981.0,2681.0,2446.0,2701.0,2507.0,2507.0,2507.0,2689.938979481799,2712.929910930362,2735.920842378924,2758.911773827487,2781.902705276049,2804.893636724611,2827.884568173174,2850.875499621736,2873.866431070298,2896.857362518861,2919.848293967423,2933.642852836561,2947.437411705698,2961.231970574836,2975.026529443973,2988.821088313111,3002.615647182248,3016.410206051385,3030.204764920523,3043.99932378966,3057.793882658797,3071.588441527935,3085.383000397072,3099.17755926621,3112.972118135348,3126.766677004485,3141.071488348252,3155.441743535042,3169.877741967378,3184.379784417534,3198.948173033802,3213.58321134679,3228.285204275745,3243.054458134905,3257.891280639878,3272.795980914062,3287.768869495076,3302.810258341234,3317.92046083805,3333.099791804754,3348.348567500865,3363.667105632772,3379.05572536036,3394.514747303648,3410.044493549484,3425.645287658243,3441.317454670577,3457.061321114184,3472.877215010606,3488.765465882073,3504.726404758365,3520.760364183702,3536.867678223685,3553.048682472242,3569.303714058633,3585.633111654468,3602.037215480764,3618.51636731503,3635.070910498395,3651.701189942753,3668.407552137961,3685.190345159043,3702.049918673456,3718.986623948365,3736.000813857969,3753.092842890846,3770.263067157351,3787.511844397015,3804.839533986023,3822.246496944678,3839.733095944942,3857.299695317983,3874.946661061764,3892.674360848674,3910.483164033184,3928.373441659548
Georgia,GE,GEO,Population,,3518.779,3563.693,3609.875,3658.072,3707.374,3760.687,3818.47,3880.583,3946.666,4016.722,4090.878,4167.179,4244.219,4321.367,4395.282,4463.362,4542.666,4623.237,4703.931,4782.125,4825.985,4860.306,4894.248,4927.769,4961.5,4997.318,5034.523,5072.579,5111.013,5146.334,5184.758,5225.302,5267.646,5312.714,5355.799,5397.994,5440.272,5481.761,5518.719,5480.562,5417.173,5341.846,5246.528,5111.032,4981.511,4869.975,4755.575,4635.138,4517.764,4393.402,4263.314,4155.959,4099.734,4071.232,4040.915,4011.347,3981.836,3953.344,3929.047,3908.834,3883.015,3854.433,3823.983,3794.267,3791.564,3791.581,3792.533,3793.185,3796.569,3796.876,3794.48,3782.422,3807.145,3807.839,3807.501,3805.841,3803.442,3800.213,3797.206,3792.815,3788.269,3782.741,3777.995,3773.024,3767.124,3761.277,3754.272,3747.809,3741.525,3736.071,3729.642,3724.559,3719.345,3713.503,3707.559,3700.43,3692.544,3684.706,3676.483,3668.43,3659.598,3650.243,3639.616,3629.564,3619.514,3608.416,3596.551,3585.043,3573.113,3560.245,3547.038,3533.643,3519.41,3504.754,3489.56,3473.9,3458.497,3443.493,3428.558,3413.527,3398.872,3384.898,3370.787,3356.627,3342.473,3327.79,3313.068,3299.09,3285.349,3272.019,3259.12,3245.869,3232.395,3218.995,3205.217,3190.943,3176.987,3162.576,3148.246,3133.874,3119.745,3105.09,3090.68,3075.443,3060.055,3044.526,3028.513,3011.808,2995.066,2978.067
Germany,DE,DEU,Cement production,kt cement,14080.324726,15102.060689,18109.453303,19182.820156,21432.811003,22469.520393,22623.710096,23241.543968,27366.348296,29932.392619,32417.279775,34027.490774,34667.304346,39395.147186,40218.484575,41181.828056,38865.614161,40990.655501,42490.424563,46306.401436,49482.53116,52004.449959,50563.531704,46070.960934,44152.102353,46762.573673,45505.130925,47821.190179,49306.405821,46622.561369,43703.596401,41799.284243,42240.285038,40461.118943,37365.82341,38564.024817,37696.691057,38725.915586,40762.573763,37700.0,34396.0,37529.0,36649.0,36130.0,33302.0,31533.0,35945.0,36610.0,35912.0,35414.0,32118.0,31009.0,32749.0,31854.0,31009.0,33630.0,33382.0,32461.0,29974.0,29203.0,32779.0,32432.0,31308.0,32099.0,31150.0,32737.0,33991.0,33633.0,30860.487,32202.015,31904.23,30012.785,25384.327,24245.649,23125.51363957209,23175.46075326448,23225.40786695686,23275.35498064924,23325.30209434162,23375.249208034,23425.19632172638,23475.14343541876,23525.09054911114,23575.03766280352,23624.9847764959,23576.14759866334,23527.3104208308,23478.47324299825,23429.6360651657,23380.79888733315,23331.9617095006,23283.12453166805,23234.2873538355,23185.45017600295,23136.6129981704,23087.77582033785,23038.9386425053,22990.10146467275,22941.2642868402,22892.42710900765,22844.40548458025,22796.48459549217,22748.66423043009,22700.94417852398,22653.32422934614,22605.80417291028,22558.38379967062,22511.06290052093,22463.84126679363,22416.71869025887,22369.69496312359,22322.76987803063,22275.94322805779,22229.21480671697,22182.58440795317,22136.05182614367,22089.61685609708,22043.27929305243,21997.03893267829,21950.89557107185,21904.84900475804,21858.8990306886,21813.04544624123,21767.28804921865,21721.62663784776,21676.06101077869,21630.59096708396,21585.21630625757,21539.93682821413,21494.75233328797,21449.66262223226,21404.66749621812,21359.76675683377,21314.96020608363,21270.24764638747,21225.62888057951,21181.10371190757,21136.67194403221,21092.33338102584,21048.08782737187,21003.93508796386,20959.87496810462,20915.90727350541,20872.03181028503,20828.24838496898,20784.55680448864,20740.95687618036,20697.44840778468,20654.03120744539,20610.70508370881
Germany,DE,DEU,Population,,69778.031,69786.072,69867.834,70002.401,70206.842,70461.463,70766.343,71409.949,71979.397,72504.038,73119.243,73632.988,74361.018,75035.001,75591.969,76341.959,76880.103,77061.479,77581.079,78306.962,78103.243,78588.501,78851.336,79082.607,78910.778,78492.952,78236.058,78135.06,78095.659,78200.143,78430.607,78465.473,78321.876,78126.391,77870.006,77856.842,77990.773,78133.875,78638.11,79376.02,80039.898,80566.494,81303.302,81670.243,81876.99,82162.791,82363.588,82415.688,81608.19,81748.384,81846.133,82021.636,82115.017,82108.214,82077.203,82016.258,81387.684,81209.401,81012.152,80858.414,80803.434,80912.313,80920.468,81162.695,81589.465,82565.636,82954.569,83253.445,83483.566,83634.807,83622.61,83771.555,84400.899,84695.563,84408.921,83741.228,83547.288,83338.123,83120.041,82890.845,82671.061,82433.813,82213.54,81985.972,81779.327,81560.492,81326.295,81107.498,80880.495,80659.523,80443.949,80247.363,80050.856,79833.415,79605.811,79377.78,79151.135,78917.426,78664.742,78417.032,78172.194,77924.681,77677.073,77402.648,77114.924,76825.702,76548.302,76267.935,75990.288,75732.484,75476.725,75246.21,75015.764,74803.366,74600.089,74405.945,74211.439,74024.284,73856.419,73690.237,73541.453,73377.75,73225.45,73063.851,72906.432,72770.497,72611.882,72454.052,72312.136,72176.219,72048.808,71933.596,71829.262,71721.328,71624.624,71527.798,71429.114,71345.581,71286.318,71231.689,71169.121,71122.159,71096.387,71075.286,71056.241,71035.535,71004.22,70961.631,70944.407,70917.155
Ghana,GH,GHA,Cement production,kt cement,0.0,0.0,0.0,0.0,0.0,0.0,0.0,0.0,0.0,0.0,0.0,0.0,0.0,0.0,0.0,0.0,0.0,227.929254,403.515308,441.153396,529.384075,411.743169,433.800839,522.031518,669.08265,654.377537,611.008239,500.591863,272.044594,294.524218,397.516415,294.102264,287.037609,228.253478,360.275273,220.576698,272.044594,477.916179,566.146858,675.0,750.0,1024.0,1203.0,1346.0,1300.0,1500.0,1700.0,1630.0,1870.0,1950.0,1900.0,1900.0,1900.0,1900.0,1800.0,1800.0,1800.0,1800.0,1800.0,2100.0,2500.0,4600.0,4500.0,4500.0,3830.0,4310.0,3940.0,5110.0,5900.0,6700.0,7000.0,7000.0,7000.0,7000.0,8257.371535830256,8514.077386685083,8770.783237539908,9027.489088394736,9284.194939249563,9540.900790104388,9797.606640959217,10054.31249181404,10311.01834266887,10567.7241935237,10824.43004437852,11176.52905709422,11528.62806980991,11880.72708252561,12232.8260952413,12584.92510795699,12937.02412067269,13289.12313338838,13641.22214610408,13993.32115881977,14345.42017153546,14697.51918425116,15049.61819696685,15401.71720968255,15753.81622239824,16105.91523511394,16538.29624952868,16982.28500798636,17438.19313314679,17906.34061352293,18387.05602807144,18880.67677681259,19387.54931764137,19908.02940949617,20442.48236205547,20991.28329213802,21554.81738698623,22133.48017461786,22727.67780143545,23337.82731728857,23964.35696818885,24607.70649688326,25268.32745149662,25946.68350245996,26643.25076794716,27358.51814804833,28092.98766791438,28847.17483011373,29621.60897644841,30416.83365948351,31233.40702405078,32071.90219899401,32932.90769943141,33817.027839817,34724.88315809122,35657.1108512182,36614.36522241568,37597.3181403911,38606.6595109066,39643.09776100351,40707.36033622651,41800.19421119628,42922.36641388903,44074.66456399087,45257.89742570494,46472.89547539922,47720.5114844935,49001.62111799457,50317.12354909971,51667.94209029997,53055.02484142613,54479.34535509194,55941.90332000224,57443.725262605,58985.8652675801,60569.40571767036
Ghana,GH,GHA,Population,,5152.18,5306.068,5468.925,5639.014,5819.842,6010.005,6209.213,6415.789,6624.523,6846.558,7075.871,7249.462,7425.288,7604.14,7787.337,7977.875,8171.167,8372.659,8578.8,8801.966,9049.659,9302.869,9573.505,9855.728,10145.319,10443.298,10746.528,11077.213,11419.687,11774.824,12108.072,12455.352,12832.286,13227.387,13513.792,13808.667,14121.766,14456.449,14816.687,15196.938,15592.359,15982.633,16387.078,16791.96,17194.419,17603.614,18016.749,18461.166,18914.907,19384.822,19889.352,20444.785,21013.991,21579.419,22157.177,22741.699,23339.705,23944.853,24555.039,25170.29,25779.699,26410.477,27058.06,27714.325,28368.86,29023.275,29690.208,30326.5,30948.669,31569.221,32206.397,32830.933,33467.371,34108.457,34746.37,35382.175,36012.939,36643.587,37275.041,37904.379,38539.799,39173.807,39811.78,40453.67,41094.641,41730.468,42364.444,42999.906,43630.048,44255.669,44881.031,45500.24,46116.959,46726.971,47333.745,47934.802,48528.418,49118.5,49698.519,50270.362,50835.732,51389.247,51931.953,52468.954,52996.552,53517.562,54030.158,54532.531,55026.163,55512.015,55988.093,56458.373,56919.216,57368.429,57812.44,58241.978,58666.62,59086.502,59497.326,59894.413,60283.478,60672.01,61045.936,61412.846,61772.792,62130.926,62475.355,62809.986,63139.848,63453.698,63758.866,64052.215,64333.853,64604.953,64858.264,65104.175,65339.518,65573.507,65793.075,66001.415,66198.435,66384.481,66553.974,66715.597,66869.541,67012.154,67144.806,67272.916,67391.45,67500.042
Gibraltar,GI,GIB,Cement production,kt cement,0.0,0.0,0.0,0.0,0.0,0.0,0.0,0.0,0.0,0.0,0.0,0.0,0.0,0.0,0.0,0.0,0.0,0.0,0.0,0.0,0.0,0.0,0.0,0.0,0.0,0.0,0.0,0.0,0.0,0.0,0.0,0.0,0.0,0.0,0.0,0.0,0.0,0.0,0.0,0.0,0.0,0.0,0.0,0.0,0.0,0.0,0.0,0.0,0.0,0.0,0.0,0.0,0.0,0.0,0.0,0.0,0.0,0.0,0.0,0.0,0.0,0.0,0.0,0.0,0.0,0.0,0.0,0.0,0.0,0.0,0.0,0.0,0.0,0.0,11.37472052916579,11.39928796011431,11.42385539106284,11.44842282201136,11.47299025295988,11.4975576839084,11.52212511485693,11.54669254580545,11.57125997675397,11.59582740770249,11.62039483865101,11.59637335061246,11.57235186257391,11.54833037453535,11.5243088864968,11.50028739845824,11.47626591041968,11.45224442238113,11.42822293434257,11.40420144630402,11.38017995826546,11.35615847022691,11.33213698218835,11.3081154941498,11.28409400611124,11.26007251807269,11.23645217537537,11.21288138125673,11.18936003177834,11.16588802321977,11.14246525207819,11.11909161506789,11.09576700911982,11.07249133138112,11.04926447921471,11.0260863501988,11.00295684212646,10.97987585300514,10.95684328105627,10.93385902471476,10.91092298262858,10.88803505365831,10.86519513687669,10.84240313156816,10.81965893722846,10.79696245356415,10.77431358049215,10.75171221813937,10.72915826684218,10.70665162714604,10.68419219980505,10.66177988578146,10.6394145862453,10.61709620257392,10.59482463635152,10.57259978936879,10.5504215636224,10.52828986131463,10.50620458485288,10.48416563684929,10.46217292012031,10.4402263376862,10.41832579277071,10.39647118880057,10.37466242940509,10.35289941841575,10.33118205986576,10.30951025798964,10.28788391722279,10.2663029422011,10.24476723776046,10.22327670893645,10.20183126096379,10.18043079927605,10.15907522950514,10.13776445748092
Gibraltar,GI,GIB,Population,,21.526,21.398,21.542,21.645,21.754,21.816,21.876,21.888,21.883,21.854,21.824,21.919,22.475,23.032,23.598,24.158,24.729,25.3,25.855,26.386,26.882,27.159,27.42,27.653,27.856,28.046,28.223,28.377,28.515,28.634,28.717,28.763,28.767,28.699,28.587,28.437,28.22,27.972,27.706,27.381,27.019,26.777,26.98,27.159,27.319,27.435,27.539,27.625,27.675,27.709,27.709,27.605,28.057,28.491,28.939,29.388,29.8,30.213,30.612,31.034,31.462,31.858,32.2,32.615,33.011,33.374,33.943,34.546,35.162,35.826,36.52,37.197,38.022,38.919,39.739,40.513,41.22,41.902,42.55,43.17,43.749,44.318,44.844,45.341,45.801,46.233,46.625,46.994,47.364,47.68,47.964,48.214,48.455,48.664,48.879,49.068,49.24,49.43,49.578,49.737,49.86,49.991,50.133,50.271,50.382,50.503,50.598,50.717,50.796,50.87,50.922,50.984,51.044,51.095,51.14,51.162,51.21,51.257,51.273,51.285,51.28,51.27,51.266,51.246,51.23,51.181,51.132,51.091,51.059,51.011,50.953,50.885,50.81,50.732,50.648,50.555,50.443,50.369,50.291,50.215,50.128,50.038,49.959,49.874,49.786,49.689,49.604,49.512,49.417,49.312
Greece,GR,GRC,Cement production,kt cement,433.453798,595.102807,743.165312,852.896565,1132.293716,1235.949339,1227.876951,1338.1653,1441.101093,1640.259598,1838.139149,1925.67514,2293.997658,2668.978044,3213.067232,3588.047618,3448.349043,4080.66891,4837.98224,4845.334796,5536.475116,6279.083332,6492.307473,7020.980707,7940.012136,8742.189792,10580.32894,11278.821817,12094.955599,12675.80757,12940.499607,12859.621485,14197.786785,13522.220671,13668.40271,13337.537663,13168.428862,13050.084106,12536.728704,13600.0,11808.0,10668.0,12618.0,12636.0,14480.0,14700.0,14982.0,15000.0,13908.0,15463.0,14819.0,14282.0,14638.0,15039.0,15166.0,15674.0,16666.666,12801.0,10069.0,9268.0,5553.0,5005.0,5283.0,5105.0,5289.0,6540.0,6246.0,6580.0,5540.0,5450.0,5700.0,6000.0,6000.0,6000.0,5722.803371336134,5735.163637796903,5747.523904257672,5759.884170718441,5772.24443717921,5784.60470363998,5796.964970100749,5809.325236561519,5821.685503022288,5834.045769483057,5846.406035943825,5834.320442071073,5822.234848198322,5810.149254325569,5798.063660452818,5785.978066580065,5773.892472707314,5761.806878834562,5749.721284961809,5737.635691089057,5725.550097216304,5713.464503343553,5701.378909470801,5689.293315598048,5677.207721725296,5665.122127852545,5653.238356600869,5641.379514029632,5629.545547845742,5617.736405865806,5605.952036015898,5594.192386331323,5582.457404956399,5570.747040144216,5559.061240256418,5547.399953762971,5535.763129241933,5524.150715379232,5512.562660968438,5500.998914910539,5489.45942621371,5477.944143993094,5466.453017470577,5454.98599597456,5443.543028939738,5432.124065906882,5420.729056522604,5409.35795053915,5398.010697814167,5386.687248310487,5375.387552095905,5364.111559342962,5352.859220328717,5341.630485434537,5330.425305145875,5319.243630052049,5308.085410846025,5296.950598324207,5285.839143386206,5274.750997034635,5263.68611037489,5252.644434614931,5241.625921065072,5230.630521137763,5219.658186347375,5208.70886830999,5197.782518743184,5186.879089465814,5175.998532397812,5165.14079955996,5154.305843073695,5143.493615160882,5132.704068143615,5121.937154444002,5111.192826583952,5100.471037184974
Greece,GR,GRC,Population,,7681.9,7743.841,7807.243,7875.297,7946.437,8022.984,8098.992,8174.956,8255.035,8340.386,8428.597,8465.407,8481.345,8495.405,8512.599,8530.127,8629.856,8680.457,8755.377,8738.768,8756.784,8817.291,8881.465,8905.335,8952.893,9081.04,9239.378,9324.664,9455.269,9596.738,9710.09,9798.714,9876.226,9946.76,10010.804,10063.27,10114.255,10154.814,10199.199,10236.879,10280.095,10333.193,10386.596,10438.905,10493.614,10544.855,10595.305,10649.345,10701.473,10754.428,10810.842,10875.485,10905.086,10931.856,10962.875,10999.792,11032.415,11059.058,11094.686,11121.452,11127.888,11089.799,11006.796,10928.285,10858.048,10783.757,10767.251,10739.816,10721.871,10715.28,10683.458,10475.664,10349.296,10136.521,9959.112,9918.577,9875.654,9832.294,9788.257,9744.085,9699.882,9655.353,9608.957,9563.916,9519.145,9473.853,9429.486,9385.01,9340.772,9297.351,9253.875,9210.757,9168.644,9125.314,9080.715,9035.934,8990.365,8941.04,8891.189,8838.461,8785.678,8730.404,8673.978,8616.6,8556.807,8494.902,8431.985,8367.467,8302.245,8235.931,8170.408,8103.719,8037.29,7970.704,7904.873,7839.938,7774.635,7709.387,7644.576,7581.414,7520.386,7461.527,7403.954,7348.527,7295.804,7245.559,7196.956,7149.404,7104.569,7061.389,7019.475,6979.67,6940.815,6903.869,6866.785,6829.693,6793.428,6758.032,6721.961,6685.015,6648.591,6612.372,6575.269,6537.494,6498.792,6459.319,6418.982,6378.147,6337.351,6296.238
Greenland,GL,GRL,Cement production,kt cement,0.0,0.0,0.0,0.0,0.0,0.0,0.0,0.0,0.0,0.0,0.0,0.0,0.0,0.0,0.0,0.0,0.0,0.0,0.0,0.0,0.0,0.0,0.0,0.0,0.0,0.0,0.0,0.0,0.0,0.0,0.0,0.0,0.0,0.0,0.0,0.0,0.0,0.0,0.0,0.0,0.0,0.0,0.0,0.0,0.0,0.0,0.0,0.0,0.0,0.0,0.0,0.0,0.0,0.0,0.0,0.0,0.0,0.0,0.0,0.0,0.0,0.0,0.0,0.0,0.0,0.0,0.0,0.0,0.0,0.0,0.0,0.0,0.0,0.0,17.60235311595762,17.74782710865149,17.89330110134535,18.03877509403921,18.18424908673308,18.32972307942694,18.47519707212081,18.62067106481467,18.76614505750854,18.9116190502024,19.05709304289627,19.1249809061534,19.19286876941054,19.26075663266768,19.32864449592482,19.39653235918195,19.46442022243909,19.53230808569623,19.60019594895336,19.6680838122105,19.73597167546763,19.80385953872477,19.87174740198191,19.93963526523904,20.00752312849619,20.07541099175332,20.14520221501331,20.21523606418249,20.28551338273843,20.35603501709102,20.42680181659264,20.49781463354842,20.56907432322649,20.64058174386826,20.71233775669879,20.78434322593716,20.85659901880683,20.92910600554616,21.00186505941885,21.07487705672442,21.14814287680884,21.22166340207511,21.29543951799378,21.36947211311378,21.44376207907299,21.51831031060905,21.5931177055701,21.66818516492562,21.74351359277726,21.81910389636973,21.89495698610175,21.97107377553698,22.04745518141506,22.12410212366261,22.20101552540436,22.27819631297422,22.35564541592646,22.43336376704689,22.51135230236414,22.58961196116087,22.66814368598512,22.74694842266165,22.82602712030334,22.90538073132262,22.98501021144293,23.06491651971025,23.14510061850461,23.22556347355175,23.30630605393467,23.38732933210537,23.46863428389652,23.55022188853323,23.63209312864483,23.71424899027674,23.7966904629023,23.87941853943472
Greenland,GL,GRL,Population,,23.459,23.87,24.478,25.138,25.857,26.664,27.698,28.826,30.055,31.4,32.809,34.025,35.265,36.543,37.876,39.237,40.697,42.098,43.463,44.811,46.119,46.881,47.635,48.319,48.925,49.418,49.764,49.746,49.755,49.808,50.413,51.024,51.654,52.28,52.943,53.479,54.0,54.531,55.068,55.567,55.694,55.747,55.759,55.758,55.742,55.937,56.061,56.138,56.161,56.098,56.319,56.503,56.681,56.842,56.971,56.928,56.837,56.727,56.595,56.448,56.781,56.888,56.668,56.358,55.988,56.054,56.068,56.074,56.073,56.095,56.064,56.019,55.962,55.883,55.796,55.693,55.564,55.432,55.3,55.134,54.967,54.789,54.573,54.354,54.126,53.874,53.621,53.35,53.088,52.815,52.529,52.255,51.979,51.695,51.408,51.124,50.847,50.561,50.282,50.026,49.77,49.506,49.245,48.992,48.727,48.48,48.235,47.993,47.742,47.496,47.232,46.967,46.692,46.419,46.145,45.872,45.602,45.314,45.022,44.742,44.453,44.164,43.886,43.601,43.328,43.039,42.77,42.504,42.24,41.984,41.723,41.479,41.23,40.979,40.742,40.499,40.275,40.049,39.825,39.605,39.377,39.145,38.929,38.704,38.478,38.246,38.024,37.807,37.568,37.351
Grenada,GD,GRD,Cement production,kt cement,0.0,0.0,0.0,0.0,0.0,0.0,0.0,0.0,0.0,0.0,0.0,0.0,0.0,0.0,0.0,0.0,0.0,0.0,0.0,0.0,0.0,0.0,0.0,0.0,0.0,0.0,0.0,0.0,0.0,0.0,0.0,0.0,0.0,0.0,0.0,0.0,0.0,0.0,0.0,0.0,0.0,0.0,0.0,0.0,0.0,0.0,0.0,0.0,0.0,0.0,0.0,0.0,0.0,0.0,0.0,0.0,0.0,0.0,0.0,0.0,0.0,0.0,0.0,0.0,0.0,0.0,0.0,0.0,0.0,0.0,0.0,0.0,0.0,0.0,31.76485826245057,32.18579929956765,32.60674033668473,33.02768137380181,33.44862241091889,33.86956344803598,34.29050448515306,34.71144552227014,35.13238655938723,35.5533275965043,35.97426863362139,36.12861368056432,36.28295872750724,36.43730377445018,36.59164882139311,36.74599386833604,36.90033891527897,37.05468396222189,37.20902900916483,37.36337405610776,37.51771910305069,37.67206414999362,37.82640919693655,37.98075424387948,38.1350992908224,38.28944433776534,38.44898414670664,38.60918870675825,38.77006078772443,38.93160317095028,39.09381864936989,39.25671002755463,39.42028012176158,39.58453175998228,39.7494677819916,39.91509103939684,40.08140439568702,40.24841072628242,40.41611291858425,40.5845138720246,40.75361649811656,40.92342372050459,41.09393847501497,41.2651637097067,41.43710238492233,41.60975747333924,41.78313196002101,41.95722884246901,42.13205113067421,42.30760184716928,42.48388402708079,42.66090071818174,42.83865498094416,43.01714988859214,43.19638852715489,43.3763739955201,43.55710940548755,43.73859788182286,43.92084256231158,44.10384659781336,44.28761315231652,44.47214540299266,44.65744654025166,44.8435197677968,45.03036830268016,45.21799537535827,45.40640422974788,45.59559812328216,45.78558032696689,45.97635412543714,46.16792281701397,46.3602897137615,46.55345814154413,46.74743144008409,46.94221296301917,47.13780607796065
Grenada,GD,GRD,Population,,77.504,78.363,79.505,80.928,82.624,84.646,86.962,89.332,91.498,93.348,94.767,95.904,96.846,97.544,97.976,98.157,98.086,98.046,98.109,98.3,98.528,98.768,98.786,98.631,98.34,97.912,97.351,96.684,95.925,95.055,94.021,94.083,94.684,95.212,95.784,96.438,97.143,97.909,98.708,99.533,100.381,101.205,101.998,102.766,103.509,104.229,104.939,105.648,106.37,107.084,107.818,108.156,108.653,109.115,109.53,109.939,110.33,110.713,111.079,111.429,111.743,112.415,113.134,113.84,114.423,114.929,115.331,115.545,115.837,116.126,116.556,116.819,117.007,117.155,117.26,117.347,117.377,117.418,117.429,117.461,117.472,117.473,117.431,117.382,117.288,117.2,117.069,116.934,116.799,116.605,116.382,116.147,115.878,115.586,115.291,114.955,114.588,114.22,113.841,113.454,113.033,112.569,112.087,111.605,111.08,110.551,110.014,109.457,108.907,108.307,107.701,107.078,106.412,105.724,105.008,104.256,103.49,102.725,101.931,101.128,100.303,99.444,98.552,97.676,96.771,95.856,94.936,93.973,93.014,92.052,91.072,90.117,89.161,88.224,87.28,86.363,85.42,84.491,83.581,82.657,81.775,80.889,80.022,79.168,78.331,77.488,76.668,75.858,75.043,74.269
Guadeloupe,GP,GLP,Cement production,kt cement,0.0,0.0,0.0,0.0,0.0,0.0,0.0,0.0,0.0,0.0,0.0,0.0,0.0,0.0,0.0,0.0,0.0,0.0,0.0,0.0,0.0,0.0,0.0,0.0,0.0,0.0,0.0,0.0,0.0,183.813915,161.756245,161.756245,161.756245,169.108802,169.108802,183.813915,191.166471,242.634368,220.576698,225.0,240.0,235.0,230.0,230.0,230.0,230.0,230.0,230.0,230.0,265.0,265.0,230.0,229.5,230.0,240.0,230.0,230.0,300.0,300.0,300.0,300.0,300.0,300.0,300.0,300.0,300.0,300.0,310.0,310.0,310.0,310.0,310.0,310.0,310.0,294.1221781350234,298.0198216780971,301.9174652211708,305.8151087642445,309.7127523073182,313.6103958503919,317.5080393934657,321.4056829365393,325.3033264796131,329.2009700226868,333.0986135657604,334.5277495315542,335.9568854973478,337.3860214631416,338.8151574289352,340.244293394729,341.6734293605226,343.1025653263163,344.53170129211,345.9608372579037,347.3899732236974,348.8191091894911,350.2482451552848,351.6773811210785,353.1065170868721,354.5356530526659,356.0128891768556,357.4962804692149,358.9858525763512,360.4816312517333,361.9836423561365,363.4919118580893,365.0064658343232,366.5273304702226,368.0545320602783,369.5880970085416,371.1280518290811,372.6744231464411,374.2272376961014,375.7865223249404,377.3523039916988,378.9246097674454,380.5034668360456,382.0889024946313,383.6809441540726,385.2796193394522,386.8849556905406,388.4969809622747,390.115723025237,391.7412098661378,393.3734695882992,395.0125304121408,396.6584206756674,398.3111688349594,399.9708034646643,401.6373532584913,403.3108470297067,404.9913137116326,406.6787823581471,408.3732821441861,410.0748423662486,411.7834924429021,413.4992619152923,415.2221804476531,416.9522778278198,418.6895839677442,420.4341289040112,422.185942798359,423.9450559381993,425.7114987371427,427.4853017355228,429.2664956009254,431.0551111287178,432.8511792425822,434.6547309950495,436.4657975680369
Guadeloupe,GP,GLP,Population,,216.61,222.514,228.749,235.189,241.582,247.981,254.572,261.356,268.389,275.675,283.179,289.591,294.416,298.654,302.581,306.546,310.451,313.841,315.95,317.533,318.689,319.465,319.882,320.115,321.03,323.884,326.718,328.696,329.914,330.862,331.559,333.453,338.181,344.584,351.395,358.392,365.437,372.469,379.512,386.097,391.529,396.034,400.282,404.357,408.29,412.078,415.772,419.4,421.531,420.333,418.802,416.865,414.65,412.187,409.521,406.632,407.806,408.786,409.172,408.812,408.812,409.295,409.01,407.713,405.568,402.333,406.934,418.451,411.909,408.604,406.184,392.118,377.277,375.756,374.456,373.126,371.78,370.355,368.778,367.175,365.511,363.802,362.083,360.47,358.681,357.074,355.547,353.807,351.951,349.96,348.016,345.903,343.855,341.669,339.531,337.144,334.903,332.491,330.16,327.594,325.042,322.497,320.014,317.417,314.724,312.139,309.597,307.095,304.678,302.285,299.802,297.443,295.107,293.077,291.016,288.894,286.953,285.181,283.453,281.728,280.11,278.605,277.182,275.857,274.558,273.381,272.177,271.042,269.894,268.719,267.585,266.433,265.334,264.21,263.178,262.011,260.907,259.816,258.695,257.51,256.411,255.19,253.988,252.688,251.489,250.285,249.026,247.719,246.366,245.112
Guatemala,GT,GTM,Cement production,kt cement,58.820453,58.820453,58.820453,58.820453,80.878123,80.878123,95.583236,117.640906,117.640906,110.288349,124.993462,117.640906,154.403688,183.813915,235.281811,198.519028,220.576698,176.461358,220.576698,220.576698,227.929254,264.692037,308.807377,308.807377,389.6855,448.505952,492.621292,514.678962,573.499414,566.146858,514.678962,507.839893,447.98924,419.095726,529.384075,647.66687,1323.460187,800.71692,875.710461,1680.0,1440.0,1400.0,1119.0,1200.0,1152.0,1090.0,1280.0,1500.0,1600.0,1960.0,2000.0,2000.0,2000.0,2200.0,2400.0,2400.0,2500.0,2500.0,1500.0,2794.0,2850.0,2880.0,2970.0,3500.0,3670.0,3360.0,3440.0,3030.0,2890.0,3230.0,3380.0,3486.0,3486.0,3486.0,3307.451332189328,3351.280962483375,3395.110592777424,3438.940223071472,3482.76985336552,3526.599483659568,3570.429113953617,3614.258744247665,3658.088374541713,3701.918004835761,3745.747635129809,3761.818499570961,3777.889364012111,3793.960228453262,3810.031092894413,3826.101957335564,3842.172821776715,3858.243686217866,3874.314550659017,3890.385415100168,3906.456279541319,3922.527143982471,3938.598008423621,3954.668872864773,3970.739737305923,3986.810601747074,4003.422360227479,4020.103334566719,4036.853813165033,4053.67408562433,4070.564442753199,4087.525176571934,4104.556580317582,4121.65894844902,4138.832576652033,4156.077761844439,4173.394802181215,4190.783997059656,4208.245647124547,4225.780054273362,4243.38752166149,4261.068353707466,4278.822856098241,4296.651335794466,4314.554101035797,4332.531461346226,4350.583727539433,4368.71121172416,4386.914227309599,4405.193089010826,4423.548112854229,4441.979616182976,4460.487917662505,4479.073337286027,4497.736196380063,4516.476817610001,4535.295524985669,4554.192643866939,4573.168500969357,4592.223424369783,4611.357743512072,4630.571789212763,4649.865893666803,4669.240390453286,4688.695614541225,4708.231902295342,4727.84959148188,4747.549021274449,4767.330532259879,4787.194466444126,4807.141167258169,4827.170979563954,4847.284249660356,4867.481325289165,4887.762555641105,4908.128291361859
Guatemala,GT,GTM,Population,,3136.134,3218.6,3304.704,3392.916,3485.289,3581.324,3681.04,3784.446,3889.606,4003.383,4123.926,4248.476,4375.613,4504.915,4637.304,4772.626,4909.29,5048.434,5187.789,5326.373,5467.558,5609.153,5756.514,5906.748,6055.646,6201.816,6322.993,6480.036,6643.032,6812.563,6987.862,7163.433,7317.049,7522.236,7739.129,7960.257,8181.379,8411.59,8652.608,8898.484,9151.062,9394.105,9650.428,9909.093,10178.342,10447.65,10719.403,10996.106,11282.184,11563.746,11831.438,12107.406,12386.425,12665.258,12949.546,13225.711,13509.206,13794.874,14075.474,14355.748,14644.477,14939.774,15239.519,15535.156,15828.294,16115.192,16422.328,16712.386,16978.984,17228.621,17486.03,17711.271,17984.483,18265.192,18547.526,18828.237,19107.719,19384.296,19658.715,19931.643,20202.863,20471.896,20738.872,21003.307,21265.039,21523.435,21777.251,22026.67,22271.744,22510.425,22743.315,22970.212,23191.477,23407.003,23617.034,23821.143,24019.767,24211.714,24399.586,24582.441,24759.273,24931.393,25098.408,25260.113,25414.922,25563.839,25706.841,25844.168,25974.548,26098.336,26215.704,26326.07,26430.171,26528.441,26619.872,26703.592,26780.836,26850.757,26913.671,26968.563,27015.345,27055.695,27088.831,27114.803,27133.567,27146.413,27153.681,27154.838,27149.019,27136.591,27118.682,27095.19,27065.454,27031.165,26991.641,26947.473,26897.839,26844.253,26787.361,26727.178,26663.032,26595.179,26523.916,26450.123,26373.596,26294.741,26213.493,26129.67,26044.351,25956.843
Guinea,GN,GIN,Cement production,kt cement,,,,,,,,0.0,0.0,0.0,0.0,0.0,0.0,0.0,0.0,0.0,0.0,0.0,0.0,0.0,0.0,0.0,0.0,0.0,0.0,0.0,0.0,0.0,0.0,0.0,0.0,0.0,0.0,0.0,0.0,0.0,0.0,0.0,0.0,,,,,250.0,250.0,260.0,260.0,277.0,297.0,300.0,315.0,360.0,360.0,360.0,0.0,0.0,0.0,381.0,298.0,237.0,365.0,317.0,377.0,435.0,900.0,1160.0,1280.0,1380.0,1500.0,1600.0,1600.0,1700.0,1700.0,1700.0,2005.361658701634,2067.704508194949,2130.047357688263,2192.390207181578,2254.733056674894,2317.075906168208,2379.418755661524,2441.761605154839,2504.104454648154,2566.447304141469,2628.790153634784,2714.299913865738,2799.809674096693,2885.319434327647,2970.829194558601,3056.338954789555,3141.84871502051,3227.358475251464,3312.868235482419,3398.377995713373,3483.887755944327,3569.397516175282,3654.907276406236,3740.41703663719,3825.926796868144,3911.436557099099,4016.443374885537,4124.26921622526,4234.989760907077,4348.682720426997,4465.427892531636,4585.307217225914,4708.404834284333,4834.807142306212,4964.60285935633,5097.88308523352,5234.741365410941,5375.273756692909,5519.578894634325,5667.758062770082,5819.915263703007,5976.157292100221,6136.593809649179,6301.337422025989,6470.503757930025,6644.211550240309,6822.582719350635,7005.742458741905,7193.819322851756,7386.945317303138,7585.255991555188,7788.890534041402,7997.991869861913,8212.706761098416,8433.185909822152,8659.584063867278,8892.060125443808,9130.77726266641,9375.903024077317,9627.60945624371,9886.073224512153,10151.47573700481,10424.00327194448,10703.84710839778,10991.20366052834,11286.2746154541,11589.26707480557,11900.3937000844,12219.87286192421,12547.92879335857,12884.79174720349,13230.69815766519,13585.89080628626,13950.61899234693,14325.13870784088,14709.71281714852
Guinea,GN,GIN,Population,,3037.39,3086.556,3136.806,3188.239,3240.882,3294.838,3350.162,3407.146,3465.718,3525.828,3587.67,3651.432,3717.114,3784.795,3854.65,3926.783,4001.526,4078.781,4158.318,4238.281,4316.79,4393.611,4468.972,4543.675,4617.345,4690.406,4763.638,4838.618,4917.089,5001.476,5093.363,5193.214,5302.129,5417.499,5542.692,5678.053,5823.283,5977.112,6136.035,6295.588,6573.16,6821.171,7007.561,7248.794,7441.42,7665.079,7874.991,7987.749,8176.231,8354.015,8503.648,8576.272,8771.859,8969.704,9155.747,9335.942,9546.399,9778.162,10019.577,10267.492,10524.68,10788.94,11054.221,11329.525,11616.323,11917.817,12228.243,12543.075,12866.473,13202.219,13540.147,13880.879,14229.395,14581.541,14928.03,15271.424,15612.561,15955.617,16297.532,16635.98,16978.314,17316.953,17654.831,17989.573,18319.24,18652.786,18988.945,19322.562,19656.175,19991.541,20329.959,20664.099,20997.204,21329.793,21654.309,21980.18,22303.19,22623.035,22937.072,23248.154,23561.013,23870.845,24177.74,24485.775,24782.305,25077.357,25366.025,25647.878,25928.81,26200.818,26462.829,26723.336,26979.511,27231.293,27473.481,27709.523,27941.716,28167.789,28386.875,28600.604,28805.023,29005.585,29196.471,29381.686,29561.462,29740.249,29907.465,30065.578,30219.773,30371.987,30511.783,30654.213,30783.912,30910.868,31028.962,31143.764,31245.073,31334.626,31422.864,31503.094,31575.819,31640.126,31705.567,31763.133,31814.982,31857.001,31897.373,31934.588,31968.052,31996.082
Guinea-Bissau,GW,GNB,Cement production,kt cement,0.0,0.0,0.0,0.0,0.0,0.0,0.0,0.0,0.0,0.0,0.0,0.0,0.0,0.0,0.0,0.0,0.0,0.0,0.0,0.0,0.0,0.0,0.0,0.0,0.0,0.0,0.0,0.0,0.0,0.0,0.0,0.0,0.0,0.0,0.0,0.0,0.0,0.0,0.0,0.0,0.0,0.0,0.0,0.0,0.0,0.0,0.0,0.0,0.0,0.0,0.0,0.0,0.0,0.0,0.0,0.0,0.0,0.0,0.0,0.0,0.0,0.0,0.0,0.0,0.0,0.0,0.0,0.0,0.0,0.0,0.0,0.0,0.0,0.0,269.1533360717231,277.5207972967508,285.8882585217784,294.2557197468061,302.6231809718338,310.9906421968614,319.3581034218892,327.7255646469168,336.0930258719444,344.4604870969721,352.8279483219998,364.3047994590439,375.781650596088,387.2585017331321,398.7353528701763,410.2122040072203,421.6890551442644,433.1659062813085,444.6427574183527,456.1196085553968,467.5964596924409,479.073310829485,490.5501619665291,502.0270131035732,513.5038642406173,524.9807153776615,539.0744002722826,553.5464456439471,568.4070089959381,583.6665205208898,599.335690421433,615.4255164273719,631.9472915146666,648.9126118316422,666.3333848379832,684.2218376622304,702.5905256836425,721.4523413444484,740.8205231986727,760.7086652038879,781.1307262624143,802.101040018662,823.6343249194963,845.745694544681,868.4506682146574,891.7651818830985,915.7055993218867,940.2887236063639,965.5318089089169,991.452572609173,1018.069207729309,1045.400395703198,1073.465319488358,1102.283677029909,1131.875695085978,1162.262143424269,1193.464349399749,1225.504212923695,1258.404221834598,1292.187467681713,1326.87766193234,1362.499152614208,1399.076941404638,1436.636701178486,1475.204794027176,1514.808289761484,1555.474984911038,1597.233422233886,1640.112910749817,1684.143546311504,1729.356232727898,1775.782703454699,1823.455543867141,1872.408214130706,1922.675072685833,1974.291400363096
Guinea-Bissau,GW,GNB,Population,,547.523,551.951,555.873,559.377,562.578,565.559,568.381,571.103,573.743,576.325,578.94,586.124,592.824,596.011,581.075,568.936,564.879,573.143,583.197,580.023,588.782,583.659,589.58,596.035,630.642,671.29,717.091,766.488,816.901,822.834,835.771,849.092,862.69,876.494,890.544,904.851,919.402,934.323,949.799,965.78,981.559,1007.72,1040.992,1076.497,1107.564,1132.335,1154.735,1176.355,1198.59,1221.822,1247.659,1274.887,1303.728,1333.884,1365.241,1397.93,1432.675,1469.296,1506.813,1545.941,1586.752,1629.401,1673.432,1718.514,1763.731,1809.182,1854.605,1899.538,1944.797,1990.595,2035.915,2081.768,2129.29,2177.388,2225.316,2273.714,2321.902,2370.476,2417.984,2465.18,2512.689,2561.111,2610.045,2659.371,2706.806,2753.459,2802.321,2850.015,2897.852,2946.122,2993.283,3039.806,3086.533,3133.327,3180.096,3228.401,3274.534,3322.6,3369.127,3416.008,3461.207,3505.52,3547.754,3588.283,3630.747,3671.076,3709.799,3748.843,3788.084,3826.535,3862.198,3899.23,3935.532,3970.606,4004.951,4039.029,4069.985,4100.863,4131.573,4161.005,4189.023,4216.989,4244.615,4272.063,4297.205,4323.999,4348.314,4371.737,4393.065,4413.993,4433.38,4449.784,4465.992,4481.473,4498.106,4513.71,4529.156,4542.7,4555.301,4567.108,4578.634,4589.673,4601.747,4612.94,4624.322,4632.562,4641.383,4649.013,4655.473,4662.404
Guyana,GY,GUY,Cement production,kt cement,0.0,0.0,0.0,0.0,0.0,0.0,0.0,0.0,0.0,0.0,0.0,0.0,0.0,0.0,0.0,0.0,0.0,0.0,0.0,0.0,0.0,0.0,0.0,0.0,0.0,0.0,0.0,0.0,0.0,0.0,0.0,0.0,0.0,0.0,0.0,0.0,0.0,0.0,0.0,,,,,,,,,,,,,,,,,,,,,0.0,0.0,0.0,0.0,2.0,100.0,400.0,400.0,410.0,410.0,400.0,520.0,570.0,570.0,570.0,540.8052952805269,547.9719301823075,555.1385650840882,562.305199985869,569.4718348876496,576.6384697894302,583.805104691211,590.9717395929916,598.1383744947724,605.305009396553,612.4716442983337,615.0994104289867,617.7271765596395,620.3549426902924,622.9827088209454,625.6104749515983,628.2382410822512,630.8660072129042,633.4937733435571,636.12153947421,638.7493056048629,641.3770717355159,644.0048378661687,646.6326039968217,649.2603701274745,651.8881362581275,654.6043446155087,657.3318705401692,660.0707611887747,662.8210639144775,665.5828262677347,668.356095997132,671.1409210502071,673.9373495742803,676.745429917286,679.5652106286088,682.3967404599233,685.2400683660368,688.0952435057349,690.9623152426324,693.8413331460267,696.7323469917543,699.6354067630514,702.5505626514188,705.4778650574883,708.4173645918959,711.3691120761553,714.3331585435373,717.3095552399518,720.2983536248339,723.299605372034,726.3133623707105,729.3396767262271,732.3786007610543,735.430187015673,738.4944882494839,741.5715574417187,744.6614477923566,747.7642127230446,750.8799058780197,754.0085811250376,757.1502925563038,760.3050944894085,763.4730414682654,766.6541882640557,769.8485898761749,773.0563015331819,776.2773786937566,779.5118770476568,782.7598525166817,786.0213612556387,789.2964596533144,792.5852043334489,795.8876521557156,799.203860216704,802.5338858509064
Guyana,GY,GUY,Population,,423.324,434.877,447.613,461.496,476.445,492.282,508.868,526.134,544.008,562.125,576.161,588.975,601.946,615.128,628.401,641.855,655.438,669.184,683.137,697.31,708.099,717.225,726.01,734.265,741.848,748.938,755.568,761.74,767.431,772.693,776.041,776.866,776.557,775.225,772.997,769.957,766.239,762.002,757.325,752.405,747.382,748.34,751.482,754.447,757.196,759.579,761.473,763.016,764.155,764.811,764.853,764.102,763.202,763.001,761.835,759.993,757.94,755.781,753.432,750.756,747.757,744.549,748.028,752.015,756.443,761.119,765.977,770.98,812.131,803.199,811.764,819.2,824.074,828.632,833.541,838.431,843.349,848.69,853.625,858.463,863.612,868.549,873.921,878.772,883.676,888.195,892.464,896.847,901.19,905.452,909.561,913.893,917.734,921.436,924.807,927.899,931.06,933.913,936.754,939.377,941.838,943.651,945.776,947.971,949.688,951.067,952.041,953.403,954.672,956.198,957.452,958.392,959.263,959.727,959.976,960.105,960.238,960.206,960.088,959.389,958.856,958.002,956.896,955.701,954.659,953.461,952.005,950.494,948.74,946.942,944.814,942.975,940.698,938.703,936.348,933.722,930.967,928.399,925.623,922.649,919.868,917.065,914.039,911.021,907.76,904.56,901.209,898.07,894.426,890.788
Haiti,HT,HTI,Cement production,kt cement,0.0,0.0,0.0,0.0,29.410226,44.11534,29.410226,36.762783,36.762783,51.467896,44.11534,58.820453,51.467896,58.820453,44.11534,36.762783,36.762783,44.11534,51.467896,58.820453,73.525566,80.878123,110.288349,139.698575,154.403688,242.634368,242.634368,249.986924,235.281811,242.634368,235.281811,213.224141,213.224141,220.576698,264.692037,249.986924,249.986924,249.986924,220.576698,200.0,250.0,200.0,100.0,0.0,0.0,0.0,0.0,0.0,0.0,0.0,204.0,290.0,290.3,300.0,300.0,290.0,290.0,300.0,300.0,300.0,50.0,75.0,100.0,200.0,200.0,200.0,300.0,300.0,300.0,300.0,300.0,300.0,300.0,300.0,284.6343659371194,288.4062790433197,292.1781921495201,295.9501052557205,299.7220183619208,303.4939314681212,307.2658445743216,311.0377576805219,314.8096707867223,318.5815838929226,322.353496999123,323.7365318047299,325.1195666103366,326.5026014159434,327.8856362215502,329.268671027157,330.6517058327638,332.0347406383706,333.4177754439774,334.8008102495842,336.1838450551909,337.5668798607978,338.9499146664046,340.3329494720114,341.7159842776181,343.099019083225,344.5286024292151,345.9641423895628,347.4056637835656,348.8531915339354,350.3067506672288,351.76636631428,353.2320637106353,354.7038681969896,356.1818052196242,357.6659003308467,359.1561791894333,360.652667561072,362.1553913188078,363.6643764434907,365.1796490242245,366.701235258818,368.2291614542376,369.7634540270625,371.3041395039412,372.8512445220504,374.4047958295554,375.9648202860722,377.5313448631325,379.1043966446495,380.6840028273863,382.2701907214266,383.8629877506459,385.4624214531864,387.0685194819332,388.6813096049915,390.3008197061677,391.9270777854508,393.5601119594971,395.1999504621156,396.8466216447566,398.500153977002,400.1605760470571,401.8279165622449,403.502204349503,405.1834683558815,406.8717376490431,408.5670414177667,410.2694089724509,411.9788697456219,413.6954532924414,415.4191892912181,417.1501075439205,418.8882379766924,420.6336106403705,422.3862557110033
Haiti,HT,HTI,Population,,3289.727,3340.111,3392.414,3447.267,3503.789,3563.699,3625.907,3689.727,3755.692,3823.685,3893.202,3964.857,4038.292,4107.843,4184.645,4262.996,4342.282,4423.716,4506.941,4591.727,4678.522,4767.967,4859.769,4953.717,5049.874,5148.297,5248.417,5350.535,5454.625,5560.555,5668.432,5779.018,5892.856,6009.336,6129.124,6252.6,6379.643,6510.602,6645.687,6783.772,6925.11,7065.791,7207.351,7349.01,7490.532,7634.56,7780.554,7928.042,8076.244,8226.348,8379.954,8531.882,8683.4,8836.423,8984.103,9138.443,9294.681,9451.911,9609.638,9769.523,9837.065,9992.742,10146.799,10297.926,10448.544,10597.939,10744.975,10890.533,11034.192,11176.134,11311.562,11437.61,11569.602,11705.195,11839.919,11972.272,12102.74,12232.873,12361.716,12489.161,12615.557,12740.411,12864.008,12985.751,13105.866,13224.134,13340.684,13455.448,13568.808,13679.423,13788.282,13895.674,14000.974,14103.737,14204.061,14301.872,14397.34,14490.129,14580.779,14668.218,14753.505,14835.075,14912.755,14986.75,15056.811,15123.187,15185.786,15245.49,15301.77,15353.978,15402.083,15446.629,15487.703,15525.412,15559.41,15589.793,15617.277,15641.364,15661.875,15679.306,15693.356,15705.0,15713.871,15719.843,15723.408,15724.447,15723.485,15720.064,15714.077,15706.322,15695.926,15683.512,15669.206,15653.264,15634.976,15614.903,15592.689,15569.081,15543.612,15516.299,15487.743,15457.871,15426.498,15393.94,15360.188,15325.021,15288.509,15250.69,15211.895,15171.738
Honduras,HN,HND,Cement production,kt cement,0.0,0.0,0.0,0.0,0.0,0.0,0.0,0.0,7.352557,36.762783,44.11534,58.820453,58.820453,73.525566,95.583236,102.935792,110.288349,132.346019,132.346019,154.403688,161.756245,191.166471,235.281811,213.224141,294.102264,257.339481,249.986924,272.044594,227.929254,448.505952,308.807377,279.397151,485.268735,536.736631,345.57016,360.275273,448.505952,558.794301,647.02498,652.0,693.0,650.0,723.0,615.0,721.0,952.0,1041.0,896.0,980.0,1284.0,1321.0,1224.0,1268.0,1392.0,1384.0,1668.0,1776.0,1784.0,1800.0,1600.0,1620.0,1730.0,1700.0,1700.0,1700.0,1840.0,2140.0,1960.0,1800.0,1490.0,1650.0,1700.0,1700.0,1700.0,1612.928073643677,1634.302247912145,1655.676422180614,1677.050596449083,1698.424770717552,1719.79894498602,1741.173119254489,1762.547293522957,1783.921467791426,1805.295642059895,1826.669816328364,1834.507013560136,1842.344210791907,1850.181408023679,1858.018605255451,1865.855802487223,1873.692999718995,1881.530196950767,1889.367394182539,1897.20459141431,1905.041788646082,1912.878985877854,1920.716183109626,1928.553380341398,1936.39057757317,1944.227774804941,1952.328747098886,1960.463473540856,1968.632094773538,1976.834752025634,1985.071587114297,1993.342742447586,2001.648361026933,2009.988586449608,2018.363562911204,2026.773435208131,2035.218348740122,2043.698449512741,2052.213884139911,2060.764799846447,2069.351344470606,2077.973666466636,2086.631914907346,2095.326239486687,2104.056790522333,2112.823718958286,2121.62717636748,2130.467314954409,2139.344287557751,2148.258247653013,2157.209349355189,2166.197747421417,2175.22359725366,2184.28705490139,2193.388277064288,2202.527421094952,2211.704645001617,2220.920107450888,2230.173967770484,2239.466385951988,2248.797522653621,2258.167539203011,2267.57659759999,2277.024860519388,2286.512491313851,2296.039654016662,2305.606513344577,2315.213234700678,2324.859984177222,2334.546928558524,2344.274235323835,2354.042072650236,2363.850609415549,2373.700015201257,2383.590460295433,2393.522115695685
Honduras,HN,HND,Population,,1579.768,1623.205,1668.458,1715.472,1764.159,1814.622,1866.709,1920.454,1975.847,2032.793,2091.327,2151.158,2212.971,2276.786,2342.924,2411.389,2482.112,2555.185,2630.928,2709.649,2791.78,2877.452,2966.677,3056.242,3143.43,3243.038,3345.876,3451.433,3559.494,3670.469,3783.877,3899.678,4017.778,4138.57,4261.131,4385.554,4512.244,4641.577,4773.778,4909.899,5051.077,5196.507,5346.354,5500.144,5658.34,5820.935,5986.973,6155.936,6312.927,6487.999,6667.546,6848.44,7029.277,7209.149,7388.84,7567.869,7745.795,7923.802,8101.372,8278.425,8453.33,8627.836,8802.317,8976.238,9150.007,9324.603,9500.157,9676.116,9854.305,10032.962,10206.319,10373.434,10554.31,10735.392,10916.015,11095.684,11273.836,11450.632,11626.092,11799.662,11970.977,12140.086,12307.037,12471.718,12634.01,12794.218,12951.936,13107.05,13260.009,13410.505,13558.801,13705.022,13848.894,13990.44,14129.601,14266.291,14400.274,14531.416,14659.657,14785.303,14908.254,15028.223,15145.18,15259.204,15369.985,15477.507,15581.447,15681.738,15778.822,15872.375,15962.552,16049.114,16131.836,16211.157,16286.989,16359.035,16427.672,16492.751,16554.377,16612.681,16667.661,16719.355,16767.652,16812.556,16854.182,16892.706,16927.899,16960.309,16989.482,17015.796,17039.139,17060.003,17078.08,17093.698,17106.748,17117.246,17125.324,17131.129,17134.718,17136.088,17135.114,17131.956,17126.807,17119.385,17110.338,17099.336,17086.875,17073.047,17057.25,17039.536
Hungary,HU,HUN,Cement production,kt cement,948.479801,1058.76815,1058.646059,948.581986,1176.409055,992.485498,992.59514,1301.402517,1433.623197,1573.574289,1602.737336,1735.077517,1801.493742,2257.102237,2382.228337,2602.805035,2654.107494,2801.492048,2566.042252,2771.913836,2713.093384,2970.275989,3404.233704,3433.64393,3757.15642,4301.442741,4617.202051,4764.456674,4860.039909,4661.520881,4632.110655,4367.234268,4242.425155,4146.674553,3676.434868,3845.218309,4154.014071,3874.978883,3860.092212,3930.0,2529.0,2236.0,2533.0,2813.0,2875.0,2747.0,2811.0,2999.0,2979.0,3326.0,3452.0,3510.0,3573.0,3580.0,3371.0,3724.153,3551.746,3544.0,2807.0,2136.0,1694.0,1870.0,1350.0,1530.0,1570.0,1283.0,1663.0,1670.0,2500.0,2300.0,2500.0,2400.0,2400.0,2400.0,2026.884092271726,2029.781710702421,2032.679329133117,2035.576947563813,2038.474565994509,2041.372184425205,2044.269802855901,2047.167421286597,2050.065039717292,2052.962658147988,2055.860276578684,2051.610436213663,2047.360595848643,2043.110755483622,2038.860915118602,2034.611074753581,2030.361234388561,2026.11139402354,2021.861553658519,2017.611713293499,2013.361872928479,2009.112032563458,2004.862192198437,2000.612351833417,1996.362511468396,1992.112671103376,1987.933800682461,1983.7636963109,1979.602339600083,1975.449712199973,1971.305795799027,1967.170572124113,1963.044022940431,1958.926130051432,1954.81687529874,1950.716240562067,1946.624207759139,1942.540758845611,1938.465875814991,1934.399540698559,1930.341735565288,1926.292442521765,1922.251643712114,1918.219321317911,1914.195457558115,1910.180034688981,1906.173035003987,1902.174440833752,1898.184234545963,1894.202398545292,1890.228915273322,1886.26376720847,1882.306936865904,1878.358406797473,1874.418159591629,1870.486177873343,1866.562444304038,1862.646941581507,1858.739652439838,1854.840559649338,1850.949646016456,1847.066894383709,1843.192287629606,1839.32580866857,1835.467440450866,1831.617165962523,1827.774968225262,1823.94083029642,1820.114735268871,1816.296666270959,1812.486606466419,1808.684539054302,1804.890447268903,1801.104314379689,1797.32612369122,1793.555858543079
Hungary,HU,HUN,Population,,9383.345,9463.002,9544.852,9644.11,9765.061,9881.352,9826.625,9849.23,9912.125,9961.557,10005.191,10047.836,10068.296,10099.386,10129.356,10152.882,10187.927,10225.694,10263.394,10299.784,10330.502,10357.436,10391.171,10423.707,10484.119,10547.185,10600.358,10645.921,10674.455,10702.05,10688.683,10669.975,10642.257,10603.721,10564.935,10529.595,10492.601,10457.609,10423.453,10383.388,10379.174,10377.178,10365.77,10347.97,10331.904,10313.672,10290.798,10266.405,10237.028,10202.563,10178.636,10154.744,10122.187,10095.739,10075.843,10055.569,10044.317,10023.846,10009.468,9993.288,9964.969,9928.384,9904.862,9873.831,9851.853,9826.569,9794.495,9776.714,9772.073,9768.62,9730.293,9685.406,9683.205,9689.722,9662.547,9602.027,9569.609,9536.874,9502.902,9467.311,9430.919,9393.892,9356.146,9318.047,9279.4,9240.406,9201.827,9162.703,9124.595,9086.323,9048.911,9012.24,8976.079,8941.05,8906.444,8871.984,8838.286,8805.212,8773.05,8741.023,8709.671,8678.275,8647.022,8615.672,8583.535,8551.053,8517.619,8484.293,8450.685,8415.367,8379.795,8343.881,8307.466,8270.959,8233.552,8196.844,8161.313,8126.382,8091.916,8058.538,8026.01,7994.775,7964.951,7936.629,7909.541,7884.136,7860.033,7837.372,7815.9,7794.85,7774.698,7755.446,7736.823,7719.194,7702.221,7684.761,7667.523,7651.2,7635.555,7619.662,7604.529,7589.522,7574.907,7559.704,7544.667,7529.732,7514.914,7500.22,7484.809,7468.752
Iceland,IS,ISL,Cement production,kt cement,0.0,0.0,0.0,0.0,0.0,0.0,0.0,29.410226,80.878123,73.304103,73.525566,95.583236,95.852484,110.598148,110.288349,117.640906,117.940246,102.699701,95.583236,87.998493,117.640906,132.020043,132.069722,154.403688,161.756245,147.051132,139.698575,132.346019,124.993462,124.993462,124.993462,124.993462,117.362795,117.640906,117.640906,110.062348,132.346019,132.346019,117.414673,114.0,106.0,100.0,86.0,81.0,82.0,88.0,101.0,118.0,131.0,144.0,125.0,83.0,89.798,100.287,132.438,141.433,140.0,138.0,138.0,140.0,142.0,146.0,0.0,0.0,0.0,0.0,0.0,0.0,0.0,0.0,0.0,0.0,0.0,0.0,114.2002183911776,114.4468711306834,114.6935238701892,114.940176609695,115.1868293492008,115.4334820887066,115.6801348282123,115.9267875677181,116.1734403072239,116.4200930467297,116.6667457862355,116.4255742187187,116.1844026512019,115.9432310836852,115.7020595161684,115.4608879486516,115.2197163811349,114.9785448136181,114.7373732461013,114.4962016785846,114.2550301110678,114.013858543551,113.7726869760343,113.5315154085175,113.2903438410007,113.049172273484,112.8120281355166,112.575381456673,112.3392311934291,112.1035763044501,111.8684157505854,111.6337484948644,111.3995735024918,111.1658897408428,110.9326961794588,110.6999917900429,110.4677755464553,110.2360464247085,110.0048034029633,109.7740454615239,109.5437715828334,109.3139807514697,109.0846719541406,108.8558441796795,108.6274964190408,108.399627665296,108.1722369136284,107.9453231613293,107.7188854077934,107.4929226545144,107.2674339050804,107.0424181651699,106.8178744425471,106.5938017470575,106.370199090624,106.1470654872417,105.9243999529746,105.7022015059502,105.4804691663561,105.259201956435,105.0383989004807,104.8180590248338,104.5981813578774,104.3787649300325,104.1598087737543,103.9413119235276,103.7232734158624,103.5056922892899,103.2885675843582,103.071898343628,102.8556836116684,102.639922435053,102.424613862355,102.2097569441436,101.9953507329797,101.7813942834116
Iceland,IS,ISL,Population,,144.298,146.542,148.983,152.5,156.026,159.467,162.692,166.818,170.139,173.85,177.271,180.724,183.958,187.328,190.724,193.942,197.25,200.316,202.692,204.062,204.895,207.426,210.981,213.78,216.751,219.305,221.075,222.593,224.551,226.961,229.328,232.165,235.524,238.403,240.6,242.204,244.164,247.545,251.908,253.793,255.874,259.75,262.42,265.088,267.019,268.001,269.919,272.45,275.773,279.123,283.437,286.668,288.546,290.664,293.673,299.996,307.752,315.549,319.48,317.744,318.572,319.702,321.979,325.792,329.233,332.67,338.477,348.586,357.122,364.277,368.951,376.336,384.375,390.74,396.051,400.481,404.177,407.501,410.558,413.154,415.542,417.676,419.553,421.286,422.82,424.337,425.707,426.929,428.046,429.034,429.871,430.581,431.253,431.917,432.369,432.599,432.792,432.904,432.981,433.016,432.97,432.992,432.798,432.603,432.381,431.985,431.52,430.958,430.385,429.753,428.968,428.255,427.326,426.435,425.553,424.519,423.488,422.326,421.248,420.073,418.783,417.427,415.909,414.507,413.022,411.413,409.695,407.743,405.86,403.876,401.825,399.77,397.792,395.704,393.628,391.5,389.384,387.193,384.984,382.957,380.931,378.822,376.696,374.711,372.786,370.869,368.955,367.111,365.29,363.492
India,IN,IND,Cement production,kt cement,3249.830015,3595.220934,3838.034543,4470.35441,4558.585089,5007.091041,5690.878805,6183.281675,6933.692378,7845.177887,8242.447726,8587.566607,9352.451989,9690.905484,10580.562708,11050.892562,11690.564986,11940.55191,13256.914428,13543.409248,14896.014329,15756.794013,15006.56801,14286.017464,16234.681013,18697.551421,19057.826694,19557.800543,18263.750582,17697.603724,20756.267268,22498.823181,25351.61514,29027.61918,33027.400375,36395.155145,36975.729542,40696.400754,45997.302747,49000.0,51000.0,50000.0,53812.0,57000.0,62000.0,75000.0,80000.0,85000.0,90000.0,95000.0,105000.0,115000.0,123000.0,130000.0,142086.0,158788.0,170330.0,182690.0,201810.0,213190.0,224050.0,241920.0,254757.0,271324.0,275154.0,289294.0,284950.0,327740.0,338923.0,289957.0,351590.0,387680.125,418129.875,438727.5,473196.6528753397,494319.4534888918,515442.2541024442,536565.0547159965,557687.8553295488,578810.6559431009,599933.4565566533,621056.2571702056,642179.0577837578,663301.85839731,684424.6590108623,689756.3804217712,695088.1018326798,700419.8232435886,705751.5446544973,711083.266065406,716414.9874763148,721746.7088872235,727078.4302981322,732410.151709041,737741.8731199497,743073.5945308583,748405.3159417672,753737.0373526759,759068.7587635845,764400.4801744933,770053.0370858369,775747.3932901748,781483.8578831826,787262.742246223,793084.360063249,798949.027337831,804857.0624103085,810808.7859750718,816804.5210979688,822844.5932338405,828929.3302441884,835059.062414971,841234.1224745306,847454.8456116562,853721.5694937765,860034.6342852894,866394.382666026,872801.1598498528,879255.313603408,885757.1942649824,892307.1547635313,898905.5506378358,905552.7400558005,912249.0838338942,918994.9454567373,925790.6910968312,932636.6896344332,939533.3126775824,946480.9345822686,953479.9324727547,960530.6862620456,967633.578672512,974788.9952566625,981997.324418075,989258.9574324777,996574.2884689874,1003943.714611507,1011367.635880279,1018846.4552536,1026380.57868969,1033970.415148737,1041616.376615087,1049318.878119613,1057078.337762239,1064895.17673464,1072769.819343097,1080702.693031539,1088694.228404736,1096744.859251676,1104855.022569115
India,IN,IND,Population,,349965.375,357774.738,365975.067,374234.08,383140.196,392261.577,401716.229,410791.546,420763.337,430798.0,441182.676,451946.781,462619.398,473657.752,484801.444,495478.848,506001.646,517211.097,528222.68,539538.407,552190.129,564002.646,576961.637,589969.558,604113.224,618505.846,633217.92,648384.286,663072.172,679239.321,695468.73,711923.769,728703.177,746042.184,763708.714,781586.872,799793.084,818069.456,836616.524,855462.534,874481.909,893373.292,912540.848,931695.926,950631.609,969970.478,989386.439,1008881.084,1028449.076,1048002.57,1067842.896,1087954.254,1107246.507,1126359.505,1145623.522,1163729.122,1182028.657,1199323.384,1216538.543,1234510.963,1252452.165,1269997.744,1287351.261,1304307.76,1320246.623,1335802.372,1352086.22,1367228.58,1382089.548,1395971.076,1409264.315,1419143.477,1431702.948,1444436.244,1457435.338,1470295.711,1482955.442,1495373.906,1507491.573,1519355.889,1530921.8,1542159.403,1553054.846,1563593.314,1573783.392,1583606.199,1593044.519,1602029.495,1610571.802,1618706.679,1626453.399,1633785.338,1640685.377,1647145.162,1653228.062,1658907.103,1664189.68,1669066.613,1673552.839,1677686.95,1681491.568,1684950.203,1688065.58,1690865.297,1693271.247,1695385.243,1697168.441,1698670.696,1699839.978,1700692.021,1701211.407,1701356.007,1701190.414,1700709.31,1699891.111,1698703.342,1697235.654,1695396.654,1693194.505,1690648.399,1687756.68,1684558.62,1681015.03,1677196.183,1673077.752,1668642.863,1663956.99,1659012.871,1653820.248,1648382.324,1642715.197,1636841.163,1630794.319,1624544.623,1618143.412,1611544.446,1604802.766,1597979.197,1591006.924,1583911.433,1576698.76,1569408.343,1562083.555,1554637.205,1547138.659,1539587.805,1532021.324,1524421.638,1516758.642,1509106.631
Indonesia,ID,IDN,Cement production,kt cement,102.935792,139.658351,147.092334,147.051132,147.051132,147.051132,249.946063,301.504565,345.57016,389.61875,448.505952,507.326405,330.865047,441.153396,367.62783,338.217603,352.922717,411.743169,536.795581,551.441745,485.268735,595.557084,727.903103,830.838895,1073.473263,1801.483241,2654.272931,3690.983411,4698.102501,5823.224823,6889.34553,7499.607727,8183.681413,8859.830697,10080.355092,10940.604213,11845.320753,12242.006731,14094.850993,13800.0,16153.0,17280.0,18934.0,21907.0,23129.0,24646.0,27505.0,22341.0,23925.0,27789.0,31300.0,34640.0,35500.0,33230.143,33917.0,35000.0,36000.0,38530.0,36910.0,39480.0,45238.0,52350.0,56690.0,56760.0,59850.0,62000.0,69279.0,75213.0,71900.0,62700.0,65000.0,64000.0,67000.0,65000.0,51619.35343469053,52294.74684411639,52970.14025354224,53645.5336629681,54320.92707239396,54996.32048181981,55671.71389124566,56347.10730067152,57022.50071009739,57697.89411952325,58373.2875289491,58684.61172910349,58995.93592925789,59307.26012941229,59618.58432956669,59929.90852972107,60241.23272987548,60552.55693002986,60863.88113018427,61175.20533033866,61486.52953049306,61797.85373064745,62109.17793080184,62420.50213095624,62731.82633111063,63043.15053126503,63367.43950720429,63693.39659996558,64021.03039020981,64350.3495027361,64681.36260670886,65014.07841588598,65348.50568884826,65684.65322922997,66022.52988595047,66362.14455344739,66703.50617191057,67046.62372751751,67391.50625266983,67738.16282623122,68086.60257376621,68436.83466778061,68788.86832796282,69142.71282142658,69498.37746295496,69855.87161524555,70215.20468915683,70576.38614395612,70939.42548756833,71304.33227682649,71671.11611772318,72039.7866656634,72410.35362571888,72782.82675288338,73157.21585232968,73533.53077966748,73911.78144120303,74291.9777941998,74674.12984714066,75058.24765999134,75444.34134446515,75832.42106428936,76222.49703547257,76614.57952657378,77008.67885897258,77404.805407141,77802.96959891643,78203.18191577637,78605.45289311404,79009.79312051603,79416.21324204085,79824.72395649925,80235.33601773577,80648.06023491191,81062.90747279061,81479.88865202235
Indonesia,ID,IDN,Population,,69517.331,71055.274,72697.591,74440.697,76294.041,78252.973,80312.125,82469.544,84715.981,87069.757,89522.383,92060.115,94691.585,97411.263,100256.234,102474.027,105111.48,107941.306,110958.706,114076.572,117238.417,120428.988,123650.694,126926.336,130183.753,133503.942,136843.369,140223.713,143682.614,147187.053,150714.026,154256.043,157848.262,161454.501,165047.747,168504.623,171845.506,175176.802,178533.329,181869.93,185132.265,188424.211,191663.277,194947.058,198236.597,201539.517,204869.178,208203.012,211450.565,214558.771,217596.809,220598.994,223577.996,226518.019,229335.279,232408.021,235495.283,238629.392,241686.415,244753.641,247857.003,251083.061,254313.989,257390.944,260363.854,263234.644,266020.192,268673.124,271230.569,273748.193,275881.538,277634.568,280026.489,282353.644,284622.217,286820.254,288953.311,291019.733,293013.824,294942.394,296810.902,298628.594,300392.729,302109.24,303767.906,305365.338,306904.858,308387.977,309804.919,311157.321,312437.47,313645.852,314776.713,315831.911,316804.92,317694.306,318498.841,319225.198,319884.107,320462.393,320963.506,321386.717,321740.016,322030.724,322257.813,322426.18,322541.506,322598.358,322608.985,322569.202,322489.463,322367.877,322211.84,322025.315,321805.953,321557.255,321275.994,320962.638,320620.046,320248.459,319851.135,319426.154,318969.798,318479.673,317962.645,317409.417,316833.139,316217.123,315571.55,314893.496,314191.692,313460.508,312696.807,311902.971,311083.295,310236.879,309362.571,308461.398,307540.153,306596.177,305625.545,304633.507,303617.802,302583.117,301534.476,300473.885,299393.801,298298.057,297192.662,296074.174
Iran (Islamic Republic of),IR,IRN,Cement production,kt cement,66.173009,51.467896,66.236393,65.941635,132.346019,220.576698,316.106806,411.743169,580.851971,793.998246,742.682745,742.608216,742.542353,742.608216,786.777217,1397.065599,1396.985753,1941.074941,2345.465554,2573.394808,2852.791959,3374.706859,3492.464383,4521.822306,5367.366314,6102.621974,7256.811069,11999.372363,7541.452055,7849.041096,9007.723288,10058.046575,10797.019178,11624.109589,12258.39726,12425.29589,12623.89863,12279.542466,12757.69589,14689.668493,15135.789041,15143.671233,16073.156164,16739.736986,17381.534247,17753.356164,19113.616438,20019.813699,21757.284932,23586.673973,26184.408219,28134.183562,29557.383562,31795.230137,32557.969863,34862.109589,39191.205479,43651.315068,49379.0,60137.0,65158.0,69210.536,71297.514,67258.4037,59841.798529,56580.425709,54142.639882,54661.918829,59819.800589,68344.3,64493.0,58900.0,71000.0,72000.0,73157.69530880403,74010.93840743804,74864.18150607204,75717.42460470603,76570.66770334003,77423.91080197402,78277.15390060803,79130.39699924202,79983.64009787602,80836.88319651003,81690.12629514403,82130.44186950084,82570.75744385764,83011.07301821443,83451.38859257124,83891.70416692804,84332.01974128485,84772.33531564166,85212.65088999845,85652.96646435527,86093.28203871207,86533.59761306888,86973.91318742569,87414.22876178248,87854.5443361393,88294.85991049609,88753.70238043228,89214.92932000158,89678.55312059281,90144.58623798908,90613.04119270269,91083.93057031123,91557.26702179601,92033.06326388156,92511.33207937774,92992.08631752273,93475.33889432851,93961.10279292775,94449.39106392267,94940.21682573565,95433.59326496162,95929.53363672245,96428.05126502288,96929.15954310872,97432.87193382639,97939.2019699849,98448.16325471926,98959.76946185598,99474.03433628041,99990.97169430608,100510.5954240458,101032.9194857847,101557.9579123558,102085.7248095163,102616.2343563269,103149.5008055329,103685.5384839467,104224.3617928331,104765.9852082961,105310.4232816676,105857.6906398984,106407.8019859518,106960.7720991974,107516.6158358093,108075.3481291647,108636.9839902451,109201.5385080396,109769.0268499504,110339.4642622005,110912.8660702426,111489.2476791716,112068.624574138,112651.0123207642,113236.4265655624,113824.8830363554,114416.3975426986
Iran (Islamic Republic of),IR,IRN,Population,,16713.177,17129.372,17559.495,17996.734,18455.664,18945.94,19462.832,19990.852,20542.169,21151.382,21789.486,22461.965,23153.849,23884.162,24641.556,25432.4,26226.14,27030.725,27844.056,28702.907,29587.292,30470.849,31371.508,32308.167,33284.759,34321.187,35353.355,36513.006,37740.063,39109.842,40574.806,43403.818,45140.463,46918.607,48669.389,50495.189,52396.901,54250.084,55895.305,57514.522,59245.661,60728.2,61641.766,61165.321,61875.875,62535.259,63227.34,64051.936,64987.782,65902.999,66934.319,67969.691,68052.943,69485.737,71026.895,72630.015,74155.479,75049.816,75978.591,76937.059,77904.626,78862.571,79878.588,80950.783,82053.308,83185.416,84439.04,85614.468,86621.528,87481.767,87965.119,88945.856,90102.637,91114.777,92020.698,92814.664,93522.331,94154.96,94725.087,95245.11,95728.223,96193.233,96637.689,97063.614,97478.485,97880.019,98270.632,98646.979,99009.66,99355.945,99692.61,100014.826,100319.326,100604.859,100870.326,101110.9,101328.477,101519.547,101684.311,101812.773,101911.214,101973.431,102001.165,101991.561,101942.304,101851.928,101722.391,101556.275,101355.063,101109.613,100831.544,100517.643,100170.221,99792.875,99383.391,98947.492,98488.889,98009.69,97504.173,96978.701,96435.921,95879.207,95310.177,94726.661,94138.614,93542.639,92943.9,92342.098,91740.769,91142.026,90545.691,89955.341,89372.893,88798.265,88229.711,87669.737,87116.601,86573.779,86038.683,85509.58,84987.599,84468.705,83954.206,83439.842,82926.194,82408.894,81888.62,81366.455,80844.813,80314.491
Iraq,IQ,IRQ,Cement production,kt cement,73.525566,102.935792,176.205987,198.28071,316.442724,492.621292,602.909641,669.08265,661.730094,617.614754,933.774688,889.659348,941.127244,1095.530933,1286.941745,1345.517857,1396.985753,1397.245609,1382.28064,1360.22297,1852.373579,1904.075891,1816.081479,1816.081479,2382.228337,2727.798497,3168.951892,4603.099311,5102.674277,5499.2697,5602.008627,5595.295569,5595.295569,7984.876462,7984.876462,7984.876462,9976.72748,10521.508488,12520.77709,10000.0,5000.0,2000.0,2000.0,2000.0,2108.0,1600.0,1700.0,2000.0,5000.0,6000.0,6000.0,6834.0,1901.0,2500.0,3000.0,3500.0,4500.0,6453.0,7000.0,8000.0,10000.0,10000.0,12000.0,9000.0,10000.0,13000.0,14000.0,24000.0,27000.0,28000.0,29000.0,32400.0,32400.0,32400.0,32920.96288896181,33304.92228334711,33688.88167773241,34072.84107211771,34456.80046650301,34840.75986088831,35224.71925527361,35608.6786496589,35992.63804404421,36376.59743842951,36760.55683281481,36958.69884127537,37156.84084973593,37354.98285819649,37553.12486665705,37751.26687511762,37949.40888357818,38147.55089203874,38345.6929004993,38543.83490895986,38741.97691742043,38940.11892588099,39138.26093434155,39336.40294280211,39534.54495126268,39732.68695972324,39939.16607119452,40146.71819400071,40355.34890426676,40565.06380709508,40775.8685367162,40987.76875664006,41200.7701598082,41414.8784687467,41630.09943571998,41846.43884288523,42063.90250244783,42282.49625681748,42502.22597876519,42723.09757158104,42945.11696923272,43168.29013652509,43392.62306926029,43618.12179439892,43844.79237022187,44072.6408864932,44301.67346462367,44531.89625783519,44763.31545132618,44995.93726243773,45229.76794082059,45464.81376860313,45701.08106056012,45938.57616428233,46177.30546034712,46417.27536248979,46658.49231777601,46900.9628067749,47144.69334373323,47389.69047675039,47635.9607879543,47883.51089367829,48132.34744463884,48382.47712611419,48633.90665812412,48886.64279561028,49140.6923286178,49396.06208247769,49652.75891799021,49910.78973160915,50170.1614556272,50430.8810583621,50692.95554434387,50956.39195450309,51221.19736635994,51487.37889421438
Iraq,IQ,IRQ,Population,,5710.08,5838.178,5987.835,6140.661,6298.271,6434.286,6580.714,6686.037,6797.318,6943.441,7100.663,7288.443,7539.307,7796.549,8062.584,8341.697,8628.511,8929.227,9240.806,9565.906,9905.315,10250.303,10610.024,10981.714,11353.807,11733.472,12121.83,12540.262,12966.449,13374.282,13809.701,14203.062,14609.103,15072.006,15549.459,15817.401,16330.889,16711.208,17106.429,17622.656,17539.755,17994.752,18606.938,19795.452,20484.162,21167.559,21835.084,22518.103,23250.696,24022.358,24825.754,25569.927,26443.192,27162.125,27993.632,28821.265,28411.764,28371.45,29570.621,30545.791,31544.941,32777.906,34531.779,36032.199,37067.919,38053.15,38886.104,39788.603,40742.646,41641.695,42591.514,43550.907,44590.195,45557.903,46526.127,47515.421,48499.453,49475.393,50446.504,51440.155,52434.261,53434.479,54472.301,55497.957,56527.323,57544.505,58598.968,59619.538,60644.924,61704.428,62741.994,63756.337,64765.349,65748.645,66726.893,67681.461,68618.661,69577.509,70522.727,71476.409,72381.091,73293.739,74164.85,75059.52,75933.037,76793.175,77652.184,78485.533,79299.211,80099.843,80940.539,81736.026,82511.163,83306.115,84078.456,84833.069,85604.339,86303.408,86985.144,87664.938,88326.96,88972.921,89618.706,90270.03,90859.751,91388.471,91927.138,92435.141,92972.277,93513.514,94010.344,94505.42,94981.861,95434.487,95854.429,96301.696,96739.554,97112.097,97477.203,97847.203,98160.745,98485.505,98826.019,99140.544,99408.249,99665.367,99919.065,100148.33,100354.865,100563.971
Ireland,IE,IRL,Cement production,kt cement,426.448283,463.211065,470.563622,595.797131,669.08265,713.437238,522.031518,522.031518,624.967311,742.364738,595.557084,757.313329,801.428669,970.537471,1051.415593,1109.966702,1294.049961,1353.148839,1271.992291,860.249122,1499.921545,1470.511319,1573.447111,1536.684328,1558.741998,1566.094555,1580.799668,1808.728922,2066.345059,1867.288581,1941.074941,1580.799668,1485.216432,1374.928083,1455.806206,1396.985753,1448.453649,1683.942384,1624.915008,1630.0,1600.0,1600.0,1450.0,1623.0,1730.0,1933.0,2100.0,2000.0,2466.0,2620.0,3450.0,3320.0,3830.0,5000.0,5083.0,4981.0,4700.0,4493.0,2797.0,2379.0,2103.0,1198.0,2000.0,2200.0,2980.0,3300.0,3300.0,4000.0,3700.0,3400.0,3500.0,3600.0,3600.0,3600.0,3433.68202280168,3441.098182678142,3448.514342554603,3455.930502431065,3463.346662307526,3470.762822183988,3478.178982060449,3485.595141936911,3493.011301813373,3500.427461689834,3507.843621566295,3500.592265242644,3493.340908918993,3486.089552595342,3478.838196271691,3471.58683994804,3464.335483624388,3457.084127300737,3449.832770977085,3442.581414653434,3435.330058329783,3428.078702006132,3420.82734568248,3413.575989358829,3406.324633035178,3399.073276711527,3391.943013960522,3384.827708417779,3377.727328707445,3370.641843519484,3363.571221609538,3356.515431798794,3349.474442973839,3342.44822408653,3335.436744153851,3328.439972257783,3321.45787754516,3314.490429227539,3307.537596581063,3300.599348946324,3293.675655728226,3286.766486395857,3279.871810482347,3272.991597584736,3266.125817363843,3259.274439544129,3252.437433913562,3245.61477032349,3238.8064186885,3232.012348986293,3225.232531257543,3218.466935605778,3211.71553219723,3204.978291260722,3198.255183087525,3191.546178031229,3184.851246507616,3178.170358994524,3171.503486031724,3164.850598220781,3158.211666224934,3151.586660768959,3144.975552639044,3138.378312682658,3131.794911808425,3125.225320985994,3118.66951124591,3112.127453679489,3105.599119438687,3099.084479735976,3092.583505844217,3086.09616909653,3079.622440886169,3073.162292666401,3066.715695950371,3060.282622310985
Ireland,IE,IRL,Population,,2926.536,2947.192,2935.733,2922.428,2907.919,2891.157,2876.352,2861.846,2846.153,2832.282,2823.097,2826.288,2836.703,2849.365,2864.968,2881.337,2896.437,2914.403,2931.186,2950.319,2972.488,3013.753,3060.553,3108.316,3156.039,3204.198,3252.605,3302.907,3355.459,3396.143,3434.336,3463.317,3487.755,3507.46,3524.449,3538.092,3545.643,3535.118,3515.073,3507.068,3520.968,3547.552,3569.29,3582.954,3597.359,3624.035,3652.983,3691.602,3730.545,3775.33,3829.84,3896.122,3960.764,4025.106,4107.023,4203.545,4334.01,4453.016,4518.983,4548.521,4569.639,4589.566,4610.698,4638.675,4677.802,4727.172,4779.834,4840.687,4904.424,4962.558,5002.655,5054.196,5165.835,5227.425,5282.61,5333.468,5380.432,5425.344,5467.898,5507.049,5543.138,5578.18,5612.0,5643.415,5673.181,5700.556,5727.845,5755.114,5781.397,5805.333,5829.807,5853.165,5873.31,5891.627,5909.238,5924.634,5937.026,5948.677,5959.674,5967.553,5972.531,5975.144,5977.161,5976.95,5976.132,5971.711,5968.816,5961.441,5952.269,5940.162,5927.669,5915.79,5904.29,5891.842,5877.489,5862.776,5847.475,5832.097,5816.241,5799.965,5783.02,5766.484,5749.786,5733.011,5716.096,5700.282,5684.54,5669.339,5654.608,5639.947,5627.996,5617.121,5604.805,5591.519,5578.01,5564.194,5550.656,5535.811,5519.733,5502.841,5484.62,5466.376,5447.804,5428.691,5409.283,5389.235,5367.288,5344.852,5321.759,5298.149
Israel,IL,ISR,Cement production,kt cement,441.153396,448.505952,463.211065,566.146858,661.730094,610.262197,720.550546,713.19799,779.370999,808.781225,845.544008,955.832357,1021.549114,1095.092018,1257.287178,1169.371863,801.428669,1102.590714,1308.431285,1382.586454,1404.33831,1544.036885,1257.525979,1794.362177,2190.653009,1999.895394,1963.132611,1992.542837,1919.35212,1838.139149,2058.715847,2191.395563,2058.400528,2066.387536,2021.654972,2058.715847,2227.824648,2323.124403,2286.645101,2870.0,3550.0,3960.0,4536.0,4800.0,6204.0,5600.0,5400.0,6476.0,6354.0,5703.0,4700.0,4584.0,4632.0,4494.0,5092.839,5088.88,5000.0,4819.0,4759.0,5139.0,5480.0,5892.0,6398.0,6603.0,6904.0,7150.0,6361.0,5858.0,5000.0,5250.0,5700.0,6065.0,6065.0,6065.0,6162.519750665228,6234.39363112655,6306.267511587873,6378.141392049195,6450.015272510517,6521.889152971838,6593.763033433162,6665.636913894484,6737.510794355806,6809.384674817129,6881.258555278451,6918.349026923924,6955.439498569396,6992.529970214869,7029.62044186034,7066.710913505814,7103.801385151286,7140.891856796759,7177.98232844223,7215.072800087703,7252.163271733176,7289.253743378648,7326.344215024121,7363.434686669593,7400.525158315067,7437.615629960538,7476.266735240579,7515.118698969577,7554.172564949936,7593.429382408384,7632.890206024191,7672.556095957467,7712.428117877676,7752.507342992245,7792.79484807536,7833.291715496879,7873.999033251422,7914.917894987594,7956.049400037374,7997.394653445649,8038.954765999892,8080.730854260022,8122.724040588385,8164.935453179921,8207.366226092458,8250.017499277199,8292.890418609337,8335.98613591884,8379.305809021398,8422.850601749531,8466.621683983854,8510.620231684505,8554.847426922752,8599.304457912725,8643.992519043371,8688.912810910511,8734.066540349118,8779.454920465734,8825.079170671052,8870.94051671269,8917.040190708112,8963.379431177742,9009.959483078228,9056.781597835883,9103.847033380333,9151.157054178282,9198.712931267499,9246.515942290962,9294.567371531191,9342.86850994474,9391.420655196882,9440.225111696487,9489.283190631037,9538.596210001891,9588.165494659663,9637.992376339822
Israel,IL,ISR,Population,,1320.504,1383.101,1445.332,1507.319,1568.752,1630.242,1691.023,1750.039,1807.973,1864.707,1919.162,1994.607,2087.315,2182.767,2280.943,2381.959,2485.711,2591.603,2699.337,2808.977,2920.578,3034.022,3124.78,3201.309,3278.653,3357.525,3439.009,3520.227,3600.564,3681.184,3762.146,3842.329,3924.935,3994.324,4073.146,4137.572,4200.369,4273.37,4341.27,4421.75,4668.248,4891.531,5022.945,5149.145,5284.254,5425.223,5573.88,5719.066,5861.214,6030.947,6191.434,6328.53,6446.909,6558.731,6671.444,6784.968,6903.095,7021.815,7143.426,7268.766,7404.704,7537.341,7678.22,7820.538,7973.82,8131.997,8288.014,8435.579,8584.554,8730.394,8870.358,9015.491,9190.811,9321.817,9452.225,9582.136,9713.242,9844.535,9976.821,10107.994,10243.915,10381.964,10516.151,10650.976,10787.829,10928.415,11066.342,11211.013,11357.806,11507.411,11655.537,11805.713,11959.31,12112.254,12267.267,12416.856,12568.444,12716.506,12864.581,13016.424,13169.02,13319.811,13471.781,13624.552,13781.773,13935.098,14083.762,14231.545,14377.034,14520.499,14669.042,14810.707,14950.617,15095.757,15231.294,15371.883,15507.967,15646.954,15785.446,15928.151,16070.524,16208.533,16334.372,16465.569,16599.795,16736.835,16872.592,17017.404,17160.708,17301.277,17446.04,17582.578,17715.324,17849.91,17987.656,18120.112,18249.989,18374.063,18493.896,18607.488,18727.503,18847.629,18966.321,19084.24,19193.717,19299.945,19406.095,19503.805,19599.804,19699.919
Italy,IT,ITA,Cement production,kt cement,5580.590456,6654.063719,7830.472774,8756.401113,10661.207063,11337.64227,11947.904467,12823.394752,14403.65837,16013.868264,18028.468771,20168.06274,22086.588499,22837.516724,20690.094258,22417.945058,26255.568902,29461.694276,31343.948765,33071.799565,31799.807274,33461.485064,36306.548716,36306.924466,34233.503507,36328.982136,38204.277399,38233.294294,39284.709887,41769.874016,41549.297319,39726.257342,39211.184321,37777.435785,36674.552296,35938.937006,37255.760345,37880.727955,39380.293123,40000.0,40806.0,41347.0,33771.0,32713.0,33715.0,33327.0,33721.0,35512.0,37299.0,38925.0,39804.0,41722.0,43580.0,45343.0,40284.0,47814.0,47541.637,43030.0,36317.0,34408.0,33120.0,26240.0,23100.0,21500.0,20800.0,19300.0,19300.0,18644.0,19482.0,19818.0,21445.0,21382.0,21382.0,21382.0,20394.1636143182,20438.21148389556,20482.25935347292,20526.30722305029,20570.35509262765,20614.40296220501,20658.45083178237,20702.49870135973,20746.54657093709,20790.59444051445,20834.64231009181,20791.57328206061,20748.50425402942,20705.43522599822,20662.36619796703,20619.29716993583,20576.22814190463,20533.15911387343,20490.09008584223,20447.02105781104,20403.95202977984,20360.88300174864,20317.81397371744,20274.74494568625,20231.67591765505,20188.60688962385,20146.25709013997,20103.9961281636,20061.82381733961,20019.73997170378,19977.74440568199,19935.8369340894,19894.01737212962,19852.28553539394,19810.64123986046,19769.08430189331,19727.61453824184,19686.23176603979,19644.93580280452,19603.72646643619,19562.60357521693,19521.56694781006,19480.61640325932,19439.75176098801,19398.97284079825,19358.27946287016,19317.67144776105,19277.14861640468,19236.71079011042,19196.35779056247,19156.08943981911,19115.90556031187,19075.80597484477,19035.79050659354,18995.85897910485,18956.01121629548,18916.24704245162,18876.56628222803,18836.96876064731,18797.45430309909,18758.02273533932,18718.67388348941,18679.40757403556,18640.22363382794,18601.12189007993,18562.10217036737,18523.16430262779,18484.30811515967,18445.53343662167,18406.84009603185,18368.22792276696,18329.69674656167,18291.2463975078,18252.87670605361,18214.58750300301,18176.37861951485
Italy,IT,ITA,Population,,46608.218,46895.58,47140.779,47680.991,47983.479,48278.157,48525.746,48788.322,49065.876,49373.015,49656.095,49974.404,50366.775,50775.178,51263.979,51697.476,52140.658,52536.01,52888.301,53231.973,53548.498,53867.091,54268.034,54633.1,55009.127,55322.963,55595.868,55833.242,56044.689,56220.071,56604.098,56689.402,56748.949,56783.274,56837.431,56873.57,56878.405,56905.447,56952.055,57001.455,57061.452,57089.335,57160.644,57180.883,57659.393,57147.294,57176.889,57201.66,57228.729,57252.868,57291.525,57319.996,57521.259,57958.139,58395.336,58644.05,58864.816,59352.624,59770.744,60037.277,60291.149,60444.61,60618.42,60689.317,60639.026,60511.606,60444.609,60336.027,60218.97,60041.302,59784.236,59674.464,59563.765,59435.141,59250.593,59041.927,58810.406,58567.152,58324.514,58077.538,57814.606,57545.634,57287.368,57025.527,56756.306,56483.705,56213.683,55935.669,55656.847,55365.78,55076.555,54787.339,54484.576,54162.968,53845.728,53515.213,53176.95,52820.76,52460.81,52085.96,51696.237,51302.781,50901.372,50483.376,50059.662,49625.326,49177.24,48728.348,48271.533,47812.93,47355.989,46898.236,46443.197,46002.03,45567.047,45138.316,44724.302,44324.297,43928.035,43541.38,43165.283,42806.721,42456.284,42121.404,41794.897,41488.536,41195.336,40911.73,40632.742,40358.569,40093.17,39833.293,39576.517,39328.101,39078.327,38832.484,38593.706,38351.356,38111.51,37868.355,37628.835,37393.269,37151.743,36919.07,36684.557,36446.338,36208.249,35968.296,35735.052,35496.387
Jamaica,JM,JAM,Cement production,kt cement,0.0,73.525566,102.935792,95.583236,110.288349,132.346019,147.051132,175.985721,198.519028,213.224141,213.224141,198.519028,198.519028,279.145441,308.4294,352.555471,338.217603,411.743169,411.390045,441.477535,426.448283,419.095726,404.390613,404.195632,404.390613,367.442813,330.865047,294.102264,227.831389,147.051132,161.756245,213.224141,279.397151,264.692037,242.634368,242.634368,308.807377,367.62783,433.800839,442.0,384.0,475.0,451.0,445.0,523.462,555.125,588.288,557.991,501.148,521.344,596.247,613.981,607.682,808.07,844.843,760.815,773.019,724.528,736.56,723.489,766.274,760.296,824.893,830.061,807.817,911.325,845.932,787.411,758.829,940.005,979.297,957.204,962.55,870.649,826.0554202292903,837.0021281426243,847.9488360559585,858.8955439692927,869.8422518826268,880.7889597959609,891.7356677092951,902.6823756226291,913.6290835359633,924.5757914492973,935.5224993626315,939.5362922641874,943.5500851657431,947.563878067299,951.5776709688548,955.5914638704107,959.6052567719665,963.6190496735223,967.6328425750783,971.6466354766341,975.6604283781899,979.6742212797458,983.6880141813016,987.7018070828576,991.7155999844132,995.7293928859691,999.8782772546456,1004.044448691101,1008.227979224992,1012.428941186098,1016.647407205574,1020.883450217205,1025.13714345867,1029.408560472803,1033.697775108868,1038.004861523838,1042.32989418367,1046.672947864599,1051.034097654429,1055.413418953829,1059.81098747764,1064.226879256182,1068.661170636568,1073.113938284027,1077.585259183223,1082.075210639596,1086.583870280688,1091.111316057495,1095.657626245805,1100.222879447558,1104.807154592203,1109.410530938065,1114.033088073707,1118.674905919318,1123.336064728085,1128.016645087587,1132.716727921184,1137.436394489417,1142.175726391414,1146.934805566302,1151.713714294619,1156.512535199743,1161.331351249314,1166.170245756673,1171.029302382301,1175.908605135266,1180.808238374672,1185.728286811124,1190.668835508185,1195.629969883853,1200.611775712036,1205.614339124033,1210.637746610023,1215.682085020564,1220.747441568093,1225.833903828431
Jamaica,JM,JAM,Population,,1429.088,1465.851,1496.836,1522.637,1544.258,1563.164,1580.781,1598.572,1617.957,1638.512,1661.499,1685.022,1708.842,1733.355,1757.781,1780.603,1802.346,1823.384,1844.147,1866.107,1890.285,1917.172,1945.911,1976.528,2005.283,2032.679,2058.477,2082.838,2106.834,2132.138,2159.178,2188.458,2219.319,2250.345,2278.779,2302.533,2321.717,2337.909,2353.645,2370.187,2389.567,2412.17,2437.232,2462.599,2487.842,2512.459,2536.466,2559.23,2580.242,2599.348,2616.304,2632.502,2648.641,2664.605,2679.845,2694.286,2707.649,2719.952,2731.317,2742.673,2754.462,2766.525,2778.335,2789.039,2798.459,2806.609,2813.221,2818.306,2821.889,2824.653,2836.825,2838.538,2839.75,2839.822,2838.528,2835.627,2831.18,2825.879,2819.856,2812.938,2804.969,2796.257,2786.016,2774.93,2762.516,2749.352,2734.804,2718.994,2702.643,2685.163,2667.037,2648.094,2628.085,2607.083,2585.253,2562.908,2539.798,2516.241,2492.157,2467.334,2442.546,2417.292,2391.436,2364.784,2337.363,2309.463,2281.099,2252.8,2223.817,2194.558,2164.806,2134.995,2104.745,2074.461,2043.742,2012.494,1981.699,1950.602,1919.197,1887.749,1856.008,1824.21,1792.227,1760.438,1728.537,1697.15,1665.982,1634.872,1604.292,1573.759,1543.488,1513.887,1484.732,1456.343,1428.134,1400.275,1373.122,1346.597,1320.663,1295.284,1270.593,1246.483,1223.073,1200.319,1178.235,1156.789,1135.912,1115.497,1095.6,1076.182
Japan,JP,JPN,Cement production,kt cement,6551.127926,7117.074861,8764.247461,10675.912176,10565.623827,13021.37773,15175.381255,14984.510341,17263.802885,22535.585964,24631.383624,28785.25907,29946.963012,32975.879796,32689.466622,38263.038798,42968.019105,47673.666209,51386.729897,57188.185196,59430.441704,66290.650261,78113.874063,73106.470225,65511.555366,68709.641381,73135.593684,84877.568991,87796.878301,87951.28199,84826.780052,80686.956074,80885.475102,78855.861903,72841.778187,71260.978519,71547.728226,77547.414408,79718.0,84446.0,89564.0,88252.0,88047.0,91625.0,90473.0,94493.0,91937.0,81328.0,80120.0,80995.0,76548.0,71829.0,68765.0,67377.0,69629.0,69944.0,67685.0,62809.0,54802.0,51526.0,51293.0,54740.0,57962.406,57912.568,54826.884,53255.453,55195.379,55307.402,53461.683,50905.385,50083.322,48532.572,44474.838,42028.484,42108.29560224158,41790.19705189415,41472.09850154672,41153.99995119929,40835.90140085184,40517.80285050442,40199.70430015698,39881.60574980955,39563.50719946212,39245.40864911467,38927.31009876724,38810.67396363985,38694.03782851246,38577.40169338507,38460.76555825768,38344.12942313028,38227.49328800289,38110.85715287551,37994.2210177481,37877.58488262071,37760.94874749332,37644.31261236592,37527.67647723854,37411.04034211114,37294.40420698375,37177.76807185636,37063.96767346715,36950.51561580265,36837.41083259895,36724.6522608559,36612.23884082722,36500.16951601046,36388.44323313713,36277.05894216273,36166.01559625698,36055.31215179389,35944.947568342,35834.92080865458,35725.23083865992,35615.87662745154,35506.85714727857,35398.17137353607,35289.81828475538,35181.79686259453,35074.1060918287,34966.74496034063,34859.71245911115,34753.00758220964,34646.62932678466,34540.57669305445,34434.84868429756,34329.44430684351,34224.3625700634,34119.60248636062,34015.16307116161,33911.04334290653,33807.24232304009,33703.75903600236,33600.59250921952,33497.74177309486,33395.20586099951,33292.98380926348,33191.07465716654,33089.4774469292,32988.19122370371,32887.21503556512,32786.54793350225,32686.18897140889,32586.13720607478,32486.39169717684,32386.95150727031,32287.81570177989,32188.98334899104,32090.45352004114,31992.22528891085,31894.29773241529
Japan,JP,JPN,Population,,87190.012,88509.84,89760.423,90887.945,91927.4,92923.556,93760.459,94457.494,95236.419,96009.537,96789.97,97645.217,98507.594,99408.868,100371.488,101460.551,102315.119,103615.936,104859.006,106091.333,107333.403,108570.656,109907.254,111322.219,112697.169,113945.223,115060.368,116088.186,117065.703,117977.409,118740.103,119248.004,119723.546,120174.347,120594.441,121069.886,121663.583,122223.591,122730.314,123164.512,123635.017,124144.724,124622.691,125057.225,125516.496,125828.834,126121.77,126410.088,126688.274,126914.854,127140.724,127379.572,127589.624,127752.879,127878.669,127947.992,128046.503,128128.861,128183.119,128201.82,128168.73,128024.135,127832.435,127614.856,127358.353,127193.392,127126.51,127002.87,126823.995,126574.852,126034.234,125324.442,124670.714,124071.179,123434.903,122772.055,122083.407,121381.274,120667.422,119948.756,119219.487,118484.683,117743.598,117001.35,116252.152,115500.146,114750.985,114003.817,113263.411,112525.652,111790.955,111053.931,110330.784,109613.978,108905.079,108198.91,107502.251,106813.689,106134.969,105458.719,104787.616,104117.301,103438.959,102762.816,102068.554,101374.15,100663.334,99946.147,99220.835,98476.939,97729.498,96977.794,96222.385,95465.152,94706.563,93941.783,93185.457,92439.351,91696.23,90969.383,90254.159,89568.521,88903.415,88258.546,87645.457,87060.236,86501.088,85964.316,85453.235,84965.379,84494.552,84045.225,83608.569,83187.296,82773.452,82368.102,81971.672,81584.696,81203.259,80823.136,80445.65,80069.798,79689.594,79311.57,78936.2,78559.278,78178.745,77802.525,77423.245,77038.488
Jordan,JO,JOR,Cement production,kt cement,0.0,0.0,0.0,66.173009,88.230679,80.878123,110.288349,110.288349,110.288349,161.756245,220.576698,235.281811,286.749707,308.807377,301.45482,374.980386,323.51249,477.916179,477.916179,374.980386,419.095726,661.730094,617.614754,595.557084,573.499414,536.736631,566.146858,566.146858,624.967311,911.717018,963.184914,794.076112,1271.992291,1985.190281,2021.953064,1794.023809,2264.587431,1830.786592,1926.369828,1820.0,1363.0,3134.0,3514.0,4000.0,3508.0,3512.0,3251.0,2650.0,2687.0,2640.0,3173.0,3558.0,3514.9,3907.6,4045.9,3967.4,4255.0,4375.0,3876.0,3929.0,2816.0,4060.0,4200.0,4400.0,4500.0,4530.0,4680.0,4940.0,3470.0,3320.0,3720.0,4290.0,4290.0,4290.0,4358.979345482907,4409.818413443182,4460.657481403458,4511.496549363734,4562.33561732401,4613.174685284284,4664.013753244561,4714.852821204837,4765.691889165112,4816.530957125388,4867.370025085665,4893.605494724424,4919.840964363184,4946.076434001943,4972.311903640702,4998.547373279463,5024.782842918222,5051.018312556982,5077.25378219574,5103.4892518345,5129.72472147326,5155.96019111202,5182.195660750779,5208.431130389539,5234.666600028298,5260.902069667059,5288.241433500756,5315.722871983427,5343.347123435321,5371.114930013515,5399.027037731867,5427.084196481044,5455.287160048678,5483.636686139609,5512.133536396256,5540.778476419062,5569.572275787074,5598.515708078611,5627.609550892058,5656.854585866748,5686.251598703962,5715.801379188045,5745.504721207612,5775.362422776893,5805.375286057155,5835.544117378266,5865.869727260356,5896.352930435585,5926.99454587004,5957.795396785737,5988.756310682726,6019.87811936134,6051.161658944534,6082.607769900345,6114.217297064479,6145.991089663,6177.930001335156,6210.034890156307,6242.306618660974,6274.746053866023,6307.354067293949,6340.131534996292,6373.07933757718,6406.198360216972,6439.489492696064,6472.953629418767,6506.591669437356,6540.404516476212,6574.39307895611,6608.55827001862,6642.901007550638,6677.422214209057,6712.122817445531,6747.003749531428,6782.065947582844,6817.310353585793
Jordan,JO,JOR,Population,,454.166,488.136,524.753,563.444,604.247,646.887,691.315,737.395,784.249,830.969,875.973,919.208,961.901,1007.527,1063.754,1135.127,1221.592,1320.774,1424.147,1522.052,1608.274,1682.015,1747.096,1809.092,1869.272,1928.838,1987.515,2050.489,2116.702,2191.062,2277.311,2373.723,2480.13,2594.485,2714.891,2842.729,2977.044,3118.224,3267.854,3431.4,3812.416,4017.883,4237.502,4458.537,4664.275,4839.917,4985.115,5107.455,5221.114,5331.775,5442.116,5555.672,5676.461,5807.196,5956.927,6102.248,6752.494,6901.96,7077.772,7205.735,7388.352,7572.496,7601.759,8381.859,9201.562,9887.896,10124.837,10343.615,10580.997,10762.786,10967.669,11165.043,11347.484,11530.943,11574.809,11466.56,11712.505,11926.422,12142.498,12348.965,12548.587,12756.521,12953.352,13148.087,13342.249,13539.419,13737.101,13943.387,14153.246,14360.147,14582.447,14786.577,14980.728,15174.872,15372.207,15571.76,15752.885,15930.391,16112.39,16282.67,16452.039,16598.296,16756.397,16890.234,17023.115,17167.335,17300.079,17446.916,17590.125,17733.193,17871.248,18012.44,18160.581,18293.094,18415.315,18550.535,18685.958,18802.023,18941.062,19048.279,19171.27,19286.35,19395.606,19501.991,19598.444,19704.891,19798.211,19889.703,19976.195,20067.614,20152.745,20249.541,20335.375,20395.751,20463.125,20541.192,20604.519,20674.572,20744.11,20825.36,20890.527,20975.614,21024.926,21073.46,21106.015,21163.94,21197.559,21236.194,21277.928,21306.183
Kazakhstan,KZ,KAZ,Cement production,kt cement,785.754928,895.068735,1014.483716,1208.610516,1432.766387,1586.201119,1846.205535,2130.881793,2484.600238,2919.893487,3266.595619,3686.549532,3929.086301,4186.944172,4673.813823,5171.449938,5486.641197,5672.524662,5828.331516,6189.997727,6550.898629,6842.075731,7216.61117,7624.026729,8119.024141,8201.606422,8323.409625,8252.617531,7934.839971,8002.647839,8135.620131,7910.172708,8193.522327,8317.845989,8352.355652,8613.410994,8738.956315,8851.697545,8890.275261,8652.723673,8148.489505,6400.0,4000.0,2000.0,2616.0,1120.0,661.0,600.0,838.0,1175.0,2029.0,2129.0,2569.7,3662.0,3974.8,4880.2,5698.6,5837.0,5694.0,6686.0,7642.0,7050.0,7072.0,8140.0,8729.0,9204.0,9398.0,9913.0,10268.0,10962.0,12313.0,12088.0,12088.0,12088.0,12970.07673872197,13080.93209546319,13191.7874522044,13302.64280894562,13413.49816568683,13524.35352242804,13635.20887916926,13746.06423591047,13856.91959265168,13967.7749493929,14078.63030613411,14145.14352017884,14211.65673422356,14278.1699482683,14344.68316231302,14411.19637635775,14477.70959040248,14544.22280444721,14610.73601849193,14677.24923253666,14743.76244658139,14810.27566062612,14876.78887467085,14943.30208871558,15009.8153027603,15076.32851680503,15145.30201481997,15214.59106336322,15284.19710606369,15354.12159315483,15424.36598150483,15494.93173464699,15565.82032281022,15637.03322294963,15708.57191877736,15780.43790079345,15852.63266631691,15925.15771951689,15998.0145714441,16071.20474006217,16144.7297502794,16218.59113398044,16292.79043005825,16367.32918444615,16442.20895015004,16517.43128728075,16592.99776308654,16668.90995198574,16745.1694355996,16821.7778027852,16898.73664966858,16976.04757967794,17053.71220357715,17131.73213949918,17210.10901297996,17288.84445699211,17367.94011197905,17447.39762588915,17527.21865421005,17607.4048600032,17687.95791393844,17768.87949432888,17850.17128716583,17931.83498615391,18013.87229274636,18096.28491618052,18179.07457351339,18262.24298965741,18345.79189741645,18429.72303752185,18514.03815866871,18598.73901755237,18683.82737890491,18769.30501553202,18855.17370834988,18941.43524642226
Kazakhstan,KZ,KAZ,Population,,6902.639,7139.178,7378.44,7618.54,7865.521,8121.741,8391.662,8676.138,8969.144,9275.206,9584.756,9899.413,10218.444,10536.487,10844.132,11142.235,11435.744,11733.113,12025.251,12287.173,12550.941,12818.685,13084.911,13331.332,13577.809,13823.876,14173.6,14532.93,14890.064,15067.328,15238.569,15407.594,15577.596,15753.506,15935.736,16126.443,16398.962,16656.468,16905.869,17088.157,17219.952,17337.248,17328.001,17220.974,16866.569,16594.503,16237.551,15848.95,15446.621,15465.128,15537.077,15614.023,15699.332,15795.429,15904.89,16031.343,16176.088,16338.34,16514.71,16724.982,16948.639,17183.366,17428.846,17684.158,17948.412,18219.926,18507.273,18796.589,19068.864,19350.246,19613.988,19873.218,20196.0,20464.208,20720.934,20966.575,21200.678,21431.677,21663.609,21890.421,22115.965,22338.117,22567.174,22791.582,23014.843,23237.06,23461.102,23681.374,23905.413,24130.36,24363.286,24591.958,24823.991,25058.049,25292.41,25527.102,25758.65,25992.857,26220.823,26436.975,26651.554,26863.488,27074.071,27282.847,27480.173,27678.495,27872.014,28048.831,28224.513,28399.692,28569.196,28737.023,28900.605,29063.199,29222.925,29383.827,29537.11,29686.403,29837.094,29995.317,30147.487,30297.977,30445.021,30589.963,30741.332,30889.102,31035.946,31181.97,31328.52,31462.474,31599.981,31737.126,31862.625,31997.367,32124.711,32248.632,32371.749,32493.858,32604.849,32713.309,32818.713,32921.551,33017.45,33118.291,33216.369,33315.008,33405.907,33485.44,33562.22,33637.669
Kenya,KE,KEN,Cement production,kt cement,22.05767,29.410226,36.762783,73.525566,132.346019,183.813915,205.871585,220.576698,316.685116,352.390405,330.360679,346.053475,345.57016,419.095726,484.548752,485.932578,477.916179,543.382579,640.422333,794.076112,794.076112,801.428669,794.819629,852.896565,897.011905,985.242584,1146.998829,1124.166939,852.276277,1271.240078,1301.402517,1301.402517,1278.339073,1161.703942,845.544008,1308.755074,1322.522892,1242.582065,1213.171838,1510.0,1423.0,1508.0,1417.0,1452.0,1566.0,1816.0,1506.0,1426.0,1440.0,1367.0,1319.0,1463.0,1658.073,1789.102,2123.256,2174.09,2545.661,2829.0,3320.282,3709.806,4478.428,4639.723,5059.129,5860.537,6338.185,6707.23,6230.291,6029.934,5967.187,7406.915,9247.745,9791.433,9616.051,8852.563,10442.7002479063,10767.34377892929,11091.98730995229,11416.63084097528,11741.27437199828,12065.91790302127,12390.56143404426,12715.20496506726,13039.84849609025,13364.49202711325,13689.13555813624,14134.41822846531,14579.70089879438,15024.98356912345,15470.26623945252,15915.54890978158,16360.83158011065,16806.11425043972,17251.3969207688,17696.67959109786,18141.96226142693,18587.244931756,19032.52760208507,19477.81027241414,19923.09294274321,20368.37561307228,20915.1870659452,21476.67827387926,22053.2433310499,22645.28691152434,23253.22455329032,23877.48294991005,24518.50025000389,25176.72636477395,25852.62328378356,26546.66539921418,27259.33983882728,27991.14680786509,28742.59994012984,29514.2266584883,30306.56854505441,31120.18172130977,31955.63723842904,32813.52147808392,33694.43656400724,34599.00078460589,35527.84902691931,36481.63322222801,37461.022803625,38466.70517587119,39499.38619786457,40559.79067806186,41648.66288320023,42766.76706067628,43914.88797494878,45093.83145834183,46304.42497663484,47547.51820983644,48823.98364854998,50134.71720634893,51480.63884859235,52862.69323812149,54281.85039829097,55739.10639379954,57235.48402979869,58772.03356976951,60349.83347267176,61969.99114988249,63633.64374245553,65341.95891924746,67096.13569646998,68897.4052792441,70747.03192574701,72646.31383455748,74596.58405582354,76599.21142689102
Kenya,KE,KEN,Population,,5826.695,5960.456,6106.133,6261.648,6434.634,6623.959,6831.421,7058.315,7291.263,7554.227,7836.387,8139.152,8459.465,8796.477,9150.594,9525.563,9910.069,10312.044,10725.601,11153.789,11583.794,11994.014,12418.107,12851.563,13288.593,13734.748,14180.498,14677.14,15191.111,15730.221,16306.697,16896.318,17516.032,18176.715,18853.097,19550.438,20252.854,20979.339,21733.099,22503.769,23281.534,24011.493,24753.426,25480.95,26233.31,26970.193,27718.229,28485.306,29290.809,30176.006,31109.774,32128.566,33131.051,34173.395,35253.516,36339.452,37468.564,38604.135,39808.568,41009.214,42187.919,43329.003,44447.603,45525.978,46576.903,47600.149,48679.225,49716.306,50697.909,51707.746,52726.921,53711.41,54793.511,55884.494,56981.395,58083.59,59189.233,60302.272,61418.617,62539.756,63664.735,64795.5,65922.569,67047.052,68162.208,69269.61,70368.161,71452.641,72529.227,73586.305,74631.421,75657.282,76666.166,77652.082,78617.878,79559.793,80484.958,81392.336,82282.993,83160.549,84025.929,84877.417,85711.113,86530.78,87335.077,88129.227,88910.52,89689.615,90455.869,91203.646,91935.514,92652.231,93349.988,94020.161,94669.848,95295.12,95901.567,96481.272,97039.884,97571.6,98079.711,98565.909,99029.404,99460.528,99869.307,100255.933,100625.642,100970.358,101292.88,101597.898,101889.35,102156.022,102402.151,102633.005,102845.566,103044.862,103230.403,103399.436,103556.964,103700.415,103827.84,103935.007,104025.997,104096.768,104153.462,104197.492,104228.055,104234.533,104234.482,104215.393
Kiribati,KI,KIR,Cement production,kt cement,,,,,,,,,,,0.0,0.0,0.0,0.0,0.0,0.0,0.0,0.0,0.0,0.0,0.0,0.0,0.0,0.0,0.0,0.0,0.0,0.0,0.0,0.0,0.0,0.0,0.0,0.0,0.0,0.0,0.0,0.0,0.0,0.0,0.0,0.0,0.0,0.0,0.0,0.0,0.0,0.0,0.0,0.0,0.0,0.0,0.0,0.0,0.0,0.0,0.0,0.0,0.0,0.0,0.0,0.0,0.0,0.0,0.0,0.0,0.0,0.0,0.0,0.0,0.0,0.0,0.0,0.0,35.43247940697455,35.69888902657586,35.96529864617717,36.23170826577849,36.4981178853798,36.7645275049811,37.03093712458242,37.29734674418373,37.56375636378505,37.83016598338636,38.09657560298767,38.29194265736196,38.48730971173626,38.68267676611056,38.87804382048486,39.07341087485915,39.26877792923344,39.46414498360774,39.65951203798204,39.85487909235633,40.05024614673063,40.24561320110492,40.44098025547922,40.63634730985352,40.83171436422781,41.02708141860211,41.23027854333483,41.43448205385159,41.63969693453562,41.84592819445663,42.05318086749299,42.26146001245468,42.4707707132067,42.68111807879322,42.89250724356225,43.10494336729095,43.31843163531163,43.53297725863826,43.74858547409372,43.96526154443757,44.18301075849454,44.40183843128365,44.62174990414784,44.84275054488449,45.06484574787634,45.2880409342232,45.51234155187424,45.73775307576103,45.96428100793113,46.19193087768239,46.42070824169792,46.65061868418172,46.88166781699503,47.11386127979322,47.34720474016352,47.58170389376333,47.81736446445928,48.05419220446688,48.29219289449097,48.53137234386679,48.77173639070188,49.01329090201839,49.25604177389648,49.49999493161812,49.74515632981178,49.99153195259773,50.23912781373414,50.48794995676383,50.73800445516189,50.98929741248375,51.24183496251433,51.49562326941766,51.75066852788738,52.00697696329793,52.26455483185652,52.52340842075583
Kiribati,KI,KIR,Population,,38.228,39.016,39.836,40.691,41.573,42.508,43.474,44.475,45.498,46.589,47.724,48.922,50.155,51.428,52.748,54.13,54.72,55.272,55.786,56.934,58.086,59.218,60.338,61.309,61.13,60.844,60.479,60.055,59.674,60.669,61.626,62.617,63.651,64.687,65.768,67.225,68.894,70.571,72.282,74.013,75.696,77.037,78.246,79.436,80.606,81.863,83.382,84.913,86.402,87.85,89.376,91.293,93.235,95.115,97.054,99.017,101.018,103.118,105.327,107.607,109.801,111.494,113.074,114.603,116.05,117.58,119.376,121.173,122.994,124.847,127.351,129.403,131.534,133.527,135.509,137.468,139.422,141.376,143.275,145.18,147.073,148.975,150.839,152.688,154.51,156.369,158.252,160.12,161.97,163.808,165.592,167.409,169.243,171.107,172.911,174.714,176.522,178.254,180.041,181.78,183.463,185.057,186.666,188.178,189.698,191.184,192.666,194.11,195.508,196.878,198.148,199.365,200.523,201.712,202.84,203.964,205.019,206.09,207.094,208.012,208.924,209.806,210.629,211.439,212.239,213.013,213.749,214.415,215.102,215.778,216.417,217.017,217.61,218.187,218.733,219.241,219.712,220.181,220.599,220.964,221.348,221.7,221.963,222.175,222.361,222.478,222.567,222.621,222.646,222.652
Kuwait,KW,KWT,Cement production,kt cement,0.0,0.0,0.0,0.0,0.0,0.0,0.0,0.0,0.0,0.0,0.0,0.0,0.0,0.0,0.0,0.0,0.0,0.0,0.0,0.0,0.0,0.0,0.0,227.972505,286.749707,330.930734,330.794605,624.967311,1036.49535,1308.755074,1551.389442,1551.120756,1124.941159,1183.761612,1191.263975,1014.65281,1014.65281,889.659348,1110.236046,900.0,98.0,533.0,500.0,1000.0,1950.0,2000.0,2000.0,1345.0,1435.0,1187.0,921.0,1584.0,1863.4,2635.0,2145.0,2200.0,2200.0,2600.0,2000.0,2000.0,2250.0,2400.0,3000.0,2800.0,3100.0,4000.0,3400.0,3400.0,3900.0,3400.0,3500.0,3630.0,3630.0,3630.0,3688.367138485537,3731.384811375001,3774.402484264465,3817.420157153929,3860.437830043394,3903.455502932857,3946.473175822322,3989.490848711785,4032.50852160125,4075.526194490714,4118.543867380178,4140.743110920667,4162.942354461156,4185.141598001645,4207.340841542134,4229.540085082623,4251.739328623112,4273.938572163601,4296.137815704089,4318.337059244578,4340.536302785067,4362.735546325556,4384.934789866045,4407.134033406533,4429.333276947023,4451.532520487512,4474.665828346794,4497.919353216746,4521.293719829888,4544.789556165282,4568.407493465427,4592.148166253191,4616.012212348882,4640.000272887362,4664.112992335295,4688.351018508438,4712.715002589062,4737.205599143441,4761.823466139434,4786.569264964173,4811.443660441815,4836.447320851424,4861.580917944903,4886.845126965065,4912.240626663747,4937.768099320072,4963.428230758763,4989.221710368573,5015.149231120804,5041.211489587931,5067.409185962308,5093.743024074981,5120.213711414607,5146.821959146447,5173.568482131483,5200.453998945616,5227.479231898978,5254.644907055337,5281.951754251594,5309.400507117406,5336.99190309488,5364.726683458402,5392.605593334538,5420.629381722054,5448.798801512055,5477.114609508189,5505.577566446995,5534.188437018334,5562.94798988594,5591.856997708063,5620.916237158233,5650.126488946125,5679.488537838527,5709.00317268044,5738.671186416253,5768.493376111056
Kuwait,KW,KWT,Population,,156.152,160.747,165.567,170.612,175.875,196.354,218.076,236.007,264.399,294.651,327.469,364.42,405.57,449.818,496.411,545.938,599.241,656.937,718.494,780.411,837.817,892.335,948.37,1006.937,1069.755,1139.971,1217.452,1298.594,1382.044,1464.985,1544.579,1622.273,1702.688,1785.903,1855.472,1933.012,2012.028,2093.961,2175.454,2259.483,1110.154,1592.643,1677.28,1667.023,1661.699,1701.327,1759.166,1816.2,1872.404,1927.655,1981.763,2034.48,2085.467,2134.295,2180.346,2293.23,2436.237,2579.536,2723.305,2867.663,3019.08,3246.549,3427.501,3587.991,3743.541,3925.367,4082.575,4226.794,4419.981,4464.406,4335.882,4385.601,4793.42,4884.143,4984.872,5067.283,5138.263,5198.474,5251.386,5300.697,5347.698,5395.588,5444.311,5493.866,5544.176,5595.165,5646.761,5698.903,5751.579,5804.569,5857.852,5911.428,5965.217,6018.988,6072.884,6126.663,6180.313,6233.905,6287.505,6340.996,6394.515,6447.964,6501.421,6554.972,6608.651,6662.626,6716.912,6771.719,6826.955,6882.665,6938.872,6995.702,7053.153,7111.196,7169.64,7228.698,7288.354,7348.683,7409.667,7471.321,7533.508,7596.401,7660.063,7724.279,7789.007,7854.308,7920.188,7986.583,8053.468,8120.822,8188.775,8257.174,8325.988,8395.277,8465.025,8535.272,8606.0,8677.254,8749.002,8821.193,8893.657,8966.59,9039.958,9113.729,9187.843,9262.32,9337.144,9412.238,9487.666,9563.75
Kyrgyzstan,KG,KGZ,Cement production,kt cement,135.474988,154.322196,174.910986,208.381123,247.028687,273.482951,318.311299,367.393413,428.379351,503.429912,563.206141,635.611988,677.428673,721.886926,805.829969,891.6293,945.97262,978.021493,1004.884744,1067.240987,1129.465281,1179.66823,1244.243305,1314.487367,1399.831748,1414.070073,1435.070625,1422.865092,1368.075857,1379.766869,1402.693126,1363.822881,1412.676263,1434.111377,1440.061319,1485.070861,1506.716606,1526.154749,1532.806079,1491.848909,1404.911984,1100.0,700.0,400.0,310.0,544.0,658.0,709.0,386.0,500.0,469.0,533.0,757.3,870.1,972.8,1059.9,1229.5,1218.0,579.0,760.0,1022.0,1239.0,1676.0,1730.0,1496.0,1302.0,1505.0,1931.0,1947.0,1874.0,2491.0,2667.0,2667.0,2667.0,2861.614383038675,2886.072625628749,2910.530868218823,2934.989110808898,2959.447353398972,2983.905595989046,3008.36383857912,3032.822081169194,3057.280323759268,3081.738566349342,3106.196808939417,3120.871754493461,3135.546700047506,3150.22164560155,3164.896591155595,3179.571536709639,3194.246482263683,3208.921427817728,3223.596373371773,3238.271318925817,3252.946264479861,3267.621210033906,3282.296155587951,3296.971101141995,3311.64604669604,3326.320992250084,3341.538755255201,3356.826138814502,3372.18346143877,3387.611043095957,3403.10920521785,3418.678270706777,3434.318563942326,3450.030410788109,3465.814138598546,3481.670076225689,3497.598554026074,3513.5999038676,3529.674459136449,3545.822554744028,3562.044527133948,3578.340714289032,3594.711455738365,3611.157092564351,3627.677967409842,3644.274424485255,3660.94680957576,3677.695470048475,3694.520754859706,3711.423014562222,3728.402601312549,3745.459868878314,3762.595172645619,3779.808869626433,3797.101318466046,3814.472879450525,3831.923914514239,3849.454787247381,3867.065862903558,3884.757508407389,3902.530092362163,3920.383985057506,3938.319558477107,3956.337186306458,3974.437243940647,3992.620108492177,4010.886158798825,4029.235775431528,4047.669340702322,4066.187238672299,4084.789855159618,4103.477577747532,4122.250795792471,4141.109900432155,4160.055284593739,4179.087343002
Kyrgyzstan,KG,KGZ,Population,,1769.213,1805.831,1843.35,1881.713,1922.577,1966.23,2013.009,2063.645,2118.062,2180.528,2250.489,2326.843,2407.745,2490.74,2573.562,2656.552,2738.715,2821.623,2904.164,2985.517,3064.768,3138.116,3209.772,3279.968,3348.075,3414.65,3479.36,3548.882,3620.164,3692.213,3766.534,3842.377,3923.246,4008.271,4070.424,4134.359,4202.828,4274.107,4341.927,4422.075,4497.012,4567.22,4633.401,4620.205,4678.165,4749.104,4816.659,4879.328,4936.253,5000.92,5049.371,5094.54,5137.968,5180.875,5225.207,5267.457,5297.448,5329.288,5355.751,5440.264,5543.257,5645.813,5747.225,5847.354,5949.285,6054.479,6162.444,6277.855,6405.609,6582.461,6745.818,6895.139,7016.437,7130.594,7241.424,7348.645,7452.284,7555.076,7654.905,7754.31,7852.926,7950.345,8045.708,8140.776,8235.271,8329.559,8423.826,8517.689,8613.416,8709.553,8805.84,8901.047,8994.42,9087.104,9177.645,9266.563,9352.111,9436.842,9521.003,9602.753,9683.152,9761.173,9835.458,9908.497,9979.446,10047.757,10116.123,10182.867,10248.521,10310.621,10371.635,10432.694,10492.999,10552.827,10609.195,10665.463,10722.314,10777.666,10832.56,10886.448,10939.304,10990.987,11041.322,11087.275,11133.819,11180.321,11222.316,11262.318,11301.154,11337.345,11372.192,11405.227,11435.823,11466.365,11495.946,11523.352,11548.806,11572.108,11593.827,11613.734,11631.557,11648.017,11662.849,11678.092,11692.592,11704.324,11714.002,11721.85,11726.114,11728.85
Lao People's Democratic Republic,LA,LAO,Cement production,kt cement,,,,,0.0,0.0,0.0,0.0,0.0,0.0,0.0,0.0,0.0,0.0,0.0,0.0,0.0,0.0,0.0,0.0,0.0,0.0,0.0,0.0,0.0,0.0,0.0,0.0,0.0,0.0,0.0,0.0,0.0,0.0,0.0,0.0,0.0,0.0,0.0,,,7.0,7.0,10.0,10.0,78.0,84.0,80.0,80.0,92.0,92.0,240.0,250.0,250.0,250.0,400.0,400.0,400.0,1000.0,1200.0,1300.0,1500.0,2156.0,2201.0,3099.0,3407.0,3938.0,4800.0,5208.0,6162.0,14412.0,12800.0,12800.0,12800.0,10165.04190713906,10298.04245545677,10431.04300377447,10564.04355209218,10697.04410040989,10830.04464872759,10963.0451970453,11096.04574536301,11229.04629368072,11362.04684199842,11495.04739031613,11556.35430973115,11617.66122914617,11678.96814856119,11740.27506797621,11801.58198739123,11862.88890680625,11924.19582622126,11985.50274563629,12046.80966505131,12108.11658446632,12169.42350388134,12230.73042329636,12292.03734271138,12353.3442621264,12414.65118154142,12478.51116449561,12542.69963814707,12607.21829222593,12672.06882515419,12737.25294409036,12802.77236497447,12868.6288125732,12934.82402052529,13001.35973138717,13068.23769667887,13135.45967693008,13203.02744172652,13270.94276975652,13339.20744885784,13407.82327606473,13476.79205765526,13546.11560919883,13615.795755604,13685.83433116652,13756.23317961758,13826.99415417242,13898.11911757905,13969.6099421673,14041.46850989814,14113.69671241318,14186.29645108448,14259.26963706464,14332.61819133704,14406.34404476646,14480.4491381499,14554.93542226767,14629.80485793473,14705.05941605232,14780.70107765983,14856.73183398699,14933.15368650621,15009.96864698537,15087.17873754068,15164.78599068998,15242.79244940623,15321.20016717124,15400.01120802981,15479.22764664399,15558.85156834777,15638.88506920189,15719.33025604908,15800.18924656951,15881.4641693365,15963.15716387261,16045.27038070594
Lao People's Democratic Republic,LA,LAO,Population,,1704.927,1745.558,1786.8,1828.824,1871.432,1914.994,1959.464,2004.805,2051.248,2097.721,2145.306,2194.285,2245.534,2296.587,2349.065,2403.334,2458.835,2516.595,2576.159,2637.759,2701.645,2767.611,2835.709,2905.436,2974.086,3036.957,3092.796,3145.049,3198.432,3257.973,3327.174,3406.087,3493.965,3588.038,3687.649,3792.32,3901.109,4014.115,4131.087,4250.86,4373.05,4497.185,4622.108,4748.012,4870.428,4988.39,5102.967,5201.056,5295.476,5386.093,5476.332,5566.632,5655.145,5740.745,5822.506,5916.54,6009.86,6102.613,6195.325,6287.959,6380.429,6472.751,6565.205,6657.564,6748.779,6854.512,6963.093,7073.201,7182.889,7292.382,7400.683,7505.704,7612.311,7717.674,7821.964,7924.127,8023.908,8121.935,8217.65,8311.151,8402.895,8492.636,8580.265,8665.389,8748.265,8829.248,8908.51,8985.975,9061.743,9134.041,9203.962,9272.242,9338.569,9401.524,9463.091,9521.914,9578.765,9632.847,9685.231,9733.998,9780.573,9825.0,9866.698,9905.674,9941.744,9974.344,10004.979,10033.199,10058.709,10080.995,10100.914,10118.162,10132.294,10144.135,10153.425,10160.097,10165.248,10166.975,10166.626,10163.241,10157.099,10150.002,10140.324,10128.074,10113.728,10097.604,10080.424,10060.399,10038.875,10015.552,9991.225,9965.228,9937.878,9908.666,9878.479,9846.376,9812.81,9778.077,9741.869,9704.547,9666.137,9626.548,9586.295,9544.98,9502.839,9460.134,9416.596,9372.104,9326.467,9279.907
Latvia,LV,LVA,Cement production,kt cement,48.770996,55.55599,62.967955,75.017204,88.930327,98.453863,114.592068,132.261629,154.216566,181.234768,202.754211,228.820316,243.874322,259.879293,290.098789,320.986548,340.550143,352.087738,361.758508,384.206755,406.607501,424.680563,447.92759,473.215452,503.939429,509.065226,516.625425,512.231433,492.507309,496.716073,504.969525,490.976237,508.563455,516.280096,518.422075,534.62551,542.417978,549.41571,551.810189,537.065607,505.768314,1500.0,1000.0,736.0,649.0,700.0,714.0,788.0,666.0,570.0,529.0,606.0,596.9,753.1,832.1,1065.4,1105.365,1076.0,583.0,834.0,996.0,1015.0,1070.0,903.0,980.0,1010.0,1023.0,1151.0,1223.0,1221.0,1354.0,1463.0,1463.0,1463.0,1235.554761247306,1237.321101149018,1239.087441050729,1240.853780952441,1242.620120854153,1244.386460755864,1246.152800657576,1247.919140559288,1249.685480460999,1251.451820362711,1253.218160264423,1250.627528408579,1248.036896552735,1245.446264696891,1242.855632841048,1240.265000985204,1237.67436912936,1235.083737273516,1232.493105417672,1229.902473561829,1227.311841705985,1224.721209850141,1222.130577994297,1219.539946138454,1216.94931428261,1214.358682426766,1211.811312666017,1209.269286542853,1206.732592847884,1204.201220395234,1201.67515802249,1199.154394590657,1196.638918984104,1194.128720110519,1191.623786900857,1189.124108309294,1186.629673313175,1184.140470912971,1181.656490132222,1179.177720017497,1176.70414963834,1174.235768087226,1171.772564479509,1169.314527953377,1166.861647669801,1164.413912812491,1161.971312587847,1159.533836224908,1157.10147297531,1154.674212113234,1152.252042935363,1149.83495476083,1147.422936931174,1145.015978810293,1142.614069784397,1140.217199261958,1137.82535667367,1135.438531472394,1133.056713133118,1130.679891152909,1128.308055050865,1125.94119436807,1123.579298667547,1121.222357534216,1118.87036057484,1116.523297417988,1114.181157713983,1111.843931134859,1109.511607374316,1107.184176147672,1104.861627191821,1102.543950265185,1100.231135147669,1097.923171640619,1095.620049566773,1093.321758770219
Latvia,LV,LVA,Population,,1926.176,1941.654,1957.416,1972.981,1991.088,2009.836,2029.175,2051.055,2075.529,2118.434,2143.909,2170.428,2194.142,2217.46,2242.056,2263.468,2285.231,2306.926,2327.642,2347.69,2367.428,2386.718,2405.03,2426.536,2447.454,2464.087,2476.987,2492.228,2502.496,2508.556,2514.962,2524.978,2539.051,2554.891,2570.655,2587.806,2611.749,2640.176,2664.317,2665.354,2654.909,2642.971,2586.682,2540.958,2501.509,2470.389,2445.422,2421.04,2399.378,2382.266,2354.359,2322.243,2300.459,2277.509,2250.839,2228.728,2209.336,2192.216,2163.207,2120.878,2074.784,2045.099,2024.168,2001.852,1986.446,1969.288,1950.438,1934.75,1920.426,1908.1,1894.147,1877.027,1885.099,1879.693,1864.05,1843.068,1828.801,1814.326,1799.817,1785.151,1770.088,1755.65,1741.131,1726.877,1713.126,1699.731,1686.311,1673.254,1660.2,1647.022,1634.266,1621.373,1608.932,1596.346,1583.83,1570.982,1558.454,1545.815,1533.056,1520.223,1507.397,1494.633,1481.026,1467.278,1453.355,1439.426,1425.2,1410.922,1396.767,1382.712,1368.539,1354.719,1340.997,1327.311,1313.565,1299.876,1286.671,1273.39,1260.297,1247.642,1235.075,1222.63,1210.537,1198.541,1186.53,1174.602,1162.853,1151.314,1139.831,1128.357,1117.14,1106.139,1095.33,1084.648,1074.254,1064.165,1054.137,1044.195,1034.462,1024.864,1015.291,1005.758,996.3,986.936,977.527,968.103,958.623,949.21,939.666,930.123
Lebanon,LB,LBN,Cement production,kt cement,300.699295,286.749707,301.45482,338.217603,455.858509,485.268735,558.794301,507.326405,742.608216,854.109789,874.954235,860.249122,897.011905,882.306791,970.537471,1095.530933,1014.65281,905.261648,1249.934621,1336.92396,1499.921545,1682.658214,1661.67779,1742.555913,1654.325234,1705.79313,1360.22297,1382.28064,2124.888856,1485.216432,2389.580893,1698.440573,1499.921545,1249.934621,999.947697,904.364461,904.364461,904.364461,904.364461,900.0,900.0,1500.0,3000.0,3450.0,3538.0,3500.0,2703.0,3316.0,2714.0,2808.0,2890.0,2852.0,3900.0,4400.0,4600.0,3348.0,3945.0,4250.0,4897.0,5227.0,5550.0,5309.0,5831.0,6000.0,5500.0,5264.0,5149.0,4702.0,3203.0,1958.0,1810.0,2124.0,2124.0,2124.0,2158.152011609719,2183.322683019422,2208.493354429125,2233.664025838828,2258.834697248531,2284.005368658234,2309.176040067937,2334.346711477639,2359.517382887343,2384.688054297046,2409.858725706749,2422.848035150275,2435.8373445938,2448.826654037326,2461.815963480852,2474.805272924378,2487.794582367903,2500.783891811429,2513.773201254955,2526.762510698481,2539.751820142006,2552.741129585532,2565.730439029058,2578.719748472583,2591.709057916109,2604.698367359635,2618.234220222752,2631.840414940047,2645.517317057488,2659.265294020678,2673.084715184729,2686.975951824182,2700.939377142982,2714.975366284506,2729.084296341643,2743.26654636692,2757.522497382691,2771.852532391369,2786.257036385718,2800.736396359202,2815.291001316368,2829.921242283312,2844.627512318175,2859.410206521707,2874.269722047879,2889.206458114555,2904.220816014219,2919.313199124751,2934.484012920272,2949.733664982029,2965.06256500935,2980.47112483065,2995.959758414497,3011.528881880731,3027.178913511645,3042.91027376322,3058.723385276428,3074.618672888577,3090.596563644734,3106.657486809193,3122.801873877004,3139.030158585577,3155.342776926324,3171.740167156376,3188.222769810359,3204.79102771223,3221.445385987167,3238.186292073538,3255.014195734914,3271.929549072156,3288.932806535561,3306.024424937072,3323.204863462543,3340.474583684092,3357.834049572486,3375.28372750961
Lebanon,LB,LBN,Population,,1368.148,1406.995,1447.175,1488.852,1531.979,1576.156,1622.139,1669.71,1717.395,1768.145,1820.667,1879.501,1939.654,2000.978,2060.107,2117.554,2178.967,2234.494,2298.242,2358.076,2414.152,2478.475,2540.982,2604.888,2665.482,2720.899,2732.039,2792.272,2853.091,2912.18,2977.346,3040.615,3069.247,3120.745,3184.743,3250.008,3350.723,3420.386,3488.913,3561.656,3628.693,3709.132,3785.61,3855.684,3923.914,3997.556,4072.006,4144.804,4217.758,4292.796,4365.883,4437.953,4489.055,4561.962,4636.596,4705.608,4796.665,4891.572,4959.135,5025.438,5057.138,5134.903,5336.581,6150.292,6543.689,6401.249,6244.87,6075.386,5892.853,5696.335,5708.46,5727.783,5761.194,5785.791,5826.132,5872.709,5922.224,5971.902,6023.795,6076.967,6130.649,6185.353,6236.159,6283.334,6334.324,6381.124,6434.223,6489.519,6542.977,6595.573,6645.085,6693.111,6735.77,6772.374,6815.662,6854.313,6889.245,6928.803,6959.586,6986.186,7012.334,7038.634,7061.142,7082.948,7106.285,7127.953,7151.411,7174.025,7194.439,7214.607,7236.883,7254.646,7274.282,7291.415,7307.442,7323.075,7335.448,7348.344,7356.831,7368.475,7382.663,7395.13,7406.769,7420.991,7438.126,7444.307,7448.305,7454.972,7456.174,7458.39,7458.109,7456.983,7456.845,7450.509,7451.429,7443.046,7439.228,7428.366,7418.377,7407.778,7394.258,7377.594,7360.87,7340.13,7317.776,7296.827,7272.853,7248.576,7226.994,7204.494
Lesotho,LS,LSO,Cement production,kt cement,,,,,,,,,,,,,,,,,,,,,,,,,,,,,,,,,,,,,,,,0.0,0.0,0.0,0.0,0.0,0.0,0.0,0.0,0.0,0.0,0.0,0.0,0.0,0.0,0.0,0.0,0.0,0.0,0.0,0.0,0.0,0.0,0.0,0.0,0.0,0.0,0.0,0.0,0.0,0.0,0.0,0.0,0.0,0.0,0.0,287.3318552895693,296.2644518270689,305.1970483645684,314.129644902068,323.0622414395676,331.9948379770671,340.9274345145667,349.8600310520663,358.7926275895658,367.7252241270654,376.657820664565,388.9098141869871,401.1618077094094,413.4138012318317,425.6657947542539,437.9177882766761,450.1697817990984,462.4217753215206,474.6737688439429,486.9257623663651,499.1777558887873,511.4297494112096,523.6817429336319,535.933736456054,548.1857299784763,560.4377235008985,575.4832907888289,590.932772883924,606.7970133235741,623.0871467518612,639.8146067346377,656.9911337844113,674.6287836006646,692.7399355313968,711.337301261824,730.4339337363374,750.0432363199812,770.1789722058818,790.8552740752261,812.0866540165772,833.888013711482,856.2746548935233,879.2622900881576,902.8670536408737,927.1055130414167,951.9946805520215,977.5520251478197,1003.795484777801,1030.743478954929,1058.41492168426,1086.829234738125,1116.006361287702,1145.966779900539,1176.731518913863,1208.322171193748,1240.760909290515,1274.070501000991,1308.274325348563,1343.396388992218,1379.461343076118,1416.49450053151,1454.521853843133,1493.570093292573,1533.666625691392,1574.83959361716,1617.117895165906,1660.531204234841,1705.109991349595,1750.885545050579,1797.889993853499,1846.156328799413,1895.718426610171,1946.611073465495,1998.869989418373,2052.531853465914,2107.634329293262
Lesotho,LS,LSO,Population,,584.647,595.891,608.003,620.945,634.843,649.532,665.09,684.248,704.382,725.512,747.488,770.16,793.469,817.277,841.597,866.582,897.157,930.808,965.401,1001.004,1037.541,1074.951,1113.175,1152.218,1192.622,1234.665,1271.762,1308.172,1346.308,1386.03,1427.011,1469.127,1512.336,1556.49,1601.483,1647.274,1685.002,1721.778,1757.903,1792.968,1826.424,1858.333,1888.216,1915.37,1940.044,1962.829,1982.008,1994.253,2001.845,2004.622,2003.204,1998.502,1990.856,1979.261,1962.997,1943.155,1946.97,1959.567,1973.514,1988.252,2004.25,2023.768,2044.941,2068.067,2092.111,2117.112,2143.732,2170.489,2196.717,2222.094,2249.359,2273.725,2298.496,2324.448,2350.397,2376.252,2402.42,2428.317,2454.567,2480.799,2506.838,2533.204,2559.777,2586.443,2613.115,2640.019,2666.977,2693.183,2719.222,2745.069,2770.682,2796.056,2821.031,2845.489,2869.52,2893.158,2916.409,2939.32,2961.506,2982.808,3003.345,3023.771,3043.166,3061.478,3078.719,3095.849,3111.891,3127.595,3142.662,3157.374,3171.232,3184.512,3197.257,3208.579,3219.184,3228.88,3238.549,3248.022,3257.064,3265.427,3273.221,3279.873,3285.521,3290.805,3295.84,3299.433,3302.985,3306.191,3308.697,3310.787,3311.925,3312.743,3312.999,3312.992,3312.768,3311.969,3311.48,3310.004,3308.38,3306.314,3304.13,3301.234,3297.352,3293.618,3289.585,3284.692,3279.795,3274.222,3268.453,3262.573
Liberia,LR,LBR,Cement production,kt cement,0.0,0.0,0.0,0.0,0.0,0.0,0.0,0.0,0.0,0.0,0.0,0.0,0.0,0.0,0.0,0.0,0.0,51.467896,73.525566,88.230679,88.230679,88.230679,88.230679,88.230679,88.230679,102.935792,102.935792,132.346019,139.698575,102.935792,88.230679,80.878123,88.230679,80.878123,95.583236,95.583236,102.935792,102.935792,88.230679,49.0,2.0,8.0,8.0,3.0,5.0,15.0,7.0,10.0,15.0,71.0,63.0,54.0,25.0,121.059,143.847,154.99,157.2,94.0,71.0,72.0,81.0,122.0,194.0,295.0,298.0,241.0,285.0,332.0,343.0,416.0,535.0,474.0,474.0,474.0,559.1420154262202,576.5246687555327,593.9073220848452,611.2899754141578,628.6726287434703,646.0552820727828,663.4379354020955,680.8205887314081,698.2032420607205,715.585895390033,732.9685487193456,756.810681866094,780.6528150128424,804.4949481595909,828.3370813063394,852.1792144530878,876.0213475998362,899.8634807465846,923.7056138933332,947.5477470400815,971.3898801868299,995.2320133335785,1019.074146480327,1042.916279627075,1066.758412773824,1090.600545920572,1119.878917468085,1149.943299112219,1180.814792158797,1212.51506440141,1245.066365329409,1278.491541744166,1312.814053794573,1348.057991443026,1384.248091373471,1421.409754353346,1459.569063061639,1498.752800395552,1538.988468268629,1580.30430691354,1622.729314703074,1666.293268503238,1711.026744572771,1756.961140023717,1804.128694858136,1852.562514596416,1902.296593513059,1953.365838496272,2005.806093548078,2059.654164942169,2114.947847057153,2171.725948903309,2230.028321361498,2289.895885153323,2351.370659562176,2414.495791925347,2479.315587917862,2545.87554264934,2614.222372595676,2684.404048387952,2756.469828481624,2830.470293729576,2906.457382883343,2984.484429047382,3064.60619711202,3146.878922191318,3231.360349092846,3318.109772847061,3407.188080324751,3498.657792971741,3592.583110690854,3689.029956901939,3788.06602481158,3889.760824924967,3994.185733833281,4101.414044310822
Liberia,LR,LBR,Population,,927.375,945.44,964.512,984.24,1005.298,1027.482,1050.815,1075.081,1099.41,1125.716,1153.327,1182.107,1211.971,1242.857,1274.633,1307.678,1341.088,1375.781,1411.278,1447.932,1485.42,1522.734,1562.606,1604.569,1648.155,1693.671,1740.448,1791.59,1844.905,1900.52,1957.985,2015.748,2074.399,2139.828,2206.796,2274.282,2342.74,2411.719,2482.163,2553.553,1893.781,2019.255,2125.668,2184.584,2115.273,2223.05,2241.527,2584.451,2755.796,2887.571,2968.662,3062.013,3127.55,3111.515,3202.268,3399.761,3581.812,3756.287,3885.72,4000.335,4117.445,4324.912,4421.175,4519.302,4609.285,4709.577,4801.639,4896.21,4993.242,5094.199,5204.728,5313.918,5432.67,5553.392,5672.242,5790.17,5917.728,6055.872,6181.648,6308.524,6424.058,6549.424,6679.083,6810.759,6936.601,7070.513,7214.132,7343.381,7474.044,7616.957,7746.419,7887.748,8020.604,8133.719,8254.532,8366.757,8491.063,8612.982,8734.915,8856.741,8964.319,9075.973,9186.552,9302.752,9406.191,9522.148,9642.118,9752.975,9854.619,9984.71,10092.56,10199.712,10305.941,10409.647,10505.026,10608.179,10699.529,10803.001,10885.785,10980.394,11069.147,11168.738,11253.384,11348.262,11449.366,11533.909,11621.65,11698.59,11773.243,11850.26,11927.477,11994.168,12035.0,12088.915,12136.445,12201.174,12263.458,12297.927,12329.153,12380.78,12424.907,12450.053,12474.323,12511.464,12536.884,12561.458,12593.858,12622.242,12640.941,12653.423
Libya,LY,LBY,Cement production,kt cement,0.0,0.0,0.0,0.0,0.0,0.0,0.0,0.0,0.0,0.0,0.0,0.0,0.0,0.0,0.0,0.0,0.0,0.0,66.173009,95.583236,73.525566,58.820453,80.898459,485.268735,617.614754,1500.228592,2499.869242,3198.362119,3197.911645,3197.926256,3198.362119,3992.438231,4992.385928,5984.981068,6529.070256,2073.42096,2698.38827,2720.720041,2720.44594,2700.0,2369.0,2300.0,2300.0,3800.0,3210.0,3550.0,2524.0,3000.0,3000.0,3000.0,3000.0,3300.0,3500.0,3600.0,3621.0,5300.0,5206.0,5509.0,6500.0,7000.0,3500.0,2000.0,2000.0,7000.0,5000.0,4100.0,4500.0,4500.0,3600.0,3000.0,3000.0,3000.0,3000.0,3000.0,2922.203429691857,2960.048802509328,2997.894175326799,3035.73954814427,3073.58492096174,3111.430293779212,3149.275666596683,3187.121039414154,3224.966412231624,3262.811785049095,3300.657157866566,3340.304691294393,3379.952224722219,3419.599758150046,3459.247291577873,3498.894825005699,3538.542358433526,3578.189891861352,3617.837425289179,3657.484958717006,3697.132492144832,3736.780025572659,3776.427559000485,3816.075092428312,3855.722625856139,3895.370159283965,3938.630933333826,3982.372148136391,4026.599139317803,4071.317301760012,4116.532090258856,4162.249020189442,4208.473668178934,4255.211672786779,4302.468735192524,4350.250619891246,4398.563155396723,4447.412234952397,4496.803817250247,4546.743927157638,4597.238656452247,4648.294164565144,4699.916679332137,4752.112497753444,4804.887986761815,4858.249583999188,4912.203798601953,4966.757211994956,5021.916478694306,5077.688327119104,5134.079560412191,5191.097057270006,5248.747772781658,5307.038739277316,5365.977067186039,5425.569945903101,5485.824644666972,5546.748513446035,5608.348983835143,5670.633569962141,5733.609869404446,5797.285564115818,5861.668421363415,5926.76629467526,5992.58712479822,6059.138940666639,6126.429860381718,6194.468092201774,6263.261935543499,6332.819781994334,6403.150116336091,6474.261517579939,6546.162660012887,6618.862314255889,6692.369348333696,6766.692728756597
Libya,LY,LBY,Population,,1137.689,1153.085,1171.874,1194.709,1221.644,1261.11,1304.807,1352.901,1405.513,1462.418,1523.362,1588.037,1655.883,1725.032,1782.35,1825.68,1872.447,1923.952,1981.61,2046.977,2118.201,2188.866,2263.316,2365.069,2499.353,2643.759,2798.715,2964.351,3140.702,3326.99,3521.765,3721.208,3728.323,3709.598,3837.669,3959.821,4074.986,4184.492,4291.017,4394.823,4495.656,4593.143,4687.561,4778.529,4865.545,4948.141,5026.645,5102.633,5178.776,5257.299,5352.744,5454.534,5562.287,5676.508,5796.877,5920.719,6039.703,6169.056,6301.804,6431.569,6564.109,6122.297,6236.358,6372.899,6481.604,6582.035,6682.216,6795.323,6902.786,6999.279,7091.519,7178.831,7268.778,7342.54,7419.506,7497.603,7582.1,7672.876,7760.807,7843.617,7927.996,8010.221,8086.759,8166.517,8246.71,8321.197,8393.774,8469.681,8543.515,8616.193,8686.641,8752.59,8820.649,8888.131,8951.924,9015.973,9071.372,9125.445,9182.684,9234.542,9286.669,9334.488,9383.504,9428.594,9472.559,9504.873,9529.65,9560.595,9587.812,9616.894,9636.116,9656.927,9678.84,9689.88,9711.905,9731.411,9748.863,9761.204,9780.81,9799.365,9816.432,9828.092,9849.498,9865.13,9876.182,9888.204,9900.936,9906.594,9910.748,9923.41,9933.325,9945.469,9953.904,9957.515,9964.136,9970.529,9970.912,9967.294,9956.659,9946.269,9930.149,9921.257,9906.649,9891.433,9879.999,9868.491,9851.86,9831.88,9810.874,9793.152
Liechtenstein,LI,LIE,Cement production,kt cement,,,,,,,,,,,,,,,,,,,,,,,,,,,,,,,,,,,,,,,,,,,,,,,,,,,,,,,,,0.0,0.0,0.0,0.0,0.0,0.0,0.0,0.0,0.0,0.0,0.0,0.0,0.0,0.0,0.0,0.0,0.0,0.0,11.61350227259004,11.63858543084618,11.66366858910231,11.68875174735845,11.71383490561458,11.73891806387071,11.76400122212685,11.78908438038298,11.81416753863912,11.83925069689525,11.86433385515138,11.83980810041205,11.81528234567272,11.79075659093339,11.76623083619406,11.74170508145473,11.7171793267154,11.69265357197607,11.66812781723673,11.6436020624974,11.61907630775807,11.59455055301874,11.57002479827941,11.54549904354008,11.52097328880075,11.49644753406142,11.47233134563364,11.44826574592403,11.42425062881225,11.40028588840054,11.37637141901331,11.35250711519663,11.3286928717178,11.30492858356484,11.28121414594609,11.25754945428967,11.23393440424309,11.21036889167276,11.18685281266353,11.16338606351822,11.1399685407572,11.11660014111788,11.0932807615543,11.07001029923668,11.04678865155092,11.02361571609818,11.00049139069442,10.97741557336997,10.95438816236904,10.93140905614931,10.90847815338147,10.88559535294874,10.86276055394649,10.83997365568172,10.81723455767271,10.79454315964845,10.77189936154834,10.74930306352162,10.72675416592703,10.70425256933229,10.68179817451375,10.65939088245584,10.63703059435075,10.61471721159792,10.59245063580361,10.5702307687805,10.54805751254724,10.525930769328,10.50385044155207,10.4818164318534,10.45982864307022,10.43788697824452,10.41599134062173,10.39414163365023,10.37233776098091,10.35057962646682
Liechtenstein,LI,LIE,Population,,13.886,14.113,14.341,14.591,14.834,15.104,15.381,15.697,16.014,16.326,16.655,17.064,17.482,17.918,18.371,18.834,19.298,19.81,20.351,20.893,21.394,21.794,22.191,22.603,23.002,23.393,23.781,24.162,24.534,24.909,25.27,25.653,26.041,26.434,26.819,27.198,27.57,27.948,28.347,28.717,29.058,29.499,29.948,30.392,30.81,31.256,31.688,32.11,32.523,32.931,33.295,33.593,33.892,34.228,34.549,34.832,35.119,35.333,35.554,35.88,36.117,36.422,36.769,37.051,37.274,37.526,37.704,37.997,38.26,38.62,38.914,39.174,39.46,39.736,40.004,40.252,40.484,40.705,40.914,41.106,41.298,41.485,41.648,41.797,41.938,42.072,42.19,42.293,42.403,42.493,42.575,42.66,42.721,42.79,42.838,42.885,42.931,42.958,42.986,43.006,43.019,43.042,43.048,43.058,43.058,43.041,43.042,43.051,43.043,43.044,43.031,43.031,43.022,43.013,43.023,43.02,43.01,43.009,43.017,43.014,43.019,43.032,43.041,43.055,43.073,43.095,43.14,43.168,43.198,43.227,43.256,43.282,43.293,43.328,43.358,43.385,43.418,43.435,43.468,43.487,43.507,43.522,43.549,43.562,43.553,43.572,43.585,43.588,43.59,43.6
Lithuania,LT,LTU,Cement production,kt cement,184.215484,209.843444,237.839563,283.351415,335.903402,371.875245,432.831706,499.572331,582.499477,684.551343,765.833558,864.28921,921.150486,981.603702,1095.747343,1212.415116,1286.309798,1329.889051,1366.417024,1451.207477,1535.818507,1604.083215,1691.890781,1787.406891,1903.456036,1922.816952,1951.372975,1934.776197,1860.275173,1876.172317,1907.346865,1854.492083,1920.921685,1950.068614,1958.159196,2019.36204,2048.79538,2075.226878,2084.27119,2028.578659,1910.364012,400.0,300.0,244.0,203.0,325.0,246.0,366.0,,,,260.0,295.205,283.647,280.0,280.0,300.0,310.0,357.0,635.0,752.0,901.0,1000.0,1100.0,1100.0,1000.0,1000.0,1000.0,1100.0,1100.0,1200.0,1250.0,1250.0,1250.0,1055.668798058191,1057.177974324178,1058.687150590165,1060.196326856153,1061.70550312214,1063.214679388127,1064.723855654115,1066.233031920103,1067.74220818609,1069.251384452077,1070.760560718065,1068.547102194616,1066.333643671168,1064.12018514772,1061.906726624272,1059.693268100824,1057.479809577375,1055.266351053927,1053.052892530479,1050.839434007031,1048.625975483583,1046.412516960134,1044.199058436686,1041.985599913238,1039.77214138979,1037.558682866342,1035.382187855448,1033.21025849526,1031.042885208377,1028.880058437486,1026.721768645327,1024.568006314642,1022.418761948141,1020.274026068454,1018.133789218094,1015.99804195941,1013.866774874552,1011.739978565423,1009.617643653641,1007.4997607805,1005.386320606921,1003.27731381342,1001.172731100059,999.0725631864123,996.9768008115183,994.8854347338445,992.798455731243,990.7158546009126,988.6376221593556,986.5637492423397,984.4942267048555,982.4290454210781,980.368196284325,978.3116702070175,976.2594581206399,974.2115509756993,972.1679397416864,970.1286154070349,968.0935689790824,966.0627914840302,964.0362739669043,962.0140074915155,959.99598314042,957.9821920148803,955.972625234826,953.9672739388142,951.9661292839909,949.969182446052,947.9764246192038,945.9878470161246,944.0034408679264,942.0231974241156,940.0471079525538,938.0751637394217,936.1073560891772,934.1436763245204
Lithuania,LT,LTU,Population,,2445.351,2472.287,2500.534,2529.713,2559.693,2590.93,2623.739,2659.783,2698.089,2747.259,2790.93,2834.267,2872.306,2909.838,2947.87,2982.655,3018.059,3052.697,3087.834,3119.005,3152.739,3188.679,3221.132,3251.312,3281.412,3310.055,3339.081,3367.414,3392.734,3416.738,3440.1,3464.519,3490.65,3520.213,3548.034,3576.743,3610.818,3643.916,3701.377,3690.833,3699.192,3703.623,3691.466,3668.927,3640.855,3613.221,3586.202,3560.616,3534.925,3510.878,3489.926,3456.082,3432.019,3398.537,3354.861,3289.665,3249.951,3212.797,3184.164,3142.344,3053.095,3004.188,2972.471,2944.25,2922.086,2889.442,2848.777,2809.848,2795.108,2795.008,2796.521,2792.454,2841.385,2866.813,2851.406,2808.883,2785.793,2762.658,2739.681,2717.405,2695.311,2673.628,2651.984,2630.321,2608.224,2586.559,2564.443,2541.75,2519.174,2495.969,2473.701,2451.211,2428.452,2405.428,2383.238,2361.035,2338.78,2315.703,2293.008,2270.467,2247.081,2223.501,2199.606,2176.045,2151.973,2127.545,2103.238,2078.998,2054.848,2030.784,2006.904,1983.593,1960.343,1937.825,1915.279,1892.422,1869.928,1847.695,1825.718,1803.638,1782.13,1760.762,1739.637,1718.537,1697.014,1675.631,1654.279,1633.022,1611.753,1590.589,1569.384,1548.196,1527.135,1506.333,1485.816,1465.33,1445.501,1425.746,1406.122,1387.035,1368.301,1349.922,1331.903,1314.471,1297.56,1280.601,1264.213,1248.152,1232.284,1216.525
Luxembourg,LU,LUX,Cement production,kt cement,132.346019,110.331346,147.051132,154.403688,154.460939,161.756245,191.23112,198.519028,191.166471,213.224141,227.929254,227.929254,205.871585,205.810259,220.576698,213.156878,183.813915,191.109356,205.871585,242.634368,264.692037,308.807377,360.182058,367.62783,345.57016,301.45482,294.102264,308.807377,316.159934,323.51249,345.435801,345.57016,352.922717,338.217603,294.102264,389.6855,507.541101,565.914449,588.204528,636.0,688.0,600.0,720.0,711.0,714.0,667.0,683.0,699.0,742.0,749.0,729.0,728.0,714.0,797.0,760.0,901.0,1081.0,1091.0,1000.0,1078.0,1229.0,1040.0,1093.0,1058.0,1080.0,1130.0,1200.0,1211.0,1201.0,1131.0,1204.0,1200.0,1200.0,1200.0,1144.560674267227,1147.032727559381,1149.504780851534,1151.976834143688,1154.448887435842,1156.920940727996,1159.39299402015,1161.865047312304,1164.337100604458,1166.809153896611,1169.281207188765,1166.864088414215,1164.446969639665,1162.029850865114,1159.612732090564,1157.195613316013,1154.778494541463,1152.361375766912,1149.944256992362,1147.527138217812,1145.110019443261,1142.692900668711,1140.27578189416,1137.85866311961,1135.44154434506,1133.024425570509,1130.647671320174,1128.275902805926,1125.909109569149,1123.547281173161,1121.19040720318,1118.838477266265,1116.49148099128,1114.149408028843,1111.812248051284,1109.479990752594,1107.152625848387,1104.830143075847,1102.512532193688,1100.199782982108,1097.891885242742,1095.588828798619,1093.290603494115,1090.997199194912,1088.708605787948,1086.424813181377,1084.145811304521,1081.87159010783,1079.602139562833,1077.337449662097,1075.077510419181,1072.822311868593,1070.571844065744,1068.326097086908,1066.085061029175,1063.84872601041,1061.617082169205,1059.390119664841,1057.167828677241,1054.950199406927,1052.737222074978,1050.528886922986,1048.325184213015,1046.126104227553,1043.931637269475,1041.741773661998,1039.556503748637,1037.375817893163,1035.199706479563,1033.028159911992,1030.861168614739,1028.698723032177,1026.540813628723,1024.387430888801,1022.238565316791,1020.094207436995
Luxembourg,LU,LUX,Population,,297.346,298.974,300.828,302.538,304.424,306.2,307.716,309.163,310.914,313.155,314.6,318.084,321.219,324.477,327.988,331.417,334.737,336.298,337.716,338.81,339.854,344.058,348.087,350.315,352.536,354.825,356.918,359.571,362.522,363.266,364.145,364.825,365.287,365.693,366.102,367.22,369.591,371.989,375.576,379.179,384.221,389.413,394.514,399.886,405.294,411.16,416.393,421.544,426.765,433.029,439.236,444.267,448.51,455.166,461.425,469.302,476.43,484.11,493.871,502.502,512.318,524.85,537.045,549.662,562.896,576.176,590.836,602.155,614.047,626.279,634.915,645.633,660.992,669.204,676.868,684.039,690.858,697.698,704.456,710.726,716.608,722.26,727.896,733.146,738.156,743.101,747.735,752.087,756.534,760.767,764.579,768.284,771.855,775.015,778.055,781.023,783.671,786.137,788.564,790.578,792.35,794.216,795.596,796.879,798.107,799.209,799.614,800.01,800.4,800.63,800.72,800.873,800.669,800.402,800.114,799.761,799.341,798.695,797.962,796.997,795.66,794.631,793.227,791.832,790.531,789.202,787.795,786.281,784.849,783.224,781.566,779.747,777.802,776.23,774.374,772.518,770.599,768.676,766.887,765.212,763.555,761.761,760.308,758.756,757.156,755.848,754.216,752.398,750.668,748.879
Madagascar,MG,MDG,Cement production,kt cement,7.352557,0.0,0.0,0.0,0.0,0.0,0.0,0.0,0.0,0.0,0.0,14.705113,44.11534,44.452098,36.762783,51.467896,58.820453,66.173009,73.525566,73.525566,73.263909,66.173009,73.275479,58.820453,58.820453,73.797883,51.467896,66.173009,73.525566,58.954136,36.762783,36.895981,36.970482,36.762783,36.762783,36.762783,51.321681,51.322095,59.052945,60.0,60.0,60.0,60.0,40.0,40.0,44.0,36.0,44.0,46.0,51.0,52.0,30.0,200.0,170.0,150.0,150.0,270.0,160.0,140.0,160.0,200.0,230.0,230.0,150.0,150.0,150.0,200.0,130.0,120.0,150.0,150.0,150.0,150.0,150.0,176.9436757677912,182.444515428966,187.9453550901409,193.4461947513157,198.9470344124906,204.4478740736654,209.9487137348403,215.4495533960152,220.95039305719,226.4512327183649,231.9520723795397,239.4970512234474,247.0420300673552,254.5870089112629,262.1319877551707,269.6769665990784,277.2219454429861,284.7669242868939,292.3119031308016,299.8568819747093,307.401860818617,314.9468396625248,322.4918185064325,330.0367973503402,337.5817761942479,345.1267550381557,354.3920624899003,363.9061073139935,373.6755671388597,383.7072988612056,394.0083434586737,404.5859309316982,415.4474853780293,426.6006302034892,438.0531934726173,449.8132134029576,461.8889440068477,474.2888608846683,487.0216671736168,500.0962996561836,513.5219350326182,527.3079963617841,541.4641596749275,556.0003607669989,570.9268021702962,586.2539603153214,601.9925928838795,618.1537463595797,634.7487637810372,651.7892927032179,669.2872933725165,687.2550471213001,705.7051649878158,724.6505965675073,744.1046391019545,764.0809468118186,784.593540480336,805.6568172940949,827.2855609479985,849.4949520215037,872.3005786334252,895.7184473827773,919.7649945833363,944.4570977998044,969.8120876936772,995.847760187126,1022.582388953432,1050.034738242741,1078.224076052136,1107.170187649285,1136.893389459131,1167.414543323398,1198.755071142905,1230.936969912964,1263.982827162431,1297.915836807222
Madagascar,MG,MDG,Population,,4006.122,4108.277,4213.393,4321.677,4432.962,4547.264,4665.579,4787.694,4913.998,5044.19,5177.868,5314.447,5453.852,5596.519,5743.207,5895.025,6053.532,6219.44,6393.547,6575.885,6768.121,6969.615,7179.18,7396.917,7622.535,7856.137,8097.524,8346.956,8604.772,8870.389,9141.676,9416.345,9698.996,9987.093,10282.008,10584.277,10889.437,11205.146,11533.779,11876.218,12235.06,12607.764,12993.975,13400.716,13826.984,14275.567,14745.856,15235.771,15742.958,16258.054,16774.622,17291.256,17808.57,18335.137,18878.079,19441.334,20020.484,20616.682,21230.999,21863.56,22503.121,23141.478,23783.398,24435.183,25093.513,25759.892,26440.012,27136.737,27853.115,28585.993,29321.12,30061.046,30813.475,31578.39,32351.522,33129.834,33914.269,34703.317,35496.397,36292.959,37093.407,37898.005,38704.629,39514.131,40325.769,41141.919,41960.712,42781.969,43606.35,44432.236,45261.553,46092.405,46925.224,47759.365,48593.843,49428.705,50264.35,51099.784,51934.921,52769.059,53601.891,54431.639,55258.96,56083.327,56903.991,57722.051,58537.424,59347.205,60153.133,60955.087,61750.659,62539.823,63322.068,64096.617,64863.986,65621.902,66372.569,67114.614,67847.309,68569.93,69282.25,69986.662,70680.149,71361.631,72033.093,72692.395,73339.087,73975.862,74600.301,75212.319,75812.468,76402.032,76980.591,77549.771,78107.848,78656.884,79195.435,79724.318,80241.582,80746.174,81238.981,81722.67,82193.965,82654.027,83102.1,83536.504,83959.816,84371.269,84770.665,85155.249
Malawi,MW,MWI,Cement production,kt cement,14.06172,20.618949,26.380161,32.221183,40.203865,46.073294,53.431827,59.079947,46.30351,46.006459,32.337022,28.977879,27.527376,29.410226,29.410226,44.11534,44.11534,58.270729,74.239406,66.173009,66.173009,74.02236,87.6687,88.230679,102.935792,88.230679,95.583236,103.501374,102.347588,88.230679,80.390905,51.467896,73.525566,73.525566,58.436005,73.525566,73.525566,66.173009,73.525566,99.0,120.0,112.0,127.0,122.0,139.0,91.0,176.0,134.0,187.0,156.0,181.0,109.0,161.0,119.5,166.0,187.6,185.3,237.0,232.0,188.0,250.0,240.0,230.0,270.0,155.0,151.0,211.0,232.0,243.0,530.0,510.0,520.0,520.0,520.0,613.4047426616761,632.474320153749,651.5438976458217,670.6134751378946,689.6830526299675,708.7526301220403,727.8222076141133,746.891785106186,765.9613625982588,785.0309400903317,804.1005175824044,830.2564442412845,856.4123709001648,882.5682975590449,908.7242242179251,934.8801508768051,961.0360775356853,987.1920041945655,1013.347930853446,1039.503857512326,1065.659784171206,1091.815710830086,1117.971637488966,1144.127564147846,1170.283490806726,1196.439417465607,1228.559149964988,1261.541172021844,1295.408632748047,1330.185302718846,1365.895590656736,1402.564560563221,1440.217949310502,1478.88218470543,1518.584404038407,1559.352473130253,1601.215005890406,1644.201384400184,1688.341779535205,1733.667172141437,1780.209374779743,1828.001054054185,1877.075753539749,1927.467917325597,1979.212914190361,2032.347062426448,2086.907655330782,2142.932987379877,2200.462381107596,2259.536214704489,2320.195950358057,2382.48416335384,2446.444571957762,2512.122068100692,2579.562748886776,2648.813948947638,2719.924273665165,2792.943633286196,2867.923277953062,2944.915833674546,3023.975339262541,3105.157284260295,3188.5186478889,3274.117939039322,3362.015237338081,3452.272235315371,3544.952281705232,3640.120425908168,3737.843463647406,3838.189983850855,3941.230416791655,4047.037083521115,4155.684246628738,4267.248162364943,4381.807134163093,4499.44156759837
Malawi,MW,MWI,Population,,2975.542,3030.229,3088.528,3149.943,3213.115,3279.971,3350.626,3424.849,3503.045,3585.273,3670.995,3760.073,3852.54,3948.473,4046.137,4146.177,4249.674,4356.35,4465.758,4576.609,4691.279,4811.589,4937.36,5070.515,5212.16,5362.573,5524.195,5705.771,5914.492,6143.006,6388.052,6644.857,6912.901,7190.518,7475.101,7765.916,8047.044,8539.304,8967.219,9385.222,9706.482,9981.971,10288.187,10279.861,10049.927,10250.307,10454.148,10669.922,10915.83,11179.778,11452.106,11734.011,12026.869,12336.279,12665.195,13014.868,13382.533,13770.153,14182.682,14608.894,15044.032,15486.013,15933.141,16390.49,16852.586,17318.588,17796.89,18282.54,18773.622,19277.882,19789.893,20304.623,20832.833,21376.132,21934.44,22497.799,23073.271,23659.104,24249.797,24857.207,25463.368,26063.702,26669.82,27287.022,27903.574,28524.016,29147.184,29777.835,30385.669,30997.505,31606.691,32215.801,32819.214,33425.768,34047.288,34654.62,35264.602,35871.384,36460.137,37061.869,37661.496,38267.154,38870.013,39479.133,40061.778,40653.265,41223.714,41799.004,42363.464,42947.84,43508.527,44063.335,44596.925,45112.711,45632.222,46149.353,46668.029,47176.227,47678.998,48168.891,48651.789,49128.331,49582.261,50031.006,50482.471,50935.234,51392.786,51844.859,52265.698,52684.762,53101.853,53507.713,53901.156,54288.141,54635.219,54988.822,55331.095,55670.324,56007.994,56324.921,56637.454,56929.291,57219.55,57489.657,57754.028,58004.401,58267.39,58511.763,58761.021,59016.045
Malaysia,MY,MYS,Cement production,kt cement,0.0,0.0,30.657283,90.370212,112.500832,104.768781,110.173465,110.183011,190.94674,286.499925,330.865047,323.51249,360.275273,462.981867,742.932925,852.896565,830.838895,933.774688,970.537471,1029.099485,1095.530933,1161.941801,1279.344848,1367.575527,1448.453649,1742.823381,1779.318696,2198.414422,2264.587431,2345.772793,2830.734289,3124.836553,3227.772345,3470.773525,3124.836553,3566.317014,3316.003024,3771.861533,4793.8669,5880.0,7451.0,8366.0,8797.0,9928.0,10713.0,12349.0,12668.0,10397.0,10104.0,11445.0,13820.0,14336.0,17243.0,15690.0,17860.0,18400.0,19480.0,19629.0,19457.0,19762.0,21198.0,21726.0,21457.0,22446.0,22347.0,20006.0,18762.0,17556.0,16102.0,19935.0,19963.0,19856.0,23190.0,27187.0,21590.39018198356,21872.88126847681,22155.37235497004,22437.86344146329,22720.35452795653,23002.84561444977,23285.33670094301,23567.82778743626,23850.3188739295,24132.80996042275,24415.30104691599,24545.51598583287,24675.73092474976,24805.94586366664,24936.16080258353,25066.37574150041,25196.5906804173,25326.80561933418,25457.02055825108,25587.23549716796,25717.45043608484,25847.66537500172,25977.88031391861,26108.0952528355,26238.31019175238,26368.52513066927,26504.16273665174,26640.49805174252,26777.53466490206,26915.2761835521,27053.72623367068,27192.88845988757,27332.76652558027,27473.36411297039,27614.68492322055,27756.73267653191,27899.51111224204,28043.02398892336,28187.27508448207,28332.26819625766,28478.0071411228,28624.49575558387,28771.73789588192,28919.73743809422,29068.49827823626,29218.02433236432,29368.31953667857,29519.38784762669,29671.233242008,29823.85971707818,29977.27129065446,30131.4720012214,30286.46590803722,30442.25709124063,30598.84965195826,30756.24771241261,30914.45541603056,31073.47692755246,31233.31643314174,31393.97814049515,31555.46627895345,31717.78509961284,31880.93887543681,32044.93190136864,32209.76849444442,32375.45299390681,32541.9897613191,32709.38318068019,32877.63765853987,33046.75762411491,33216.74752940561,33387.611849313,33559.35508175665,33731.98174779308,33905.49639173475,34079.90358126972
Malaysia,MY,MYS,Population,,6176.279,6338.555,6507.137,6680.749,6864.007,7055.919,7257.332,7468.312,7657.445,7854.127,8058.267,8270.618,8489.725,8714.596,8942.217,9170.599,9398.777,9615.421,9835.142,10060.053,10297.551,10549.356,10804.315,11066.927,11334.885,11608.942,11891.253,12180.173,12476.142,12779.583,13187.143,13611.263,14054.333,14517.482,15000.536,15503.981,16016.858,16536.615,17056.594,17573.4,18092.942,18591.985,19077.16,19568.169,20072.723,20588.474,21111.7,21638.737,22174.688,22696.373,23239.259,23813.818,24391.135,24968.069,25545.476,26126.667,26709.151,27287.626,27852.492,28397.063,28914.49,29409.588,29916.074,30432.455,30959.818,31505.777,32073.594,32637.695,33184.239,33696.952,34082.165,34482.632,34908.354,35344.242,35771.105,36184.571,36585.658,36984.516,37381.023,37767.553,38155.884,38539.687,38917.08,39278.668,39637.022,39992.628,40341.168,40683.395,41023.229,41348.543,41670.745,41986.44,42302.492,42609.414,42898.859,43177.55,43449.947,43710.971,43952.182,44178.897,44400.648,44604.577,44798.567,44981.369,45146.331,45292.85,45432.861,45562.274,45682.856,45799.312,45900.914,45994.362,46072.46,46138.754,46202.888,46251.084,46289.738,46320.349,46343.388,46365.638,46380.362,46390.292,46390.712,46378.289,46363.145,46339.22,46314.512,46269.761,46217.015,46156.759,46081.432,46007.109,45924.962,45834.711,45744.508,45651.042,45548.037,45443.466,45336.277,45228.378,45117.554,45006.894,44894.028,44777.087,44662.703,44545.889,44427.697,44312.385,44200.564,44087.388
Maldives,MV,MDV,Cement production,kt cement,,,,,,,,,,,,,,,,,,,,,0.0,0.0,0.0,0.0,0.0,0.0,0.0,0.0,0.0,0.0,0.0,0.0,0.0,0.0,0.0,0.0,0.0,0.0,0.0,0.0,0.0,0.0,0.0,0.0,0.0,0.0,0.0,0.0,0.0,0.0,0.0,0.0,0.0,0.0,0.0,0.0,0.0,0.0,0.0,0.0,0.0,0.0,0.0,0.0,0.0,0.0,0.0,0.0,0.0,0.0,0.0,0.0,0.0,0.0,150.9077773473425,157.6440779373257,164.380378527309,171.1166791172923,177.8529797072756,184.5892802972588,191.3255808872421,198.0618814772253,204.7981820672086,211.5344826571918,218.2707832471751,219.9711296521347,221.6714760570942,223.3718224620537,225.0721688670133,226.7725152719728,228.4728616769324,230.1732080818919,231.8735544868514,233.573900891811,235.2742472967706,236.9745937017301,238.6749401066896,240.3752865116492,242.0756329166087,243.7759793215683,245.5786438050065,247.3946385568693,249.2240621512721,251.0670138912614,252.9235938142063,254.7939026972279,256.6780420626698,258.5761141836085,260.4882220894059,262.4144695713003,264.3549611880418,266.3098022715669,268.2790989327164,270.262958066995,272.2614873603741,274.2747952951365,276.3029911557657,278.3461850348772,280.4044878391949,282.4780112955713,284.5668679570518,286.6711712089843,288.7910352751744,290.9265752240844,293.077906975081,295.2451473047259,297.4284138531156,299.6278251302665,301.8435005225481,304.0755602991634,306.3241256186766,308.5893185355909,310.8712620069725,313.1700798991256,315.485896994316,317.8188389975438,320.1690325433677,322.5366052027779,324.9216854901217,327.3244028700784,329.7448877646879,332.1832715604294,334.6396866153531,337.1142662662655,339.6071448359662,342.1184576405395,344.6483409966995,347.1969322291897,349.7643696782364,352.3507927070592
Maldives,MV,MDV,Population,,75.057,76.369,77.757,79.225,80.772,82.431,84.184,86.057,88.029,90.085,92.294,94.605,96.999,99.445,101.879,106.325,110.688,114.367,117.782,121.345,125.092,128.978,132.958,136.947,141.01,145.306,149.745,154.115,158.202,162.518,167.152,171.913,176.752,181.504,186.892,193.446,200.425,207.463,214.306,221.171,228.353,235.25,241.836,247.932,253.712,259.586,265.108,270.307,275.138,279.686,284.351,289.184,294.048,298.934,303.891,308.967,318.735,330.223,342.117,354.433,367.151,380.197,393.439,406.702,420.532,435.776,450.84,465.734,480.463,494.999,509.238,523.069,525.144,526.844,528.754,530.598,532.436,534.426,536.561,538.58,540.754,543.088,545.477,547.959,550.351,552.837,555.337,557.929,560.53,563.377,566.22,568.989,571.766,574.505,577.114,579.792,582.251,584.533,586.907,589.054,590.871,592.385,593.753,594.754,595.557,596.28,596.73,596.793,596.542,595.971,595.403,594.328,592.937,591.273,589.432,587.448,585.134,582.525,579.742,576.774,573.565,570.145,566.627,562.842,559.018,555.01,550.888,546.562,542.048,537.594,533.152,528.673,524.395,520.123,515.928,511.825,507.82,504.065,500.397,497.153,494.005,491.247,488.577,486.179,484.048,482.092,480.239,478.55,477.056,475.643
Mali,ML,MLI,Cement production,kt cement,,,,,,,,,0.0,0.0,0.0,0.0,0.0,0.0,0.0,0.0,0.0,0.0,0.0,0.0,0.0,0.0,44.11534,44.11534,51.467896,51.467896,36.762783,36.762783,29.410226,22.05767,22.05767,29.410226,22.05767,22.05767,22.05767,22.05767,22.05767,22.05767,22.05767,20.0,20.0,20.0,20.0,15.0,13.0,12.0,30.0,0.0,0.0,0.0,0.0,0.0,,,,,,,,,0.0,0.0,440.0,660.0,630.0,650.0,670.0,1000.0,1000.0,1500.0,1700.0,1800.0,1800.0,1800.0,2123.324109213494,2189.334185147593,2255.344261081691,2321.354337015789,2387.364412949888,2453.374488883986,2519.384564818084,2585.394640752183,2651.404716686281,2717.414792620379,2783.424868554477,2873.96461468137,2964.504360808263,3055.044106935155,3145.583853062049,3236.123599188941,3326.663345315834,3417.203091442726,3507.74283756962,3598.282583696513,3688.822329823405,3779.362075950298,3869.901822077191,3960.441568204084,4050.981314330976,4141.52106045787,4252.704749878804,4366.873287767922,4484.106805666316,4604.487586334467,4728.100121504085,4855.03117118038,4985.369824536352,5119.207562441871,5256.638321671408,5397.758560835491,5542.667328082173,5691.466330616021,5844.260006083403,6001.155595874205,6162.26322039142,6327.69595634141,6497.569916099131,6672.004329203989,6851.121626043556,7035.047523783857,7223.911114606554,7417.844956314958,7616.985165372447,7821.471512438617,8031.447520470199,8247.060565455602,8468.46197985379,8695.807158810088,8929.255669223456,9168.971361741824,9415.122485764032,9667.88180752914,9927.426731375983,10193.93942425805,10467.6069436011,10748.62136859333,11037.17993500004,11333.48517359765,11637.74505232413,11950.17312224551,12270.98866744119,12600.41685891289,12938.68891262564,13286.04225179142,13642.72067350958,14008.97451988079,14385.06085371486,14771.24363895557,15167.79392594917,15574.99004168667
Mali,ML,MLI,Population,,4731.659,4801.743,4870.983,4938.617,5007.203,5076.664,5147.288,5218.972,5287.965,5363.312,5441.788,5522.778,5605.056,5688.154,5772.096,5858.878,5945.531,6036.281,6129.676,6225.732,6327.212,6428.676,6538.776,6655.437,6775.436,6899.086,7022.871,7159.086,7300.217,7450.314,7610.715,7774.816,7945.573,8123.228,8293.969,8455.357,8607.197,8755.131,8912.862,9087.013,9270.647,9455.13,9651.951,9857.621,10076.442,10294.289,10520.267,10772.723,11066.423,11388.406,11730.175,12094.141,12481.959,12887.951,13316.867,13760.428,14219.851,14695.7,15185.865,15685.212,16205.184,16732.913,17181.152,17738.078,18302.455,18883.589,19498.99,20127.031,20757.028,21379.781,22047.89,22729.371,23415.909,24122.346,24834.845,25562.798,26301.752,27056.587,27824.634,28606.389,29399.341,30209.736,31028.041,31857.552,32695.8,33540.89,34394.887,35252.013,36119.135,36979.83,37847.456,38714.276,39588.281,40464.366,41340.64,42217.323,43093.967,43967.741,44843.698,45715.849,46592.309,47466.179,48339.993,49209.341,50073.63,50939.61,51800.506,52660.006,53514.213,54363.477,55211.462,56052.307,56887.175,57714.905,58536.109,59346.064,60154.195,60956.794,61752.093,62534.106,63304.814,64070.705,64818.765,65555.306,66277.748,66983.336,67676.279,68357.683,69025.233,69678.184,70310.167,70936.091,71540.192,72132.655,72704.434,73257.955,73793.065,74315.847,74819.584,75305.926,75773.79,76220.914,76648.303,77063.174,77467.103,77846.96,78208.359,78552.883,78886.947,79202.005
Malta,MT,MLT,Cement production,kt cement,0.0,0.0,0.0,0.0,0.0,0.0,0.0,0.0,0.0,0.0,0.0,0.0,0.0,0.0,0.0,0.0,0.0,0.0,0.0,0.0,0.0,0.0,0.0,0.0,0.0,0.0,0.0,0.0,0.0,0.0,0.0,0.0,0.0,0.0,0.0,0.0,0.0,0.0,0.0,0.0,0.0,0.0,0.0,0.0,0.0,0.0,0.0,0.0,0.0,0.0,0.0,0.0,0.0,0.0,0.0,0.0,0.0,0.0,0.0,0.0,0.0,0.0,0.0,0.0,0.0,0.0,0.0,0.0,0.0,0.0,0.0,0.0,0.0,0.0,156.7700054863012,157.1086016104617,157.4471977346221,157.7857938587826,158.1243899829431,158.4629861071036,158.8015822312641,159.1401783554246,159.478774479585,159.8173706037455,160.155966727906,159.8248949620601,159.4938231962144,159.1627514303686,158.8316796645228,158.500607898677,158.1695361328312,157.8384643669854,157.5073926011396,157.1763208352938,156.845249069448,156.5141773036022,156.1831055377564,155.8520337719106,155.5209620060648,155.189890240219,154.8643471866773,154.53948702736,154.2153083297543,153.8918096643527,153.5689896046463,153.2468467271186,152.9253796112391,152.6045868394575,152.2844669971966,151.9650186728471,151.6462404577605,151.3281309462432,151.0106887355507,150.6939124258807,150.3778006203673,150.0623519250751,149.7475649489924,149.4334383040256,149.119970604993,148.8071604696186,148.4950065185259,148.1835073752318,147.872661666141,147.5624680205395,147.2529250705884,146.9440314513184,146.6357858006234,146.3281867592547,146.0212329708147,145.7149230817514,145.4092557413519,145.1042296017369,144.7998433178544,144.496095547474,144.192984951181,143.8905101923701,143.5886699372402,143.2874628547879,142.9868876168019,142.6869428978571,142.3876273753086,142.0889397292864,141.7908786426888,141.4934428011772,141.1966308931701,140.9004416098373,140.604873645094,140.3099256955954,140.0155964607307,139.7218846426173
Malta,MT,MLT,Population,,298.236,302.674,307.141,311.546,315.943,320.335,324.577,328.811,330.005,330.701,330.939,330.758,330.219,329.392,328.185,326.611,324.738,322.888,324.136,325.37,326.652,327.933,329.285,330.82,332.538,334.363,336.209,338.112,340.01,341.932,343.822,345.682,347.607,349.575,351.527,353.605,356.548,359.613,362.835,366.208,369.608,373.055,376.534,379.9,383.008,386.091,389.157,392.201,395.348,398.429,401.361,404.208,406.921,409.532,412.063,414.576,416.333,418.06,419.878,421.711,423.59,425.667,427.554,429.351,439.618,450.343,460.195,475.61,493.505,514.526,521.887,526.866,529.518,536.394,542.82,547.99,550.032,551.918,553.491,554.72,555.743,556.497,557.056,557.159,556.783,556.233,555.53,554.665,553.545,552.33,551.14,549.78,548.457,546.955,545.442,543.826,542.175,540.238,538.44,536.717,534.726,532.552,530.42,528.344,526.345,524.096,521.818,519.611,517.267,514.689,512.039,509.33,506.392,503.463,500.348,497.067,493.653,490.086,486.325,482.492,478.645,474.653,470.576,466.436,462.242,457.949,453.343,448.773,444.224,439.631,435.016,430.31,425.79,421.168,416.673,412.296,407.879,403.632,399.647,395.655,391.708,387.873,384.24,380.679,377.139,373.687,370.501,367.386,364.376,361.38
Marshall Islands,MH,MHL,Cement production,kt cement,,,,,,,,,,,,,,,,,,,,,,,,,,,,,,,,,,,,,,,,,,0.0,0.0,0.0,0.0,0.0,0.0,0.0,0.0,0.0,0.0,0.0,0.0,0.0,0.0,0.0,0.0,0.0,0.0,0.0,0.0,0.0,0.0,0.0,0.0,0.0,0.0,0.0,0.0,0.0,0.0,0.0,0.0,0.0,10.13190537282424,10.20808511246954,10.28426485211483,10.36044459176013,10.43662433140542,10.51280407105072,10.58898381069601,10.66516355034131,10.7413432899866,10.8175230296319,10.89370276927719,10.94956791168374,11.00543305409029,11.06129819649684,11.11716333890339,11.17302848130994,11.22889362371649,11.28475876612304,11.34062390852959,11.39648905093614,11.45235419334269,11.50821933574924,11.56408447815579,11.61994962056234,11.67581476296889,11.73167990537544,11.78978405372405,11.84817597774354,11.9068571027166,11.965828860985,12.02509269198453,12.08465004228018,12.14450236560141,12.20465112287765,12.26509778227395,12.32584381922685,12.38689071648033,12.44823996412206,12.50989305961975,12.57185150785771,12.63411682117354,12.69669051939512,12.75957412987765,12.82276918754095,12.88627723490691,12.95009982213717,13.01423850707095,13.07869485526304,13.14347044002207,13.20856684244887,13.27398565147506,13.33972846390188,13.40579688443914,13.47219252574435,13.53891700846214,13.60597196126381,13.67335902088705,13.74107983217593,13.80913604812101,13.87752932989974,13.94626134691695,14.01533377684563,14.08474830566789,14.15450662771607,14.22461044571416,14.29506147081929,14.36586142266356,14.43701202939598,14.50851502772467,14.58037216295922,14.65258518905332,14.72515586864758,14.79808597311253,14.87137728259185,14.94503158604587,15.01905068129517
Marshall Islands,MH,MHL,Population,,13.064,13.159,13.271,13.348,13.435,13.53,13.61,13.666,13.944,14.449,14.956,15.482,16.028,16.575,17.13,17.675,18.178,19.132,20.592,22.017,23.043,23.69,24.295,24.867,25.725,26.582,27.46,28.351,29.268,30.209,31.34,32.694,34.099,35.523,37.005,38.518,40.054,41.602,43.04,44.132,45.126,46.009,46.766,47.421,48.002,48.529,49.021,49.497,49.937,50.466,50.947,51.298,51.551,51.726,51.857,51.955,52.03,52.04,52.02,52.017,52.07,51.745,51.093,50.269,49.323,48.278,47.14,45.918,44.652,43.361,42.052,40.682,39.472,38.182,36.914,35.65,34.5,33.452,32.5,31.595,30.778,30.058,29.423,28.859,28.36,27.925,27.562,27.226,26.955,26.707,26.487,26.297,26.135,25.976,25.837,25.708,25.594,25.484,25.37,25.244,25.145,25.031,24.929,24.837,24.729,24.616,24.526,24.447,24.399,24.334,24.285,24.233,24.193,24.18,24.176,24.177,24.21,24.23,24.273,24.306,24.348,24.387,24.419,24.468,24.503,24.559,24.594,24.636,24.679,24.701,24.728,24.739,24.755,24.767,24.759,24.74,24.725,24.695,24.663,24.607,24.558,24.499,24.428,24.352,24.283,24.199,24.121,24.025,23.934,23.854
Martinique,MQ,MTQ,Cement production,kt cement,0.0,0.0,0.0,0.0,0.0,0.0,0.0,0.0,0.0,0.0,0.0,0.0,0.0,0.0,0.0,0.0,0.0,0.0,0.0,0.0,0.0,0.0,0.0,0.0,0.0,0.0,0.0,0.0,0.0,176.461358,176.461358,198.519028,205.871585,191.166471,198.519028,198.519028,198.519028,198.519028,198.519028,250.0,245.0,240.0,220.0,220.0,220.0,220.0,220.0,220.0,220.0,255.0,255.0,221.0,220.0,220.0,220.0,220.0,220.0,150.0,150.0,150.0,150.0,150.0,150.0,150.0,150.0,150.0,150.0,150.0,150.0,150.0,150.0,150.0,150.0,150.0,142.3171829685597,144.2031395216599,146.0890960747601,147.9750526278603,149.8610091809604,151.7469657340606,153.6329222871608,155.518878840261,157.4048353933612,159.2907919464613,161.1767484995615,161.8682659023649,162.5597833051683,163.2513007079717,163.9428181107751,164.6343355135785,165.3258529163819,166.0173703191853,166.7088877219887,167.4004051247921,168.0919225275955,168.7834399303989,169.4749573332023,170.1664747360057,170.8579921388091,171.5495095416125,172.2643012146075,172.9820711947814,173.7028318917828,174.4265957669677,175.1533753336144,175.88318315714,176.6160318553177,177.3519340984948,178.0909026098121,178.8329501654234,179.5780895947167,180.326333780536,181.0776956594039,181.8321882217454,182.5898245121123,183.350617629409,184.1145807271188,184.8817270135312,185.6520697519706,186.4256222610252,187.2023979147777,187.9824101430361,188.7656724315663,189.5521983223247,190.3420014136931,191.1350953607133,191.9314938753229,192.7312107265932,193.5342597409666,194.3406548024957,195.1504098530839,195.9635388927254,196.7800559797486,197.5999752310578,198.4233108223783,199.250076988501,200.0802880235285,200.9139582811225,201.7511021747515,202.5917341779407,203.4358688245215,204.2835207088833,205.1347044862254,205.989434872811,206.8477266462207,207.7095946456091,208.5750537719602,209.4441189883462,210.3168053201852,211.1931278555017
Martinique,MQ,MTQ,Population,,234.827,240.127,245.529,251.797,258.511,263.572,268.9,274.449,279.994,285.785,291.756,297.405,302.11,306.345,310.55,314.969,319.182,322.663,324.393,325.291,325.749,326.22,326.466,326.266,326.482,328.196,329.74,330.796,331.508,332.051,332.518,333.455,336.623,340.686,344.96,349.337,353.819,358.454,363.127,368.002,373.998,380.607,387.255,393.828,400.311,406.683,412.972,419.2,424.427,423.35,419.414,414.879,410.054,406.758,403.435,400.259,400.641,400.972,400.42,398.622,396.145,392.986,390.477,388.455,385.574,381.888,375.884,367.12,361.059,358.164,355.065,351.491,347.427,344.576,341.813,339.065,336.357,333.814,331.303,328.828,326.448,324.126,321.847,319.623,317.412,315.273,313.126,311.049,308.989,306.921,304.775,302.631,300.412,298.153,295.865,293.509,291.117,288.631,286.062,283.402,280.737,278.039,275.316,272.589,269.865,267.192,264.522,261.887,259.374,256.858,254.452,252.089,249.818,247.63,245.52,243.53,241.679,239.926,238.284,236.74,235.317,233.977,232.75,231.623,230.56,229.582,228.611,227.729,226.898,226.09,225.302,224.505,223.745,222.985,222.213,221.468,220.73,219.964,219.214,218.455,217.677,216.906,216.115,215.306,214.507,213.698,212.861,211.998,211.14,210.252
Mauritania,MR,MRT,Cement production,kt cement,,,,,,,,,0.0,0.0,0.0,0.0,0.0,0.0,0.0,0.0,0.0,0.0,0.0,0.0,0.0,0.0,0.0,0.0,0.0,0.0,0.0,0.0,0.0,0.0,59.147233,0.0,0.0,0.0,0.0,0.0,80.878123,88.230679,88.230679,104.0,105.0,122.0,111.0,374.0,120.0,100.0,80.0,100.0,100.0,120.0,200.0,200.0,200.0,300.0,300.0,373.963,409.513,322.0,324.415,552.0,565.0,630.0,690.0,870.0,860.0,790.0,850.0,1023.0,1000.0,1000.0,1000.0,1000.0,1000.0,1000.0,1179.624505118608,1216.29676952644,1252.969033934272,1289.641298342105,1326.313562749938,1362.98582715777,1399.658091565602,1436.330355973435,1473.002620381267,1509.674884789099,1546.347149196932,1596.647008156316,1646.946867115701,1697.246726075086,1747.546585034471,1797.846443993856,1848.146302953241,1898.446161912626,1948.746020872011,1999.045879831396,2049.34573879078,2099.645597750166,2149.94545670955,2200.245315668935,2250.54517462832,2300.845033587705,2362.613749932669,2426.040715426623,2491.170447592398,2558.048659074704,2626.722289724491,2697.239539544655,2769.649902520195,2844.004201356595,2920.354623150782,2998.754756019717,3079.259626712318,3161.925739231122,3246.811114490779,3333.975331041225,3423.479566884122,3515.386642411894,3609.761064499517,3706.669071779993,3806.178681135309,3908.359735435476,4013.283952559197,4121.024975730532,4231.658425206915,4345.261951354787,4461.915289150111,4581.700314142001,4704.701099918772,4831.003977116715,4960.69759401303,5093.872978745458,5230.62360320224,5371.045448627299,5515.237072986657,5663.299680143358,5815.337190889501,5971.456315885182,6131.766630555576,6296.380651998697,6465.413917957848,6638.985067914175,6817.215926356214,7000.231588284938,7188.160507014242,7381.134584328567,7579.289263060875,7782.763622155991,7991.700474286034,8206.246466086428,8426.55218108287,8652.77224538148
Mauritania,MR,MRT,Population,,664.087,677.68,691.929,706.851,722.494,738.954,756.258,774.435,793.557,813.656,834.939,857.394,880.975,905.872,932.038,959.639,988.675,1019.011,1050.467,1083.04,1116.572,1150.832,1185.878,1221.797,1258.58,1296.08,1334.593,1372.944,1412.482,1453.034,1495.051,1538.702,1583.649,1629.844,1677.541,1726.672,1776.998,1829.031,1882.686,1923.41,1980.346,2039.13,2137.141,2211.515,2287.392,2336.642,2379.734,2442.878,2506.423,2576.973,2649.91,2707.609,2769.7,2834.392,2902.935,2975.182,3052.138,3133.981,3232.556,3336.341,3445.588,3560.035,3678.033,3790.604,3906.423,4025.494,4147.819,4273.38,4401.99,4533.426,4666.836,4802.913,4948.362,5096.521,5242.27,5387.859,5534.779,5682.803,5833.11,5985.283,6139.773,6295.805,6453.886,6613.795,6775.106,6937.531,7100.938,7265.3,7431.429,7598.054,7765.763,7934.683,8106.285,8278.813,8451.551,8625.511,8801.008,8975.954,9152.484,9327.872,9503.324,9680.677,9858.745,10036.154,10212.506,10388.394,10562.823,10738.529,10916.149,11092.814,11267.625,11442.432,11617.035,11790.368,11965.524,12137.946,12311.342,12484.352,12654.37,12824.439,12992.461,13161.188,13327.12,13491.238,13653.795,13815.708,13975.973,14135.004,14292.039,14444.963,14596.619,14747.41,14895.287,15042.649,15186.815,15328.428,15468.956,15608.162,15743.94,15876.683,16006.893,16135.382,16260.09,16383.015,16503.264,16619.612,16735.967,16849.109,16960.181,17065.958
Mauritius,MU,MUS,Cement production,kt cement,0.0,0.0,0.0,0.0,0.0,0.0,0.0,0.0,0.0,0.0,0.0,0.0,0.0,0.0,0.0,0.0,0.0,0.0,0.0,0.0,0.0,0.0,0.0,0.0,0.0,0.0,0.0,0.0,0.0,0.0,0.0,0.0,0.0,0.0,0.0,0.0,0.0,0.0,0.0,0.0,0.0,0.0,0.0,0.0,0.0,0.0,0.0,0.0,0.0,0.0,0.0,0.0,0.0,0.0,0.0,0.0,0.0,0.0,0.0,0.0,0.0,0.0,0.0,0.0,0.0,0.0,0.0,0.0,0.0,0.0,0.0,0.0,0.0,0.0,157.2995698322857,162.1897118996107,167.0798539669356,171.9699960342605,176.8601381015855,181.7502801689105,186.6404222362354,191.5305643035604,196.4207063708853,201.3108484382102,206.2009905055352,212.9083335139278,219.6156765223204,226.323019530713,233.0303625391056,239.7377055474982,246.4450485558908,253.1523915642834,259.8597345726761,266.5670775810686,273.2744205894613,279.9817635978539,286.6891066062465,293.3964496146391,300.1037926230317,306.8111356314243,315.0478181248745,323.5056234219619,332.190487807632,341.1085069329312,350.2659400933645,359.6692146221115,369.3249304011821,379.2398644936804,389.4209759004256,399.8754104442702,410.610505785543,421.6337965721376,432.95301972786,444.5761198827476,456.5112549491725,468.7668018476394,481.3513623863008,494.2737692983125,507.5430924412697,521.1686451630738,535.1599908386974,549.5269495824352,564.2796051403556,579.4283119677831,594.9837024967885,610.956694598779,627.3584992474318,644.2006283873473,661.4949030139434,679.2534614702664,697.4887679665361,716.2136213284089,735.4411639800977,755.1848911686526,775.4586604358782,796.2767013445352,817.6536254656527,839.6044366339592,862.1445414786339,885.2897602367674,909.0563378571205,933.4609554019762,958.5207417550869,984.2532856439351,1010.676647984744,1037.809374558904,1065.67050902971,1094.279606308552,1123.656746279928,1153.82254789493
Mauritius,MU,MUS,Population,,533.193,549.146,565.205,578.636,592.322,606.855,622.259,638.548,655.759,673.91,686.752,698.306,712.243,728.458,744.615,760.706,776.594,791.92,806.641,820.841,834.55,847.663,859.544,870.745,882.181,893.865,905.839,918.455,932.098,946.676,961.756,976.68,990.539,1004.194,1018.282,1031.845,1044.843,1057.38,1069.807,1082.157,1095.89,1110.192,1125.148,1139.639,1153.457,1166.184,1178.582,1190.015,1200.196,1211.587,1221.67,1229.932,1238.239,1245.958,1253.641,1260.789,1266.772,1272.265,1277.005,1280.939,1284.48,1288.054,1290.286,1291.681,1292.328,1292.223,1291.384,1289.926,1287.741,1284.799,1281.647,1277.6,1274.659,1272.517,1269.821,1266.738,1263.379,1259.884,1256.202,1252.364,1248.501,1244.283,1239.755,1234.884,1229.71,1224.199,1218.371,1212.245,1205.773,1198.864,1191.581,1183.956,1176.036,1167.691,1159.128,1150.19,1141.025,1131.582,1121.945,1112.142,1102.251,1092.226,1082.101,1071.835,1061.533,1051.191,1040.721,1030.251,1019.783,1009.228,998.586,987.918,977.185,966.453,955.626,944.72,933.848,922.94,912.014,901.024,889.922,878.872,867.694,856.503,845.288,834.073,822.818,811.504,800.222,788.952,777.724,766.508,755.291,744.195,733.163,722.193,711.327,700.63,690.062,679.622,669.365,659.28,649.39,639.667,630.173,620.886,611.817,602.946,594.303,585.848
Mexico,MX,MEX,Cement production,kt cement,1617.562451,1661.67779,1669.030347,1749.90847,2014.600507,2279.292544,2558.879918,2536.632025,2705.740827,3088.07377,3036.605874,3352.573142,3764.30097,4418.668372,4301.036006,4926.212919,5595.067859,6124.679644,6786.166453,7183.447793,7359.909152,8602.491216,9786.252828,10595.034053,11609.945714,12580.224334,13226.997803,14058.08821,15175.676812,16242.01938,17977.000875,19293.340592,17065.283857,18432.859384,20682.741702,19748.967014,22344.686081,22513.528294,22763.745889,24289.012,24784.602,26586.993,28029.205,31480.242,25121.619,28047.21,29526.391,30727.575,31801.609,33227.839,32133.621,33371.512,33593.401,34992.442,37451.616,40362.002,43319.522,42275.223,40901.818,39064.706,40552.226,41665.656,39391.285,41483.652,44381.125,47715.175,48358.006,45542.012,42430.965,44996.769,48635.786,46718.799,46748.356,47361.132,44935.35258961406,45530.82617133166,46126.29975304929,46721.77333476691,47317.24691648452,47912.72049820214,48508.19407991975,49103.66766163737,49699.14124335499,50294.6148250726,50890.08840679022,51108.42872008669,51326.76903338313,51545.1093466796,51763.44965997606,51981.78997327253,52200.13028656898,52418.47059986544,52636.81091316191,52855.15122645836,53073.49153975482,53291.83185305128,53510.17216634774,53728.5124796442,53946.85279294066,54165.19310623711,54390.88205808525,54617.51138326291,54845.08500000356,55073.60684286666,55303.0808628057,55533.51102723656,55764.90132010602,55997.25574196075,56230.57831001635,56464.87305822691,56700.14403735467,56936.39531504015,57173.63097587237,57411.85512145951,57651.07187049989,57891.28535885311,58132.49973961152,58374.71918317212,58617.94787730858,58862.19002724368,59107.44985572206,59353.73160308314,59601.03952733446,59849.37790422532,60098.75102732072,60349.16320807552,60600.61877590906,60853.12207827998,61106.67748076135,61361.28936711622,61616.96213937336,61873.70021790334,62131.50804149507,62390.39006743239,62650.35077157125,62911.39464841705,63173.52621120236,63436.74999196488,63701.07054162595,63966.49243006908,64233.02024621899,64500.65859812104,64769.41211302076,65039.28543744401,65310.28323727717,65582.41019784789,65855.67102400603,66130.07044020513,66405.61319058397,66682.3040390486
Mexico,MX,MEX,Population,,27944.318,28696.647,29483.698,30314.769,31191.241,32109.959,33065.91,34059.537,35090.599,36163.932,37285.297,38494.939,39763.462,41084.667,42459.431,43889.523,45368.689,46890.527,48446.079,50020.308,51609.598,53215.518,54844.818,56489.75,58150.549,59814.251,61476.772,63140.215,64817.878,66479.853,68120.816,69663.4,71203.119,72739.361,74274.332,75812.496,77358.778,78914.523,80476.539,82017.824,83622.516,85238.629,86850.989,88456.626,90061.783,91663.126,93242.279,94800.135,96350.355,97881.058,99370.046,100828.153,102269.095,103687.936,105100.326,106522.682,107984.649,109564.071,111184.505,112814.937,114432.853,116054.154,117582.263,119104.883,120463.639,121680.973,122821.728,123978.387,125169.035,126356.93,127241.179,128055.116,129171.119,130308.399,131413.615,132480.185,133515.13,134520.286,135497.108,136444.674,137364.802,138257.327,139123.06,139961.111,140762.942,141538.696,142279.63,142995.462,143676.977,144319.607,144929.04,145506.507,146048.404,146551.61,147023.824,147456.36,147851.959,148208.332,148536.131,148819.664,149072.883,149290.81,149476.719,149628.697,149749.284,149839.806,149899.648,149933.212,149941.354,149919.873,149866.7,149789.004,149685.067,149553.769,149395.716,149209.363,148998.518,148764.84,148504.936,148219.603,147906.819,147575.31,147216.982,146833.076,146425.97,145997.532,145547.83,145076.008,144582.033,144066.499,143530.164,142973.451,142405.279,141814.546,141206.671,140578.213,139937.043,139284.252,138621.003,137942.217,137251.932,136548.573,135839.17,135114.098,134379.347,133637.502,132891.448,132139.994,131386.105,130628.673
Micronesia (Fed. States of),FM,FSM,Cement production,kt cement,,,,,,,,,,,,,,,,,,,,,,,,,,,,,,,,,,,,,,,,,,0.0,0.0,0.0,0.0,0.0,0.0,0.0,0.0,0.0,0.0,0.0,0.0,0.0,0.0,0.0,0.0,0.0,0.0,0.0,0.0,0.0,0.0,0.0,0.0,0.0,0.0,0.0,0.0,0.0,0.0,0.0,0.0,0.0,29.95707907532992,30.18232027138503,30.40756146744015,30.63280266349526,30.85804385955037,31.08328505560548,31.30852625166059,31.5337674477157,31.75900864377082,31.98424983982593,32.20949103588104,32.37466791298812,32.5398447900952,32.70502166720229,32.87019854430937,33.03537542141645,33.20055229852353,33.36572917563061,33.5309060527377,33.69608292984478,33.86125980695186,34.02643668405894,34.19161356116603,34.35679043827312,34.52196731538019,34.68714419248727,34.85894115491774,35.03158898578916,35.20509189924532,35.37945413030169,35.55467993494864,35.7307735902555,35.90773939447487,36.08558166714749,36.26430474920783,36.44391300308985,36.62441081283363,36.80580258419234,36.98809274473974,37.17128574397831,37.3553860534478,37.54039816683446,37.7263266000806,37.91317589149494,38.10095060186332,38.28965531456005,38.47929463565975,38.66987319404983,38.86139564154344,39.05386665299302,39.24729092640442,39.44167318305158,39.63701816759172,39.83333064818124,40.03061541659201,40.22887728832839,40.42812110274478,40.6283517231637,40.82957403699454,41.03179295585278,41.23501341568004,41.43924037686433,41.64447882436134,41.85073376781599,42.05801024168477,42.26631330535859,42.4756480432863,42.68601956509875,42.89743300573362,43.10989352556059,43.32340631050747,43.53797657218666,43.75360954802243,43.97031050137871,44.18808472168759,44.40693752457847
Micronesia (Fed. States of),FM,FSM,Population,,32.556,33.45,34.41,35.412,36.43,37.518,38.641,39.796,41.019,42.299,43.823,45.397,47.038,48.45,49.913,51.454,53.061,54.632,56.282,58.009,59.835,61.438,63.117,64.855,66.642,68.215,69.882,71.624,73.885,76.223,78.591,80.998,83.44,85.919,88.433,90.981,93.552,96.135,98.058,99.948,101.829,103.678,105.935,108.197,109.953,110.507,110.914,111.228,111.527,111.832,112.256,112.475,112.421,112.149,111.702,111.122,110.336,109.425,108.448,107.467,107.612,107.784,107.996,108.245,108.547,108.884,109.265,109.698,110.121,110.443,111.39,111.859,112.368,112.893,113.428,113.938,114.427,114.972,115.525,116.074,116.625,117.181,117.746,118.292,118.868,119.418,119.937,120.483,120.979,121.445,121.917,122.392,122.862,123.356,123.824,124.305,124.774,125.244,125.726,126.179,126.637,127.07,127.507,127.923,128.315,128.703,129.073,129.488,129.889,130.246,130.553,130.897,131.2,131.505,131.775,132.0,132.225,132.42,132.641,132.797,132.92,132.986,133.071,133.087,133.122,133.118,133.098,133.029,132.928,132.84,132.729,132.591,132.449,132.289,132.116,131.93,131.693,131.453,131.256,131.041,130.818,130.583,130.31,130.061,129.813,129.541,129.237,128.939,128.616,128.31
Mongolia,MN,MNG,Cement production,kt cement,0.0,0.0,0.0,0.0,0.0,0.0,0.0,0.0,0.0,0.0,0.0,0.0,0.0,0.0,0.0,0.0,51.467896,73.525566,73.525566,95.583236,95.698814,139.698575,147.051132,169.108802,161.756245,161.891042,102.935792,169.108802,183.813915,176.461358,213.224141,352.922717,161.756245,139.619201,146.991428,426.448283,544.277715,499.815779,514.678962,441.0,227.0,133.0,82.0,86.0,109.0,106.0,112.0,109.0,104.0,92.0,68.0,148.0,162.0,61.9,111.9,140.8,179.8,269.0,235.0,323.0,426.0,349.0,259.0,411.0,410.0,432.0,675.0,934.0,1098.0,1182.0,1293.0,1358.0,1358.0,1358.0,1457.094987688984,1469.548791002565,1482.002594316147,1494.456397629728,1506.910200943309,1519.36400425689,1531.817807570471,1544.271610884052,1556.725414197633,1569.179217511214,1581.633020824795,1589.105302812944,1596.577584801092,1604.049866789241,1611.52214877739,1618.994430765538,1626.466712753687,1633.938994741836,1641.411276729984,1648.883558718133,1656.355840706281,1663.82812269443,1671.300404682579,1678.772686670727,1686.244968658876,1693.717250647025,1701.465927872727,1709.250054934419,1717.069794013442,1724.925308033112,1732.816760662108,1740.744316317886,1748.708140170109,1756.708398144077,1764.745256924194,1772.818883957438,1780.929447456846,1789.077116405025,1797.262060557667,1805.48445044709,1813.74445738579,1822.042253470006,1830.378011583315,1838.751905400221,1847.164109389788,1855.614798819264,1864.104149757736,1872.632339079801,1881.199544469247,1889.805944422759,1898.451718253634,1907.13704609552,1915.862108906168,1924.627088471202,1933.432167407908,1942.277529169034,1951.163358046621,1960.089839175832,1969.05715853882,1978.065502968592,1987.115060152913,1996.206018638205,2005.338567833488,2014.512898014312,2023.729200326734,2032.987666791292,2042.288490307013,2051.631864655424,2061.017984504595,2070.447045413192,2079.919243834556,2089.43477712079,2098.993843526875,2108.596642214798,2118.243373257705,2127.934237644063
Mongolia,MN,MNG,Population,,788.033,800.614,813.558,826.987,841.048,856.32,880.644,905.824,932.756,962.066,993.124,1025.445,1057.442,1085.283,1115.185,1147.168,1180.34,1213.653,1246.207,1278.362,1312.181,1347.961,1385.681,1425.323,1466.776,1509.817,1554.073,1598.416,1640.521,1680.796,1721.875,1763.838,1806.891,1851.293,1897.404,1945.623,1996.307,2049.292,2103.351,2145.019,2184.128,2221.408,2256.838,2290.187,2321.301,2350.129,2376.8,2401.456,2424.112,2443.968,2466.396,2489.003,2511.146,2532.464,2553.121,2573.801,2595.71,2620.221,2648.627,2682.025,2721.439,2768.922,2821.996,2881.765,2944.312,3008.739,3072.885,3135.843,3199.569,3264.658,3316.913,3362.435,3409.595,3454.27,3496.81,3537.39,3576.206,3614.177,3651.137,3687.276,3723.187,3758.738,3795.031,3832.226,3870.362,3909.189,3949.141,3990.294,4031.814,4074.235,4116.873,4159.904,4203.033,4245.393,4287.731,4329.828,4370.316,4409.631,4447.428,4484.156,4518.83,4552.699,4585.117,4616.46,4646.293,4674.674,4702.078,4729.16,4754.832,4780.222,4805.513,4829.688,4853.636,4877.522,4901.497,4925.891,4950.646,4974.373,4998.045,5021.224,5044.948,5067.939,5090.562,5113.367,5135.709,5157.773,5179.488,5199.965,5221.478,5241.639,5261.015,5279.661,5297.418,5315.231,5332.338,5349.262,5364.707,5380.189,5395.725,5410.751,5425.068,5438.27,5451.099,5462.997,5474.164,5485.162,5494.346,5502.873,5510.57,5516.678
Montenegro,ME,MNE,Cement production,kt cement,0.0,0.0,0.0,0.0,0.0,0.0,0.0,0.0,0.0,0.0,0.0,0.0,0.0,0.0,0.0,0.0,0.0,0.0,0.0,0.0,0.0,0.0,0.0,0.0,0.0,0.0,0.0,0.0,0.0,0.0,0.0,0.0,0.0,0.0,0.0,0.0,0.0,0.0,0.0,0.0,0.0,0.0,0.0,0.0,0.0,0.0,0.0,0.0,0.0,0.0,0.0,0.0,0.0,0.0,0.0,0.0,0.0,0.0,0.0,0.0,0.0,0.0,0.0,0.0,0.0,0.0,0.0,0.0,0.0,0.0,0.0,0.0,0.0,0.0,319.1251112950571,319.5813301818263,320.0375490685955,320.4937679553647,320.9499868421339,321.4062057289031,321.8624246156724,322.3186435024415,322.7748623892107,323.2310812759799,323.6873001627491,323.0181791288209,322.3490580948928,321.6799370609646,321.0108160270365,320.3416949931083,319.6725739591802,319.003452925252,318.3343318913238,317.6652108573957,316.9960898234675,316.3269687895393,315.6578477556112,314.988726721683,314.3196056877549,313.6504846538267,312.9925375648703,312.3359706566981,311.6807810340939,311.0269658079151,310.3745220950794,309.7234470185525,309.0737377073352,308.425391296451,307.778404926933,307.1327757458118,306.4885009061026,305.8455775667928,305.2040028928293,304.5637740551063,303.9248882304524,303.2873426016187,302.6511343572658,302.0162606919517,301.3827188061194,300.7505059060849,300.1196192040239,299.4900559179607,298.861813271755,298.2348884950903,297.6092788234612,296.9849814981616,296.3619937662723,295.7403128806487,295.1199360999094,294.5008606884231,293.8830839162974,293.2666030593663,292.6514153991782,292.0375182229842,291.4249088237259,290.8135845000234,290.2035425561637,289.5947803020885,288.9872950533823,288.3810841312611,287.7761448625599,287.1724745797214,286.5700706207839,285.9689303293698,285.3690510546738,284.7704301514513,284.1730649800063,283.5769529061807,282.9820913013415,282.3884775423703
Montenegro,ME,MNE,Population,,406.069,414.077,423.723,431.235,437.507,443.66,449.719,455.763,461.848,467.949,474.445,481.209,487.674,493.903,499.958,505.826,511.441,516.751,521.865,527.026,532.316,537.901,543.495,549.029,554.435,559.867,565.392,570.794,576.238,581.785,587.855,591.962,595.295,598.617,601.877,605.122,608.469,611.871,615.298,618.786,622.208,624.91,627.129,629.069,630.687,632.075,633.164,633.901,634.28,634.285,634.102,633.88,633.653,633.466,634.041,634.059,633.683,633.074,632.615,632.26,631.917,633.458,633.622,632.783,629.968,626.322,622.175,618.052,613.538,609.795,606.075,601.626,627.669,639.435,637.522,627.936,624.53,621.199,617.788,614.315,610.808,607.231,603.57,599.844,596.061,592.213,588.317,584.376,580.408,576.424,572.444,568.422,564.434,560.347,556.283,552.18,548.047,543.823,539.669,535.419,531.171,526.892,522.557,518.218,513.823,509.356,504.814,500.379,495.976,491.521,486.988,482.502,478.004,473.487,468.967,464.425,460.001,455.52,451.092,446.677,442.234,437.847,433.535,429.214,424.95,420.732,416.565,412.444,408.335,404.237,400.182,396.168,392.214,388.306,384.394,380.528,376.697,372.88,369.108,365.309,361.515,357.727,353.967,350.204,346.477,342.745,339.009,335.283,331.602,327.878
Montserrat,MS,MSR,Cement production,kt cement,,,,,,,,,,,,0.0,0.0,0.0,0.0,0.0,0.0,0.0,0.0,0.0,0.0,0.0,0.0,0.0,0.0,0.0,0.0,0.0,0.0,0.0,0.0,0.0,0.0,0.0,0.0,0.0,0.0,0.0,0.0,0.0,0.0,0.0,0.0,0.0,0.0,0.0,0.0,0.0,0.0,0.0,0.0,0.0,0.0,0.0,0.0,0.0,0.0,0.0,0.0,0.0,0.0,0.0,0.0,0.0,0.0,0.0,0.0,0.0,0.0,0.0,0.0,0.0,0.0,0.0,1.194351078879218,1.210178361270074,1.22600564366093,1.241832926051786,1.257660208442642,1.273487490833498,1.289314773224354,1.30514205561521,1.320969338006067,1.336796620396922,1.352623902787779,1.358427239664426,1.364230576541073,1.37003391341772,1.375837250294367,1.381640587171015,1.387443924047662,1.393247260924309,1.399050597800957,1.404853934677604,1.410657271554251,1.416460608430898,1.422263945307545,1.428067282184193,1.43387061906084,1.439673955937487,1.445672614623727,1.451696267792839,1.457745019588802,1.463818974589526,1.469918237808667,1.476042914697436,1.482193111146428,1.488368933487448,1.494570488495353,1.500797883389895,1.507051225837577,1.513330623953515,1.519636186303305,1.525968021904898,1.532326240230494,1.538710951208422,1.545122265225052,1.551560293126695,1.558025146221526,1.564516936281502,1.571035775544301,1.577581776715257,1.584155052969313,1.590755717952974,1.597383885786274,1.604039671064748,1.610723188861415,1.617434554728765,1.624173884700758,1.630941295294832,1.637736903513915,1.644560826848446,1.651413183278413,1.658294091275386,1.665203669804569,1.672142038326855,1.679109316800893,1.68610562568516,1.693131085940046,1.700185819029945,1.70726994692535,1.714383592104971,1.721526877557843,1.72869992678546,1.735902863803905,1.743135813145998,1.750398899863445,1.757692249529004,1.765015988238653,1.772370242613774
Montserrat,MS,MSR,Population,,12.894,12.797,12.713,12.598,12.524,12.439,12.34,12.258,12.155,12.068,12.001,11.924,11.843,11.765,11.684,11.608,11.536,11.468,11.41,11.334,11.331,11.344,11.356,11.375,11.402,11.415,11.428,11.44,11.433,11.386,11.293,11.213,11.15,11.09,11.021,10.968,10.919,10.871,10.821,10.733,10.621,10.252,9.722,9.141,8.546,7.923,7.284,6.632,5.971,5.346,4.711,4.47,4.481,4.5,4.53,4.563,4.6,4.646,4.708,4.762,4.826,4.819,4.773,4.732,4.69,4.655,4.62,4.585,4.553,4.526,4.489,4.47,4.436,4.405,4.373,4.346,4.31,4.285,4.246,4.219,4.184,4.157,4.121,4.092,4.061,4.032,3.998,3.969,3.948,3.918,3.887,3.86,3.841,3.823,3.801,3.779,3.761,3.738,3.722,3.705,3.679,3.656,3.638,3.614,3.592,3.573,3.55,3.526,3.508,3.486,3.464,3.44,3.419,3.397,3.373,3.354,3.33,3.309,3.286,3.264,3.248,3.229,3.212,3.187,3.177,3.16,3.135,3.121,3.105,3.092,3.068,3.053,3.036,3.025,3.011,2.997,2.974,2.958,2.946,2.932,2.913,2.895,2.885,2.875,2.858,2.841,2.825,2.815,2.806,2.792
Morocco,MA,MAR,Cement production,kt cement,374.980386,433.800839,610.262197,661.730094,727.903103,631.66257,506.718829,404.844474,499.973848,580.851971,631.70656,699.325407,757.313329,926.422131,786.723556,860.249122,860.249122,992.59514,1161.703942,1404.33831,1477.203525,1544.740639,1617.562451,1911.664715,2028.636103,2323.407884,2868.32511,2815.239709,3279.993916,3551.284835,3602.752732,3742.451307,3845.387099,3587.309185,3690.983411,3741.724617,3807.930198,4220.367486,4198.981653,4200.0,5770.0,6340.0,6350.0,6350.0,6401.0,6585.0,7236.0,7414.0,7530.0,8100.0,10000.0,10200.0,10400.0,11000.0,11000.0,11352.0,12792.0,14047.0,14519.0,14000.0,14000.0,16270.0,16870.0,14320.0,14460.0,14260.0,13850.0,13378.0,13691.0,12314.0,14000.0,12000.0,12000.0,12000.0,11688.81371876743,11840.19521003731,11991.5767013072,12142.95819257708,12294.33968384696,12445.72117511685,12597.10266638673,12748.48415765662,12899.8656489265,13051.24714019638,13202.62863146626,13361.21876517757,13519.80889888888,13678.39903260018,13836.98916631149,13995.5793000228,14154.1694337341,14312.75956744541,14471.34970115672,14629.93983486802,14788.52996857933,14947.12010229064,15105.71023600194,15264.30036971325,15422.89050342455,15581.48063713586,15754.52373333531,15929.48859254557,16106.39655727121,16285.26920704005,16466.12836103542,16648.99608075777,16833.89467271573,17020.84669114712,17209.8749407701,17401.00247956498,17594.25262158689,17789.64893980959,17987.21526900099,18186.97570863055,18388.95462580899,18593.17665826058,18799.66671732855,19008.44999101377,19219.55194704726,19432.99833599675,19648.81519440781,19867.02884797983,20087.66591477722,20310.75330847641,20536.31824164877,20764.38822908002,20994.99109112663,21228.15495710927,21463.90826874416,21702.2797836124,21943.29857866789,22186.99405378414,22433.39593534057,22682.53427984857,22934.43947761778,23189.14225646327,23446.67368545366,23707.06517870104,23970.34849919288,24236.55576266655,24505.71944152687,24777.8723688071,25053.047742174,25331.27912797734,25612.60046534436,25897.04607031976,26184.65064005155,26475.44925702356,26769.47739333478,27066.77091502639
Morocco,MA,MAR,Population,,9044.261,9274.318,9515.439,9763.696,10022.934,10293.323,10574.726,10866.37,11161.115,11472.899,11776.967,12085.204,12420.979,12734.025,13063.746,13414.596,13779.534,14156.816,14538.983,14929.528,15329.369,15725.081,16124.303,16528.234,16939.451,17362.121,17786.244,18243.269,18711.501,19199.676,19720.21,20250.593,20790.043,21331.348,21856.208,22371.699,22829.907,23278.876,23722.173,24156.656,24594.446,25003.582,25421.355,25807.817,26193.828,26605.029,27011.186,27415.488,27827.808,28226.551,28620.32,29008.965,29387.318,29755.513,30150.524,30565.764,30976.591,31396.345,31817.188,32244.368,32689.663,33135.512,33574.971,34000.171,34409.389,34805.788,35241.127,35651.657,36027.863,36393.933,36774.483,37134.402,37523.726,37901.284,38261.062,38600.478,38924.404,39235.794,39532.457,39816.663,40090.257,40353.229,40602.744,40843.206,41071.282,41292.905,41503.555,41704.511,41900.038,42080.852,42255.558,42422.525,42578.129,42722.861,42862.135,42988.477,43103.881,43212.457,43312.348,43399.092,43481.769,43552.528,43612.107,43659.269,43695.273,43720.118,43732.132,43737.408,43734.934,43719.498,43695.322,43663.957,43621.555,43574.24,43517.105,43448.44,43380.184,43301.964,43218.295,43127.983,43028.294,42925.199,42814.028,42696.165,42573.262,42446.592,42314.866,42177.221,42033.726,41883.299,41729.552,41571.087,41408.331,41243.052,41070.042,40891.095,40709.407,40526.306,40340.684,40147.142,39948.958,39745.576,39539.047,39328.892,39116.795,38900.143,38679.628,38456.781,38230.229,38000.823
Mozambique,MZ,MOZ,Cement production,kt cement,80.878123,80.878123,88.230679,102.606924,140.072101,154.768709,169.108802,176.461358,213.224141,220.576698,213.224141,176.787535,169.108802,183.813915,220.576698,227.929254,249.986924,286.749707,301.45482,397.038056,419.095726,470.563622,610.262197,463.211065,279.397151,213.530058,323.51249,323.51249,272.044594,235.013224,234.935808,352.922717,419.095726,448.505952,198.519028,73.525566,73.252237,66.173009,73.525566,79.0,80.0,30.0,20.0,60.0,60.0,180.0,220.0,212.0,216.0,270.0,265.0,490.0,600.0,550.0,490.0,605.0,665.0,744.0,777.0,884.0,976.0,1184.0,1299.0,1512.0,1585.0,2446.0,2350.0,2400.0,2700.0,2700.0,2700.0,2800.0,2800.0,2800.0,3302.948614332102,3405.630954674033,3508.313295015963,3610.995635357894,3713.677975699825,3816.360316041755,3919.042656383686,4021.724996725617,4124.407337067547,4227.089677409478,4329.772017751408,4470.611622837686,4611.451227923963,4752.290833010242,4893.130438096519,5033.970043182797,5174.809648269074,5315.649253355352,5456.48885844163,5597.328463527908,5738.168068614185,5879.007673700464,6019.847278786741,6160.686883873018,6301.526488959295,6442.366094045574,6615.318499811473,6792.914003194544,6975.277253258714,7162.536245409171,7354.822411228576,7552.270710725034,7755.019727056547,7963.211763798467,8176.99294482219,8396.513316855207,8621.926954794491,8853.392069847143,9091.07112057418,9335.130926915428,9585.742787275542,9843.082598753304,10107.33098059865,10378.67340098398,10657.30030717886,10943.40725921933,11237.19506716575,11538.86993204549,11848.64359057936,12166.7334637934,12493.36280962031,12828.7608795976,13173.16307977256,13526.8111359268,13889.95326323648,14262.84434048728,14645.74608896627,15038.92725615644,15442.66380436264,15857.2391044014,16282.9441344906,16720.07768447851,17168.94656555561,17629.86582559635,18103.15897028198,18589.15819015969,19088.2045937974,19600.64844719783,20126.84941963988,20667.17683611999,21222.00993657045,21791.73814203677,22376.7613280009,22977.490105042,23594.34610703204,24227.76228706814
Mozambique,MZ,MOZ,Population,,5942.011,6014.3,6087.218,6159.017,6234.938,6314.005,6396.065,6480.291,6562.818,6657.986,6769.404,6900.468,7038.26,7181.396,7328.726,7484.115,7641.865,7807.234,7977.992,8155.91,8345.103,8567.53,8818.341,9090.142,9382.044,9699.591,10034.827,10415.123,10821.377,11236.242,11436.201,11700.052,11948.687,12198.957,12432.951,12664.946,12876.21,12768.937,12832.179,12981.505,13207.568,13496.611,13730.02,14372.364,15695.341,16225.718,16759.242,17140.722,17540.205,17928.808,18330.497,18744.961,19171.715,19613.235,20067.391,20541.747,21032.426,21542.844,22095.228,22688.261,23310.209,23987.869,24687.824,25415.398,26161.552,26933.593,27740.616,28592.171,29445.118,30323.642,31243.734,32171.866,33140.626,34129.694,35133.838,36129.468,37150.233,38187.082,39241.115,40308.772,41384.737,42477.777,43588.008,44701.061,45845.992,46977.555,48119.785,49249.328,50394.745,51547.505,52700.924,53841.08,55005.733,56143.691,57289.476,58414.109,59548.107,60687.083,61822.086,62971.941,64089.962,65204.207,66331.041,67427.426,68534.187,69653.241,70786.862,71901.059,73008.761,74107.215,75169.017,76254.835,77293.589,78282.215,79279.98,80256.402,81242.266,82191.896,83138.539,84112.352,85032.4,85946.626,86835.98,87708.927,88546.364,89384.22,90203.245,91011.818,91820.812,92595.676,93335.04,94065.328,94798.883,95520.962,96194.669,96863.597,97508.675,98150.27,98758.944,99367.955,99940.227,100451.828,100979.091,101496.118,101980.312,102455.476,102914.731,103339.281,103764.746,104152.501
Myanmar,MM,MMR,Cement production,kt cement,14.646527,44.11534,44.11534,58.820453,58.820453,36.762783,36.762783,36.762783,36.762783,44.11534,36.762783,51.467896,124.993462,132.346019,132.346019,139.698575,132.346019,176.461358,183.813915,168.974588,198.519028,198.519028,191.166471,169.108802,183.667099,235.281811,272.044594,257.339481,389.6855,389.944255,315.954502,345.796615,338.217603,308.807377,477.916179,433.800839,389.6855,353.237264,397.038056,414.0,443.0,464.0,400.0,470.0,517.0,505.0,516.0,365.0,338.0,393.0,378.0,471.0,571.505,518.999,543.072,570.031,608.192,676.0,670.0,534.0,538.0,922.0,1121.0,1317.0,989.0,2520.0,5480.0,4500.0,5100.0,6000.0,6700.0,8100.0,8100.0,8100.0,6432.565581861435,6516.729991343735,6600.894400826033,6685.058810308332,6769.223219790631,6853.38762927293,6937.552038755229,7021.716448237528,7105.880857719829,7190.045267202127,7274.209676684426,7313.005461626743,7351.80124656906,7390.597031511377,7429.392816453695,7468.188601396011,7506.984386338328,7545.780171280644,7584.575956222963,7623.371741165279,7662.167526107596,7700.963311049913,7739.75909599223,7778.554880934547,7817.350665876863,7856.14645081918,7896.557846282381,7937.177114764942,7978.005325549223,8019.043553417883,8060.292878682181,8101.754387210406,8143.429170456477,8185.318325488657,8227.422955018443,8269.744167429599,8312.283076807318,8355.040802967565,8398.018471486548,8441.217213730351,8484.638166884712,8528.28247398497,8572.151283946136,8616.245751593158,8660.567037691311,8705.116308976752,8749.894738187237,8794.903504092992,8840.143791527746,8885.616791419918,8931.323700823965,8977.2657229519,9023.444067204968,9069.859949205467,9116.514590828776,9163.409220235486,9210.545071903762,9257.923386661821,9305.545411720606,9353.412400706613,9401.525613694888,9449.886317242212,9498.49578442043,9547.355294849964,9596.466134733506,9645.829596889878,9695.446980788049,9745.319592581363,9795.448745141903,9845.835758095074,9896.481957854321,9947.38867765606,9998.557257594764,10049.98904465825,10101.68539276314,10153.64766279048
Myanmar,MM,MMR,Population,,17901.109,18239.727,18596.291,18963.509,19349.801,19751.163,20167.279,20598.129,21034.707,21493.312,21967.187,22453.974,22955.464,23471.351,24003.279,24555.583,25117.409,25695.448,26283.877,26886.348,27499.684,28114.755,28741.894,29310.881,29885.454,30467.676,31049.947,31661.985,32283.967,32909.132,33545.277,34172.289,34793.642,35531.787,36266.84,36978.815,37650.941,38292.248,38909.606,39519.63,40114.873,40673.434,41227.25,41777.608,42332.677,42877.998,43431.722,43985.874,44529.711,45045.737,45535.945,46006.332,46458.974,46875.409,47262.136,47614.594,47955.677,48294.409,48487.178,48833.74,49215.024,49624.616,50050.276,50475.039,50888.228,51289.883,51701.509,52088.367,52456.126,52825.3,53207.743,53566.461,53947.114,54320.481,54679.701,55021.595,55348.043,55656.921,55948.627,56221.653,56480.409,56722.847,56949.244,57159.844,57354.515,57534.413,57697.885,57849.932,57989.795,58114.558,58225.158,58323.382,58408.463,58478.101,58534.706,58581.638,58611.897,58629.641,58635.81,58630.433,58616.03,58589.447,58551.79,58504.17,58443.182,58372.943,58289.127,58199.887,58103.129,57994.806,57875.818,57747.822,57618.454,57481.621,57336.085,57184.708,57028.723,56867.786,56699.929,56527.025,56347.468,56164.028,55975.334,55780.338,55581.972,55379.733,55174.849,54969.038,54756.602,54541.787,54325.429,54106.49,53884.556,53661.227,53434.287,53202.767,52968.7,52732.917,52496.417,52257.933,52014.918,51768.012,51523.185,51277.061,51027.557,50777.023,50528.339,50280.9,50032.91,49784.469
Namibia,,NAM,Cement production,kt cement,,,,,,,,,,,,,,,,,,,,,,,,,,,,,,,,,,,,,,,,,,,,20.0,20.0,50.0,50.0,150.0,,0.0,0.0,0.0,0.0,,,,0.0,0.0,0.0,5.0,284.0,428.0,520.0,583.0,635.0,505.047,780.0,930.0,1000.0,901.0,970.0,900.0,900.0,900.0,1061.662054606747,1094.667092573796,1127.672130540845,1160.677168507895,1193.682206474944,1226.687244441993,1259.692282409042,1292.697320376091,1325.70235834314,1358.707396310189,1391.712434277239,1436.982307340685,1482.252180404131,1527.522053467578,1572.791926531024,1618.061799594471,1663.331672657917,1708.601545721363,1753.87141878481,1799.141291848256,1844.411164911703,1889.681037975149,1934.950911038595,1980.220784102042,2025.490657165488,2070.760530228935,2126.352374939402,2183.436643883961,2242.053402833158,2302.243793167233,2364.050060752043,2427.51558559019,2492.684912268176,2559.603781220936,2628.319160835704,2698.879280417746,2771.333664041087,2845.73316530801,2922.130003041701,3000.577797937102,3081.13161019571,3163.847978170705,3248.784958049565,3336.002164601995,3425.560813021778,3517.523761891929,3611.955557303277,3708.922478157479,3808.492582686224,3910.735756219308,4015.7237602351,4123.530282727801,4234.230989926895,4347.903579405044,4464.627834611728,4584.485680870912,4707.561242882016,4833.94090376457,4963.713365687991,5096.969712129023,5233.803471800551,5374.310684296664,5518.589967500018,5666.742586798827,5818.872526162064,5975.086561122757,6135.494333720593,6300.208429456445,6469.344456312819,6643.021125895711,6821.360336754788,7004.487259940393,7192.530426857431,7385.621819477787,7583.896962974584,7787.495020843333
Namibia,,NAM,Population,,517.414,523.368,529.9,536.559,543.471,550.692,558.423,566.759,575.911,585.928,597.001,609.132,622.386,636.792,652.269,668.847,686.464,705.626,725.457,746.782,768.954,792.214,816.583,841.273,867.367,894.697,918.435,943.773,950.765,974.885,987.984,997.017,1023.6,1051.422,1080.557,1113.223,1148.938,1186.839,1232.553,1345.342,1393.263,1438.104,1484.54,1532.855,1579.753,1624.588,1667.619,1710.908,1754.581,1798.155,1839.139,1874.957,1904.984,1929.943,1954.221,1978.942,2004.833,2032.367,2061.745,2093.042,2126.579,2166.071,2223.237,2281.778,2342.499,2406.1,2472.326,2541.38,2613.273,2687.716,2769.807,2851.288,2928.037,2998.153,3062.109,3123.524,3182.968,3242.841,3301.485,3360.126,3419.79,3479.202,3537.272,3593.411,3650.231,3707.528,3764.333,3821.258,3879.344,3935.017,3989.793,4045.564,4101.15,4157.99,4214.218,4272.481,4327.441,4383.555,4435.344,4485.659,4538.942,4590.87,4641.673,4691.899,4740.289,4789.454,4836.401,4881.895,4927.04,4970.572,5014.989,5055.835,5096.224,5135.548,5172.181,5207.647,5244.767,5280.628,5314.83,5346.794,5377.11,5407.078,5436.199,5463.75,5492.525,5521.933,5548.912,5574.853,5599.97,5622.87,5647.244,5670.171,5690.912,5710.147,5728.151,5745.364,5764.374,5781.06,5796.411,5809.97,5824.368,5836.772,5848.852,5859.749,5867.81,5875.495,5879.575,5884.38,5889.803,5895.275
Nauru,NR,NRU,Cement production,kt cement,,,,,,,,,,,,,,0.0,0.0,0.0,0.0,0.0,0.0,0.0,0.0,0.0,0.0,0.0,0.0,0.0,0.0,0.0,0.0,0.0,0.0,0.0,0.0,0.0,0.0,0.0,0.0,0.0,0.0,0.0,0.0,0.0,0.0,0.0,0.0,0.0,0.0,0.0,0.0,0.0,0.0,0.0,0.0,0.0,0.0,0.0,0.0,0.0,0.0,0.0,0.0,0.0,0.0,0.0,0.0,0.0,0.0,0.0,0.0,0.0,0.0,0.0,0.0,0.0,3.159088928381766,3.182841476715463,3.206594025049161,3.230346573382858,3.254099121716556,3.277851670050253,3.301604218383951,3.325356766717648,3.349109315051346,3.372861863385043,3.396614411718741,3.414032947163452,3.431451482608163,3.448870018052875,3.466288553497587,3.483707088942298,3.50112562438701,3.518544159831721,3.535962695276433,3.553381230721144,3.570799766165856,3.588218301610567,3.605636837055278,3.62305537249999,3.640473907944702,3.657892443389413,3.676009092231543,3.694215468415401,3.712512016338618,3.730899182599821,3.749377416009527,3.767947167601107,3.786608890641787,3.805363040643715,3.824210075375083,3.843150454871291,3.862184641446187,3.881313099703346,3.900536296547409,3.919854701195484,3.939268785188596,3.958779022403199,3.978385889062737,3.998089863749279,4.017891427415189,4.037791063394873,4.057789257416575,4.07788649761423,4.098083274539384,4.118380081173163,4.13877741293831,4.159275767711275,4.17987564583437,4.200577550127977,4.221381985902827,4.242289460972333,4.26330048566498,4.284415572836791,4.305635237883837,4.326959998754815,4.348390375963708,4.369926892602463,4.391570074353783,4.413320449503949,4.435178548955713,4.457144906241255,4.479220057535218,4.501404541667779,4.523698900137818,4.546103677126118,4.568619419508663,4.591246676869976,4.613986001516543,4.636837948490283,4.659803075582107,4.682881943345528
Nauru,NR,NRU,Population,,3.459,3.562,3.653,3.736,3.823,3.946,4.096,4.22,4.374,4.533,4.682,4.865,5.092,5.361,5.668,5.995,6.092,6.177,6.479,6.683,6.736,6.788,6.836,6.896,6.951,7.024,7.105,7.221,7.375,7.56,7.737,7.941,8.138,8.295,8.459,8.643,8.84,9.052,9.277,9.504,9.74,9.96,10.082,10.122,10.153,10.176,10.19,10.204,10.192,10.182,10.153,10.108,10.055,10.063,10.057,10.041,10.026,10.014,10.005,10.027,10.059,10.136,10.398,10.636,10.849,11.059,11.241,11.407,11.548,11.626,11.66,11.757,11.845,11.905,11.988,12.063,12.14,12.249,12.343,12.461,12.581,12.714,12.849,12.995,13.15,13.317,13.466,13.624,13.779,13.947,14.131,14.313,14.495,14.667,14.843,15.012,15.188,15.358,15.518,15.683,15.833,15.993,16.137,16.278,16.415,16.554,16.694,16.823,16.954,17.077,17.207,17.341,17.463,17.587,17.715,17.841,17.962,18.105,18.225,18.332,18.47,18.573,18.693,18.808,18.92,19.031,19.139,19.245,19.352,19.457,19.543,19.64,19.727,19.811,19.889,19.958,20.026,20.082,20.148,20.214,20.27,20.315,20.361,20.416,20.463,20.498,20.533,20.573,20.614,20.645
Nepal,NP,NPL,Cement production,kt cement,0.0,0.0,0.0,0.0,0.0,0.0,0.0,0.0,0.0,0.0,0.0,0.0,0.0,0.0,0.0,0.0,0.0,0.0,0.0,0.0,0.0,0.0,0.0,36.762783,7.352557,29.410226,44.11534,36.358796,22.05767,29.610296,29.649334,22.05767,44.11534,36.762783,29.410226,95.583236,154.403688,214.01386,220.576698,107.0,136.0,238.0,274.0,316.0,327.0,309.0,225.0,280.0,290.0,300.0,285.0,290.0,295.0,285.0,290.0,295.0,300.0,295.0,1200.0,1360.0,2100.0,2720.0,2990.0,3100.0,3910.0,5850.0,8050.0,9000.0,9860.0,8250.0,9000.0,6000.0,6000.0,6000.0,6471.397204989516,6760.270830830871,7049.144456672228,7338.018082513585,7626.891708354942,7915.765334196297,8204.638960037653,8493.51258587901,8782.386211720366,9071.259837561722,9360.133463403079,9433.049632244678,9505.965801086275,9578.881969927874,9651.798138769473,9724.714307611071,9797.63047645267,9870.54664529427,9943.462814135866,10016.37898297747,10089.29515181906,10162.21132066066,10235.12748950226,10308.04365834386,10380.95982718546,10453.87599602705,10531.17988390293,10609.05541535702,10687.50681755554,10766.53834892351,10846.15429937602,10926.35899055105,11007.15677604402,11088.55204164414,11170.54920557251,11253.15271872186,11336.36706489821,11420.19676106427,11504.64635758457,11589.72043847249,11675.42362163908,11761.76055914374,11848.73593744672,11936.35447766351,12024.62093582109,12113.54010311616,12203.1168061751,12293.35590731608,12384.2623048129,12475.84093316094,12568.09676334496,12661.03480310896,12754.660097228,12848.97772778204,12943.99281443176,13039.71051469655,13136.13602423435,13233.27457712378,13331.13144614818,13429.71194308187,13529.02141897845,13629.06526446125,13729.848910016,13831.37782628551,13933.65752436672,14036.69355610975,14140.49151441937,14245.05703355847,14350.39578945399,14456.51350000498,14563.41592539295,14671.10886839458,14779.59817469667,14888.88973321348,14998.98947640633,15109.9033806057
Nepal,NP,NPL,Population,,8484.637,8660.691,8833.897,9002.548,9173.003,9342.951,9512.831,9683.239,9849.241,10028.583,10218.734,10418.057,10624.175,10835.462,11057.322,11289.5,11527.921,11777.511,12035.022,12299.05,12573.329,12846.793,13131.404,13419.075,13717.795,14023.595,14331.704,14666.646,15012.745,15368.434,15737.777,16107.068,16488.907,16889.331,17281.153,17674.23,18062.018,18438.993,18838.329,19277.286,19771.86,20301.141,20918.273,21442.044,21992.913,22497.965,22985.759,23453.166,23907.548,24342.85,24750.168,25143.328,25514.634,25862.883,26170.429,26448.487,26682.362,26894.622,27085.452,27260.617,27423.288,27505.7,27564.13,27615.862,27728.877,27918.381,27992.543,28029.973,28129.405,28698.722,29234.427,29715.593,29715.279,29673.95,29628.159,29608.076,29650.743,29803.582,30091.587,30372.637,30647.354,30914.481,31176.348,31431.713,31678.419,31917.59,32149.843,32374.722,32594.881,32806.503,33012.57,33211.947,33406.171,33592.704,33773.952,33948.169,34117.82,34276.697,34427.462,34572.943,34711.111,34842.894,34963.572,35077.396,35182.58,35280.867,35372.927,35454.776,35530.458,35595.193,35650.873,35697.383,35737.52,35765.257,35786.437,35797.842,35801.706,35798.027,35786.806,35767.178,35737.554,35698.431,35654.886,35600.563,35537.712,35468.113,35389.965,35304.495,35210.753,35107.872,34999.08,34883.854,34761.936,34632.235,34495.057,34349.449,34201.847,34048.869,33889.785,33725.683,33558.399,33387.089,33211.916,33034.95,32853.944,32673.102,32489.387,32302.714,32115.542,31927.012
Netherlands,NL,NLD,Cement production,kt cement,698.492877,816.079136,860.249122,970.537471,1102.817238,1257.287178,1323.535474,1367.575527,1602.857338,1801.376366,1904.312158,2014.600507,2080.857159,2874.849629,2970.432864,3161.599336,3345.413251,3433.64393,3293.945355,3830.58302,4043.906127,4021.848457,4073.316354,4088.021467,3705.688524,3477.759269,3896.941983,3918.912665,3698.335967,3742.528621,3316.003024,3102.694179,3110.13144,3176.304449,2911.68458,3102.778883,2926.317525,3418.938817,3543.932279,3730.0,3546.0,3300.0,3078.0,3180.0,3180.0,3140.0,3230.0,3200.0,3480.0,3450.0,3380.0,3085.0,2450.0,2380.0,2496.0,2790.0,2700.0,3097.0,2342.0,2138.0,2318.0,1940.0,2050.0,2610.0,2260.0,2930.0,2030.0,2940.0,3440.0,2980.0,2500.0,2500.0,2500.0,2500.0,2384.501404723389,2389.65151574871,2394.80162677403,2399.951737799351,2405.101848824671,2410.251959849992,2415.402070875312,2420.552181900633,2425.702292925954,2430.852403951274,2436.002514976594,2430.966850862947,2425.931186749301,2420.895522635654,2415.859858522008,2410.824194408361,2405.788530294714,2400.752866181067,2395.717202067421,2390.681537953774,2385.645873840127,2380.61020972648,2375.574545612834,2370.538881499187,2365.503217385541,2360.467553271894,2355.515981917029,2350.574797512347,2345.64397826906,2340.723502444086,2335.813348339957,2330.913494304718,2326.023918731833,2321.14460006009,2316.275516773508,2311.416647401238,2306.567970517473,2301.729464741347,2296.901108736849,2292.082881212725,2287.274760922379,2282.47672666379,2277.688757279408,2272.910831656067,2268.142928724891,2263.385027461201,2258.637106884419,2253.89914605798,2249.171124089236,2244.45302012937,2239.744813373294,2235.046483059568,2230.358008470299,2225.679368931058,2221.010543810782,2216.351512521687,2211.702254519178,2207.062749301753,2202.432976410919,2197.812915431098,2193.202545989538,2188.601847756222,2184.01080044378,2179.429383807401,2174.85757764474,2170.29536179583,2165.742716142993,2161.199620610756,2156.666055165755,2152.14199981665,2147.627434614039,2143.122339650368,2138.62669505984,2134.140481018334,2129.663677743314,2125.196265493739
Netherlands,NL,NLD,Population,,10200.468,10328.606,10435.984,10551.077,10680.393,10822.067,10957.471,11096.285,11278.43,11417.776,11556.046,11722.684,11892.418,12045.894,12217.875,12384.375,12544.202,12671.465,12810.226,12971.045,13133.111,13283.598,13401.946,13505.541,13613.798,13746.273,13827.001,13910.208,13997.633,14102.705,14222.668,14302.71,14365.09,14428.712,14496.902,14581.016,14671.971,14777.923,14873.923,14968.299,15093.457,15216.723,15336.847,15442.593,15528.305,15601.76,15678.294,15768.95,15885.264,15995.104,16122.415,16242.995,16333.107,16400.717,16450.414,16481.006,16506.697,16556.017,16638.499,16729.801,16812.669,16889.445,16940.942,16993.184,17066.993,17147.873,17261.513,17369.227,17473.332,17601.682,17671.78,17789.347,18019.495,18165.554,18291.929,18401.709,18495.842,18580.192,18658.003,18727.022,18787.412,18840.517,18887.004,18929.43,18962.935,18991.769,19017.31,19035.825,19050.702,19060.114,19065.852,19066.442,19063.308,19057.62,19047.712,19036.237,19024.844,19007.702,18989.763,18969.162,18947.788,18920.965,18897.269,18871.353,18845.02,18817.16,18786.32,18755.356,18726.166,18697.423,18669.277,18641.5,18617.787,18594.022,18571.937,18550.621,18532.314,18517.111,18501.763,18486.248,18470.66,18455.257,18438.419,18420.133,18402.101,18380.974,18355.238,18326.33,18297.614,18266.731,18235.969,18201.817,18166.309,18129.366,18092.681,18056.033,18016.477,17980.138,17940.316,17900.125,17857.685,17818.392,17779.202,17739.081,17700.255,17662.428,17626.793,17592.146,17558.734,17525.084
New Caledonia,NC,NCL,Cement production,kt cement,0.0,0.0,0.0,0.0,0.0,0.0,0.0,0.0,0.0,0.0,0.0,0.0,0.0,0.0,0.0,0.0,0.0,0.0,0.0,0.0,0.0,0.0,51.467896,66.173009,58.820453,51.467896,51.467896,58.820453,58.820453,58.820453,51.467896,51.467896,58.820453,58.820453,58.968989,36.762783,51.467896,58.820453,66.025958,65.0,90.0,90.0,90.0,90.0,100.0,100.0,100.0,0.0,0.0,100.0,93.0,100.0,100.171,114.762,119.302,119.302,121.818,137.0,138.0,160.0,146.0,125.0,119.0,106.0,112.0,112.0,104.0,86.0,77.0,73.0,68.0,69.0,69.0,69.0,70.1793810505986,70.70704556977601,71.23471008895345,71.76237460813088,72.29003912730832,72.81770364648574,73.34536816566317,73.87303268484061,74.40069720401804,74.92836172319548,75.45602624237291,75.84298022310303,76.22993420383314,76.61688818456327,77.00384216529339,77.3907961460235,77.77775012675362,78.16470410748373,78.55165808821386,78.93861206894397,79.32556604967408,79.71252003040419,80.09947401113432,80.48642799186445,80.87338197259456,81.26033595332467,81.66279857190725,82.06725448964933,82.47371357887533,82.8821857608049,83.29268100579503,83.70520933358353,84.11978081353344,84.53640556487895,84.95509375697236,85.37585560953224,85.79870139289298,86.2236414282554,86.65068608793874,87.07984579563377,87.51113102665727,87.94455230820778,88.3801202196223,88.81784539263492,89.25773851163598,89.69981031393306,90.14407159001297,90.59053318380518,91.0392059929465,91.49010096904709,91.94322911795774,92.39860150003854,92.85622923042885,93.3161234793186,93.77829547222095,94.24275649024626,94.70951787037752,95.17859100574704,95.64998734591448,96.12371839714638,96.59979572269711,97.07823094309084,97.55903573640552,98.04222183855772,98.52780104358914,99.01578520395444,99.5061862308107,99.99901609430792,100.4942868238815,100.9920105085456,101.4921992971882,101.994865398868,102.5000210831122,103.0076786802155,103.5178505815422,104.0305492398276
New Caledonia,NC,NCL,Population,,64.245,65.211,66.253,67.357,68.535,69.783,71.447,73.664,76.017,78.503,81.134,83.908,86.759,89.341,91.862,94.457,97.183,99.991,102.89,106.808,111.867,117.162,122.7,128.471,134.432,140.491,143.692,145.506,147.277,148.988,150.647,152.236,153.767,156.239,158.927,161.542,164.254,167.047,169.958,174.099,178.813,183.663,188.481,193.232,197.996,202.761,207.307,211.813,216.28,220.774,225.422,229.991,234.48,238.875,242.829,245.933,249.16,252.29,255.36,259.139,264.025,269.06,274.206,279.438,283.011,283.325,283.521,283.571,283.511,283.701,284.652,285.776,288.47,291.269,294.01,296.656,299.129,301.608,304.07,306.437,308.717,310.959,313.138,315.243,317.25,319.229,321.187,323.129,324.974,326.687,328.312,329.87,331.543,333.079,334.475,335.851,337.116,338.16,339.15,340.136,341.025,341.779,342.558,343.304,343.866,344.444,344.906,345.394,345.929,346.246,346.575,346.816,347.04,347.262,347.495,347.619,347.721,347.653,347.599,347.498,347.425,347.335,347.254,347.221,347.205,347.063,346.95,346.802,346.513,346.245,346.122,345.897,345.704,345.534,345.18,344.871,344.481,344.043,343.59,343.184,342.718,342.205,341.738,341.239,340.689,340.079,339.497,338.794,338.171,337.573
New Zealand,NZ,NZL,Cement production,kt cement,161.828814,264.692037,279.277494,323.51249,411.743169,448.505952,536.736631,558.794301,558.794301,617.614754,654.377537,632.319867,720.550546,786.723556,845.770392,874.954235,816.133782,764.45804,801.428669,830.838895,823.285879,897.011905,1058.554903,1110.019033,1073.473263,999.947697,911.552359,801.591893,749.960773,720.550546,889.659348,779.370999,757.313329,823.486339,970.537471,904.509345,882.306791,808.898017,728.008185,750.0,576.0,579.0,800.0,900.0,950.0,974.0,976.0,950.0,1030.0,1070.0,1080.0,1000.0,1080.0,1110.0,1100.0,1120.0,1100.0,1200.0,1200.0,1100.0,1200.0,1140.0,1200.0,1100.0,1200.0,900.0,360.0,450.0,1000.0,950.0,1000.0,1000.0,1000.0,1000.0,1017.092478994182,1024.739790866319,1032.387102738456,1040.034414610592,1047.681726482729,1055.329038354866,1062.976350227003,1070.623662099139,1078.270973971276,1085.918285843413,1093.565597715549,1099.173626421783,1104.781655128016,1110.38968383425,1115.997712540484,1121.605741246717,1127.213769952951,1132.821798659184,1138.429827365418,1144.037856071652,1149.645884777885,1155.253913484119,1160.861942190352,1166.469970896586,1172.07799960282,1177.686028309053,1183.518819882714,1189.38049984999,1195.271211288048,1201.19109798268,1207.140304431812,1213.118975849036,1219.127258167151,1225.165298041724,1231.233242854672,1237.331240717858,1243.45944047671,1249.617991713846,1255.807044752735,1262.026750661359,1268.277261255902,1274.55872910446,1280.871307530758,1287.215150617897,1293.590413212116,1299.997250926566,1306.435820145115,1312.906278026162,1319.408782506471,1325.94349230503,1332.510566926924,1339.110166667225,1345.742452614911,1352.407586656791,1359.105731481463,1365.837050583279,1372.601708266341,1379.399869648508,1386.231700665427,1393.097368074585,1399.997039459378,1406.930883233201,1413.899068643558,1420.901765776199,1427.939145559263,1435.011379767456,1442.118641026242,1449.261102816057,1456.438939476544,1463.652326210805,1470.901439089684,1478.186455056059,1485.507551929162,1492.864908408921,1500.258704080322,1507.689119417791
New Zealand,NZ,NZL,Population,,1929.838,1972.573,2022.922,2072.58,2117.702,2161.642,2208.043,2259.333,2310.656,2356.309,2402.652,2456.842,2511.968,2564.261,2613.278,2659.709,2705.456,2741.383,2767.668,2801.131,2843.224,2891.106,2947.409,3010.566,3071.896,3116.168,3137.097,3143.168,3141.319,3141.882,3150.772,3168.907,3201.339,3237.218,3262.438,3273.618,3289.398,3309.488,3322.564,3345.088,3448.869,3512.982,3551.507,3595.712,3646.349,3702.508,3756.249,3797.651,3825.091,3846.018,3869.13,3914.395,3987.842,4057.331,4110.49,4159.523,4204.357,4242.174,4281.474,4327.134,4368.407,4396.994,4426.359,4481.343,4564.623,4663.435,4766.105,4859.398,4942.296,5036.509,5103.281,5112.112,5151.357,5194.315,5233.573,5270.225,5304.733,5337.008,5366.65,5394.543,5420.155,5444.81,5467.423,5489.829,5510.302,5530.903,5550.675,5570.034,5589.74,5608.263,5626.318,5645.254,5662.987,5679.004,5693.643,5707.47,5719.43,5730.377,5741.17,5749.747,5760.828,5772.603,5781.163,5790.908,5800.296,5809.074,5815.495,5821.382,5826.893,5831.479,5834.924,5836.139,5840.14,5842.046,5845.511,5849.599,5853.429,5855.865,5857.47,5858.707,5859.377,5859.431,5863.32,5864.624,5865.755,5866.149,5866.56,5867.664,5867.077,5865.85,5863.325,5861.784,5858.513,5854.094,5850.322,5846.854,5843.751,5840.852,5840.101,5837.037,5835.969,5834.417,5834.141,5831.566,5830.254,5828.348,5825.751,5822.748,5818.745,5814.526
Nicaragua,NI,NIC,Cement production,kt cement,22.05767,22.05767,22.05767,22.05767,29.410226,44.11534,44.11534,36.762783,36.762783,29.410226,36.762783,44.11534,51.467896,58.820453,66.173009,80.878123,95.583236,102.935792,110.288349,124.993462,117.640906,117.640906,191.166471,235.281811,176.461358,227.929254,227.929254,198.519028,88.230679,154.403688,169.108802,102.935792,102.935792,102.935792,102.935792,102.935792,102.935792,102.935792,132.346019,219.4,239.0,277.0,255.0,309.0,324.0,360.0,377.0,377.0,350.0,530.0,514.0,549.0,889.611,521.0,530.3,530.0,530.0,530.0,530.0,600.0,700.0,620.0,650.0,700.0,740.0,780.0,780.0,680.0,580.0,510.0,512.0,530.0,530.0,530.0,502.8540464889111,509.5177596431982,516.1814727974856,522.8451859517729,529.5088991060602,536.1726122603475,542.8363254146349,549.5000385689222,556.1637517232094,562.8274648774967,569.491178031784,571.9345395216894,574.3779010115946,576.8212625015001,579.2646239914054,581.7079854813107,584.1513469712161,586.5947084611214,589.0380699510268,591.4814314409322,593.9247929308374,596.3681544207428,598.8115159106482,601.2548774005536,603.6982388904588,606.1416003803641,608.6671976249467,611.203318221561,613.7500060176327,616.3073050432861,618.8752595121043,621.4539138218947,624.0433125554558,626.6435004813484,629.2545225546694,631.8764239178292,634.5092499013323,637.1530460245605,639.8078579965605,642.4737317168336,645.1507132761301,647.8388489572452,650.5381852358198,653.2487687811438,655.9706464569629,658.7038653222892,661.4484726322146,664.2045158387276,666.9720425915342,669.7511007388807,672.5417383283825,675.3440036078537,678.1579450261411,680.9836112339627,683.8210510847487,686.6703136354851,689.531448147563,692.4045040876299,695.289531128445,698.1865791497377,701.0956982390701,704.0169386927035,706.9503510164675,709.8959859266328,712.8538943507888,715.824127428724,718.8067365133095,721.8017731713878,724.8092891846633,727.8293365505988,730.8619674833132,733.9072344144854,736.9651899942595,740.0358870921566,743.1193787979879,746.2157184227726
Nicaragua,NI,NIC,Population,,1350.372,1388.928,1429.114,1470.686,1513.826,1558.667,1605.278,1653.652,1703.827,1755.747,1808.992,1863.91,1920.729,1979.589,2040.762,2104.6,2171.04,2240.094,2311.578,2385.218,2460.912,2538.739,2608.417,2690.14,2774.009,2859.878,2947.824,3037.244,3123.385,3205.665,3299.141,3392.207,3485.283,3575.281,3662.926,3750.032,3838.281,3926.047,4018.594,4114.357,4210.761,4308.513,4405.539,4501.925,4596.708,4689.154,4770.794,4848.352,4918.959,4989.077,5056.19,5119.46,5180.359,5241.568,5304.255,5379.956,5457.755,5536.732,5616.454,5696.748,5778.152,5859.95,5942.623,6025.066,6107.917,6190.917,6274.414,6358.049,6442.111,6525.203,6605.331,6684.151,6777.156,6870.07,6962.209,7052.795,7141.863,7229.581,7315.792,7400.217,7482.989,7564.546,7644.245,7722.541,7799.24,7874.166,7947.407,8019.168,8089.102,8156.812,8223.017,8287.298,8349.741,8410.271,8469.16,8526.07,8580.752,8633.804,8684.764,8733.084,8779.775,8824.15,8865.795,8904.931,8942.04,8976.878,9009.355,9039.817,9068.672,9095.173,9119.08,9140.393,9159.837,9176.912,9191.721,9204.34,9215.277,9223.667,9230.348,9234.615,9236.609,9236.988,9235.287,9231.435,9225.399,9218.537,9209.538,9198.585,9186.392,9172.17,9156.174,9138.359,9119.33,9099.187,9077.491,9054.617,9030.386,9005.473,8979.494,8952.044,8924.182,8894.841,8864.841,8833.519,8802.131,8769.625,8736.172,8701.879,8666.422,8630.243
Niger,NE,NER,Cement production,kt cement,,,,,,,,0.0,0.0,0.0,0.0,0.0,0.0,0.0,0.0,14.705113,22.05767,22.05767,22.05767,29.410226,29.410226,29.410226,73.525566,22.05767,14.705113,36.762783,36.762783,44.11534,36.762783,44.11534,36.567236,36.583452,36.762783,36.762783,36.898439,36.613946,36.762783,29.410226,29.410226,20.0,20.0,29.0,29.0,29.0,30.0,29.0,30.0,30.0,30.0,40.0,47.0,54.0,54.0,54.0,59.2,62.0,42.0,56.0,42.0,32.0,66.0,75.0,29.0,21.0,51.0,51.0,51.0,4.0,350.0,350.0,400.0,400.0,400.0,400.0,471.8498020474432,486.5187078105761,501.187613573709,515.856519336842,530.525425099975,545.1943308631079,559.8632366262409,574.5321423893739,589.2010481525068,603.8699539156397,618.5388596787727,638.6588032625266,658.7787468462806,678.8986904300345,699.0186340137885,719.1385775975424,739.2585211812964,759.3784647650504,779.4984083488044,799.6183519325583,819.7382955163122,839.8582391000663,859.9781826838201,880.0981262675741,900.218069851328,920.3380134350821,945.0454999730675,970.4162861706493,996.4681790369592,1023.219463629882,1050.688915889797,1078.895815817862,1107.859961008078,1137.601680542638,1168.141849260313,1199.501902407887,1231.703850684927,1264.770295692449,1298.724445796312,1333.59013241649,1369.391826753649,1406.154656964758,1443.904425799807,1482.667628711997,1522.471472454123,1563.34389417419,1605.313581023679,1648.409990292213,1692.663370082766,1738.104780541915,1784.766115660044,1832.680125656801,1881.880439967509,1932.401590846686,1984.279037605212,2037.549191498183,2092.249441280896,2148.41817945092,2206.094829194663,2265.319872057343,2326.134876355801,2388.582526354073,2452.70665222223,2518.552260799479,2586.16556718314,2655.59402716567,2726.886370542486,2800.092635313975,2875.264202805697,2952.453833731427,3031.71570522435,3113.105448862396,3196.680189714414,3282.498586434572,3370.620872433149,3461.108898152592
Niger,NE,NER,Population,,2641.231,2728.277,2815.499,2902.884,2990.885,3079.693,3169.806,3261.874,3356.577,3454.334,3555.765,3660.56,3768.48,3879.266,3992.361,4107.03,4224.058,4343.122,4464.152,4587.298,4713.251,4839.199,4970.491,5105.24,5244.667,5389.371,5540.552,5698.88,5866.985,6044.126,6227.816,6416.196,6609.268,6808.019,7011.923,7224.991,7446.631,7675.668,7911.829,8157.732,8414.387,8679.414,8955.853,9245.725,9550.792,9878.265,10211.438,10556.501,10926.324,11308.498,11710.762,12130.533,12567.755,13026.213,13505.46,14006.923,14530.239,15076.98,15646.849,16240.502,16857.167,17495.399,18178.14,18861.657,19570.161,20308.835,21062.672,21808.221,22567.917,23327.598,24107.629,24896.651,25727.295,26592.439,27472.386,28363.276,29266.48,30180.913,31106.212,32043.977,32992.173,33947.062,34910.216,35883.858,36860.911,37846.015,38834.275,39826.477,40820.464,41816.359,42817.122,43821.355,44830.89,45843.62,46862.703,47885.531,48910.47,49937.243,50967.165,51997.967,53029.785,54064.075,55095.736,56128.115,57157.699,58183.198,59201.502,60216.887,61226.496,62227.611,63221.058,64208.267,65185.915,66153.522,67111.237,68055.642,68992.373,69916.942,70827.396,71725.478,72607.304,73476.049,74330.472,75169.109,75991.349,76800.507,77593.959,78368.596,79126.082,79864.815,80589.12,81293.199,81981.497,82649.925,83297.626,83925.018,84530.515,85117.415,85686.097,86233.914,86762.464,87272.192,87763.272,88234.36,88683.494,89115.255,89527.877,89922.084,90294.799,90649.996
Nigeria,NG,NGA,Cement production,kt cement,0.0,0.0,0.0,0.0,0.0,0.0,0.0,110.288349,124.865132,168.926964,360.275273,485.268735,529.384075,662.063795,985.5498,1000.231854,786.723556,573.499414,566.146858,588.204528,661.805273,1139.545401,1220.434126,1205.748301,1367.575527,1271.992291,1440.892116,1536.684328,1742.555913,1999.895394,2500.008232,3602.752732,3602.752732,2992.490534,3337.885569,3860.092212,3801.27176,3499.816939,3499.816939,3500.0,3500.0,3500.0,3200.0,2627.0,2602.0,2545.0,2520.0,2700.0,2500.0,2500.0,2400.0,2100.0,2300.0,2300.0,2700.0,3300.0,4700.0,10000.0,10000.0,10000.0,12000.0,16000.0,20000.0,20000.0,21000.0,22000.0,19000.0,22000.0,22800.0,26200.0,29000.0,28000.0,28000.0,28000.0,33029.48614332102,34056.30954674033,35083.13295015963,36109.95635357894,37136.77975699825,38163.60316041755,39190.42656383687,40217.24996725618,41244.07337067548,42270.89677409478,43297.72017751409,44706.11622837686,46114.51227923964,47522.90833010242,48931.3043809652,50339.70043182797,51748.09648269075,53156.49253355352,54564.88858441631,55973.28463527908,57381.68068614185,58790.07673700464,60198.47278786742,61606.86883873019,63015.26488959296,64423.66094045575,66153.18499811472,67929.14003194546,69752.77253258714,71625.36245409171,73548.22411228577,75522.70710725035,77550.19727056548,79632.11763798467,81769.9294482219,83965.13316855209,86219.26954794492,88533.92069847144,90910.71120574181,93351.3092691543,95857.42787275542,98430.82598753304,101073.3098059865,103786.7340098398,106573.0030717886,109434.0725921933,112371.9506716575,115388.6993204549,118486.4359057936,121667.334637934,124933.6280962031,128287.608795976,131731.6307977256,135268.111359268,138899.5326323649,142628.4434048728,146457.4608896627,150389.2725615644,154426.6380436264,158572.391044014,162829.4413449061,167200.7768447851,171689.4656555561,176298.6582559635,181031.5897028198,185891.5819015969,190882.045937974,196006.4844719783,201268.4941963988,206671.7683611999,212220.0993657045,217917.3814203677,223767.613280009,229774.90105042,235943.4610703204,242277.6228706815
Nigeria,NG,NGA,Population,,37633.861,38354.293,39078.11,39801.53,40551.117,41320.152,42111.958,42922.993,43726.298,44597.063,45510.501,46468.119,47462.465,48484.684,49539.349,50634.178,51742.289,52843.84,54021.727,55242.1,56545.575,57883.793,59319.703,60844.576,62513.712,64307.919,66208.099,68261.08,70391.984,72604.499,74924.784,77211.423,79545.979,81330.541,83722.345,86073.6,88398.306,90785.125,93255.055,95806.973,98434.877,101005.446,103740.095,106504.044,109367.384,112271.472,115238.085,118271.498,121421.011,124673.629,128091.359,131633.83,135310.147,139095.142,143018.948,147015.559,151139.108,155395.414,159794.614,164304.314,168981.457,173777.738,178623.511,183475.375,188318.455,193025.301,197862.099,202647.058,207230.451,211740.831,216251.531,220807.042,225494.749,230271.141,235087.814,239967.749,244895.915,249852.61,254839.645,259865.631,264896.308,269945.841,275021.443,280088.787,285156.007,290215.518,295263.274,300283.214,305281.503,310248.009,315172.822,320041.666,324858.953,329628.926,334337.79,338987.213,343576.313,348111.705,352583.833,357001.017,361370.094,365677.127,369930.286,374117.559,378237.281,382299.706,386301.654,390234.537,394106.89,397911.853,401658.681,405344.108,408954.279,412497.102,415968.042,419350.22,422645.873,425866.183,428985.573,432021.395,434949.993,437796.566,440544.632,443190.032,445741.026,448198.159,450542.705,452777.899,454922.895,456962.694,458880.486,460690.923,462388.341,463990.432,465496.801,466886.206,468176.378,469359.972,470443.63,471436.473,472334.564,473149.067,473851.284,474470.51,475008.483,475487.401,475898.825,476239.025,476511.226,476692.581
Niue,NU,NIU,Cement production,kt cement,,,,,,,,,,,,,,,,,,,,0.0,0.0,0.0,0.0,0.0,0.0,0.0,0.0,0.0,0.0,0.0,0.0,0.0,0.0,0.0,0.0,0.0,0.0,0.0,0.0,0.0,0.0,0.0,0.0,0.0,0.0,0.0,0.0,0.0,0.0,0.0,0.0,0.0,0.0,0.0,0.0,0.0,0.0,0.0,0.0,0.0,0.0,0.0,0.0,0.0,0.0,0.0,0.0,0.0,0.0,0.0,0.0,0.0,0.0,0.0,0.4816250655197737,0.4852463066139073,0.488867547708041,0.4924887888021746,0.4961100298963082,0.4997312709904417,0.5033525120845754,0.5069737531787091,0.5105949942728427,0.5142162353669764,0.51783747646111,0.5204930532634746,0.5231486300658392,0.525804206868204,0.5284597836705687,0.5311153604729334,0.533770937275298,0.5364265140776626,0.5390820908800273,0.541737667682392,0.5443932444847567,0.5470488212871213,0.549704398089486,0.5523599748918507,0.5550155516942153,0.55767112849658,0.5604331375388704,0.5632088261380893,0.5659982620457449,0.5688015133489017,0.5716186484718431,0.5744497361777413,0.5772948455703355,0.5801540460956189,0.5830274075435343,0.585915000049676,0.5888168940970037,0.5917331605175616,0.5946638704942081,0.5976090955623523,0.600568907611701,0.6035433788880139,0.606532581994865,0.6095365898954171,0.6125554759142015,0.6155893137389076,0.6186381774221825,0.6217021413834378,0.6247812804106663,0.6278756696622672,0.6309853846688814,0.6341105013352344,0.6372510959419891,0.6404072451476084,0.6435790259902252,0.646766515889524,0.64996979264863,0.6531889344560081,0.656424019887372,0.6596751279076011,0.6629423378726694,0.6662257295315809,0.6695253830283173,0.672841378903794,0.676173798097826,0.6795227219511027,0.6828882322071752,0.6862704110144494,0.6896693409281932,0.6930851049125497,0.6965177863425639,0.6999674690062164,0.70343423710647,0.7069181752633232,0.7104193685158777,0.7139379023244127
Niue,NU,NIU,Population,,4.544,4.54,4.576,4.579,4.61,4.647,4.693,4.741,4.788,4.824,4.827,4.872,4.98,5.081,5.171,5.231,5.245,5.232,5.19,5.133,5.086,4.99,4.798,4.588,4.356,4.103,3.887,3.806,3.708,3.597,3.469,3.318,3.184,3.033,2.865,2.7,2.568,2.55,2.527,2.499,2.468,2.435,2.393,2.358,2.321,2.285,2.246,2.199,2.141,2.08,2.014,1.961,1.924,1.892,1.846,1.808,1.787,1.781,1.778,1.776,1.76,1.753,1.761,1.763,1.775,1.783,1.781,1.779,1.793,1.793,1.804,1.823,1.82,1.815,1.822,1.819,1.825,1.824,1.831,1.832,1.837,1.846,1.848,1.854,1.869,1.873,1.882,1.888,1.895,1.904,1.91,1.92,1.925,1.933,1.934,1.942,1.947,1.957,1.96,1.962,1.97,1.974,1.984,1.987,1.992,2.002,2.011,2.017,2.03,2.033,2.043,2.055,2.067,2.073,2.082,2.095,2.11,2.118,2.136,2.153,2.161,2.173,2.187,2.199,2.212,2.225,2.236,2.247,2.259,2.272,2.285,2.296,2.299,2.31,2.317,2.319,2.324,2.333,2.334,2.345,2.348,2.358,2.366,2.373,2.378,2.379,2.381,2.386,2.387,2.392
North Macedonia,MK,MKD,Cement production,kt cement,101.657297,115.479609,112.269621,121.84931,137.473664,136.011574,174.185014,172.944833,194.662672,209.986209,204.961514,220.34674,249.462704,266.407543,272.699986,283.983007,289.722011,329.945116,348.386047,386.257283,436.979896,513.389687,561.561061,588.163203,625.310258,674.086889,711.890617,770.547858,806.562035,840.08183,892.957896,896.056117,882.849668,866.596836,840.170767,847.624449,844.607325,829.77316,809.318003,744.106982,714.633535,516.0,499.0,486.0,524.0,491.0,500.0,461.0,520.0,585.0,630.0,600.0,768.0,751.54,886.529,924.225,944.529,916.0,909.0,820.0,930.0,645.0,730.0,660.0,672.0,855.0,901.0,921.0,896.0,928.0,935.0,865.0,865.0,865.0,730.5228082562678,731.567158232331,732.6115082083944,733.6558581844577,734.700208160521,735.7445581365843,736.7889081126475,737.8332580887109,738.8776080647741,739.9219580408374,740.9663080169007,739.4345947186744,737.9028814204484,736.3711681222221,734.8394548239961,733.30774152577,731.7760282275437,730.2443149293176,728.7126016310914,727.1808883328653,725.6491750346391,724.1174617364129,722.5857484381869,721.0540351399607,719.5223218417345,717.9906085435084,716.4844739959702,714.9814988787201,713.4816765641966,711.9850004387404,710.491463902566,709.0010603697324,707.5137832681136,706.0296260393704,704.5485821389209,703.0706450359119,701.5958082131898,700.1240651672724,698.6554094083198,697.1898344601057,695.7273338599892,694.2679011588864,692.811529921241,691.3582137249973,689.9079461615706,688.4607208358203,687.0165313660202,685.5753713838315,684.1372345342741,682.702114475699,681.2700048797599,679.840899431386,678.4147918287529,676.991675783256,675.5715450194828,674.1543932751839,672.740214301247,671.3290018616681,669.920749733525,668.5154517069489,667.1131015850978,665.7136931841286,664.3172203331706,662.9236768742971,661.5330566624995,660.1453535656594,658.7605614645217,657.3786742526679,655.999685836489,654.6235901351582,653.250381080605,651.8800526174879,650.5125987031672,649.1480133076798,647.7862904137106,646.427424016568
North Macedonia,MK,MKD,Population,,1260.169,1281.901,1307.159,1331.783,1348.23,1363.121,1378.714,1391.796,1408.435,1425.715,1444.403,1465.94,1477.549,1499.926,1521.874,1545.057,1569.641,1595.343,1622.517,1650.174,1678.242,1704.191,1730.599,1757.034,1784.056,1811.888,1839.772,1866.504,1893.19,1919.856,1946.22,1971.911,1986.0,1997.802,2008.996,2019.665,2029.799,2040.515,2050.96,2060.338,2067.041,2044.947,2020.099,1993.61,1991.722,2005.346,2019.76,2031.751,2043.385,2052.789,2061.716,2070.886,2078.082,2084.74,2088.421,2091.192,2087.274,2076.67,2064.998,2056.199,2046.811,2034.08,2020.497,2006.063,1989.604,1971.128,1951.391,1930.366,1909.091,1886.191,1857.84,1844.375,1836.091,1827.512,1818.506,1809.076,1799.049,1789.138,1778.885,1768.213,1756.76,1745.3,1733.715,1722.165,1710.253,1698.134,1685.759,1673.234,1660.9,1648.29,1635.526,1622.741,1609.708,1596.633,1583.848,1570.862,1557.773,1545.056,1532.252,1519.251,1506.125,1492.48,1478.903,1464.738,1450.36,1436.073,1421.638,1407.411,1393.325,1379.187,1364.654,1349.869,1335.111,1320.44,1306.171,1291.668,1277.494,1263.049,1248.563,1234.108,1219.796,1206.096,1192.409,1178.705,1165.091,1151.775,1138.413,1125.34,1112.534,1100.025,1087.7,1075.264,1062.865,1050.689,1038.46,1026.559,1014.582,1002.955,991.377,979.821,968.444,956.987,945.616,934.245,923.152,912.283,901.271,890.251,879.306,868.383
Norway,NO,NOR,Cement production,kt cement,698.22298,705.578573,757.596967,772.018442,801.428669,897.011905,1014.65281,1029.357923,1132.293716,1154.351385,1271.992291,1411.690866,1441.101093,1544.036885,1602.857338,1823.434036,2154.299082,2293.997658,2492.516686,2610.499324,2742.873419,2727.798497,2727.798497,2639.567818,2713.093384,2683.683157,2316.328705,2235.177205,2198.414422,2205.554436,1838.139149,1786.511671,1668.867149,1543.89695,1602.857338,1749.90847,1639.767834,1426.272866,1374.928083,1260.0,1147.0,1266.0,1344.0,1444.0,1613.0,1664.0,1724.0,1676.0,1827.0,1851.0,1642.0,1631.0,1650.0,1420.0,1613.0,1695.0,1700.0,1747.0,1093.0,1298.0,1387.0,1659.0,1700.0,1700.0,1640.0,1660.0,1880.0,1680.0,1480.0,1440.0,1520.0,1530.0,1530.0,1530.0,1459.314859690714,1462.46672763821,1465.618595585706,1468.770463533202,1471.922331480699,1475.074199428195,1478.226067375691,1481.377935323187,1484.529803270683,1487.681671218179,1490.833539165676,1487.751712728123,1484.669886290572,1481.58805985302,1478.506233415469,1475.424406977917,1472.342580540365,1469.260754102813,1466.178927665261,1463.09710122771,1460.015274790158,1456.933448352606,1453.851621915054,1450.769795477502,1447.687969039951,1444.606142602399,1441.575780933222,1438.551776077556,1435.534114700664,1432.522783495781,1429.517769184054,1426.519058514488,1423.526638263882,1420.540495236775,1417.560616265387,1414.586988209558,1411.619597956693,1408.658432421704,1405.703478546952,1402.754723302187,1399.812153684496,1396.875756718239,1393.945519454997,1391.021428973513,1388.103472379633,1385.191636806255,1382.285909413264,1379.386277387483,1376.492727942612,1373.605248319174,1370.723825784456,1367.848447632455,1364.979101183823,1362.115773785807,1359.258452812198,1356.407125663272,1353.561779765736,1350.722402572673,1347.888981563483,1345.061504243832,1342.239958145597,1339.424330826807,1336.614609871593,1333.81078289013,1331.012837518581,1328.220761419047,1325.434542279512,1322.654167813783,1319.879625761442,1317.11090388779,1314.347989983792,1311.590871866025,1308.839537376622,1306.09397438322,1303.354170778908,1300.620114482168
Norway,NO,NOR,Population,,3280.381,3311.54,3344.135,3377.92,3410.86,3446.191,3475.94,3508.02,3537.987,3567.647,3594.595,3624.718,3652.964,3680.032,3708.608,3737.736,3767.841,3800.379,3831.797,3862.811,3887.88,3917.623,3948.194,3972.992,3997.567,4017.164,4035.275,4051.248,4066.099,4078.901,4092.306,4107.037,4122.435,4134.236,4145.708,4159.091,4175.414,4198.234,4220.705,4233.121,4249.758,4273.487,4299.034,4324.69,4348.244,4369.741,4392.528,4417.445,4445.181,4478.393,4503.341,4523.973,4552.055,4577.283,4606.202,4640.046,4680.942,4737.078,4799.124,4858.121,4920.203,4985.733,5051.182,5109.067,5165.723,5213.819,5258.147,5295.458,5328.047,5367.414,5391.133,5425.048,5488.555,5549.779,5603.541,5642.601,5663.376,5683.722,5702.771,5720.622,5737.567,5753.736,5768.643,5782.523,5795.387,5807.447,5819.142,5830.003,5840.385,5849.796,5857.943,5865.96,5872.805,5878.343,5883.482,5888.553,5892.258,5895.315,5898.226,5899.639,5900.019,5899.565,5898.412,5895.411,5891.401,5886.427,5880.49,5874.108,5868.245,5861.724,5854.021,5846.0,5836.885,5827.46,5817.747,5807.989,5798.044,5788.164,5778.913,5770.201,5760.764,5751.976,5742.362,5732.443,5722.42,5712.738,5703.024,5692.904,5682.28,5671.207,5659.483,5647.589,5635.198,5622.322,5608.675,5595.251,5581.531,5567.476,5554.198,5541.578,5528.758,5516.806,5504.857,5492.331,5480.201,5467.843,5456.054,5444.596,5432.559,5419.882
Oman,OM,OMN,Cement production,kt cement,,,,,,,,,,,,,,0.0,0.0,0.0,0.0,0.0,0.0,0.0,0.0,0.0,0.0,0.0,0.0,0.0,0.0,0.0,0.0,0.0,0.0,0.0,0.0,0.0,647.02498,698.752346,837.866823,867.601678,948.479801,1000.0,995.0,970.0,1000.0,1200.0,1177.0,1260.0,1264.0,1333.0,1217.0,1238.0,1370.0,1700.0,2500.0,2621.0,2686.0,3611.0,3880.0,3991.0,4000.0,4500.0,5000.0,6100.0,5800.0,5100.0,5300.0,5700.0,4860.0,5370.0,5520.0,6300.0,6500.0,7000.0,7000.0,7000.0,7112.55371057817,7195.507900723142,7278.462090868115,7361.416281013086,7444.370471158059,7527.32466130303,7610.278851448003,7693.233041592974,7776.187231737947,7859.14142188292,7942.095612027891,7984.904070645915,8027.712529263937,8070.520987881959,8113.329446499982,8156.137905118005,8198.946363736028,8241.75482235405,8284.563280972072,8327.371739590095,8370.180198208118,8412.98865682614,8455.797115444164,8498.605574062185,8541.414032680208,8584.222491298231,8628.83217587536,8673.673683889043,8718.748220057634,8764.056995360048,8809.601227068317,8855.382138780258,8901.400960452389,8947.65892843293,8994.157285495057,9040.897280870266,9087.880170281938,9135.107215979087,9182.57968677026,9230.298858057633,9278.266011871268,9326.48243690357,9374.94942854389,9423.668288913346,9472.640326899787,9521.866858192976,9571.349205319928,9621.088697680443,9671.086671582818,9721.344470279757,9771.863444004448,9822.644950006848,9873.69035259015,9925.001023147417,9976.578340198452,10028.42368942681,10080.53846371704,10132.92406319211,10185.58189525101,10238.51337460657,10291.71992332346,10345.20297085642,10398.96395408864,10453.00431737035,10507.32551255768,10561.9289990516,10616.81624383718,10671.98872152296,10727.4479143806,10783.19531238469,10839.23241325279,10895.56072248564,10952.18175340763,11009.09702720746,11066.308072979,11123.81642776237
Oman,OM,OMN,Population,,459.793,465.72,471.92,478.409,485.224,492.379,499.959,507.996,516.671,525.962,535.007,544.7,555.182,566.472,578.683,591.788,605.82,620.817,636.779,653.731,671.629,690.608,710.579,731.78,762.196,795.532,833.869,876.76,923.848,974.384,1028.112,1086.528,1148.828,1214.09,1281.343,1369.617,1457.222,1544.771,1632.365,1720.091,1807.817,1895.129,1981.348,2062.002,2101.667,2139.388,2174.464,2206.977,2238.001,2267.816,2296.447,2323.987,2350.294,2377.297,2432.345,2487.259,2542.331,2598.017,2655.041,2714.277,2800.615,3352.911,3741.3,3926.526,4078.352,4291.438,4490.317,4584.476,4611.279,4571.203,4473.79,4527.058,4933.394,5165.144,5397.932,5591.45,5751.467,5877.977,5980.657,6071.698,6153.713,6235.02,6315.926,6396.575,6477.279,6558.328,6639.888,6722.201,6805.356,6889.4,6974.547,7060.829,7148.129,7236.315,7325.387,7415.064,7505.487,7596.473,7688.187,7780.512,7873.492,7966.878,8060.632,8154.348,8247.847,8340.933,8433.47,8525.422,8616.783,8707.321,8797.05,8886.146,8974.561,9062.257,9149.362,9235.842,9321.873,9407.18,9491.92,9576.062,9659.702,9743.057,9825.897,9908.269,9990.365,10072.367,10154.346,10236.3,10318.277,10400.357,10482.581,10564.919,10647.587,10730.387,10813.312,10896.445,10979.799,11063.205,11146.919,11230.704,11314.392,11397.943,11481.359,11564.495,11647.289,11729.693,11811.688,11893.337,11974.482,12055.049
Pakistan,PK,PAK,Cement production,kt cement,497.953129,527.573883,595.185816,677.944965,687.188165,778.535686,1085.222221,1079.813415,997.321116,1152.620556,1233.422168,1386.246099,1491.33892,1533.724656,1695.921898,1838.682466,2028.420781,2426.946894,2653.115947,2542.890151,2644.801075,2602.805035,2874.323581,3470.406713,3117.483996,3139.541666,3161.599336,3102.778883,3418.938817,3338.060694,3588.047618,3698.698763,4940.918032,4698.685708,5227.667739,5227.667739,6830.992985,7043.305545,6933.460869,7490.0,7762.0,7793.0,8321.0,8100.0,8586.0,8900.0,9001.0,8901.0,9600.0,9900.0,11000.0,11000.0,13000.0,14151.0,16837.0,20202.0,24593.0,27044.0,30419.0,29380.0,29140.0,30203.0,31285.0,31964.0,33290.0,37892.0,38904.0,40617.0,40470.0,43429.0,49602.0,44333.0,41814.0,37741.0,40706.16698558489,42523.23023773132,44340.29348987776,46157.3567420242,47974.41999417065,49791.48324631707,51608.54649846352,53425.60975060995,55242.67300275639,57059.73625490283,58876.79950704927,59335.45436175773,59794.10921646619,60252.76407117465,60711.41892588312,61170.07378059157,61628.72863530003,62087.3834900085,62546.03834471695,63004.69319942541,63463.34805413388,63922.00290884233,64380.6577635508,64839.31261825926,65297.96747296771,65756.62232767617,66242.87666639673,66732.72673849824,67226.19913356057,67723.32063778702,68224.11823545842,68728.61911039786,69236.8506474462,69748.8404339486,70264.616261252,70784.2061262136,71307.63823272058,71834.94099322111,72366.14303026652,72901.273178065,73440.36048404675,73983.43421044067,74530.52383586278,75081.65905691641,75636.86978980398,76196.18617195115,76759.63856364244,77327.25754966935,77899.07394099062,78475.11877640449,79055.42332423366,79640.01908402256,80228.93778824701,80822.21140403698,81419.87213491154,82021.95242252706,82628.48494843807,83239.50263587141,83855.03865151307,84475.1264073088,85099.79956227759,85729.0920243387,86363.03795215228,87001.67175697358,87645.02810452071,88293.14191685636,88946.04837428353,89603.78291725503,90266.38124829717,90933.87933394799,91606.31340670925,92283.71996701331,92966.13578520452,93653.59790353496,94346.14363817521,95043.81058123997
Pakistan,PK,PAK,Population,,36199.013,36964.783,37789.215,38670.093,39604.028,40592.111,41635.747,42734.526,43889.585,45100.739,46317.88,47524.674,48787.581,50107.97,51492.029,52925.99,54431.344,55998.193,57622.822,59299.056,61034.383,62661.416,64504.973,66418.852,68412.122,70510.229,72730.28,75073.375,77541.384,80452.695,84129.325,87474.774,90703.717,93751.705,96578.167,99880.404,103333.124,106928.31,110521.169,114152.088,118159.064,121961.749,125131.948,128908.285,132587.881,136576.625,140537.558,144526.05,148518.661,152612.093,157146.16,161395.654,165049.445,169171.051,173400.949,177505.476,181859.904,187126.557,191871.669,196881.399,201596.695,205895.434,209438.815,212709.142,215820.151,218761.614,221516.123,225031.812,228825.973,232775.824,237227.668,241727.933,245673.401,249335.59,253202.738,257236.371,261363.212,265668.44,270095.391,274579.648,279186.862,283869.271,288613.008,293411.515,298228.787,303058.23,307924.757,312781.82,317673.58,322538.176,327337.217,332155.71,336948.029,341721.673,346469.249,351206.204,355899.507,360514.802,365078.26,369610.589,374116.997,378553.053,382952.984,387300.476,391608.804,395878.356,400130.897,404293.869,408409.17,412439.695,416442.545,420376.373,424285.593,428074.714,431821.124,435502.049,439135.178,442693.726,446195.396,449609.308,452911.223,456119.361,459249.642,462290.121,465247.518,468148.898,470941.752,473605.074,476121.13,478546.397,480943.827,483237.491,485460.493,487573.69,489569.738,491501.489,493364.472,495096.556,496807.804,498399.229,499947.4,501439.044,502865.966,504219.894,505517.634,506707.288,507797.866,508782.079,509702.976,510572.265
Palau,PW,PLW,Cement production,kt cement,,,,,,,,,,,,,,,,,,,,,,,,,,,,,,,,,,,,,,,,,,0.0,0.0,0.0,0.0,0.0,0.0,0.0,0.0,0.0,0.0,0.0,0.0,0.0,0.0,0.0,0.0,0.0,0.0,0.0,0.0,0.0,0.0,0.0,0.0,0.0,0.0,0.0,0.0,0.0,0.0,0.0,0.0,0.0,4.698696989068117,4.734025537858102,4.769354086648089,4.804682635438074,4.84001118422806,4.875339733018045,4.910668281808031,4.945996830598017,4.981325379388003,5.016653928177989,5.051982476967975,5.077890079413964,5.103797681859954,5.129705284305944,5.155612886751934,5.181520489197923,5.207428091643912,5.233335694089901,5.259243296535892,5.285150898981882,5.311058501427871,5.33696610387386,5.36287370631985,5.38878130876584,5.414688911211829,5.440596513657819,5.467542460826874,5.494621864698153,5.52183538625014,5.549183689734988,5.576667442694725,5.604287315977556,5.632043983754231,5.659938123534504,5.68797041618367,5.71614154593918,5.744452200427352,5.772903070680146,5.801494851152034,5.830228239736954,5.859103937785339,5.888122650121247,5.917285085059545,5.946591954423224,5.976043973560752,6.005641861363546,6.035386340283518,6.065278136350707,6.095317979191001,6.125506602043948,6.155844741780652,6.18633313892176,6.216972537655538,6.247763685856034,6.278707335101332,6.309804240691902,6.34105516166903,6.372460860833353,6.404022104763468,6.435739663834651,6.467614312237663,6.499646827997632,6.531837992993065,6.56418859297492,6.596699417585786,6.629371260379161,6.662204918838816,6.695201194398267,6.72836089246034,6.761684822416814,6.795173797668197,6.828828635643567,6.862650157820531,6.89663918974527,6.930796561052698,6.965123105486708
Palau,PW,PLW,Population,,7.574,7.727,7.903,8.102,8.317,8.514,8.672,8.822,8.982,9.22,9.435,9.675,9.911,10.163,10.421,10.674,10.935,11.041,11.119,11.199,11.538,11.98,12.408,12.696,12.677,12.633,12.564,12.487,12.392,12.282,12.26,12.543,12.846,13.166,13.508,13.869,14.178,14.489,14.801,15.089,15.429,15.8,16.178,16.567,16.973,17.417,17.891,18.325,18.724,19.079,19.278,19.426,19.579,19.739,19.902,19.735,19.451,19.153,18.864,18.555,18.238,17.917,17.614,17.682,17.748,17.791,17.803,17.821,17.808,17.788,17.796,17.77,17.748,17.707,17.684,17.641,17.588,17.539,17.469,17.41,17.342,17.262,17.202,17.13,17.054,16.976,16.907,16.817,16.739,16.643,16.561,16.457,16.351,16.257,16.143,16.035,15.923,15.808,15.693,15.573,15.464,15.343,15.217,15.095,14.972,14.848,14.728,14.599,14.489,14.368,14.261,14.146,14.035,13.93,13.828,13.733,13.631,13.535,13.44,13.348,13.261,13.17,13.1,13.016,12.923,12.847,12.767,12.69,12.617,12.546,12.466,12.391,12.325,12.26,12.18,12.118,12.049,11.977,11.916,11.838,11.761,11.69,11.624,11.557,11.493,11.425,11.36,11.289,11.224,11.16
Panama,PA,PAN,Cement production,kt cement,73.525566,95.583236,80.878123,73.525566,73.525566,73.525566,80.878123,66.435601,95.583236,110.288349,110.288349,124.993462,139.698575,124.993462,169.108802,147.377188,183.813915,162.050347,176.461358,242.634368,279.397151,272.044594,433.800839,397.038056,279.397151,279.397151,272.044594,301.45482,507.326405,566.146858,522.031518,352.922717,323.51249,301.45482,301.45482,338.217603,352.922717,220.576698,168.863361,300.0,300.0,250.0,571.0,615.0,615.0,647.0,700.0,750.0,760.0,950.0,820.0,748.0,888.9,1042.2,1050.0,1050.0,1050.0,1843.0,1679.0,1491.0,1766.0,2310.0,2370.0,2190.0,1970.0,1900.0,1920.0,1640.0,1370.0,754.0,821.0,900.0,900.0,900.0,853.9030978113584,865.2188371299593,876.5345764485604,887.8503157671615,899.1660550857627,910.4817944043637,921.7975337229648,933.1132730415658,944.429012360167,955.7447516787679,967.060490997369,971.2095954141895,975.3586998310097,979.5078042478302,983.6569086646506,987.8060130814711,991.9551174982914,996.1042219151118,1000.253326331932,1004.402430748753,1008.551535165573,1012.700639582393,1016.849743999214,1020.998848416034,1025.147952832855,1029.297057249675,1033.585807287645,1037.892427168688,1042.216991350697,1046.559574601806,1050.920252001687,1055.29909894284,1059.696191131906,1064.111604590969,1068.545415658873,1072.99770099254,1077.4685375683,1081.958002683216,1086.466173956424,1090.993129330472,1095.538947072674,1100.103705776454,1104.687484362713,1109.290362081187,1113.912418511824,1118.553733566151,1123.214387488666,1127.894460858217,1132.594034589398,1137.313189933948,1142.052008482159,1146.81057216428,1151.588963251938,1156.387264359559,1161.2055584458,1166.043928814975,1170.902459118503,1175.781233356352,1180.680335878491,1185.599851386347,1190.53986493427,1195.500461931006,1200.481728141171,1205.483749686735,1210.506613048509,1215.550405067645,1220.615212947129,1225.7011242533,1230.808226917353,1235.936609236866,1241.086359877324,1246.257567873654,1251.450322631762,1256.664713930077,1261.900831921112,1267.15876713301
Panama,PA,PAN,Population,,871.1,892.899,916.001,940.39,965.781,992.143,1019.599,1048.218,1078.107,1109.494,1142.515,1177.224,1213.378,1250.87,1289.26,1328.41,1368.365,1408.89,1450.003,1491.768,1534.371,1577.791,1621.655,1665.725,1710.127,1754.65,1799.22,1843.865,1888.757,1934.346,1980.722,2028.114,2076.429,2125.784,2175.779,2226.051,2276.599,2327.341,2378.355,2429.285,2481.881,2534.65,2588.021,2642.176,2696.915,2752.199,2808.255,2865.136,2922.692,2980.952,3039.785,3099.288,3159.4,3220.214,3282.095,3343.956,3406.093,3468.887,3532.41,3596.352,3660.718,3726.291,3792.22,3858.439,3925.762,3994.307,4063.866,4133.548,4202.173,4267.228,4319.294,4371.516,4430.03,4487.488,4543.666,4598.712,4652.724,4705.759,4757.873,4808.87,4858.847,4907.926,4956.224,5003.39,5049.603,5094.923,5139.328,5182.843,5225.276,5266.527,5306.656,5345.709,5383.618,5420.443,5456.077,5490.476,5523.807,5555.925,5586.871,5616.462,5644.898,5672.059,5697.873,5722.52,5745.934,5768.264,5789.458,5809.672,5828.948,5847.055,5864.266,5880.559,5895.918,5910.325,5923.959,5936.693,5948.697,5959.805,5970.251,5979.858,5988.567,5996.531,6003.739,6010.001,6015.481,6019.964,6023.593,6026.406,6028.43,6029.576,6029.892,6029.431,6028.131,6026.016,6023.239,6019.668,6015.598,6010.882,6005.603,5999.563,5993.071,5986.014,5978.472,5970.285,5961.644,5952.357,5942.663,5932.542,5921.852,5910.734
Papua New Guinea,PG,PNG,Cement production,kt cement,0.0,0.0,0.0,0.0,0.0,0.0,0.0,0.0,0.0,0.0,0.0,0.0,0.0,0.0,0.0,0.0,0.0,0.0,0.0,0.0,0.0,0.0,0.0,0.0,0.0,0.0,0.0,0.0,0.0,0.0,0.0,0.0,0.0,0.0,0.0,0.0,0.0,0.0,0.0,,,,,,,,,,,,,,,,,,,,,200.0,200.0,200.0,200.0,200.0,200.0,200.0,200.0,200.0,140.0,130.0,150.0,160.0,160.0,160.0,162.7347966390692,163.958366538611,165.1819364381529,166.4055063376948,167.6290762372367,168.8526461367785,170.0762160363204,171.2997859358622,172.5233558354041,173.746925734946,174.9704956344879,175.8677802274853,176.7650648204826,177.66234941348,178.5596340064774,179.4569185994748,180.3542031924721,181.2514877854695,182.1487723784669,183.0460569714643,183.9433415644616,184.840626157459,185.7379107504564,186.6351953434538,187.5324799364511,188.4297645294485,189.3630111812342,190.3008799759984,191.2433938060877,192.1905756772288,193.1424487090899,194.0990361358458,195.0603613067442,196.0264476866758,196.9973188567475,197.9729985148574,198.9535104762736,199.9388786742154,200.9291271604376,201.9242801058174,202.9243618009444,203.9293966567137,204.9394092049213,205.9544240988636,206.9744661139385,207.9995601482506,209.0297312232184,210.0650044841859,211.1054052010354,212.1509587688048,213.2016907083078,214.257626666756,215.3187924183857,216.3852138650866,217.4569170370341,218.5339280933246,219.6162733226145,220.7039791437612,221.7970721064683,222.8955788919336,223.9995263135005,225.1089413173121,226.2238509829693,227.3442825241918,228.470263289482,229.6018207627929,230.7389825641987,231.881776450569,233.030230316247,234.1843721937288,235.3442302543495,236.5098328089693,237.6812083086658,238.8583853454273,240.0413926528514,241.2302591068465
Papua New Guinea,PG,PNG,Population,,1559.897,1589.947,1629.128,1671.329,1715.68,1762.758,1812.121,1862.884,1915.044,1967.964,2022.255,2069.998,2117.839,2164.913,2211.738,2259.902,2311.646,2363.417,2418.19,2475.663,2535.592,2597.251,2659.614,2721.644,2783.697,2845.944,2908.711,2971.943,3035.485,3099.198,3163.826,3230.211,3298.372,3368.894,3441.501,3516.37,3593.216,3671.869,3751.891,3840.265,3952.696,4090.978,4242.421,4399.322,4561.095,4727.461,4899.262,5076.505,5256.274,5442.391,5631.736,5825.135,6022.872,6225.122,6430.96,6640.85,6854.59,7072.099,7293.904,7518.972,7748.074,7970.618,8192.162,8413.233,8633.649,8852.843,9070.592,9286.836,9502.191,9715.829,9915.662,10110.13,10296.209,10483.061,10669.942,10855.692,11040.004,11222.541,11403.247,11582.36,11760.489,11935.954,12110.301,12282.992,12455.521,12625.684,12795.681,12963.799,13130.448,13294.892,13457.429,13617.312,13774.982,13931.855,14088.012,14243.164,14394.62,14543.823,14690.918,14836.287,14976.893,15115.979,15253.284,15386.0,15518.22,15645.067,15769.091,15891.039,16009.91,16126.789,16242.131,16351.543,16457.601,16561.052,16664.408,16765.992,16864.766,16960.972,17053.497,17142.307,17228.036,17312.336,17393.095,17469.331,17543.058,17614.782,17683.162,17750.451,17816.967,17879.638,17944.338,18002.71,18057.751,18112.944,18163.739,18213.695,18261.603,18305.66,18346.928,18385.621,18425.763,18461.218,18493.392,18522.16,18548.884,18572.164,18593.167,18610.381,18624.035,18636.026
Paraguay,PY,PRY,Cement production,kt cement,0.0,7.352557,0.0,7.352557,14.705113,14.705113,14.705113,7.352557,14.705113,14.705113,14.705113,14.705113,14.705113,22.05767,29.410226,29.410226,14.705113,22.05767,36.762783,88.230679,58.820453,73.525566,73.525566,102.935792,139.698575,154.403688,198.519028,169.108802,154.403688,176.461358,154.403688,110.288349,154.403688,110.288349,44.11534,176.461358,264.692037,323.51249,323.51249,326.0,326.0,325.0,490.0,659.0,635.0,613.0,675.0,730.0,730.0,650.0,650.0,450.0,520.0,470.0,550.0,600.0,600.0,800.0,600.0,650.0,650.0,800.0,960.0,1000.0,1300.0,1300.0,1500.0,1100.0,1100.0,1000.0,1100.0,1100.0,1100.0,1100.0,1043.659341769438,1057.489689825506,1071.320037881574,1085.150385937642,1098.98073399371,1112.811082049778,1126.641430105846,1140.471778161914,1154.302126217982,1168.13247427405,1181.962822330118,1187.033949950676,1192.105077571234,1197.176205191793,1202.247332812351,1207.318460432909,1212.389588053467,1217.460715674026,1222.531843294584,1227.602970915142,1232.6740985357,1237.745226156259,1242.816353776817,1247.887481397375,1252.958609017933,1258.029736638492,1263.271542240455,1268.53518876173,1273.820767206407,1279.128368957764,1284.458085779839,1289.810009819027,1295.184233605663,1300.580850055629,1305.999952471955,1311.441634546438,1316.905990361256,1322.393114390597,1327.903101502295,1333.436046959466,1338.992046422157,1344.571195949,1350.173591998871,1355.799331432562,1361.448511514451,1367.121229914185,1372.81758470837,1378.537674382265,1384.281597831486,1390.049454363715,1395.841343700416,1401.657365978564,1407.497621752368,1413.362211995017,1419.251238100422,1425.164801884969,1431.103005589282,1437.065951879986,1443.05374385149,1449.066485027757,1455.104279364108,1461.167231249008,1467.255445505876,1473.369027394898,1479.508082614845,1485.672717304899,1491.863038046491,1498.079151865144,1504.32116623232,1510.58918906728,1516.883328738952,1523.2036940678,1529.550394327709,1535.923539247872,1542.323239014692,1548.749604273679
Paraguay,PY,PRY,Population,,1520.862,1555.024,1590.186,1626.408,1663.44,1701.132,1739.679,1779.287,1820.011,1861.917,1905.11,1949.678,1996.582,2047.236,2099.003,2151.35,2203.819,2256.168,2308.614,2361.369,2414.687,2470.387,2529.374,2592.831,2658.411,2724.884,2792.788,2862.959,2935.58,3012.355,3094.115,3181.093,3271.284,3364.851,3461.021,3560.32,3662.629,3767.149,3873.943,3981.662,4089.833,4198.895,4308.304,4417.088,4525.747,4633.864,4741.222,4847.602,4952.449,5053.82,5147.916,5227.462,5295.194,5357.679,5418.67,5477.524,5532.771,5586.002,5641.145,5701.328,5774.615,5854.637,5939.379,6025.511,6114.111,6204.095,6294.157,6383.164,6471.599,6558.517,6648.962,6719.402,6801.526,6886.766,6971.54,7054.615,7135.944,7215.404,7293.644,7370.167,7445.068,7518.212,7590.234,7660.682,7729.563,7797.476,7864.287,7929.659,7994.071,8056.907,8118.236,8178.567,8238.077,8295.936,8352.727,8408.332,8463.176,8515.744,8566.944,8616.483,8664.445,8711.228,8756.456,8799.813,8841.696,8881.747,8920.208,8956.83,8991.956,9024.031,9053.976,9082.305,9109.306,9134.149,9156.576,9176.666,9195.263,9211.392,9226.069,9239.35,9250.979,9260.687,9269.077,9275.792,9280.822,9284.459,9286.369,9287.242,9287.035,9285.468,9282.883,9278.737,9273.975,9268.402,9262.278,9254.548,9245.816,9236.924,9227.193,9215.732,9203.903,9191.09,9177.787,9163.596,9148.505,9132.721,9115.774,9097.778,9078.989,9058.714
Peru,PE,PER,Cement production,kt cement,360.275273,367.368389,448.505952,484.983786,544.089188,551.441745,544.089188,602.909641,580.851971,602.639278,595.557084,698.492877,757.042085,816.133782,1014.963862,1065.825872,1088.178376,1110.236046,1139.373238,1132.527226,1448.453649,1624.915008,2360.170667,1904.639135,1904.312158,1963.132611,1926.067225,2022.283232,2396.93345,2169.004196,3080.252591,2588.099921,1963.484679,1948.427498,1756.930838,2205.766979,2587.731875,2514.207157,2102.831186,2190.0,2200.0,2090.0,2500.0,3177.0,3792.0,3848.0,4301.0,4340.0,3799.0,3906.0,3950.0,3980.0,4000.0,4604.201,5107.258,5782.419,6231.023,6922.0,8100.0,8396.0,8500.0,9847.0,10527.0,10676.0,10410.0,10094.0,9980.0,10049.0,10574.0,9140.0,12855.0,13500.0,13500.0,13500.0,12808.54646717038,12978.28255694939,13148.01864672841,13317.75473650742,13487.49082628644,13657.22691606546,13826.96300584447,13996.69909562349,14166.43518540251,14336.17127518152,14505.90736496054,14568.14393121284,14630.38049746515,14692.61706371745,14754.85362996976,14817.09019622207,14879.32676247437,14941.56332872668,15003.79989497899,15066.03646123129,15128.2730274836,15190.5095937359,15252.74615998821,15314.98272624052,15377.21929249282,15439.45585874513,15503.78710931468,15568.38640753033,15633.25487026046,15698.3936190271,15763.8037800253,15829.4864841426,15895.44286697859,15961.67406886454,16028.18123488309,16094.9655148881,16162.0280635245,16229.37004024824,16296.99260934635,16364.89693995708,16433.08420609011,16501.55558664681,16570.31226544069,16639.35543121781,16708.68627767736,16778.30600349227,16848.21581232999,16918.41691287325,16988.91051884097,17059.69784900923,17130.78012723238,17202.1585824642,17273.83444877906,17345.80896539339,17418.08337668699,17490.65893222462,17563.53688677755,17636.71850034529,17710.20503817737,17783.99777079521,17858.09797401405,17932.50692896509,18007.22592211757,18082.25624530103,18157.59919572764,18233.25607601467,18309.22819420694,18385.5168637995,18462.12340376029,18539.04913855299,18616.29539815987,18693.86351810482,18771.75483947642,18849.97070895116,18928.51247881668,19007.38150699515
Peru,PE,PER,Population,,7783.642,8003.598,8229.728,8460.07,8698.55,8945.476,9201.471,9466.272,9741.019,10026.288,10321.966,10628.281,10940.943,11263.254,11592.701,11929.47,12273.124,12624.503,12983.482,13350.053,13652.42,14023.715,14396.578,14769.156,15143.949,15523.965,15909.653,16309.958,16722.161,17144.116,17577.783,18019.827,18473.179,18938.734,19410.698,19885.711,20348.532,20816.107,21293.298,21771.879,22257.664,22709.886,23182.795,23644.771,24118.215,24579.623,25042.719,25505.576,25970.615,26402.394,26794.268,27134.933,27441.502,27719.479,27984.901,28217.46,28431.522,28629.876,28808.206,28985.416,29186.623,29421.548,29679.184,29956.654,30274.998,30640.202,31092.785,31556.488,32238.679,32659.927,33017.232,33294.532,33656.344,34034.89,34400.805,34752.525,35091.771,35419.598,35736.978,36044.439,36343.321,36633.561,36916.329,37192.423,37461.189,37721.662,37974.653,38219.142,38455.522,38684.26,38905.037,39118.049,39322.71,39518.591,39707.109,39886.338,40057.1,40218.657,40371.054,40515.509,40652.243,40780.479,40900.612,41013.402,41117.418,41213.229,41300.002,41378.649,41448.035,41509.028,41561.944,41606.437,41642.159,41669.672,41688.239,41698.944,41701.547,41696.094,41682.298,41660.05,41629.72,41592.091,41546.886,41494.369,41433.994,41366.694,41292.421,41211.761,41124.613,41031.451,40931.498,40826.095,40714.964,40599.459,40478.34,40352.501,40222.425,40087.808,39949.476,39808.664,39664.269,39516.882,39366.675,39212.688,39057.827,38899.74,38739.47,38577.056,38413.115,38246.909
Philippines,PH,PHL,Cement production,kt cement,308.807377,308.807377,294.102264,308.807377,396.818334,434.055119,507.326405,639.672424,727.903103,794.076112,1022.435142,963.184914,948.479801,1198.466725,1529.732961,1610.209894,2110.183743,2566.042252,2948.375195,2448.401346,3117.483996,2904.259855,4058.61124,3499.816939,4264.482825,4499.764636,4198.309816,4337.58397,3948.322892,4477.706966,4088.45397,4352.713504,4382.123731,3654.220628,3080.721213,3543.932279,3323.355581,4095.772096,3624.470841,6360.0,6913.0,6667.0,7962.0,9571.0,10554.0,12429.0,14681.0,12888.0,12556.0,11959.0,8653.0,13400.0,13067.0,13346.0,15494.0,12033.0,13048.0,13369.0,14865.0,15900.0,16063.0,18907.0,20150.0,21305.0,24050.0,23000.0,26000.0,27700.0,27700.0,23000.0,27000.0,28700.0,28700.0,28700.0,22791.92990116335,23090.14206809446,23388.35423502557,23686.56640195668,23984.77856888779,24282.9907358189,24581.20290275001,24879.41506968112,25177.62723661223,25475.83940354334,25774.05157047445,25911.51317885031,26048.97478722617,26186.43639560204,26323.89800397791,26461.35961235376,26598.82122072963,26736.28282910549,26873.74443748136,27011.20604585722,27148.66765423309,27286.12926260895,27423.59087098481,27561.05247936068,27698.51408773654,27835.9756961124,27979.16175164251,28123.08434490787,28267.74726460033,28413.1543189004,28559.3093355776,28706.21616209119,28853.87866569146,29002.30073352154,29151.48627271967,29301.43921052216,29452.16349436666,29603.66309199619,29755.94199156345,29909.00420173593,30062.85375180138,30217.4946917739,30372.9310925005,30529.16704576835,30686.20666441242,30844.0540824238,31002.71345505848,31162.18895894677,31322.48479220324,31483.60517453724,31645.55434736392,31808.33657391599,31971.95613935587,32136.41735088851,32301.72453787479,32467.88205194548,32634.8942671158,32802.76557990052,32971.5004094298,33141.1031975654,33311.57840901769,33482.93053146314,33655.16407566251,33828.28357557949,34002.29358850019,34177.19869515302,34353.00349982925,34529.71263050433,34707.33073895958,34885.86250090477,35065.31261610111,35245.68580848505,35426.98682629256,35609.22044218418,35792.39145337062,35976.50468173909
Philippines,PH,PHL,Population,,19198.485,19937.677,20719.827,21545.173,22419.834,23341.313,24310.307,25321.402,26363.646,27451.569,28332.226,29253.015,30194.058,31155.404,32130.659,33119.972,34114.367,35128.273,36148.411,37173.187,38071.221,38966.097,39851.024,40737.236,41611.446,42630.206,43772.77,44963.154,46187.409,47426.798,48660.682,49962.772,51428.643,52960.598,54491.764,55934.248,57355.907,58959.085,60519.018,62011.501,63697.832,65066.665,66785.586,68275.657,69762.925,71329.566,73050.919,74766.701,76815.347,78691.166,80559.628,82243.348,83894.429,85569.241,87219.768,88812.155,90205.817,91944.551,93453.638,95314.862,97359.388,99137.841,101213.184,102939.488,104594.772,106031.211,107440.227,108799.16,110131.413,111477.954,112684.574,113517.326,114411.351,115371.047,116316.292,117257.633,118191.31,119121.517,120046.446,120957.813,121859.977,122743.217,123617.444,124480.613,125327.615,126154.328,126962.124,127743.069,128493.985,129206.096,129887.223,130532.38,131141.613,131713.173,132246.154,132737.909,133186.092,133584.481,133934.38,134243.619,134503.259,134721.963,134888.149,135017.688,135111.758,135166.503,135182.289,135176.407,135144.45,135077.733,134986.784,134872.545,134733.661,134577.13,134399.228,134195.107,133979.749,133735.808,133473.865,133187.801,132875.585,132541.872,132177.702,131788.59,131368.202,130925.904,130453.889,129944.348,129414.119,128863.335,128280.8,127679.541,127052.531,126407.399,125737.983,125046.218,124340.012,123622.113,122894.558,122157.892,121413.621,120659.219,119902.939,119144.703,118387.691,117624.456,116861.009,116104.017,115349.551,114596.066
Poland,PL,POL,Cement production,kt cement,2691.116441,2668.978044,3293.945355,3404.149189,3815.886213,4036.553571,4492.41208,5058.454079,5315.898418,6595.243266,7359.909152,7543.723067,7675.947349,8757.026991,9573.028687,10043.592309,11131.770685,11602.488419,11830.115833,12175.980381,13080.198183,13984.562644,15550.657199,16764.006257,18499.032393,19800.43491,21300.356456,21697.394512,19175.4676,18440.21194,14227.197011,16102.098943,16197.682179,16697.51491,14999.338806,15800.644123,16087.39383,16984.266083,17124.10431,12500.0,12012.0,11908.0,12228.0,13834.0,13914.0,13959.0,15003.0,14970.0,15555.0,15046.0,11918.0,10948.0,11653.448,12566.265,12646.223,14688.353,17119.936,17207.0,15043.0,15521.0,18552.0,15735.0,14539.0,15357.0,15016.0,15514.0,17229.0,18944.0,18735.0,18732.0,19327.0,18854.0,16607.0,17690.4,14940.16264413489,14961.52098958755,14982.87933504021,15004.23768049287,15025.59602594553,15046.95437139819,15068.31271685085,15089.67106230351,15111.02940775616,15132.38775320882,15153.74609866148,15122.42052533091,15091.09495200035,15059.76937866978,15028.44380533922,14997.11823200865,14965.79265867808,14934.46708534752,14903.14151201695,14871.81593868638,14840.49036535582,14809.16479202525,14777.83921869468,14746.51364536412,14715.18807203355,14683.86249870298,14653.06004483042,14622.32220550764,14591.64884519221,14561.039828626,14530.49502083463,14500.01428712684,14469.59749309392,14439.24450460911,14408.95518782701,14378.729409183,14348.56703539262,14318.467933451,14288.4319706323,14258.45901448908,14228.54893285174,14198.70159382793,14168.91686580199,14139.19461743433,14109.53471766087,14079.93703569248,14050.40144101439,14020.92780338559,13991.51599283829,13962.16587967735,13932.87733447966,13903.65022809363,13874.48443163858,13845.37981650418,13816.3362543499,13787.35361710441,13758.43177696506,13729.57060639729,13700.76997813405,13672.02976517527,13643.3498407873,13614.73007850232,13586.17035211783,13557.67053569603,13529.23050356333,13500.85013030976,13472.52929078841,13444.26786011491,13416.06571366685,13387.92272708324,13359.83877626397,13331.81373736926,13303.84748681909,13275.93990129269,13248.09085772798,13220.30023332104
Poland,PL,POL,Population,,24996.726,25448.658,25896.261,26356.65,26824.298,27302.981,27768.155,28384.841,28902.438,29362.616,29789.316,30170.061,30506.112,30841.928,31144.342,31432.329,31704.239,31953.022,32203.753,32441.797,32643.47,32899.122,33184.87,33481.678,33803.245,34125.553,34467.66,34789.364,35079.062,35417.711,35735.327,36066.499,36400.421,36746.977,37064.623,37337.083,37568.138,37763.277,37872.451,38003.724,38107.186,38198.708,38268.572,38321.191,38367.434,38361.9,38356.441,38340.179,38312.694,38262.731,38253.412,38241.301,38217.515,38189.533,38145.611,38103.147,38039.187,38001.655,37990.149,38014.161,38176.542,38240.743,38254.992,38263.533,38266.693,38265.935,38260.595,38249.322,38232.819,38218.95,38123.074,37957.529,38813.949,38711.738,38366.664,37915.155,37771.222,37618.818,37457.695,37286.854,37110.231,36925.794,36736.559,36543.08,36344.718,36142.857,35935.016,35724.496,35509.549,35290.711,35068.396,34844.272,34615.144,34383.355,34149.592,33912.526,33673.214,33431.16,33187.031,32939.44,32688.753,32434.217,32178.446,31917.674,31653.936,31386.286,31114.852,30840.816,30563.831,30281.439,29996.877,29707.259,29414.413,29116.225,28814.11,28508.832,28200.134,27888.669,27575.364,27260.942,26946.169,26630.641,26315.223,26000.179,25688.11,25379.222,25073.756,24770.774,24474.648,24181.447,23893.959,23611.351,23334.282,23063.403,22799.399,22541.568,22289.511,22043.068,21802.25,21567.537,21337.578,21112.454,20891.679,20674.668,20460.9,20251.03,20042.607,19837.005,19632.883,19430.415
Portugal,PT,PRT,Cement production,kt cement,640.106984,727.903103,772.018442,779.370999,778.929429,1022.005367,977.890027,1022.005367,1029.357923,1198.466725,1242.582065,1404.33831,1433.748536,1624.37463,1676.382904,1720.498243,1823.434036,1860.196819,2037.169386,2331.32072,2455.753903,2779.266393,3301.297911,3390.128719,3448.349043,3713.04108,4294.58595,5117.37939,5139.43706,5748.918048,5698.231361,5962.923399,6065.859191,5536.475116,5367.366314,5440.89188,5852.63505,5896.750389,5984.981068,7280.0,7473.0,7638.0,7617.0,7977.0,8123.0,8455.0,9395.0,9500.0,10147.0,10343.0,10162.0,9759.0,8567.0,8843.0,8438.0,8340.0,12631.0,6629.0,5318.0,4587.0,5069.0,4090.0,5000.0,5420.0,5620.0,4100.0,3790.0,3960.0,4140.0,4290.0,4500.0,4500.0,4500.0,4500.0,4292.102528502101,4301.372728347677,4310.642928193254,4319.913128038831,4329.183327884408,4338.453527729986,4347.723727575562,4356.993927421139,4366.264127266717,4375.534327112293,4384.80452695787,4375.740331553305,4366.676136148742,4357.611940744177,4348.547745339614,4339.483549935049,4330.419354530485,4321.355159125922,4312.290963721357,4303.226768316793,4294.162572912229,4285.098377507665,4276.034182103101,4266.969986698537,4257.905791293973,4248.841595889408,4239.928767450652,4231.034635522224,4222.159160884306,4213.302304399355,4204.464027011923,4195.644289748493,4186.8430537173,4178.060280108163,4169.295930192315,4160.549965322229,4151.82234693145,4143.113036534424,4134.421995726329,4125.749186182905,4117.094569660283,4108.458107994821,4099.839763102933,4091.239496980921,4082.657271704804,4074.093049430161,4065.546792391954,4057.018462904363,4048.508023360625,4040.015436232866,4031.540664071929,4023.083669507222,4014.644415246538,4006.222864075903,3997.818978859407,3989.432722539037,3981.06405813452,3972.712948743155,3964.379357539655,3956.063247775976,3947.764582781168,3939.483325961199,3931.219440798804,3922.972890853322,3914.743639760532,3906.531651232493,3898.336889057388,3890.159317099361,3881.998899298359,3873.855599669971,3865.729382305271,3857.620211370662,3849.528051107711,3841.452865833001,3833.394619937964,3825.353277888731
Portugal,PT,PRT,Population,,8451.396,8496.996,8549.851,8595.643,8638.277,8687.498,8720.627,8765.952,8819.603,8861.139,8885.297,8891.452,8900.1,8896.504,8895.023,8884.227,8860.732,8830.951,8788.458,8720.019,8619.028,8752.136,8879.058,8999.415,9118.937,9245.668,9374.844,9501.49,9611.3,9715.305,9811.944,9863.228,9908.449,9942.067,9971.724,9987.213,9998.974,10005.012,10004.167,9998.584,9980.464,9957.889,9962.79,9981.893,10015.08,10048.421,10086.877,10134.226,10184.825,10244.918,10321.491,10387.158,10438.93,10469.56,10493.203,10512.784,10535.456,10558.193,10569.968,10582.566,10574.754,10539.351,10486.949,10429.646,10382.751,10357.783,10334.961,10326.727,10323.979,10362.447,10378.591,10403.32,10430.825,10430.651,10419.934,10403.733,10386.992,10368.969,10347.628,10327.304,10308.55,10288.31,10265.782,10243.535,10219.809,10196.672,10172.644,10148.944,10123.568,10096.396,10068.115,10041.976,10014.592,9984.488,9954.08,9922.699,9889.981,9856.897,9824.242,9788.033,9752.508,9717.122,9679.791,9641.395,9604.171,9565.279,9528.102,9491.305,9451.897,9414.583,9377.186,9341.635,9305.286,9269.308,9233.143,9199.737,9167.338,9135.954,9103.977,9074.437,9046.782,9020.532,8997.72,8974.085,8951.696,8932.553,8914.39,8899.777,8886.124,8873.802,8863.045,8852.911,8844.826,8838.638,8831.989,8826.724,8822.088,8815.965,8811.358,8806.797,8802.528,8798.541,8793.436,8788.691,8784.045,8776.53,8770.542,8765.255,8761.269,8756.138
Qatar,QA,QAT,Cement production,kt cement,0.0,0.0,0.0,0.0,0.0,0.0,0.0,0.0,0.0,0.0,0.0,0.0,0.0,0.0,0.0,0.0,0.0,0.0,51.467896,257.339481,257.339481,102.935792,102.935792,124.993462,161.756245,169.168536,169.108802,205.943292,235.341909,205.929236,257.339481,227.86162,374.980386,477.774111,316.159934,308.807377,301.358724,301.45482,301.45482,267.0,527.0,544.0,544.0,469.0,475.0,690.0,692.0,986.0,1025.0,1210.0,1240.0,1340.0,1400.0,1400.0,1500.0,1568.0,2400.0,3800.0,4095.0,3780.0,5000.0,5500.0,5335.0,6080.0,6880.0,6700.0,6000.0,5600.0,4500.0,4000.0,4500.0,4800.0,4800.0,4800.0,4877.179687253602,4934.062560495868,4990.945433738135,5047.828306980401,5104.711180222668,5161.594053464934,5218.476926707201,5275.359799949468,5332.242673191734,5389.125546434001,5446.008419676267,5475.362791300056,5504.717162923842,5534.071534547628,5563.425906171416,5592.780277795203,5622.134649418989,5651.489021042777,5680.843392666563,5710.19776429035,5739.552135914138,5768.906507537925,5798.260879161711,5827.615250785499,5856.969622409286,5886.323994033072,5916.913492028818,5947.661954666772,5978.57020803952,6009.639082532604,6040.869412846845,6072.262038020749,6103.817801453067,6135.537550925437,6167.422138625182,6199.472421168181,6231.6892596219,6264.073519528516,6296.626070928177,6329.347788382376,6362.239550997441,6395.302242448162,6428.536751001525,6461.94396954058,6495.524795588425,6529.280131332326,6563.21088364795,6597.317964123731,6631.60228908536,6666.064779620404,6700.70636160305,6735.527965718982,6770.530527490389,6805.714987301085,6841.082290421795,6876.633387035524,6912.369232263111,6948.290786188874,6984.399013886405,7020.694885444503,7057.179375993229,7093.853465730118,7130.718139946494,7167.774389053955,7205.023208610981,7242.46559934967,7280.102567202637,7317.935123330028,7355.964284146697,7394.191071349504,7432.616511944771,7471.241638275867,7510.067488050944,7549.095104370828,7588.325535757028,7627.759836179908
Qatar,QA,QAT,Population,,24.666,25.467,26.307,27.169,28.064,29.008,30.04,31.235,32.702,34.609,37.411,41.949,47.312,53.449,60.286,67.844,76.54,86.339,97.159,108.892,123.807,138.885,154.128,169.555,185.169,201.005,217.098,233.472,250.143,267.197,284.63,302.475,320.599,338.819,356.937,374.944,389.9,404.111,418.418,432.874,447.477,462.228,477.086,492.003,506.916,521.734,536.303,564.698,596.382,628.619,661.359,694.491,727.919,761.445,785.22,865.595,1080.067,1337.123,1516.754,1655.345,1763.114,1858.786,1955.448,2109.834,2326.91,2527.751,2670.993,2742.426,2779.858,2815.984,2790.766,2839.198,2945.712,3012.452,3084.394,3147.383,3199.736,3242.094,3281.172,3316.996,3350.225,3384.365,3419.412,3455.436,3492.365,3530.152,3568.889,3608.538,3649.066,3690.422,3732.584,3775.469,3819.065,3863.313,3908.182,3953.611,3999.582,4046.066,4093.062,4140.482,4188.439,4236.873,4285.865,4335.627,4385.758,4436.719,4487.899,4539.876,4592.33,4645.414,4699.117,4753.438,4808.441,4864.662,4921.429,4978.61,5036.331,5094.598,5153.439,5212.851,5272.909,5333.465,5394.668,5456.43,5518.898,5581.815,5645.2,5709.144,5773.674,5838.652,5903.923,5970.177,6036.988,6104.056,6171.6,6239.797,6308.462,6377.649,6447.386,6517.541,6588.08,6659.046,6730.259,6801.809,6873.734,6945.936,7018.37,7090.866,7163.397,7235.935
Republic of Korea,KR,KOR,Cement production,kt cement,7.352557,36.762783,44.149805,58.820453,58.820453,44.11534,95.583236,294.221915,360.275273,433.927607,522.031518,786.723556,779.235598,1242.377018,1610.209894,1882.254488,2441.303463,3573.342505,4830.629683,5823.621879,6874.640416,6484.560814,8176.453131,8845.125584,10131.822988,11874.378901,14197.786785,15131.561473,16410.90632,15609.477651,15616.830208,17888.770196,21278.298786,20410.240493,20425.402221,23403.187642,25660.422517,28990.6517,30468.99453,33600.0,38335.0,42650.0,46893.0,51634.0,55130.0,57260.0,59796.0,46091.0,48157.0,51255.0,52046.0,55514.0,59194.0,54330.0,47197.0,49199.0,52182.0,51653.0,50126.0,47420.06,48249.153,46862.24,47290.598,47047.9,52043.695,56507.193,57399.835,52092.607,50635.456,47518.187,50449.908,51062.17,51116.346,44185.538,44269.44582269678,43935.02130278973,43600.59678288267,43266.17226297561,42931.74774306855,42597.3232231615,42262.89870325444,41928.47418334739,41594.04966344032,41259.62514353327,40925.20062362621,40802.57829966029,40679.95597569437,40557.33365172845,40434.71132776252,40312.0890037966,40189.46667983068,40066.84435586476,39944.22203189883,39821.59970793292,39698.97738396699,39576.35506000107,39453.73273603516,39331.11041206923,39208.48808810332,39085.86576413739,38966.22471718834,38846.94988907146,38728.04015879833,38609.49440881176,38491.31152497547,38373.49039656349,38256.02991624974,38138.92898009767,38022.18648754986,37905.80134141766,37789.77244787091,37674.09871642761,37558.77905994373,37443.81239460297,37329.19763990652,37214.93371866304,37101.0195569784,36987.45408424562,36874.23623313486,36761.36493958335,36648.83914278539,36536.65778518236,36424.81981245286,36313.32417350271,36202.16982045511,36091.35570864079,35980.8807965882,35870.7440460137,35760.94442181184,35651.48089204559,35542.35242793665,35433.55800385581,35325.09659731326,35216.96718894906,35109.16876252345,35001.70030490742,34894.56080607307,34787.74925908422,34681.26466008688,34575.10600829984,34469.27230600527,34363.76255853931,34258.57577428278,34153.71096465179,34049.16714408851,33944.94333005189,33841.03854300838,33737.4518064228,33634.18214674912,33531.22859342131
Republic of Korea,KR,KOR,Population,,19757.554,19980.426,20479.333,21071.317,21759.829,22490.376,23258.492,24063.091,24884.763,25711.703,26519.056,27186.846,27831.628,28459.452,29030.502,29538.173,30153.708,30837.748,31512.832,32192.69,32891.704,33588.002,34284.929,34966.77,35608.904,36142.581,36617.269,37070.005,37493.865,37927.933,38354.28,39024.098,39688.211,40313.671,40882.93,41414.996,42022.013,42622.17,43223.784,43825.75,44337.104,44541.196,44766.194,45009.253,45252.428,45484.423,45792.976,46090.097,46371.658,46629.108,46904.214,47182.722,47415.519,47612.802,47781.349,47921.939,48091.096,48265.141,48447.845,48645.528,48893.137,49362.15,49837.009,50305.32,50772.791,51195.032,51400.646,51571.895,51709.893,51825.799,51891.164,51805.631,51759.392,51738.086,51697.094,51636.965,51563.811,51473.879,51372.981,51255.051,51122.116,50974.233,50808.345,50620.264,50413.354,50188.112,49944.975,49681.877,49400.438,49103.34,48794.033,48466.833,48132.656,47785.424,47421.309,47044.603,46657.194,46246.928,45820.659,45373.929,44912.338,44429.961,43927.722,43416.363,42898.541,42366.799,41823.396,41266.782,40702.304,40139.761,39574.694,39018.685,38459.404,37906.93,37358.715,36817.419,36283.206,35753.83,35233.012,34710.617,34195.357,33688.04,33188.231,32697.818,32213.146,31736.519,31265.857,30801.45,30344.45,29894.381,29448.635,29005.677,28571.015,28140.421,27716.783,27295.066,26878.071,26463.435,26054.409,25649.143,25249.046,24854.74,24466.901,24087.349,23716.798,23354.293,23003.891,22663.034,22329.927,22006.983
Republic of Moldova,MD,MDA,Cement production,kt cement,115.682517,134.265705,154.992805,187.995229,226.815284,255.470056,302.413042,354.876872,420.568614,502.201718,570.703762,654.059397,707.704677,765.43184,866.999318,973.17355,1047.155354,1097.758165,1143.411175,1230.783474,1315.394777,1387.159822,1476.988459,1574.916414,1692.515365,1746.273501,1809.864357,1832.387098,1798.854953,1852.158665,1907.552856,1878.643796,1970.763465,2025.884064,2059.627087,2154.438208,2216.863835,2277.03312,2318.811555,2288.0,1800.0,1088.2,960.3,769.1,518.8,494.4,611.8,493.0,462.0,431.9,402.1,477.0,484.4,667.6,772.8,1051.1,1531.0,1775.9,869.4,861.4,1018.0,1051.4,1095.3,1086.2,1122.8,900.2,1116.0,1233.0,1329.0,1235.0,1243.0,1200.0,1200.0,1200.0,1013.442046135863,1014.890855351211,1016.339664566559,1017.788473781907,1019.237282997255,1020.686092212602,1022.13490142795,1023.583710643298,1025.032519858646,1026.481329073994,1027.930138289342,1025.805218106831,1023.680297924322,1021.555377741811,1019.430457559301,1017.305537376791,1015.18061719428,1013.05569701177,1010.93077682926,1008.80585664675,1006.680936464239,1004.556016281729,1002.431096099219,1000.306175916708,998.1812557341982,996.0563355516879,993.9669003412303,991.8818481554499,989.8011698000415,987.7248560999867,985.6528978995135,983.5852860620564,981.5220114702154,979.4630650257161,977.40843764937,975.3581202810337,973.3121038795697,971.2703794228057,969.2329379074955,967.1997703492796,965.170867782644,963.1462212608827,961.1258218560569,959.1096606589557,957.0977287790574,955.0900173444907,953.0865175019933,951.087220416876,949.0921172729813,947.101199272646,945.1144576366612,943.1318836042349,941.153468432952,939.1792033987367,937.2090797958143,935.2430889366713,933.2812221520188,931.3234707907535,929.3698262199191,927.4202798246689,925.4748230082281,923.5334471918547,921.5961438148031,919.662904334285,917.7337202254329,915.8085829812616,913.8874841126312,911.9704151482098,910.0573676344356,908.1483331354796,906.2433032332093,904.3422695271508,902.4452236344516,900.5521571898447,898.6630618456101,896.7779292715395
Republic of Moldova,MD,MDA,Population,,2549.942,2595.548,2644.008,2695.001,2748.09,2803.024,2859.451,2916.539,2972.583,3042.15,3110.183,3177.591,3241.418,3302.158,3358.317,3413.627,3467.683,3520.72,3573.445,3626.535,3660.499,3695.356,3732.638,3772.608,3815.087,3858.805,3903.255,3947.911,3992.678,4028.1,4069.327,4109.749,4150.382,4193.77,4238.006,4284.255,4334.477,4383.651,4431.886,4446.874,4455.422,4457.795,4453.626,4442.851,4426.061,4402.361,4372.95,4338.126,4299.303,4257.128,4212.805,4166.735,4119.124,4071.715,4021.624,3955.713,3886.92,3815.871,3743.137,3669.283,3594.7,3519.832,3445.421,3372.054,3313.364,3260.965,3214.623,3172.372,3135.174,3089.95,3048.312,2999.245,3080.724,3053.416,3016.505,2975.706,2946.801,2917.966,2889.017,2859.879,2830.604,2801.91,2773.429,2744.738,2716.201,2687.82,2660.364,2633.422,2607.101,2581.133,2556.487,2532.875,2509.808,2487.236,2465.73,2444.153,2423.376,2403.003,2382.767,2361.942,2341.676,2320.696,2299.585,2278.029,2256.193,2234.263,2211.922,2189.921,2167.872,2145.661,2122.954,2100.666,2078.509,2056.939,2035.381,2014.315,1993.844,1973.568,1953.698,1934.706,1915.851,1898.052,1880.716,1864.061,1847.676,1831.868,1816.615,1801.136,1786.184,1771.485,1757.14,1742.999,1729.032,1715.176,1701.538,1687.68,1674.035,1660.512,1646.876,1633.307,1619.773,1605.917,1592.012,1578.042,1564.102,1550.0,1535.994,1522.118,1508.264,1494.588
Romania,RO,ROU,Cement production,kt cement,1139.831822,1499.921545,1897.186511,1602.857338,1933.914986,2095.47863,2352.81811,2573.58414,2852.791959,3051.310987,3308.650468,3485.111826,4367.188293,4749.75156,5404.129097,5882.045276,6330.551228,7029.044105,7514.559648,8124.327004,8521.364759,9212.753414,9845.073281,11190.591138,11521.456184,13087.276137,13874.274295,14690.685899,15594.772538,15609.768781,14741.875973,14992.143712,13969.602117,14013.97287,12234.654174,14212.491898,14293.122983,14448.022706,13264.012097,9470.0,6692.0,6271.0,6240.0,6676.0,6842.0,6956.0,7298.0,7300.0,6252.0,6058.0,5668.0,5680.0,5992.0,6238.584,7032.1,8252.768,10059.579,10659.0,7797.0,6909.0,8087.0,8223.0,7451.0,7621.0,8356.0,8038.0,8442.0,8951.0,9937.0,10539.0,10676.0,10204.0,10204.0,10204.0,8617.63553230862,8629.955240003128,8642.274947697637,8654.594655392148,8666.914363086655,8679.234070781164,8691.553778475673,8703.873486170181,8716.193193864689,8728.512901559196,8740.832609253705,8722.763704635092,8704.694800016481,8686.625895397867,8668.556990779256,8650.488086160643,8632.41918154203,8614.35027692342,8596.281372304806,8578.212467686195,8560.143563067582,8542.07465844897,8524.005753830357,8505.936849211745,8487.867944593132,8469.79903997452,8452.031875901595,8434.30198214851,8416.60928053302,8398.953693036887,8381.33514180553,8363.753549147686,8346.208837535065,8328.700929602006,8311.229748145142,8293.795216123057,8276.397256655942,8259.035793025258,8241.710748673404,8224.422047203374,8207.169612378417,8189.953368121707,8172.773238516003,8155.629147803321,8138.521020384586,8121.448780819319,8104.412353825283,8087.411664278169,8070.446637211252,8053.517197815067,8036.623271437076,8019.764783581344,8002.941659908201,7986.153826233925,7969.401208530408,7952.683732924828,7936.001325699334,7919.353913290707,7902.741422290046,7886.163779442435,7869.620911646633,7853.112745954739,7836.639209571876,7820.200229855871,7803.795734316931,7787.425650617328,7771.089906571075,7754.788430143612,7738.521149451484,7722.287992762029,7706.088888493057,7689.92376521254,7673.792551638287,7657.695176637647,7641.631569227171,7625.601658572325
Romania,RO,ROU,Population,,16512.602,16738.598,16953.496,17161.9,17371.427,17579.11,17803.881,17970.697,18121.561,18253.836,18373.154,18471.874,18551.465,18623.395,18687.408,18738.7,18813.818,19183.292,19538.818,19864.798,20158.451,20428.514,20682.638,20914.009,21153.095,21383.045,21612.322,21788.033,21948.1,22091.147,22218.395,22327.184,22421.701,22496.713,22571.284,22640.356,22709.129,22782.054,22848.805,22926.476,22952.584,22942.243,22882.542,22801.959,22710.526,22604.92,22478.9,22344.125,22225.676,22106.642,21985.881,21853.954,21686.079,21500.822,21305.613,21121.162,20950.303,20791.129,20646.355,20507.498,20357.65,20206.372,20110.533,20015.309,19921.039,19821.0,19733.101,19645.702,19550.042,19453.042,19331.896,19164.426,19169.119,19067.838,18962.338,18854.963,18746.246,18636.869,18526.911,18415.185,18303.829,18191.697,18079.653,17966.084,17852.408,17736.426,17619.67,17502.912,17384.929,17268.195,17151.241,17032.323,16915.179,16797.508,16679.052,16561.588,16444.393,16325.263,16206.126,16086.598,15967.935,15847.701,15725.379,15603.667,15480.037,15353.124,15224.717,15095.551,14965.44,14833.915,14702.261,14569.277,14436.208,14305.324,14175.301,14046.026,13920.847,13798.374,13679.395,13561.854,13446.969,13334.424,13224.528,13118.545,13013.792,12911.468,12810.758,12711.56,12613.909,12517.86,12422.832,12329.849,12240.007,12150.672,12062.888,11976.622,11890.372,11806.662,11723.327,11640.124,11556.59,11474.466,11391.932,11308.808,11226.903,11144.148,11061.388,10978.282,10894.667,10810.476
Russian Federation,RU,RUS,Cement production,kt cement,7639.605621,8682.917691,9819.293808,11672.068435,13805.861886,15250.127492,17710.170807,20395.292207,23727.684466,27822.393995,31056.45628,34970.836134,37188.384303,39540.584902,44040.057746,48620.533519,51468.942977,53094.158576,54431.038659,57680.0,60626.0282,62889.351266,65881.119475,69128.610922,73119.0,74602.127353,76471.993442,76588.77069,74388.805533,75792.0,77048.437243,74910.489996,77590.902308,78765.224197,79089.0,81778.084235,83191.364911,84489.830813,85085.304975,83034.0,76193.691555,61700.0,49900.0,37200.0,36500.0,27800.0,26700.0,26000.0,28400.0,32400.0,35300.0,37700.0,41000.0,45700.0,48534.1,54731.2,59934.1,53548.2,44266.2,50392.3,56152.5,61690.6,66548.9,69139.2,62102.6,54935.2,54721.7,53678.9,57676.038,56165.0,59822.146,60666.976,62827.275,65157.994,69912.65571816562,70510.19978413286,71107.74385010007,71705.2879160673,72302.83198203454,72900.37604800177,73497.92011396898,74095.46417993621,74693.00824590345,75290.55231187066,75888.0963778379,76246.62281741823,76605.14925699856,76963.67569657891,77322.20213615925,77680.72857573957,78039.25501531991,78397.78145490025,78756.30789448059,79114.83433406093,79473.36077364127,79831.8872132216,80190.41365280193,80548.94009238227,80907.46653196261,81265.99297154295,81637.78108949601,82011.27012070436,82386.46784676665,82763.38208488192,83142.02068801253,83522.39154504782,83904.5025809684,84288.36175701131,84673.97707083586,85061.3565566903,85450.50828557917,85841.44036543144,86234.1609412696,86628.67819537909,87025.00034747904,87423.13565489333,87823.09241272278,88224.8789540178,88628.50364995225,89033.97490999763,89441.30118209842,89850.49095284805,90261.55274766563,90674.49513097382,91089.326706377,91506.05611684064,91924.69204487148,92345.24321269813,92767.7183824532,93192.12635635548,93618.47597689363,94046.77612701018,94477.03573028679,94909.26375112995,95343.4691949581,95779.66110838886,96217.84857942781,96658.04073765769,97100.24675442866,97544.47584304935,97990.73725897896,98439.04030001981,98889.39430651139,99341.80866152466,99796.29279105783,100252.8561642326,100711.5082934912,101172.2587347953,101635.1170878242,102100.0929961756
Russian Federation,RU,RUS,Population,,104118.253,105571.062,107081.701,108621.657,110304.822,112017.163,113801.044,115659.626,117517.906,119069.875,120798.408,122410.2,123813.227,125086.278,126174.029,127094.399,127972.863,128712.424,129417.657,130106.717,130627.662,131346.563,132106.275,132844.024,133674.292,134597.903,135563.478,136518.473,137439.702,138193.379,138951.867,139751.129,140744.368,141918.189,143010.289,144128.489,145487.137,146807.628,147921.351,148642.381,149316.7,149580.166,148251.816,148019.032,148382.441,148200.365,147968.8,147738.741,147532.321,146951.628,146483.937,145750.631,146128.369,145460.09,144900.103,144295.666,143910.23,143809.297,143814.384,143923.88,143945.051,144142.446,144439.612,144768.583,145082.693,145532.538,146024.816,146348.782,146511.509,146554.625,146187.972,145484.378,145675.42,145205.581,144435.265,143559.521,143229.395,142858.854,142480.73,142089.382,141689.437,141261.464,140859.287,140469.898,140091.664,139727.619,139375.42,139034.326,138719.274,138415.363,138148.299,137895.225,137670.254,137445.556,137244.454,137059.959,136887.457,136691.348,136480.604,136256.184,136009.366,135743.012,135473.935,135151.042,134823.641,134473.677,134129.15,133787.487,133420.512,133058.697,132728.241,132375.686,132042.291,131693.254,131354.269,131020.402,130708.309,130421.764,130140.496,129848.908,129572.75,129291.142,129062.736,128845.523,128646.391,128461.727,128308.149,128149.963,128008.43,127886.854,127788.984,127704.616,127620.32,127544.819,127469.45,127392.688,127323.978,127275.427,127224.746,127172.007,127116.212,127067.167,126991.668,126935.766,126882.789,126814.17,126723.362,126644.367,126543.015,126439.051
Rwanda,RW,RWA,Cement production,kt cement,0.0,0.0,0.0,0.0,0.0,0.0,0.0,0.0,0.0,0.0,0.0,0.0,0.0,0.0,0.0,0.0,0.0,0.0,0.0,0.0,0.0,0.0,0.0,0.0,0.0,0.0,0.0,0.0,0.0,0.0,0.0,0.0,0.0,0.0,0.0,0.0,66.569255,58.820453,66.526876,60.0,60.0,60.0,60.0,10.0,10.0,42.0,61.0,59.0,66.0,71.0,91.0,101.0,105.105,104.288,101.128,102.589,103.034,103.0,92.0,95.0,94.0,106.0,130.0,140.0,180.0,350.0,390.0,400.0,450.0,490.0,670.0,940.0,940.0,940.0,1108.847034811492,1143.318963354854,1177.790891898216,1212.262820441579,1246.734748984941,1281.206677528304,1315.678606071666,1350.150534615029,1384.622463158391,1419.094391701753,1453.566320245116,1500.848187666937,1548.130055088759,1595.411922510581,1642.693789932403,1689.975657354225,1737.257524776046,1784.539392197868,1831.82125961969,1879.103127041512,1926.384994463334,1973.666861885156,2020.948729306977,2068.230596728799,2115.512464150621,2162.794331572443,2220.856924936709,2280.478272501025,2341.700220736854,2404.565739530221,2469.118952341022,2535.405167171976,2603.470908368984,2673.3639492752,2745.133345761735,2818.829470658534,2894.504049109579,2972.210194877255,3052.002447621332,3133.936811178751,3218.070792871075,3304.463443867181,3393.175400629546,3484.268927473194,3577.80796026719,3673.858151309347,3772.486915405645,3873.7634771867,3977.7589196945,4084.5462342735,4194.200371801104,4306.798295293481,4422.419033923646,4541.143738489712,4663.055738372248,4788.24060002073,4916.786187010105,5048.782721709662,5184.322848607458,5323.501699334757,5466.416959436131,5613.168936932072,5763.860632722241,5918.597812878775,6077.489082880377,6240.645963839323,6408.182970774842,6580.217692987842,6756.870876593388,6938.266509268853,7124.531907277223,7315.797804826631,7512.198445828872,7713.871678121243,7920.959050217899,8133.605910658592
Rwanda,RW,RWA,Population,,2196.195,2275.867,2357.153,2439.566,2524.678,2611.919,2701.7,2794.048,2886.21,2978.578,3066.011,3147.547,3224.503,3293.278,3376.389,3470.031,3573.22,3685.934,3802.086,3920.456,4040.881,4159.207,4281.463,4408.63,4539.826,4675.63,4816.279,4960.202,5110.139,5268.942,5437.576,5616.885,5806.213,6004.41,6210.844,6423.612,6640.15,6858.835,7077.307,7292.105,7458.509,7595.422,7771.111,8191.153,5393.552,5954.684,7462.844,8047.632,8115.729,8180.094,8247.767,8326.422,8473.938,8699.812,8933.875,9175.181,9423.311,9676.556,9931.981,10188.882,10446.225,10701.241,10958.561,11228.119,11501.395,11778.649,12059.717,12344.404,12631.588,12920.618,13211.056,13499.464,13802.596,14106.347,14406.786,14731.895,15047.491,15381.164,15691.759,15997.557,16311.853,16634.364,16909.281,17237.669,17566.839,17925.798,18227.755,18563.937,18895.639,19257.936,19623.604,19988.746,20319.224,20682.446,20991.719,21313.596,21604.716,21924.463,22247.78,22560.007,22855.813,23159.716,23440.803,23724.272,24010.974,24307.927,24576.214,24841.701,25169.415,25441.97,25711.551,26019.053,26263.502,26538.702,26799.316,27067.416,27301.016,27561.402,27807.417,28018.165,28259.445,28477.504,28702.125,28917.696,29113.471,29314.845,29486.556,29681.782,29858.659,30047.321,30235.835,30409.742,30591.931,30765.317,30905.88,31048.675,31201.101,31392.58,31536.755,31730.723,31832.094,31934.015,32055.185,32186.83,32271.383,32402.434,32486.752,32560.594,32640.258,32743.828
Réunion,RE,REU,Cement production,kt cement,0.0,0.0,0.0,0.0,0.0,0.0,0.0,0.0,0.0,0.0,0.0,0.0,0.0,0.0,0.0,0.0,0.0,0.0,0.0,0.0,0.0,0.0,0.0,0.0,0.0,0.0,0.0,0.0,0.0,0.0,0.0,0.0,0.0,0.0,0.0,0.0,0.0,0.0,0.0,,,,,321.0,313.0,299.0,299.0,380.0,380.0,380.0,380.0,380.0,380.0,380.0,380.0,400.0,400.0,400.0,380.0,300.0,250.0,350.0,400.0,350.0,250.0,250.0,250.0,260.0,250.0,218.0,242.0,280.0,280.0,280.0,330.2948614332103,340.5630954674033,350.8313295015963,361.0995635357894,371.3677975699825,381.6360316041755,391.9042656383687,402.1724996725617,412.4407337067547,422.7089677409478,432.9772017751409,447.0611622837686,461.1451227923964,475.2290833010242,489.313043809652,503.3970043182797,517.4809648269076,531.5649253355352,545.648885844163,559.7328463527908,573.8168068614185,587.9007673700464,601.9847278786741,616.0686883873019,630.1526488959296,644.2366094045574,661.5318499811473,679.2914003194545,697.5277253258714,716.2536245409171,735.4822411228577,755.2270710725035,775.5019727056547,796.3211763798466,817.699294482219,839.6513316855209,862.1926954794492,885.3392069847143,909.1071120574181,933.513092691543,958.5742787275542,984.3082598753305,1010.733098059865,1037.867340098398,1065.730030717886,1094.340725921933,1123.719506716575,1153.886993204549,1184.864359057936,1216.67334637934,1249.336280962031,1282.87608795976,1317.316307977256,1352.68111359268,1388.995326323648,1426.284434048728,1464.574608896627,1503.892725615644,1544.266380436264,1585.72391044014,1628.29441344906,1672.007768447851,1716.894656555561,1762.986582559635,1810.315897028198,1858.915819015969,1908.82045937974,1960.064844719783,2012.684941963988,2066.717683611999,2122.200993657045,2179.173814203677,2237.676132800089,2297.7490105042,2359.434610703204,2422.776228706814
Réunion,RE,REU,Population,,253.902,263.121,273.274,283.333,294.937,305.916,317.251,329.191,340.935,353.162,365.95,378.201,389.487,401.166,413.168,424.254,435.205,445.417,455.342,464.779,473.397,481.805,490.256,498.663,506.992,515.611,524.258,532.86,541.304,549.431,556.837,565.117,574.16,584.304,595.062,605.76,616.006,626.202,636.318,646.652,658.492,670.417,682.423,693.777,704.953,715.957,726.946,738.477,749.653,758.575,767.706,776.765,785.841,795.28,798.721,801.727,811.632,825.826,835.15,841.785,847.158,846.406,843.711,851.48,865.86,864.164,861.555,855.953,857.931,856.724,866.168,869.99,873.091,876.675,880.506,884.305,888.291,892.126,895.777,899.241,902.497,906.004,909.288,912.352,915.252,918.141,921.093,923.647,926.219,928.368,930.588,932.639,934.704,936.604,938.323,939.45,940.363,941.201,941.511,941.605,941.221,940.546,939.797,938.673,937.448,935.948,934.458,932.512,930.651,928.794,926.686,924.777,922.797,920.862,918.927,916.969,914.985,913.107,911.293,909.772,908.025,906.44,905.033,903.618,902.27,901.077,899.721,898.575,897.229,895.764,894.254,892.783,891.303,889.9,888.24,886.614,884.759,883.001,881.099,879.028,877.004,874.892,872.63,870.138,867.636,865.051,862.487,859.705,856.765,853.792
Saint Helena,SH,SHN,Cement production,kt cement,,,,,,,,,,,,,,,,,,0.0,,,,,,,,,,,,,0.0,0.0,0.0,0.0,0.0,0.0,0.0,0.0,0.0,0.0,0.0,0.0,0.0,0.0,0.0,0.0,0.0,0.0,0.0,0.0,0.0,0.0,0.0,0.0,0.0,0.0,0.0,0.0,0.0,0.0,0.0,0.0,0.0,0.0,0.0,0.0,0.0,0.0,0.0,0.0,0.0,0.0,0.0,0.0,0.6500804608095534,0.6702902160678815,0.6904999713262095,0.7107097265845376,0.7309194818428658,0.7511292371011938,0.771338992359522,0.7915487476178501,0.8117585028761781,0.8319682581345061,0.8521780133928343,0.8798978135064175,0.9076176136200009,0.9353374137335843,0.9630572138471677,0.9907770139607509,1.018496814074334,1.046216614187917,1.073936414301501,1.101656214415084,1.129376014528668,1.157095814642251,1.184815614755834,1.212535414869418,1.240255214983001,1.267975015096584,1.302015199418723,1.336969229940423,1.372861639868337,1.409717621030041,1.44756304155544,1.486424464032845,1.526329164152476,1.567305149850466,1.609381180966807,1.652586789431038,1.696952299989839,1.742508851491077,1.789288418739251,1.837323834937662,1.886648814733082,1.937297977879066,1.989306873534542,2.042712005214724,2.097550856411849,2.153861916903747,2.211684709768678,2.271059819125424,2.332028918618084,2.394634800665587,2.458921406496424,2.524933856989712,2.592718484344212,2.662322864597533,2.733795851018357,2.807187608395118,2.882549648245181,2.95993486496927,3.039397572976497,3.120993544806037,3.204780050272242,3.290815896660642,3.379161470003047,3.469878777460726,3.563031490845415,3.658684991308689,3.75690641523107,3.85776470134308,3.961330639111305,4.06767691842345,4.176878180607229,4.289011070818917,4.404154291838337,4.522388659308026,4.643797158455358,4.768465002337442
Saint Helena,SH,SHN,Population,,5.256,5.293,5.309,5.32,5.318,5.298,5.294,5.317,5.331,5.348,5.376,5.402,5.425,5.453,5.468,5.483,5.518,5.585,5.659,5.733,5.819,5.896,5.969,6.035,6.099,6.157,6.188,6.259,6.313,6.365,6.416,6.475,6.546,6.602,6.645,6.663,6.702,6.697,6.675,6.635,6.599,6.546,6.502,6.444,6.381,6.316,6.258,6.191,6.126,6.054,5.979,5.897,5.803,5.702,5.6,5.486,5.379,5.266,5.279,5.313,5.345,5.384,5.422,5.448,5.484,5.526,5.508,5.494,5.469,5.448,5.412,5.368,5.318,5.259,5.216,5.177,5.118,5.064,5.014,4.955,4.902,4.846,4.791,4.737,4.682,4.63,4.585,4.534,4.476,4.437,4.387,4.341,4.3,4.248,4.213,4.16,4.12,4.073,4.032,3.993,3.943,3.906,3.857,3.811,3.769,3.725,3.688,3.645,3.606,3.562,3.528,3.485,3.453,3.417,3.384,3.357,3.328,3.29,3.269,3.234,3.217,3.194,3.173,3.147,3.128,3.106,3.079,3.058,3.039,3.025,3.009,2.979,2.962,2.942,2.918,2.899,2.883,2.862,2.849,2.823,2.802,2.782,2.762,2.746,2.723,2.711,2.698,2.679,2.662,2.643
Saint Kitts and Nevis,KN,KNA,Cement production,kt cement,,,,,,,0.0,0.0,0.0,0.0,0.0,0.0,0.0,0.0,0.0,0.0,0.0,0.0,0.0,0.0,0.0,0.0,0.0,0.0,0.0,0.0,0.0,0.0,0.0,0.0,0.0,0.0,0.0,0.0,0.0,0.0,0.0,0.0,0.0,0.0,0.0,0.0,0.0,0.0,0.0,0.0,0.0,0.0,0.0,0.0,0.0,0.0,0.0,0.0,0.0,0.0,0.0,0.0,0.0,0.0,0.0,0.0,0.0,0.0,0.0,0.0,0.0,0.0,0.0,0.0,0.0,0.0,0.0,0.0,12.68994632117685,12.85811074745136,13.02627517372588,13.19443960000039,13.36260402627491,13.53076845254942,13.69893287882394,13.86709730509845,14.03526173137297,14.20342615764748,14.371590583922,14.43325087355599,14.49491116318997,14.55657145282396,14.61823174245795,14.67989203209194,14.74155232172593,14.80321261135992,14.86487290099391,14.92653319062789,14.98819348026188,15.04985376989587,15.11151405952986,15.17317434916385,15.23483463879784,15.29649492843183,15.36023050675012,15.42423165073967,15.48849946692729,15.55303506645031,15.61783956507583,15.68291408322,15.74825974596737,15.81387768309036,15.87976902906878,15.94593492310947,16.01237650916597,16.07909493595831,16.14609135699286,16.21336693058228,16.28092281986556,16.3487601928281,16.41688022232193,16.48528408608597,16.55397296676642,16.62294805193714,16.69221053412029,16.76176161080685,16.83160248447736,16.90173436262271,16.97215845776503,17.04287598747863,17.11388817441107,17.18519624630428,17.25680143601579,17.32870498154007,17.40090812602991,17.47341211781789,17.54621821043804,17.61932766264742,17.69274173844795,17.76646170710823,17.84048884318551,17.91482442654768,17.98946974239545,18.06442608128456,18.13969473914805,18.21527701731872,18.29117422255158,18.36738766704651,18.44391866847087,18.52076854998232,18.59793864025172,18.67543027348603,18.75324478945146,18.83138353349658
Saint Kitts and Nevis,KN,KNA,Population,,47.757,48.86,49.919,50.967,51.718,52.55,53.399,54.243,55.045,55.893,55.727,54.94,53.981,52.902,51.75,50.529,49.268,47.941,46.548,44.914,44.299,44.113,43.953,43.806,43.67,43.543,43.421,43.294,43.14,42.926,42.774,42.622,42.442,42.226,42.0,41.749,41.488,41.208,40.915,40.601,40.263,40.453,40.976,41.507,42.046,42.606,43.148,43.708,44.287,44.915,45.58,45.941,46.1,46.253,46.376,46.498,46.639,46.772,46.898,46.935,46.758,47.013,47.053,47.085,47.093,47.082,47.067,47.034,46.983,46.92,46.82,46.706,46.713,46.803,46.883,46.96,47.023,47.084,47.104,47.129,47.139,47.123,47.088,47.049,46.977,46.88,46.77,46.66,46.537,46.389,46.237,46.074,45.892,45.677,45.476,45.259,45.042,44.808,44.59,44.373,44.126,43.869,43.61,43.341,43.074,42.79,42.526,42.242,41.952,41.672,41.41,41.145,40.871,40.597,40.312,40.016,39.723,39.422,39.118,38.822,38.512,38.205,37.895,37.599,37.281,36.971,36.658,36.354,36.043,35.739,35.444,35.144,34.856,34.56,34.271,33.994,33.702,33.432,33.148,32.881,32.616,32.357,32.09,31.835,31.583,31.331,31.081,30.841,30.597,30.353
Saint Lucia,LC,LCA,Cement production,kt cement,0.0,0.0,0.0,0.0,0.0,0.0,0.0,0.0,0.0,0.0,0.0,0.0,0.0,0.0,0.0,0.0,0.0,0.0,0.0,0.0,0.0,0.0,0.0,0.0,0.0,0.0,0.0,0.0,0.0,0.0,0.0,0.0,0.0,0.0,0.0,0.0,0.0,0.0,0.0,0.0,0.0,0.0,0.0,0.0,0.0,0.0,0.0,0.0,0.0,0.0,0.0,0.0,0.0,0.0,0.0,0.0,0.0,0.0,0.0,0.0,0.0,0.0,0.0,0.0,0.0,0.0,0.0,0.0,0.0,0.0,0.0,0.0,0.0,0.0,48.67502581921312,49.32005674240349,49.96508766559388,50.61011858878428,51.25514951197466,51.90018043516505,52.54521135835544,53.19024228154583,53.83527320473622,54.4803041279266,55.12533505111699,55.36184638962014,55.59835772812327,55.83486906662642,56.07138040512956,56.3078917436327,56.54440308213584,56.78091442063899,57.01742575914213,57.25393709764527,57.49044843614841,57.72695977465156,57.9634711131547,58.19998245165785,58.43649379016097,58.67300512866412,58.91747668447112,59.16296687468192,59.40947994361872,59.65702015328843,59.90559178345637,60.15519913172027,60.40584651358459,60.65753826253509,60.91027873011377,61.1640722859941,61.4189233180566,61.67483623246467,61.93181545374078,62.18986542484291,62.44899060724151,62.70919548099649,62.97048454483472,63.23286231622785,63.49633333147036,63.76090214575801,64.02657333326661,64.29335148723112,64.56124122002497,64.83024716323989,65.10037396776599,65.37162630387212,65.64400886128665,65.91752634927853,66.19218349673874,66.46798505226201,66.74493578422894,67.02304048088843,67.30230395044053,67.58273102111943,67.86432654127708,68.14709537946695,68.43104242452817,68.71617258567012,69.0024907925573,69.29000199539449,69.5787111650124,69.86862329295361,70.15974339155883,70.4520764940536,70.7456276546353,71.0404019485605,71.33640447223274,71.63364034329065,71.93211470069642,72.23183270482461
Saint Lucia,LC,LCA,Population,,93.519,94.416,94.414,94.238,93.975,93.632,93.271,92.895,92.535,92.168,93.003,93.978,95.032,96.007,97.003,97.982,98.945,100.064,101.287,102.472,103.857,105.27,106.734,108.262,109.889,111.561,113.289,114.98,116.688,118.368,120.212,122.12,124.053,126.036,128.098,130.219,132.259,134.196,135.805,137.22,138.493,140.547,142.687,144.764,147.016,149.4,151.473,153.665,155.688,157.716,159.516,160.957,162.325,163.626,164.852,166.047,167.231,168.285,169.33,170.407,171.406,172.196,172.977,173.76,174.517,175.292,176.0,176.684,177.35,177.973,178.528,178.516,179.046,179.523,179.964,180.334,180.641,180.894,181.113,181.291,181.428,181.494,181.49,181.427,181.274,181.081,180.816,180.449,180.006,179.543,179.043,178.476,177.893,177.28,176.587,175.884,175.14,174.314,173.435,172.546,171.615,170.679,169.691,168.671,167.637,166.581,165.526,164.431,163.316,162.161,160.941,159.741,158.521,157.277,155.975,154.667,153.301,151.927,150.54,149.136,147.725,146.297,144.851,143.372,141.87,140.394,138.891,137.395,135.919,134.425,132.939,131.464,130.02,128.593,127.162,125.771,124.391,123.027,121.67,120.364,119.095,117.822,116.593,115.402,114.235,113.081,111.964,110.874,109.79,108.726
Saint Pierre and Miquelon,PM,SPM,Cement production,kt cement,0.0,0.0,0.0,0.0,0.0,0.0,0.0,0.0,0.0,0.0,0.0,0.0,0.0,0.0,0.0,0.0,0.0,0.0,0.0,0.0,0.0,0.0,0.0,0.0,0.0,0.0,0.0,0.0,0.0,0.0,0.0,0.0,0.0,0.0,0.0,0.0,0.0,0.0,0.0,0.0,0.0,0.0,0.0,0.0,0.0,0.0,0.0,0.0,0.0,0.0,0.0,0.0,0.0,0.0,0.0,0.0,0.0,0.0,0.0,0.0,0.0,0.0,0.0,0.0,0.0,0.0,0.0,0.0,0.0,0.0,0.0,0.0,0.0,0.0,1.780929880600977,1.795648309366274,1.810366738131571,1.825085166896869,1.839803595662166,1.854522024427463,1.869240453192761,1.883958881958058,1.898677310723355,1.913395739488653,1.92811416825395,1.934982768344422,1.941851368434894,1.948719968525366,1.955588568615839,1.962457168706311,1.969325768796782,1.976194368887255,1.983062968977726,1.989931569068199,1.996800169158671,2.003668769249143,2.010537369339615,2.017405969430087,2.024274569520559,2.031143169611031,2.038204343426181,2.045290065080397,2.052400419913088,2.059535493560343,2.066695371955958,2.073880141332476,2.081089888222225,2.088324699458353,2.095584662175885,2.102869863812764,2.110180392110907,2.117516335117263,2.124877781184871,2.132264818973925,2.139677537452843,2.147116025899337,2.154580373901487,2.162070671358826,2.169587008483416,2.177129475800934,2.18469816415177,2.192293164692115,2.19991456889506,2.207562468551696,2.215236955772225,2.222938122987063,2.230666062947958,2.238420868729102,2.246202633728258,2.254011451667882,2.261847416596249,2.269710622888591,2.27760116524823,2.28551913870772,2.293464638629992,2.3014377607095,2.309438600973374,2.317467255782583,2.325523821833086,2.333608396157002,2.341721076123778,2.349861959441362,2.358031144157375,2.366228728660304,2.37445481168067,2.382709492292233,2.390992869913174,2.399305044307297,2.407646115585234,2.416016184205642
Saint Pierre and Miquelon,PM,SPM,Population,,4.517,4.547,4.613,4.666,4.736,4.797,4.831,4.859,4.94,4.99,4.993,4.969,5.023,5.111,5.202,5.27,5.356,5.432,5.504,5.595,5.677,5.77,5.852,5.949,6.013,6.049,6.086,6.124,6.154,6.169,6.175,6.121,6.163,6.209,6.259,6.296,6.333,6.357,6.361,6.338,6.368,6.392,6.415,6.423,6.437,6.434,6.42,6.406,6.328,6.3,6.285,6.263,6.232,6.189,6.142,6.085,6.053,6.044,6.029,6.03,6.018,6.008,5.983,5.969,5.953,5.94,5.92,5.918,5.901,5.851,5.803,5.755,5.709,5.654,5.602,5.545,5.482,5.427,5.373,5.314,5.263,5.207,5.163,5.105,5.052,5.001,4.96,4.914,4.871,4.819,4.778,4.723,4.676,4.633,4.583,4.523,4.467,4.41,4.354,4.288,4.229,4.168,4.1,4.033,3.965,3.905,3.836,3.763,3.707,3.645,3.584,3.523,3.47,3.419,3.364,3.301,3.251,3.205,3.163,3.119,3.072,3.028,2.99,2.946,2.903,2.867,2.833,2.788,2.754,2.717,2.677,2.642,2.604,2.573,2.532,2.497,2.467,2.429,2.402,2.362,2.329,2.29,2.263,2.231,2.2,2.163,2.126,2.095,2.062,2.032
Saint Vincent and the Grenadines,VC,VCT,Cement production,kt cement,0.0,0.0,0.0,0.0,0.0,0.0,0.0,0.0,0.0,0.0,0.0,0.0,0.0,0.0,0.0,0.0,0.0,0.0,0.0,0.0,0.0,0.0,0.0,0.0,0.0,0.0,0.0,0.0,0.0,0.0,0.0,0.0,0.0,0.0,0.0,0.0,0.0,0.0,0.0,0.0,0.0,0.0,0.0,0.0,0.0,0.0,0.0,0.0,0.0,0.0,0.0,0.0,0.0,0.0,0.0,0.0,0.0,0.0,0.0,0.0,0.0,0.0,0.0,0.0,0.0,0.0,0.0,0.0,0.0,0.0,0.0,0.0,0.0,0.0,27.37544858799525,27.73822211668427,28.10099564537331,28.46376917406234,28.82654270275137,29.1893162314404,29.55208976012943,29.91486328881846,30.27763681750749,30.64041034619651,31.00318387488555,31.13620083540486,31.26921779592416,31.40223475644348,31.53525171696279,31.6682686774821,31.80128563800141,31.93430259852072,32.06731955904004,32.20033651955934,32.33335348007866,32.46637044059797,32.59938740111728,32.73240436163659,32.8654213221559,32.99843828267521,33.13593216982955,33.27399894982334,33.4126410097169,33.55186074651671,33.69166056721676,33.83204288884026,33.97301013848131,34.11456475334703,34.25670918079948,34.3994458783982,34.54277731394252,34.68670596551432,34.83123432152087,34.97636488073778,35.12210015235232,35.26844265600671,35.41539492184167,35.56295949054027,35.71113891337175,35.85993575223566,36.0093525797062,36.15939197907664,36.31005654440401,36.4613488805539,36.6132716032456,36.76582733909724,36.91901872567118,37.07284841151973,37.2273190562308,37.38243333047401,37.53819391604674,37.69460350592058,37.85166480428791,38.00938052660854,38.16775339965677,38.32678616156849,38.48648156188851,38.64684236161812,38.80787133326281,38.96957126088022,39.13194494012824,39.29499517831339,39.45872479443931,39.62313661925556,39.78823349530649,39.95401827698043,40.12049383055904,40.28766303426682,40.45552877832096,40.62409396498121
Saint Vincent and the Grenadines,VC,VCT,Population,,62.466,64.231,66.135,68.188,70.416,72.807,75.301,77.933,80.693,83.607,85.168,86.571,87.901,89.146,90.353,91.5,92.603,93.645,94.6,95.517,96.411,97.333,98.247,99.134,99.979,100.795,101.598,102.4,103.149,103.808,104.619,105.528,106.409,107.267,108.107,108.905,109.658,110.343,110.973,111.57,112.054,112.389,112.629,112.841,112.994,113.101,113.137,113.144,113.216,113.516,113.574,113.428,113.265,113.018,112.651,112.248,111.78,111.283,110.774,110.242,109.675,109.022,108.449,107.822,107.248,106.672,106.025,105.301,104.551,103.783,103.269,102.413,101.679,100.966,100.266,99.583,98.906,98.277,97.693,97.126,96.586,96.081,95.587,95.138,94.697,94.272,93.882,93.516,93.156,92.811,92.49,92.168,91.821,91.475,91.141,90.769,90.385,89.975,89.57,89.161,88.723,88.266,87.803,87.326,86.82,86.32,85.807,85.306,84.789,84.274,83.757,83.242,82.734,82.229,81.72,81.2,80.696,80.201,79.695,79.193,78.701,78.209,77.726,77.243,76.757,76.282,75.797,75.326,74.848,74.364,73.885,73.402,72.906,72.417,71.923,71.421,70.928,70.424,69.934,69.424,68.929,68.424,67.93,67.423,66.924,66.422,65.936,65.432,64.945,64.457
Samoa,WS,WSM,Cement production,kt cement,0.0,0.0,0.0,0.0,0.0,0.0,0.0,0.0,0.0,0.0,0.0,0.0,0.0,0.0,0.0,0.0,0.0,0.0,0.0,0.0,0.0,0.0,0.0,0.0,0.0,0.0,0.0,0.0,0.0,0.0,0.0,0.0,0.0,0.0,0.0,0.0,0.0,0.0,0.0,0.0,0.0,0.0,0.0,0.0,0.0,0.0,0.0,0.0,0.0,0.0,0.0,0.0,0.0,0.0,0.0,0.0,0.0,0.0,0.0,0.0,0.0,0.0,0.0,0.0,0.0,0.0,0.0,0.0,0.0,0.0,0.0,0.0,0.0,0.0,57.67347382380091,58.10710896533324,58.54074410686558,58.97437924839792,59.40801438993026,59.84164953146259,60.27528467299493,60.70891981452726,61.14255495605961,61.57619009759195,62.00982523912428,62.32782434291466,62.64582344670504,62.96382255049542,63.28182165428581,63.59982075807618,63.91781986186656,64.23581896565695,64.55381806944733,64.8718171732377,65.18981627702809,65.50781538081847,65.82581448460886,66.14381358839924,66.46181269218961,66.77981179598,67.11055591127997,67.44293812149014,67.77696653969491,68.11264931916088,68.44999465353571,68.78901077704829,69.12970596470956,69.4720885325146,69.81616683764564,70.16194927867585,70.50944429577464,70.85866037091344,71.20960602807283,71.56228983345056,71.91672039567071,72.27290636599379,72.6308564385278,72.99057935044064,73.3520838821732,73.7153788576538,74.08047314451349,74.44737565430256,74.816095342708,75.18664120977216,75.55902230011242,75.93324770314187,76.30932655329136,76.68726803023223,77.06708135910057,77.44877581072227,77.8323607018394,78.21784539533759,78.6052393004745,78.99455187310954,79.38579261593483,79.7789710787068,80.17409685847963,80.57117959983934,80.97022899513922,81.37125478473641,81.77426675722968,82.17927474969832,82.58628864794235,82.99531838672362,83.40637395000856,83.81946537121162,84.23460273344044,84.6517961697417,85.0710558633487,85.49239204792974
Samoa,WS,WSM,Population,,89.345,91.675,93.727,95.819,97.945,100.132,102.504,105.283,108.114,111.007,113.974,117.018,120.175,123.353,126.434,129.523,132.623,134.905,137.136,139.33,141.471,143.535,145.541,147.491,151.372,155.316,158.911,160.595,162.155,163.61,165.035,166.321,166.647,166.781,166.811,166.886,167.236,168.086,168.606,168.93,169.153,169.583,171.078,172.471,173.846,175.295,176.847,178.246,179.563,180.988,182.382,183.95,184.992,185.868,186.629,187.328,188.09,189.416,190.798,192.229,193.816,195.61,197.386,199.151,200.923,202.641,204.357,206.472,208.692,210.867,213.021,214.537,215.984,217.342,218.697,219.916,221.14,222.408,223.802,225.215,226.728,228.437,230.169,232.049,234.074,236.283,238.563,240.898,243.411,245.914,248.478,251.114,253.756,256.283,258.949,261.575,264.14,266.608,269.068,271.529,273.922,276.326,278.631,280.863,283.047,285.255,287.449,289.735,292.162,294.559,296.969,299.355,301.891,304.481,307.091,309.719,312.474,315.164,317.97,320.717,323.422,326.295,329.046,331.729,334.324,336.943,339.53,342.065,344.537,346.9,349.173,351.46,353.665,355.791,357.844,359.86,361.843,363.79,365.737,367.585,369.345,371.136,372.85,374.477,376.027,377.548,379.011,380.355,381.666,382.969
Sao Tome and Principe,ST,STP,Cement production,kt cement,0.0,0.0,0.0,0.0,0.0,0.0,0.0,0.0,0.0,0.0,0.0,0.0,0.0,0.0,0.0,0.0,0.0,0.0,0.0,0.0,0.0,0.0,0.0,0.0,0.0,0.0,0.0,0.0,0.0,0.0,0.0,0.0,0.0,0.0,0.0,0.0,0.0,0.0,0.0,0.0,0.0,0.0,0.0,0.0,0.0,0.0,0.0,0.0,0.0,0.0,0.0,0.0,0.0,0.0,0.0,0.0,0.0,0.0,0.0,0.0,0.0,0.0,0.0,0.0,0.0,0.0,0.0,0.0,0.0,0.0,0.0,0.0,0.0,0.0,28.82468382846087,29.72078798893116,30.61689214940144,31.51299630987172,32.40910047034202,33.3052046308123,34.20130879128259,35.09741295175287,35.99351711222316,36.88962127269345,37.78572543316373,39.0148263248705,40.24392721657728,41.47302810828405,42.70212899999083,43.9312298916976,45.16033078340438,46.38943167511115,47.61853256681793,48.8476334585247,50.07673435023148,51.30583524193826,52.53493613364503,53.7640370253518,54.99313791705858,56.22223880876535,57.73158666599255,59.2814546270503,60.87293049870662,62.5071312910991,64.18520400173136,65.90832642051701,67.67770795643567,69.49459048638161,71.36024922680069,73.27599362872726,75.24316829684932,77.26315393324717,79.33736830646743,81.46726724661319,83.65434566714846,85.90013861413387,88.2062223436304,90.57421542802726,93.00577989207017,95.50262237938774,98.06649535033449,100.6991983119912,103.4025790811862,106.1785350814232,109.029014674628,111.9560185286454,114.9616010214499,118.047871683053,121.2169966761201,124.4712003163369,127.8127666335905,131.2440409750636,134.7674316513642,138.3854116268484,142.1005202553209,145.9153650623335,149.83262357533,153.8550452029244,157.9854531646298,162.2267464723934,166.5819019653275,171.0539763990656,175.6461085912093,180.361521624372,185.203525108366,190.1755175031202,195.2809885039594,200.5235214909188,205.906796043813,211.4345905248254
Sao Tome and Principe,ST,STP,Population,,61.321,62.202,62.984,63.67,64.304,64.908,65.543,66.199,66.916,67.666,68.358,69.055,69.75,70.473,71.258,72.102,73.049,74.143,75.387,76.779,78.474,80.186,81.896,83.7,85.644,87.772,90.073,92.529,95.059,97.446,99.642,101.588,103.428,105.333,107.455,109.861,112.439,115.4,118.477,121.481,124.479,126.914,129.306,131.628,133.837,135.953,137.971,139.872,141.63,143.254,144.783,147.967,151.876,155.752,159.658,163.621,167.655,171.744,175.842,179.865,183.739,187.56,191.318,194.977,198.557,202.025,205.352,208.589,211.785,214.999,219.87,224.052,228.558,233.185,237.888,242.62,247.367,252.209,257.113,262.081,267.048,272.092,277.196,282.337,287.502,292.674,297.872,303.016,308.172,313.299,318.385,323.392,328.403,333.431,338.426,343.426,348.349,353.182,357.982,362.74,367.489,372.262,376.937,381.621,386.259,390.903,395.427,399.992,404.499,408.994,413.517,417.97,422.444,426.823,431.214,435.443,439.719,443.892,447.933,451.995,455.913,459.714,463.442,467.055,470.635,474.162,477.635,481.08,484.361,487.567,490.742,493.745,496.672,499.548,502.276,504.928,507.452,509.957,512.446,514.809,517.112,519.272,521.387,523.38,525.281,527.04,528.793,530.44,531.967,533.352
Saudi Arabia,SA,SAU,Cement production,kt cement,,,,,,,,,73.525566,88.230679,103.041585,183.813915,198.414269,257.339481,249.986924,249.986924,323.51249,507.262494,588.204528,676.380444,705.845433,963.134706,963.184914,1058.76815,1124.941159,1102.923316,1264.639734,1801.376366,2198.414422,2911.612412,4735.046447,7154.203512,8124.390052,7146.68501,8220.332866,9330.394319,8595.13866,10947.95677,11440.78398,12000.0,11371.0,15324.0,15300.0,15000.0,15773.0,16437.0,15400.0,15786.0,16313.0,18107.0,20608.0,23287.0,24110.0,25515.0,26063.0,27053.0,30290.0,32888.0,37847.0,42970.0,48363.0,53807.3,55693.0,57218.0,61494.059,55943.0,43034.6,42181.0,44322.414,53417.0,53702.0,52400.0,49000.0,50000.0,50803.95507555836,51396.4850051653,51989.01493477225,52581.54486437919,53174.07479398613,53766.60472359307,54359.13465320002,54951.66458280696,55544.1945124139,56136.72444202085,56729.25437162779,57035.02907604224,57340.80378045669,57646.57848487113,57952.35318928558,58258.12789370003,58563.90259811448,58869.67730252893,59175.45200694337,59481.22671135782,59787.00141577227,60092.77612018672,60398.55082460117,60704.32552901561,61010.10023343006,61315.87493784451,61634.51554196686,61954.81202777888,62276.77300041167,62600.40710971464,62925.72305048798,63252.72956271614,63581.43543180278,63911.84948880664,64243.98061067899,64577.83772050189,64913.42978772814,65250.76582842205,65589.85490550185,65930.70612898309,66273.32865622336,66617.73169216837,66963.92448959922,67311.91634938105,67661.71662071276,68013.33470137841,68366.78003799949,68722.06212628887,69079.19051130585,69438.17478771255,69799.02460003177,70161.74964290607,70526.35966135822,70892.86445105298,71261.27385856037,71631.59778162005,72003.84616940742,72378.02902280078,72754.15639465005,73132.2383900469,73512.28516659615,73894.30693468874,74278.313957776,74664.31655264537,75052.32508969773,75442.34999322574,75834.40174169414,76228.49086802112,76624.62795986143,77022.82365989068,77423.08866609137,77825.4337320403,78229.86966719734,78636.40733719614,79045.05766413572,79455.83162687405
Saudi Arabia,SA,SAU,Population,,1732.815,1794.398,1858.621,1925.703,1995.544,2068.366,2144.087,2222.998,2305.193,2390.829,2479.978,2572.715,2669.106,2769.577,2874.358,2983.184,3096.591,3217.893,3347.528,3486.7,3638.239,3809.823,4001.62,4211.068,4436.197,4676.377,4939.489,5226.607,5537.197,5870.199,6225.795,6615.307,7033.666,7472.216,7922.398,8381.161,8876.117,9384.271,9874.058,10382.729,10898.652,11422.836,11950.517,12481.207,13018.872,13559.618,14102.4,14647.487,15196.884,15747.265,16608.179,17474.615,18347.204,19226.329,20112.631,21007.149,21911.139,22825.486,23750.269,24685.038,25629.219,26582.071,27542.814,28510.837,29485.42,30464.456,30971.161,30593.643,30136.598,30809.025,31173.389,31483.36,32867.343,33661.241,34264.272,34868.384,35463.19,36055.292,36633.674,37187.825,37699.678,38212.495,38725.398,39239.379,39754.512,40270.768,40787.351,41303.548,41819.714,42334.724,42849.687,43363.726,43876.777,44388.914,44900.893,45412.036,45921.584,46429.395,46936.393,47441.7,47946.119,48449.966,48952.721,49454.276,49954.193,50452.423,50949.784,51445.477,51940.704,52433.786,52924.46,53413.719,53899.832,54384.093,54865.582,55344.828,55821.421,56294.962,56765.425,57231.491,57693.566,58152.625,58608.869,59061.782,59512.024,59960.513,60407.347,60852.86,61297.676,61742.74,62188.032,62634.511,63081.098,63528.335,63976.462,64425.504,64876.565,65329.254,65782.866,66236.991,66693.307,67150.749,67608.458,68065.663,68521.734,68977.381,69432.315,69884.689,70335.268,70783.515
Senegal,SN,SEN,Cement production,kt cement,,,,,,,,147.051132,169.108802,169.108802,183.813915,183.813915,191.166471,205.871585,183.813915,191.166471,169.108802,198.519028,205.871585,242.634368,242.634368,338.217603,294.102264,330.865047,360.275273,382.332943,330.865047,360.275273,382.332943,389.6855,374.980386,360.275273,397.038056,382.332943,404.390613,360.772205,374.980386,389.6855,382.332943,470.0,503.0,601.0,590.0,685.0,694.0,811.0,854.0,1000.0,1000.0,1341.0,1539.0,1653.0,1694.0,2391.0,2623.2,2883.8,3152.3,3084.0,3320.0,4066.0,4677.0,4689.0,5191.0,4899.0,4615.0,5149.0,5197.0,5412.0,6775.0,7038.0,7500.0,8000.0,8000.0,8000.0,9436.996040948863,9730.374156211523,10023.75227147418,10317.13038673684,10610.5085019995,10903.88661726216,11197.26473252482,11490.64284778748,11784.02096305013,12077.39907831279,12370.77719357545,12773.17606525053,13175.57493692561,13577.97380860069,13980.37268027577,14382.77155195085,14785.17042362593,15187.56929530101,15589.96816697609,15992.36703865117,16394.76591032624,16797.16478200132,17199.5636536764,17601.96252535148,18004.36139702656,18406.76026870164,18900.90999946135,19408.32572341299,19929.36358073918,20464.38927259763,21013.77831779593,21577.91631635724,22157.19922016156,22752.03361085276,23362.83698520626,23990.03804815774,24634.07701369854,25295.40591384898,25974.48891592623,26671.8026483298,27387.83653507298,28123.09313929515,28878.08851599613,29653.35257423995,30449.42944908247,31266.8778834838,32106.27162047357,32968.19980584426,33853.26740165532,34762.0956108383,35695.32231320089,36653.60251313601,37637.60879935018,38648.03181693372,39685.58075210424,40750.98382996366,41844.98882561792,42968.36358901839,44121.89658389326,45306.39744114687,46522.69752711601,47771.65052708146,49054.13304444461,50371.04521598957,51723.31134366278,53111.8805433134,54537.72741084971,56001.8527062795,57505.28405611394,59049.07667462854,60634.314104487,62262.10897724792,63933.60379428827,65649.97172869142,67412.41744866296,69222.17796305184
Senegal,SN,SEN,Population,,2586.76,2652.525,2721.472,2793.661,2869.12,2947.889,3029.975,3114.753,3202.76,3293.876,3387.938,3484.812,3584.561,3687.192,3793.879,3905.697,4022.901,4144.839,4270.336,4399.611,4533.044,4670.684,4812.577,4957.784,5101.09,5240.53,5376.597,5502.501,5633.692,5772.097,5919.179,6075.142,6238.78,6410.228,6588.499,6778.074,6978.31,7184.751,7394.485,7609.928,7831.118,8055.052,8281.738,8510.837,8737.319,8958.883,9175.145,9391.845,9614.059,9847.715,10088.805,10337.079,10595.349,10847.003,11104.406,11366.538,11633.651,11907.036,12190.882,12483.896,12786.929,13130.864,13490.125,13931.573,14372.63,14814.031,15255.01,15694.993,16134.004,16571.839,17006.6,17435.133,17867.073,18288.074,18715.895,19148.038,19585.058,20029.435,20479.69,20933.561,21392.822,21854.604,22317.248,22780.43,23243.624,23709.569,24174.883,24640.262,25104.783,25567.189,26027.831,26487.116,26945.75,27404.049,27861.946,28317.452,28775.115,29228.892,29685.588,30138.098,30591.81,31042.326,31490.714,31940.021,32386.922,32835.342,33284.134,33728.194,34171.97,34605.462,35038.937,35469.834,35898.126,36319.462,36737.925,37149.799,37557.683,37954.209,38346.792,38734.644,39110.564,39481.267,39846.652,40204.425,40555.863,40901.296,41234.53,41558.727,41876.986,42186.176,42487.899,42785.116,43075.235,43364.189,43640.111,43911.541,44175.89,44429.48,44674.937,44916.84,45148.193,45373.104,45591.107,45803.033,46010.351,46208.828,46400.104,46586.596,46762.241,46932.746
Serbia,RS,SRB,Cement production,kt cement,393.351273,439.652763,439.087802,473.60787,530.482632,524.697339,675.564115,673.600296,761.162411,827.542495,805.153457,871.983477,991.673139,1064.988836,1115.243116,1189.798097,1275.282214,1491.7498,1598.331204,1785.235025,1982.694839,2287.636824,2760.547572,2849.841222,2989.790881,3269.598721,3479.344378,3909.919306,4136.725322,4230.037323,4016.696834,4095.753922,3954.618998,3765.193365,3634.15914,3717.038572,3632.34267,3619.714884,3471.867935,3268.614061,3270.105345,2028.234443,1084.490154,1606.641477,1694.099179,2199.183368,2004.206602,2245.719566,1568.350825,2111.090158,2414.728317,2393.839711,2071.470408,2240.0,2276.0,2565.0,2677.0,2843.0,2166.0,2130.0,2095.0,1831.0,1592.0,1605.0,1654.0,1801.0,1908.0,2093.0,2151.0,2364.0,2610.0,2625.0,2625.0,2625.0,2216.9044759222,2220.073746080773,2223.243016239347,2226.412286397921,2229.581556556494,2232.750826715068,2235.920096873641,2239.089367032215,2242.258637190788,2245.427907349362,2248.597177507936,2243.948914608694,2239.300651709453,2234.652388810212,2230.004125910971,2225.35586301173,2220.707600112488,2216.059337213247,2211.411074314006,2206.762811414765,2202.114548515523,2197.466285616282,2192.818022717041,2188.1697598178,2183.521496918559,2178.873234019317,2174.302594496442,2169.741542840047,2165.190058937591,2160.648122718721,2156.115714155186,2151.592813260748,2147.079400091096,2142.575454743754,2138.080957357997,2133.595888114761,2129.120227236559,2124.653954987387,2120.197051672646,2115.749497639049,2111.311273274534,2106.882359008181,2102.462735310124,2098.052382691466,2093.651281704188,2089.259412941073,2084.87675703561,2080.503294661916,2076.139006534647,2071.783873408913,2067.437876080196,2063.100995384264,2058.773212197083,2054.454507434737,2050.144862053344,2045.844257048969,2041.552673457541,2037.270092354773,2032.996494856073,2028.731862116463,2024.476175330499,2020.229415732182,2015.991564594882,2011.762603231248,2007.542512993134,2003.33127527151,1999.128871496381,1994.935283136709,1990.750491700328,1986.574478733862,1982.407225822645,1978.248714590643,1974.098926700363,1969.957843852785,1965.825447787272,1961.701720281493
Serbia,RS,SRB,Population,,6037.937,6096.146,6158.394,6226.427,6307.345,6385.309,6460.227,6532.674,6601.791,6668.644,6737.28,6805.507,6871.763,6936.56,6999.866,7062.401,7124.054,7184.724,7243.317,7298.786,7350.063,7400.216,7449.261,7497.767,7547.204,7597.672,7647.734,7695.233,7738.63,7777.795,7814.765,7840.948,7858.35,7870.837,7879.265,7883.831,7885.327,7885.39,7883.521,7879.027,7870.161,7863.973,7855.644,7843.807,7830.51,7816.059,7799.384,7778.981,7752.863,7715.867,7673.344,7630.51,7602.976,7578.895,7552.787,7525.479,7497.308,7468.67,7439.888,7410.807,7380.922,7348.795,7300.451,7251.908,7202.497,7152.009,7100.157,7046.856,6993.182,6939.123,6876.501,6794.359,6788.068,6758.334,6714.098,6663.98,6619.948,6575.113,6529.847,6484.312,6438.111,6391.671,6344.881,6297.589,6250.325,6202.83,6155.287,6107.413,6059.492,6011.327,5963.585,5915.835,5868.518,5821.955,5775.986,5730.547,5685.741,5641.489,5597.748,5554.308,5511.432,5468.547,5426.357,5384.722,5343.005,5301.339,5259.649,5217.981,5176.766,5135.735,5094.535,5053.403,5012.026,4970.838,4929.765,4888.762,4848.079,4807.336,4766.738,4726.4,4686.337,4646.837,4607.76,4569.076,4530.717,4493.007,4455.686,4418.607,4381.869,4345.816,4310.421,4275.65,4241.242,4207.394,4174.167,4141.378,4108.973,4076.947,4045.443,4014.038,3983.12,3952.371,3921.877,3891.817,3861.976,3832.387,3802.986,3773.752,3744.811,3715.911
Seychelles,SC,SYC,Cement production,kt cement,,,,,,,,,,,,,0.0,0.0,0.0,0.0,0.0,0.0,0.0,0.0,0.0,0.0,0.0,0.0,0.0,0.0,0.0,0.0,0.0,0.0,0.0,0.0,0.0,0.0,0.0,0.0,0.0,0.0,0.0,0.0,0.0,0.0,0.0,0.0,0.0,0.0,0.0,0.0,0.0,0.0,0.0,0.0,0.0,0.0,0.0,0.0,0.0,0.0,0.0,0.0,0.0,0.0,0.0,0.0,0.0,0.0,0.0,0.0,0.0,0.0,0.0,0.0,0.0,0.0,15.97165736828674,16.46818557662726,16.96471378496778,17.4612419933083,17.95777020164882,18.45429840998934,18.95082661832987,19.44735482667039,19.94388303501091,20.44041124335143,20.93693945169194,21.61797999424295,22.29902053679396,22.98006107934498,23.66110162189599,24.342142164447,25.02318270699801,25.70422324954902,26.38526379210003,27.06630433465104,27.74734487720205,28.42838541975306,29.10942596230407,29.79046650485508,30.47150704740609,31.1525475899571,31.98887200442953,32.847648467943,33.72947973045602,34.63498472341292,35.56479899415359,36.51957515198552,37.49998332623103,38.50671163657143,39.54046667601791,40.60197400684849,41.69197866985875,42.81124570728421,43.96056069976087,45.14073031770118,46.3525828874724,47.59696897277438,48.87476197162534,50.18685872937418,51.53418016816995,52.91767193332999,54.33830505706057,55.79707663999594,57.29501055103382,58.83315814595902,60.4125990053591,62.03444169235022,63.6998245306451,65.40991640350893,67.16591757416408,68.96906052821983,70.82061083871746,72.72186805439904,74.67416661182246,76.67887677196303,78.7374055819596,80.85119786267951,83.0217372227959,85.250547100089,87.53919183070232,89.88927774710436,92.30245430552594,94.7804152436652,97.32489976947222,99.93769378184803,102.6206311241145,105.3755948711352,108.2045186509899,111.109388002132,114.0922417669788,117.1551735229157
Seychelles,SC,SYC,Population,,38.53,38.836,39.141,39.484,39.877,40.326,40.874,41.482,42.116,42.811,43.649,44.568,45.558,46.592,47.688,48.852,50.059,51.276,52.493,53.67,54.834,56.187,57.591,59.01,60.469,61.966,63.52,64.688,65.285,65.921,66.6,67.299,68.002,68.718,69.448,70.197,70.932,71.743,72.678,73.557,74.409,75.224,76.01,76.808,77.715,78.536,79.228,80.073,81.372,82.67,83.966,85.245,86.469,87.599,88.712,89.82,90.926,92.01,93.085,94.171,95.771,98.277,100.809,103.376,105.933,108.526,111.116,113.737,116.343,118.958,121.624,124.351,126.694,129.207,131.63,133.927,135.991,137.804,139.237,140.207,140.592,140.964,141.273,141.544,141.784,141.997,142.166,142.31,142.41,142.499,142.589,142.614,142.626,142.61,142.554,142.494,142.378,142.234,142.067,141.854,141.639,141.396,141.144,140.881,140.558,140.217,139.855,139.451,139.041,138.602,138.136,137.639,137.122,136.561,135.99,135.393,134.788,134.188,133.57,132.959,132.309,131.66,131.008,130.343,129.681,129.007,128.346,127.671,126.997,126.34,125.686,125.059,124.436,123.837,123.259,122.685,122.142,121.602,121.11,120.606,120.146,119.679,119.221,118.78,118.329,117.882,117.451,117.026,116.597,116.171
Sierra Leone,SL,SLE,Cement production,kt cement,0.0,0.0,0.0,0.0,0.0,0.0,0.0,0.0,0.0,0.0,0.0,0.0,0.0,0.0,0.0,0.0,0.0,44.11534,44.11534,29.410226,0.0,0.0,0.0,0.0,0.0,0.0,0.0,0.0,0.0,0.0,0.0,0.0,0.0,0.0,0.0,0.0,0.0,0.0,0.0,,,,,100.0,100.0,160.0,160.0,100.0,45.0,73.0,113.0,144.0,169.109,180.46,172.12,234.44,247.38,254.0,236.24,301.0,311.0,335.0,313.0,336.0,324.0,320.0,310.0,310.0,340.0,330.0,350.0,350.0,350.0,350.0,412.8685767915128,425.7038693342541,438.5391618769954,451.3744544197367,464.2097469624781,477.0450395052194,489.8803320479608,502.7156245907021,515.5509171334434,528.3862096761848,541.221502218926,558.8264528547107,576.4314034904954,594.0363541262802,611.6413047620649,629.2462553978496,646.8512060336343,664.456156669419,682.0611073052038,699.6660579409885,717.2710085767732,734.875959212558,752.4809098483427,770.0858604841272,787.6908111199119,805.2957617556967,826.9148124764341,849.114250399318,871.9096566573393,895.3170306761464,919.352801403572,944.0338388406293,969.3774658820683,995.4014704748083,1022.124118102774,1049.564164606901,1077.740869349311,1106.674008730893,1136.383890071773,1166.891365864429,1198.217848409443,1230.385324844163,1263.416372574831,1297.334175122998,1332.162538397358,1367.925907402416,1404.649383395719,1442.358741505686,1481.08044882242,1520.841682974175,1561.670351202539,1603.5951099497,1646.64538497157,1690.85139199085,1736.244157904561,1782.85554256091,1830.718261120784,1879.865907019555,1930.33297554533,1982.154888050175,2035.368016811325,2090.009710559814,2146.118320694452,2203.733228199544,2262.894871285247,2323.644773769961,2386.025574224675,2450.081055899728,2515.856177454985,2583.397104514998,2652.751242071306,2723.967267754597,2797.095166000112,2872.18626313025,2949.293263379005,3028.470285883518
Sierra Leone,SL,SLE,Population,,2011.309,2035.244,2059.156,2082.465,2107.666,2134.112,2161.845,2190.655,2219.023,2251.028,2285.685,2322.768,2361.717,2402.798,2445.982,2491.351,2537.925,2586.843,2636.22,2686.51,2738.062,2788.383,2840.393,2893.517,2947.401,3001.912,3055.728,3114.981,3176.053,3238.945,3305.233,3372.647,3443.719,3519.572,3597.945,3678.93,3777.829,3881.607,3987.428,4080.646,4313.011,4179.523,4153.209,4161.05,4185.16,4173.198,4225.222,4282.209,4309.361,4326.726,4520.497,4864.934,5077.935,5277.439,5433.994,5569.431,5679.501,5819.204,5970.241,6141.052,6304.376,6470.126,6632.034,6796.069,6956.701,7118.609,7292.048,7466.55,7642.576,7821.406,8003.71,8185.494,8368.119,8552.905,8731.14,8908.448,9085.041,9264.344,9433.706,9607.929,9781.787,9958.81,10135.589,10306.439,10476.542,10649.793,10818.902,10985.635,11146.665,11313.457,11483.343,11649.09,11808.493,11967.381,12131.471,12286.29,12440.625,12584.887,12734.336,12875.949,13020.701,13166.224,13305.825,13439.767,13564.775,13693.454,13816.904,13935.625,14052.289,14163.637,14275.122,14379.728,14491.042,14588.742,14684.69,14781.21,14877.132,14972.047,15059.751,15139.701,15216.245,15287.258,15356.727,15423.671,15478.184,15537.546,15592.09,15642.619,15691.402,15732.917,15770.748,15810.338,15846.027,15879.328,15902.74,15923.862,15950.626,15966.654,15980.267,15991.789,16001.427,16008.235,16011.037,16006.377,16006.775,15998.23,15987.571,15972.851,15959.887,15945.184
Singapore,SG,SGP,Cement production,kt cement,0.0,0.0,0.0,0.0,0.0,0.0,0.0,0.0,0.0,0.0,0.0,125.171515,190.960473,198.519028,205.871585,391.814928,470.563622,565.764068,624.967311,727.903103,610.397092,1007.300254,1029.357923,1051.415593,1323.460187,1352.870413,1352.870413,1352.870413,1353.007761,1955.780054,2249.882318,2698.055711,3154.246779,2823.071811,1992.542837,1801.376366,1529.331772,1595.504781,1705.79313,1850.0,2000.0,1900.0,2980.0,3100.0,3200.0,3300.0,3300.0,2340.0,1660.0,1150.0,600.0,200.0,150.0,0.0,0.0,0.0,0.0,0.0,0.0,0.0,0.0,0.0,0.0,0.0,0.0,0.0,0.0,0.0,0.0,0.0,0.0,0.0,0.0,0.0,1965.548309024761,1991.265763535366,2016.98321804597,2042.700672556575,2068.418127067179,2094.135581577783,2119.853036088387,2145.570490598992,2171.287945109596,2197.005399620201,2222.722854130805,2234.577376019502,2246.4318979082,2258.286419796898,2270.140941685596,2281.995463574293,2293.849985462991,2305.704507351688,2317.559029240386,2329.413551129084,2341.268073017782,2353.122594906479,2364.977116795177,2376.831638683875,2388.686160572572,2400.54068246127,2412.888873708942,2425.30058307493,2437.776137291406,2450.315864771228,2462.920095616581,2475.58916162767,2488.323396311459,2501.123134890441,2513.988714311465,2526.920473254613,2539.918752142108,2552.983893147277,2566.116240203561,2579.316139013568,2592.58393705817,2605.919983605657,2619.324629720924,2632.798228274718,2646.341133952925,2659.953703265906,2673.636294557884,2687.389268016375,2701.212985681674,2715.107811456382,2729.074111114982,2743.112252313475,2757.222604599058,2771.405539419845,2785.661430134652,2799.990652022823,2814.393582294108,2828.870600098597,2843.422086536694,2858.048424669158,2872.749999527177,2887.527198122513,2902.380409457684,2917.310024536208,2932.316436372891,2947.400040004179,2962.561232498552,2977.800412966982,2993.117982573432,3008.514344545423,3023.989904184647,3039.545068877636,3055.180248106484,3070.89585345963,3086.692298642689,3102.56999948935
Singapore,SG,SGP,Population,,1039.878,1096.193,1155.986,1219.054,1285.508,1354.953,1426.958,1489.584,1541.87,1593.638,1645.007,1695.915,1746.436,1796.589,1846.342,1895.303,1942.876,1988.482,2031.702,2072.613,2110.503,2146.363,2182.305,2217.969,2252.181,2284.865,2316.621,2346.469,2374.736,2401.578,2473.408,2590.196,2664.638,2707.325,2734.521,2735.538,2753.769,2809.461,2888.629,2988.681,3090.501,3182.081,3270.848,3364.936,3470.698,3596.551,3732.569,3860.676,3942.159,3990.955,4079.535,4152.797,4140.988,4135.502,4210.033,4326.694,4487.422,4705.608,4907.874,5029.261,5124.767,5239.711,5346.968,5424.209,5491.591,5559.088,5596.771,5611.386,5657.353,5681.772,5558.529,5534.051,5765.718,5812.461,5852.313,5889.187,5922.308,5956.784,5989.912,6018.264,6044.491,6072.318,6098.129,6124.177,6145.385,6161.08,6172.62,6183.805,6192.304,6195.539,6194.024,6188.634,6182.134,6174.429,6161.921,6150.454,6136.765,6119.563,6106.852,6090.563,6072.82,6056.236,6044.328,6028.74,6008.249,5990.229,5972.718,5955.683,5934.097,5913.977,5889.475,5867.268,5843.629,5822.037,5796.463,5766.213,5734.564,5707.293,5677.52,5646.138,5616.432,5584.074,5549.752,5512.532,5468.734,5423.311,5381.662,5335.785,5287.561,5235.884,5183.492,5129.259,5073.733,5018.63,4963.844,4907.318,4849.442,4792.673,4736.975,4678.935,4623.589,4568.972,4518.313,4467.109,4414.803,4365.459,4316.827,4270.327,4224.55,4182.766
Sint Maarten (Dutch part),SX,SXM,Cement production,kt cement,0.0,0.0,0.0,0.0,0.0,0.0,0.0,0.0,0.0,0.0,0.0,0.0,0.0,0.0,0.0,0.0,0.0,0.0,0.0,0.0,0.0,0.0,0.0,0.0,0.0,0.0,0.0,0.0,0.0,0.0,0.0,0.0,0.0,0.0,0.0,0.0,0.0,0.0,0.0,0.0,0.0,0.0,0.0,0.0,0.0,0.0,0.0,0.0,0.0,0.0,0.0,0.0,0.0,0.0,0.0,0.0,0.0,0.0,0.0,0.0,0.0,0.0,0.0,0.0,0.0,0.0,0.0,0.0,0.0,0.0,0.0,0.0,0.0,0.0,11.67400228200309,11.82870363742208,11.98340499284109,12.13810634826009,12.29280770367909,12.44750905909809,12.60221041451709,12.75691176993609,12.91161312535509,13.06631448077409,13.22101583619309,13.2777396665134,13.33446349683369,13.39118732715399,13.4479111574743,13.5046349877946,13.5613588181149,13.6180826484352,13.6748064787555,13.7315303090758,13.7882541393961,13.8449779697164,13.9017018000367,13.958425630357,14.0151494606773,14.0718732909976,14.13050626452648,14.18938354281237,14.24850614379465,14.30787508965417,14.36749140683086,14.4273561260415,14.48747028229752,14.54783491492294,14.60845106757228,14.66931978824864,14.73044212932184,14.79181914754655,14.85345190408061,14.91534146450336,14.97748889883408,15.03989528155047,15.10256169160722,15.16548921245471,15.22867893205766,15.29213194291404,15.35584934207387,15.41983223115825,15.48408171637837,15.54859890855465,15.61338492313593,15.67844088021879,15.74376790456687,15.80936712563034,15.87523967756545,15.94138669925409,16.00780933432352,16.0745087311661,16.14148604295922,16.20874242768513,16.27627904815107,16.34409707200932,16.41219767177735,16.48058202485817,16.54925131356064,16.61820672511993,16.68744945171802,16.75698069050434,16.82680164361645,16.89691351820085,16.96731752643381,17.03801488554236,17.10900681782531,17.18029455067441,17.25187931659556,17.32376235323011
Sint Maarten (Dutch part),SX,SXM,Population,,1.502,1.604,1.691,1.785,1.884,2.013,2.141,2.291,2.441,2.6,2.829,3.11,3.418,3.75,4.095,4.47,4.858,5.283,5.718,6.178,6.65,7.126,7.635,8.198,8.787,9.4,10.031,10.698,11.379,12.067,12.753,13.851,15.362,16.904,18.484,20.098,21.763,23.472,25.241,27.097,29.025,31.066,32.069,31.982,31.852,31.692,31.503,31.304,31.082,30.871,30.676,30.776,31.145,31.509,31.871,32.244,32.613,32.968,33.322,33.66,33.929,34.605,35.44,36.268,37.075,37.868,38.63,39.363,40.061,40.708,41.307,41.835,42.442,43.056,43.645,44.201,44.693,45.194,45.658,46.118,46.543,46.947,47.353,47.708,48.067,48.419,48.751,49.057,49.348,49.598,49.861,50.069,50.224,50.396,50.546,50.698,50.837,50.954,51.027,51.005,51.028,51.003,50.979,50.985,50.919,50.835,50.747,50.651,50.543,50.434,50.357,50.279,50.191,50.074,49.953,49.836,49.658,49.505,49.367,49.203,49.084,48.949,48.789,48.63,48.455,48.289,48.116,47.908,47.695,47.527,47.337,47.147,46.92,46.718,46.497,46.278,46.041,45.805,45.571,45.299,45.052,44.771,44.499,44.207,43.932,43.651,43.353,43.045,42.739,42.435
Slovakia,SK,SVK,Cement production,kt cement,767.154968,814.060628,853.776948,938.626352,1059.623316,1151.2208,1322.722741,1470.187924,1664.828644,1787.518505,1888.78244,2019.132775,1833.745135,1935.896644,2008.277135,2145.203909,2228.939956,2234.391649,2295.104564,2511.980037,2674.363339,2680.68361,2760.614441,2923.005293,3012.115116,3074.543704,3101.633936,3247.330027,3233.580088,3289.241124,3354.993187,3250.170285,3315.29184,3298.779968,3209.202797,3208.80023,3220.313004,3411.249456,3346.105453,3115.573013,2498.370371,2499.661784,2500.0,2700.0,2902.0,2802.0,3136.0,4705.0,4718.0,3045.0,3123.0,3141.0,3147.478,3158.308,3498.685,3592.509,3718.41,4157.0,3011.0,2888.0,3219.0,2915.0,3121.0,3319.0,3466.0,3518.0,3782.0,3913.0,4031.0,4072.0,4165.0,4200.0,4200.0,4200.0,3547.04716147552,3552.117993729237,3557.188825982955,3562.259658236673,3567.330490490391,3572.401322744108,3577.472154997826,3582.542987251544,3587.613819505261,3592.684651758979,3597.755484012697,3590.31826337391,3582.881042735125,3575.443822096338,3568.006601457553,3560.569380818767,3553.132160179981,3545.694939541195,3538.257718902409,3530.820498263623,3523.383277624837,3515.946056986051,3508.508836347266,3501.071615708479,3493.634395069694,3486.197174430908,3478.884151194306,3471.586468544075,3464.304094300145,3457.036996349953,3449.785142648297,3442.548501217197,3435.327040145753,3428.120727590006,3420.929531772795,3413.753420983618,3406.592363578494,3399.44632797982,3392.315282676234,3385.199196222478,3378.098037239254,3371.011774413089,3363.940376496198,3356.883812306345,3349.842050726701,3342.815060705717,3335.802811256976,3328.805271459066,3321.822410455435,3314.854197454261,3307.900601728314,3300.961592614822,3294.037139515332,3287.127211895579,3280.23177928535,3273.350811278349,3266.484277532066,3259.632147767637,3252.794391769717,3245.970979386341,3239.161880528798,3232.367065171492,3225.586503351811,3218.820165169997,3212.068020789015,3205.330040434415,3198.606194394209,3191.896453018734,3185.200786720524,3178.519165974179,3171.851561316233,3165.197943345028,3158.55828272058,3151.932550164456,3145.320716459635,3138.722752450388
Slovakia,SK,SVK,Population,,3493.108,3557.644,3626.075,3694.083,3761.982,3832.724,3903.815,3969.85,4035.541,4093.807,4155.077,4215.607,4255.973,4300.952,4345.632,4384.463,4419.941,4452.267,4480.613,4509.463,4542.279,4578.557,4621.042,4666.311,4714.979,4763.352,4813.667,4861.757,4909.698,4957.195,4996.116,5033.801,5069.814,5103.077,5135.696,5166.636,5193.541,5218.219,5241.134,5258.729,5273.427,5296.321,5316.551,5336.169,5350.293,5358.271,5366.586,5372.973,5376.619,5379.589,5380.409,5378.465,5376.91,5375.482,5376.595,5376.795,5376.897,5377.101,5381.14,5389.005,5394.697,5401.52,5408.222,5412.621,5417.84,5422.716,5431.802,5439.599,5446.865,5454.386,5455.661,5429.857,5516.536,5519.573,5493.946,5455.816,5446.868,5436.022,5423.57,5409.302,5393.483,5376.301,5357.958,5338.473,5318.087,5296.599,5274.361,5251.494,5228.051,5204.198,5179.822,5155.117,5130.255,5105.031,5079.638,5054.201,5028.55,5002.68,4976.561,4949.954,4923.022,4895.635,4867.669,4839.124,4810.119,4780.187,4749.39,4717.826,4685.329,4652.04,4618.001,4583.356,4547.975,4512.056,4475.625,4438.877,4401.934,4364.669,4327.216,4289.868,4252.707,4215.87,4179.303,4143.352,4108.034,4073.319,4039.337,4006.12,3973.852,3942.357,3911.628,3881.742,3852.676,3824.335,3796.74,3769.812,3743.582,3718.034,3693.05,3668.48,3644.4,3620.668,3597.289,3574.201,3551.33,3528.618,3506.097,3483.548,3461.009,3438.506
Slovenia,SI,SVN,Cement production,kt cement,205.817145,237.647223,222.133933,243.800807,277.292975,275.328825,349.073117,344.230532,386.232378,412.819907,404.305617,430.487073,483.769406,512.019412,506.679322,513.149095,497.06566,549.026315,567.790345,626.191603,716.326832,836.424523,854.853196,899.540423,967.483726,1029.5604,1070.819431,1130.349842,1167.904124,1202.79705,1381.118895,1340.96976,1349.903782,1339.826597,1304.242573,1302.260326,1287.677845,1256.27453,1229.124576,1125.366553,1007.079385,801.0,707.0,898.0,991.0,1026.0,1113.0,1149.0,1224.0,1300.0,1237.0,1178.0,1370.0,1186.0,1114.0,1269.0,1300.0,1525.0,1082.0,799.0,760.0,745.0,614.0,706.0,600.0,700.0,660.0,880.0,970.0,960.0,920.0,950.0,950.0,950.0,802.3082865242247,803.4552604863751,804.6022344485256,805.749208410676,806.8961823728264,808.0431563349769,809.1901302971273,810.3371042592778,811.4840782214281,812.6310521835785,813.778026145729,812.0957976679082,810.4135691900877,808.731340712267,807.0491122344465,805.3668837566258,803.6846552788052,802.0024268009846,800.3201983231639,798.6379698453434,796.9557413675227,795.273512889702,793.5912844118815,791.9090559340608,790.2268274562402,788.5445989784196,786.8904627701406,785.2397964563978,783.5925927583662,781.9488444124894,780.3085441704482,778.6716847991279,777.0382590805871,775.4082598120252,773.7816798057512,772.1585118891517,770.5387489046593,768.9223837097211,767.3094091767673,765.6998181931796,764.0936036612599,762.4907584981988,760.891275636045,759.2951480216733,757.7023686167538,756.1129303977217,754.5268263557447,752.9440494966934,751.3645928411102,749.7884494241781,748.21561229569,746.6460745200192,745.0798291760868,743.5168693573332,741.9571881716863,740.4007787415313,738.8476342036815,737.2977477093465,735.7511124241026,734.2077215278629,732.6675682148472,731.1306456935516,729.596947186719,728.0664659313089,726.5391951784676,725.0151281934988,723.494258255833,721.9765786589994,720.4620827105948,718.9507637322546,717.442615059624,715.9376300423277,714.4358020439408,712.9371244419603,711.4415906277745,709.9491940066354
Slovenia,SI,SVN,Population,,1454.455,1470.999,1488.325,1506.781,1524.415,1540.844,1556.685,1571.612,1585.47,1598.752,1611.396,1625.723,1640.439,1654.434,1668.258,1682.377,1696.894,1710.845,1723.006,1734.36,1745.362,1760.06,1776.374,1792.769,1809.304,1825.892,1842.822,1859.82,1877.216,1894.596,1911.542,1917.643,1918.307,1928.402,1937.01,1945.933,1983.738,1992.303,1994.73,1996.187,1999.827,1998.559,1993.158,1988.463,1988.061,1988.129,1985.457,1983.338,1976.791,1985.597,1988.035,1991.323,1991.82,1993.16,1993.93,1999.897,2006.331,2021.984,2028.187,2043.029,2046.195,2051.413,2055.229,2057.654,2059.147,2060.747,2061.999,2062.821,2076.14,2090.739,2114.1,2112.888,2117.568,2119.224,2118.169,2115.975,2113.172,2109.913,2105.75,2101.31,2096.602,2091.553,2086.552,2081.4,2076.46,2071.211,2065.736,2059.975,2054.791,2049.372,2044.155,2038.475,2032.333,2026.055,2019.575,2012.99,2006.4,1999.569,1992.789,1985.456,1977.65,1969.629,1961.076,1952.421,1943.364,1934.008,1924.694,1914.788,1905.51,1895.626,1885.465,1875.596,1865.975,1856.389,1846.528,1836.948,1827.814,1818.832,1809.626,1800.537,1792.047,1783.777,1775.846,1767.709,1760.077,1752.877,1746.047,1739.442,1732.833,1726.744,1720.664,1715.093,1709.8,1704.581,1699.632,1694.787,1689.89,1685.287,1680.892,1676.53,1672.012,1667.846,1663.658,1659.423,1655.27,1651.065,1646.843,1642.498,1638.431,1634.237
Solomon Islands,SB,SLB,Cement production,kt cement,,0.0,0.0,0.0,0.0,0.0,0.0,0.0,0.0,0.0,0.0,0.0,0.0,0.0,0.0,0.0,0.0,0.0,0.0,0.0,0.0,0.0,0.0,0.0,0.0,0.0,0.0,0.0,0.0,0.0,0.0,0.0,0.0,0.0,0.0,0.0,0.0,0.0,0.0,0.0,0.0,0.0,0.0,0.0,0.0,0.0,0.0,0.0,0.0,0.0,0.0,0.0,0.0,0.0,0.0,0.0,0.0,0.0,0.0,0.0,0.0,0.0,0.0,0.0,0.0,0.0,0.0,0.0,0.0,0.0,0.0,0.0,0.0,0.0,214.8177817717973,216.4329530633145,218.0481243548318,219.6632956463491,221.2784669378664,222.8936382293836,224.5088095209009,226.1239808124182,227.7391521039354,229.3543233954527,230.96949468697,232.1539536340826,233.3384125811953,234.522871528308,235.7073304754207,236.8917894225333,238.076248369646,239.2607073167586,240.4451662638713,241.629625210984,242.8140841580966,243.9985431052093,245.183002052322,246.3674609994347,247.5519199465473,248.73637889366,249.9683094931568,251.2063415443541,252.4505052662536,253.7008310275243,254.9573493472437,256.2200908956432,257.4890864948561,258.7643671196701,260.0459638982838,261.3339081130659,262.6282312013191,263.9289647560476,265.2361405267276,266.5497904200832,267.8699465008644,269.1966409926303,270.529906278535,271.869774902119,273.2162795681028,274.5694531431854,275.9293286568464,277.2959393021525,278.6693184365677,280.049499582767,281.4365164294554,282.8304028321897,284.2311928142049,285.638920567245,287.0536204523972,288.4753270009308,289.9040749151401,291.3398990691914,292.7828345099742,294.2329164579567,295.6901803080457,297.1546616304498,298.6263961715487,300.105419854765,301.5917687814413,303.0854792317211,304.5865876654349,306.0951307229897,307.6111452262637,309.1346681795044,310.665736770233,312.2043883701506,313.7506605360521,315.3045910107413,316.8662177239532,318.4355787932797
Solomon Islands,SB,SLB,Population,,109.74,112.175,114.801,117.62,120.603,123.777,126.913,130.442,134.166,138.085,141.291,144.533,147.869,151.309,154.861,158.512,162.275,166.215,170.349,174.604,178.554,182.719,187.27,192.279,197.802,203.687,210.7,218.137,225.921,233.985,242.285,250.826,259.574,268.563,277.762,287.149,296.535,306.293,316.237,326.327,336.543,346.934,357.476,368.201,379.15,390.317,401.7,413.249,424.893,436.108,444.83,453.42,461.922,470.385,478.837,487.324,495.863,504.448,513.132,523.15,542.786,563.104,584.109,605.781,628.035,650.795,673.962,697.381,720.821,735.473,753.523,771.66,790.472,809.539,828.857,848.434,868.141,888.065,908.087,928.225,948.472,968.771,989.195,1009.448,1029.64,1049.673,1069.389,1088.797,1107.797,1126.393,1144.517,1162.402,1180.269,1197.984,1215.5,1232.898,1250.092,1267.14,1284.047,1300.802,1317.418,1333.789,1350.082,1366.127,1381.952,1397.645,1413.107,1428.343,1443.592,1458.625,1473.356,1488.038,1502.425,1516.765,1530.796,1544.576,1558.126,1571.554,1584.771,1597.674,1610.255,1622.683,1634.759,1646.54,1657.807,1668.963,1679.999,1690.614,1700.853,1710.699,1720.425,1729.794,1738.854,1747.593,1756.061,1764.16,1771.994,1779.509,1786.785,1793.751,1800.519,1806.985,1813.247,1819.095,1824.461,1829.754,1834.533,1839.104,1843.284,1847.317
Somalia,SO,SOM,Cement production,kt cement,0.0,0.0,0.0,0.0,0.0,0.0,0.0,0.0,0.0,0.0,0.0,0.0,0.0,0.0,0.0,0.0,0.0,0.0,0.0,0.0,0.0,0.0,0.0,0.0,0.0,0.0,0.0,0.0,0.0,0.0,0.0,0.0,0.0,0.0,0.0,0.0,0.0,51.467896,51.467896,40.0,10.0,25.0,25.0,25.0,25.0,0.0,0.0,0.0,0.0,0.0,0.0,0.0,0.0,0.0,0.0,0.0,0.0,0.0,0.0,0.0,0.0,0.0,0.0,0.0,0.0,0.0,0.0,0.0,0.0,0.0,0.0,0.0,0.0,0.0,2309.809921408468,2381.617483732048,2453.425046055627,2525.232608379206,2597.040170702786,2668.847733026365,2740.655295349944,2812.462857673524,2884.270419997103,2956.077982320682,3027.885544644262,3126.377151732529,3224.868758820796,3323.360365909064,3421.851972997331,3520.343580085599,3618.835187173866,3717.326794262133,3815.818401350401,3914.310008438669,4012.801615526936,4111.293222615203,4209.784829703471,4308.276436791738,4406.768043880005,4505.259650968273,4626.208303041178,4750.403954748191,4877.933775366877,5008.887274329966,5143.356364049386,5281.435424426888,5423.221369096522,5568.813713445471,5718.314644460974,5871.829092452372,6029.464804698599,6191.33242107285,6357.54555169743,6528.220856683377,6703.478128010765,6883.440373607164,7068.233903683299,7257.988419386465,7452.83710383396,7652.916715590392,7858.3676846545,8069.334211022844,8285.964365899541,8508.410195623092,8736.827828383239,8971.377583802749,9212.224085461052,9459.53637643869,9713.488037963672,9974.257311243073,10242.02722256525,10516.98571176066,10799.32576411126,11089.24554580126,11386.94854300406,11692.64370470332,12006.545589348,12328.87451544473,12659.85671619281,12999.72449827071,13348.71640488525,13707.07738319809,14075.05895624694,14452.91939948218,14840.92392204283,15239.34485289902,15648.46183199171,16068.56200650372,16499.94023239993,16942.89928137803
Somalia,SO,SOM,Population,,2244.894,2308.467,2372.031,2435.11,2499.515,2564.992,2631.743,2699.661,2767.15,2839.031,2913.631,2990.477,3069.706,3151.016,3234.575,3321.172,3409.039,3500.035,3593.146,3688.885,3788.012,3887.37,3991.501,4099.683,4204.001,4311.07,4420.554,4547.545,5082.24,5815.993,6056.314,5909.384,6098.295,6298.565,6558.213,6828.366,7121.209,7335.395,7135.325,7094.309,7071.314,6556.205,6434.009,6928.789,7124.804,7445.21,7663.737,7985.313,8325.521,8658.598,9018.828,9378.158,9721.968,10096.346,10465.65,10822.806,11128.197,11516.966,11809.202,12113.2,12410.313,12287.347,12634.974,13104.215,13574.767,14039.16,14658.32,15174.939,15730.034,16331.908,16970.473,17572.39,18031.404,18685.826,19332.476,19977.002,20634.812,21283.313,21920.318,22575.12,23254.968,23924.624,24592.972,25250.711,25936.634,26653.266,27365.141,28097.214,28814.303,29521.507,30271.067,31000.858,31699.212,32416.76,33144.097,33876.235,34619.829,35372.934,36115.0,36834.382,37578.641,38328.963,39068.976,39824.057,40615.402,41405.101,42167.784,42916.429,43642.776,44451.356,45254.478,45990.143,46714.058,47444.926,48190.809,48932.483,49634.197,50326.837,50995.822,51678.997,52377.713,53060.432,53722.349,54389.06,55053.006,55639.717,56238.711,56868.52,57482.791,58095.673,58661.686,59164.248,59728.308,60275.948,60821.195,61384.873,61915.688,62384.582,62835.54,63267.987,63749.767,64213.167,64642.074,65054.173,65453.11,65833.797,66216.576,66550.689,66883.079,67221.045
South Africa,ZA,ZAF,Cement production,kt cement,1955.890053,2021.953064,2124.888856,2161.544478,2338.112997,2477.811573,2529.176115,2720.44594,2646.920374,2705.639519,2595.452478,2661.71777,2882.298422,3455.7016,3882.149882,3985.199528,4007.143344,4411.651114,5102.674277,5749.699257,5852.63505,6109.844062,6860.080266,7301.088699,7175.953153,7051.101775,6573.185596,6823.17252,6896.698086,7198.152907,8095.280153,8007.038716,7896.645783,8183.39549,7036.396661,6712.958574,6734.866781,8484.850311,8028.991802,7810.0,7427.0,7028.0,7356.0,7905.0,9071.0,9000.0,9797.0,8738.0,8068.0,7971.0,8036.0,8525.0,8973.431,10297.433,11463.546,12657.529,13651.416,13473.0,11784.0,10870.0,11234.0,11560.0,12168.0,12068.0,12992.0,14457.0,14134.0,13680.0,12726.0,10800.0,12500.0,12000.0,12000.0,12000.0,14155.4940614233,14595.56123431728,15035.62840721127,15475.69558010526,15915.76275299925,16355.82992589324,16795.89709878723,17235.96427168122,17676.0314445752,18116.09861746919,18556.16579036318,19159.7640978758,19763.36240538842,20366.96071290104,20970.55902041366,21574.15732792627,22177.75563543889,22781.35394295151,23384.95225046413,23988.55055797675,24592.14886548937,25195.74717300199,25799.3454805146,26402.94378802722,27006.54209553984,27610.14040305246,28351.36499919202,29112.48858511948,29894.04537110878,30696.58390889645,31520.6674766939,32366.87447453586,33235.79883024234,34128.05041627914,35044.25547780938,35985.0570722366,36951.11552054782,37943.10887077347,38961.73337388935,40007.7039724947,41081.75480260947,42184.63970894273,43317.1327739942,44480.02886135992,45674.1441736237,46900.31682522571,48159.40743071037,49452.29970876638,50779.90110248298,52143.14341625744,53542.98346980133,54980.40376970401,56456.41319902526,57972.04772540058,59528.37112815637,61126.47574494549,62767.48323842688,64452.5453835276,66182.84487583989,67959.5961617203,69784.04629067401,71657.4757906222,73581.19956666691,75556.56782398435,77584.96701549419,79667.8208149701,81806.59111627458,84002.77905941926,86257.92608417092,88573.6150119428,90951.4711567305,93393.16346587188,95900.4056914324,98474.95759303715,101118.6261729945,103833.2669445778
South Africa,ZA,ZAF,Population,,13169.267,13448.773,13742.313,14043.507,14364.051,14702.68,15058.693,15430.985,15809.851,16220.097,16660.246,17155.824,17681.221,18227.907,18794.816,19383.945,19996.228,20631.903,21282.671,21946.681,22613.287,23270.999,23947.913,24640.613,25337.604,26044.276,26746.624,27491.28,28247.735,29020.589,30017.126,31064.963,32165.714,33312.895,34472.681,35611.505,36749.525,37902.856,39058.441,40198.71,41293.825,42081.971,42805.047,43789.266,44219.013,44864.096,45381.94,45951.736,46496.025,46964.645,47354.792,47778.809,48260.021,48740.675,49242.166,49737.899,50258.655,50798.512,51430.685,52026.347,52661.755,53328.655,54236.478,55121.105,56068.572,57378.501,57140.601,58129.723,59096.278,60079.493,61045.269,61959.937,62796.883,63627.884,64386.489,65108.15,65798.019,66488.024,67172.745,67840.954,68481.764,69115.395,69737.482,70343.479,70939.665,71529.839,72102.918,72672.709,73226.524,73765.793,74305.454,74845.442,75378.359,75904.667,76424.253,76938.646,77460.449,77972.86,78457.785,78941.387,79413.269,79891.157,80339.706,80774.35,81214.058,81640.795,82048.93,82456.132,82860.967,83252.708,83634.319,84002.476,84372.536,84739.794,85097.09,85426.063,85757.171,86075.622,86386.539,86692.627,87021.419,87345.556,87627.514,87904.593,88187.506,88458.788,88720.321,88995.697,89269.837,89538.075,89810.11,90078.378,90338.891,90599.232,90843.806,91071.265,91321.632,91567.059,91807.893,92045.326,92276.122,92523.281,92747.506,92973.661,93197.163,93403.8,93600.495,93790.436,93996.592,94206.139
South Sudan,SS,SSD,Cement production,kt cement,0.0,0.0,0.0,0.0,0.0,0.0,0.0,0.0,0.0,0.0,0.0,0.0,0.0,0.0,0.0,0.0,0.0,0.0,0.0,0.0,0.0,0.0,0.0,0.0,0.0,0.0,0.0,0.0,0.0,0.0,0.0,0.0,0.0,0.0,0.0,0.0,0.0,0.0,0.0,0.0,0.0,0.0,0.0,0.0,0.0,0.0,0.0,0.0,0.0,0.0,0.0,0.0,0.0,0.0,0.0,0.0,0.0,0.0,0.0,0.0,0.0,0.0,0.0,0.0,0.0,0.0,0.0,0.0,0.0,0.0,0.0,0.0,0.0,0.0,1461.086800711387,1506.509188298269,1551.931575885152,1597.353963472034,1642.776351058917,1688.198738645799,1733.621126232682,1779.043513819564,1824.465901406447,1869.888288993329,1915.310676580212,1977.612247702466,2039.913818824721,2102.215389946976,2164.516961069231,2226.818532191486,2289.120103313741,2351.421674435996,2413.723245558251,2476.024816680506,2538.326387802761,2600.627958925016,2662.92953004727,2725.231101169525,2787.53267229178,2849.834243414035,2926.341179101538,3004.902027651455,3085.571928614315,3168.407501822552,3253.46688713029,3340.809785220008,3430.497499504685,3522.592979154874,3617.160863280862,3714.267526300975,3813.981124527819,3916.371644005204,4021.510949629282,4129.472835588407,4240.333077157115,4354.169483880551,4471.061954186706,4591.092531464778,4714.345461649014,4840.907252348451,4970.866733564069,5104.315120035957,5241.346075264257,5382.055777248819,5526.542985993721,5674.909112824002,5827.258291563299,5983.697451622314,6144.336393049418,6309.287863596095,6478.667637851255,6652.594598500025,6831.190819764019,7014.581653081626,7202.895815088518,7396.265477960065,7594.826362179107,7798.717831794162,8008.08299223496,8223.068790753943,8443.826119564217,8670.509921746361,8903.27929999842,9142.297628305416,9387.732666606751,9639.756678541966,9898.54655235753,10164.28392505951,10437.15530989923,10717.35222728147
South Sudan,SS,SSD,Population,,2510.551,2548.689,2589.728,2633.739,2680.448,2729.716,2779.468,2828.724,2867.985,2909.585,2953.533,2999.915,3048.701,3096.636,3163.199,3216.471,3256.375,3298.921,3344.134,3386.932,3432.296,3504.995,3580.0,3674.767,3771.751,3871.236,3972.584,4075.481,4179.832,4285.377,4392.684,4501.86,4613.512,4709.636,4791.617,4876.975,4965.506,4959.285,4736.772,4689.685,4785.581,4887.773,4931.726,4980.279,5162.089,5289.582,5424.268,5594.003,5646.132,5897.125,6167.41,6449.373,6744.24,7062.013,7404.069,7776.217,8176.836,8600.739,9034.555,9452.557,10039.35,10536.868,10975.612,11356.939,11113.206,11101.917,10558.287,9960.02,10285.934,10560.834,10836.1,10895.46,11146.895,11819.853,12066.964,12310.612,12561.462,12813.144,13069.856,13326.313,13588.594,13862.23,14130.472,14393.058,14662.043,14935.156,15205.035,15466.371,15725.57,15975.818,16227.143,16473.158,16713.569,16944.845,17175.503,17397.316,17622.076,17834.598,18042.282,18243.51,18440.437,18645.556,18863.336,19058.262,19262.939,19455.986,19648.309,19841.567,20025.69,20219.5,20395.764,20570.033,20748.238,20923.288,21096.926,21274.495,21438.115,21603.97,21776.031,21922.491,22057.456,22206.812,22350.044,22491.086,22632.011,22749.527,22847.753,22957.093,23053.273,23149.77,23223.688,23297.586,23373.321,23442.065,23513.389,23557.066,23610.446,23645.001,23689.853,23730.438,23752.024,23770.576,23790.333,23799.001,23797.585,23805.639,23816.312,23814.524,23832.354,23837.722
Spain,ES,ESP,Cement production,kt cement,2742.806984,2963.080308,3257.489043,3808.975503,4330.655834,4727.693891,4970.328258,5323.250975,5727.641588,5734.994144,6625.106089,7293.736142,7749.594651,8499.555424,9690.669592,12072.897929,13469.883682,14955.664586,16314.705571,16697.132393,17160.867093,19572.010776,22366.477162,22234.131143,24094.814382,25197.211451,27991.182957,30234.2657,27909.802517,28005.888071,28747.987725,29564.630069,30638.103332,25432.493262,24197.704699,24035.044772,23013.502142,25403.551071,27374.011048,28100.0,25119.0,24616.107,22838.228,25130.751,26421.841,25406.17,27933.154,32449.065,35781.978,37784.543,40510.437,42387.66,44746.757,46593.482,50311.973,54048.27,54720.445,42083.407,29504.573595,26161.660109,22178.23656,15938.965402,13731.8764,14554.03887,15076.97544,15055.569445,16081.82289,16568.441361,17464.538165,16176.86565,18476.941119,18444.161353,17973.978516,17980.354687,17149.67240343051,17186.71273259559,17223.75306176066,17260.79339092574,17297.83372009082,17334.8740492559,17371.91437842097,17408.95470758605,17445.99503675113,17483.0353659162,17520.07569508128,17483.85848434209,17447.64127360291,17411.42406286372,17375.20685212453,17338.98964138535,17302.77243064616,17266.55521990698,17230.33800916779,17194.1207984286,17157.90358768942,17121.68637695023,17085.46916621105,17049.25195547186,17013.03474473267,16976.81753399349,16941.20513030611,16905.66743103808,16870.20427948136,16834.81551925663,16799.50099431261,16764.26054892535,16729.09402769761,16694.00127555808,16658.98213776075,16624.03645988427,16589.16408783116,16554.36486782723,16519.63864642084,16484.98527048227,16450.404587203,16415.89644409508,16381.4606889904,16347.09717004009,16312.8057357138,16278.58623479905,16244.43851640055,16210.36242993955,16176.35782515318,16142.42455209377,16108.56246112818,16074.77140293719,16041.05122851477,16007.4017891675,15973.82293651384,15940.31452248354,15906.87639931695,15873.50841956435,15840.21043608537,15806.98230204827,15773.82387092933,15740.73499651217,15707.71553288718,15674.76533445077,15641.88425590482,15609.072152256,15576.32887881511,15543.65429119649,15511.04824531735,15478.51059739714,15446.04120395693,15413.63992181876,15381.306608105,15349.04112023778,15316.84331593826,15284.7130532261
Spain,ES,ESP,Population,,28138.534,28291.187,28520.896,28744.498,28971.159,29208.394,29438.945,29700.983,29998.335,30283.079,30526.798,30872.335,31207.876,31551.778,31931.393,32289.943,32641.825,32999.676,33340.565,33653.306,33972.14,34342.762,34736.972,35116.075,35607.448,35984.09,36368.47,36734.07,37075.865,37384.88,37690.249,37935.176,38159.027,38347.461,38527.504,38675.138,38796.273,38907.746,38996.782,39062.333,39107.625,39295.893,39544.798,39758.444,39958.997,40146.478,40328.266,40519.386,40715.495,40910.218,41129.331,41361.868,42149.54,42863.546,43605.586,44312.184,45078.711,45954.303,46515.805,46754.555,46926.388,47069.697,46966.948,46753.83,46686.545,46680.827,46784.715,46952.476,47233.166,47637.072,47721.906,47749.421,47907.344,47915.815,47905.238,47874.678,47826.907,47777.635,47719.497,47652.032,47569.007,47477.971,47389.074,47299.037,47205.242,47103.15,46995.789,46885.829,46774.542,46654.767,46528.581,46397.629,46257.59,46118.256,45963.764,45796.164,45621.797,45437.478,45246.725,45034.599,44822.516,44602.043,44359.451,44100.244,43838.126,43567.339,43270.106,42973.127,42675.748,42366.485,42055.191,41730.314,41402.131,41078.452,40749.768,40430.984,40112.717,39800.541,39487.68,39186.37,38885.168,38596.882,38310.265,38037.051,37770.566,37518.677,37277.097,37049.697,36834.313,36624.362,36424.708,36231.145,36047.752,35866.229,35691.222,35519.077,35354.775,35192.409,35025.912,34857.095,34691.379,34532.24,34374.694,34215.784,34056.262,33892.051,33730.314,33561.669,33389.794,33216.19
Sri Lanka,LK,LKA,Cement production,kt cement,66.173009,58.709471,66.173009,80.878123,73.363971,88.230679,51.549333,80.726381,95.75392,88.230679,80.878123,88.230679,73.525566,73.525566,88.230679,80.878123,191.166471,220.576698,279.397151,323.51249,382.332943,382.332943,418.679543,469.976152,389.6855,426.448283,352.479903,573.499414,595.557084,573.499414,640.254473,647.02498,507.326405,499.973848,595.557084,595.557084,595.557084,397.038056,397.038056,400.0,400.0,817.0,676.0,925.0,894.0,928.0,965.0,874.0,976.0,1008.0,1108.0,1018.0,1164.0,1400.0,1500.0,1600.0,1700.0,1800.0,1900.0,1737.0,1984.0,2066.0,1929.0,1885.0,2287.0,2695.0,2819.0,2841.0,3397.0,3937.0,4396.0,5912.0,5912.0,5912.0,6376.483379316337,6661.120191978685,6945.757004641036,7230.393817303386,7515.030629965736,7799.667442628084,8084.304255290435,8368.941067952785,8653.577880615134,8938.214693277483,9222.851505939834,9294.698237638422,9366.54496933701,9438.391701035598,9510.238432734188,9582.085164432776,9653.931896131364,9725.778627829952,9797.62535952854,9869.47209122713,9941.318822925718,10013.16555462431,10085.01228632289,10156.85901802148,10228.70574972007,10300.55248141866,10376.72257893902,10453.45593593179,10530.75671756472,10608.62911980596,10687.07736965184,10766.1057253563,10845.71847666204,10925.91994503336,11006.71448389078,11088.10647884727,11170.10034794637,11252.700541902,11335.91154433999,11419.73787204156,11504.18407518837,11589.25473760964,11674.95447703084,11761.28794532444,11848.25982876238,11935.87484827045,12024.13775968454,12113.05335400878,12202.62645767565,12292.86193280791,12383.76467748256,12475.3396259967,12567.59174913533,12660.52605444123,12754.14758648676,12848.46142714766,12943.47269587891,13039.18654999263,13135.60818493801,13232.74283458333,13330.5957715001,13429.17230724916,13528.47779266909,13628.51761816666,13729.29721400934,13830.82205062014,13933.09763887455,14036.12953039961,14139.92331787533,14244.48463533824,14349.81915848719,14455.93260499146,14562.83073480112,14670.51935045968,14779.00429741904,14888.29146435682
Sri Lanka,LK,LKA,Population,,7880.973,8031.695,8191.426,8358.862,8533.009,8713.652,8900.785,9101.208,9316.427,9543.877,9778.901,10019.844,10267.663,10522.416,10784.377,11049.552,11318.305,11596.352,11875.824,12151.891,12422.329,12681.491,12936.919,13184.913,13426.473,13671.494,13922.045,14176.698,14443.558,14715.67,14980.278,15218.55,15354.585,15423.004,15460.715,15627.592,15834.921,15998.231,16159.011,16338.103,16366.812,16583.895,16894.672,17157.165,17394.382,17733.753,18076.283,18420.117,18771.889,19117.572,19468.535,19732.19,19879.314,20023.729,20151.481,20281.568,20423.254,20561.836,20696.92,20815.95,20942.228,21075.868,21263.048,21454.606,21640.306,21819.637,22001.908,22173.136,22333.1,22488.003,22635.611,22765.133,22904.797,23038.437,23168.692,23290.249,23406.381,23516.74,23621.609,23719.665,23816.239,23907.022,23995.479,24079.758,24158.831,24234.118,24304.916,24375.071,24439.015,24499.783,24553.615,24603.679,24647.051,24686.266,24719.471,24753.4,24778.074,24795.341,24806.166,24812.185,24815.195,24814.32,24810.125,24799.659,24790.217,24778.118,24756.733,24733.077,24705.804,24676.265,24642.48,24608.451,24569.201,24526.317,24478.499,24424.38,24372.005,24314.131,24258.173,24201.623,24141.022,24078.833,24014.704,23945.099,23870.067,23796.851,23720.706,23641.596,23559.25,23470.019,23379.908,23286.256,23192.757,23095.556,22996.877,22892.76,22787.733,22682.262,22575.299,22465.802,22353.004,22242.492,22130.325,22016.455,21901.684,21784.926,21666.731,21548.41,21427.628,21308.658
State of Palestine,PS,PSE,Cement production,kt cement,,,,,,,,,,,,,,,,,,,,,,,,,,,,,,,,,,,,,,,,0.0,0.0,0.0,0.0,0.0,0.0,0.0,0.0,0.0,0.0,0.0,0.0,0.0,0.0,0.0,0.0,0.0,0.0,0.0,0.0,0.0,0.0,0.0,0.0,0.0,0.0,0.0,0.0,0.0,0.0,0.0,0.0,0.0,0.0,0.0,3927.323360487163,3973.127995793061,4018.932631098959,4064.737266404857,4110.541901710754,4156.346537016651,4202.151172322549,4247.955807628447,4293.760442934346,4339.565078240244,4385.369713546141,4409.007167321283,4432.644621096426,4456.282074871568,4479.91952864671,4503.556982421853,4527.194436196995,4550.831889972138,4574.46934374728,4598.106797522422,4621.744251297564,4645.381705072707,4669.019158847849,4692.656612622991,4716.294066398134,4739.931520173276,4764.563552980727,4789.323591232487,4814.212300135276,4839.230348352696,4864.378408023205,4889.657154778159,4915.067267759979,4940.609429640381,4966.284326638737,4992.09264854049,5018.035088715701,5044.112344137669,5070.325115401656,5096.674106743721,5123.16002605962,5149.783584923845,5176.545498608724,5203.446486103654,5230.487270134397,5257.668577182521,5284.991137504898,5312.455685153332,5340.062957994279,5367.813697728673,5395.708649911844,5423.74856397356,5451.934193238154,5480.266294944762,5508.745630267675,5537.372964336774,5566.149066258106,5595.07470913453,5624.150670086495,5653.377730272917,5682.756674912165,5712.28829330316,5741.973378846575,5771.81272906615,5801.807145630132,5831.957434372795,5862.264405316098,5892.728872691444,5923.351654961566,5954.1335748425,5985.075459325698,6016.178139700245,6047.442451575186,6078.869234901991,6110.459333997104,6142.213597564632
State of Palestine,PS,PSE,Population,,948.516,957.376,967.236,978.078,989.953,1002.811,1016.684,1031.569,1047.478,1064.304,1081.857,1099.998,1118.681,1136.255,1145.084,1149.536,1143.252,1128.388,1115.095,1111.077,1121.482,1146.745,1182.755,1221.762,1260.505,1298.136,1334.653,1370.772,1408.22,1448.012,1490.105,1535.302,1586.678,1650.877,1726.332,1764.181,1814.439,1939.08,2015.529,2095.687,2182.447,2275.461,2373.924,2476.208,2582.11,2690.992,2802.651,2916.5,3009.276,3103.228,3200.357,3284.213,3360.515,3435.626,3514.729,3600.072,3690.12,3783.261,3874.82,3967.672,4066.159,4165.656,4264.97,4365.551,4466.212,4576.918,4688.56,4796.925,4904.26,5011.276,5128.108,5242.563,5367.977,5450.426,5540.46,5638.786,5746.794,5853.352,5959.81,6067.574,6177.054,6288.152,6400.253,6516.465,6633.05,6752.42,6869.91,6988.763,7107.255,7230.695,7352.957,7475.333,7597.127,7717.049,7836.063,7954.127,8067.838,8179.637,8288.779,8397.46,8506.322,8612.153,8716.148,8817.175,8913.544,9008.289,9105.233,9200.953,9292.523,9385.515,9480.491,9574.559,9662.652,9752.039,9839.405,9925.188,10005.998,10090.094,10167.741,10246.225,10323.414,10400.696,10470.857,10538.102,10603.196,10669.313,10731.672,10789.872,10843.841,10893.17,10944.796,10996.354,11041.488,11081.984,11121.305,11156.591,11190.584,11220.82,11252.52,11279.268,11306.46,11332.519,11357.124,11380.398,11399.782,11420.244,11436.999,11454.567,11468.357,11478.655
Sudan,SD,SDN,Cement production,kt cement,0.0,0.0,0.0,0.0,66.56955,66.607042,59.278953,88.565287,103.625735,118.094373,81.518316,103.709139,118.502533,89.010661,81.645452,103.74603,133.554906,148.34998,170.663789,155.892683,192.944986,163.33209,207.791605,304.032615,215.07769,133.599794,148.418371,192.776024,185.400712,185.423729,148.405019,185.433573,200.239759,177.994998,192.861721,148.449139,126.164302,141.068612,148.414634,170.735946,170.716772,252.072075,251.740726,163.257113,392.259688,384.946029,281.807832,200.327451,229.976192,148.510398,193.029395,207.92757,274.696041,311.865987,334.087385,200.592693,326.784571,252.595126,630.728655,1936.100814,3004.122511,3507.169496,3536.579722,3477.759269,3705.688524,4014.495901,4014.495901,4014.495901,4014.495901,,,,,,6186.651340311955,6378.982470062587,6571.313599813217,6763.644729563847,6955.975859314479,7148.306989065109,7340.63811881574,7532.969248566372,7725.300378317002,7917.631508067632,8109.962637818263,8373.764965167584,8637.567292516906,8901.36961986623,9165.171947215551,9428.974274564873,9692.776601914195,9956.578929263516,10220.38125661284,10484.18358396216,10747.98591131148,11011.78823866081,11275.59056601013,11539.39289335945,11803.19522070877,12066.99754805809,12390.94937349639,12723.5980421044,13065.1770302054,13415.92608205141,13776.09137809269,14145.92570776454,14525.68864691276,14915.64673998231,15316.07368709706,15727.25053616181,16149.46588012157,16583.01605951651,17028.20537047461,17485.34627828818,17954.75963672412,18436.77491322168,18931.73042013602,19439.97355218967,19961.86103029871,20497.75915194469,21048.04404826801,21613.10194806343,22193.32944886257,22789.13379529418,23400.93316491709,24029.15696172679,24674.24611754148,25336.65340147913,26016.8437377428,26715.29453193734,27432.49600614627,28168.95154300431,28925.17803900686,29701.70626730437,30499.08125023654,31317.86264186739,32158.62512079003,33021.95879347668,33908.46960845704,34818.77978161576,35753.5282329075,36713.37103479603,37698.98187273223,38711.05251799413,39750.29331322078,40817.43367098094,41913.22258572625,43038.42915948847,44193.8431416896,45380.27548344374
Sudan,SD,SDN,Population,,6281.167,6470.953,6666.266,6865.544,7073.727,7289.657,7513.526,7745.372,7980.696,8232.273,8496.705,8773.177,9064.879,9371.276,9690.941,10025.118,10370.039,10731.156,11104.843,11493.03,11898.512,12312.566,12743.146,13355.483,13805.963,14323.632,14815.799,15357.43,16032.575,16678.128,17439.682,18121.463,18851.828,19367.713,19725.343,20086.4,20490.076,20919.732,21357.131,21798.913,22244.048,22697.304,23157.405,23733.779,24354.118,24990.167,25472.888,26126.755,26791.243,27469.983,28163.506,28870.034,29587.42,30204.65,30908.624,31616.263,32368.607,33159.662,34088.297,35049.928,35778.871,36502.741,37343.615,38228.082,39418.554,40630.309,41889.475,43539.138,44922.054,46174.297,47404.165,48729.683,50037.008,50048.573,50849.352,52474.943,54090.494,55357.941,56629.728,57921.151,59222.082,60523.793,61835.166,63159.241,64485.474,65811.159,67128.872,68453.609,69761.81,71071.442,72389.757,73722.682,75052.437,76394.888,77738.021,79092.385,80442.15,81788.327,83138.065,84518.643,85894.122,87264.011,88633.056,89991.32,91358.844,92716.903,94047.958,95372.732,96687.564,97981.729,99273.148,100549.695,101828.016,103079.165,104310.818,105513.245,106727.371,107927.614,109072.947,110220.917,111345.214,112474.292,113591.115,114683.687,115762.447,116813.943,117833.923,118852.124,119863.867,120838.535,121797.632,122734.247,123674.469,124615.492,125551.26,126452.202,127340.256,128209.291,129043.618,129854.205,130629.014,131376.626,132129.75,132839.394,133485.726,134149.023,134782.438,135417.158,136026.429,136603.048
Suriname,SR,SUR,Cement production,kt cement,0.0,0.0,0.0,0.0,0.0,0.0,0.0,0.0,0.0,0.0,0.0,0.0,0.0,0.0,0.0,0.0,0.0,0.0,0.0,0.0,51.467896,58.820453,58.820453,44.11534,29.410226,51.467896,44.11534,58.820453,58.820453,66.070891,73.658524,73.525566,73.525566,51.467896,51.467896,51.467896,51.467896,51.467896,51.467896,50.0,50.0,50.0,50.0,60.0,60.0,60.0,60.0,60.0,60.0,60.0,65.0,65.0,65.0,65.0,65.0,65.0,65.0,65.0,49.0,45.0,74.0,114.0,131.0,70.0,70.0,20.0,30.0,30.0,50.0,50.0,50.0,50.0,50.0,50.0,47.43906098951992,48.06771317388663,48.69636535825336,49.3250175426201,49.95366972698682,50.58232191135354,51.21097409572027,51.839626280087,52.46827846445373,53.09693064882044,53.72558283318718,53.95608863412165,54.1865944350561,54.41710023599057,54.64760603692504,54.87811183785951,55.10861763879397,55.33912343972844,55.56962924066291,55.80013504159737,56.03064084253184,56.2611466434663,56.49165244440077,56.72215824533524,56.9526640462697,57.18316984720417,57.42143373820252,57.66069039826046,57.90094396392761,58.14219858898925,58.38445844453815,58.62772771904667,58.87201061843923,59.11731136616495,59.3636342032707,59.61098338847446,59.8593631982389,60.10877792684533,60.35923188646797,60.61072940724846,60.86327483737077,61.11687254313635,61.3715269090396,61.62724233784375,61.88402325065688,62.14187408700842,62.4007993049259,62.66080338101204,62.92189081052209,63.18406610744158,63.44733380456439,63.7116984535711,63.97716462510765,64.24373690886442,64.51141991365554,64.7802182674986,65.05013661769462,65.32117963090847,65.59335199324953,65.86665841035261,66.14110360745944,66.41669232950034,66.69342934117618,66.97131942704083,67.25036739158385,67.53057805931358,67.81195627484053,68.09450690296111,68.37823482874182,68.66314495760366,68.94924221540691,69.23653154853636,69.52501792398675,69.81470632944874,70.1056017733951,70.39770928516724
Suriname,SR,SUR,Population,,197.604,203.402,209.302,215.422,221.823,228.567,235.716,243.253,251.215,259.556,268.28,277.301,290.523,303.545,314.536,325.465,336.805,348.553,360.679,373.132,385.752,398.112,396.713,394.832,392.521,389.819,386.759,383.374,379.63,375.574,375.18,375.737,377.373,380.119,384.268,389.676,394.984,398.837,405.617,411.2,413.785,416.241,418.938,419.766,424.984,434.227,443.433,452.702,462.109,471.724,481.562,491.557,501.546,511.283,516.563,522.062,527.932,534.1,540.391,546.745,553.101,559.436,565.83,572.21,578.536,584.718,590.796,596.63,602.395,609.141,615.492,620.3,626.028,631.744,637.118,642.582,647.931,653.201,658.363,663.224,668.079,672.764,677.385,681.752,686.073,690.308,694.387,698.036,701.788,705.355,708.965,712.281,715.528,718.476,721.376,724.137,726.508,728.96,731.121,732.936,734.873,736.53,738.199,739.665,741.256,742.782,743.993,745.416,746.221,747.122,748.101,748.782,749.557,750.095,750.918,751.608,751.95,752.399,752.673,752.758,752.896,752.897,752.814,752.514,752.328,751.792,751.361,750.755,750.094,749.358,748.319,747.152,745.966,744.58,743.142,741.44,739.687,737.864,735.733,733.531,731.475,729.184,726.829,724.408,722.128,719.714,717.424,715.008,712.663,710.256
Sweden,SE,SWE,Cement production,kt cement,2036.658177,2117.536299,2352.81811,2463.106459,2551.576207,2492.516686,2448.401346,2507.440122,2823.381732,2808.676619,3043.729956,3073.368657,3301.516555,3624.810401,3771.640698,3756.966636,3896.854995,3911.560109,3955.675448,4073.316354,3948.322892,3874.797326,4213.014929,3308.802345,3117.625443,2867.497072,2617.510148,2352.81811,2389.580893,2448.276236,2316.055327,2301.350214,2242.529761,2389.580893,2124.888856,2051.36329,2249.74417,2249.882318,2433.696233,2480.0,2395.0,2289.0,2162.0,2153.0,2539.0,2447.0,2253.0,2252.0,2298.0,2651.0,2645.0,2642.0,2476.0,2588.0,2709.0,2952.0,2950.0,2934.0,1586.0,1796.0,2064.0,2141.0,2560.0,2500.0,2840.0,2840.0,3020.0,3256.0,2700.0,2800.0,2800.0,2900.0,2900.0,2900.0,2766.021629479131,2771.995758268503,2777.969887057875,2783.944015847247,2789.918144636618,2795.89227342599,2801.866402215362,2807.840531004734,2813.814659794106,2819.788788583477,2825.762917372849,2819.921547001019,2814.080176629189,2808.238806257358,2802.397435885528,2796.556065513698,2790.714695141868,2784.873324770038,2779.031954398207,2773.190584026378,2767.349213654547,2761.507843282717,2755.666472910887,2749.825102539057,2743.983732167227,2738.142361795396,2732.398539023754,2726.666765114322,2720.947014792108,2715.239262835139,2709.543484074351,2703.859653393473,2698.187745728926,2692.527736069705,2686.879599457269,2681.243310985436,2675.618845800268,2670.006179099962,2664.405286134745,2658.816142206761,2653.23872266996,2647.673002929996,2642.118958444112,2636.576564721037,2631.045797320874,2625.526631854993,2620.019043985925,2614.523009427256,2609.038503943514,2603.565503350069,2598.103983513021,2592.653920349098,2587.215289825546,2581.788067960026,2576.372230820507,2570.967754525157,2565.574615242246,2560.192789190033,2554.822252636666,2549.462981900073,2544.114953347863,2538.778143397216,2533.452528514785,2528.138085216585,2522.834790067898,2517.542619683162,2512.261550725872,2506.991559908477,2501.732623992276,2496.484719787314,2491.247824152286,2486.021913994427,2480.806966269414,2475.602957981268,2470.409866182244,2465.227667972737
Sweden,SE,SWE,Population,,7046.98,7098.781,7150.562,7192.289,7234.626,7290.033,7341.002,7392.76,7435.938,7471.18,7498.013,7541.984,7581.045,7627.352,7695.03,7770.985,7840.2,7892.609,7931.647,8004.376,8081.185,8115.019,8129.831,8144.508,8176.77,8208.512,8236.277,8267.114,8284.462,8303.034,8317.903,8323.013,8327.353,8330.476,8342.497,8357.99,8381.377,8413.919,8458.775,8526.857,8590.278,8643.64,8691.507,8744.565,8815.815,8836.789,8843.866,8847.182,8854.035,8861.338,8882.864,8909.179,8940.914,8975.948,9011.669,9047.872,9113.374,9183.175,9256.625,9340.855,9415.609,9482.909,9556.064,9645.176,9747.691,9851.272,9995.288,10120.435,10230.374,10327.876,10379.497,10452.766,10521.91,10581.078,10632.92,10680.346,10721.747,10760.754,10795.874,10827.522,10856.099,10881.488,10906.824,10931.035,10953.723,10976.232,10999.142,11020.785,11043.188,11066.389,11090.815,11114.448,11140.387,11165.885,11190.945,11214.799,11237.73,11259.714,11280.582,11300.115,11319.146,11335.056,11348.872,11359.549,11367.098,11374.065,11379.336,11384.76,11388.554,11390.901,11392.09,11394.352,11393.732,11393.886,11394.855,11395.58,11395.576,11396.411,11397.807,11401.667,11405.389,11410.316,11414.018,11416.95,11420.249,11424.388,11428.228,11430.314,11432.442,11432.914,11430.72,11429.077,11423.863,11420.321,11415.545,11410.484,11403.127,11399.322,11396.654,11393.718,11391.79,11390.338,11388.291,11386.404,11383.757,11380.801,11379.116,11377.951,11373.664,11369.803
Switzerland,CH,CHE,Cement production,kt cement,1316.499679,1381.829798,1580.799668,1815.553548,2117.536299,2382.228337,2507.221799,2183.709309,2683.683157,3036.605874,3602.752732,3727.746194,3580.695062,4323.303278,4036.066241,4323.806163,4176.722498,4323.303278,4536.090795,4794.303182,5220.315182,5712.936474,5757.051814,5249.725409,3764.508977,3543.932279,3646.868071,3698.014764,3933.256399,4250.162168,4345.360948,4102.315897,4094.999264,4183.996353,4257.130269,4389.476287,4617.405542,4962.975702,5463.457165,5210.0,4700.0,4260.0,4000.0,4370.0,4024.0,3638.0,3568.0,3600.0,3548.0,3771.0,3950.0,3771.0,3613.0,3851.0,4022.0,4040.0,4000.0,4102.0,4163.0,4527.0,4750.0,4430.0,4740.0,4790.0,4390.0,4710.0,4580.0,4290.0,4210.0,4150.0,4180.0,4150.0,4150.0,4150.0,3958.272331840826,3966.821516142858,3975.37070044489,3983.919884746922,3992.469069048954,4001.018253350986,4009.567437653018,4018.116621955051,4026.665806257083,4035.214990559114,4043.764174861146,4035.404972432492,4027.045770003839,4018.686567575185,4010.327365146532,4001.968162717878,3993.608960289225,3985.249757860572,3976.890555431918,3968.531353003264,3960.17215057461,3951.812948145957,3943.453745717304,3935.09454328865,3926.735340859997,3918.376138431343,3910.156529982268,3901.954163870495,3893.769003926638,3885.601014057183,3877.450158244329,3869.316400545832,3861.199705094843,3853.10003609975,3845.017357844023,3836.951634686055,3828.902831059003,3820.870911470635,3812.855840503169,3804.857582813122,3796.876103131149,3788.91136626189,3780.963337083816,3773.031980549071,3765.117261683319,3757.219145585593,3749.337597428134,3741.472582456245,3733.624065988132,3725.792013414753,3717.976390199668,3710.177161878882,3702.394294060696,3694.627752425555,3686.877502725897,3679.143510786,3671.425742501834,3663.72416384091,3656.038740842126,3648.369439615622,3640.716226342632,3633.079067275327,3625.457928736675,3617.852777120286,3610.263578890268,3602.690300581076,3595.132908797368,3587.591370213855,3580.065651575153,3572.555719695639,3565.061541459305,3557.58308381961,3550.120313799333,3542.673198490435,3535.2417050539,3527.825800719607
Switzerland,CH,CHE,Population,,4717.195,4778.975,4844.249,4907.055,4970.44,5033.784,5097.456,5162.868,5230.015,5295.585,5359.976,5508.27,5639.122,5749.208,5829.09,5883.749,5952.174,6031.292,6104.022,6168.681,6193.163,6233.898,6288.263,6326.542,6356.211,6320.988,6284.121,6278.598,6285.479,6303.95,6335.743,6373.37,6410.238,6428.384,6456.46,6485.453,6524.047,6567.498,6620.788,6674.789,6751.557,6842.328,6907.773,6968.439,7018.736,7062.219,7081.548,7096.777,7123.805,7164.437,7203.576,7249.205,7308.299,7358.595,7409.794,7453.852,7503.166,7587.596,7695.86,7779.43,7872.077,7956.666,8041.187,8141.217,8239.254,8328.614,8421.188,8486.068,8546.621,8608.427,8672.736,8741.311,8843.053,8898.069,8945.893,8988.922,9026.674,9061.137,9091.889,9118.018,9142.567,9165.477,9183.915,9200.883,9217.534,9230.916,9242.579,9253.226,9262.073,9270.648,9281.709,9288.577,9298.413,9305.714,9312.633,9318.363,9324.397,9331.343,9338.252,9341.672,9343.5,9343.523,9343.495,9338.435,9331.145,9322.797,9315.654,9310.069,9301.85,9291.652,9282.874,9271.237,9260.549,9250.64,9239.839,9227.957,9216.382,9209.065,9200.765,9192.77,9181.97,9172.358,9164.705,9155.828,9145.254,9139.815,9134.926,9127.366,9120.717,9113.361,9107.028,9100.734,9095.016,9090.15,9085.945,9081.762,9080.052,9080.387,9079.055,9079.418,9081.417,9084.319,9086.878,9089.272,9093.602,9099.056,9102.742,9110.035,9116.322,9124.053
Syrian Arab Republic,SY,SYR,Cement production,kt cement,66.173009,154.403688,220.576698,251.579198,264.692037,323.51249,316.159934,389.6855,449.244842,485.268735,536.736631,609.564755,683.787763,632.319867,676.435207,617.614754,602.909641,919.069574,933.774688,963.715594,911.717018,1007.776068,845.151462,963.184914,992.59514,1109.94022,1396.636507,1433.748536,1845.191625,1992.542837,2316.055327,2595.841193,3625.285849,4278.71379,4293.893052,4197.818843,3867.053327,3330.708138,3499.445685,3500.0,3500.0,3700.0,4500.0,4500.0,4463.0,4500.0,4840.0,4607.0,5134.0,4631.0,5005.0,4679.0,4824.0,4757.0,4700.0,4804.0,5104.0,5336.0,5176.0,6000.0,5000.0,6000.0,4000.0,1850.0,1850.0,2450.0,2120.0,1793.0,2065.0,2431.0,3360.0,3000.0,3000.0,3000.0,3048.237304533501,3083.789100309918,3119.340896086335,3154.892691862751,3190.444487639168,3225.996283415584,3261.548079192001,3297.099874968417,3332.651670744834,3368.203466521251,3403.755262297667,3422.101744562535,3440.448226827401,3458.794709092268,3477.141191357135,3495.487673622002,3513.834155886869,3532.180638151736,3550.527120416602,3568.873602681469,3587.220084946336,3605.566567211203,3623.91304947607,3642.259531740936,3660.606014005804,3678.952496270671,3698.070932518011,3717.288721666733,3736.6063800247,3756.024426582878,3775.543383029278,3795.163773762968,3814.886125908167,3834.710969328398,3854.638836640739,3874.670263230114,3894.805787263688,3915.045949705323,3935.391294330111,3955.842367738986,3976.399719373401,3997.063901530102,4017.835469375953,4038.714980962863,4059.702997242766,4080.800082082704,4102.006802279969,4123.323727577333,4144.751430678351,4166.290487262753,4187.941476001906,4209.704978574364,4231.581579681493,4253.571867063179,4275.676431513622,4297.895866897203,4320.230770164445,4342.681741368046,4365.249383679004,4387.934303402814,4410.737109995768,4433.658416081324,4456.69883746656,4479.858993158722,4503.139505381863,4526.540999593544,4550.064104501648,4573.709452081267,4597.477677591686,4621.36941959344,4645.385319965482,4669.526023922417,4693.79218003184,4718.184440231768,4742.703459848143,4767.349897612443
Syrian Arab Republic,SY,SYR,Population,,3646.457,3723.273,3807.213,3898.446,3997.295,4103.883,4217.382,4338.099,4465.886,4601.653,4745.347,4885.584,5033.096,5187.838,5350.337,5520.197,5697.896,5882.5,6074.983,6275.348,6485.87,6710.318,6941.729,7178.913,7425.407,7683.322,7951.319,8229.683,8515.835,8807.984,9107.341,9413.037,9731.985,10077.634,10439.163,10812.18,11193.507,11584.339,11980.189,12377.931,12780.484,13181.158,13589.984,14001.389,14415.776,14817.826,15218.383,15616.702,16024.124,16431.999,16843.777,17258.898,17677.765,18100.826,18572.923,19055.259,20218.786,21549.465,21723.663,22230.276,22734.565,23021.631,22497.894,20835.941,19711.377,19137.859,19249.808,19199.528,19956.162,20750.906,21347.952,21909.727,23014.618,24174.628,25170.891,26069.962,26875.032,27648.045,28365.057,29073.552,29717.528,30342.106,30925.196,31499.744,32036.518,32553.069,33023.22,33493.586,33927.843,34334.623,34731.747,35102.12,35457.601,35789.056,36099.724,36430.848,36735.677,37021.598,37320.446,37634.934,37951.809,38256.962,38553.602,38890.073,39218.513,39518.282,39822.88,40099.456,40376.838,40683.958,40963.996,41212.977,41457.649,41700.296,41946.119,42191.375,42397.548,42587.895,42766.894,42911.778,43052.723,43194.221,43328.214,43433.817,43529.474,43621.291,43703.637,43748.302,43785.153,43841.343,43938.53,44004.129,44063.644,44091.401,44125.614,44159.007,44139.987,44132.489,44137.622,44138.583,44107.616,44095.189,44066.3,44037.807,43989.07,43961.881,43908.391,43846.762,43787.984,43719.231
Tajikistan,TJ,TJK,Cement production,kt cement,48.770996,55.55599,62.967955,75.017204,88.930327,98.453863,114.592068,132.261629,154.216566,181.234768,202.754211,228.820316,243.874322,259.879293,290.098789,320.986548,340.550143,352.087738,361.758508,384.206755,406.607501,424.680563,447.92759,473.215452,503.939429,509.065226,516.625425,512.231433,492.507309,496.716073,504.969525,490.976237,508.563455,516.280096,518.422075,534.62551,542.417978,549.41571,551.810189,537.065607,505.768314,400.0,300.0,200.0,100.0,50.0,36.0,18.0,30.0,50.0,70.0,100.0,166.3,193.6,253.1,281.5,313.1,190.0,195.0,288.0,299.0,232.0,384.0,1150.0,1418.0,1361.0,3117.0,3844.0,4202.0,4243.0,4200.0,4000.0,4000.0,4000.0,4291.885088921897,4328.567867459691,4365.250645997486,4401.933424535279,4438.616203073074,4475.298981610867,4511.981760148661,4548.664538686456,4585.347317224249,4622.030095762044,4658.712874299837,4680.722541422514,4702.73220854519,4724.741875667867,4746.751542790543,4768.761209913219,4790.770877035896,4812.780544158572,4834.790211281249,4856.799878403926,4878.809545526601,4900.819212649278,4922.828879771954,4944.838546894631,4966.848214017307,4988.857881139984,5011.681672673717,5034.609881986506,5057.642986784807,5080.781466960565,5104.0258046012,5127.376483999665,5150.833991664531,5174.398816330123,5198.071448966698,5221.852382790685,5245.742113274951,5269.741138159129,5293.849957459991,5318.069073481856,5342.398990827068,5366.840216406497,5391.393259450116,5416.058631517587,5440.836846508949,5465.728420675297,5490.733872629561,5515.853723357293,5541.088496227531,5566.438717003707,5591.904913854592,5617.487617365301,5643.18736054836,5669.004678854792,5694.940110185295,5720.994194901426,5747.167475836879,5773.460498308783,5799.873810129071,5826.407961615882,5853.063505605043,5879.840997461577,5906.740995091273,5933.764058952317,5960.910752066962,5988.181640033261,6015.577291036857,6043.098275862809,6070.745167907495,6098.51854319055,6126.418980366881,6154.447060738705,6182.603368267673,6210.888489587034,6239.303014013856,6267.847533561305
Tajikistan,TJ,TJK,Population,,1559.109,1617.566,1673.6,1728.485,1782.89,1837.587,1893.292,1950.954,2012.371,2078.196,2146.067,2217.542,2292.511,2370.961,2451.56,2534.436,2619.932,2708.328,2799.368,2891.177,2982.381,3075.293,3172.09,3272.49,3376.507,3484.344,3595.808,3710.722,3826.294,3939.088,4051.423,4166.621,4287.72,4414.029,4546.023,4691.984,4852.294,5025.824,5204.153,5330.346,5467.19,5615.22,5683.58,5766.407,5884.329,6012.84,6120.205,6159.453,6193.341,6223.399,6346.072,6468.682,6594.656,6722.494,6858.599,6990.84,7124.293,7264.662,7412.144,7568.316,7735.965,7913.606,8114.562,8318.885,8532.219,8755.461,8975.801,9196.091,9418.575,9641.357,9857.264,10076.553,10287.891,10491.706,10690.149,10883.318,11073.879,11262.9,11450.943,11639.629,11826.507,12014.439,12205.863,12398.707,12595.072,12796.097,13002.09,13206.595,13409.886,13612.85,13815.044,14015.348,14214.926,14408.284,14601.453,14788.27,14970.506,15149.232,15323.963,15492.103,15657.182,15818.177,15979.12,16132.95,16287.617,16440.215,16592.369,16745.172,16896.296,17045.72,17193.53,17334.374,17475.796,17617.194,17753.775,17885.262,18017.119,18143.427,18265.138,18385.267,18499.744,18609.115,18712.505,18810.399,18905.073,18995.711,19084.959,19166.007,19243.515,19316.711,19389.231,19455.524,19521.466,19588.027,19651.146,19709.215,19763.413,19818.1,19868.184,19915.456,19960.109,20003.76,20044.597,20076.105,20107.725,20134.456,20158.259,20176.352,20190.135,20199.029
Thailand,TH,THA,Cement production,kt cement,308.807377,249.272676,286.749707,383.016902,382.332943,396.483534,404.898004,455.858509,507.326405,529.384075,808.781225,963.184914,992.59514,1058.2494,1249.319798,1485.216432,1734.680547,2367.523224,2404.286007,2624.862704,2779.795979,3374.823477,3705.688524,3918.320058,3977.135592,4463.001853,5109.444229,5087.437172,5257.077965,5337.956088,6264.378219,6609.309057,7263.698491,8241.558564,7918.703453,7911.350896,9850.367,11514.41,15024.649,18059.121,19164.946,21723.249,26299.939,29929.089,33860.907,38873.866,37115.268,22722.0,25354.32,25498.912,27912.584,31678.811,32530.155,35626.12,37871.724,39408.163,35668.235,31650.87,31180.734,28840.0,30290.0,31760.0,35854.0,36150.0,36216.0,34860.0,39067.0,39221.0,40261.0,38616.0,37874.295599,36928.697658,36489.26875,35099.15799,27873.78217762849,28238.48586967223,28603.18956171596,28967.8932537597,29332.59694580344,29697.30063784717,30062.00432989091,30426.70802193465,30791.41171397839,31156.11540602213,31520.81909806586,31688.93013325554,31857.04116844523,32025.15220363492,32193.2632388246,32361.37427401428,32529.48530920397,32697.59634439365,32865.70737958334,33033.81841477302,33201.92944996271,33370.04048515239,33538.15152034208,33706.26255553176,33874.37359072144,34042.48462591113,34217.59647207893,34393.60907972185,34570.52708228562,34748.35513705004,34927.09792525158,35106.76015220663,35287.34654743537,35468.86186478625,35651.31088256111,35834.69840364104,36019.02925561275,36204.30829089569,36390.54038686971,36577.7304460036,36765.883395984,36955.00418984524,37145.0978060996,37336.16924886846,37528.22354801402,37721.26575927169,37915.30096438315,38110.33427123019,38306.37081396912,38503.41575316599,38701.47427593233,38900.55159606177,39100.65295416732,39301.78361781927,39503.94888168387,39707.15406766271,39911.40452503284,40116.70563058754,40323.06278877792,40530.48143185513,40738.96702001341,40948.52504153378,41159.16101292859,41370.88047908665,41583.68901341925,41797.5922180069,42012.59572374669,42228.7051905007,42445.9263072448,42664.26479221857,42883.72639307571,43104.31688703546,43326.04208103454,43548.90781188015,43772.91994640353,43998.08438161446
Thailand,TH,THA,Population,,20689.48,21240.885,21814.278,22404.369,23022.306,23664.056,24330.473,25019.187,25714.823,26461.202,27242.292,28058.375,28903.705,29780.939,30683.342,31615.331,32556.811,33518.791,34486.33,35461.234,36447.582,37427.192,38440.667,39454.906,40450.877,41429.132,42363.876,43324.073,44253.878,45182.99,46117.053,47034.658,47954.496,48892.122,49811.294,50730.211,51625.456,52522.755,53416.435,54281.477,55195.181,56079.687,56977.982,57838.415,58683.293,59513.172,60326.956,61122.213,61923.048,62675.039,63340.591,63961.692,64571.181,65165.152,65738.942,66295.897,66839.477,67365.312,67874.349,68367.811,68791.084,69223.332,69648.864,70041.365,70391.368,70690.223,71029.46,71290.914,71461.243,71583.299,71699.668,71754.996,71715.662,71689.208,71646.814,71592.912,71526.317,71449.996,71363.992,71268.393,71161.651,71046.391,70918.187,70777.719,70625.588,70456.181,70276.807,70083.266,69874.807,69653.059,69416.945,69159.998,68890.703,68605.463,68307.597,67992.708,67661.914,67316.802,66956.674,66577.96,66187.51,65782.807,65362.71,64936.637,64497.408,64051.614,63596.669,63137.082,62674.735,62210.782,61743.256,61280.12,60815.183,60354.555,59895.792,59436.251,58985.179,58534.267,58083.812,57638.413,57194.03,56756.624,56321.545,55888.938,55458.97,55035.994,54615.657,54197.917,53782.724,53367.809,52958.267,52553.137,52147.208,51743.919,51341.273,50944.458,50551.18,50161.145,49775.353,49386.627,49002.938,48623.526,48244.831,47871.569,47501.912,47136.384,46775.514,46420.651,46070.477,45725.632
Timor-Leste,TL,TLS,Cement production,kt cement,,,,,,,,,,,,,,,,,,,,,,,,,,,,,,,,,,,,,,,,,,,,,,,,,,,,0.0,0.0,0.0,0.0,0.0,0.0,0.0,0.0,0.0,0.0,0.0,0.0,0.0,0.0,0.0,0.0,0.0,0.0,0.0,0.0,0.0,0.0,0.0,470.6272816931563,476.7850218274593,482.9427619617622,489.1005020960653,495.2582422303683,501.4159823646712,507.5737224989742,513.7314626332771,519.8892027675802,526.0469429018832,532.2046830361861,535.0431080123791,537.8815329885721,540.7199579647652,543.5583829409582,546.396807917151,549.2352328933441,552.073657869537,554.9120828457302,557.7505078219231,560.5889327981162,563.427357774309,566.265782750502,569.1042077266951,571.942632702888,574.7810576790811,577.7376859410457,580.709522864748,583.6966466823401,586.699136028394,589.7170699419719,592.7505278687062,595.7995896628922,598.8643355895888,601.9448463267317,605.0412029672586,608.1534870212416,611.281780418035,614.4261655084309,617.5867250668273,620.7635422934073,623.9567008163292,627.1662846939278,630.3923784169272,633.6350669106653,636.8944355373294,640.1705700982026,643.4635568359234,646.7734824367556,650.1004340328702,653.4444992046392,656.8057659829408,660.1843228514776,663.580258749105,666.9936630721733,670.4246256768796,673.8732368816353,677.3395874694417,680.823768690281,684.3258722635184,687.8459903803155,691.3842157060585,694.940641382797,698.5153610316959,702.1084687554995,705.72005914101,709.3502272615757,712.9990686795957,716.6666794490333,720.3531561179469,724.0585957310298,727.7830958321658,731.5267544669967,735.2896701855034,739.0719420445995,742.8736696107404
Timor-Leste,TL,TLS,Population,,416.291,420.23,424.614,429.362,434.452,439.848,445.55,451.572,457.924,464.613,471.624,478.959,486.588,494.54,502.777,511.292,520.1,529.195,538.555,548.156,557.983,567.95,577.975,587.734,593.919,602.397,612.842,623.788,633.763,643.675,656.068,664.918,673.38,682.033,691.521,701.809,712.561,724.392,737.097,752.616,768.073,788.483,810.153,832.72,856.266,880.027,904.536,929.833,955.228,714.166,776.01,848.488,909.829,923.926,934.222,962.399,990.795,1018.983,1045.876,1071.688,1097.671,1122.744,1147.026,1170.364,1193.443,1216.82,1239.803,1263.603,1288.315,1313.574,1338.533,1361.744,1376.847,1391.725,1409.551,1427.484,1446.362,1466.306,1487.381,1508.837,1530.772,1550.54,1568.873,1587.36,1607.528,1630.068,1649.371,1669.289,1688.617,1709.157,1727.342,1745.601,1766.083,1786.047,1801.463,1817.803,1833.287,1849.822,1866.792,1880.897,1897.602,1908.018,1921.115,1937.081,1945.489,1958.098,1972.234,1984.167,1995.537,2005.848,2013.426,2019.082,2026.158,2034.768,2042.438,2049.389,2057.712,2064.291,2070.826,2076.424,2078.874,2086.641,2090.298,2090.71,2092.372,2092.046,2092.651,2091.718,2089.162,2090.024,2087.114,2083.333,2080.79,2075.548,2069.827,2064.37,2061.463,2053.83,2047.846,2040.06,2033.8,2026.935,2021.39,2016.197,2009.373,2001.246,1993.354,1986.827,1980.186,1975.268
Togo,TG,TGO,Cement production,kt cement,0.0,0.0,0.0,0.0,0.0,0.0,0.0,0.0,0.0,0.0,0.0,0.0,0.0,0.0,0.0,0.0,0.0,0.0,0.0,0.0,0.0,117.640906,117.640906,132.346019,0.0,0.0,0.0,0.0,0.0,301.45482,286.749707,279.397151,235.281811,242.634368,286.749707,345.57016,367.62783,374.980386,389.6855,399.0,388.0,350.0,350.0,286.0,350.0,413.0,421.0,500.0,600.0,700.0,800.0,800.0,800.0,800.0,800.0,800.0,996.0,1265.0,1179.0,1185.0,1200.0,1605.0,1800.0,1700.0,1460.0,1470.0,1370.0,1111.0,1650.0,1550.0,1650.0,1700.0,1700.0,1700.0,2005.361658701634,2067.704508194949,2130.047357688263,2192.390207181578,2254.733056674894,2317.075906168208,2379.418755661524,2441.761605154839,2504.104454648154,2566.447304141469,2628.790153634784,2714.299913865738,2799.809674096693,2885.319434327647,2970.829194558601,3056.338954789555,3141.84871502051,3227.358475251464,3312.868235482419,3398.377995713373,3483.887755944327,3569.397516175282,3654.907276406236,3740.41703663719,3825.926796868144,3911.436557099099,4016.443374885537,4124.26921622526,4234.989760907077,4348.682720426997,4465.427892531636,4585.307217225914,4708.404834284333,4834.807142306212,4964.60285935633,5097.88308523352,5234.741365410941,5375.273756692909,5519.578894634325,5667.758062770082,5819.915263703007,5976.157292100221,6136.593809649179,6301.337422025989,6470.503757930025,6644.211550240309,6822.582719350635,7005.742458741905,7193.819322851756,7386.945317303138,7585.255991555188,7788.890534041402,7997.991869861913,8212.706761098416,8433.185909822152,8659.584063867278,8892.060125443808,9130.77726266641,9375.903024077317,9627.60945624371,9886.073224512153,10151.47573700481,10424.00327194448,10703.84710839778,10991.20366052834,11286.2746154541,11589.26707480557,11900.3937000844,12219.87286192421,12547.92879335857,12884.79174720349,13230.69815766519,13585.89080628626,13950.61899234693,14325.13870784088,14709.71281714852
Togo,TG,TGO,Population,,1411.805,1436.989,1462.858,1489.284,1516.237,1543.655,1571.616,1600.14,1629.13,1658.385,1687.835,1717.599,1748.32,1781.823,1825.058,1882.484,1954.542,2037.238,2123.213,2206.415,2283.132,2352.82,2417.169,2480.329,2543.192,2606.053,2669.538,2734.251,2802.044,2877.664,2964.123,3061.962,3168.122,3277.676,3387.998,3494.185,3601.719,3713.298,3826.186,3940.636,4056.886,4174.235,4292.999,4121.908,4323.971,4497.693,4658.027,4792.033,4929.792,5070.746,5209.327,5345.437,5481.11,5623.223,5769.793,5919.469,6101.868,6274.82,6462.804,6640.927,6824.253,7008.695,7192.777,7378.107,7566.794,7759.597,7956.981,8157.298,8360.258,8565.878,8773.563,8983.194,9196.283,9412.392,9618.079,9825.136,10036.701,10249.292,10463.699,10681.222,10904.772,11132.3,11361.222,11590.742,11820.911,12054.457,12286.559,12522.135,12760.138,13002.415,13240.288,13483.232,13726.721,13975.683,14223.616,14471.407,14719.092,14964.248,15211.86,15463.023,15706.532,15956.201,16200.393,16441.981,16683.713,16933.032,17174.514,17414.666,17651.477,17885.726,18125.153,18364.34,18604.278,18848.529,19086.716,19324.769,19565.881,19802.714,20044.615,20280.421,20509.862,20739.219,20967.073,21198.36,21428.037,21659.863,21882.943,22097.044,22307.746,22531.413,22753.324,22971.781,23182.975,23390.516,23591.4,23791.269,23992.27,24172.679,24360.88,24543.996,24721.946,24901.097,25071.614,25236.721,25414.571,25578.776,25744.309,25907.077,26066.111,26225.213
Tonga,TO,TON,Cement production,kt cement,0.0,0.0,0.0,0.0,0.0,0.0,0.0,0.0,0.0,0.0,0.0,0.0,0.0,0.0,0.0,0.0,0.0,0.0,0.0,0.0,0.0,0.0,0.0,0.0,0.0,0.0,0.0,0.0,0.0,0.0,0.0,0.0,0.0,0.0,0.0,0.0,0.0,0.0,0.0,0.0,0.0,0.0,0.0,0.0,0.0,0.0,0.0,0.0,0.0,0.0,0.0,0.0,0.0,0.0,0.0,0.0,0.0,0.0,0.0,0.0,0.0,0.0,0.0,0.0,0.0,0.0,0.0,0.0,0.0,0.0,0.0,0.0,0.0,0.0,27.69781967707353,27.90607396035979,28.11432824364606,28.32258252693233,28.5308368102186,28.73909109350486,28.94734537679113,29.1555996600774,29.36385394336367,29.57210822664993,29.7803625099362,29.93308231767946,30.08580212542272,30.23852193316599,30.39124174090925,30.54396154865251,30.69668135639577,30.84940116413904,31.0021209718823,31.15484077962556,31.30756058736882,31.46028039511208,31.61300020285535,31.76572001059861,31.91843981834188,32.07115962608513,32.23000025518994,32.38962758317776,32.5500455063762,32.71125794041048,32.8732688202989,33.03608210054901,33.19970175525402,33.36413177818987,33.52937618291271,33.69543900285682,33.86232429143314,34.03003612212814,34.19857858860328,34.36795580479491,34.53817190501474,34.7092310440507,34.88113739726833,35.05389516071281,35.22750855121126,35.40198180647572,35.5773191852066,35.75352496719661,35.93060345343522,36.10855896621366,36.2873958492304,36.4671184676972,36.64773120844567,36.82923848003428,37.01164471285605,37.19495435924662,37.37917189359302,37.56430181244279,37.75034863461377,37.9373169013044,38.12521117620461,38.3140360456071,38.50379611851941,38.69449602677638,38.88614042515315,39.07873399147888,39.27228142675082,39.46678745524915,39.66225682465227,39.85869430615264,40.05610469457326,40.25449280848478,40.45386349032299,40.65422160650711,40.85557204755857,41.05791972822031
Tonga,TO,TON,Population,,50.278,51.624,53.092,54.67,56.361,58.152,60.045,61.716,63.455,65.244,67.096,68.978,70.902,72.868,74.889,76.96,79.045,80.582,82.123,83.646,85.157,86.635,88.077,89.532,91.835,94.2,96.45,97.0,97.409,97.68,97.859,97.958,98.001,97.995,97.984,97.983,98.037,98.714,99.224,99.582,99.817,99.974,100.071,100.135,100.197,100.252,100.299,101.048,101.727,102.365,102.99,103.587,104.16,104.768,105.374,105.968,106.538,106.914,107.126,107.279,107.52,107.619,107.3,106.855,106.363,105.827,105.221,105.49,105.643,105.696,105.711,105.268,104.816,104.379,103.972,103.512,103.07,102.722,102.408,102.154,101.99,101.859,101.817,101.797,101.806,101.853,101.933,102.061,102.288,102.455,102.675,102.92,103.163,103.444,103.778,104.083,104.385,104.619,104.868,105.077,105.312,105.52,105.72,105.933,106.15,106.366,106.581,106.826,107.079,107.355,107.635,107.949,108.273,108.618,108.978,109.304,109.689,110.069,110.454,110.822,111.21,111.624,112.038,112.428,112.815,113.196,113.601,113.963,114.327,114.678,115.007,115.297,115.592,115.885,116.129,116.346,116.535,116.74,116.941,117.098,117.243,117.357,117.467,117.551,117.644,117.722,117.753,117.791,117.846,117.878
Trinidad and Tobago,TT,TTO,Cement production,kt cement,0.0,0.0,0.0,22.05767,125.161917,139.521068,132.157223,146.896341,176.461358,176.71237,95.583236,161.756245,161.756245,176.461358,191.031657,213.224141,191.166471,213.224141,242.634368,272.155497,257.339481,286.749707,249.986924,242.634368,257.339481,235.281811,213.272491,220.576698,213.270901,183.774128,139.728261,191.204522,389.6855,404.390613,330.865047,323.580742,323.51249,360.358555,382.246108,438.0,485.0,482.0,528.0,583.0,559.0,617.0,653.0,690.0,688.0,743.0,697.0,744.0,765.6,768.4,686.4,883.0,901.8,958.0,870.0,791.0,827.0,654.0,802.0,837.0,840.0,721.0,670.0,663.0,678.0,632.0,723.0,707.0,707.0,707.0,670.7883223918116,679.6774642787569,688.5666061657025,697.4557480526481,706.3448899395936,715.234031826539,724.1231737134846,733.01231560043,741.9014574873756,750.790599374321,759.6797412612666,762.93909328648,766.1984453116933,769.4577973369067,772.71714936212,775.9765013873334,779.2358534125467,782.4952054377601,785.7545574629735,789.0139094881868,792.2732615134001,795.5326135386135,798.7919655638269,802.0513175890403,805.3106696142535,808.570021639467,811.9390730581836,815.3221622314029,818.7193476499364,822.130688048308,825.5562424057694,828.9960699473199,832.4502301447307,835.9187827175723,839.4017876342476,842.8993051130288,846.4113956230979,849.938119885593,853.4795388746571,857.0357138184932,860.6067062004226,864.1925777599479,867.79339049382,871.4092066571106,875.0400887642883,878.6860995902989,882.3473021716522,886.0237598075103,889.7155360607824,893.4226947592239,897.1452999965404,900.8834161334954,904.6371077990221,908.4064398913429,912.1914775790892,915.99228630243,919.8089317742019,923.6414799810459,927.4899971845483,931.3545499223858,935.2352050094765,939.1320295391348,943.0450908842313,946.9744566983572,950.9201949169956,954.8823737586941,958.8610617262449,962.8563276078702,966.8682404784093,970.8968697005157,974.9422849258536,979.0045560963041,983.0837534451726,987.1799474984052,991.2932090758065,995.4236092922647
Trinidad and Tobago,TT,TTO,Population,,657.056,674.404,692.459,711.26,731.05,751.418,771.956,793.046,814.632,835.403,854.484,871.803,888.586,905.023,920.903,935.947,949.926,962.91,975.102,986.31,996.631,1008.539,1021.303,1034.4,1047.121,1059.818,1072.803,1086.306,1100.455,1114.824,1128.664,1141.601,1154.253,1166.814,1179.153,1195.578,1210.671,1224.057,1236.08,1247.119,1257.298,1267.045,1276.302,1284.631,1292.052,1298.287,1303.568,1308.105,1312.344,1317.073,1322.476,1328.658,1335.363,1342.056,1348.704,1355.365,1362.031,1368.722,1375.447,1382.665,1390.643,1399.323,1408.295,1417.011,1425.252,1433.125,1440.927,1449.594,1491.443,1478.345,1483.702,1491.733,1500.11,1505.755,1509.808,1512.502,1514.034,1514.538,1514.212,1513.134,1511.509,1509.358,1506.627,1503.494,1499.871,1495.84,1491.41,1486.595,1481.443,1475.884,1470.003,1463.771,1457.244,1450.384,1443.281,1435.889,1428.301,1420.428,1412.355,1404.04,1395.56,1386.829,1377.915,1368.821,1359.458,1349.926,1340.239,1330.315,1320.264,1309.971,1299.518,1288.86,1278.034,1267.023,1255.815,1244.457,1233.034,1221.543,1209.911,1198.24,1186.571,1174.937,1163.307,1151.815,1140.393,1129.07,1117.897,1106.84,1096.003,1085.324,1074.895,1064.586,1054.513,1044.606,1034.915,1025.386,1015.997,1006.753,997.652,988.603,979.676,970.814,962.077,953.384,944.782,936.182,927.675,919.238,910.862,902.506
Tunisia,TN,TUN,Cement production,kt cement,183.813915,205.871585,227.929254,287.498401,382.332943,360.275273,404.390613,344.697508,440.13925,405.251018,330.865047,361.012032,360.275273,455.858509,456.537881,477.916179,470.563622,506.809779,602.337077,544.622609,580.346882,625.451406,522.031518,536.736631,617.614754,478.216001,573.499414,882.306791,1382.28064,1779.318696,2021.953064,1780.00384,2852.791959,2779.266393,3058.663544,2986.04559,3404.233704,3227.772345,3263.630825,3300.0,4009.0,3999.0,4269.0,4606.0,4938.0,4567.0,4424.0,4588.0,4864.0,5657.0,5721.0,6022.0,6038.0,6661.5,6691.0,6932.0,7052.0,7559.0,7514.0,8070.0,7055.0,7241.0,7504.0,9127.0,9507.0,8992.0,8104.0,7822.0,8096.0,7161.0,8499.0,7889.0,7889.0,7889.0,7684.420952279687,7783.941667665365,7883.462383051039,7982.983098436715,8082.503813822391,8182.024529208069,8281.545244593744,8381.06595997942,8480.586675365095,8580.10739075077,8679.628106136448,8783.887903207155,8888.147700277863,8992.407497348571,9096.66729441928,9200.927091489988,9305.186888560696,9409.446685631403,9513.706482702111,9617.96627977282,9722.226076843528,9826.485873914236,9930.745670984945,10035.00546805565,10139.26526512636,10243.52506219707,10357.28647769019,10472.311292216,10588.61353669272,10706.20739786158,10825.10722001737,10945.32750675817,11066.88292275454,11189.7882955383,11314.05861731127,11439.70904677401,11566.75491097492,11695.21170717982,11825.0951047624,11956.42094711553,12089.20525358393,12223.46422141814,12359.21422775041,12496.47183159231,12635.25377585466,12775.57698938987,12917.45858905694,13060.91588180941,13205.96636680646,13352.62773754754,13500.91788403059,13650.85489493436,13802.45705982483,13955.74287138625,14110.73102767689,14267.44043440986,14425.89020725925,14586.09967419192,14748.08837782515,14911.87607781044,15077.48275324389,15244.92860510323,15414.234058712,15585.41976623104,15758.50660917772,15933.51570097304,16110.46838951712,16289.38625979327,16470.29113650089,16653.20508671777,16838.15042259181,17025.14970406271,17214.22574161389,17405.40159905491,17598.70059633484,17794.14631238693
Tunisia,TN,TUN,Population,,3644.879,3719.321,3797.049,3877.749,3961.301,4048.957,4116.245,4156.968,4198.466,4243.344,4291.231,4341.324,4396.949,4457.313,4522.426,4600.344,4704.23,4817.709,4942.088,5067.306,5195.487,5327.828,5465.286,5609.198,5760.15,5918.374,6075.614,6236.247,6382.533,6530.305,6682.085,6834.484,6982.801,7124.799,7315.29,7504.516,7696.087,7883.887,8064.994,8238.326,8410.692,8592.962,8772.061,8943.759,9093.137,9229.38,9359.484,9483.055,9600.279,9711.648,9818.223,9921.132,10021.899,10121.365,10210.961,10299.984,10392.836,10490.569,10594.701,10706.66,10825.3,10946.771,11072.522,11210.199,11338.377,11466.151,11591.196,11709.801,11821.228,11928.934,12019.18,12078.065,12160.602,12240.26,12313.958,12383.188,12447.089,12505.106,12558.878,12606.538,12649.746,12690.096,12728.202,12764.856,12797.164,12827.373,12857.609,12886.512,12913.865,12940.746,12966.983,12992.403,13018.069,13042.537,13065.666,13086.512,13104.977,13121.467,13133.862,13142.428,13147.854,13148.469,13144.992,13137.905,13124.826,13107.597,13085.29,13059.147,13030.042,12998.042,12960.485,12921.177,12878.949,12834.65,12788.917,12739.808,12690.407,12639.338,12587.134,12533.825,12480.381,12426.16,12373.033,12318.386,12265.037,12210.686,12157.473,12102.08,12044.619,11987.399,11930.854,11875.446,11818.04,11759.783,11701.597,11642.657,11581.534,11519.772,11457.902,11393.85,11328.817,11262.536,11195.039,11126.266,11055.491,10984.195,10911.661,10839.894,10766.007,10690.654
Turkmenistan,TM,TKM,Cement production,kt cement,135.490455,154.339814,174.930955,208.404914,247.05689,273.514175,318.34764,367.435357,428.428259,503.487387,563.270441,635.684555,677.506014,721.969343,805.92197,891.731095,946.08062,978.133152,1004.99947,1067.362832,1129.59423,1179.80291,1244.385358,1314.63744,1399.991565,1414.231515,1435.234464,1423.027538,1368.232048,1379.924394,1402.853269,1363.978586,1412.837546,1434.275107,1440.225729,1485.240409,1506.888625,1526.328988,1532.981077,1492.019231,1405.07238,1100.0,1100.0,700.0,437.0,451.0,450.0,450.0,450.0,450.0,450.0,450.0,450.0,550.0,650.0,920.6,941.0,1025.0,1100.0,1150.0,1950.0,2370.0,2650.0,2900.0,3300.0,3500.0,3600.0,2700.0,2400.0,1900.0,2000.0,2100.0,2100.0,2100.0,2253.239671683996,2272.498130416338,2291.75658914868,2311.015047881022,2330.273506613364,2349.531965345705,2368.790424078048,2388.048882810389,2407.307341542731,2426.565800275073,2445.824259007415,2457.37933424682,2468.934409486225,2480.489484725631,2492.044559965035,2503.59963520444,2515.154710443845,2526.709785683251,2538.264860922656,2549.819936162061,2561.375011401466,2572.930086640871,2584.485161880276,2596.040237119681,2607.595312359087,2619.150387598491,2631.132878153702,2643.170188042915,2655.262568062024,2667.410270154297,2679.61354741563,2691.872654099824,2704.187845623879,2716.559378573314,2728.987510707517,2741.47250096511,2754.01460946935,2766.614097533543,2779.271227666496,2791.986263577975,2804.759470184211,2817.591113613411,2830.481461211311,2843.430781546734,2856.439344417198,2869.507420854532,2882.63528313052,2895.823204762579,2909.071460519454,2922.380326426946,2935.750079773661,2949.180999116783,2962.673364287889,2976.227456398766,2989.84355784728,3003.521952323249,3017.262924814362,3031.066761612111,3044.933750317762,3058.864179848338,3072.858340442648,3086.916523667328,3101.039022422919,3115.226130949967,3129.478144835155,3143.795361017462,3158.17807779435,3172.626594827975,3187.141213151435,3201.722235175039,3216.369964692612,3231.08470688782,3245.866768340528,3260.716457033193,3275.634082357275,3290.619955119686
Turkmenistan,TM,TKM,Population,,1281.18,1306.971,1334.099,1365.254,1399.466,1436.861,1477.551,1521.565,1568.81,1618.031,1668.882,1721.919,1776.508,1832.036,1887.958,1943.873,1999.601,2055.206,2110.932,2167.116,2224.116,2282.123,2340.737,2401.102,2462.953,2526.186,2590.857,2657.04,2725.136,2795.581,2868.825,2945.549,3025.566,3109.502,3198.657,3296.41,3399.207,3506.254,3612.471,3712.448,3808.676,3903.111,3986.266,4078.549,4154.775,4227.632,4300.006,4373.454,4447.559,4536.781,4628.573,4722.246,4816.684,4911.047,5005.139,5099.375,5194.836,5293.256,5396.802,5506.382,5622.33,5744.504,5872.587,6006.095,6144.471,6287.069,6433.013,6581.109,6729.939,6877.95,7021.874,7162.213,7298.173,7430.703,7558.294,7679.401,7793.862,7901.246,8001.329,8093.539,8177.919,8259.998,8340.508,8420.193,8499.263,8578.074,8657.044,8735.85,8814.55,8893.128,8971.335,9049.208,9126.116,9201.986,9276.552,9349.091,9419.272,9486.502,9550.605,9611.198,9668.217,9721.448,9771.044,9817.19,9859.286,9898.399,9934.259,9967.333,9997.797,10025.299,10050.64,10074.411,10096.559,10117.175,10136.396,10154.186,10171.195,10187.165,10201.991,10215.859,10228.801,10240.733,10251.404,10260.297,10267.605,10273.772,10278.125,10280.75,10281.857,10281.028,10278.345,10274.215,10268.445,10261.611,10253.157,10243.15,10231.659,10218.574,10204.213,10188.787,10171.699,10153.786,10134.343,10113.543,10091.524,10067.902,10043.352,10017.318,9989.973,9961.423
Turks and Caicos Islands,TC,TCA,Cement production,kt cement,,,,,,,,,,,,,,,,,,,,,,,,,,,,,,,,,,,,,,,,0.0,0.0,0.0,0.0,0.0,0.0,0.0,0.0,0.0,0.0,0.0,0.0,0.0,0.0,0.0,0.0,0.0,0.0,0.0,0.0,0.0,0.0,0.0,0.0,0.0,0.0,0.0,0.0,0.0,0.0,0.0,0.0,0.0,0.0,0.0,12.57254472817919,12.73915337391449,12.90576201964979,13.07237066538509,13.23897931112039,13.40558795685569,13.57219660259099,13.73880524832629,13.90541389406159,14.07202253979689,14.23863118553219,14.2997210223018,14.36081085907141,14.42190069584102,14.48299053261063,14.54408036938024,14.60517020614985,14.66626004291946,14.72734987968907,14.78843971645868,14.84952955322829,14.9106193899979,14.97170922676751,15.03279906353712,15.09388890030673,15.15497873707634,15.21812466290629,15.28153369751509,15.34520693719245,15.40914548279599,15.47335043977023,15.53782291816574,15.60256403265831,15.66757490256821,15.73285665187957,15.7984104092598,15.8642373080791,15.93033848643008,15.99671508714738,16.0633682578275,16.13029915084858,16.19750892339036,16.26499873745418,16.33276975988305,16.40082316238187,16.46916012153762,16.53778181883978,16.60668944070067,16.67588417847606,16.74536722848567,16.81513979203394,16.88520307543073,16.95555829001221,17.02620665216181,17.09714938333125,17.16838771006161,17.23992286400459,17.3117560819438,17.38388860581612,17.45632168273318,17.52905656500291,17.60209451015125,17.67543678094379,17.74908464540768,17.82303937685356,17.89730225389751,17.9718745604832,18.04675758590409,18.12195262482569,18.19746097730801,18.27328394882794,18.34942285030191,18.4258789981085,18.50265371411121,18.57974832568135,18.65716416572092
Turks and Caicos Islands,TC,TCA,Population,,5.062,5.042,4.99,4.981,5.075,5.194,5.307,5.409,5.482,5.586,5.613,5.63,5.641,5.653,5.662,5.654,5.653,5.662,5.65,5.655,5.678,5.83,6.0,6.179,6.367,6.559,6.761,6.967,7.2,7.412,7.715,8.101,8.492,8.901,9.314,9.729,10.154,10.569,10.982,11.404,11.971,12.638,13.301,13.994,14.693,15.41,16.121,16.843,17.582,18.336,19.123,20.03,21.164,22.291,23.421,24.554,25.693,26.846,28.009,29.168,30.31,31.382,32.872,34.434,35.666,37.544,39.086,40.739,42.378,43.953,44.818,45.669,46.026,46.37,46.699,47.01,47.286,47.57,47.862,48.126,48.39,48.65,48.902,49.153,49.373,49.615,49.83,50.02,50.2,50.368,50.481,50.597,50.726,50.83,50.893,50.96,50.987,51.016,51.022,51.001,50.975,50.92,50.795,50.715,50.611,50.45,50.266,50.078,49.872,49.669,49.46,49.209,48.939,48.684,48.435,48.129,47.866,47.613,47.331,47.061,46.79,46.515,46.213,45.908,45.604,45.285,44.981,44.676,44.371,44.093,43.804,43.501,43.205,42.921,42.656,42.393,42.113,41.854,41.582,41.311,41.055,40.801,40.537,40.301,40.051,39.794,39.543,39.289,39.041,38.796
Tuvalu,TV,TUV,Cement production,kt cement,,,,,,,,,,,,,,,,,,,,,,,,,,,,,,,,,,,,,,,,0.0,0.0,0.0,0.0,0.0,0.0,0.0,0.0,0.0,0.0,0.0,0.0,0.0,0.0,0.0,0.0,0.0,0.0,0.0,0.0,0.0,0.0,0.0,0.0,0.0,0.0,0.0,0.0,0.0,0.0,0.0,0.0,0.0,0.0,0.0,2.581138849758038,2.600545908778775,2.619952967799512,2.639360026820249,2.658767085840986,2.678174144861723,2.69758120388246,2.716988262903197,2.736395321923935,2.755802380944672,2.775209439965409,2.789441283247283,2.803673126529156,2.817904969811031,2.832136813092905,2.846368656374779,2.860600499656652,2.874832342938526,2.8890641862204,2.903296029502274,2.917527872784147,2.931759716066021,2.945991559347895,2.96022340262977,2.974455245911643,2.988687089193517,3.003489327184899,3.018364877049694,3.033314101883724,3.048337366581139,3.063435037843316,3.078607484187818,3.093855075957385,3.109178185328973,3.124577186322842,3.14005245481168,3.155604368529782,3.171233307082272,3.186939651954359,3.202723786520662,3.218586096054554,3.234526967737582,3.250546790668899,3.266645955874778,3.282824856318147,3.299083886908184,3.315423444509956,3.331843927954104,3.348345738046584,3.364929277578443,3.381594951335653,3.398343166108994,3.415174330703983,3.432088855950847,3.449087154714557,3.466169641904904,3.483336734486624,3.500588851489582,3.51792641401899,3.535349845265694,3.552859570516505,3.570456017164566,3.588139614719803,3.605910794819397,3.623769991238321,3.641717639899932,3.659754178886608,3.67788004845044,3.696095691023987,3.714401551231059,3.732798075897586,3.751285714062516,3.769864916988779,3.788536138174295,3.807299833363054,3.826156460556232
Tuvalu,TV,TUV,Population,,4.871,4.98,5.119,5.231,5.307,5.364,5.414,5.463,5.531,5.574,5.623,5.673,5.726,5.776,5.728,5.703,5.668,5.637,5.61,5.652,5.674,5.696,5.689,5.674,5.97,6.263,6.546,6.825,7.09,7.277,7.455,7.597,7.73,7.848,7.956,8.137,8.298,8.444,8.592,8.733,8.863,8.993,9.083,9.168,9.247,9.312,9.372,9.429,9.473,9.519,9.569,9.604,9.641,9.75,9.882,9.997,10.114,10.25,10.392,10.531,10.697,10.862,11.007,10.994,10.974,10.952,10.907,10.831,10.67,10.492,10.307,10.08,9.904,9.727,9.564,9.42,9.304,9.209,9.133,9.073,9.022,8.998,8.978,8.969,8.976,8.985,9.0,9.028,9.068,9.119,9.161,9.213,9.279,9.345,9.408,9.469,9.536,9.614,9.681,9.748,9.813,9.885,9.942,10.011,10.069,10.133,10.2,10.253,10.316,10.386,10.443,10.513,10.571,10.635,10.701,10.756,10.821,10.889,10.958,11.028,11.087,11.162,11.221,11.298,11.363,11.42,11.478,11.538,11.588,11.644,11.707,11.747,11.788,11.827,11.871,11.912,11.947,11.974,12.01,12.042,12.073,12.1,12.13,12.15,12.168,12.183,12.206,12.228,12.249,12.256
Türkiye,TR,TUR,Cement production,kt cement,396.895288,455.858509,529.384075,706.037971,823.707885,970.537471,1264.639734,1514.972701,1734.833771,2036.658177,2029.30562,2323.407884,2698.38827,2941.022638,3330.26226,3867.444769,4249.3129,4727.216539,5793.267184,6374.666568,7543.723067,8425.45619,8948.061376,8933.356263,10690.617289,12344.942523,13830.158955,15344.785614,13778.691059,12874.326598,15043.330793,15779.251627,13594.326566,15733.868837,17579.962819,19998.953939,21976.171322,22675.284539,23792.873142,24500.0,26091.0,28607.0,31241.0,29493.0,33153.0,35214.0,36035.0,38200.0,34258.0,35825.0,30125.0,32577.0,35076.902,38795.797,42786.835,47499.159,49552.551,51432.0,53973.0,62737.0,63405.0,63879.0,71337.0,71239.0,71419.0,75403.0,80552.257,72544.43,56966.272,72299.053854,77384.841996,74730.42,80876.071,84663.621,71501.39441625934,71603.61227818394,71705.83014010853,71808.04800203315,71910.26586395774,72012.48372588235,72114.70158780695,72216.91944973156,72319.13731165616,72421.35517358076,72523.57303550535,72373.6535046826,72223.73397385987,72073.8144430371,71923.89491221437,71773.97538139162,71624.05585056885,71474.13631974612,71324.21678892335,71174.2972581006,71024.37772727785,70874.4581964551,70724.53866563235,70574.6191348096,70424.69960398687,70274.7800731641,70127.36411419557,69980.25739084379,69833.4592544228,69686.96905760735,69540.7861544301,69394.90990027877,69249.3396518933,69104.07476736298,68959.11460612365,68814.45852895487,68670.1058979771,68526.05607664885,68382.30842976394,68238.8623234487,68095.71712515906,67952.87220367794,67810.32692911226,67668.08067289037,67526.13280775909,67384.48270778115,67243.12974833218,67102.0733060982,66961.31275907271,66820.84748655398,66680.67686914236,66540.80028873755,66401.21712853575,66261.92677302712,66122.92860799297,65984.22202050302,65845.80639891277,65707.68113286077,65569.8456132659,65432.29923232476,65295.04138350892,65158.07146156226,65021.38886249832,64884.99298359764,64748.88322340506,64613.05898172715,64477.51965962944,64342.26465943391,64207.29338471626,64072.60524030332,63938.19963227042,63804.07596793879,63670.23365587288,63536.67210587786,63403.39072899691,63270.38893750869
Türkiye,TR,TUR,Population,,21326.942,21960.819,22619.365,23297.731,23974.487,24646.534,25468.669,26293.159,27116.765,27935.918,28723.879,29514.597,30317.697,31135.985,31950.16,32740.28,33615.064,34485.779,35357.589,36217.959,37058.97,37978.252,38882.19,39776.876,40643.591,41462.662,42337.307,43209.289,44081.323,44939.536,45878.095,46764.286,47879.906,49014.915,50133.224,51241.006,52314.538,53372.802,54446.451,55506.995,56524.26,57495.515,58484.72,59513.614,60554.057,61494.948,62407.319,63298.613,64170.153,65013.692,65838.231,66652.025,67445.566,68217.893,68967.341,69691.772,70398.927,71102.245,72022.432,72907.264,73786.274,74644.132,75750.265,77055.797,79016.511,81011.941,82292.236,83875.088,84956.849,85758.495,86424.888,86947.617,87169.328,87371.675,87575.935,87794.917,88057.247,88339.651,88621.127,88889.748,89165.335,89420.628,89656.094,89881.582,90089.245,90287.869,90481.159,90658.851,90811.765,90950.741,91068.62,91171.256,91261.861,91327.513,91379.104,91405.966,91431.523,91423.011,91385.319,91311.298,91204.824,91076.002,90913.745,90730.89,90518.492,90284.634,90009.352,89712.581,89396.049,89045.17,88681.382,88298.498,87890.489,87466.544,87022.885,86564.441,86096.956,85622.662,85130.341,84622.102,84095.025,83557.576,83005.024,82446.095,81864.22,81280.828,80684.382,80084.764,79479.342,78868.148,78243.183,77615.869,76974.981,76332.779,75690.59,75030.843,74369.818,73709.73,73039.178,72363.009,71679.534,71002.106,70326.834,69646.436,68979.128,68314.737,67653.876,66988.713,66331.492,65666.935
Uganda,UG,UGA,Cement production,kt cement,0.0,0.0,22.05767,44.11534,51.467896,58.820453,88.230679,102.935792,80.878123,73.525566,66.173009,58.820453,51.467896,73.525566,132.346019,117.640906,139.698575,154.403688,176.461358,191.166471,205.871585,169.108802,139.698575,154.403688,95.583236,88.230679,80.878123,80.878123,51.467896,7.352557,7.352557,14.705113,22.05767,22.05767,22.05767,14.705113,7.352557,14.705113,14.705113,27.0,50.0,50.0,50.0,36.0,85.0,250.0,290.0,321.0,347.0,367.0,431.0,506.0,507.068,558.988,630.0,630.0,650.0,1193.0,1162.241,1347.0,1666.0,1780.0,2023.0,2141.0,2331.0,2494.0,2511.0,2557.0,3072.0,3738.0,4605.0,4400.0,4400.0,4400.0,5190.347822521876,5351.705785916338,5513.0637493108,5674.421712705263,5835.779676099725,5997.137639494187,6158.495602888651,6319.853566283114,6481.211529677575,6642.569493072037,6803.9274564665,7025.246835887793,7246.566215309087,7467.885594730381,7689.204974151675,7910.524353572968,8131.843732994262,8353.163112415554,8574.482491836849,8795.801871258142,9017.121250679435,9238.44063010073,9459.760009522022,9681.079388943315,9902.398768364608,10123.7181477859,10395.50049970374,10674.57914787714,10961.14996940655,11255.4140999287,11557.57807478776,11867.85397399648,12186.45957108886,12513.61848596902,12849.56034186344,13194.52092648676,13548.7423575342,13912.47325261694,14285.96890375943,14669.49145658139,15063.31009429014,15467.70122661234,15882.94868379787,16309.34391583197,16747.18619699536,17196.7828359161,17658.44939126047,18132.50989321434,18619.29707091043,19119.15258596106,19632.42727226049,20159.48138222481,20700.6848396426,21256.41749931355,21827.06941365734,22413.04110648002,23014.74385408986,23632.59997396012,24267.04312114129,24918.51859263078,25587.48363991381,26274.40778989481,26979.77317444453,27704.07486879427,28447.82123901453,29211.53429882237,29995.75007596735,30801.01898845373,31627.90623086267,32476.9921710457,33348.87275746786,34244.15993748637,35163.48208685855,36107.48445078029,37076.82959676463,38072.19787967852
Uganda,UG,UGA,Population,,5829.863,5992.466,6161.614,6337.256,6519.5,6708.039,6902.879,7104.888,7314.626,7532.226,7749.72,7974.713,8209.749,8457.576,8715.15,8983.257,9262.472,9555.375,9861.89,10167.825,10475.382,10761.03,11010.562,11277.909,11571.783,11878.697,12195.892,12523.446,12860.78,13143.545,13407.937,13704.967,14042.295,14401.468,14813.887,15233.474,15701.684,16206.656,16734.31,17287.086,17852.709,18459.094,19110.97,19779.351,20438.251,20893.084,21570.015,22142.076,22889.537,23625.024,24375.276,25116.075,25949.665,26754.583,27554.447,28372.131,29215.876,30090.985,30988.12,31914.182,32867.421,33841.666,34833.209,35840.875,36950.202,38112.689,39485.615,40869.161,42262.501,43736.774,45177.531,46644.329,47981.11,49332.093,50698.092,52071.696,53451.243,54837.302,56227.814,57617.766,59008.113,60398.956,61779.156,63149.059,64518.678,65892.47,67254.996,68630.267,69994.148,71345.601,72695.236,74050.07,75409.938,76772.042,78127.0,79468.984,80809.366,82147.638,83476.551,84783.555,86078.849,87358.835,88630.621,89888.331,91123.452,92334.841,93526.893,94703.28,95860.32,96991.943,98092.679,99188.601,100258.463,101299.083,102321.264,103308.809,104279.094,105220.805,106138.185,107023.896,107899.037,108735.506,109554.005,110335.82,111099.685,111841.749,112560.299,113237.611,113897.255,114510.704,115113.655,115673.468,116212.979,116723.156,117193.232,117628.134,118034.373,118425.009,118783.227,119118.23,119417.127,119679.838,119924.515,120136.472,120310.719,120478.791,120596.605,120693.313,120764.139,120824.718
Ukraine,UA,UKR,Cement production,kt cement,2012.919723,2291.183456,2594.856389,3089.014994,3659.10661,4047.851671,4707.753034,5429.513179,6325.962124,7428.587222,8304.32551,9364.820354,9973.370405,10619.869195,11845.83378,13097.228018,13885.037904,14344.682963,14727.650327,15629.85562,16472.687035,17134.046803,17997.956817,18936.572405,20084.314263,20454.915872,20930.079284,20924.62975,20287.415487,20633.418354,20994.355896,20430.179634,21180.250841,21520.159351,21628.064159,22367.81659,22758.829884,23118.575103,23286.061983,22729.1,21744.5,20100.0,15000.0,11400.0,7600.0,5017.0,5098.0,5591.0,5828.0,5311.0,5800.0,7142.0,8923.0,10635.0,12183.0,13732.0,15000.0,14918.0,9496.0,9457.0,10515.0,9843.0,9857.0,8636.0,8511.0,9023.0,9003.0,8926.866157,8921.6,9534.239147,10780.5,5400.0,5400.0,5400.0,4560.489207611383,4567.008849080448,4573.528490549514,4580.04813201858,4586.567773487645,4593.087414956711,4599.607056425776,4606.126697894842,4612.646339363907,4619.165980832972,4625.685622302039,4616.123481480741,4606.561340659447,4596.999199838149,4587.437059016854,4577.874918195557,4568.312777374262,4558.750636552965,4549.188495731669,4539.626354910372,4530.064214089076,4520.50207326778,4510.939932446484,4501.377791625187,4491.815650803892,4482.253509982595,4472.851051535536,4463.468316699525,4454.105264100187,4444.76185244994,4435.43804054781,4426.133787279254,4416.849051615969,4407.583792615723,4398.337969422165,4389.111541264651,4379.904467458064,4370.716707402626,4361.54822058373,4352.398966571758,4343.268905021898,4334.157995673972,4325.066198352256,4315.9934729653,4306.939779505758,4297.905078050208,4288.88932875897,4279.892491875942,4270.914527728416,4261.955396726907,4253.015059364975,4244.093476219056,4235.190607948283,4226.306415294315,4217.440859081164,4208.593900215021,4199.765499684085,4190.955618558391,4182.164217989636,4173.39125921101,4164.636703537026,4155.900512363346,4147.182647166614,4138.483069504283,4129.801741014448,4121.138623415677,4112.49367850684,4103.866868166944,4095.25815435496,4086.667499109658,4078.094864549442,4069.540212872178,4061.003506355032,4052.484707354301,4043.983778305245,4035.500681721927
Ukraine,UA,UKR,Population,,37558.706,38056.789,38556.629,39055.545,39584.526,40134.896,40703.408,41294.137,41960.0,42528.539,43119.647,43679.886,44207.462,44717.283,45185.029,45588.755,46016.283,46415.692,46812.959,47139.553,47383.058,47763.517,48130.269,48423.973,48729.167,49001.291,49240.392,49432.57,49609.917,49832.845,50077.459,50301.104,50504.343,50769.716,51005.483,51212.058,51425.433,51606.032,51843.675,51991.96,52116.225,52225.696,52421.645,52278.606,51873.39,51457.688,50994.529,50579.24,50180.222,49772.671,49340.649,48873.062,48481.5,48148.772,47810.241,47360.871,47196.518,46929.078,46709.273,46538.189,46373.816,46241.891,46178.221,46075.318,45869.443,45700.349,45533.315,45338.768,45079.046,44835.87,44524.159,44073.121,38024.411,37441.26,38279.183,39681.57,39390.127,39100.29,38803.891,38504.928,38202.777,37898.477,37594.905,37289.273,36982.417,36673.878,36365.653,36053.7,35741.715,35426.806,35115.016,34800.143,34483.407,34164.855,33843.299,33517.591,33185.411,32850.248,32511.684,32165.338,31814.926,31459.149,31099.867,30736.4,30370.204,29999.448,29627.36,29252.712,28875.777,28499.44,28123.191,27746.482,27371.249,26996.506,26622.224,26249.48,25878.497,25509.118,25141.939,24776.112,24412.202,24050.804,23692.691,23334.981,22979.386,22626.708,22276.576,21929.71,21585.613,21244.773,20907.008,20573.033,20242.24,19915.999,19593.339,19276.901,18964.277,18656.271,18353.653,18055.826,17761.929,17473.524,17189.475,16909.694,16634.758,16364.819,16098.464,15835.739,15577.251,15322.504
United Arab Emirates,AE,ARE,Cement production,kt cement,,,,,,,,,0.0,0.0,0.0,0.0,0.0,0.0,0.0,0.0,0.0,0.0,0.0,0.0,0.0,0.0,0.0,0.0,0.0,198.50067,198.537799,1242.582065,1272.11972,1720.327305,1720.327083,2220.472092,2066.068403,4007.143344,4205.353496,2742.290716,3102.778883,3286.592798,3389.52859,3260.0,3473.0,3800.0,4000.0,5000.0,5918.0,6000.0,5250.0,7066.0,7069.0,6100.0,6100.0,7000.0,8000.0,9000.0,10000.0,13000.0,16000.0,21885.0,18997.0,18000.0,16000.0,15000.0,15700.0,20500.0,20500.0,16900.0,17400.0,17200.0,16100.0,14900.0,15000.0,15200.0,15200.0,15200.0,15444.40234296974,15624.53144157025,15804.66054017076,15984.78963877127,16164.91873737179,16345.04783597229,16525.17693457281,16705.30603317331,16885.43513177383,17065.56423037434,17245.69332897485,17338.64883911684,17431.60434925884,17524.55985940083,17617.51536954282,17710.47087968481,17803.4263898268,17896.3818999688,17989.33741011078,18082.29292025278,18175.24843039477,18268.20394053677,18361.15945067876,18454.11496082075,18547.07047096274,18640.02598110473,18736.89272475793,18834.26285644478,18932.13899212515,19030.52376135325,19129.41980734835,19228.82978706571,19328.75637126805,19429.20224459722,19530.17010564641,19631.66266703257,19733.68265546935,19836.2328118403,19939.31589127256,20042.93466321086,20147.0919114919,20251.79043441918,20357.03304483816,20462.82257021184,20569.16185269668,20676.05374921903,20783.50113155185,20891.50688639182,21000.07391543698,21109.20513546462,21218.90347840966,21329.17189144345,21440.0133370529,21551.43079312011,21663.42725300235,21776.0057256125,21889.16923549986,22002.92082293144,22117.26354397362,22232.20047057426,22347.73469064523,22463.86930814537,22580.6074431639,22697.95223200419,22815.90682726811,22934.47439794063,23053.65812947502,23173.46122387842,23293.88689979788,23414.93839260677,23536.61895449178,23658.93185454025,23781.88037882799,23905.46783050763,24029.69752989726,24154.57281456971
United Arab Emirates,AE,ARE,Population,,76.976,82.104,87.418,92.876,98.429,104.087,109.838,115.73,121.794,128.08,134.589,141.389,148.503,155.919,163.465,170.742,177.211,182.189,216.642,262.678,310.393,359.661,410.366,462.431,515.742,569.971,661.761,758.657,859.891,964.13,1067.27,1132.44,1200.3,1270.311,1341.681,1414.142,1520.624,1627.864,1735.712,1843.989,1952.451,2060.8,2168.66,2275.527,2380.849,2488.476,2706.652,2928.167,3152.676,3379.342,3607.809,3839.372,4074.28,4310.634,4547.3,4782.28,5235.92,6013.349,6591.98,6822.136,7054.59,7344.257,7649.98,8013.714,8460.035,8889.231,9172.515,9296.139,9397.601,9358.094,9538.954,10039.142,10445.031,10839.131,11215.127,11476.873,11672.491,11838.7,11985.813,12123.467,12257.743,12396.478,12539.154,12685.376,12834.777,12986.627,13140.805,13296.79,13454.693,13613.685,13773.868,13935.181,14097.482,14260.709,14424.914,14589.818,14757.7,14929.935,15103.819,15279.41,15455.374,15631.969,15809.983,15990.056,16172.822,16356.957,16543.126,16731.93,16923.34,17117.055,17312.605,17511.669,17714.667,17921.094,18131.022,18343.784,18559.172,18777.555,18998.445,19221.863,19446.716,19673.553,19901.265,20130.535,20359.582,20588.995,20818.419,21047.605,21276.045,21503.904,21730.93,21957.296,22182.762,22407.36,22630.691,22853.141,23075.268,23297.426,23519.479,23741.829,23963.904,24186.47,24409.784,24634.192,24859.904,25087.108,25316.098,25546.91,25780.106,26015.286
United Kingdom,GB,GBR,Cement production,kt cement,10389.232336,11315.50614,11396.462722,12153.776052,12720.003732,12969.909834,12153.776052,11852.321231,12786.095919,13499.293909,14374.248143,14249.254681,14058.08821,16962.45031,16962.348065,16771.181593,17572.501509,17874.173069,17418.105005,17057.931301,17697.603724,18043.275914,19984.248825,17785.834403,16888.822499,15778.586453,15454.980249,15918.188559,16138.953496,14808.048982,12727.275466,12962.47062,13396.268103,13477.236239,13337.450304,13410.976767,14308.075134,16506.383451,16844.813344,14700.0,12297.0,11006.0,11039.0,12307.0,11805.0,12214.0,12638.0,12409.0,12697.0,12702.0,11090.0,11089.0,11215.0,11405.0,11216.0,11469.0,11887.0,10073.0,7623.0,7883.0,8529.0,7952.0,8203.0,8958.0,9235.0,9370.0,9359.0,9197.0,9079.0,8046.0,9008.0,8393.0,7689.0,7283.0,6946.529492240177,6961.532795679142,6976.536099118105,6991.539402557069,7006.542705996032,7021.546009434996,7036.54931287396,7051.552616312924,7066.555919751888,7081.55922319085,7096.562526629815,7081.892629933938,7067.222733238063,7052.552836542187,7037.882939846313,7023.213043150437,7008.543146454561,6993.873249758686,6979.20335306281,6964.533456366934,6949.863559671058,6935.193662975183,6920.523766279308,6905.853869583431,6891.183972887557,6876.514076191681,6862.089158520689,6847.694500112968,6833.330037493423,6818.995707320112,6804.691446383964,6790.417191608505,6776.172880049577,6761.958448895056,6747.773835464583,6733.618977209287,6719.4938117115,6705.398276684492,6691.33230997219,6677.29584954891,6663.288833519076,6649.311200116952,6635.362887706369,6621.443834780454,6607.553979961353,6593.693261999971,6579.861619775688,6566.058992296105,6552.285318696763,6538.540538240881,6524.82459031908,6511.137414449133,6497.478950275675,6483.849137569956,6470.247916229569,6456.675226278178,6443.131007865268,6429.615201265867,6416.12774688029,6402.668585233874,6389.237656976721,6375.834902883425,6362.46026385282,6349.113680907722,6335.795095194656,6322.504447983611,6309.241680667767,6296.006734763255,6282.799551908878,6269.620073865865,6256.46824251762,6243.343999869451,6230.247288048325,6217.178049302611,6204.13622600182,6191.121760636362
United Kingdom,GB,GBR,Population,,50310.992,50382.639,50609.83,50844.243,51072.256,51281.239,51519.68,51792.143,52079.145,52373.797,52703.3,53066.597,53479.064,53826.808,54191.461,54526.58,54826.108,55121.214,55360.077,55552.336,55775.266,56005.478,56153.0,56224.583,56224.516,56215.769,56186.507,56165.152,56185.961,56251.565,56312.641,56296.542,56288.967,56375.148,56527.479,56685.35,56818.495,56953.552,57099.541,57264.731,57470.993,57639.391,57799.152,57922.922,58083.484,58225.785,58371.345,58522.833,58730.806,58946.508,59168.168,59408.012,59673.514,59967.256,60372.678,60819.538,61282.651,61789.058,62265.555,62746.896,63266.07,63752.501,64168.467,64610.309,65121.524,65642.696,66144.02,66564.922,66940.028,67281.888,67421.835,67915.749,68442.882,68923.043,69353.34,69749.323,70113.733,70473.428,70812.52,71130.153,71443.831,71731.017,72006.293,72279.467,72531.902,72781.728,73014.781,73237.165,73459.216,73670.7,73878.553,74082.149,74280.977,74480.147,74664.99,74842.325,75009.242,75168.969,75314.991,75445.817,75563.545,75669.368,75761.038,75834.374,75901.672,75940.445,75973.061,75992.928,76011.102,76010.614,76010.098,76012.417,76019.028,76018.624,76021.682,76022.475,76029.355,76036.748,76037.598,76044.247,76053.922,76064.593,76072.173,76063.085,76051.78,76039.283,76036.897,76019.335,76000.881,75972.263,75940.239,75913.162,75872.391,75822.937,75772.616,75713.936,75646.203,75575.416,75503.84,75421.608,75334.95,75245.024,75151.869,75053.951,74957.581,74847.692,74735.89,74622.259,74503.688,74373.67
United Republic of Tanzania,TZ,TZA,Cement production,kt cement,0.0,0.0,0.0,0.0,0.0,0.0,0.0,0.0,0.0,0.0,0.0,0.0,0.0,0.0,0.0,51.330648,147.051132,154.062087,169.108802,169.108802,176.461358,235.281811,316.159934,294.102264,265.117587,242.634368,257.339481,227.550634,279.397151,302.042452,389.6855,397.038056,419.095726,367.62783,301.45482,301.45482,301.45482,191.166471,536.736631,540.0,540.0,540.0,540.0,315.0,596.0,726.0,621.0,778.0,833.0,833.0,900.0,1026.0,1186.3,1280.9,1366.0,1369.9,1629.9,1756.0,1941.0,2312.0,2409.0,2581.0,2346.0,2809.0,3135.0,4071.0,4200.0,4459.0,6514.0,6496.0,6531.0,7598.0,7598.0,7598.0,8962.786989891183,9241.422854861894,9520.058719832603,9798.694584803314,10077.33044977402,10355.96631474473,10634.60217971545,10913.23804468616,11191.87390965687,11470.50977462758,11749.14563959829,12131.32396797169,12513.5022963451,12895.68062471851,13277.85895309191,13660.03728146532,14042.21560983873,14424.39393821213,14806.57226658554,15188.75059495894,15570.92892333235,15953.10725170576,16335.28558007916,16717.46390845257,17099.64223682597,17481.82056519938,17951.13927198842,18433.05735581148,18927.91306080704,19436.0537116496,19957.83595732669,20493.62602146029,21043.79995934844,21608.74392190741,22188.85442669964,22784.53863623781,23396.2146437602,24024.31176667807,24669.27084790094,25331.54456525122,26011.59774918556,26709.90770904557,27426.96456806733,28163.27160738439,28919.34561926607,29695.71726983875,30492.93147154478,31311.54776560058,32152.14071472214,33015.30030639367,33901.63236696254,34811.75898685092,35746.31895718283,36705.9682181328,37691.38031931101,38703.24689250799,39742.27813713062,40809.20331867022,41904.77128055262,43029.75096972923,44184.93197637843,45371.12508809561,46589.16285896127,47839.9001938861,49124.21494864373,50443.00854601189,51797.20660845451,53187.75960778896,54615.64353229422,56081.86057172845,57587.43982073653,59133.43800114122,60720.94020362529,62351.06064932469,64024.94347186766,65743.7635204085
United Republic of Tanzania,TZ,TZA,Population,,7716.994,7908.956,8109.202,8317.025,8532.546,8757.178,8992.382,9239.197,9495.991,9762.538,10040.3,10335.472,10640.041,10959.015,11296.637,11644.819,12010.099,12390.119,12814.034,13259.366,13725.989,14216.912,14741.705,15278.496,15844.764,16431.957,17040.464,17665.395,18287.737,18896.339,19483.2,20086.207,20710.934,21448.814,22109.317,22894.068,23623.85,24436.907,25102.466,25775.052,26445.361,27115.511,27799.664,28865.719,30018.993,30748.001,31143.523,32012.655,32828.261,33772.4,34747.877,35648.721,36593.886,37585.224,38634.113,39730.039,40859.766,42011.259,43130.197,44137.766,45379.209,46679.525,48068.996,49579.261,51123.762,52918.162,54729.864,56575.916,58298.373,60051.409,61894.186,63766.638,65657.004,67578.209,69542.105,71549.625,73577.936,75631.68,77709.303,79837.087,81989.161,84186.715,86399.55,88641.436,90935.921,93246.937,95594.687,97956.866,100356.076,102778.984,105219.733,107677.227,110175.327,112692.261,115240.282,117810.664,120408.687,123033.368,125669.236,128293.576,130948.629,133612.265,136282.411,138964.673,141677.884,144420.958,147186.786,149941.804,152701.175,155463.307,158237.877,161030.189,163837.289,166643.134,169451.227,172299.486,175095.241,177890.738,180685.757,183486.223,186285.193,189076.716,191854.878,194639.796,197428.728,200197.152,202968.873,205718.857,208457.257,211187.261,213887.576,216571.364,219235.666,221887.387,224537.639,227194.778,229827.931,232420.337,235001.887,237550.33,240068.852,242582.257,245067.912,247522.747,249935.715,252330.183,254711.425,257074.109,259393.655,261694.295
United States of America,US,USA,Cement production,kt cement,41825.0,42394.0,45021.0,46434.0,52994.0,56153.0,52574.0,54831.0,59764.0,56063.0,56718.0,58908.0,61733.0,64379.0,65078.0,67146.0,64449.0,68791.0,71086.0,67427.0,71054.0,74931.0,77576.0,73688.0,61815.0,66179.0,70939.0,76190.0,76649.0,68242.0,65054.0,57475.0,63884.0,70488.0,70665.0,71473.0,70940.0,69733.0,70025.0,71400.0,68465.0,70883.0,75117.0,79353.0,78320.0,80818.0,84255.0,85522.0,87777.0,89510.0,90450.0,91266.0,94328.695,99014.588,100902.712,99712.374,96849.651,87610.0,64843.0,67202.0,68639.0,74934.0,77415.0,83124.0,84940.0,85153.0,86799.0,87000.0,88100.0,89800.0,91300.0,91600.0,90000.0,86000.0,102995.8529900502,103847.0583866622,104698.2637832742,105549.4691798862,106400.6745764982,107251.8799731101,108103.0853697221,108954.2907663341,109805.4961629461,110656.7015595581,111507.9069561701,111905.1361412557,112302.3653263413,112699.5945114268,113096.8236965125,113494.052881598,113891.2820666836,114288.5112517692,114685.7404368548,115082.9696219404,115480.198807026,115877.4279921116,116274.6571771972,116671.8863622828,117069.1155473684,117466.344732454,117874.7109618739,118284.4968573072,118695.7073541561,119108.3474049805,119522.4219795575,119937.9360649417,120354.8946655248,120773.302803096,121193.1655169025,121614.4878637102,122037.2749178648,122461.5317713525,122887.2635338617,123314.4753328443,123743.1723135775,124173.359639226,124605.0424909039,125038.226067737,125472.9155869261,125909.1162838088,126346.8334119234,126786.072243072,127226.8380673836,127669.1361933782,128112.9719480306,128558.3506768347,129005.2777438676,129453.7585318544,129903.798442233,130355.4028952191,130808.5773298717,131263.3272041583,131719.6579950208,132177.5751984412,132637.0843295085,133098.1909224843,133560.9005308698,134025.2187274729,134491.1511044748,134958.703273498,135427.8808656733,135898.6895317079,136371.1349419535,136845.2227864745,137320.9587751164,137798.3486375749,138277.3981234646,138758.1130023884,139240.4990640069,139724.5621181083
United States of America,US,USA,Population,,155337.987,157624.659,159963.785,162372.846,164899.771,167500.278,170149.642,172848.811,175581.808,178709.721,181839.389,185139.581,188308.964,191341.489,194297.415,197010.133,199520.679,201879.144,204142.895,206457.17,209135.508,211717.355,213967.79,216045.312,218107.641,220150.961,222186.554,224332.284,226459.908,228690.259,231027.051,233376.184,235790.119,238182.611,240525.324,242855.563,245052.052,247270.53,249515.94,251834.166,254912.608,258030.237,261181.802,264084.66,266864.96,269546.629,272174.763,274761.262,277477.403,280093.565,282874.696,285684.581,288484.095,291332.104,294240.403,297192.924,300267.495,303420.956,306519.709,309527.2,312598.38,315611.776,318618.933,321602.585,324628.169,327624.824,330734.029,333675.29,336437.705,339142.428,339729.889,340592.993,342475.098,344479.572,346373.57,348178.045,349892.943,351563.767,353244.404,354856.131,356443.631,358001.8,359538.148,361049.869,362553.753,364015.679,365447.64,366857.1,368245.811,369567.825,370850.807,372088.149,373321.395,374479.96,375578.531,376634.414,377629.041,378606.493,379520.996,380412.816,381281.003,382135.79,382951.717,383766.947,384524.893,385263.702,386020.98,386829.472,387677.939,388508.176,389328.613,390201.974,391093.069,391998.168,392890.288,393814.93,394773.769,395760.683,396735.888,397738.922,398697.254,399688.585,400615.022,401546.043,402440.653,403379.673,404262.179,405104.745,405932.659,406707.2,407452.432,408280.137,409031.584,409771.734,410497.599,411162.37,411877.803,412595.75,413361.81,414099.672,414815.608,415557.17,416300.83,417023.423,417759.808,418471.247,419128.948,419793.086,420398.554,421007.222
Uruguay,UY,URY,Cement production,kt cement,301.45482,301.45482,294.102264,294.102264,264.692037,338.525915,419.095726,433.800839,419.095726,411.743169,389.6855,374.637939,338.504959,404.390613,419.095726,470.563622,419.095726,514.678962,462.907718,499.973848,455.858509,463.211065,515.00595,544.089188,639.672424,676.435207,683.787763,683.787763,683.787763,808.781225,742.608216,661.730094,404.390613,330.865047,315.808645,337.827952,404.390613,433.800839,558.794301,500.0,500.0,500.0,500.0,707.0,600.0,685.0,781.0,872.0,789.0,700.0,1015.0,1000.0,1050.0,620.0,620.0,620.0,620.0,620.0,1050.0,834.0,968.0,872.0,850.0,830.0,902.0,742.0,817.0,812.0,737.0,825.0,900.0,900.0,900.0,900.0,853.9030978113584,865.2188371299593,876.5345764485604,887.8503157671615,899.1660550857627,910.4817944043637,921.7975337229648,933.1132730415658,944.429012360167,955.7447516787679,967.060490997369,971.2095954141895,975.3586998310097,979.5078042478302,983.6569086646506,987.8060130814711,991.9551174982914,996.1042219151118,1000.253326331932,1004.402430748753,1008.551535165573,1012.700639582393,1016.849743999214,1020.998848416034,1025.147952832855,1029.297057249675,1033.585807287645,1037.892427168688,1042.216991350697,1046.559574601806,1050.920252001687,1055.29909894284,1059.696191131906,1064.111604590969,1068.545415658873,1072.99770099254,1077.4685375683,1081.958002683216,1086.466173956424,1090.993129330472,1095.538947072674,1100.103705776454,1104.687484362713,1109.290362081187,1113.912418511824,1118.553733566151,1123.214387488666,1127.894460858217,1132.594034589398,1137.313189933948,1142.052008482159,1146.81057216428,1151.588963251938,1156.387264359559,1161.2055584458,1166.043928814975,1170.902459118503,1175.781233356352,1180.680335878491,1185.599851386347,1190.53986493427,1195.500461931006,1200.481728141171,1205.483749686735,1210.506613048509,1215.550405067645,1220.615212947129,1225.7011242533,1230.808226917353,1235.936609236866,1241.086359877324,1246.257567873654,1251.450322631762,1256.664713930077,1261.900831921112,1267.15876713301
Uruguay,UY,URY,Population,,2244.69,2268.146,2294.071,2322.028,2351.71,2382.357,2414.379,2447.162,2480.577,2513.713,2546.202,2577.887,2608.708,2638.824,2667.537,2694.802,2720.489,2744.065,2765.147,2782.8,2798.813,2814.111,2829.178,2845.089,2862.799,2881.841,2900.944,2917.979,2933.451,2946.355,2957.551,2968.941,2982.043,2995.514,3009.462,3024.612,3041.077,3058.716,3077.207,3095.302,3113.504,3131.203,3148.2,3164.491,3181.176,3197.704,3214.944,3231.746,3246.813,3261.218,3271.195,3277.308,3280.425,3281.947,3284.348,3287.194,3291.819,3298.486,3305.869,3314.313,3322.847,3330.802,3340.0,3350.674,3361.995,3374.039,3384.527,3392.348,3396.72,3397.691,3400.245,3393.144,3388.682,3387.479,3385.696,3383.68,3381.394,3379.087,3376.694,3374.161,3371.614,3368.944,3366.136,3363.161,3360.01,3356.554,3352.793,3348.671,3344.175,3339.156,3333.761,3327.831,3321.439,3314.428,3306.787,3298.564,3289.835,3280.473,3270.536,3259.966,3248.743,3236.825,3224.244,3210.955,3196.913,3182.211,3166.888,3151.079,3134.777,3117.97,3100.822,3083.454,3065.871,3048.145,3030.239,3012.102,2993.775,2975.228,2956.394,2937.251,2917.865,2898.306,2878.479,2858.461,2838.055,2817.419,2796.445,2775.162,2753.556,2731.602,2709.307,2686.728,2663.851,2640.696,2617.318,2593.657,2569.776,2545.722,2521.516,2497.171,2472.777,2448.29,2423.907,2399.592,2375.46,2351.418,2327.6,2303.958,2280.499,2257.335
Uzbekistan,UZ,UZB,Cement production,kt cement,724.3396,825.10934,935.190736,1114.144406,1320.780048,1462.222181,1701.904413,1964.330113,2290.401598,2691.671927,3011.275502,3398.405431,3621.985303,3859.688765,4308.504237,4767.244655,5057.800276,5229.154918,5372.783765,5706.181812,6038.874368,6307.2928,6652.554205,7028.125789,7484.433748,7560.561323,7672.844275,7607.585356,7314.645583,7377.153526,7499.73258,7291.906336,7553.109088,7667.715498,7699.527854,7940.178871,8055.911454,8159.840725,8195.403172,7976.418834,7511.596072,5900.0,5300.0,4800.0,3400.0,3300.0,3300.0,3400.0,4471.0,3521.0,4000.0,4000.0,4804.8,5067.8,5068.0,5700.0,6500.0,6600.0,6850.0,6872.0,6698.0,6800.0,6990.0,7350.0,8350.0,8470.0,8930.0,9200.0,10990.0,12540.0,14200.0,14600.0,14600.0,14600.0,15665.38057456493,15799.27271622788,15933.16485789082,16067.05699955377,16200.94914121672,16334.84128287967,16468.73342454262,16602.62556620557,16736.51770786851,16870.40984953146,17004.30199119441,17084.63727619218,17164.97256118994,17245.30784618772,17325.64313118548,17405.97841618325,17486.31370118102,17566.64898617879,17646.98427117656,17727.31955617433,17807.6548411721,17887.99012616987,17968.32541116764,18048.6606961654,18128.99598116317,18209.33126616094,18292.63810525907,18376.32606925075,18460.39690176455,18544.85235440606,18629.69418679438,18714.92416659878,18800.54406957554,18886.55567960495,18972.96078872845,19059.761197186,19146.95871345358,19234.55515428082,19322.55234472897,19410.95211820878,19499.7563165188,19588.96678988372,19678.58539699293,19768.6140050392,19859.05448975767,19949.90873546484,20041.1786350979,20132.86609025412,20224.97301123049,20317.50131706354,20410.45293556926,20503.82980338335,20597.63386600152,20691.86707782,20786.53140217633,20881.62881139021,20977.16128680461,21073.13081882706,21169.53940697111,21266.38905989797,21363.68179545841,21461.41964073476,21559.60463208315,21658.23881517596,21757.32424504442,21856.86298612141,21956.85711228453,22057.30870689925,22158.21986286236,22259.59268264551,22361.42927833912,22463.73177169628,22566.50229417701,22669.74298699268,22773.45600115058,22877.64349749877
Uzbekistan,UZ,UZB,Population,,6311.809,6458.205,6614.843,6781.39,6958.226,7149.843,7354.235,7571.887,7806.437,8064.506,8353.712,8681.71,9027.026,9377.467,9737.755,10105.607,10472.981,10845.379,11218.931,11587.369,11937.906,12285.115,12645.098,13016.996,13401.025,13796.017,14201.223,14616.42,15016.277,15414.897,15824.976,16245.089,16680.383,17136.418,17621.274,18129.403,18661.839,19198.301,19722.96,20231.406,20698.506,21227.314,21742.867,22233.043,22693.539,23141.638,23562.324,23955.596,24314.262,24637.755,24936.354,25244.211,25555.748,25866.77,26191.93,26522.019,26876.068,27275.948,27713.601,28165.056,28605.957,29040.434,29483.372,29964.758,30481.229,31017.464,31551.672,32086.683,32660.298,33269.104,33903.64,34583.751,35294.16,36010.454,36713.264,37393.592,38054.853,38697.354,39324.625,39944.077,40552.406,41148.213,41736.269,42316.457,42890.04,43460.164,44028.608,44598.665,45173.069,45750.926,46337.378,46936.108,47543.964,48159.374,48781.876,49410.251,50038.534,50664.886,51286.979,51905.242,52516.267,53123.502,53722.995,54315.271,54898.529,55471.621,56033.538,56589.71,57136.41,57674.446,58201.651,58717.836,59227.044,59727.809,60220.778,60704.311,61182.799,61654.42,62122.636,62586.8,63047.227,63506.828,63959.887,64412.842,64861.598,65308.698,65753.287,66203.58,66642.779,67074.964,67502.713,67928.495,68342.738,68759.116,69170.65,69571.406,69963.188,70350.621,70728.818,71101.294,71460.766,71809.126,72148.766,72480.15,72802.061,73109.092,73404.476,73693.125,73965.774,74225.949
Vanuatu,VU,VUT,Cement production,kt cement,,,,,,,,,,,,0.0,0.0,0.0,0.0,0.0,0.0,0.0,0.0,0.0,0.0,0.0,0.0,0.0,0.0,0.0,0.0,0.0,0.0,0.0,0.0,0.0,0.0,0.0,0.0,0.0,0.0,0.0,0.0,0.0,0.0,0.0,0.0,0.0,0.0,0.0,0.0,0.0,0.0,0.0,0.0,0.0,0.0,0.0,0.0,0.0,0.0,0.0,0.0,0.0,0.0,0.0,0.0,0.0,0.0,0.0,0.0,0.0,0.0,0.0,0.0,0.0,0.0,0.0,85.99860019778282,86.6452062143075,87.29181223083219,87.93841824735686,88.58502426388156,89.23163028040622,89.87823629693091,90.5248423134556,91.17144832998028,91.81805434650497,92.46466036302965,92.93883810848108,93.4130158539325,93.88719359938395,94.36137134483539,94.83554909028682,95.30972683573825,95.78390458118967,96.25808232664112,96.73226007209256,97.20643781754399,97.68061556299541,98.15479330844686,98.6289710538983,99.10314879934973,99.57732654480115,100.0705087489172,100.5661335641667,101.0642130882067,101.5647594786109,102.0677849531665,102.5733017901726,103.0813223287395,103.5918589690902,104.104924172863,104.6205304634155,105.1386904261308,105.6594167087239,106.1827220215512,106.7086191379201,107.2371208944012,107.7682401911416,108.3019899921795,108.838383325761,109.3774332846578,109.919153026487,110.4635557740319,111.0106548155655,111.560463505174,112.1129952630831,112.6682635759859,113.2262819973716,113.7870641478565,114.3506237155166,114.9169744562216,115.4861301939704,116.0581048212293,116.6329122992702,117.2105666585118,117.7910819988622,118.3744724900628,118.9607523720343,119.5499359552243,120.1420376209565,120.7370718217818,121.3350530818309,121.9359959971693,122.539915236153,123.146825539787,123.7567417220847,124.3696786704296,124.9856513459392,125.6046747838294,126.2267640937819,126.851934460313,127.4802011431445
Vanuatu,VU,VUT,Population,,51.959,52.761,53.762,54.837,56.007,57.258,58.592,60.16,61.803,63.536,65.326,67.203,69.144,71.173,73.266,75.449,77.73,80.111,82.517,84.994,87.539,90.184,92.94,95.783,98.736,101.801,104.976,108.26,111.666,114.415,116.906,119.591,122.48,125.516,128.701,132.01,135.429,138.945,142.566,146.22,149.905,153.682,157.535,161.391,165.236,169.039,172.784,176.468,180.158,183.938,188.624,193.438,198.288,203.204,208.218,213.302,218.545,224.007,229.785,235.676,240.819,246.128,251.639,257.325,263.154,269.048,275.125,281.889,288.628,295.341,302.376,309.361,316.732,324.085,331.47,338.868,346.26,353.675,361.132,368.642,376.215,383.831,391.485,399.263,407.109,415.017,423.007,431.077,439.228,447.403,455.622,463.858,472.162,480.46,488.825,497.154,505.498,513.758,522.029,530.264,538.512,546.662,554.793,562.923,571.003,579.062,587.028,594.992,602.933,610.836,618.681,626.463,634.306,642.151,649.985,657.755,665.493,673.158,680.751,688.283,695.779,703.249,710.653,717.965,725.144,732.242,739.258,746.138,753.015,759.755,766.361,772.889,779.317,785.692,792.008,798.211,804.225,810.184,816.037,821.745,827.382,832.904,838.358,843.767,849.041,854.169,859.086,863.956,868.676,873.271
Venezuela (Bolivarian Republic of),VE,VEN,Cement production,kt cement,617.614754,838.191452,985.242584,1213.085034,1279.344848,1448.372023,1750.000609,1617.453634,1875.00737,1485.216432,1514.626659,1536.788482,1580.799668,1852.964304,2110.311046,2110.183743,2250.007681,2441.185176,2139.480264,2646.790202,2801.159878,2984.96306,3411.58626,3492.634847,3499.816939,3536.353584,3139.722318,3426.291373,3977.733118,4845.334796,4874.939398,5433.326018,4441.119106,4779.161787,5293.840748,5749.699257,6109.97453,6198.20521,4507.117193,5230.0,6337.0,6585.0,6842.0,6927.0,7672.0,7556.0,8145.0,8202.0,8500.0,8600.0,8700.0,7000.0,7700.0,5000.0,5800.0,11000.0,8000.0,8044.0,7900.0,7120.0,7760.0,8440.0,8846.0,7940.0,8210.0,5790.0,5410.0,2010.0,1500.0,1400.0,2500.0,2600.0,2600.0,2600.0,2466.831171455035,2499.521085042104,2532.210998629175,2564.900912216245,2597.590825803314,2630.280739390384,2662.970652977454,2695.660566564523,2728.350480151594,2761.040393738663,2793.730307325733,2805.716608974325,2817.702910622917,2829.68921227151,2841.675513920102,2853.661815568694,2865.648117217286,2877.634418865879,2889.620720514471,2901.607022163063,2913.593323811655,2925.579625460248,2937.56592710884,2949.552228757433,2961.538530406024,2973.524832054617,2985.914554386531,2998.355900709544,3010.849086124236,3023.394326627441,3035.991839115983,3048.641841390427,3061.34455215884,3074.100191040577,3086.908978570076,3099.771136200672,3112.686886308422,3125.656452195957,3138.680058096335,3151.75792917692,3164.89029154328,3178.07737224309,3191.319399270059,3204.616601567875,3217.969209034157,3231.377452524438,3244.841563856147,3258.361775812626,3271.938322147148,3285.571437586962,3299.261357837348,3313.008319585697,3326.812560505598,3340.67431926095,3354.593835510088,3368.571349909927,3382.60710412012,3396.701340807241,3410.854303648975,3425.066237338335,3439.337387587891,3453.668001134018,3468.058325741161,3482.508610206123,3497.01910436236,3511.590059084307,3526.221726291707,3540.914358953978,3555.668211094574,3570.48353779539,3585.360595201159,3600.299640523891,3615.300932047311,3630.364729131335,3645.491292216544,3660.680882828696
Venezuela (Bolivarian Republic of),VE,VEN,Population,,5609.374,5855.832,6106.928,6362.607,6623.018,6888.608,7160.029,7438.866,7725.093,8013.353,8306.826,8605.005,8908.734,9219.307,9536.117,9859.463,10190.246,10526.779,10868.281,11212.279,11563.301,11918.716,12279.644,12647.43,13023.272,13408.512,13804.056,14209.568,14623.8,15045.304,15471.131,15903.463,16340.286,16784.124,17233.558,17689.31,18157.763,18632.163,19109.878,19587.963,20066.057,20543.735,21018.161,21490.88,21959.496,22428.145,22896.081,23367.29,23835.383,24297.804,24755.612,25204.231,25667.111,26118.296,26563.38,27008.227,27441.145,27857.581,28249.811,28626.785,28999.417,29371.006,29736.647,30087.749,30420.409,30727.535,30803.906,30326.741,29288.443,28587.753,28300.402,28175.25,28250.783,28350.925,28460.161,28573.631,28693.79,28823.344,28946.985,29081.904,29221.716,29369.782,29515.289,29658.915,29811.401,29955.258,30085.072,30208.025,30328.633,30443.949,30546.937,30633.468,30715.597,30783.74,30843.884,30899.09,30947.838,31000.9,31042.307,31077.605,31112.161,31132.632,31160.114,31176.625,31190.425,31206.452,31214.541,31211.543,31210.406,31202.467,31193.407,31183.638,31170.402,31155.042,31140.474,31115.923,31085.237,31049.333,31016.056,30977.703,30937.508,30895.404,30851.954,30807.541,30768.284,30718.809,30669.731,30613.538,30551.976,30488.524,30423.484,30357.942,30287.846,30216.5,30141.154,30060.689,29970.932,29876.911,29781.055,29675.128,29564.876,29452.056,29335.729,29206.659,29076.743,28940.219,28794.784,28650.591,28499.322,28353.77
Viet Nam,VN,VNM,Cement production,kt cement,213.224141,227.929254,294.102264,257.339481,301.45482,198.519028,161.550448,301.45482,382.332943,404.390613,455.858509,463.211065,492.621292,720.550546,948.479801,882.475331,933.774688,639.672424,742.608216,786.723556,764.665886,499.973848,764.665886,698.35868,698.375404,742.608216,845.544008,845.544008,727.903103,639.672424,544.089188,801.268831,926.422131,1095.530933,1294.049961,1526.0,1665.0,1956.089464,1992.542837,2500.0,3000.0,4000.0,4200.0,4700.0,5828.0,6586.0,8019.0,9738.0,10489.0,13298.0,16073.0,21121.0,24127.0,26153.0,30808.0,32690.0,37102.0,40009.0,48810.0,55801.0,58271.0,56353.0,57516.0,60982.0,67645.0,74457.0,81488.0,89121.0,105533.0,112283.0,111199.0,117626.0,110000.0,110000.0,87355.82888947628,88498.80235158159,89641.77581368687,90784.74927579216,91927.72273789746,93070.69620000276,94213.66966210805,95356.64312421334,96499.61658631866,97642.59004842395,98785.56351052925,99312.41984925207,99839.27618797489,100366.1325266977,100892.9888654205,101419.8452041434,101946.7015428662,102473.557881589,103000.4142203118,103527.2705590347,104054.1268977575,104580.9832364803,105107.8395752031,105634.695913926,106161.5522526488,106688.4085913716,107237.2053198842,107788.8250153264,108343.2821988166,108900.5914661688,109460.7674882765,110023.8250114993,110589.7788580509,111158.6439263892,111730.4351916085,112305.1677058341,112882.8565986179,113463.5170773373,114047.1644275951,114633.814013622,115223.4812786813,115816.1817454749,116411.9310165525,117010.7447747219,117612.6387834622,118217.6288873386,118825.7310124193,119436.961166695,120051.3354405002,120668.8700069372,121289.5811223008,121913.4851265073,122540.5984435243,123170.9375818027,123804.5191347118,124441.3597809757,125081.4762851128,125724.8854978766,126371.6043566996,127021.6498861392,127675.0391983257,128331.7894934128,128991.9180600305,129655.4422757402,130322.3796074921,130992.7476120848,131666.5639366278,132343.8463190062,133024.6125883468,133708.8806654887,134396.6685634537,135087.9943879218,135782.8763377067,136481.3327052355,137183.3818770303,137889.0423341917
Viet Nam,VN,VNM,Population,,25369.846,25830.691,26457.144,27058.785,27797.032,28535.859,29308.76,30200.095,31116.798,32054.296,33009.57,33808.548,34768.571,35729.631,36673.496,37585.817,38463.855,39326.306,40142.912,41021.281,41929.178,42969.373,43888.964,44930.757,45896.318,47069.488,48300.373,49609.372,50889.733,51866.688,53113.515,54362.766,55659.812,57016.03,58396.103,59725.14,60968.956,62200.346,63486.109,64808.586,66200.519,67583.031,68937.644,70235.124,71473.658,72626.222,73686.671,74767.106,75832.215,76742.689,77565.332,78373.39,79171.058,79956.496,80721.447,81455.179,82880.614,84386.137,85965.438,86954.597,87955.706,88980.922,90039.789,91106.419,92252.737,93393.771,94606.462,95747.492,96727.147,97620.404,98537.978,99332.219,100029.091,100675.292,101300.081,101896.973,102457.889,102996.902,103514.586,104007.727,104502.078,104973.744,105435.056,105877.564,106317.477,106743.875,107147.808,107544.275,107919.767,108275.546,108599.723,108904.675,109175.946,109409.176,109603.352,109767.445,109887.872,109972.606,110015.443,110020.595,109997.22,109929.158,109833.058,109712.51,109563.855,109392.908,109208.055,108999.173,108766.889,108522.322,108271.632,108004.514,107721.098,107427.762,107127.062,106812.28,106480.916,106141.669,105798.496,105446.483,105075.209,104697.219,104299.667,103891.733,103478.314,103054.737,102625.901,102179.184,101731.008,101270.169,100807.475,100339.039,99868.449,99402.546,98942.428,98482.862,98019.973,97555.587,97098.367,96638.16,96175.816,95718.019,95262.635,94804.57,94348.099,93887.344,93413.483,92938.93,92449.1,91954.468
Wallis and Futuna Islands,WF,WLF,Cement production,kt cement,,,,,,,,,,,,,,,,,,,,,,,,,,,,,,,,,,,,,,,,,,,,,,,,,,,0.0,0.0,0.0,0.0,0.0,0.0,0.0,0.0,0.0,0.0,0.0,0.0,0.0,0.0,0.0,0.0,0.0,0.0,0.0,0.0,0.0,0.0,0.0,0.0,3.003854403131591,3.026439774583708,3.049025146035826,3.071610517487942,3.09419588894006,3.116781260392176,3.139366631844294,3.161952003296411,3.184537374748528,3.207122746200646,3.229708117652763,3.246270723384316,3.262833329115868,3.279395934847421,3.295958540578974,3.312521146310526,3.329083752042079,3.345646357773631,3.362208963505184,3.378771569236736,3.395334174968289,3.411896780699842,3.428459386431395,3.445021992162947,3.4615845978945,3.478147203626052,3.495373618148767,3.512685350899819,3.530082824439576,3.547566463421249,3.565136694601247,3.582793946849604,3.600538651160439,3.618371240662483,3.636292150629646,3.654301818491643,3.672400683844673,3.690589188462148,3.708867776305474,3.727236893534891,3.745696988520361,3.764248511852517,3.782891916353648,3.801627657088772,3.820456191376727,3.839377978801341,3.858393481222647,3.877503162788163,3.89670748994421,3.916006931447308,3.935401958375613,3.954893044140415,3.974480664497695,3.994165297559739,4.013947423806804,4.033827526098849,4.053806089687322,4.073883602227004,4.094060553787907,4.114337436867241,4.134714746401443,4.155192979778234,4.175772636848788,4.196454219939916,4.21723823386633,4.238125185942966,4.259115585997368,4.28020994638213,4.301408781987409,4.322712610253478,4.344121951183373,4.365637327355575,4.387259263936771,4.408988288694665,4.430824932010873,4.452769726893857
Wallis and Futuna Islands,WF,WLF,Population,,8.62,9.013,9.35,9.746,9.693,9.583,9.438,9.245,9.025,8.775,8.474,8.135,8.17,8.221,8.283,8.275,8.331,8.441,8.566,8.742,8.923,9.066,9.204,9.322,9.392,9.275,9.54,9.954,10.403,10.868,11.365,11.867,12.412,12.599,12.731,12.866,12.999,13.132,13.27,13.406,13.554,13.705,13.852,13.994,14.135,14.263,14.362,14.468,14.589,14.721,14.846,14.97,15.079,15.027,14.755,14.465,14.16,13.837,13.532,13.286,13.041,12.798,12.576,12.373,12.229,12.091,11.975,11.861,11.74,11.632,11.6,11.535,11.421,11.32,11.235,11.153,11.073,11.008,10.942,10.877,10.841,10.798,10.753,10.721,10.696,10.661,10.633,10.602,10.593,10.57,10.529,10.504,10.477,10.445,10.41,10.364,10.328,10.273,10.217,10.177,10.118,10.052,10.004,9.918,9.847,9.783,9.7,9.63,9.548,9.458,9.391,9.31,9.233,9.161,9.089,9.021,8.95,8.884,8.824,8.76,8.694,8.639,8.572,8.52,8.473,8.417,8.373,8.323,8.267,8.223,8.179,8.132,8.079,8.026,7.972,7.923,7.851,7.794,7.739,7.668,7.599,7.533,7.458,7.389,7.312,7.235,7.161,7.084,7.002,6.915
Yemen,YE,YEM,Cement production,kt cement,0.0,0.0,0.0,0.0,0.0,0.0,0.0,0.0,0.0,0.0,0.0,0.0,0.0,0.0,0.0,0.0,0.0,0.0,0.0,0.0,0.0,0.0,14.705113,58.820453,58.820453,58.820453,58.820453,66.173009,88.230679,80.878123,80.878123,235.281811,852.896565,1389.633196,1396.985753,1161.703942,757.313329,647.02498,698.492877,828.0,850.0,800.0,800.0,800.0,1088.0,1028.0,1235.0,1201.0,1454.0,1400.0,1493.0,1561.0,1541.0,1546.3,1550.0,1470.0,1728.0,2111.0,2118.0,1864.0,2800.0,2760.0,3300.0,3190.0,2530.0,1400.0,1920.0,1880.0,1900.0,1700.0,1800.0,1950.0,1950.0,1950.0,1981.354247946776,2004.462915201446,2027.571582456117,2050.680249710788,2073.788916965459,2096.897584220129,2120.006251474801,2143.114918729471,2166.223585984142,2189.332253238813,2212.440920493484,2224.366133965647,2236.291347437811,2248.216560909974,2260.141774382138,2272.066987854301,2283.992201326465,2295.917414798628,2307.842628270791,2319.767841742955,2331.693055215118,2343.618268687282,2355.543482159445,2367.468695631609,2379.393909103772,2391.319122575936,2403.746106136707,2416.237669083376,2428.794147016055,2441.415877278871,2454.103198969031,2466.856452945929,2479.675981840308,2492.562130063459,2505.51524381648,2518.535671099573,2531.623761721397,2544.779867308459,2558.004341314572,2571.29753903034,2584.65981759271,2598.091535994566,2611.593055094369,2625.164737625861,2638.806948207798,2652.520053353757,2666.30442148198,2680.160422925266,2694.088429940928,2708.088816720789,2722.161959401239,2736.308236073337,2750.52802679297,2764.821713591066,2779.189680483854,2793.632313483181,2808.150000606889,2822.74313188923,2837.412099391352,2852.157297211829,2866.979121497249,2881.87797045286,2896.854244353263,2911.908345553169,2927.040678498211,2942.251649735803,2957.541667926071,2972.911143852823,2988.360490434596,3003.890122735736,3019.500457977563,3035.191915549571,3050.964917020696,3066.819886150649,3082.757248901293,3098.777433448088
Yemen,YE,YEM,Population,,4648.48,4719.815,4796.529,4878.057,4964.212,5055.132,5151.067,5252.144,5359.323,5472.517,5592.084,5718.38,5846.062,5976.207,6119.804,6271.383,6431.606,6601.282,6779.765,6971.954,7158.604,7356.32,7563.815,7781.776,8011.789,8255.407,8512.819,8783.625,9069.547,9378.841,9707.874,10056.849,10425.164,10817.834,11233.361,11674.288,12127.793,12612.031,13107.385,13620.963,14154.76,14705.641,15273.347,15854.481,16443.813,17036.303,17590.051,18157.822,18734.203,19324.637,19923.644,20528.651,21141.521,21771.237,22419.098,23161.072,23925.093,24711.07,25512.811,26342.636,27166.138,27999.657,28867.638,29758.266,30694.352,31624.406,32593.614,33588.229,34582.135,35640.68,36629.047,37651.414,38794.337,39987.261,41179.068,42368.687,43554.619,44736.634,45910.75,47084.412,48250.911,49404.116,50554.096,51705.661,52854.342,54004.309,55151.8,56296.738,57447.592,58601.869,59761.183,60930.176,62105.776,63287.296,64473.076,65659.636,66847.558,68030.071,69211.66,70387.948,71564.858,72729.548,73884.141,75025.533,76161.41,77284.429,78395.56,79493.396,80581.043,81650.326,82701.674,83737.575,84757.78,85755.467,86729.736,87692.03,88640.824,89571.632,90488.235,91388.984,92271.042,93140.509,93989.093,94817.613,95631.967,96425.844,97205.888,97963.085,98708.263,99438.859,100149.552,100845.956,101520.225,102181.329,102823.999,103453.002,104055.579,104639.115,105202.147,105743.412,106261.595,106759.865,107236.188,107683.021,108107.93,108508.332,108890.527,109245.879,109583.49,109893.928
Zambia,ZM,ZMB,Cement production,kt cement,56.701193,83.908209,108.950749,133.778774,165.806808,196.974603,229.479349,273.916447,203.090061,206.664654,153.090727,141.413641,136.892599,154.403688,220.576698,220.576698,301.22435,337.946596,330.865047,176.461358,470.108971,485.268735,411.414563,441.153396,448.505952,382.332943,397.038056,124.993462,198.721186,161.756245,147.051132,154.403688,154.403688,242.634368,316.159934,330.865047,374.472283,404.863032,382.332943,437.0,367.0,347.0,350.0,280.0,312.0,348.0,384.0,351.0,300.0,380.0,215.0,230.0,350.0,390.0,435.0,550.0,540.0,560.0,880.0,1127.0,1200.0,1600.0,1810.0,1900.0,1800.0,2000.0,2210.0,2751.0,2480.0,2797.0,2732.0,2272.0,2272.0,2272.0,2680.106875629477,2763.426260364072,2846.745645098667,2930.065029833263,3013.384414567858,3096.703799302453,3180.023184037048,3263.342568771644,3346.661953506238,3429.981338240833,3513.300722975429,3627.582002531151,3741.863282086873,3856.144561642596,3970.425841198319,4084.707120754041,4198.988400309763,4313.269679865486,4427.550959421209,4541.832238976931,4656.113518532653,4770.394798088377,4884.676077644099,4998.957357199821,5113.238636755543,5227.519916311266,5367.858439847024,5511.964505449288,5659.939256929928,5811.886553417728,5967.913042254045,6128.128233845457,6292.644578525884,6461.577545482184,6635.045703798577,6813.170805676797,6996.077871890388,7183.895279533111,7376.75485212305,7574.791952125663,7778.145575960725,7986.958451559824,8201.377138542903,8421.552131084145,8647.63796353942,8879.793318909402,9118.181140214496,9362.968744859769,9614.327942070111,9872.435153478076,10137.47153694905,10409.62311373063,10689.08089901545,10976.04103600918,11270.7049335976,11573.27940770968,11883.97682647549,12203.01525928122,12530.61862982569,12867.01687328571,13212.44609770095,13567.14874969113,13931.37378462227,14305.37684134104,14689.42042160023,15083.774074301,15488.71458468132,15904.52616858338,16331.50067193636,16769.93777559451,17220.14520567431,17682.43894953841,18157.14347757787,18644.59197094837,19145.12655542028,19659.09854150672
Zambia,ZM,ZMB,Population,,2356.887,2429.716,2504.787,2582.29,2662.264,2744.822,2829.999,2918.136,3009.598,3104.51,3202.948,3305.225,3410.973,3520.842,3633.191,3750.982,3873.023,3999.662,4131.523,4262.709,4380.728,4504.323,4634.294,4771.091,4914.401,5065.771,5221.914,5383.045,5547.703,5715.753,5889.913,6076.665,6280.609,6481.468,6679.513,6882.393,7090.55,7292.014,7490.866,7687.566,7884.772,8078.528,8274.832,8473.01,8679.528,8891.999,9116.107,9358.018,9606.799,9873.211,10162.052,10488.319,10807.579,11159.611,11516.785,11920.853,12338.253,12791.918,13250.73,13730.049,14201.139,14674.452,15152.806,15645.188,16145.442,16652.735,17176.111,17706.528,18240.61,18787.069,19331.721,19875.494,20430.382,21017.548,21612.363,22215.385,22828.446,23448.995,24073.751,24705.621,25344.181,25988.827,26635.076,27285.099,27938.161,28595.623,29254.595,29912.388,30568.744,31222.45,31878.354,32530.338,33182.868,33838.156,34493.711,35148.501,35803.119,36455.448,37109.084,37760.282,38406.489,39051.295,39693.942,40335.723,40978.421,41617.985,42254.01,42887.573,43521.458,44152.568,44782.958,45406.299,46026.148,46639.766,47249.983,47853.297,48449.9,49043.491,49632.379,50220.965,50800.836,51374.171,51942.34,52503.824,53056.088,53602.574,54140.656,54676.086,55202.107,55717.986,56231.786,56735.834,57230.672,57719.106,58199.491,58669.041,59133.343,59591.43,60030.687,60465.781,60888.984,61308.389,61717.003,62113.715,62508.643,62887.427,63253.668,63615.7,63966.392,64307.449
Zimbabwe,ZW,ZWE,Cement production,kt cement,100.620222,148.548989,192.04818,235.485442,292.555726,343.531802,399.804693,465.413663,351.14769,354.490722,257.643319,235.355169,226.260045,250.192,249.811248,249.986924,0.0,338.217603,382.332943,477.916179,558.560006,624.967311,676.435207,757.313329,669.08265,536.736631,492.621292,411.58081,397.038056,470.563622,588.204528,573.499414,580.851971,647.264176,698.492877,749.960773,808.975878,772.018442,720.550546,700.0,865.0,900.0,1000.0,1070.0,968.0,1000.0,1100.0,1100.0,1000.0,1000.0,800.0,600.0,400.0,500.0,600.0,700.0,400.0,400.0,700.0,800.0,1000.0,1480.0,1190.0,1280.0,1510.0,1190.0,1210.0,1440.0,1220.0,1280.0,1400.0,1000.0,1000.0,1000.0,1179.624505118608,1216.29676952644,1252.969033934272,1289.641298342105,1326.313562749938,1362.98582715777,1399.658091565602,1436.330355973435,1473.002620381267,1509.674884789099,1546.347149196932,1596.647008156316,1646.946867115701,1697.246726075086,1747.546585034471,1797.846443993856,1848.146302953241,1898.446161912626,1948.746020872011,1999.045879831396,2049.34573879078,2099.645597750166,2149.94545670955,2200.245315668935,2250.54517462832,2300.845033587705,2362.613749932669,2426.040715426623,2491.170447592398,2558.048659074704,2626.722289724491,2697.239539544655,2769.649902520195,2844.004201356595,2920.354623150782,2998.754756019717,3079.259626712318,3161.925739231122,3246.811114490779,3333.975331041225,3423.479566884122,3515.386642411894,3609.761064499517,3706.669071779993,3806.178681135309,3908.359735435476,4013.283952559197,4121.024975730532,4231.658425206915,4345.261951354787,4461.915289150111,4581.700314142001,4704.701099918772,4831.003977116715,4960.69759401303,5093.872978745458,5230.62360320224,5371.045448627299,5515.237072986657,5663.299680143358,5815.337190889501,5971.456315885182,6131.766630555576,6296.380651998697,6465.413917957848,6638.985067914175,6817.215926356214,7000.231588284938,7188.160507014242,7381.134584328567,7579.289263060875,7782.763622155991,7991.700474286034,8206.246466086428,8426.55218108287,8652.77224538148
Zimbabwe,ZW,ZWE,Population,,2835.415,2926.368,3019.438,3114.895,3212.871,3313.56,3417.51,3524.798,3635.564,3750.038,3868.739,3992.064,4119.854,4251.9,4388.111,4528.814,4673.619,4822.995,4977.886,5138.475,5293.361,5456.062,5628.828,5811.98,6004.677,6192.639,6381.571,6517.454,6569.696,6725.417,7357.189,7640.08,7952.912,8243.897,8539.079,8834.547,9130.609,9438.679,9727.508,10002.087,10272.476,10537.155,10868.244,10852.331,10893.966,11055.231,11261.488,11478.167,11710.427,11856.488,11927.622,12016.181,12159.125,12305.52,12426.272,12540.591,12732.299,12875.817,13042.482,13243.097,13469.998,13720.85,13914.924,14112.693,14302.024,14496.002,14704.586,14920.378,15148.526,15394.209,15659.568,15934.852,16203.259,16478.384,16790.361,17111.229,17435.931,17765.295,18098.722,18439.188,18781.509,19130.887,19491.824,19860.019,20222.227,20596.066,20961.24,21328.231,21697.585,22064.65,22435.569,22819.275,23182.513,23560.062,23921.193,24283.568,24641.387,24991.506,25345.314,25691.689,26041.08,26393.703,26733.865,27075.615,27399.516,27728.23,28041.853,28363.186,28673.656,28978.109,29279.897,29587.595,29893.128,30194.114,30478.314,30771.592,31051.397,31334.38,31607.587,31879.341,32141.487,32399.358,32669.232,32933.085,33181.76,33422.839,33664.234,33896.422,34116.762,34333.948,34546.106,34749.952,34937.309,35123.717,35302.905,35472.344,35640.258,35802.53,35940.748,36084.025,36224.353,36344.465,36465.699,36566.598,36684.86,36794.607,36886.366,36978.209,37061.563,37131.556
