Country,ISO2,ISO3,OMNIARegion,ZijieRegion,Metric,Unit,OMNIA2019_kt,BGSRecordPresent,BGS_Country,EstimatedYears,BGSNotes,AlignmentFactor_vs_old_2025,HistoricalSource2019,HistoricalSource2020_2024,ProjectionMethod2025_2050,2019,2020,2021,2022,2023,2024,2025,2026,2027,2028,2029,2030,2031,2032,2033,2034,2035,2036,2037,2038,2039,2040,2041,2042,2043,2044,2045,2046,2047,2048,2049,2050
Ethiopia,ET,ETH,AFE,Rest of World,Primary aluminium ingot production,kt,0.0,False,,,,,OMNIA INF_Data,"British Geological Survey, World Mineral Production 2020-24, Production of primary aluminium",BGS 2024 country value rebased to a synthetic Zijie 2024 regional value linearly back-extrapolated from Zijie 2025-2026; Zijie regional trajectory applied from 2025 onward,0.0,0.0,0.0,0.0,0.0,0.0,0.0,0.0,0.0,0.0,0.0,0.0,0.0,0.0,0.0,0.0,0.0,0.0,0.0,0.0,0.0,0.0,0.0,0.0,0.0,0.0,0.0,0.0,0.0,0.0,0.0,0.0
Kenya,KE,KEN,AFE,Rest of World,Primary aluminium ingot production,kt,0.0,False,,,,,OMNIA INF_Data,"British Geological Survey, World Mineral Production 2020-24, Production of primary aluminium",BGS 2024 country value rebased to a synthetic Zijie 2024 regional value linearly back-extrapolated from Zijie 2025-2026; Zijie regional trajectory applied from 2025 onward,0.0,0.0,0.0,0.0,0.0,0.0,0.0,0.0,0.0,0.0,0.0,0.0,0.0,0.0,0.0,0.0,0.0,0.0,0.0,0.0,0.0,0.0,0.0,0.0,0.0,0.0,0.0,0.0,0.0,0.0,0.0,0.0
Sudan,SD,SDN,AFE,Rest of World,Primary aluminium ingot production,kt,0.0,False,,,,,OMNIA INF_Data,"British Geological Survey, World Mineral Production 2020-24, Production of primary aluminium",BGS 2024 country value rebased to a synthetic Zijie 2024 regional value linearly back-extrapolated from Zijie 2025-2026; Zijie regional trajectory applied from 2025 onward,0.0,0.0,0.0,0.0,0.0,0.0,0.0,0.0,0.0,0.0,0.0,0.0,0.0,0.0,0.0,0.0,0.0,0.0,0.0,0.0,0.0,0.0,0.0,0.0,0.0,0.0,0.0,0.0,0.0,0.0,0.0,0.0
Mauritius,MU,MUS,AFE,Rest of World,Primary aluminium ingot production,kt,0.0,False,,,,,OMNIA INF_Data,"British Geological Survey, World Mineral Production 2020-24, Production of primary aluminium",BGS 2024 country value rebased to a synthetic Zijie 2024 regional value linearly back-extrapolated from Zijie 2025-2026; Zijie regional trajectory applied from 2025 onward,0.0,0.0,0.0,0.0,0.0,0.0,0.0,0.0,0.0,0.0,0.0,0.0,0.0,0.0,0.0,0.0,0.0,0.0,0.0,0.0,0.0,0.0,0.0,0.0,0.0,0.0,0.0,0.0,0.0,0.0,0.0,0.0
Eritrea,ER,ERI,AFE,Rest of World,Primary aluminium ingot production,kt,0.0,False,,,,,OMNIA INF_Data,"British Geological Survey, World Mineral Production 2020-24, Production of primary aluminium",BGS 2024 country value rebased to a synthetic Zijie 2024 regional value linearly back-extrapolated from Zijie 2025-2026; Zijie regional trajectory applied from 2025 onward,0.0,0.0,0.0,0.0,0.0,0.0,0.0,0.0,0.0,0.0,0.0,0.0,0.0,0.0,0.0,0.0,0.0,0.0,0.0,0.0,0.0,0.0,0.0,0.0,0.0,0.0,0.0,0.0,0.0,0.0,0.0,0.0
South Sudan,SS,SSD,AFE,Rest of World,Primary aluminium ingot production,kt,0.0,False,,,,,OMNIA INF_Data,"British Geological Survey, World Mineral Production 2020-24, Production of primary aluminium",BGS 2024 country value rebased to a synthetic Zijie 2024 regional value linearly back-extrapolated from Zijie 2025-2026; Zijie regional trajectory applied from 2025 onward,0.0,0.0,0.0,0.0,0.0,0.0,0.0,0.0,0.0,0.0,0.0,0.0,0.0,0.0,0.0,0.0,0.0,0.0,0.0,0.0,0.0,0.0,0.0,0.0,0.0,0.0,0.0,0.0,0.0,0.0,0.0,0.0
Burundi,BI,BDI,AFE,Rest of World,Primary aluminium ingot production,kt,0.0,False,,,,,OMNIA INF_Data,"British Geological Survey, World Mineral Production 2020-24, Production of primary aluminium",BGS 2024 country value rebased to a synthetic Zijie 2024 regional value linearly back-extrapolated from Zijie 2025-2026; Zijie regional trajectory applied from 2025 onward,0.0,0.0,0.0,0.0,0.0,0.0,0.0,0.0,0.0,0.0,0.0,0.0,0.0,0.0,0.0,0.0,0.0,0.0,0.0,0.0,0.0,0.0,0.0,0.0,0.0,0.0,0.0,0.0,0.0,0.0,0.0,0.0
Comoros,KM,COM,AFE,Rest of World,Primary aluminium ingot production,kt,0.0,False,,,,,OMNIA INF_Data,"British Geological Survey, World Mineral Production 2020-24, Production of primary aluminium",BGS 2024 country value rebased to a synthetic Zijie 2024 regional value linearly back-extrapolated from Zijie 2025-2026; Zijie regional trajectory applied from 2025 onward,0.0,0.0,0.0,0.0,0.0,0.0,0.0,0.0,0.0,0.0,0.0,0.0,0.0,0.0,0.0,0.0,0.0,0.0,0.0,0.0,0.0,0.0,0.0,0.0,0.0,0.0,0.0,0.0,0.0,0.0,0.0,0.0
Djibouti,DJ,DJI,AFE,Rest of World,Primary aluminium ingot production,kt,0.0,False,,,,,OMNIA INF_Data,"British Geological Survey, World Mineral Production 2020-24, Production of primary aluminium",BGS 2024 country value rebased to a synthetic Zijie 2024 regional value linearly back-extrapolated from Zijie 2025-2026; Zijie regional trajectory applied from 2025 onward,0.0,0.0,0.0,0.0,0.0,0.0,0.0,0.0,0.0,0.0,0.0,0.0,0.0,0.0,0.0,0.0,0.0,0.0,0.0,0.0,0.0,0.0,0.0,0.0,0.0,0.0,0.0,0.0,0.0,0.0,0.0,0.0
Madagascar,MG,MDG,AFE,Rest of World,Primary aluminium ingot production,kt,0.0,False,,,,,OMNIA INF_Data,"British Geological Survey, World Mineral Production 2020-24, Production of primary aluminium",BGS 2024 country value rebased to a synthetic Zijie 2024 regional value linearly back-extrapolated from Zijie 2025-2026; Zijie regional trajectory applied from 2025 onward,0.0,0.0,0.0,0.0,0.0,0.0,0.0,0.0,0.0,0.0,0.0,0.0,0.0,0.0,0.0,0.0,0.0,0.0,0.0,0.0,0.0,0.0,0.0,0.0,0.0,0.0,0.0,0.0,0.0,0.0,0.0,0.0
Reunion,RE,REU,AFE,Rest of World,Primary aluminium ingot production,kt,0.0,False,,,,,OMNIA INF_Data,"British Geological Survey, World Mineral Production 2020-24, Production of primary aluminium",BGS 2024 country value rebased to a synthetic Zijie 2024 regional value linearly back-extrapolated from Zijie 2025-2026; Zijie regional trajectory applied from 2025 onward,0.0,0.0,0.0,0.0,0.0,0.0,0.0,0.0,0.0,0.0,0.0,0.0,0.0,0.0,0.0,0.0,0.0,0.0,0.0,0.0,0.0,0.0,0.0,0.0,0.0,0.0,0.0,0.0,0.0,0.0,0.0,0.0
Rwanda,RW,RWA,AFE,Rest of World,Primary aluminium ingot production,kt,0.0,False,,,,,OMNIA INF_Data,"British Geological Survey, World Mineral Production 2020-24, Production of primary aluminium",BGS 2024 country value rebased to a synthetic Zijie 2024 regional value linearly back-extrapolated from Zijie 2025-2026; Zijie regional trajectory applied from 2025 onward,0.0,0.0,0.0,0.0,0.0,0.0,0.0,0.0,0.0,0.0,0.0,0.0,0.0,0.0,0.0,0.0,0.0,0.0,0.0,0.0,0.0,0.0,0.0,0.0,0.0,0.0,0.0,0.0,0.0,0.0,0.0,0.0
Somalia,SO,SOM,AFE,Rest of World,Primary aluminium ingot production,kt,0.0,False,,,,,OMNIA INF_Data,"British Geological Survey, World Mineral Production 2020-24, Production of primary aluminium",BGS 2024 country value rebased to a synthetic Zijie 2024 regional value linearly back-extrapolated from Zijie 2025-2026; Zijie regional trajectory applied from 2025 onward,0.0,0.0,0.0,0.0,0.0,0.0,0.0,0.0,0.0,0.0,0.0,0.0,0.0,0.0,0.0,0.0,0.0,0.0,0.0,0.0,0.0,0.0,0.0,0.0,0.0,0.0,0.0,0.0,0.0,0.0,0.0,0.0
Uganda,UG,UGA,AFE,Rest of World,Primary aluminium ingot production,kt,0.0,False,,,,,OMNIA INF_Data,"British Geological Survey, World Mineral Production 2020-24, Production of primary aluminium",BGS 2024 country value rebased to a synthetic Zijie 2024 regional value linearly back-extrapolated from Zijie 2025-2026; Zijie regional trajectory applied from 2025 onward,0.0,0.0,0.0,0.0,0.0,0.0,0.0,0.0,0.0,0.0,0.0,0.0,0.0,0.0,0.0,0.0,0.0,0.0,0.0,0.0,0.0,0.0,0.0,0.0,0.0,0.0,0.0,0.0,0.0,0.0,0.0,0.0
Seychelles,SC,SYC,AFE,Rest of World,Primary aluminium ingot production,kt,0.0,False,,,,,OMNIA INF_Data,"British Geological Survey, World Mineral Production 2020-24, Production of primary aluminium",BGS 2024 country value rebased to a synthetic Zijie 2024 regional value linearly back-extrapolated from Zijie 2025-2026; Zijie regional trajectory applied from 2025 onward,0.0,0.0,0.0,0.0,0.0,0.0,0.0,0.0,0.0,0.0,0.0,0.0,0.0,0.0,0.0,0.0,0.0,0.0,0.0,0.0,0.0,0.0,0.0,0.0,0.0,0.0,0.0,0.0,0.0,0.0,0.0,0.0
United Republic of Tanzania,TZ,TZA,AFE,Other main producer,Primary aluminium ingot production,kt,0.0,False,,,,,OMNIA INF_Data,"British Geological Survey, World Mineral Production 2020-24, Production of primary aluminium",BGS 2024 country value rebased to a synthetic Zijie 2024 regional value linearly back-extrapolated from Zijie 2025-2026; Zijie regional trajectory applied from 2025 onward,0.0,0.0,0.0,0.0,0.0,0.0,0.0,0.0,0.0,0.0,0.0,0.0,0.0,0.0,0.0,0.0,0.0,0.0,0.0,0.0,0.0,0.0,0.0,0.0,0.0,0.0,0.0,0.0,0.0,0.0,0.0,0.0
Egypt,EG,EGY,AFN,Other main producer,Primary aluminium ingot production,kt,300.0,True,Egypt,2021;2022,Years ended 30 June of the stated year,0.6069191010900499,OMNIA INF_Data,"British Geological Survey, World Mineral Production 2020-24, Production of primary aluminium",BGS 2024 country value rebased to a synthetic Zijie 2024 regional value linearly back-extrapolated from Zijie 2025-2026; Zijie regional trajectory applied from 2025 onward,300.0,268.0,260.0,260.0,310.0,305.0,291.9966386409289,278.99327728185784,274.92784789555265,269.8904483549931,265.7168444535655,262.24201560334603,259.53278301761867,257.77340290996034,256.68304780122133,256.17809107709405,256.18684432349045,256.43099616927964,256.7270256614692,257.19591236433894,257.87142221867225,258.75160368827477,259.8622979845112,260.9449858038597,262.00849262848345,263.2407820495763,264.6441567984174,266.18311579889684,267.58770104984757,268.74708697527865,269.7426541694342,270.9382766456222
Algeria,DZ,DZA,AFN,Rest of World,Primary aluminium ingot production,kt,0.0,False,,,,,OMNIA INF_Data,"British Geological Survey, World Mineral Production 2020-24, Production of primary aluminium",BGS 2024 country value rebased to a synthetic Zijie 2024 regional value linearly back-extrapolated from Zijie 2025-2026; Zijie regional trajectory applied from 2025 onward,0.0,0.0,0.0,0.0,0.0,0.0,0.0,0.0,0.0,0.0,0.0,0.0,0.0,0.0,0.0,0.0,0.0,0.0,0.0,0.0,0.0,0.0,0.0,0.0,0.0,0.0,0.0,0.0,0.0,0.0,0.0,0.0
Morocco,MA,MAR,AFN,Rest of World,Primary aluminium ingot production,kt,0.0,False,,,,,OMNIA INF_Data,"British Geological Survey, World Mineral Production 2020-24, Production of primary aluminium",BGS 2024 country value rebased to a synthetic Zijie 2024 regional value linearly back-extrapolated from Zijie 2025-2026; Zijie regional trajectory applied from 2025 onward,0.0,0.0,0.0,0.0,0.0,0.0,0.0,0.0,0.0,0.0,0.0,0.0,0.0,0.0,0.0,0.0,0.0,0.0,0.0,0.0,0.0,0.0,0.0,0.0,0.0,0.0,0.0,0.0,0.0,0.0,0.0,0.0
Libya,LY,LBY,AFN,Rest of World,Primary aluminium ingot production,kt,0.0,False,,,,,OMNIA INF_Data,"British Geological Survey, World Mineral Production 2020-24, Production of primary aluminium",BGS 2024 country value rebased to a synthetic Zijie 2024 regional value linearly back-extrapolated from Zijie 2025-2026; Zijie regional trajectory applied from 2025 onward,0.0,0.0,0.0,0.0,0.0,0.0,0.0,0.0,0.0,0.0,0.0,0.0,0.0,0.0,0.0,0.0,0.0,0.0,0.0,0.0,0.0,0.0,0.0,0.0,0.0,0.0,0.0,0.0,0.0,0.0,0.0,0.0
Tunisia,TN,TUN,AFN,Rest of World,Primary aluminium ingot production,kt,0.0,False,,,,,OMNIA INF_Data,"British Geological Survey, World Mineral Production 2020-24, Production of primary aluminium",BGS 2024 country value rebased to a synthetic Zijie 2024 regional value linearly back-extrapolated from Zijie 2025-2026; Zijie regional trajectory applied from 2025 onward,0.0,0.0,0.0,0.0,0.0,0.0,0.0,0.0,0.0,0.0,0.0,0.0,0.0,0.0,0.0,0.0,0.0,0.0,0.0,0.0,0.0,0.0,0.0,0.0,0.0,0.0,0.0,0.0,0.0,0.0,0.0,0.0
Democratic Republic of the Congo,CD,COD,AFW,Rest of World,Primary aluminium ingot production,kt,0.0,False,,,,,OMNIA INF_Data,"British Geological Survey, World Mineral Production 2020-24, Production of primary aluminium",BGS 2024 country value rebased to a synthetic Zijie 2024 regional value linearly back-extrapolated from Zijie 2025-2026; Zijie regional trajectory applied from 2025 onward,0.0,0.0,0.0,0.0,0.0,0.0,0.0,0.0,0.0,0.0,0.0,0.0,0.0,0.0,0.0,0.0,0.0,0.0,0.0,0.0,0.0,0.0,0.0,0.0,0.0,0.0,0.0,0.0,0.0,0.0,0.0,0.0
Cote d'Ivoire,CI,CIV,AFW,Rest of World,Primary aluminium ingot production,kt,0.0,False,,,,,OMNIA INF_Data,"British Geological Survey, World Mineral Production 2020-24, Production of primary aluminium",BGS 2024 country value rebased to a synthetic Zijie 2024 regional value linearly back-extrapolated from Zijie 2025-2026; Zijie regional trajectory applied from 2025 onward,0.0,0.0,0.0,0.0,0.0,0.0,0.0,0.0,0.0,0.0,0.0,0.0,0.0,0.0,0.0,0.0,0.0,0.0,0.0,0.0,0.0,0.0,0.0,0.0,0.0,0.0,0.0,0.0,0.0,0.0,0.0,0.0
Ghana,GH,GHA,AFW,Rest of World,Primary aluminium ingot production,kt,42.0,True,Ghana,,Exports,1.1901236507411204,OMNIA INF_Data,"British Geological Survey, World Mineral Production 2020-24, Production of primary aluminium",BGS 2024 country value rebased to a synthetic Zijie 2024 regional value linearly back-extrapolated from Zijie 2025-2026; Zijie regional trajectory applied from 2025 onward,42.0,37.566,39.239,55.592,48.314,35.084,37.7975889087881,40.511177817576204,43.26174580428075,46.05181977768306,48.94002611045313,51.921054148949956,54.993425150816826,58.149637528659326,61.37152050037587,64.62319598208374,67.85703334716273,71.04216809776034,74.15027097961308,77.18071085878044,80.18286916202342,83.18698479935172,86.17399760505499,89.17390389708903,92.23217835880068,95.30921179264601,98.35514379968144,101.37347392089822,104.32985861845438,107.20672711337588,110.00260780910824,112.63388375222644
Cameroon,CM,CMR,AFW,Other main producer,Primary aluminium ingot production,kt,70.0,True,Cameroon,,,0.2439047254029334,OMNIA INF_Data,"British Geological Survey, World Mineral Production 2020-24, Production of primary aluminium",BGS 2024 country value rebased to a synthetic Zijie 2024 regional value linearly back-extrapolated from Zijie 2025-2026; Zijie regional trajectory applied from 2025 onward,70.0,61.7,47.3,62.8,62.2,28.6,27.380668410264153,26.161336820528312,25.78011950758297,25.307760075255093,24.916399184826144,24.59056277460884,24.33651670263572,24.17153876467169,24.06929562988502,24.02194558952423,24.022766385743694,24.045660624398025,24.073419455468915,24.117387192197032,24.180730083455824,24.263265132736585,24.367415483137773,24.4689396524275,24.568665210408614,24.684217595468468,24.815812735851598,24.96012167819164,25.09183032795292,25.200546516370395,25.29390134178957,25.406015449392772
Gabon,GA,GAB,AFW,Rest of World,Primary aluminium ingot production,kt,0.0,False,,,,,OMNIA INF_Data,"British Geological Survey, World Mineral Production 2020-24, Production of primary aluminium",BGS 2024 country value rebased to a synthetic Zijie 2024 regional value linearly back-extrapolated from Zijie 2025-2026; Zijie regional trajectory applied from 2025 onward,0.0,0.0,0.0,0.0,0.0,0.0,0.0,0.0,0.0,0.0,0.0,0.0,0.0,0.0,0.0,0.0,0.0,0.0,0.0,0.0,0.0,0.0,0.0,0.0,0.0,0.0,0.0,0.0,0.0,0.0,0.0,0.0
Benin,BJ,BEN,AFW,Rest of World,Primary aluminium ingot production,kt,0.0,False,,,,,OMNIA INF_Data,"British Geological Survey, World Mineral Production 2020-24, Production of primary aluminium",BGS 2024 country value rebased to a synthetic Zijie 2024 regional value linearly back-extrapolated from Zijie 2025-2026; Zijie regional trajectory applied from 2025 onward,0.0,0.0,0.0,0.0,0.0,0.0,0.0,0.0,0.0,0.0,0.0,0.0,0.0,0.0,0.0,0.0,0.0,0.0,0.0,0.0,0.0,0.0,0.0,0.0,0.0,0.0,0.0,0.0,0.0,0.0,0.0,0.0
Senegal,SN,SEN,AFW,Rest of World,Primary aluminium ingot production,kt,0.0,False,,,,,OMNIA INF_Data,"British Geological Survey, World Mineral Production 2020-24, Production of primary aluminium",BGS 2024 country value rebased to a synthetic Zijie 2024 regional value linearly back-extrapolated from Zijie 2025-2026; Zijie regional trajectory applied from 2025 onward,0.0,0.0,0.0,0.0,0.0,0.0,0.0,0.0,0.0,0.0,0.0,0.0,0.0,0.0,0.0,0.0,0.0,0.0,0.0,0.0,0.0,0.0,0.0,0.0,0.0,0.0,0.0,0.0,0.0,0.0,0.0,0.0
Togo,TG,TGO,AFW,Rest of World,Primary aluminium ingot production,kt,0.0,False,,,,,OMNIA INF_Data,"British Geological Survey, World Mineral Production 2020-24, Production of primary aluminium",BGS 2024 country value rebased to a synthetic Zijie 2024 regional value linearly back-extrapolated from Zijie 2025-2026; Zijie regional trajectory applied from 2025 onward,0.0,0.0,0.0,0.0,0.0,0.0,0.0,0.0,0.0,0.0,0.0,0.0,0.0,0.0,0.0,0.0,0.0,0.0,0.0,0.0,0.0,0.0,0.0,0.0,0.0,0.0,0.0,0.0,0.0,0.0,0.0,0.0
Niger,NE,NER,AFW,Rest of World,Primary aluminium ingot production,kt,0.0,False,,,,,OMNIA INF_Data,"British Geological Survey, World Mineral Production 2020-24, Production of primary aluminium",BGS 2024 country value rebased to a synthetic Zijie 2024 regional value linearly back-extrapolated from Zijie 2025-2026; Zijie regional trajectory applied from 2025 onward,0.0,0.0,0.0,0.0,0.0,0.0,0.0,0.0,0.0,0.0,0.0,0.0,0.0,0.0,0.0,0.0,0.0,0.0,0.0,0.0,0.0,0.0,0.0,0.0,0.0,0.0,0.0,0.0,0.0,0.0,0.0,0.0
Congo,CG,COG,AFW,Rest of World,Primary aluminium ingot production,kt,0.0,False,,,,,OMNIA INF_Data,"British Geological Survey, World Mineral Production 2020-24, Production of primary aluminium",BGS 2024 country value rebased to a synthetic Zijie 2024 regional value linearly back-extrapolated from Zijie 2025-2026; Zijie regional trajectory applied from 2025 onward,0.0,0.0,0.0,0.0,0.0,0.0,0.0,0.0,0.0,0.0,0.0,0.0,0.0,0.0,0.0,0.0,0.0,0.0,0.0,0.0,0.0,0.0,0.0,0.0,0.0,0.0,0.0,0.0,0.0,0.0,0.0,0.0
Burkina Faso,BF,BFA,AFW,Rest of World,Primary aluminium ingot production,kt,0.0,False,,,,,OMNIA INF_Data,"British Geological Survey, World Mineral Production 2020-24, Production of primary aluminium",BGS 2024 country value rebased to a synthetic Zijie 2024 regional value linearly back-extrapolated from Zijie 2025-2026; Zijie regional trajectory applied from 2025 onward,0.0,0.0,0.0,0.0,0.0,0.0,0.0,0.0,0.0,0.0,0.0,0.0,0.0,0.0,0.0,0.0,0.0,0.0,0.0,0.0,0.0,0.0,0.0,0.0,0.0,0.0,0.0,0.0,0.0,0.0,0.0,0.0
Cabo Verde,CV,CPV,AFW,Rest of World,Primary aluminium ingot production,kt,0.0,False,,,,,OMNIA INF_Data,"British Geological Survey, World Mineral Production 2020-24, Production of primary aluminium",BGS 2024 country value rebased to a synthetic Zijie 2024 regional value linearly back-extrapolated from Zijie 2025-2026; Zijie regional trajectory applied from 2025 onward,0.0,0.0,0.0,0.0,0.0,0.0,0.0,0.0,0.0,0.0,0.0,0.0,0.0,0.0,0.0,0.0,0.0,0.0,0.0,0.0,0.0,0.0,0.0,0.0,0.0,0.0,0.0,0.0,0.0,0.0,0.0,0.0
Central African Republic,CF,CAF,AFW,Rest of World,Primary aluminium ingot production,kt,0.0,False,,,,,OMNIA INF_Data,"British Geological Survey, World Mineral Production 2020-24, Production of primary aluminium",BGS 2024 country value rebased to a synthetic Zijie 2024 regional value linearly back-extrapolated from Zijie 2025-2026; Zijie regional trajectory applied from 2025 onward,0.0,0.0,0.0,0.0,0.0,0.0,0.0,0.0,0.0,0.0,0.0,0.0,0.0,0.0,0.0,0.0,0.0,0.0,0.0,0.0,0.0,0.0,0.0,0.0,0.0,0.0,0.0,0.0,0.0,0.0,0.0,0.0
Chad,TD,TCD,AFW,Rest of World,Primary aluminium ingot production,kt,0.0,False,,,,,OMNIA INF_Data,"British Geological Survey, World Mineral Production 2020-24, Production of primary aluminium",BGS 2024 country value rebased to a synthetic Zijie 2024 regional value linearly back-extrapolated from Zijie 2025-2026; Zijie regional trajectory applied from 2025 onward,0.0,0.0,0.0,0.0,0.0,0.0,0.0,0.0,0.0,0.0,0.0,0.0,0.0,0.0,0.0,0.0,0.0,0.0,0.0,0.0,0.0,0.0,0.0,0.0,0.0,0.0,0.0,0.0,0.0,0.0,0.0,0.0
Equatorial Guinea,GQ,GNQ,AFW,Rest of World,Primary aluminium ingot production,kt,0.0,False,,,,,OMNIA INF_Data,"British Geological Survey, World Mineral Production 2020-24, Production of primary aluminium",BGS 2024 country value rebased to a synthetic Zijie 2024 regional value linearly back-extrapolated from Zijie 2025-2026; Zijie regional trajectory applied from 2025 onward,0.0,0.0,0.0,0.0,0.0,0.0,0.0,0.0,0.0,0.0,0.0,0.0,0.0,0.0,0.0,0.0,0.0,0.0,0.0,0.0,0.0,0.0,0.0,0.0,0.0,0.0,0.0,0.0,0.0,0.0,0.0,0.0
Gambia,GM,GMB,AFW,Rest of World,Primary aluminium ingot production,kt,0.0,False,,,,,OMNIA INF_Data,"British Geological Survey, World Mineral Production 2020-24, Production of primary aluminium",BGS 2024 country value rebased to a synthetic Zijie 2024 regional value linearly back-extrapolated from Zijie 2025-2026; Zijie regional trajectory applied from 2025 onward,0.0,0.0,0.0,0.0,0.0,0.0,0.0,0.0,0.0,0.0,0.0,0.0,0.0,0.0,0.0,0.0,0.0,0.0,0.0,0.0,0.0,0.0,0.0,0.0,0.0,0.0,0.0,0.0,0.0,0.0,0.0,0.0
Guinea,GN,GIN,AFW,Other main producer,Primary aluminium ingot production,kt,0.0,False,,,,,OMNIA INF_Data,"British Geological Survey, World Mineral Production 2020-24, Production of primary aluminium",BGS 2024 country value rebased to a synthetic Zijie 2024 regional value linearly back-extrapolated from Zijie 2025-2026; Zijie regional trajectory applied from 2025 onward,0.0,0.0,0.0,0.0,0.0,0.0,0.0,0.0,0.0,0.0,0.0,0.0,0.0,0.0,0.0,0.0,0.0,0.0,0.0,0.0,0.0,0.0,0.0,0.0,0.0,0.0,0.0,0.0,0.0,0.0,0.0,0.0
Guinea-Bissau,GW,GNB,AFW,Rest of World,Primary aluminium ingot production,kt,0.0,False,,,,,OMNIA INF_Data,"British Geological Survey, World Mineral Production 2020-24, Production of primary aluminium",BGS 2024 country value rebased to a synthetic Zijie 2024 regional value linearly back-extrapolated from Zijie 2025-2026; Zijie regional trajectory applied from 2025 onward,0.0,0.0,0.0,0.0,0.0,0.0,0.0,0.0,0.0,0.0,0.0,0.0,0.0,0.0,0.0,0.0,0.0,0.0,0.0,0.0,0.0,0.0,0.0,0.0,0.0,0.0,0.0,0.0,0.0,0.0,0.0,0.0
Liberia,LR,LBR,AFW,Rest of World,Primary aluminium ingot production,kt,0.0,False,,,,,OMNIA INF_Data,"British Geological Survey, World Mineral Production 2020-24, Production of primary aluminium",BGS 2024 country value rebased to a synthetic Zijie 2024 regional value linearly back-extrapolated from Zijie 2025-2026; Zijie regional trajectory applied from 2025 onward,0.0,0.0,0.0,0.0,0.0,0.0,0.0,0.0,0.0,0.0,0.0,0.0,0.0,0.0,0.0,0.0,0.0,0.0,0.0,0.0,0.0,0.0,0.0,0.0,0.0,0.0,0.0,0.0,0.0,0.0,0.0,0.0
Malawi,MW,MWI,AFW,Rest of World,Primary aluminium ingot production,kt,0.0,False,,,,,OMNIA INF_Data,"British Geological Survey, World Mineral Production 2020-24, Production of primary aluminium",BGS 2024 country value rebased to a synthetic Zijie 2024 regional value linearly back-extrapolated from Zijie 2025-2026; Zijie regional trajectory applied from 2025 onward,0.0,0.0,0.0,0.0,0.0,0.0,0.0,0.0,0.0,0.0,0.0,0.0,0.0,0.0,0.0,0.0,0.0,0.0,0.0,0.0,0.0,0.0,0.0,0.0,0.0,0.0,0.0,0.0,0.0,0.0,0.0,0.0
Mali,ML,MLI,AFW,Rest of World,Primary aluminium ingot production,kt,0.0,False,,,,,OMNIA INF_Data,"British Geological Survey, World Mineral Production 2020-24, Production of primary aluminium",BGS 2024 country value rebased to a synthetic Zijie 2024 regional value linearly back-extrapolated from Zijie 2025-2026; Zijie regional trajectory applied from 2025 onward,0.0,0.0,0.0,0.0,0.0,0.0,0.0,0.0,0.0,0.0,0.0,0.0,0.0,0.0,0.0,0.0,0.0,0.0,0.0,0.0,0.0,0.0,0.0,0.0,0.0,0.0,0.0,0.0,0.0,0.0,0.0,0.0
Mauritania,MR,MRT,AFW,Rest of World,Primary aluminium ingot production,kt,0.0,False,,,,,OMNIA INF_Data,"British Geological Survey, World Mineral Production 2020-24, Production of primary aluminium",BGS 2024 country value rebased to a synthetic Zijie 2024 regional value linearly back-extrapolated from Zijie 2025-2026; Zijie regional trajectory applied from 2025 onward,0.0,0.0,0.0,0.0,0.0,0.0,0.0,0.0,0.0,0.0,0.0,0.0,0.0,0.0,0.0,0.0,0.0,0.0,0.0,0.0,0.0,0.0,0.0,0.0,0.0,0.0,0.0,0.0,0.0,0.0,0.0,0.0
Sao Tome and Principe,ST,STP,AFW,Rest of World,Primary aluminium ingot production,kt,0.0,False,,,,,OMNIA INF_Data,"British Geological Survey, World Mineral Production 2020-24, Production of primary aluminium",BGS 2024 country value rebased to a synthetic Zijie 2024 regional value linearly back-extrapolated from Zijie 2025-2026; Zijie regional trajectory applied from 2025 onward,0.0,0.0,0.0,0.0,0.0,0.0,0.0,0.0,0.0,0.0,0.0,0.0,0.0,0.0,0.0,0.0,0.0,0.0,0.0,0.0,0.0,0.0,0.0,0.0,0.0,0.0,0.0,0.0,0.0,0.0,0.0,0.0
Sierra Leone,SL,SLE,AFW,Other main producer,Primary aluminium ingot production,kt,0.0,False,,,,,OMNIA INF_Data,"British Geological Survey, World Mineral Production 2020-24, Production of primary aluminium",BGS 2024 country value rebased to a synthetic Zijie 2024 regional value linearly back-extrapolated from Zijie 2025-2026; Zijie regional trajectory applied from 2025 onward,0.0,0.0,0.0,0.0,0.0,0.0,0.0,0.0,0.0,0.0,0.0,0.0,0.0,0.0,0.0,0.0,0.0,0.0,0.0,0.0,0.0,0.0,0.0,0.0,0.0,0.0,0.0,0.0,0.0,0.0,0.0,0.0
Angola,AO,AGO,AFZ,Rest of World,Primary aluminium ingot production,kt,0.0,False,,,,,OMNIA INF_Data,"British Geological Survey, World Mineral Production 2020-24, Production of primary aluminium",BGS 2024 country value rebased to a synthetic Zijie 2024 regional value linearly back-extrapolated from Zijie 2025-2026; Zijie regional trajectory applied from 2025 onward,0.0,0.0,0.0,0.0,0.0,0.0,0.0,0.0,0.0,0.0,0.0,0.0,0.0,0.0,0.0,0.0,0.0,0.0,0.0,0.0,0.0,0.0,0.0,0.0,0.0,0.0,0.0,0.0,0.0,0.0,0.0,0.0
Mozambique,MZ,MOZ,AFZ,Rest of World,Primary aluminium ingot production,kt,565.0,True,Mozambique,,Years ended 30 June of the stated year,1.2430092561605592,OMNIA INF_Data,"British Geological Survey, World Mineral Production 2020-24, Production of primary aluminium",BGS 2024 country value rebased to a synthetic Zijie 2024 regional value linearly back-extrapolated from Zijie 2025-2026; Zijie regional trajectory applied from 2025 onward,565.0,569.002,562.633,576.22,541.601,492.936,531.0623727722714,569.1887455445428,607.8346804748298,647.0356810492524,687.6154574957908,729.4993942528444,772.6667147458396,817.0120204317412,862.2800088180732,907.966586895007,953.402536484352,998.1542062888379,1041.8235656027405,1084.4017468898585,1126.5825673597985,1168.790888697219,1210.7589124229103,1252.908091763068,1295.8773535364774,1339.1101819695516,1381.906030214336,1424.314067400293,1465.8517611431541,1506.2722390935767,1545.5548250766894,1582.5246870735232
Zimbabwe,ZW,ZWE,AFZ,Other main producer,Primary aluminium ingot production,kt,0.0,False,,,,,OMNIA INF_Data,"British Geological Survey, World Mineral Production 2020-24, Production of primary aluminium",BGS 2024 country value rebased to a synthetic Zijie 2024 regional value linearly back-extrapolated from Zijie 2025-2026; Zijie regional trajectory applied from 2025 onward,0.0,0.0,0.0,0.0,0.0,0.0,0.0,0.0,0.0,0.0,0.0,0.0,0.0,0.0,0.0,0.0,0.0,0.0,0.0,0.0,0.0,0.0,0.0,0.0,0.0,0.0,0.0,0.0,0.0,0.0,0.0,0.0
Zambia,ZM,ZMB,AFZ,Rest of World,Primary aluminium ingot production,kt,0.0,False,,,,,OMNIA INF_Data,"British Geological Survey, World Mineral Production 2020-24, Production of primary aluminium",BGS 2024 country value rebased to a synthetic Zijie 2024 regional value linearly back-extrapolated from Zijie 2025-2026; Zijie regional trajectory applied from 2025 onward,0.0,0.0,0.0,0.0,0.0,0.0,0.0,0.0,0.0,0.0,0.0,0.0,0.0,0.0,0.0,0.0,0.0,0.0,0.0,0.0,0.0,0.0,0.0,0.0,0.0,0.0,0.0,0.0,0.0,0.0,0.0,0.0
Botswana,BW,BWA,AFZ,Rest of World,Primary aluminium ingot production,kt,0.0,False,,,,,OMNIA INF_Data,"British Geological Survey, World Mineral Production 2020-24, Production of primary aluminium",BGS 2024 country value rebased to a synthetic Zijie 2024 regional value linearly back-extrapolated from Zijie 2025-2026; Zijie regional trajectory applied from 2025 onward,0.0,0.0,0.0,0.0,0.0,0.0,0.0,0.0,0.0,0.0,0.0,0.0,0.0,0.0,0.0,0.0,0.0,0.0,0.0,0.0,0.0,0.0,0.0,0.0,0.0,0.0,0.0,0.0,0.0,0.0,0.0,0.0
Namibia,,NAM,AFZ,Rest of World,Primary aluminium ingot production,kt,0.0,False,,,,,OMNIA INF_Data,"British Geological Survey, World Mineral Production 2020-24, Production of primary aluminium",BGS 2024 country value rebased to a synthetic Zijie 2024 regional value linearly back-extrapolated from Zijie 2025-2026; Zijie regional trajectory applied from 2025 onward,0.0,0.0,0.0,0.0,0.0,0.0,0.0,0.0,0.0,0.0,0.0,0.0,0.0,0.0,0.0,0.0,0.0,0.0,0.0,0.0,0.0,0.0,0.0,0.0,0.0,0.0,0.0,0.0,0.0,0.0,0.0,0.0
South Africa,ZA,ZAF,AFZ,Other main producer,Primary aluminium ingot production,kt,717.0,True,South Africa,,,0.6019651691996791,OMNIA INF_Data,"British Geological Survey, World Mineral Production 2020-24, Production of primary aluminium",BGS 2024 country value rebased to a synthetic Zijie 2024 regional value linearly back-extrapolated from Zijie 2025-2026; Zijie regional trajectory applied from 2025 onward,717.0,717.0,714.0,718.0,720.0,723.0,692.1756384832512,661.3512769665024,651.7142099294576,639.7730956087213,629.8796017702552,621.6425484630137,615.2203348253714,611.0497387013158,608.465060853387,607.2680650778327,607.2888145766675,607.8675745258661,608.5693100106303,609.6808020964494,611.2820926691804,613.368555628271,616.0014473534478,618.5679499547232,621.0889841652247,624.0101161371923,627.3368044762484,630.984894172467,634.3144519968517,637.0627668299229,639.4227507032817,642.2569639829012
Eswatini,SZ,SWZ,AFZ,Rest of World,Primary aluminium ingot production,kt,0.0,False,,,,,OMNIA INF_Data,"British Geological Survey, World Mineral Production 2020-24, Production of primary aluminium",BGS 2024 country value rebased to a synthetic Zijie 2024 regional value linearly back-extrapolated from Zijie 2025-2026; Zijie regional trajectory applied from 2025 onward,0.0,0.0,0.0,0.0,0.0,0.0,0.0,0.0,0.0,0.0,0.0,0.0,0.0,0.0,0.0,0.0,0.0,0.0,0.0,0.0,0.0,0.0,0.0,0.0,0.0,0.0,0.0,0.0,0.0,0.0,0.0,0.0
Lesotho,LS,LSO,AFZ,Rest of World,Primary aluminium ingot production,kt,0.0,False,,,,,OMNIA INF_Data,"British Geological Survey, World Mineral Production 2020-24, Production of primary aluminium",BGS 2024 country value rebased to a synthetic Zijie 2024 regional value linearly back-extrapolated from Zijie 2025-2026; Zijie regional trajectory applied from 2025 onward,0.0,0.0,0.0,0.0,0.0,0.0,0.0,0.0,0.0,0.0,0.0,0.0,0.0,0.0,0.0,0.0,0.0,0.0,0.0,0.0,0.0,0.0,0.0,0.0,0.0,0.0,0.0,0.0,0.0,0.0,0.0,0.0
Nigeria,NG,NGA,NIG,Rest of World,Primary aluminium ingot production,kt,0.0,False,,,,,OMNIA INF_Data,"British Geological Survey, World Mineral Production 2020-24, Production of primary aluminium",BGS 2024 country value rebased to a synthetic Zijie 2024 regional value linearly back-extrapolated from Zijie 2025-2026; Zijie regional trajectory applied from 2025 onward,0.0,0.0,0.0,0.0,0.0,0.0,0.0,0.0,0.0,0.0,0.0,0.0,0.0,0.0,0.0,0.0,0.0,0.0,0.0,0.0,0.0,0.0,0.0,0.0,0.0,0.0,0.0,0.0,0.0,0.0,0.0,0.0
Russian Federation,RU,RUS,RUS,Other main producer,Primary aluminium ingot production,kt,3637.0,True,Russia,,,0.6864247729191116,OMNIA INF_Data,"British Geological Survey, World Mineral Production 2020-24, Production of primary aluminium",BGS 2024 country value rebased to a synthetic Zijie 2024 regional value linearly back-extrapolated from Zijie 2025-2026; Zijie regional trajectory applied from 2025 onward,3637.0,3936.0,3937.0,4014.0,4026.0,4182.0,4003.7047304798843,3825.4094609597687,3769.6664258990204,3700.5962459691186,3643.369978704298,3595.724948371125,3558.5773723923976,3534.453675309686,3519.503298048222,3512.579596342319,3512.6996162650394,3516.047298294844,3520.1062993975875,3526.5354278939853,3535.7976646507777,3547.8662512274263,3563.0955087581174,3577.9407561696435,3592.523003843665,3609.4195099387807,3628.6618482982994,3649.7632467901203,3669.0221829195493,3684.919074526608,3698.569769628111,3714.96351780981
Kazakhstan,KZ,KAZ,ASC,Other main producer,Primary aluminium ingot production,kt,260.0,True,Kazakhstan,,,0.6073017739154535,OMNIA INF_Data,"British Geological Survey, World Mineral Production 2020-24, Production of primary aluminium",BGS 2024 country value rebased to a synthetic Zijie 2024 regional value linearly back-extrapolated from Zijie 2025-2026; Zijie regional trajectory applied from 2025 onward,260.0,264.6,262.361,249.141,260.877,264.5,253.22331449352686,241.94662898705377,238.4210353061432,234.0525363603137,230.43313232120678,227.4197151707706,225.07023314150865,223.54447563830988,222.59890538827227,222.1610002947258,222.16859122479744,222.38032290745724,222.63704356543803,223.0436682635005,223.62947926832396,224.3927841821268,225.3559928423056,226.29491391842916,227.21720098437336,228.28585853151782,229.5028835186275,230.83748894691217,232.05556369732682,233.060998376922,233.92436730431263,234.96122679595763
Uzbekistan,UZ,UZB,ASC,Rest of World,Primary aluminium ingot production,kt,0.0,False,,,,,OMNIA INF_Data,"British Geological Survey, World Mineral Production 2020-24, Production of primary aluminium",BGS 2024 country value rebased to a synthetic Zijie 2024 regional value linearly back-extrapolated from Zijie 2025-2026; Zijie regional trajectory applied from 2025 onward,0.0,0.0,0.0,0.0,0.0,0.0,0.0,0.0,0.0,0.0,0.0,0.0,0.0,0.0,0.0,0.0,0.0,0.0,0.0,0.0,0.0,0.0,0.0,0.0,0.0,0.0,0.0,0.0,0.0,0.0,0.0,0.0
Turkmenistan,TM,TKM,ASC,Rest of World,Primary aluminium ingot production,kt,0.0,False,,,,,OMNIA INF_Data,"British Geological Survey, World Mineral Production 2020-24, Production of primary aluminium",BGS 2024 country value rebased to a synthetic Zijie 2024 regional value linearly back-extrapolated from Zijie 2025-2026; Zijie regional trajectory applied from 2025 onward,0.0,0.0,0.0,0.0,0.0,0.0,0.0,0.0,0.0,0.0,0.0,0.0,0.0,0.0,0.0,0.0,0.0,0.0,0.0,0.0,0.0,0.0,0.0,0.0,0.0,0.0,0.0,0.0,0.0,0.0,0.0,0.0
Azerbaijan,AZ,AZE,ASC,Other main producer,Primary aluminium ingot production,kt,50.0,True,Azerbaijan,,,0.19407481944036906,OMNIA INF_Data,"British Geological Survey, World Mineral Production 2020-24, Production of primary aluminium",BGS 2024 country value rebased to a synthetic Zijie 2024 regional value linearly back-extrapolated from Zijie 2025-2026; Zijie regional trajectory applied from 2025 onward,50.0,31.492,24.9,33.529,28.23,16.255,15.561984790519013,14.86896958103803,14.652302188662977,14.383833567247255,14.16140100522199,13.976209716827507,13.83182094410292,13.738054637053787,13.679944072160172,13.653032362157912,13.653498867142087,13.666510959775868,13.682287875826825,13.707277231089606,13.743278584145957,13.790187927714445,13.849382471272882,13.907084407349965,13.963764090740979,14.029439056445451,14.104232028715652,14.186250974790386,14.261108460869744,14.322898028797228,14.375956864013617,14.439677661883897
Mongolia,MN,MNG,ASC,Rest of World,Primary aluminium ingot production,kt,0.0,False,,,,,OMNIA INF_Data,"British Geological Survey, World Mineral Production 2020-24, Production of primary aluminium",BGS 2024 country value rebased to a synthetic Zijie 2024 regional value linearly back-extrapolated from Zijie 2025-2026; Zijie regional trajectory applied from 2025 onward,0.0,0.0,0.0,0.0,0.0,0.0,0.0,0.0,0.0,0.0,0.0,0.0,0.0,0.0,0.0,0.0,0.0,0.0,0.0,0.0,0.0,0.0,0.0,0.0,0.0,0.0,0.0,0.0,0.0,0.0,0.0,0.0
Georgia,GE,GEO,ASC,Rest of World,Primary aluminium ingot production,kt,0.0,False,,,,,OMNIA INF_Data,"British Geological Survey, World Mineral Production 2020-24, Production of primary aluminium",BGS 2024 country value rebased to a synthetic Zijie 2024 regional value linearly back-extrapolated from Zijie 2025-2026; Zijie regional trajectory applied from 2025 onward,0.0,0.0,0.0,0.0,0.0,0.0,0.0,0.0,0.0,0.0,0.0,0.0,0.0,0.0,0.0,0.0,0.0,0.0,0.0,0.0,0.0,0.0,0.0,0.0,0.0,0.0,0.0,0.0,0.0,0.0,0.0,0.0
Kyrgyzstan,KG,KGZ,ASC,Rest of World,Primary aluminium ingot production,kt,0.0,False,,,,,OMNIA INF_Data,"British Geological Survey, World Mineral Production 2020-24, Production of primary aluminium",BGS 2024 country value rebased to a synthetic Zijie 2024 regional value linearly back-extrapolated from Zijie 2025-2026; Zijie regional trajectory applied from 2025 onward,0.0,0.0,0.0,0.0,0.0,0.0,0.0,0.0,0.0,0.0,0.0,0.0,0.0,0.0,0.0,0.0,0.0,0.0,0.0,0.0,0.0,0.0,0.0,0.0,0.0,0.0,0.0,0.0,0.0,0.0,0.0,0.0
Armenia,AM,ARM,ASC,Rest of World,Primary aluminium ingot production,kt,0.0,False,,,,,OMNIA INF_Data,"British Geological Survey, World Mineral Production 2020-24, Production of primary aluminium",BGS 2024 country value rebased to a synthetic Zijie 2024 regional value linearly back-extrapolated from Zijie 2025-2026; Zijie regional trajectory applied from 2025 onward,0.0,0.0,0.0,0.0,0.0,0.0,0.0,0.0,0.0,0.0,0.0,0.0,0.0,0.0,0.0,0.0,0.0,0.0,0.0,0.0,0.0,0.0,0.0,0.0,0.0,0.0,0.0,0.0,0.0,0.0,0.0,0.0
Tajikistan,TJ,TJK,ASC,Rest of World,Primary aluminium ingot production,kt,100.0,True,Tajikistan,2022,,1.1711272636582613,OMNIA INF_Data,"British Geological Survey, World Mineral Production 2020-24, Production of primary aluminium",BGS 2024 country value rebased to a synthetic Zijie 2024 regional value linearly back-extrapolated from Zijie 2025-2026; Zijie regional trajectory applied from 2025 onward,100.0,84.0,61.0,62.0,66.649,82.2,88.55779866327617,94.91559732655237,101.3600360595108,107.89703527891766,114.66395354803464,121.6483482796627,128.8467548568334,136.24159744771964,143.7903028483325,151.40881056114705,158.98552448799384,166.44813070447782,173.73025523099403,180.8304193533164,187.86432120391987,194.9028089871939,201.90122571928856,208.9298512239402,216.09523033557792,223.3045607500713,230.44102212785924,237.5128137127418,244.4394703693122,251.17982466992066,257.7304287398443,263.8953723758127
Afghanistan,AF,AFG,ASC,Rest of World,Primary aluminium ingot production,kt,0.0,False,,,,,OMNIA INF_Data,"British Geological Survey, World Mineral Production 2020-24, Production of primary aluminium",BGS 2024 country value rebased to a synthetic Zijie 2024 regional value linearly back-extrapolated from Zijie 2025-2026; Zijie regional trajectory applied from 2025 onward,0.0,0.0,0.0,0.0,0.0,0.0,0.0,0.0,0.0,0.0,0.0,0.0,0.0,0.0,0.0,0.0,0.0,0.0,0.0,0.0,0.0,0.0,0.0,0.0,0.0,0.0,0.0,0.0,0.0,0.0,0.0,0.0
Thailand,TH,THA,ASE,Other Asia,Primary aluminium ingot production,kt,0.0,False,,,,,OMNIA INF_Data,"British Geological Survey, World Mineral Production 2020-24, Production of primary aluminium",BGS 2024 country value rebased to a synthetic Zijie 2024 regional value linearly back-extrapolated from Zijie 2025-2026; Zijie regional trajectory applied from 2025 onward,0.0,0.0,0.0,0.0,0.0,0.0,0.0,0.0,0.0,0.0,0.0,0.0,0.0,0.0,0.0,0.0,0.0,0.0,0.0,0.0,0.0,0.0,0.0,0.0,0.0,0.0,0.0,0.0,0.0,0.0,0.0,0.0
Malaysia,MY,MYS,ASE,Other Asia,Primary aluminium ingot production,kt,760.0,True,Malaysia,2020;2023;2024,,1.137963351851528,OMNIA INF_Data,"British Geological Survey, World Mineral Production 2020-24, Production of primary aluminium",BGS 2024 country value rebased to a synthetic Zijie 2024 regional value linearly back-extrapolated from Zijie 2025-2026; Zijie regional trajectory applied from 2025 onward,760.0,800.0,901.0,928.0,1000.0,1000.0,1062.9608290731726,1125.9216581463454,1182.3079986266894,1239.591138868527,1296.6204565168603,1353.6981320590507,1409.7257997110314,1463.6137439923766,1515.3039797339718,1564.484722846515,1610.8125671501682,1654.184049006443,1693.841589584427,1729.8030822452674,1762.3087456205342,1790.4555418387333,1814.902860689665,1834.9977801381551,1849.7493132409422,1859.9875167857851,1865.706444574967,1866.0246222210333,1860.302580812721,1849.642555520949,1835.0720122707223,1816.7959302438062
Singapore,SG,SGP,ASE,Other Asia,Primary aluminium ingot production,kt,0.0,False,,,,,OMNIA INF_Data,"British Geological Survey, World Mineral Production 2020-24, Production of primary aluminium",BGS 2024 country value rebased to a synthetic Zijie 2024 regional value linearly back-extrapolated from Zijie 2025-2026; Zijie regional trajectory applied from 2025 onward,0.0,0.0,0.0,0.0,0.0,0.0,0.0,0.0,0.0,0.0,0.0,0.0,0.0,0.0,0.0,0.0,0.0,0.0,0.0,0.0,0.0,0.0,0.0,0.0,0.0,0.0,0.0,0.0,0.0,0.0,0.0,0.0
Myanmar,MM,MMR,ASE,Rest of World,Primary aluminium ingot production,kt,0.0,False,,,,,OMNIA INF_Data,"British Geological Survey, World Mineral Production 2020-24, Production of primary aluminium",BGS 2024 country value rebased to a synthetic Zijie 2024 regional value linearly back-extrapolated from Zijie 2025-2026; Zijie regional trajectory applied from 2025 onward,0.0,0.0,0.0,0.0,0.0,0.0,0.0,0.0,0.0,0.0,0.0,0.0,0.0,0.0,0.0,0.0,0.0,0.0,0.0,0.0,0.0,0.0,0.0,0.0,0.0,0.0,0.0,0.0,0.0,0.0,0.0,0.0
Cambodia,KH,KHM,ASE,Rest of World,Primary aluminium ingot production,kt,0.0,False,,,,,OMNIA INF_Data,"British Geological Survey, World Mineral Production 2020-24, Production of primary aluminium",BGS 2024 country value rebased to a synthetic Zijie 2024 regional value linearly back-extrapolated from Zijie 2025-2026; Zijie regional trajectory applied from 2025 onward,0.0,0.0,0.0,0.0,0.0,0.0,0.0,0.0,0.0,0.0,0.0,0.0,0.0,0.0,0.0,0.0,0.0,0.0,0.0,0.0,0.0,0.0,0.0,0.0,0.0,0.0,0.0,0.0,0.0,0.0,0.0,0.0
Brunei Darussalam,BN,BRN,ASE,Rest of World,Primary aluminium ingot production,kt,0.0,False,,,,,OMNIA INF_Data,"British Geological Survey, World Mineral Production 2020-24, Production of primary aluminium",BGS 2024 country value rebased to a synthetic Zijie 2024 regional value linearly back-extrapolated from Zijie 2025-2026; Zijie regional trajectory applied from 2025 onward,0.0,0.0,0.0,0.0,0.0,0.0,0.0,0.0,0.0,0.0,0.0,0.0,0.0,0.0,0.0,0.0,0.0,0.0,0.0,0.0,0.0,0.0,0.0,0.0,0.0,0.0,0.0,0.0,0.0,0.0,0.0,0.0
Lao People's Democratic Republic,LA,LAO,ASE,Rest of World,Primary aluminium ingot production,kt,0.0,False,,,,,OMNIA INF_Data,"British Geological Survey, World Mineral Production 2020-24, Production of primary aluminium",BGS 2024 country value rebased to a synthetic Zijie 2024 regional value linearly back-extrapolated from Zijie 2025-2026; Zijie regional trajectory applied from 2025 onward,0.0,0.0,0.0,0.0,0.0,0.0,0.0,0.0,0.0,0.0,0.0,0.0,0.0,0.0,0.0,0.0,0.0,0.0,0.0,0.0,0.0,0.0,0.0,0.0,0.0,0.0,0.0,0.0,0.0,0.0,0.0,0.0
Democratic People's Republic of Korea,KP,PRK,ASE,Rest of World,Primary aluminium ingot production,kt,0.0,False,,,,,OMNIA INF_Data,"British Geological Survey, World Mineral Production 2020-24, Production of primary aluminium",BGS 2024 country value rebased to a synthetic Zijie 2024 regional value linearly back-extrapolated from Zijie 2025-2026; Zijie regional trajectory applied from 2025 onward,0.0,0.0,0.0,0.0,0.0,0.0,0.0,0.0,0.0,0.0,0.0,0.0,0.0,0.0,0.0,0.0,0.0,0.0,0.0,0.0,0.0,0.0,0.0,0.0,0.0,0.0,0.0,0.0,0.0,0.0,0.0,0.0
Cook Islands,CK,COK,ASE,Rest of World,Primary aluminium ingot production,kt,0.0,False,,,,,OMNIA INF_Data,"British Geological Survey, World Mineral Production 2020-24, Production of primary aluminium",BGS 2024 country value rebased to a synthetic Zijie 2024 regional value linearly back-extrapolated from Zijie 2025-2026; Zijie regional trajectory applied from 2025 onward,0.0,0.0,0.0,0.0,0.0,0.0,0.0,0.0,0.0,0.0,0.0,0.0,0.0,0.0,0.0,0.0,0.0,0.0,0.0,0.0,0.0,0.0,0.0,0.0,0.0,0.0,0.0,0.0,0.0,0.0,0.0,0.0
Timor-Leste,TL,TLS,ASE,Rest of World,Primary aluminium ingot production,kt,0.0,False,,,,,OMNIA INF_Data,"British Geological Survey, World Mineral Production 2020-24, Production of primary aluminium",BGS 2024 country value rebased to a synthetic Zijie 2024 regional value linearly back-extrapolated from Zijie 2025-2026; Zijie regional trajectory applied from 2025 onward,0.0,0.0,0.0,0.0,0.0,0.0,0.0,0.0,0.0,0.0,0.0,0.0,0.0,0.0,0.0,0.0,0.0,0.0,0.0,0.0,0.0,0.0,0.0,0.0,0.0,0.0,0.0,0.0,0.0,0.0,0.0,0.0
Fiji,FJ,FJI,ASE,Other main producer,Primary aluminium ingot production,kt,0.0,False,,,,,OMNIA INF_Data,"British Geological Survey, World Mineral Production 2020-24, Production of primary aluminium",BGS 2024 country value rebased to a synthetic Zijie 2024 regional value linearly back-extrapolated from Zijie 2025-2026; Zijie regional trajectory applied from 2025 onward,0.0,0.0,0.0,0.0,0.0,0.0,0.0,0.0,0.0,0.0,0.0,0.0,0.0,0.0,0.0,0.0,0.0,0.0,0.0,0.0,0.0,0.0,0.0,0.0,0.0,0.0,0.0,0.0,0.0,0.0,0.0,0.0
French Polynesia,PF,PYF,ASE,Rest of World,Primary aluminium ingot production,kt,0.0,False,,,,,OMNIA INF_Data,"British Geological Survey, World Mineral Production 2020-24, Production of primary aluminium",BGS 2024 country value rebased to a synthetic Zijie 2024 regional value linearly back-extrapolated from Zijie 2025-2026; Zijie regional trajectory applied from 2025 onward,0.0,0.0,0.0,0.0,0.0,0.0,0.0,0.0,0.0,0.0,0.0,0.0,0.0,0.0,0.0,0.0,0.0,0.0,0.0,0.0,0.0,0.0,0.0,0.0,0.0,0.0,0.0,0.0,0.0,0.0,0.0,0.0
Kiribati,KI,KIR,ASE,Rest of World,Primary aluminium ingot production,kt,0.0,False,,,,,OMNIA INF_Data,"British Geological Survey, World Mineral Production 2020-24, Production of primary aluminium",BGS 2024 country value rebased to a synthetic Zijie 2024 regional value linearly back-extrapolated from Zijie 2025-2026; Zijie regional trajectory applied from 2025 onward,0.0,0.0,0.0,0.0,0.0,0.0,0.0,0.0,0.0,0.0,0.0,0.0,0.0,0.0,0.0,0.0,0.0,0.0,0.0,0.0,0.0,0.0,0.0,0.0,0.0,0.0,0.0,0.0,0.0,0.0,0.0,0.0
New Caledonia,NC,NCL,ASE,Rest of World,Primary aluminium ingot production,kt,0.0,False,,,,,OMNIA INF_Data,"British Geological Survey, World Mineral Production 2020-24, Production of primary aluminium",BGS 2024 country value rebased to a synthetic Zijie 2024 regional value linearly back-extrapolated from Zijie 2025-2026; Zijie regional trajectory applied from 2025 onward,0.0,0.0,0.0,0.0,0.0,0.0,0.0,0.0,0.0,0.0,0.0,0.0,0.0,0.0,0.0,0.0,0.0,0.0,0.0,0.0,0.0,0.0,0.0,0.0,0.0,0.0,0.0,0.0,0.0,0.0,0.0,0.0
Palau,PW,PLW,ASE,Rest of World,Primary aluminium ingot production,kt,0.0,False,,,,,OMNIA INF_Data,"British Geological Survey, World Mineral Production 2020-24, Production of primary aluminium",BGS 2024 country value rebased to a synthetic Zijie 2024 regional value linearly back-extrapolated from Zijie 2025-2026; Zijie regional trajectory applied from 2025 onward,0.0,0.0,0.0,0.0,0.0,0.0,0.0,0.0,0.0,0.0,0.0,0.0,0.0,0.0,0.0,0.0,0.0,0.0,0.0,0.0,0.0,0.0,0.0,0.0,0.0,0.0,0.0,0.0,0.0,0.0,0.0,0.0
Papua New Guinea,PG,PNG,ASE,Rest of World,Primary aluminium ingot production,kt,0.0,False,,,,,OMNIA INF_Data,"British Geological Survey, World Mineral Production 2020-24, Production of primary aluminium",BGS 2024 country value rebased to a synthetic Zijie 2024 regional value linearly back-extrapolated from Zijie 2025-2026; Zijie regional trajectory applied from 2025 onward,0.0,0.0,0.0,0.0,0.0,0.0,0.0,0.0,0.0,0.0,0.0,0.0,0.0,0.0,0.0,0.0,0.0,0.0,0.0,0.0,0.0,0.0,0.0,0.0,0.0,0.0,0.0,0.0,0.0,0.0,0.0,0.0
American Samoa,AS,ASM,ASE,Rest of World,Primary aluminium ingot production,kt,0.0,False,,,,,OMNIA INF_Data,"British Geological Survey, World Mineral Production 2020-24, Production of primary aluminium",BGS 2024 country value rebased to a synthetic Zijie 2024 regional value linearly back-extrapolated from Zijie 2025-2026; Zijie regional trajectory applied from 2025 onward,0.0,0.0,0.0,0.0,0.0,0.0,0.0,0.0,0.0,0.0,0.0,0.0,0.0,0.0,0.0,0.0,0.0,0.0,0.0,0.0,0.0,0.0,0.0,0.0,0.0,0.0,0.0,0.0,0.0,0.0,0.0,0.0
Solomon Islands,SB,SLB,ASE,Rest of World,Primary aluminium ingot production,kt,0.0,False,,,,,OMNIA INF_Data,"British Geological Survey, World Mineral Production 2020-24, Production of primary aluminium",BGS 2024 country value rebased to a synthetic Zijie 2024 regional value linearly back-extrapolated from Zijie 2025-2026; Zijie regional trajectory applied from 2025 onward,0.0,0.0,0.0,0.0,0.0,0.0,0.0,0.0,0.0,0.0,0.0,0.0,0.0,0.0,0.0,0.0,0.0,0.0,0.0,0.0,0.0,0.0,0.0,0.0,0.0,0.0,0.0,0.0,0.0,0.0,0.0,0.0
Tonga,TO,TON,ASE,Rest of World,Primary aluminium ingot production,kt,0.0,False,,,,,OMNIA INF_Data,"British Geological Survey, World Mineral Production 2020-24, Production of primary aluminium",BGS 2024 country value rebased to a synthetic Zijie 2024 regional value linearly back-extrapolated from Zijie 2025-2026; Zijie regional trajectory applied from 2025 onward,0.0,0.0,0.0,0.0,0.0,0.0,0.0,0.0,0.0,0.0,0.0,0.0,0.0,0.0,0.0,0.0,0.0,0.0,0.0,0.0,0.0,0.0,0.0,0.0,0.0,0.0,0.0,0.0,0.0,0.0,0.0,0.0
Vanuatu,VU,VUT,ASE,Rest of World,Primary aluminium ingot production,kt,0.0,False,,,,,OMNIA INF_Data,"British Geological Survey, World Mineral Production 2020-24, Production of primary aluminium",BGS 2024 country value rebased to a synthetic Zijie 2024 regional value linearly back-extrapolated from Zijie 2025-2026; Zijie regional trajectory applied from 2025 onward,0.0,0.0,0.0,0.0,0.0,0.0,0.0,0.0,0.0,0.0,0.0,0.0,0.0,0.0,0.0,0.0,0.0,0.0,0.0,0.0,0.0,0.0,0.0,0.0,0.0,0.0,0.0,0.0,0.0,0.0,0.0,0.0
Niue,NU,NIU,ASE,Rest of World,Primary aluminium ingot production,kt,0.0,False,,,,,OMNIA INF_Data,"British Geological Survey, World Mineral Production 2020-24, Production of primary aluminium",BGS 2024 country value rebased to a synthetic Zijie 2024 regional value linearly back-extrapolated from Zijie 2025-2026; Zijie regional trajectory applied from 2025 onward,0.0,0.0,0.0,0.0,0.0,0.0,0.0,0.0,0.0,0.0,0.0,0.0,0.0,0.0,0.0,0.0,0.0,0.0,0.0,0.0,0.0,0.0,0.0,0.0,0.0,0.0,0.0,0.0,0.0,0.0,0.0,0.0
Samoa,WS,WSM,ASE,Rest of World,Primary aluminium ingot production,kt,0.0,False,,,,,OMNIA INF_Data,"British Geological Survey, World Mineral Production 2020-24, Production of primary aluminium",BGS 2024 country value rebased to a synthetic Zijie 2024 regional value linearly back-extrapolated from Zijie 2025-2026; Zijie regional trajectory applied from 2025 onward,0.0,0.0,0.0,0.0,0.0,0.0,0.0,0.0,0.0,0.0,0.0,0.0,0.0,0.0,0.0,0.0,0.0,0.0,0.0,0.0,0.0,0.0,0.0,0.0,0.0,0.0,0.0,0.0,0.0,0.0,0.0,0.0
Wallis and Futuna Islands,WF,WLF,ASE,Rest of World,Primary aluminium ingot production,kt,0.0,False,,,,,OMNIA INF_Data,"British Geological Survey, World Mineral Production 2020-24, Production of primary aluminium",BGS 2024 country value rebased to a synthetic Zijie 2024 regional value linearly back-extrapolated from Zijie 2025-2026; Zijie regional trajectory applied from 2025 onward,0.0,0.0,0.0,0.0,0.0,0.0,0.0,0.0,0.0,0.0,0.0,0.0,0.0,0.0,0.0,0.0,0.0,0.0,0.0,0.0,0.0,0.0,0.0,0.0,0.0,0.0,0.0,0.0,0.0,0.0,0.0,0.0
Micronesia (Federated States of),FM,FSM,ASE,Rest of World,Primary aluminium ingot production,kt,0.0,False,,,,,OMNIA INF_Data,"British Geological Survey, World Mineral Production 2020-24, Production of primary aluminium",BGS 2024 country value rebased to a synthetic Zijie 2024 regional value linearly back-extrapolated from Zijie 2025-2026; Zijie regional trajectory applied from 2025 onward,0.0,0.0,0.0,0.0,0.0,0.0,0.0,0.0,0.0,0.0,0.0,0.0,0.0,0.0,0.0,0.0,0.0,0.0,0.0,0.0,0.0,0.0,0.0,0.0,0.0,0.0,0.0,0.0,0.0,0.0,0.0,0.0
Nauru,NR,NRU,ASE,Rest of World,Primary aluminium ingot production,kt,0.0,False,,,,,OMNIA INF_Data,"British Geological Survey, World Mineral Production 2020-24, Production of primary aluminium",BGS 2024 country value rebased to a synthetic Zijie 2024 regional value linearly back-extrapolated from Zijie 2025-2026; Zijie regional trajectory applied from 2025 onward,0.0,0.0,0.0,0.0,0.0,0.0,0.0,0.0,0.0,0.0,0.0,0.0,0.0,0.0,0.0,0.0,0.0,0.0,0.0,0.0,0.0,0.0,0.0,0.0,0.0,0.0,0.0,0.0,0.0,0.0,0.0,0.0
Tuvalu,TV,TUV,ASE,Rest of World,Primary aluminium ingot production,kt,0.0,False,,,,,OMNIA INF_Data,"British Geological Survey, World Mineral Production 2020-24, Production of primary aluminium",BGS 2024 country value rebased to a synthetic Zijie 2024 regional value linearly back-extrapolated from Zijie 2025-2026; Zijie regional trajectory applied from 2025 onward,0.0,0.0,0.0,0.0,0.0,0.0,0.0,0.0,0.0,0.0,0.0,0.0,0.0,0.0,0.0,0.0,0.0,0.0,0.0,0.0,0.0,0.0,0.0,0.0,0.0,0.0,0.0,0.0,0.0,0.0,0.0,0.0
Northern Mariana Islands,MP,MNP,ASE,Rest of World,Primary aluminium ingot production,kt,0.0,False,,,,,OMNIA INF_Data,"British Geological Survey, World Mineral Production 2020-24, Production of primary aluminium",BGS 2024 country value rebased to a synthetic Zijie 2024 regional value linearly back-extrapolated from Zijie 2025-2026; Zijie regional trajectory applied from 2025 onward,0.0,0.0,0.0,0.0,0.0,0.0,0.0,0.0,0.0,0.0,0.0,0.0,0.0,0.0,0.0,0.0,0.0,0.0,0.0,0.0,0.0,0.0,0.0,0.0,0.0,0.0,0.0,0.0,0.0,0.0,0.0,0.0
China,CN,CHN,CHN,China,Primary aluminium ingot production,kt,35044.0,True,China,,,0.9758551318916848,OMNIA INF_Data,"British Geological Survey, World Mineral Production 2020-24, Production of primary aluminium",BGS 2024 country value rebased to a synthetic Zijie 2024 regional value linearly back-extrapolated from Zijie 2025-2026; Zijie regional trajectory applied from 2025 onward,35044.0,37080.401,38502.6,40144.3,41594.0,44005.0,42024.75015540683,40044.500310813666,37501.31820506095,34816.11246060058,32227.970658411698,29800.325642614167,27534.264144827044,25443.356587620234,23549.042053091343,21862.96643158238,20387.350708110625,19084.522020349672,17941.230139501902,16946.017827072847,16023.20669473741,15149.468969037802,14332.554629257671,13556.087704446796,12835.114455389901,12140.53967265078,11435.409469458802,10726.648290639718,10059.315301774379,9410.361032770817,8759.513506560004,8145.896614745835
"China, Hong Kong Special Administrative Region",HK,HKG,CHN,Rest of World,Primary aluminium ingot production,kt,0.0,False,,,,,OMNIA INF_Data,"British Geological Survey, World Mineral Production 2020-24, Production of primary aluminium",BGS 2024 country value rebased to a synthetic Zijie 2024 regional value linearly back-extrapolated from Zijie 2025-2026; Zijie regional trajectory applied from 2025 onward,0.0,0.0,0.0,0.0,0.0,0.0,0.0,0.0,0.0,0.0,0.0,0.0,0.0,0.0,0.0,0.0,0.0,0.0,0.0,0.0,0.0,0.0,0.0,0.0,0.0,0.0,0.0,0.0,0.0,0.0,0.0,0.0
"China, Macao Special Administrative Region",MO,MAC,CHN,Rest of World,Primary aluminium ingot production,kt,0.0,False,,,,,OMNIA INF_Data,"British Geological Survey, World Mineral Production 2020-24, Production of primary aluminium",BGS 2024 country value rebased to a synthetic Zijie 2024 regional value linearly back-extrapolated from Zijie 2025-2026; Zijie regional trajectory applied from 2025 onward,0.0,0.0,0.0,0.0,0.0,0.0,0.0,0.0,0.0,0.0,0.0,0.0,0.0,0.0,0.0,0.0,0.0,0.0,0.0,0.0,0.0,0.0,0.0,0.0,0.0,0.0,0.0,0.0,0.0,0.0,0.0,0.0
Indonesia,ID,IDN,IDN,Other Asia,Primary aluminium ingot production,kt,240.0,True,Indonesia,,,0.9882016849311076,OMNIA INF_Data,"British Geological Survey, World Mineral Production 2020-24, Production of primary aluminium",BGS 2024 country value rebased to a synthetic Zijie 2024 regional value linearly back-extrapolated from Zijie 2025-2026; Zijie regional trajectory applied from 2025 onward,240.0,220.1,243.4,223.774,214.882,274.23,291.49574815673617,308.7614963134723,324.224322463397,339.93307801191617,355.57222779061857,371.2246387545535,386.5891060547562,401.3667970150295,415.5418103624471,429.02864554619987,441.7331302895907,453.6268917590369,464.50217911173746,474.36389924411975,483.27792731151914,490.99662323843586,497.70081148692685,503.2114412472863,507.25675417006363,510.0643767281659,511.6326782957932,511.719932151674,510.1507767362726,507.2274780005099,503.2317979250002,498.219947950759
Philippines,PH,PHL,IDN,Rest of World,Primary aluminium ingot production,kt,0.0,False,,,,,OMNIA INF_Data,"British Geological Survey, World Mineral Production 2020-24, Production of primary aluminium",BGS 2024 country value rebased to a synthetic Zijie 2024 regional value linearly back-extrapolated from Zijie 2025-2026; Zijie regional trajectory applied from 2025 onward,0.0,0.0,0.0,0.0,0.0,0.0,0.0,0.0,0.0,0.0,0.0,0.0,0.0,0.0,0.0,0.0,0.0,0.0,0.0,0.0,0.0,0.0,0.0,0.0,0.0,0.0,0.0,0.0,0.0,0.0,0.0,0.0
Viet Nam,VN,VNM,IDN,Other Asia,Primary aluminium ingot production,kt,0.0,False,,,,,OMNIA INF_Data,"British Geological Survey, World Mineral Production 2020-24, Production of primary aluminium",BGS 2024 country value rebased to a synthetic Zijie 2024 regional value linearly back-extrapolated from Zijie 2025-2026; Zijie regional trajectory applied from 2025 onward,0.0,0.0,0.0,0.0,0.0,0.0,0.0,0.0,0.0,0.0,0.0,0.0,0.0,0.0,0.0,0.0,0.0,0.0,0.0,0.0,0.0,0.0,0.0,0.0,0.0,0.0,0.0,0.0,0.0,0.0,0.0,0.0
India,IN,IND,IND,Other Asia,Primary aluminium ingot production,kt,3640.0,True,India,2022,Years ended 31 March following the stated year,0.9976687271875467,OMNIA INF_Data,"British Geological Survey, World Mineral Production 2020-24, Production of primary aluminium",BGS 2024 country value rebased to a synthetic Zijie 2024 regional value linearly back-extrapolated from Zijie 2025-2026; Zijie regional trajectory applied from 2025 onward,3640.0,3619.237,4016.621,4100.0,4159.0,4199.0,4463.372521278252,4727.745042556504,4964.511286233468,5205.043192108945,5444.509296914296,5684.178456515953,5919.438632986621,6145.71411102399,6362.761410902947,6569.271351232517,6763.801969463557,6945.918821778054,7112.440834665009,7263.443142347878,7399.934422860623,7518.122820180842,7620.777112035903,7705.1556788001135,7767.097366298716,7810.087582983511,7834.101360770286,7835.437388706118,7811.410536832616,7766.649090632465,7705.467379524763,7628.726111093742
Bangladesh,BD,BGD,ASO,Rest of World,Primary aluminium ingot production,kt,0.0,False,,,,,OMNIA INF_Data,"British Geological Survey, World Mineral Production 2020-24, Production of primary aluminium",BGS 2024 country value rebased to a synthetic Zijie 2024 regional value linearly back-extrapolated from Zijie 2025-2026; Zijie regional trajectory applied from 2025 onward,0.0,0.0,0.0,0.0,0.0,0.0,0.0,0.0,0.0,0.0,0.0,0.0,0.0,0.0,0.0,0.0,0.0,0.0,0.0,0.0,0.0,0.0,0.0,0.0,0.0,0.0,0.0,0.0,0.0,0.0,0.0,0.0
Nepal,NP,NPL,ASO,Rest of World,Primary aluminium ingot production,kt,0.0,False,,,,,OMNIA INF_Data,"British Geological Survey, World Mineral Production 2020-24, Production of primary aluminium",BGS 2024 country value rebased to a synthetic Zijie 2024 regional value linearly back-extrapolated from Zijie 2025-2026; Zijie regional trajectory applied from 2025 onward,0.0,0.0,0.0,0.0,0.0,0.0,0.0,0.0,0.0,0.0,0.0,0.0,0.0,0.0,0.0,0.0,0.0,0.0,0.0,0.0,0.0,0.0,0.0,0.0,0.0,0.0,0.0,0.0,0.0,0.0,0.0,0.0
Sri Lanka,LK,LKA,ASO,Rest of World,Primary aluminium ingot production,kt,0.0,False,,,,,OMNIA INF_Data,"British Geological Survey, World Mineral Production 2020-24, Production of primary aluminium",BGS 2024 country value rebased to a synthetic Zijie 2024 regional value linearly back-extrapolated from Zijie 2025-2026; Zijie regional trajectory applied from 2025 onward,0.0,0.0,0.0,0.0,0.0,0.0,0.0,0.0,0.0,0.0,0.0,0.0,0.0,0.0,0.0,0.0,0.0,0.0,0.0,0.0,0.0,0.0,0.0,0.0,0.0,0.0,0.0,0.0,0.0,0.0,0.0,0.0
Pakistan,PK,PAK,ASO,Other Asia,Primary aluminium ingot production,kt,0.0,False,,,,,OMNIA INF_Data,"British Geological Survey, World Mineral Production 2020-24, Production of primary aluminium",BGS 2024 country value rebased to a synthetic Zijie 2024 regional value linearly back-extrapolated from Zijie 2025-2026; Zijie regional trajectory applied from 2025 onward,0.0,0.0,0.0,0.0,0.0,0.0,0.0,0.0,0.0,0.0,0.0,0.0,0.0,0.0,0.0,0.0,0.0,0.0,0.0,0.0,0.0,0.0,0.0,0.0,0.0,0.0,0.0,0.0,0.0,0.0,0.0,0.0
Bhutan,BT,BTN,ASO,Rest of World,Primary aluminium ingot production,kt,0.0,False,,,,,OMNIA INF_Data,"British Geological Survey, World Mineral Production 2020-24, Production of primary aluminium",BGS 2024 country value rebased to a synthetic Zijie 2024 regional value linearly back-extrapolated from Zijie 2025-2026; Zijie regional trajectory applied from 2025 onward,0.0,0.0,0.0,0.0,0.0,0.0,0.0,0.0,0.0,0.0,0.0,0.0,0.0,0.0,0.0,0.0,0.0,0.0,0.0,0.0,0.0,0.0,0.0,0.0,0.0,0.0,0.0,0.0,0.0,0.0,0.0,0.0
Maldives,MV,MDV,ASO,Rest of World,Primary aluminium ingot production,kt,0.0,False,,,,,OMNIA INF_Data,"British Geological Survey, World Mineral Production 2020-24, Production of primary aluminium",BGS 2024 country value rebased to a synthetic Zijie 2024 regional value linearly back-extrapolated from Zijie 2025-2026; Zijie regional trajectory applied from 2025 onward,0.0,0.0,0.0,0.0,0.0,0.0,0.0,0.0,0.0,0.0,0.0,0.0,0.0,0.0,0.0,0.0,0.0,0.0,0.0,0.0,0.0,0.0,0.0,0.0,0.0,0.0,0.0,0.0,0.0,0.0,0.0,0.0
Japan,JP,JPN,JPN,Japan,Primary aluminium ingot production,kt,90.97149636539514,False,,,,0.0,Zijie back-extrapolated fallback used by old approach,"British Geological Survey, World Mineral Production 2020-24, Production of primary aluminium",BGS 2024 country value rebased to a synthetic Zijie 2024 regional value linearly back-extrapolated from Zijie 2025-2026; Zijie regional trajectory applied from 2025 onward,90.97149636539514,0.0,0.0,0.0,0.0,0.0,0.0,0.0,0.0,0.0,0.0,0.0,0.0,0.0,0.0,0.0,0.0,0.0,0.0,0.0,0.0,0.0,0.0,0.0,0.0,0.0,0.0,0.0,0.0,0.0,0.0,0.0
"Taiwan, Province of China",TW,TWN,SKT,Other Asia,Primary aluminium ingot production,kt,0.0,False,,,,,OMNIA INF_Data,"British Geological Survey, World Mineral Production 2020-24, Production of primary aluminium",BGS 2024 country value rebased to a synthetic Zijie 2024 regional value linearly back-extrapolated from Zijie 2025-2026; Zijie regional trajectory applied from 2025 onward,0.0,0.0,0.0,0.0,0.0,0.0,0.0,0.0,0.0,0.0,0.0,0.0,0.0,0.0,0.0,0.0,0.0,0.0,0.0,0.0,0.0,0.0,0.0,0.0,0.0,0.0,0.0,0.0,0.0,0.0,0.0,0.0
Republic of Korea,KR,KOR,SKT,Other Asia,Primary aluminium ingot production,kt,0.0,False,,,,,OMNIA INF_Data,"British Geological Survey, World Mineral Production 2020-24, Production of primary aluminium",BGS 2024 country value rebased to a synthetic Zijie 2024 regional value linearly back-extrapolated from Zijie 2025-2026; Zijie regional trajectory applied from 2025 onward,0.0,0.0,0.0,0.0,0.0,0.0,0.0,0.0,0.0,0.0,0.0,0.0,0.0,0.0,0.0,0.0,0.0,0.0,0.0,0.0,0.0,0.0,0.0,0.0,0.0,0.0,0.0,0.0,0.0,0.0,0.0,0.0
Australia,AU,AUS,ANZ,Other main producer,Primary aluminium ingot production,kt,1570.0,True,Australia,,,0.5992110954238097,OMNIA INF_Data,"British Geological Survey, World Mineral Production 2020-24, Production of primary aluminium",BGS 2024 country value rebased to a synthetic Zijie 2024 regional value linearly back-extrapolated from Zijie 2025-2026; Zijie regional trajectory applied from 2025 onward,1570.0,1582.947,1558.529,1509.646,1555.474,1575.895,1508.7083372165464,1441.521674433093,1420.516133965121,1394.4885511816126,1372.924087180825,1354.9701022269999,1340.9718527657383,1331.8813664878426,1326.2476446383794,1323.6385994686461,1323.6838263448096,1324.9453269120881,1326.474872474692,1328.8975485750818,1332.3878194009656,1336.9356016207664,1342.6744133845943,1348.268519355323,1353.763519641849,1360.1305974689083,1367.3816507470226,1375.3332500718116,1382.5905578555721,1388.5809528816615,1393.7249180076738,1399.9025425391894
New Zealand,NZ,NZL,ANZ,Other main producer,Primary aluminium ingot production,kt,351.0,True,New Zealand,,,0.49271252230849777,OMNIA INF_Data,"British Geological Survey, World Mineral Production 2020-24, Production of primary aluminium",BGS 2024 country value rebased to a synthetic Zijie 2024 regional value linearly back-extrapolated from Zijie 2025-2026; Zijie regional trajectory applied from 2025 onward,351.0,335.405,333.115,333.689,333.716,289.7,277.3489384074659,264.99787681493183,261.13638536177575,256.3516816014475,252.3874420924522,249.08692432881753,246.51359750886598,244.84247482955905,243.80681622299613,243.32719011486603,243.33550426398418,243.56740849259117,243.84858798074632,244.29395348179997,244.9355771040962,245.7716052081744,246.82658270856686,247.85495864714147,248.86511578515297,250.03558872053196,251.36856467049674,252.8303234325915,254.1644491611175,255.26567572701057,256.2113013537216,257.34694670241555
United States of America,US,USA,USA,North America,Primary aluminium ingot production,kt,1090.0,True,USA,2023;2024,,1.1639401789386448,OMNIA INF_Data,"British Geological Survey, World Mineral Production 2020-24, Production of primary aluminium",BGS 2024 country value rebased to a synthetic Zijie 2024 regional value linearly back-extrapolated from Zijie 2025-2026; Zijie regional trajectory applied from 2025 onward,1090.0,1026.617,907.846,872.3,735.0,685.0,707.236663730487,729.4733274609738,717.3636889220422,709.3842926020089,696.4053509386018,679.9421659181388,665.0041887505231,647.8539265249941,628.9832451719493,610.5506585822735,589.9919608107831,567.8469727941921,547.8184514940424,527.1781953290968,502.5199003878239,477.3451529435238,454.980948114914,434.9042675016626,412.3970700896491,387.7626729542248,366.7097835970202,344.55105744190524,324.6283951957426,306.6562512825364,287.4995095613582,272.1743925167228
Canada,CA,CAN,CAN,North America,Primary aluminium ingot production,kt,2854.0,True,Canada,,,2.1665342521388884,OMNIA INF_Data,"British Geological Survey, World Mineral Production 2020-24, Production of primary aluminium",BGS 2024 country value rebased to a synthetic Zijie 2024 regional value linearly back-extrapolated from Zijie 2025-2026; Zijie regional trajectory applied from 2025 onward,2854.0,3154.493,3157.762,3026.236,3301.844,3338.512,3446.8877207360515,3555.2634414721033,3496.2442099715404,3457.354705785866,3394.098716748516,3313.8614309835,3241.057611961878,3157.4716904391403,3065.500893146708,2975.6652558902524,2875.4675052121593,2767.538588083334,2669.924779758071,2569.3295346635527,2449.1514126767224,2326.4562353923934,2217.4589124861573,2119.6103881832273,2009.9161565826785,1889.8545062916132,1787.2481942424163,1679.2523209963358,1582.1544421923052,1494.562882893085,1401.1979017003052,1326.5072635179406
Argentina,AR,ARG,LAM,South America,Primary aluminium ingot production,kt,427.0,True,Argentina,,,0.9858507978372486,OMNIA INF_Data,"British Geological Survey, World Mineral Production 2020-24, Production of primary aluminium",BGS 2024 country value rebased to a synthetic Zijie 2024 regional value linearly back-extrapolated from Zijie 2025-2026; Zijie regional trajectory applied from 2025 onward,427.0,309.804,338.239,400.038,441.0,447.0,449.174833832949,451.3496676658981,449.38187808156755,447.06089627416287,444.6296203997823,442.3638379989782,439.3273705890071,435.44110622195655,430.5064365829375,425.35426758865617,419.24193408014736,411.7394465757429,404.0344001189769,396.63707141056676,388.9455939921127,380.90307087138405,372.0509318090837,362.49061175648956,352.73582622483667,342.4532849994121,331.8516883230204,320.83097931478517,309.7028324591132,297.7015279238149,284.5397604995968,271.9334230517742
Venezuela (Bolivarian Republic of),VE,VEN,LAM,South America,Primary aluminium ingot production,kt,8.0,True,Venezuela,2020;2023;2024,,1.0830023138209863,OMNIA INF_Data,"British Geological Survey, World Mineral Production 2020-24, Production of primary aluminium",BGS 2024 country value rebased to a synthetic Zijie 2024 regional value linearly back-extrapolated from Zijie 2025-2026; Zijie regional trajectory applied from 2025 onward,8.0,10.0,38.3,8.4,8.0,9.2,9.244761680678144,9.289523361356292,9.249022994072531,9.201253346134894,9.151213663709166,9.104580110940939,9.042084584829675,8.962098830519015,8.860535160096253,8.754494992876143,8.62869305041914,8.474279437353097,8.31569682571496,8.163447554758868,8.005144216392477,7.839615776323788,7.657424099873758,7.460656886263319,7.259887251159949,7.048255530189243,6.8300571198474005,6.603232683883721,6.374196999158482,6.127190283890598,5.856299321244498,5.5968400270163805
Colombia,CO,COL,LAM,Rest of World,Primary aluminium ingot production,kt,0.0,False,,,,,OMNIA INF_Data,"British Geological Survey, World Mineral Production 2020-24, Production of primary aluminium",BGS 2024 country value rebased to a synthetic Zijie 2024 regional value linearly back-extrapolated from Zijie 2025-2026; Zijie regional trajectory applied from 2025 onward,0.0,0.0,0.0,0.0,0.0,0.0,0.0,0.0,0.0,0.0,0.0,0.0,0.0,0.0,0.0,0.0,0.0,0.0,0.0,0.0,0.0,0.0,0.0,0.0,0.0,0.0,0.0,0.0,0.0,0.0,0.0,0.0
Peru,PE,PER,LAM,Rest of World,Primary aluminium ingot production,kt,0.0,False,,,,,OMNIA INF_Data,"British Geological Survey, World Mineral Production 2020-24, Production of primary aluminium",BGS 2024 country value rebased to a synthetic Zijie 2024 regional value linearly back-extrapolated from Zijie 2025-2026; Zijie regional trajectory applied from 2025 onward,0.0,0.0,0.0,0.0,0.0,0.0,0.0,0.0,0.0,0.0,0.0,0.0,0.0,0.0,0.0,0.0,0.0,0.0,0.0,0.0,0.0,0.0,0.0,0.0,0.0,0.0,0.0,0.0,0.0,0.0,0.0,0.0
Trinidad and Tobago,TT,TTO,LAM,Rest of World,Primary aluminium ingot production,kt,0.0,False,,,,,OMNIA INF_Data,"British Geological Survey, World Mineral Production 2020-24, Production of primary aluminium",BGS 2024 country value rebased to a synthetic Zijie 2024 regional value linearly back-extrapolated from Zijie 2025-2026; Zijie regional trajectory applied from 2025 onward,0.0,0.0,0.0,0.0,0.0,0.0,0.0,0.0,0.0,0.0,0.0,0.0,0.0,0.0,0.0,0.0,0.0,0.0,0.0,0.0,0.0,0.0,0.0,0.0,0.0,0.0,0.0,0.0,0.0,0.0,0.0,0.0
Ecuador,EC,ECU,LAM,Rest of World,Primary aluminium ingot production,kt,0.0,False,,,,,OMNIA INF_Data,"British Geological Survey, World Mineral Production 2020-24, Production of primary aluminium",BGS 2024 country value rebased to a synthetic Zijie 2024 regional value linearly back-extrapolated from Zijie 2025-2026; Zijie regional trajectory applied from 2025 onward,0.0,0.0,0.0,0.0,0.0,0.0,0.0,0.0,0.0,0.0,0.0,0.0,0.0,0.0,0.0,0.0,0.0,0.0,0.0,0.0,0.0,0.0,0.0,0.0,0.0,0.0,0.0,0.0,0.0,0.0,0.0,0.0
Guatemala,GT,GTM,LAM,Rest of World,Primary aluminium ingot production,kt,0.0,False,,,,,OMNIA INF_Data,"British Geological Survey, World Mineral Production 2020-24, Production of primary aluminium",BGS 2024 country value rebased to a synthetic Zijie 2024 regional value linearly back-extrapolated from Zijie 2025-2026; Zijie regional trajectory applied from 2025 onward,0.0,0.0,0.0,0.0,0.0,0.0,0.0,0.0,0.0,0.0,0.0,0.0,0.0,0.0,0.0,0.0,0.0,0.0,0.0,0.0,0.0,0.0,0.0,0.0,0.0,0.0,0.0,0.0,0.0,0.0,0.0,0.0
Cuba,CU,CUB,LAM,Rest of World,Primary aluminium ingot production,kt,0.0,False,,,,,OMNIA INF_Data,"British Geological Survey, World Mineral Production 2020-24, Production of primary aluminium",BGS 2024 country value rebased to a synthetic Zijie 2024 regional value linearly back-extrapolated from Zijie 2025-2026; Zijie regional trajectory applied from 2025 onward,0.0,0.0,0.0,0.0,0.0,0.0,0.0,0.0,0.0,0.0,0.0,0.0,0.0,0.0,0.0,0.0,0.0,0.0,0.0,0.0,0.0,0.0,0.0,0.0,0.0,0.0,0.0,0.0,0.0,0.0,0.0,0.0
Bolivia (Plurinational State of),BO,BOL,LAM,Rest of World,Primary aluminium ingot production,kt,0.0,False,,,,,OMNIA INF_Data,"British Geological Survey, World Mineral Production 2020-24, Production of primary aluminium",BGS 2024 country value rebased to a synthetic Zijie 2024 regional value linearly back-extrapolated from Zijie 2025-2026; Zijie regional trajectory applied from 2025 onward,0.0,0.0,0.0,0.0,0.0,0.0,0.0,0.0,0.0,0.0,0.0,0.0,0.0,0.0,0.0,0.0,0.0,0.0,0.0,0.0,0.0,0.0,0.0,0.0,0.0,0.0,0.0,0.0,0.0,0.0,0.0,0.0
Dominican Republic,DO,DOM,LAM,South America,Primary aluminium ingot production,kt,0.0,False,,,,,OMNIA INF_Data,"British Geological Survey, World Mineral Production 2020-24, Production of primary aluminium",BGS 2024 country value rebased to a synthetic Zijie 2024 regional value linearly back-extrapolated from Zijie 2025-2026; Zijie regional trajectory applied from 2025 onward,0.0,0.0,0.0,0.0,0.0,0.0,0.0,0.0,0.0,0.0,0.0,0.0,0.0,0.0,0.0,0.0,0.0,0.0,0.0,0.0,0.0,0.0,0.0,0.0,0.0,0.0,0.0,0.0,0.0,0.0,0.0,0.0
Honduras,HN,HND,LAM,Rest of World,Primary aluminium ingot production,kt,0.0,False,,,,,OMNIA INF_Data,"British Geological Survey, World Mineral Production 2020-24, Production of primary aluminium",BGS 2024 country value rebased to a synthetic Zijie 2024 regional value linearly back-extrapolated from Zijie 2025-2026; Zijie regional trajectory applied from 2025 onward,0.0,0.0,0.0,0.0,0.0,0.0,0.0,0.0,0.0,0.0,0.0,0.0,0.0,0.0,0.0,0.0,0.0,0.0,0.0,0.0,0.0,0.0,0.0,0.0,0.0,0.0,0.0,0.0,0.0,0.0,0.0,0.0
Paraguay,PY,PRY,LAM,Rest of World,Primary aluminium ingot production,kt,0.0,False,,,,,OMNIA INF_Data,"British Geological Survey, World Mineral Production 2020-24, Production of primary aluminium",BGS 2024 country value rebased to a synthetic Zijie 2024 regional value linearly back-extrapolated from Zijie 2025-2026; Zijie regional trajectory applied from 2025 onward,0.0,0.0,0.0,0.0,0.0,0.0,0.0,0.0,0.0,0.0,0.0,0.0,0.0,0.0,0.0,0.0,0.0,0.0,0.0,0.0,0.0,0.0,0.0,0.0,0.0,0.0,0.0,0.0,0.0,0.0,0.0,0.0
Uruguay,UY,URY,LAM,Rest of World,Primary aluminium ingot production,kt,0.0,False,,,,,OMNIA INF_Data,"British Geological Survey, World Mineral Production 2020-24, Production of primary aluminium",BGS 2024 country value rebased to a synthetic Zijie 2024 regional value linearly back-extrapolated from Zijie 2025-2026; Zijie regional trajectory applied from 2025 onward,0.0,0.0,0.0,0.0,0.0,0.0,0.0,0.0,0.0,0.0,0.0,0.0,0.0,0.0,0.0,0.0,0.0,0.0,0.0,0.0,0.0,0.0,0.0,0.0,0.0,0.0,0.0,0.0,0.0,0.0,0.0,0.0
Costa Rica,CR,CRI,LAM,Rest of World,Primary aluminium ingot production,kt,0.0,False,,,,,OMNIA INF_Data,"British Geological Survey, World Mineral Production 2020-24, Production of primary aluminium",BGS 2024 country value rebased to a synthetic Zijie 2024 regional value linearly back-extrapolated from Zijie 2025-2026; Zijie regional trajectory applied from 2025 onward,0.0,0.0,0.0,0.0,0.0,0.0,0.0,0.0,0.0,0.0,0.0,0.0,0.0,0.0,0.0,0.0,0.0,0.0,0.0,0.0,0.0,0.0,0.0,0.0,0.0,0.0,0.0,0.0,0.0,0.0,0.0,0.0
El Salvador,SV,SLV,LAM,Rest of World,Primary aluminium ingot production,kt,0.0,False,,,,,OMNIA INF_Data,"British Geological Survey, World Mineral Production 2020-24, Production of primary aluminium",BGS 2024 country value rebased to a synthetic Zijie 2024 regional value linearly back-extrapolated from Zijie 2025-2026; Zijie regional trajectory applied from 2025 onward,0.0,0.0,0.0,0.0,0.0,0.0,0.0,0.0,0.0,0.0,0.0,0.0,0.0,0.0,0.0,0.0,0.0,0.0,0.0,0.0,0.0,0.0,0.0,0.0,0.0,0.0,0.0,0.0,0.0,0.0,0.0,0.0
Haiti,HT,HTI,LAM,South America,Primary aluminium ingot production,kt,0.0,False,,,,,OMNIA INF_Data,"British Geological Survey, World Mineral Production 2020-24, Production of primary aluminium",BGS 2024 country value rebased to a synthetic Zijie 2024 regional value linearly back-extrapolated from Zijie 2025-2026; Zijie regional trajectory applied from 2025 onward,0.0,0.0,0.0,0.0,0.0,0.0,0.0,0.0,0.0,0.0,0.0,0.0,0.0,0.0,0.0,0.0,0.0,0.0,0.0,0.0,0.0,0.0,0.0,0.0,0.0,0.0,0.0,0.0,0.0,0.0,0.0,0.0
Panama,PA,PAN,LAM,Rest of World,Primary aluminium ingot production,kt,0.0,False,,,,,OMNIA INF_Data,"British Geological Survey, World Mineral Production 2020-24, Production of primary aluminium",BGS 2024 country value rebased to a synthetic Zijie 2024 regional value linearly back-extrapolated from Zijie 2025-2026; Zijie regional trajectory applied from 2025 onward,0.0,0.0,0.0,0.0,0.0,0.0,0.0,0.0,0.0,0.0,0.0,0.0,0.0,0.0,0.0,0.0,0.0,0.0,0.0,0.0,0.0,0.0,0.0,0.0,0.0,0.0,0.0,0.0,0.0,0.0,0.0,0.0
Nicaragua,NI,NIC,LAM,Rest of World,Primary aluminium ingot production,kt,0.0,False,,,,,OMNIA INF_Data,"British Geological Survey, World Mineral Production 2020-24, Production of primary aluminium",BGS 2024 country value rebased to a synthetic Zijie 2024 regional value linearly back-extrapolated from Zijie 2025-2026; Zijie regional trajectory applied from 2025 onward,0.0,0.0,0.0,0.0,0.0,0.0,0.0,0.0,0.0,0.0,0.0,0.0,0.0,0.0,0.0,0.0,0.0,0.0,0.0,0.0,0.0,0.0,0.0,0.0,0.0,0.0,0.0,0.0,0.0,0.0,0.0,0.0
Jamaica,JM,JAM,LAM,South America,Primary aluminium ingot production,kt,0.0,False,,,,,OMNIA INF_Data,"British Geological Survey, World Mineral Production 2020-24, Production of primary aluminium",BGS 2024 country value rebased to a synthetic Zijie 2024 regional value linearly back-extrapolated from Zijie 2025-2026; Zijie regional trajectory applied from 2025 onward,0.0,0.0,0.0,0.0,0.0,0.0,0.0,0.0,0.0,0.0,0.0,0.0,0.0,0.0,0.0,0.0,0.0,0.0,0.0,0.0,0.0,0.0,0.0,0.0,0.0,0.0,0.0,0.0,0.0,0.0,0.0,0.0
Curaçao,CW,CUW,LAM,Rest of World,Primary aluminium ingot production,kt,0.0,False,,,,,OMNIA INF_Data,"British Geological Survey, World Mineral Production 2020-24, Production of primary aluminium",BGS 2024 country value rebased to a synthetic Zijie 2024 regional value linearly back-extrapolated from Zijie 2025-2026; Zijie regional trajectory applied from 2025 onward,0.0,0.0,0.0,0.0,0.0,0.0,0.0,0.0,0.0,0.0,0.0,0.0,0.0,0.0,0.0,0.0,0.0,0.0,0.0,0.0,0.0,0.0,0.0,0.0,0.0,0.0,0.0,0.0,0.0,0.0,0.0,0.0
Suriname,SR,SUR,LAM,South America,Primary aluminium ingot production,kt,0.0,False,,,,,OMNIA INF_Data,"British Geological Survey, World Mineral Production 2020-24, Production of primary aluminium",BGS 2024 country value rebased to a synthetic Zijie 2024 regional value linearly back-extrapolated from Zijie 2025-2026; Zijie regional trajectory applied from 2025 onward,0.0,0.0,0.0,0.0,0.0,0.0,0.0,0.0,0.0,0.0,0.0,0.0,0.0,0.0,0.0,0.0,0.0,0.0,0.0,0.0,0.0,0.0,0.0,0.0,0.0,0.0,0.0,0.0,0.0,0.0,0.0,0.0
Antigua and Barbuda,AG,ATG,LAM,Rest of World,Primary aluminium ingot production,kt,0.0,False,,,,,OMNIA INF_Data,"British Geological Survey, World Mineral Production 2020-24, Production of primary aluminium",BGS 2024 country value rebased to a synthetic Zijie 2024 regional value linearly back-extrapolated from Zijie 2025-2026; Zijie regional trajectory applied from 2025 onward,0.0,0.0,0.0,0.0,0.0,0.0,0.0,0.0,0.0,0.0,0.0,0.0,0.0,0.0,0.0,0.0,0.0,0.0,0.0,0.0,0.0,0.0,0.0,0.0,0.0,0.0,0.0,0.0,0.0,0.0,0.0,0.0
Aruba,AW,ABW,LAM,Rest of World,Primary aluminium ingot production,kt,0.0,False,,,,,OMNIA INF_Data,"British Geological Survey, World Mineral Production 2020-24, Production of primary aluminium",BGS 2024 country value rebased to a synthetic Zijie 2024 regional value linearly back-extrapolated from Zijie 2025-2026; Zijie regional trajectory applied from 2025 onward,0.0,0.0,0.0,0.0,0.0,0.0,0.0,0.0,0.0,0.0,0.0,0.0,0.0,0.0,0.0,0.0,0.0,0.0,0.0,0.0,0.0,0.0,0.0,0.0,0.0,0.0,0.0,0.0,0.0,0.0,0.0,0.0
Bahamas,BS,BHS,LAM,Rest of World,Primary aluminium ingot production,kt,0.0,False,,,,,OMNIA INF_Data,"British Geological Survey, World Mineral Production 2020-24, Production of primary aluminium",BGS 2024 country value rebased to a synthetic Zijie 2024 regional value linearly back-extrapolated from Zijie 2025-2026; Zijie regional trajectory applied from 2025 onward,0.0,0.0,0.0,0.0,0.0,0.0,0.0,0.0,0.0,0.0,0.0,0.0,0.0,0.0,0.0,0.0,0.0,0.0,0.0,0.0,0.0,0.0,0.0,0.0,0.0,0.0,0.0,0.0,0.0,0.0,0.0,0.0
Barbados,BB,BRB,LAM,Rest of World,Primary aluminium ingot production,kt,0.0,False,,,,,OMNIA INF_Data,"British Geological Survey, World Mineral Production 2020-24, Production of primary aluminium",BGS 2024 country value rebased to a synthetic Zijie 2024 regional value linearly back-extrapolated from Zijie 2025-2026; Zijie regional trajectory applied from 2025 onward,0.0,0.0,0.0,0.0,0.0,0.0,0.0,0.0,0.0,0.0,0.0,0.0,0.0,0.0,0.0,0.0,0.0,0.0,0.0,0.0,0.0,0.0,0.0,0.0,0.0,0.0,0.0,0.0,0.0,0.0,0.0,0.0
Belize,BZ,BLZ,LAM,Rest of World,Primary aluminium ingot production,kt,0.0,False,,,,,OMNIA INF_Data,"British Geological Survey, World Mineral Production 2020-24, Production of primary aluminium",BGS 2024 country value rebased to a synthetic Zijie 2024 regional value linearly back-extrapolated from Zijie 2025-2026; Zijie regional trajectory applied from 2025 onward,0.0,0.0,0.0,0.0,0.0,0.0,0.0,0.0,0.0,0.0,0.0,0.0,0.0,0.0,0.0,0.0,0.0,0.0,0.0,0.0,0.0,0.0,0.0,0.0,0.0,0.0,0.0,0.0,0.0,0.0,0.0,0.0
Bermuda,BM,BMU,LAM,Rest of World,Primary aluminium ingot production,kt,0.0,False,,,,,OMNIA INF_Data,"British Geological Survey, World Mineral Production 2020-24, Production of primary aluminium",BGS 2024 country value rebased to a synthetic Zijie 2024 regional value linearly back-extrapolated from Zijie 2025-2026; Zijie regional trajectory applied from 2025 onward,0.0,0.0,0.0,0.0,0.0,0.0,0.0,0.0,0.0,0.0,0.0,0.0,0.0,0.0,0.0,0.0,0.0,0.0,0.0,0.0,0.0,0.0,0.0,0.0,0.0,0.0,0.0,0.0,0.0,0.0,0.0,0.0
British Virgin Islands,VG,VGB,LAM,Rest of World,Primary aluminium ingot production,kt,0.0,False,,,,,OMNIA INF_Data,"British Geological Survey, World Mineral Production 2020-24, Production of primary aluminium",BGS 2024 country value rebased to a synthetic Zijie 2024 regional value linearly back-extrapolated from Zijie 2025-2026; Zijie regional trajectory applied from 2025 onward,0.0,0.0,0.0,0.0,0.0,0.0,0.0,0.0,0.0,0.0,0.0,0.0,0.0,0.0,0.0,0.0,0.0,0.0,0.0,0.0,0.0,0.0,0.0,0.0,0.0,0.0,0.0,0.0,0.0,0.0,0.0,0.0
Cayman Islands,KY,CYM,LAM,Rest of World,Primary aluminium ingot production,kt,0.0,False,,,,,OMNIA INF_Data,"British Geological Survey, World Mineral Production 2020-24, Production of primary aluminium",BGS 2024 country value rebased to a synthetic Zijie 2024 regional value linearly back-extrapolated from Zijie 2025-2026; Zijie regional trajectory applied from 2025 onward,0.0,0.0,0.0,0.0,0.0,0.0,0.0,0.0,0.0,0.0,0.0,0.0,0.0,0.0,0.0,0.0,0.0,0.0,0.0,0.0,0.0,0.0,0.0,0.0,0.0,0.0,0.0,0.0,0.0,0.0,0.0,0.0
Dominica,DM,DMA,LAM,Rest of World,Primary aluminium ingot production,kt,0.0,False,,,,,OMNIA INF_Data,"British Geological Survey, World Mineral Production 2020-24, Production of primary aluminium",BGS 2024 country value rebased to a synthetic Zijie 2024 regional value linearly back-extrapolated from Zijie 2025-2026; Zijie regional trajectory applied from 2025 onward,0.0,0.0,0.0,0.0,0.0,0.0,0.0,0.0,0.0,0.0,0.0,0.0,0.0,0.0,0.0,0.0,0.0,0.0,0.0,0.0,0.0,0.0,0.0,0.0,0.0,0.0,0.0,0.0,0.0,0.0,0.0,0.0
Falkland Islands (Malvinas),FK,FLK,LAM,Rest of World,Primary aluminium ingot production,kt,0.0,False,,,,,OMNIA INF_Data,"British Geological Survey, World Mineral Production 2020-24, Production of primary aluminium",BGS 2024 country value rebased to a synthetic Zijie 2024 regional value linearly back-extrapolated from Zijie 2025-2026; Zijie regional trajectory applied from 2025 onward,0.0,0.0,0.0,0.0,0.0,0.0,0.0,0.0,0.0,0.0,0.0,0.0,0.0,0.0,0.0,0.0,0.0,0.0,0.0,0.0,0.0,0.0,0.0,0.0,0.0,0.0,0.0,0.0,0.0,0.0,0.0,0.0
Guyana,GY,GUY,LAM,South America,Primary aluminium ingot production,kt,0.0,False,,,,,OMNIA INF_Data,"British Geological Survey, World Mineral Production 2020-24, Production of primary aluminium",BGS 2024 country value rebased to a synthetic Zijie 2024 regional value linearly back-extrapolated from Zijie 2025-2026; Zijie regional trajectory applied from 2025 onward,0.0,0.0,0.0,0.0,0.0,0.0,0.0,0.0,0.0,0.0,0.0,0.0,0.0,0.0,0.0,0.0,0.0,0.0,0.0,0.0,0.0,0.0,0.0,0.0,0.0,0.0,0.0,0.0,0.0,0.0,0.0,0.0
Grenada,GD,GRD,LAM,Rest of World,Primary aluminium ingot production,kt,0.0,False,,,,,OMNIA INF_Data,"British Geological Survey, World Mineral Production 2020-24, Production of primary aluminium",BGS 2024 country value rebased to a synthetic Zijie 2024 regional value linearly back-extrapolated from Zijie 2025-2026; Zijie regional trajectory applied from 2025 onward,0.0,0.0,0.0,0.0,0.0,0.0,0.0,0.0,0.0,0.0,0.0,0.0,0.0,0.0,0.0,0.0,0.0,0.0,0.0,0.0,0.0,0.0,0.0,0.0,0.0,0.0,0.0,0.0,0.0,0.0,0.0,0.0
Guadeloupe,GP,GLP,LAM,Rest of World,Primary aluminium ingot production,kt,0.0,False,,,,,OMNIA INF_Data,"British Geological Survey, World Mineral Production 2020-24, Production of primary aluminium",BGS 2024 country value rebased to a synthetic Zijie 2024 regional value linearly back-extrapolated from Zijie 2025-2026; Zijie regional trajectory applied from 2025 onward,0.0,0.0,0.0,0.0,0.0,0.0,0.0,0.0,0.0,0.0,0.0,0.0,0.0,0.0,0.0,0.0,0.0,0.0,0.0,0.0,0.0,0.0,0.0,0.0,0.0,0.0,0.0,0.0,0.0,0.0,0.0,0.0
Cooperative Republic of Guyana,GY,GUY,LAM,South America,Primary aluminium ingot production,kt,0.0,False,,,,,OMNIA INF_Data,"British Geological Survey, World Mineral Production 2020-24, Production of primary aluminium",BGS 2024 country value rebased to a synthetic Zijie 2024 regional value linearly back-extrapolated from Zijie 2025-2026; Zijie regional trajectory applied from 2025 onward,0.0,0.0,0.0,0.0,0.0,0.0,0.0,0.0,0.0,0.0,0.0,0.0,0.0,0.0,0.0,0.0,0.0,0.0,0.0,0.0,0.0,0.0,0.0,0.0,0.0,0.0,0.0,0.0,0.0,0.0,0.0,0.0
Martinique,MQ,MTQ,LAM,Rest of World,Primary aluminium ingot production,kt,0.0,False,,,,,OMNIA INF_Data,"British Geological Survey, World Mineral Production 2020-24, Production of primary aluminium",BGS 2024 country value rebased to a synthetic Zijie 2024 regional value linearly back-extrapolated from Zijie 2025-2026; Zijie regional trajectory applied from 2025 onward,0.0,0.0,0.0,0.0,0.0,0.0,0.0,0.0,0.0,0.0,0.0,0.0,0.0,0.0,0.0,0.0,0.0,0.0,0.0,0.0,0.0,0.0,0.0,0.0,0.0,0.0,0.0,0.0,0.0,0.0,0.0,0.0
Montserrat,MS,MSR,LAM,Rest of World,Primary aluminium ingot production,kt,0.0,False,,,,,OMNIA INF_Data,"British Geological Survey, World Mineral Production 2020-24, Production of primary aluminium",BGS 2024 country value rebased to a synthetic Zijie 2024 regional value linearly back-extrapolated from Zijie 2025-2026; Zijie regional trajectory applied from 2025 onward,0.0,0.0,0.0,0.0,0.0,0.0,0.0,0.0,0.0,0.0,0.0,0.0,0.0,0.0,0.0,0.0,0.0,0.0,0.0,0.0,0.0,0.0,0.0,0.0,0.0,0.0,0.0,0.0,0.0,0.0,0.0,0.0
Puerto Rico,PR,PRI,LAM,Rest of World,Primary aluminium ingot production,kt,0.0,False,,,,,OMNIA INF_Data,"British Geological Survey, World Mineral Production 2020-24, Production of primary aluminium",BGS 2024 country value rebased to a synthetic Zijie 2024 regional value linearly back-extrapolated from Zijie 2025-2026; Zijie regional trajectory applied from 2025 onward,0.0,0.0,0.0,0.0,0.0,0.0,0.0,0.0,0.0,0.0,0.0,0.0,0.0,0.0,0.0,0.0,0.0,0.0,0.0,0.0,0.0,0.0,0.0,0.0,0.0,0.0,0.0,0.0,0.0,0.0,0.0,0.0
"Bonaire, Sint Eustatius and Saba",BQ,BES,LAM,Rest of World,Primary aluminium ingot production,kt,0.0,False,,,,,OMNIA INF_Data,"British Geological Survey, World Mineral Production 2020-24, Production of primary aluminium",BGS 2024 country value rebased to a synthetic Zijie 2024 regional value linearly back-extrapolated from Zijie 2025-2026; Zijie regional trajectory applied from 2025 onward,0.0,0.0,0.0,0.0,0.0,0.0,0.0,0.0,0.0,0.0,0.0,0.0,0.0,0.0,0.0,0.0,0.0,0.0,0.0,0.0,0.0,0.0,0.0,0.0,0.0,0.0,0.0,0.0,0.0,0.0,0.0,0.0
Saint Kitts and Nevis,KN,KNA,LAM,Rest of World,Primary aluminium ingot production,kt,0.0,False,,,,,OMNIA INF_Data,"British Geological Survey, World Mineral Production 2020-24, Production of primary aluminium",BGS 2024 country value rebased to a synthetic Zijie 2024 regional value linearly back-extrapolated from Zijie 2025-2026; Zijie regional trajectory applied from 2025 onward,0.0,0.0,0.0,0.0,0.0,0.0,0.0,0.0,0.0,0.0,0.0,0.0,0.0,0.0,0.0,0.0,0.0,0.0,0.0,0.0,0.0,0.0,0.0,0.0,0.0,0.0,0.0,0.0,0.0,0.0,0.0,0.0
Saint Lucia,LC,LCA,LAM,Rest of World,Primary aluminium ingot production,kt,0.0,False,,,,,OMNIA INF_Data,"British Geological Survey, World Mineral Production 2020-24, Production of primary aluminium",BGS 2024 country value rebased to a synthetic Zijie 2024 regional value linearly back-extrapolated from Zijie 2025-2026; Zijie regional trajectory applied from 2025 onward,0.0,0.0,0.0,0.0,0.0,0.0,0.0,0.0,0.0,0.0,0.0,0.0,0.0,0.0,0.0,0.0,0.0,0.0,0.0,0.0,0.0,0.0,0.0,0.0,0.0,0.0,0.0,0.0,0.0,0.0,0.0,0.0
Saint Pierre and Miquelon,PM,SPM,LAM,Rest of World,Primary aluminium ingot production,kt,0.0,False,,,,,OMNIA INF_Data,"British Geological Survey, World Mineral Production 2020-24, Production of primary aluminium",BGS 2024 country value rebased to a synthetic Zijie 2024 regional value linearly back-extrapolated from Zijie 2025-2026; Zijie regional trajectory applied from 2025 onward,0.0,0.0,0.0,0.0,0.0,0.0,0.0,0.0,0.0,0.0,0.0,0.0,0.0,0.0,0.0,0.0,0.0,0.0,0.0,0.0,0.0,0.0,0.0,0.0,0.0,0.0,0.0,0.0,0.0,0.0,0.0,0.0
Saint Vincent and the Grenadines,VC,VCT,LAM,Rest of World,Primary aluminium ingot production,kt,0.0,False,,,,,OMNIA INF_Data,"British Geological Survey, World Mineral Production 2020-24, Production of primary aluminium",BGS 2024 country value rebased to a synthetic Zijie 2024 regional value linearly back-extrapolated from Zijie 2025-2026; Zijie regional trajectory applied from 2025 onward,0.0,0.0,0.0,0.0,0.0,0.0,0.0,0.0,0.0,0.0,0.0,0.0,0.0,0.0,0.0,0.0,0.0,0.0,0.0,0.0,0.0,0.0,0.0,0.0,0.0,0.0,0.0,0.0,0.0,0.0,0.0,0.0
Saint Martin,MF,MAF,LAM,Rest of World,Primary aluminium ingot production,kt,0.0,False,,,,,OMNIA INF_Data,"British Geological Survey, World Mineral Production 2020-24, Production of primary aluminium",BGS 2024 country value rebased to a synthetic Zijie 2024 regional value linearly back-extrapolated from Zijie 2025-2026; Zijie regional trajectory applied from 2025 onward,0.0,0.0,0.0,0.0,0.0,0.0,0.0,0.0,0.0,0.0,0.0,0.0,0.0,0.0,0.0,0.0,0.0,0.0,0.0,0.0,0.0,0.0,0.0,0.0,0.0,0.0,0.0,0.0,0.0,0.0,0.0,0.0
Turks and Caicos Islands,TC,TCA,LAM,Rest of World,Primary aluminium ingot production,kt,0.0,False,,,,,OMNIA INF_Data,"British Geological Survey, World Mineral Production 2020-24, Production of primary aluminium",BGS 2024 country value rebased to a synthetic Zijie 2024 regional value linearly back-extrapolated from Zijie 2025-2026; Zijie regional trajectory applied from 2025 onward,0.0,0.0,0.0,0.0,0.0,0.0,0.0,0.0,0.0,0.0,0.0,0.0,0.0,0.0,0.0,0.0,0.0,0.0,0.0,0.0,0.0,0.0,0.0,0.0,0.0,0.0,0.0,0.0,0.0,0.0,0.0,0.0
Sint Maarten (Dutch part),SX,SXM,LAM,Rest of World,Primary aluminium ingot production,kt,0.0,False,,,,,OMNIA INF_Data,"British Geological Survey, World Mineral Production 2020-24, Production of primary aluminium",BGS 2024 country value rebased to a synthetic Zijie 2024 regional value linearly back-extrapolated from Zijie 2025-2026; Zijie regional trajectory applied from 2025 onward,0.0,0.0,0.0,0.0,0.0,0.0,0.0,0.0,0.0,0.0,0.0,0.0,0.0,0.0,0.0,0.0,0.0,0.0,0.0,0.0,0.0,0.0,0.0,0.0,0.0,0.0,0.0,0.0,0.0,0.0,0.0,0.0
Anguilla,AI,AIA,LAM,Rest of World,Primary aluminium ingot production,kt,0.0,False,,,,,OMNIA INF_Data,"British Geological Survey, World Mineral Production 2020-24, Production of primary aluminium",BGS 2024 country value rebased to a synthetic Zijie 2024 regional value linearly back-extrapolated from Zijie 2025-2026; Zijie regional trajectory applied from 2025 onward,0.0,0.0,0.0,0.0,0.0,0.0,0.0,0.0,0.0,0.0,0.0,0.0,0.0,0.0,0.0,0.0,0.0,0.0,0.0,0.0,0.0,0.0,0.0,0.0,0.0,0.0,0.0,0.0,0.0,0.0,0.0,0.0
Brazil,BR,BRA,BRA,South America,Primary aluminium ingot production,kt,650.0,True,Brazil,,,1.605016673245336,OMNIA INF_Data,"British Geological Survey, World Mineral Production 2020-24, Production of primary aluminium",BGS 2024 country value rebased to a synthetic Zijie 2024 regional value linearly back-extrapolated from Zijie 2025-2026; Zijie regional trajectory applied from 2025 onward,650.0,685.1,771.7,819.0,1021.7,1107.8,1113.1898902016574,1118.5797804033152,1113.7030079166902,1107.9509192226344,1101.9254887670668,1096.3102007500404,1088.784924247208,1079.153596135757,1066.9240054733293,1054.1553862074122,1039.0071914406874,1020.4137783369305,1001.3183634268515,982.9855653436819,963.9237785782159,943.9919953273361,922.0537410695815,898.3604020220114,874.1851192211947,848.7018996025699,822.4279649311902,795.1153442615638,767.5364603986702,737.7936300536961,705.1748247907233,673.9325415139942
Mexico,MX,MEX,MEX,North America,Primary aluminium ingot production,kt,0.0,False,,,,,OMNIA INF_Data,"British Geological Survey, World Mineral Production 2020-24, Production of primary aluminium",BGS 2024 country value rebased to a synthetic Zijie 2024 regional value linearly back-extrapolated from Zijie 2025-2026; Zijie regional trajectory applied from 2025 onward,0.0,0.0,0.0,0.0,0.0,0.0,0.0,0.0,0.0,0.0,0.0,0.0,0.0,0.0,0.0,0.0,0.0,0.0,0.0,0.0,0.0,0.0,0.0,0.0,0.0,0.0,0.0,0.0,0.0,0.0,0.0,0.0
Chile,CL,CHL,CHL,Rest of World,Primary aluminium ingot production,kt,0.0,False,,,,,OMNIA INF_Data,"British Geological Survey, World Mineral Production 2020-24, Production of primary aluminium",BGS 2024 country value rebased to a synthetic Zijie 2024 regional value linearly back-extrapolated from Zijie 2025-2026; Zijie regional trajectory applied from 2025 onward,0.0,0.0,0.0,0.0,0.0,0.0,0.0,0.0,0.0,0.0,0.0,0.0,0.0,0.0,0.0,0.0,0.0,0.0,0.0,0.0,0.0,0.0,0.0,0.0,0.0,0.0,0.0,0.0,0.0,0.0,0.0,0.0
Ukraine,UA,UKR,ENE,Europe,Primary aluminium ingot production,kt,0.0,False,,,,,OMNIA INF_Data,"British Geological Survey, World Mineral Production 2020-24, Production of primary aluminium",BGS 2024 country value rebased to a synthetic Zijie 2024 regional value linearly back-extrapolated from Zijie 2025-2026; Zijie regional trajectory applied from 2025 onward,0.0,0.0,0.0,0.0,0.0,0.0,0.0,0.0,0.0,0.0,0.0,0.0,0.0,0.0,0.0,0.0,0.0,0.0,0.0,0.0,0.0,0.0,0.0,0.0,0.0,0.0,0.0,0.0,0.0,0.0,0.0,0.0
Belarus,BY,BLR,ENE,Rest of World,Primary aluminium ingot production,kt,0.0,False,,,,,OMNIA INF_Data,"British Geological Survey, World Mineral Production 2020-24, Production of primary aluminium",BGS 2024 country value rebased to a synthetic Zijie 2024 regional value linearly back-extrapolated from Zijie 2025-2026; Zijie regional trajectory applied from 2025 onward,0.0,0.0,0.0,0.0,0.0,0.0,0.0,0.0,0.0,0.0,0.0,0.0,0.0,0.0,0.0,0.0,0.0,0.0,0.0,0.0,0.0,0.0,0.0,0.0,0.0,0.0,0.0,0.0,0.0,0.0,0.0,0.0
Serbia,RS,SRB,ENE,Europe,Primary aluminium ingot production,kt,0.0,False,,,,,OMNIA INF_Data,"British Geological Survey, World Mineral Production 2020-24, Production of primary aluminium",BGS 2024 country value rebased to a synthetic Zijie 2024 regional value linearly back-extrapolated from Zijie 2025-2026; Zijie regional trajectory applied from 2025 onward,0.0,0.0,0.0,0.0,0.0,0.0,0.0,0.0,0.0,0.0,0.0,0.0,0.0,0.0,0.0,0.0,0.0,0.0,0.0,0.0,0.0,0.0,0.0,0.0,0.0,0.0,0.0,0.0,0.0,0.0,0.0,0.0
Bosnia and Herzegovina,BA,BIH,ENE,Rest of World,Primary aluminium ingot production,kt,55.0,True,Bosnia & Herzegovina,,,0.8255657131782522,OMNIA INF_Data,"British Geological Survey, World Mineral Production 2020-24, Production of primary aluminium",BGS 2024 country value rebased to a synthetic Zijie 2024 regional value linearly back-extrapolated from Zijie 2025-2026; Zijie regional trajectory applied from 2025 onward,55.0,0.0,90.037,138.969,35.6,31.87,34.33500052796365,36.800001055927304,39.298593056163135,41.83307195059739,44.45669342549713,47.16463332935341,49.955548385490026,52.822624217260646,55.749354644481215,58.70314832826954,61.640738022291536,64.5340866855439,67.35746027021631,70.11028545973471,72.83741991203073,75.56633238956046,78.27970880381663,81.00479754874665,83.7829074305945,86.57805779932812,89.34495590285735,92.08678069373579,94.77233480133796,97.38565708309454,99.92541075351384,102.31563890045196
Republic of Moldova,MD,MDA,ENE,Europe,Primary aluminium ingot production,kt,0.0,False,,,,,OMNIA INF_Data,"British Geological Survey, World Mineral Production 2020-24, Production of primary aluminium",BGS 2024 country value rebased to a synthetic Zijie 2024 regional value linearly back-extrapolated from Zijie 2025-2026; Zijie regional trajectory applied from 2025 onward,0.0,0.0,0.0,0.0,0.0,0.0,0.0,0.0,0.0,0.0,0.0,0.0,0.0,0.0,0.0,0.0,0.0,0.0,0.0,0.0,0.0,0.0,0.0,0.0,0.0,0.0,0.0,0.0,0.0,0.0,0.0,0.0
Republic of North Macedonia,MK,MKD,ENE,Europe,Primary aluminium ingot production,kt,0.0,False,,,,,OMNIA INF_Data,"British Geological Survey, World Mineral Production 2020-24, Production of primary aluminium",BGS 2024 country value rebased to a synthetic Zijie 2024 regional value linearly back-extrapolated from Zijie 2025-2026; Zijie regional trajectory applied from 2025 onward,0.0,0.0,0.0,0.0,0.0,0.0,0.0,0.0,0.0,0.0,0.0,0.0,0.0,0.0,0.0,0.0,0.0,0.0,0.0,0.0,0.0,0.0,0.0,0.0,0.0,0.0,0.0,0.0,0.0,0.0,0.0,0.0
Kosovo,XK,XKX,ENE,Rest of World,Primary aluminium ingot production,kt,0.0,False,,,,,OMNIA INF_Data,"British Geological Survey, World Mineral Production 2020-24, Production of primary aluminium",BGS 2024 country value rebased to a synthetic Zijie 2024 regional value linearly back-extrapolated from Zijie 2025-2026; Zijie regional trajectory applied from 2025 onward,0.0,0.0,0.0,0.0,0.0,0.0,0.0,0.0,0.0,0.0,0.0,0.0,0.0,0.0,0.0,0.0,0.0,0.0,0.0,0.0,0.0,0.0,0.0,0.0,0.0,0.0,0.0,0.0,0.0,0.0,0.0,0.0
Albania,AL,ALB,ENE,Rest of World,Primary aluminium ingot production,kt,0.0,False,,,,,OMNIA INF_Data,"British Geological Survey, World Mineral Production 2020-24, Production of primary aluminium",BGS 2024 country value rebased to a synthetic Zijie 2024 regional value linearly back-extrapolated from Zijie 2025-2026; Zijie regional trajectory applied from 2025 onward,0.0,0.0,0.0,0.0,0.0,0.0,0.0,0.0,0.0,0.0,0.0,0.0,0.0,0.0,0.0,0.0,0.0,0.0,0.0,0.0,0.0,0.0,0.0,0.0,0.0,0.0,0.0,0.0,0.0,0.0,0.0,0.0
Montenegro,ME,MNE,ENE,Europe,Primary aluminium ingot production,kt,60.0,True,Montenegro,,,0.5720571464388257,OMNIA INF_Data,"British Geological Survey, World Mineral Production 2020-24, Production of primary aluminium",BGS 2024 country value rebased to a synthetic Zijie 2024 regional value linearly back-extrapolated from Zijie 2025-2026; Zijie regional trajectory applied from 2025 onward,60.0,37.208,45.214,43.196,21.778,14.887,16.178397513133778,17.469795026267555,16.637943780328392,16.667786223623466,16.34176512214823,15.85791094088747,15.21001700300864,14.492231747899172,13.73246664929641,12.851983655057538,11.888793988348839,10.877715098805005,9.890150167348198,8.882511361274041,7.83709878962587,6.854212132381481,5.953301423495796,5.0120089957936615,3.945615237465355,2.893467039844967,1.9114982517932628,0.990565383376552,0.07756561684440265,0.07568573523230236,0.07383994518340944,0.0721070442912264
Norway,NO,NOR,ENW,Europe,Primary aluminium ingot production,kt,1400.0,True,Norway,,,2.112915349579249,OMNIA INF_Data,"British Geological Survey, World Mineral Production 2020-24, Production of primary aluminium",BGS 2024 country value rebased to a synthetic Zijie 2024 regional value linearly back-extrapolated from Zijie 2025-2026; Zijie regional trajectory applied from 2025 onward,1400.0,1330.0,1419.0,1424.6,1321.2,1283.0,1394.2959635487766,1505.591927097553,1433.9008443716884,1436.472742991127,1408.3754048308042,1366.6756053710367,1310.8384372177122,1248.9778553472586,1183.4993424496065,1107.6170504090026,1024.6068843320722,937.4695016972406,852.3586125282285,765.5177051464093,675.4213573648143,590.7136539158622,513.0708488174317,431.94784319226625,340.0432827076006,249.3664413327798,164.73784221473474,85.36947584282368,6.6848046222454895,6.522791583465032,6.3637166434012435,6.2143707815976
Svalbard and Jan Mayen Islands,SJ,SJM,ENW,Rest of World,Primary aluminium ingot production,kt,0.0,False,,,,,OMNIA INF_Data,"British Geological Survey, World Mineral Production 2020-24, Production of primary aluminium",BGS 2024 country value rebased to a synthetic Zijie 2024 regional value linearly back-extrapolated from Zijie 2025-2026; Zijie regional trajectory applied from 2025 onward,0.0,0.0,0.0,0.0,0.0,0.0,0.0,0.0,0.0,0.0,0.0,0.0,0.0,0.0,0.0,0.0,0.0,0.0,0.0,0.0,0.0,0.0,0.0,0.0,0.0,0.0,0.0,0.0,0.0,0.0,0.0,0.0
Switzerland,CH,CHE,ENW,Europe,Primary aluminium ingot production,kt,0.0,False,,,,,OMNIA INF_Data,"British Geological Survey, World Mineral Production 2020-24, Production of primary aluminium",BGS 2024 country value rebased to a synthetic Zijie 2024 regional value linearly back-extrapolated from Zijie 2025-2026; Zijie regional trajectory applied from 2025 onward,0.0,0.0,0.0,0.0,0.0,0.0,0.0,0.0,0.0,0.0,0.0,0.0,0.0,0.0,0.0,0.0,0.0,0.0,0.0,0.0,0.0,0.0,0.0,0.0,0.0,0.0,0.0,0.0,0.0,0.0,0.0,0.0
Liechtenstein,LI,LIE,ENW,Rest of World,Primary aluminium ingot production,kt,0.0,False,,,,,OMNIA INF_Data,"British Geological Survey, World Mineral Production 2020-24, Production of primary aluminium",BGS 2024 country value rebased to a synthetic Zijie 2024 regional value linearly back-extrapolated from Zijie 2025-2026; Zijie regional trajectory applied from 2025 onward,0.0,0.0,0.0,0.0,0.0,0.0,0.0,0.0,0.0,0.0,0.0,0.0,0.0,0.0,0.0,0.0,0.0,0.0,0.0,0.0,0.0,0.0,0.0,0.0,0.0,0.0,0.0,0.0,0.0,0.0,0.0,0.0
Iceland,IS,ISL,ENW,Europe,Primary aluminium ingot production,kt,845.0,True,Iceland,,,2.025083976431801,OMNIA INF_Data,"British Geological Survey, World Mineral Production 2020-24, Production of primary aluminium",BGS 2024 country value rebased to a synthetic Zijie 2024 regional value linearly back-extrapolated from Zijie 2025-2026; Zijie regional trajectory applied from 2025 onward,845.0,728.104,729.813,756.012,768.389,742.192,806.5746763664798,870.9573527329595,829.4853745018801,830.9731707451836,814.7193752628092,790.5968050674517,758.2960260292193,722.5108124831586,684.6326921055015,640.7361760539037,592.7163154296098,542.3089356225086,493.073845167226,442.8379708636195,390.71888391684047,341.71702901568324,296.8020884064749,249.8739155374548,196.70881066197936,144.25391880409862,95.29782430946095,49.38467810969368,3.867037032107268,3.7733154566758214,3.6812935175364427,3.594899671968422
United Kingdom of Great Britain and Northern Ireland,GB,GBR,ENW,UK,Primary aluminium ingot production,kt,48.0,True,United Kingdom,,,0.18584781594434607,OMNIA INF_Data,"British Geological Survey, World Mineral Production 2020-24, Production of primary aluminium",BGS 2024 country value rebased to a synthetic Zijie 2024 regional value linearly back-extrapolated from Zijie 2025-2026; Zijie regional trajectory applied from 2025 onward,48.0,35.7,37.571,31.337,29.246,29.05,29.707548857461124,30.365097714922243,30.91649587957128,31.317700571396134,31.508294281630665,31.63400995130526,31.660980591821826,31.613844826008318,31.63938490413251,31.644331239709533,31.661820498848986,31.699572668864516,31.694646230838654,31.71571216744666,31.689140538568214,31.5931403666508,31.465817736136476,31.290138345772107,31.10263954156531,30.864518566732368,30.59064687176825,30.33175492754695,30.077873424068784,29.814027001346723,29.516040620599718,29.209411418775648
Gibraltar,GI,GIB,ENW,Rest of World,Primary aluminium ingot production,kt,0.0,False,,,,,OMNIA INF_Data,"British Geological Survey, World Mineral Production 2020-24, Production of primary aluminium",BGS 2024 country value rebased to a synthetic Zijie 2024 regional value linearly back-extrapolated from Zijie 2025-2026; Zijie regional trajectory applied from 2025 onward,0.0,0.0,0.0,0.0,0.0,0.0,0.0,0.0,0.0,0.0,0.0,0.0,0.0,0.0,0.0,0.0,0.0,0.0,0.0,0.0,0.0,0.0,0.0,0.0,0.0,0.0,0.0,0.0,0.0,0.0,0.0,0.0
Saint Helena,SH ,SHN,ENW,Rest of World,Primary aluminium ingot production,kt,0.0,False,,,,,OMNIA INF_Data,"British Geological Survey, World Mineral Production 2020-24, Production of primary aluminium",BGS 2024 country value rebased to a synthetic Zijie 2024 regional value linearly back-extrapolated from Zijie 2025-2026; Zijie regional trajectory applied from 2025 onward,0.0,0.0,0.0,0.0,0.0,0.0,0.0,0.0,0.0,0.0,0.0,0.0,0.0,0.0,0.0,0.0,0.0,0.0,0.0,0.0,0.0,0.0,0.0,0.0,0.0,0.0,0.0,0.0,0.0,0.0,0.0,0.0
Liechtenstein,LI,LIE,ENW,Rest of World,Primary aluminium ingot production,kt,0.0,False,,,,,OMNIA INF_Data,"British Geological Survey, World Mineral Production 2020-24, Production of primary aluminium",BGS 2024 country value rebased to a synthetic Zijie 2024 regional value linearly back-extrapolated from Zijie 2025-2026; Zijie regional trajectory applied from 2025 onward,0.0,0.0,0.0,0.0,0.0,0.0,0.0,0.0,0.0,0.0,0.0,0.0,0.0,0.0,0.0,0.0,0.0,0.0,0.0,0.0,0.0,0.0,0.0,0.0,0.0,0.0,0.0,0.0,0.0,0.0,0.0,0.0
Poland,PL,POL,EUE,Europe,Primary aluminium ingot production,kt,0.0,False,,,,,OMNIA INF_Data,"British Geological Survey, World Mineral Production 2020-24, Production of primary aluminium",BGS 2024 country value rebased to a synthetic Zijie 2024 regional value linearly back-extrapolated from Zijie 2025-2026; Zijie regional trajectory applied from 2025 onward,0.0,0.0,0.0,0.0,0.0,0.0,0.0,0.0,0.0,0.0,0.0,0.0,0.0,0.0,0.0,0.0,0.0,0.0,0.0,0.0,0.0,0.0,0.0,0.0,0.0,0.0,0.0,0.0,0.0,0.0,0.0,0.0
Czechia,CZ,CZE,EUE,Europe,Primary aluminium ingot production,kt,0.0,False,,,,,OMNIA INF_Data,"British Geological Survey, World Mineral Production 2020-24, Production of primary aluminium",BGS 2024 country value rebased to a synthetic Zijie 2024 regional value linearly back-extrapolated from Zijie 2025-2026; Zijie regional trajectory applied from 2025 onward,0.0,0.0,0.0,0.0,0.0,0.0,0.0,0.0,0.0,0.0,0.0,0.0,0.0,0.0,0.0,0.0,0.0,0.0,0.0,0.0,0.0,0.0,0.0,0.0,0.0,0.0,0.0,0.0,0.0,0.0,0.0,0.0
Romania,RO,ROU,EUE,Europe,Primary aluminium ingot production,kt,280.0,True,Romania,,,2.0425863940034255,OMNIA INF_Data,"British Geological Survey, World Mineral Production 2020-24, Production of primary aluminium",BGS 2024 country value rebased to a synthetic Zijie 2024 regional value linearly back-extrapolated from Zijie 2025-2026; Zijie regional trajectory applied from 2025 onward,280.0,271.307,293.399,191.454,196.438,248.059,269.5772894948916,291.09557898978323,277.23461383787736,277.73187229433825,272.2994501534875,264.23708806916136,253.44136546982736,241.48105831612284,228.8212497183998,214.14994380935835,198.10051373384997,181.25311544934982,164.79752538202638,148.0074484964249,130.58795517268783,114.21031822035452,99.19862952985449,83.5140686160798,65.74497012093897,48.213242455625895,31.85089976768892,16.505585976691346,1.2924598205686624,1.2611357423248264,1.230379724743156,1.2015047558163046
Hungary,HU,HUN,EUE,Europe,Primary aluminium ingot production,kt,0.0,False,,,,,OMNIA INF_Data,"British Geological Survey, World Mineral Production 2020-24, Production of primary aluminium",BGS 2024 country value rebased to a synthetic Zijie 2024 regional value linearly back-extrapolated from Zijie 2025-2026; Zijie regional trajectory applied from 2025 onward,0.0,0.0,0.0,0.0,0.0,0.0,0.0,0.0,0.0,0.0,0.0,0.0,0.0,0.0,0.0,0.0,0.0,0.0,0.0,0.0,0.0,0.0,0.0,0.0,0.0,0.0,0.0,0.0,0.0,0.0,0.0,0.0
Bulgaria,BG,BGR,EUE,Europe,Primary aluminium ingot production,kt,0.0,False,,,,,OMNIA INF_Data,"British Geological Survey, World Mineral Production 2020-24, Production of primary aluminium",BGS 2024 country value rebased to a synthetic Zijie 2024 regional value linearly back-extrapolated from Zijie 2025-2026; Zijie regional trajectory applied from 2025 onward,0.0,0.0,0.0,0.0,0.0,0.0,0.0,0.0,0.0,0.0,0.0,0.0,0.0,0.0,0.0,0.0,0.0,0.0,0.0,0.0,0.0,0.0,0.0,0.0,0.0,0.0,0.0,0.0,0.0,0.0,0.0,0.0
Slovakia,SK,SVK,EUE,Europe,Primary aluminium ingot production,kt,220.0,True,Slovakia,,,0.0,OMNIA INF_Data,"British Geological Survey, World Mineral Production 2020-24, Production of primary aluminium",BGS 2024 country value rebased to a synthetic Zijie 2024 regional value linearly back-extrapolated from Zijie 2025-2026; Zijie regional trajectory applied from 2025 onward,220.0,151.875,163.995,71.933,56.114,0.0,0.0,0.0,0.0,0.0,0.0,0.0,0.0,0.0,0.0,0.0,0.0,0.0,0.0,0.0,0.0,0.0,0.0,0.0,0.0,0.0,0.0,0.0,0.0,0.0,0.0,0.0
Croatia,HR,HRV,EUE,Europe,Primary aluminium ingot production,kt,0.0,False,,,,,OMNIA INF_Data,"British Geological Survey, World Mineral Production 2020-24, Production of primary aluminium",BGS 2024 country value rebased to a synthetic Zijie 2024 regional value linearly back-extrapolated from Zijie 2025-2026; Zijie regional trajectory applied from 2025 onward,0.0,0.0,0.0,0.0,0.0,0.0,0.0,0.0,0.0,0.0,0.0,0.0,0.0,0.0,0.0,0.0,0.0,0.0,0.0,0.0,0.0,0.0,0.0,0.0,0.0,0.0,0.0,0.0,0.0,0.0,0.0,0.0
Lithuania,LT,LTU,EUE,Europe,Primary aluminium ingot production,kt,0.0,False,,,,,OMNIA INF_Data,"British Geological Survey, World Mineral Production 2020-24, Production of primary aluminium",BGS 2024 country value rebased to a synthetic Zijie 2024 regional value linearly back-extrapolated from Zijie 2025-2026; Zijie regional trajectory applied from 2025 onward,0.0,0.0,0.0,0.0,0.0,0.0,0.0,0.0,0.0,0.0,0.0,0.0,0.0,0.0,0.0,0.0,0.0,0.0,0.0,0.0,0.0,0.0,0.0,0.0,0.0,0.0,0.0,0.0,0.0,0.0,0.0,0.0
Slovenia,SI,SVN,EUE,Europe,Primary aluminium ingot production,kt,80.0,True,Slovenia,,,0.0,OMNIA INF_Data,"British Geological Survey, World Mineral Production 2020-24, Production of primary aluminium",BGS 2024 country value rebased to a synthetic Zijie 2024 regional value linearly back-extrapolated from Zijie 2025-2026; Zijie regional trajectory applied from 2025 onward,80.0,50.185,37.867,19.211,1.487,0.0,0.0,0.0,0.0,0.0,0.0,0.0,0.0,0.0,0.0,0.0,0.0,0.0,0.0,0.0,0.0,0.0,0.0,0.0,0.0,0.0,0.0,0.0,0.0,0.0,0.0,0.0
Estonia,EE,EST,EUE,Europe,Primary aluminium ingot production,kt,0.0,False,,,,,OMNIA INF_Data,"British Geological Survey, World Mineral Production 2020-24, Production of primary aluminium",BGS 2024 country value rebased to a synthetic Zijie 2024 regional value linearly back-extrapolated from Zijie 2025-2026; Zijie regional trajectory applied from 2025 onward,0.0,0.0,0.0,0.0,0.0,0.0,0.0,0.0,0.0,0.0,0.0,0.0,0.0,0.0,0.0,0.0,0.0,0.0,0.0,0.0,0.0,0.0,0.0,0.0,0.0,0.0,0.0,0.0,0.0,0.0,0.0,0.0
Latvia,LV,LVA,EUE,Europe,Primary aluminium ingot production,kt,0.0,False,,,,,OMNIA INF_Data,"British Geological Survey, World Mineral Production 2020-24, Production of primary aluminium",BGS 2024 country value rebased to a synthetic Zijie 2024 regional value linearly back-extrapolated from Zijie 2025-2026; Zijie regional trajectory applied from 2025 onward,0.0,0.0,0.0,0.0,0.0,0.0,0.0,0.0,0.0,0.0,0.0,0.0,0.0,0.0,0.0,0.0,0.0,0.0,0.0,0.0,0.0,0.0,0.0,0.0,0.0,0.0,0.0,0.0,0.0,0.0,0.0,0.0
Germany,DE,DEU,EUW,Europe,Primary aluminium ingot production,kt,550.0,True,Germany,,,0.9222389678599998,OMNIA INF_Data,"British Geological Survey, World Mineral Production 2020-24, Production of primary aluminium",BGS 2024 country value rebased to a synthetic Zijie 2024 regional value linearly back-extrapolated from Zijie 2025-2026; Zijie regional trajectory applied from 2025 onward,550.0,529.056,509.193,341.212,189.471,220.0,239.0842649888783,258.1685299777566,245.87543707074937,246.3164485253686,241.49851057114333,234.34811627562593,224.77354340444015,214.16611705097185,202.93831281287098,189.92654021042912,175.6925288800124,160.75081089118703,146.15658203913506,131.2657015839517,115.81660063932904,101.2915072965625,87.97785404507793,74.0674399862031,58.3082791860266,42.75963919969724,28.248110122557787,14.638569513188783,1.1462642376414713,1.1184833580376516,1.0912062833579685,1.065597483984
Netherlands,NL,NLD,EUW,Europe,Primary aluminium ingot production,kt,150.0,True,Netherlands,2022;2023;2024,Nil values marked as estimated in the BGS table,0.0,OMNIA INF_Data,"British Geological Survey, World Mineral Production 2020-24, Production of primary aluminium",BGS 2024 country value rebased to a synthetic Zijie 2024 regional value linearly back-extrapolated from Zijie 2025-2026; Zijie regional trajectory applied from 2025 onward,150.0,70.6,46.7,0.0,0.0,0.0,0.0,0.0,0.0,0.0,0.0,0.0,0.0,0.0,0.0,0.0,0.0,0.0,0.0,0.0,0.0,0.0,0.0,0.0,0.0,0.0,0.0,0.0,0.0,0.0,0.0,0.0
Belgium,BE,BEL,EUW,Europe,Primary aluminium ingot production,kt,0.0,False,,,,,OMNIA INF_Data,"British Geological Survey, World Mineral Production 2020-24, Production of primary aluminium",BGS 2024 country value rebased to a synthetic Zijie 2024 regional value linearly back-extrapolated from Zijie 2025-2026; Zijie regional trajectory applied from 2025 onward,0.0,0.0,0.0,0.0,0.0,0.0,0.0,0.0,0.0,0.0,0.0,0.0,0.0,0.0,0.0,0.0,0.0,0.0,0.0,0.0,0.0,0.0,0.0,0.0,0.0,0.0,0.0,0.0,0.0,0.0,0.0,0.0
Sweden,SE,SWE,EUW,Europe,Primary aluminium ingot production,kt,120.0,True,Sweden,,,2.094250989515416,OMNIA INF_Data,"British Geological Survey, World Mineral Production 2020-24, Production of primary aluminium",BGS 2024 country value rebased to a synthetic Zijie 2024 regional value linearly back-extrapolated from Zijie 2025-2026; Zijie regional trajectory applied from 2025 onward,120.0,117.0,124.0,120.0,119.0,109.0,118.45538583539879,127.91077167079757,121.82010291232582,122.03860404211444,119.65153478297556,116.10883942746922,111.36507377765443,106.10957617525423,100.54670953001335,94.09996764971261,87.04766203600614,79.64471994154266,72.41394291938964,65.0361885120488,57.381861225849384,50.18533770602414,43.58902768597043,36.69704981134608,28.889101960349546,21.18545760348636,13.995654560721814,7.252745804261715,0.5679218268314562,0.5541576637550183,0.5406431131182662,0.5279551170647999
Austria,AT,AUT,EUW,Europe,Primary aluminium ingot production,kt,0.0,False,,,,,OMNIA INF_Data,"British Geological Survey, World Mineral Production 2020-24, Production of primary aluminium",BGS 2024 country value rebased to a synthetic Zijie 2024 regional value linearly back-extrapolated from Zijie 2025-2026; Zijie regional trajectory applied from 2025 onward,0.0,0.0,0.0,0.0,0.0,0.0,0.0,0.0,0.0,0.0,0.0,0.0,0.0,0.0,0.0,0.0,0.0,0.0,0.0,0.0,0.0,0.0,0.0,0.0,0.0,0.0,0.0,0.0,0.0,0.0,0.0,0.0
Finland,FI,FIN,EUW,Europe,Primary aluminium ingot production,kt,0.0,False,,,,,OMNIA INF_Data,"British Geological Survey, World Mineral Production 2020-24, Production of primary aluminium",BGS 2024 country value rebased to a synthetic Zijie 2024 regional value linearly back-extrapolated from Zijie 2025-2026; Zijie regional trajectory applied from 2025 onward,0.0,0.0,0.0,0.0,0.0,0.0,0.0,0.0,0.0,0.0,0.0,0.0,0.0,0.0,0.0,0.0,0.0,0.0,0.0,0.0,0.0,0.0,0.0,0.0,0.0,0.0,0.0,0.0,0.0,0.0,0.0,0.0
Denmark,DK,DNK,EUW,Europe,Primary aluminium ingot production,kt,0.0,False,,,,,OMNIA INF_Data,"British Geological Survey, World Mineral Production 2020-24, Production of primary aluminium",BGS 2024 country value rebased to a synthetic Zijie 2024 regional value linearly back-extrapolated from Zijie 2025-2026; Zijie regional trajectory applied from 2025 onward,0.0,0.0,0.0,0.0,0.0,0.0,0.0,0.0,0.0,0.0,0.0,0.0,0.0,0.0,0.0,0.0,0.0,0.0,0.0,0.0,0.0,0.0,0.0,0.0,0.0,0.0,0.0,0.0,0.0,0.0,0.0,0.0
Ireland,IE,IRL,EUW,Europe,Primary aluminium ingot production,kt,0.0,False,,,,,OMNIA INF_Data,"British Geological Survey, World Mineral Production 2020-24, Production of primary aluminium",BGS 2024 country value rebased to a synthetic Zijie 2024 regional value linearly back-extrapolated from Zijie 2025-2026; Zijie regional trajectory applied from 2025 onward,0.0,0.0,0.0,0.0,0.0,0.0,0.0,0.0,0.0,0.0,0.0,0.0,0.0,0.0,0.0,0.0,0.0,0.0,0.0,0.0,0.0,0.0,0.0,0.0,0.0,0.0,0.0,0.0,0.0,0.0,0.0,0.0
Luxembourg,LU,LUX,EUW,Europe,Primary aluminium ingot production,kt,0.0,False,,,,,OMNIA INF_Data,"British Geological Survey, World Mineral Production 2020-24, Production of primary aluminium",BGS 2024 country value rebased to a synthetic Zijie 2024 regional value linearly back-extrapolated from Zijie 2025-2026; Zijie regional trajectory applied from 2025 onward,0.0,0.0,0.0,0.0,0.0,0.0,0.0,0.0,0.0,0.0,0.0,0.0,0.0,0.0,0.0,0.0,0.0,0.0,0.0,0.0,0.0,0.0,0.0,0.0,0.0,0.0,0.0,0.0,0.0,0.0,0.0,0.0
Greenland,GL,GRL,EUW,Rest of World,Primary aluminium ingot production,kt,0.0,False,,,,,OMNIA INF_Data,"British Geological Survey, World Mineral Production 2020-24, Production of primary aluminium",BGS 2024 country value rebased to a synthetic Zijie 2024 regional value linearly back-extrapolated from Zijie 2025-2026; Zijie regional trajectory applied from 2025 onward,0.0,0.0,0.0,0.0,0.0,0.0,0.0,0.0,0.0,0.0,0.0,0.0,0.0,0.0,0.0,0.0,0.0,0.0,0.0,0.0,0.0,0.0,0.0,0.0,0.0,0.0,0.0,0.0,0.0,0.0,0.0,0.0
Faroe Islands,FO,FRO,EUW,Rest of World,Primary aluminium ingot production,kt,0.0,False,,,,,OMNIA INF_Data,"British Geological Survey, World Mineral Production 2020-24, Production of primary aluminium",BGS 2024 country value rebased to a synthetic Zijie 2024 regional value linearly back-extrapolated from Zijie 2025-2026; Zijie regional trajectory applied from 2025 onward,0.0,0.0,0.0,0.0,0.0,0.0,0.0,0.0,0.0,0.0,0.0,0.0,0.0,0.0,0.0,0.0,0.0,0.0,0.0,0.0,0.0,0.0,0.0,0.0,0.0,0.0,0.0,0.0,0.0,0.0,0.0,0.0
Andorra,AD,AND,EUW,Rest of World,Primary aluminium ingot production,kt,0.0,False,,,,,OMNIA INF_Data,"British Geological Survey, World Mineral Production 2020-24, Production of primary aluminium",BGS 2024 country value rebased to a synthetic Zijie 2024 regional value linearly back-extrapolated from Zijie 2025-2026; Zijie regional trajectory applied from 2025 onward,0.0,0.0,0.0,0.0,0.0,0.0,0.0,0.0,0.0,0.0,0.0,0.0,0.0,0.0,0.0,0.0,0.0,0.0,0.0,0.0,0.0,0.0,0.0,0.0,0.0,0.0,0.0,0.0,0.0,0.0,0.0,0.0
France,FR,FRA,EUM,Europe,Primary aluminium ingot production,kt,430.0,True,France,,,2.3013079360785573,OMNIA INF_Data,"British Geological Survey, World Mineral Production 2020-24, Production of primary aluminium",BGS 2024 country value rebased to a synthetic Zijie 2024 regional value linearly back-extrapolated from Zijie 2025-2026; Zijie regional trajectory applied from 2025 onward,430.0,417.0,438.9,388.59,356.7,429.2,466.43166606012073,503.6633321202414,479.68062541257103,480.54099866858274,471.1416397142487,457.1918704795393,438.5127492235714,417.8186247194414,395.9141993603828,370.5294139014371,342.7601517968242,313.61021833862486,285.13820459634894,256.08745054469125,225.94765906545464,197.61052241674827,171.63679525521567,144.49884200944715,113.75415193928463,83.42016883868206,55.1094948390991,28.558518341184662,2.2362573217987247,2.182059351226182,2.128844258260182,2.0788838187542398
Monaco,MC,MCO,EUM,Rest of World,Primary aluminium ingot production,kt,0.0,False,,,,,OMNIA INF_Data,"British Geological Survey, World Mineral Production 2020-24, Production of primary aluminium",BGS 2024 country value rebased to a synthetic Zijie 2024 regional value linearly back-extrapolated from Zijie 2025-2026; Zijie regional trajectory applied from 2025 onward,0.0,0.0,0.0,0.0,0.0,0.0,0.0,0.0,0.0,0.0,0.0,0.0,0.0,0.0,0.0,0.0,0.0,0.0,0.0,0.0,0.0,0.0,0.0,0.0,0.0,0.0,0.0,0.0,0.0,0.0,0.0,0.0
Italy,IT,ITA,EUM,Europe,Primary aluminium ingot production,kt,0.0,False,,,,,OMNIA INF_Data,"British Geological Survey, World Mineral Production 2020-24, Production of primary aluminium",BGS 2024 country value rebased to a synthetic Zijie 2024 regional value linearly back-extrapolated from Zijie 2025-2026; Zijie regional trajectory applied from 2025 onward,0.0,0.0,0.0,0.0,0.0,0.0,0.0,0.0,0.0,0.0,0.0,0.0,0.0,0.0,0.0,0.0,0.0,0.0,0.0,0.0,0.0,0.0,0.0,0.0,0.0,0.0,0.0,0.0,0.0,0.0,0.0,0.0
San Marino,SM,SMR,EUM,Rest of World,Primary aluminium ingot production,kt,0.0,False,,,,,OMNIA INF_Data,"British Geological Survey, World Mineral Production 2020-24, Production of primary aluminium",BGS 2024 country value rebased to a synthetic Zijie 2024 regional value linearly back-extrapolated from Zijie 2025-2026; Zijie regional trajectory applied from 2025 onward,0.0,0.0,0.0,0.0,0.0,0.0,0.0,0.0,0.0,0.0,0.0,0.0,0.0,0.0,0.0,0.0,0.0,0.0,0.0,0.0,0.0,0.0,0.0,0.0,0.0,0.0,0.0,0.0,0.0,0.0,0.0,0.0
Spain,ES,ESP,EUM,Europe,Primary aluminium ingot production,kt,240.0,True,Spain,2020;2021,,0.0,OMNIA INF_Data,"British Geological Survey, World Mineral Production 2020-24, Production of primary aluminium",BGS 2024 country value rebased to a synthetic Zijie 2024 regional value linearly back-extrapolated from Zijie 2025-2026; Zijie regional trajectory applied from 2025 onward,240.0,200.0,190.0,0.0,0.0,0.0,0.0,0.0,0.0,0.0,0.0,0.0,0.0,0.0,0.0,0.0,0.0,0.0,0.0,0.0,0.0,0.0,0.0,0.0,0.0,0.0,0.0,0.0,0.0,0.0,0.0,0.0
Greece,GR,GRC,EUM,Europe,Primary aluminium ingot production,kt,180.0,True,Greece,,,2.331215168757222,OMNIA INF_Data,"British Geological Survey, World Mineral Production 2020-24, Production of primary aluminium",BGS 2024 country value rebased to a synthetic Zijie 2024 regional value linearly back-extrapolated from Zijie 2025-2026; Zijie regional trajectory applied from 2025 onward,180.0,189.036,183.77,186.448,182.875,182.0,197.78789194534477,213.57578389068954,203.40604339489266,203.77088014371404,199.78513147249132,193.86980528256328,185.94902227094593,177.1737877421676,167.8853315088296,157.121046901355,145.34563752801026,132.98476173725473,120.91135423237536,108.59253494672369,95.81191507435402,83.79570149079261,72.78167925547356,61.27397307949529,48.23684914480383,35.37388333793135,23.368891101388716,12.110089324547085,0.9482731420488535,0.9252907780129662,0.9027251980506831,0.8815397367503999
Portugal,PT,PRT,EUM,Europe,Primary aluminium ingot production,kt,0.0,False,,,,,OMNIA INF_Data,"British Geological Survey, World Mineral Production 2020-24, Production of primary aluminium",BGS 2024 country value rebased to a synthetic Zijie 2024 regional value linearly back-extrapolated from Zijie 2025-2026; Zijie regional trajectory applied from 2025 onward,0.0,0.0,0.0,0.0,0.0,0.0,0.0,0.0,0.0,0.0,0.0,0.0,0.0,0.0,0.0,0.0,0.0,0.0,0.0,0.0,0.0,0.0,0.0,0.0,0.0,0.0,0.0,0.0,0.0,0.0,0.0,0.0
Cyprus,CY,CYP,EUM,Europe,Primary aluminium ingot production,kt,0.0,False,,,,,OMNIA INF_Data,"British Geological Survey, World Mineral Production 2020-24, Production of primary aluminium",BGS 2024 country value rebased to a synthetic Zijie 2024 regional value linearly back-extrapolated from Zijie 2025-2026; Zijie regional trajectory applied from 2025 onward,0.0,0.0,0.0,0.0,0.0,0.0,0.0,0.0,0.0,0.0,0.0,0.0,0.0,0.0,0.0,0.0,0.0,0.0,0.0,0.0,0.0,0.0,0.0,0.0,0.0,0.0,0.0,0.0,0.0,0.0,0.0,0.0
Malta,MT,MLT,EUM,Europe,Primary aluminium ingot production,kt,0.0,False,,,,,OMNIA INF_Data,"British Geological Survey, World Mineral Production 2020-24, Production of primary aluminium",BGS 2024 country value rebased to a synthetic Zijie 2024 regional value linearly back-extrapolated from Zijie 2025-2026; Zijie regional trajectory applied from 2025 onward,0.0,0.0,0.0,0.0,0.0,0.0,0.0,0.0,0.0,0.0,0.0,0.0,0.0,0.0,0.0,0.0,0.0,0.0,0.0,0.0,0.0,0.0,0.0,0.0,0.0,0.0,0.0,0.0,0.0,0.0,0.0,0.0
Iran (Islamic Republic of),IR,IRN,MEA,Middle East,Primary aluminium ingot production,kt,360.0,True,Iran,,Years ended 20 March following the stated year,1.7399484796186557,OMNIA INF_Data,"British Geological Survey, World Mineral Production 2020-24, Production of primary aluminium",BGS 2024 country value rebased to a synthetic Zijie 2024 regional value linearly back-extrapolated from Zijie 2025-2026; Zijie regional trajectory applied from 2025 onward,360.0,446.836,562.649,632.166,635.596,604.526,588.2404152074316,571.9548304148633,565.4220289609193,559.5182725089184,554.0636670521388,548.9241046358436,546.0913254042099,545.816040442189,546.3465493139109,548.161255173377,551.0340766461105,554.6452704637694,558.7356589236539,563.0700334047943,567.4485671093703,571.9538957048869,576.4430682095251,580.4442829547289,584.0473618064092,587.3007976797245,589.9846569459733,592.198678735016,594.0356443760923,595.2881131824846,595.629200503425,595.3309495535375
Saudi Arabia,SA,SAU,MEA,Middle East,Primary aluminium ingot production,kt,790.0,True,Saudi Arabia,,,1.293223920817716,OMNIA INF_Data,"British Geological Survey, World Mineral Production 2020-24, Production of primary aluminium",BGS 2024 country value rebased to a synthetic Zijie 2024 regional value linearly back-extrapolated from Zijie 2025-2026; Zijie regional trajectory applied from 2025 onward,790.0,796.004,998.0,952.0,895.0,986.0,959.4377237613065,932.8754475226133,922.220252818682,912.591049340795,903.6944245796027,895.3116444469581,890.6912967325658,890.2422987199861,891.1075745683664,894.0674141409133,898.7530719490394,904.6430371518788,911.3145831589093,918.3840776693265,925.5255971948918,932.873922982665,940.1958977026493,946.7219987119871,952.5987281624273,957.9051794500292,962.282634243572,965.893770049139,968.8899159917473,970.9327301024767,971.4890537319768,971.0025975057947
United Arab Emirates,AE,ARE,MEA,Middle East,Primary aluminium ingot production,kt,2600.0,True,United Arab Emirates,,,1.0720198760062916,OMNIA INF_Data,"British Geological Survey, World Mineral Production 2020-24, Production of primary aluminium",BGS 2024 country value rebased to a synthetic Zijie 2024 regional value linearly back-extrapolated from Zijie 2025-2026; Zijie regional trajectory applied from 2025 onward,2600.0,2520.0,2540.0,2650.0,2660.0,2690.0,2617.532938050623,2545.065876101247,2515.996430103706,2489.726087958153,2465.454363203987,2442.5845066554944,2429.9792983880343,2428.7543443780555,2431.114985384286,2439.1900040964065,2451.9733910171562,2468.042363020846,2486.2436396526023,2505.5305972925844,2525.0140531990455,2545.0617168594003,2565.0374896755848,2582.841964031689,2598.874826325486,2613.3518587429803,2625.294407824755,2635.1462894849733,2643.3203590444223,2648.8935537278526,2650.4113129198963,2649.084165609115
Iraq,IQ,IRQ,MEA,Rest of World,Primary aluminium ingot production,kt,0.0,False,,,,,OMNIA INF_Data,"British Geological Survey, World Mineral Production 2020-24, Production of primary aluminium",BGS 2024 country value rebased to a synthetic Zijie 2024 regional value linearly back-extrapolated from Zijie 2025-2026; Zijie regional trajectory applied from 2025 onward,0.0,0.0,0.0,0.0,0.0,0.0,0.0,0.0,0.0,0.0,0.0,0.0,0.0,0.0,0.0,0.0,0.0,0.0,0.0,0.0,0.0,0.0,0.0,0.0,0.0,0.0,0.0,0.0,0.0,0.0,0.0,0.0
Qatar,QA,QAT,MEA,Middle East,Primary aluminium ingot production,kt,627.0,True,Qatar,,,1.1270436575504739,OMNIA INF_Data,"British Geological Survey, World Mineral Production 2020-24, Production of primary aluminium",BGS 2024 country value rebased to a synthetic Zijie 2024 regional value linearly back-extrapolated from Zijie 2025-2026; Zijie regional trajectory applied from 2025 onward,627.0,655.0,662.0,638.0,677.0,682.0,663.6273099444331,645.2546198888664,637.8845967772222,631.2242349395763,625.0705857639848,619.2723544754822,616.0765358738437,615.7659713255888,616.3644684134136,618.4117408155201,621.6527333359481,625.7267254945044,630.3413242539311,635.2311774548485,640.1708491753714,645.2535653896324,650.3180550032523,654.8320518474394,658.8968890535248,662.5672742240567,665.5950877830792,668.0928510887553,670.1652360105189,671.5782169674333,671.9630168815498,671.6265431023854
Kuwait,KW,KWT,MEA,Rest of World,Primary aluminium ingot production,kt,0.0,False,,,,,OMNIA INF_Data,"British Geological Survey, World Mineral Production 2020-24, Production of primary aluminium",BGS 2024 country value rebased to a synthetic Zijie 2024 regional value linearly back-extrapolated from Zijie 2025-2026; Zijie regional trajectory applied from 2025 onward,0.0,0.0,0.0,0.0,0.0,0.0,0.0,0.0,0.0,0.0,0.0,0.0,0.0,0.0,0.0,0.0,0.0,0.0,0.0,0.0,0.0,0.0,0.0,0.0,0.0,0.0,0.0,0.0,0.0,0.0,0.0,0.0
Oman,OM,OMN,MEA,Middle East,Primary aluminium ingot production,kt,391.0,True,Oman,,,1.0573531022056937,OMNIA INF_Data,"British Geological Survey, World Mineral Production 2020-24, Production of primary aluminium",BGS 2024 country value rebased to a synthetic Zijie 2024 regional value linearly back-extrapolated from Zijie 2025-2026; Zijie regional trajectory applied from 2025 onward,391.0,397.0,395.0,395.0,398.0,399.0,388.2511681346464,377.5023362692928,373.1905485544159,369.2939439015996,365.69378844549846,362.30156808756215,360.4318736270727,360.25017970514654,360.60032682837544,361.7980712395785,363.6941944296823,366.0776590503039,368.77740231278375,371.6381815315023,374.52810677562053,377.5017193408553,380.46466854295846,383.1055552597189,385.4836638304346,387.6310006090889,389.4024047293968,390.8637061355035,392.07614247536225,392.90279848974467,393.1279233661853,392.9310714044747
Bahrain,BH,BHR,MEA,Middle East,Primary aluminium ingot production,kt,1365.0,True,Bahrain,,,1.2312382643881785,OMNIA INF_Data,"British Geological Survey, World Mineral Production 2020-24, Production of primary aluminium",BGS 2024 country value rebased to a synthetic Zijie 2024 regional value linearly back-extrapolated from Zijie 2025-2026; Zijie regional trajectory applied from 2025 onward,1365.0,1548.0,1561.222,1600.111,1620.665,1622.0,1578.3042474045023,1534.6084948090047,1517.0803753264727,1501.2400426275553,1486.6048242070137,1472.8148958346512,1465.214283265945,1464.4756678740544,1465.8990729714913,1470.7680991243017,1478.4761487843225,1488.1653207508596,1499.14021692064,1510.769750486458,1522.5177673936253,1534.6059868944042,1546.650858086914,1557.3864928101857,1567.0538915613154,1575.7831653833139,1582.9842117069713,1588.9246399794154,1593.853391215633,1597.2138825823706,1598.1290518795804,1597.3288165866115
Yemen,YE,YEM,MEA,Rest of World,Primary aluminium ingot production,kt,0.0,False,,,,,OMNIA INF_Data,"British Geological Survey, World Mineral Production 2020-24, Production of primary aluminium",BGS 2024 country value rebased to a synthetic Zijie 2024 regional value linearly back-extrapolated from Zijie 2025-2026; Zijie regional trajectory applied from 2025 onward,0.0,0.0,0.0,0.0,0.0,0.0,0.0,0.0,0.0,0.0,0.0,0.0,0.0,0.0,0.0,0.0,0.0,0.0,0.0,0.0,0.0,0.0,0.0,0.0,0.0,0.0,0.0,0.0,0.0,0.0,0.0,0.0
Turkey,TR,TUR,MDA,Europe,Primary aluminium ingot production,kt,80.0,True,Turkey,2023;2024,,2.3632373551412496,OMNIA INF_Data,"British Geological Survey, World Mineral Production 2020-24, Production of primary aluminium",BGS 2024 country value rebased to a synthetic Zijie 2024 regional value linearly back-extrapolated from Zijie 2025-2026; Zijie regional trajectory applied from 2025 onward,80.0,79.9,79.2,82.0,82.0,82.0,89.11322604130918,96.22645208261835,91.64448109000658,91.8088580867283,90.0130812128807,87.34793424818785,83.77922981438223,79.8255527189986,75.64064386661553,70.79080135115994,65.48539712800462,59.91621133216971,54.4765442145867,48.926306954018365,43.16800569284082,37.75410726508238,32.791745598619954,27.606954903948427,21.7330858784281,15.937683701705334,10.52884104568063,5.456194091279456,0.427243943120912,0.4168892516322156,0.4067223419788792,0.39717724403039995
Israel,IL,ISR,MDA,Rest of World,Primary aluminium ingot production,kt,0.0,False,,,,,OMNIA INF_Data,"British Geological Survey, World Mineral Production 2020-24, Production of primary aluminium",BGS 2024 country value rebased to a synthetic Zijie 2024 regional value linearly back-extrapolated from Zijie 2025-2026; Zijie regional trajectory applied from 2025 onward,0.0,0.0,0.0,0.0,0.0,0.0,0.0,0.0,0.0,0.0,0.0,0.0,0.0,0.0,0.0,0.0,0.0,0.0,0.0,0.0,0.0,0.0,0.0,0.0,0.0,0.0,0.0,0.0,0.0,0.0,0.0,0.0
Syrian Arab Republic,SY,SYR,MDA,Rest of World,Primary aluminium ingot production,kt,0.0,False,,,,,OMNIA INF_Data,"British Geological Survey, World Mineral Production 2020-24, Production of primary aluminium",BGS 2024 country value rebased to a synthetic Zijie 2024 regional value linearly back-extrapolated from Zijie 2025-2026; Zijie regional trajectory applied from 2025 onward,0.0,0.0,0.0,0.0,0.0,0.0,0.0,0.0,0.0,0.0,0.0,0.0,0.0,0.0,0.0,0.0,0.0,0.0,0.0,0.0,0.0,0.0,0.0,0.0,0.0,0.0,0.0,0.0,0.0,0.0,0.0,0.0
Jordan,JO,JOR,MDA,Rest of World,Primary aluminium ingot production,kt,0.0,False,,,,,OMNIA INF_Data,"British Geological Survey, World Mineral Production 2020-24, Production of primary aluminium",BGS 2024 country value rebased to a synthetic Zijie 2024 regional value linearly back-extrapolated from Zijie 2025-2026; Zijie regional trajectory applied from 2025 onward,0.0,0.0,0.0,0.0,0.0,0.0,0.0,0.0,0.0,0.0,0.0,0.0,0.0,0.0,0.0,0.0,0.0,0.0,0.0,0.0,0.0,0.0,0.0,0.0,0.0,0.0,0.0,0.0,0.0,0.0,0.0,0.0
Lebanon,LB,LBN,MDA,Rest of World,Primary aluminium ingot production,kt,0.0,False,,,,,OMNIA INF_Data,"British Geological Survey, World Mineral Production 2020-24, Production of primary aluminium",BGS 2024 country value rebased to a synthetic Zijie 2024 regional value linearly back-extrapolated from Zijie 2025-2026; Zijie regional trajectory applied from 2025 onward,0.0,0.0,0.0,0.0,0.0,0.0,0.0,0.0,0.0,0.0,0.0,0.0,0.0,0.0,0.0,0.0,0.0,0.0,0.0,0.0,0.0,0.0,0.0,0.0,0.0,0.0,0.0,0.0,0.0,0.0,0.0,0.0
State of Palestine,PS,PSE,MDA,Rest of World,Primary aluminium ingot production,kt,0.0,False,,,,,OMNIA INF_Data,"British Geological Survey, World Mineral Production 2020-24, Production of primary aluminium",BGS 2024 country value rebased to a synthetic Zijie 2024 regional value linearly back-extrapolated from Zijie 2025-2026; Zijie regional trajectory applied from 2025 onward,0.0,0.0,0.0,0.0,0.0,0.0,0.0,0.0,0.0,0.0,0.0,0.0,0.0,0.0,0.0,0.0,0.0,0.0,0.0,0.0,0.0,0.0,0.0,0.0,0.0,0.0,0.0,0.0,0.0,0.0,0.0,0.0
