Country,ISO2,ISO3,OMNIARegion,ZijieRegion,Metric,Unit,Scrap2019_kt,ShareWeight2019,RegionShare2019,AllocationMethod2019,SecondaryEstimate2024Country,SecondaryEstimate2024_kt,RegionShare2024,AllocationMethod2024,Trend2019_2024Slope_kt_per_year,Trend2025Unclipped_kt,AlignmentFactor_vs_old_2025,BoundaryAlignmentMethod,2019,2020,2021,2022,2023,2024,2025,2026,2027,2028,2029,2030,2031,2032,2033,2034,2035,2036,2037,2038,2039,2040,2041,2042,2043,2044,2045,2046,2047,2048,2049,2050
Ethiopia,ET,ETH,AFE,Rest of World,Aluminium scrap,kt,0.0,0.0,0.0,No 2019 secondary producer share; assigned zero,,0.0,0.0,No 2024 secondary production estimate; assigned zero share,0.0,0.0,,Existing values retained through 2024; 2025 extrapolated using a country-level OLS linear trend fitted over 2019-2024 and floored at zero; Zijie regional growth indexed to 2025 thereafter,0.0,0.0,0.0,0.0,0.0,0.0,0.0,0.0,0.0,0.0,0.0,0.0,0.0,0.0,0.0,0.0,0.0,0.0,0.0,0.0,0.0,0.0,0.0,0.0,0.0,0.0,0.0,0.0,0.0,0.0,0.0,0.0
Kenya,KE,KEN,AFE,Rest of World,Aluminium scrap,kt,0.0,0.0,0.0,No 2019 secondary producer share; assigned zero,,0.0,0.0,No 2024 secondary production estimate; assigned zero share,0.0,0.0,,Existing values retained through 2024; 2025 extrapolated using a country-level OLS linear trend fitted over 2019-2024 and floored at zero; Zijie regional growth indexed to 2025 thereafter,0.0,0.0,0.0,0.0,0.0,0.0,0.0,0.0,0.0,0.0,0.0,0.0,0.0,0.0,0.0,0.0,0.0,0.0,0.0,0.0,0.0,0.0,0.0,0.0,0.0,0.0,0.0,0.0,0.0,0.0,0.0,0.0
Sudan,SD,SDN,AFE,Rest of World,Aluminium scrap,kt,0.0,0.0,0.0,No 2019 secondary producer share; assigned zero,,0.0,0.0,No 2024 secondary production estimate; assigned zero share,0.0,0.0,,Existing values retained through 2024; 2025 extrapolated using a country-level OLS linear trend fitted over 2019-2024 and floored at zero; Zijie regional growth indexed to 2025 thereafter,0.0,0.0,0.0,0.0,0.0,0.0,0.0,0.0,0.0,0.0,0.0,0.0,0.0,0.0,0.0,0.0,0.0,0.0,0.0,0.0,0.0,0.0,0.0,0.0,0.0,0.0,0.0,0.0,0.0,0.0,0.0,0.0
Mauritius,MU,MUS,AFE,Rest of World,Aluminium scrap,kt,0.0,0.0,0.0,No 2019 secondary producer share; assigned zero,,0.0,0.0,No 2024 secondary production estimate; assigned zero share,0.0,0.0,,Existing values retained through 2024; 2025 extrapolated using a country-level OLS linear trend fitted over 2019-2024 and floored at zero; Zijie regional growth indexed to 2025 thereafter,0.0,0.0,0.0,0.0,0.0,0.0,0.0,0.0,0.0,0.0,0.0,0.0,0.0,0.0,0.0,0.0,0.0,0.0,0.0,0.0,0.0,0.0,0.0,0.0,0.0,0.0,0.0,0.0,0.0,0.0,0.0,0.0
Eritrea,ER,ERI,AFE,Rest of World,Aluminium scrap,kt,0.0,0.0,0.0,No 2019 secondary producer share; assigned zero,,0.0,0.0,No 2024 secondary production estimate; assigned zero share,0.0,0.0,,Existing values retained through 2024; 2025 extrapolated using a country-level OLS linear trend fitted over 2019-2024 and floored at zero; Zijie regional growth indexed to 2025 thereafter,0.0,0.0,0.0,0.0,0.0,0.0,0.0,0.0,0.0,0.0,0.0,0.0,0.0,0.0,0.0,0.0,0.0,0.0,0.0,0.0,0.0,0.0,0.0,0.0,0.0,0.0,0.0,0.0,0.0,0.0,0.0,0.0
South Sudan,SS,SSD,AFE,Rest of World,Aluminium scrap,kt,0.0,0.0,0.0,No 2019 secondary producer share; assigned zero,,0.0,0.0,No 2024 secondary production estimate; assigned zero share,0.0,0.0,,Existing values retained through 2024; 2025 extrapolated using a country-level OLS linear trend fitted over 2019-2024 and floored at zero; Zijie regional growth indexed to 2025 thereafter,0.0,0.0,0.0,0.0,0.0,0.0,0.0,0.0,0.0,0.0,0.0,0.0,0.0,0.0,0.0,0.0,0.0,0.0,0.0,0.0,0.0,0.0,0.0,0.0,0.0,0.0,0.0,0.0,0.0,0.0,0.0,0.0
Burundi,BI,BDI,AFE,Rest of World,Aluminium scrap,kt,0.0,0.0,0.0,No 2019 secondary producer share; assigned zero,,0.0,0.0,No 2024 secondary production estimate; assigned zero share,0.0,0.0,,Existing values retained through 2024; 2025 extrapolated using a country-level OLS linear trend fitted over 2019-2024 and floored at zero; Zijie regional growth indexed to 2025 thereafter,0.0,0.0,0.0,0.0,0.0,0.0,0.0,0.0,0.0,0.0,0.0,0.0,0.0,0.0,0.0,0.0,0.0,0.0,0.0,0.0,0.0,0.0,0.0,0.0,0.0,0.0,0.0,0.0,0.0,0.0,0.0,0.0
Comoros,KM,COM,AFE,Rest of World,Aluminium scrap,kt,0.0,0.0,0.0,No 2019 secondary producer share; assigned zero,,0.0,0.0,No 2024 secondary production estimate; assigned zero share,0.0,0.0,,Existing values retained through 2024; 2025 extrapolated using a country-level OLS linear trend fitted over 2019-2024 and floored at zero; Zijie regional growth indexed to 2025 thereafter,0.0,0.0,0.0,0.0,0.0,0.0,0.0,0.0,0.0,0.0,0.0,0.0,0.0,0.0,0.0,0.0,0.0,0.0,0.0,0.0,0.0,0.0,0.0,0.0,0.0,0.0,0.0,0.0,0.0,0.0,0.0,0.0
Djibouti,DJ,DJI,AFE,Rest of World,Aluminium scrap,kt,0.0,0.0,0.0,No 2019 secondary producer share; assigned zero,,0.0,0.0,No 2024 secondary production estimate; assigned zero share,0.0,0.0,,Existing values retained through 2024; 2025 extrapolated using a country-level OLS linear trend fitted over 2019-2024 and floored at zero; Zijie regional growth indexed to 2025 thereafter,0.0,0.0,0.0,0.0,0.0,0.0,0.0,0.0,0.0,0.0,0.0,0.0,0.0,0.0,0.0,0.0,0.0,0.0,0.0,0.0,0.0,0.0,0.0,0.0,0.0,0.0,0.0,0.0,0.0,0.0,0.0,0.0
Madagascar,MG,MDG,AFE,Rest of World,Aluminium scrap,kt,0.0,0.0,0.0,No 2019 secondary producer share; assigned zero,,0.0,0.0,No 2024 secondary production estimate; assigned zero share,0.0,0.0,,Existing values retained through 2024; 2025 extrapolated using a country-level OLS linear trend fitted over 2019-2024 and floored at zero; Zijie regional growth indexed to 2025 thereafter,0.0,0.0,0.0,0.0,0.0,0.0,0.0,0.0,0.0,0.0,0.0,0.0,0.0,0.0,0.0,0.0,0.0,0.0,0.0,0.0,0.0,0.0,0.0,0.0,0.0,0.0,0.0,0.0,0.0,0.0,0.0,0.0
Reunion,RE,REU,AFE,Rest of World,Aluminium scrap,kt,0.0,0.0,0.0,No 2019 secondary producer share; assigned zero,,0.0,0.0,No 2024 secondary production estimate; assigned zero share,0.0,0.0,,Existing values retained through 2024; 2025 extrapolated using a country-level OLS linear trend fitted over 2019-2024 and floored at zero; Zijie regional growth indexed to 2025 thereafter,0.0,0.0,0.0,0.0,0.0,0.0,0.0,0.0,0.0,0.0,0.0,0.0,0.0,0.0,0.0,0.0,0.0,0.0,0.0,0.0,0.0,0.0,0.0,0.0,0.0,0.0,0.0,0.0,0.0,0.0,0.0,0.0
Rwanda,RW,RWA,AFE,Rest of World,Aluminium scrap,kt,0.0,0.0,0.0,No 2019 secondary producer share; assigned zero,,0.0,0.0,No 2024 secondary production estimate; assigned zero share,0.0,0.0,,Existing values retained through 2024; 2025 extrapolated using a country-level OLS linear trend fitted over 2019-2024 and floored at zero; Zijie regional growth indexed to 2025 thereafter,0.0,0.0,0.0,0.0,0.0,0.0,0.0,0.0,0.0,0.0,0.0,0.0,0.0,0.0,0.0,0.0,0.0,0.0,0.0,0.0,0.0,0.0,0.0,0.0,0.0,0.0,0.0,0.0,0.0,0.0,0.0,0.0
Somalia,SO,SOM,AFE,Rest of World,Aluminium scrap,kt,0.0,0.0,0.0,No 2019 secondary producer share; assigned zero,,0.0,0.0,No 2024 secondary production estimate; assigned zero share,0.0,0.0,,Existing values retained through 2024; 2025 extrapolated using a country-level OLS linear trend fitted over 2019-2024 and floored at zero; Zijie regional growth indexed to 2025 thereafter,0.0,0.0,0.0,0.0,0.0,0.0,0.0,0.0,0.0,0.0,0.0,0.0,0.0,0.0,0.0,0.0,0.0,0.0,0.0,0.0,0.0,0.0,0.0,0.0,0.0,0.0,0.0,0.0,0.0,0.0,0.0,0.0
Uganda,UG,UGA,AFE,Rest of World,Aluminium scrap,kt,0.0,0.0,0.0,No 2019 secondary producer share; assigned zero,,0.0,0.0,No 2024 secondary production estimate; assigned zero share,0.0,0.0,,Existing values retained through 2024; 2025 extrapolated using a country-level OLS linear trend fitted over 2019-2024 and floored at zero; Zijie regional growth indexed to 2025 thereafter,0.0,0.0,0.0,0.0,0.0,0.0,0.0,0.0,0.0,0.0,0.0,0.0,0.0,0.0,0.0,0.0,0.0,0.0,0.0,0.0,0.0,0.0,0.0,0.0,0.0,0.0,0.0,0.0,0.0,0.0,0.0,0.0
Seychelles,SC,SYC,AFE,Rest of World,Aluminium scrap,kt,0.0,0.0,0.0,No 2019 secondary producer share; assigned zero,,0.0,0.0,No 2024 secondary production estimate; assigned zero share,0.0,0.0,,Existing values retained through 2024; 2025 extrapolated using a country-level OLS linear trend fitted over 2019-2024 and floored at zero; Zijie regional growth indexed to 2025 thereafter,0.0,0.0,0.0,0.0,0.0,0.0,0.0,0.0,0.0,0.0,0.0,0.0,0.0,0.0,0.0,0.0,0.0,0.0,0.0,0.0,0.0,0.0,0.0,0.0,0.0,0.0,0.0,0.0,0.0,0.0,0.0,0.0
United Republic of Tanzania,TZ,TZA,AFE,Other main producer,Aluminium scrap,kt,0.0,0.0,0.0,No 2019 secondary producer share; assigned zero,,0.0,0.0,No 2024 secondary production estimate; assigned zero share,0.0,0.0,,Existing values retained through 2024; 2025 extrapolated using a country-level OLS linear trend fitted over 2019-2024 and floored at zero; Zijie regional growth indexed to 2025 thereafter,0.0,0.0,0.0,0.0,0.0,0.0,0.0,0.0,0.0,0.0,0.0,0.0,0.0,0.0,0.0,0.0,0.0,0.0,0.0,0.0,0.0,0.0,0.0,0.0,0.0,0.0,0.0,0.0,0.0,0.0,0.0,0.0
Egypt,EG,EGY,AFN,Other main producer,Aluminium scrap,kt,57.38908773873708,40.0,0.0312067227564295,Scrap allocated using OMNIA-controlled 2019 secondary country share,Egypt,80.0,0.1286173633440514,Zijie 2024 regional total allocated using country shares from secondary_aluminium_production_estimates_2024.xlsx,44.77766529330612,326.05507949857383,1.017390527800229,Existing values retained through 2024; 2025 extrapolated using a country-level OLS linear trend fitted over 2019-2024 and floored at zero; Zijie regional growth indexed to 2025 thereafter,57.38908773873708,102.16675303204322,146.94441832534935,191.7220836186555,236.49974891196163,281.27741420526775,326.05507949857383,329.8907099093054,333.60915452966213,336.30055614259874,338.6383405101375,340.80332903765947,343.023240808338,345.53932535430664,348.3777138566359,351.5287139442659,354.9117139123649,358.3357072409033,361.6412102306674,364.8211429491087,367.9134004046081,370.98970862762985,374.1438915451832,377.35812525285496,380.6609413213249,384.11719697222924,387.717732523729,391.4277050002203,395.1303804742368,398.7572461142563,402.31632723734145,405.93150837761544
Algeria,DZ,DZA,AFN,Rest of World,Aluminium scrap,kt,0.0,0.0,0.0,No 2019 secondary producer share; assigned zero,,0.0,0.0,No 2024 secondary production estimate; assigned zero share,0.0,0.0,,Existing values retained through 2024; 2025 extrapolated using a country-level OLS linear trend fitted over 2019-2024 and floored at zero; Zijie regional growth indexed to 2025 thereafter,0.0,0.0,0.0,0.0,0.0,0.0,0.0,0.0,0.0,0.0,0.0,0.0,0.0,0.0,0.0,0.0,0.0,0.0,0.0,0.0,0.0,0.0,0.0,0.0,0.0,0.0,0.0,0.0,0.0,0.0,0.0,0.0
Morocco,MA,MAR,AFN,Rest of World,Aluminium scrap,kt,0.0,0.0,0.0,No 2019 secondary producer share; assigned zero,,0.0,0.0,No 2024 secondary production estimate; assigned zero share,0.0,0.0,,Existing values retained through 2024; 2025 extrapolated using a country-level OLS linear trend fitted over 2019-2024 and floored at zero; Zijie regional growth indexed to 2025 thereafter,0.0,0.0,0.0,0.0,0.0,0.0,0.0,0.0,0.0,0.0,0.0,0.0,0.0,0.0,0.0,0.0,0.0,0.0,0.0,0.0,0.0,0.0,0.0,0.0,0.0,0.0,0.0,0.0,0.0,0.0,0.0,0.0
Libya,LY,LBY,AFN,Rest of World,Aluminium scrap,kt,0.0,0.0,0.0,No 2019 secondary producer share; assigned zero,,0.0,0.0,No 2024 secondary production estimate; assigned zero share,0.0,0.0,,Existing values retained through 2024; 2025 extrapolated using a country-level OLS linear trend fitted over 2019-2024 and floored at zero; Zijie regional growth indexed to 2025 thereafter,0.0,0.0,0.0,0.0,0.0,0.0,0.0,0.0,0.0,0.0,0.0,0.0,0.0,0.0,0.0,0.0,0.0,0.0,0.0,0.0,0.0,0.0,0.0,0.0,0.0,0.0,0.0,0.0,0.0,0.0,0.0,0.0
Tunisia,TN,TUN,AFN,Rest of World,Aluminium scrap,kt,0.0,0.0,0.0,No 2019 secondary producer share; assigned zero,,0.0,0.0,No 2024 secondary production estimate; assigned zero share,0.0,0.0,,Existing values retained through 2024; 2025 extrapolated using a country-level OLS linear trend fitted over 2019-2024 and floored at zero; Zijie regional growth indexed to 2025 thereafter,0.0,0.0,0.0,0.0,0.0,0.0,0.0,0.0,0.0,0.0,0.0,0.0,0.0,0.0,0.0,0.0,0.0,0.0,0.0,0.0,0.0,0.0,0.0,0.0,0.0,0.0,0.0,0.0,0.0,0.0,0.0,0.0
Democratic Republic of the Congo,CD,COD,AFW,Rest of World,Aluminium scrap,kt,0.0,0.0,0.0,No 2019 secondary producer share; assigned zero,,0.0,0.0,No 2024 secondary production estimate; assigned zero share,0.0,0.0,,Existing values retained through 2024; 2025 extrapolated using a country-level OLS linear trend fitted over 2019-2024 and floored at zero; Zijie regional growth indexed to 2025 thereafter,0.0,0.0,0.0,0.0,0.0,0.0,0.0,0.0,0.0,0.0,0.0,0.0,0.0,0.0,0.0,0.0,0.0,0.0,0.0,0.0,0.0,0.0,0.0,0.0,0.0,0.0,0.0,0.0,0.0,0.0,0.0,0.0
Cote d'Ivoire,CI,CIV,AFW,Rest of World,Aluminium scrap,kt,0.0,0.0,0.0,No 2019 secondary producer share; assigned zero,,0.0,0.0,No 2024 secondary production estimate; assigned zero share,0.0,0.0,,Existing values retained through 2024; 2025 extrapolated using a country-level OLS linear trend fitted over 2019-2024 and floored at zero; Zijie regional growth indexed to 2025 thereafter,0.0,0.0,0.0,0.0,0.0,0.0,0.0,0.0,0.0,0.0,0.0,0.0,0.0,0.0,0.0,0.0,0.0,0.0,0.0,0.0,0.0,0.0,0.0,0.0,0.0,0.0,0.0,0.0,0.0,0.0,0.0,0.0
Ghana,GH,GHA,AFW,Rest of World,Aluminium scrap,kt,46.89322335163789,3.75,0.1328613821843777,Scrap allocated using OMNIA-controlled 2019 secondary country share,Ghana,2.0,0.3333333333333333,Zijie 2024 regional total allocated using country shares from secondary_aluminium_production_estimates_2024.xlsx,92.07859570159175,599.3647975611884,0.984803085221223,Existing values retained through 2024; 2025 extrapolated using a country-level OLS linear trend fitted over 2019-2024 and floored at zero; Zijie regional growth indexed to 2025 thereafter,46.89322335163789,138.97181905322964,231.0504147548214,323.12901045641314,415.2076061580049,507.28620185959664,599.3647975611884,674.3538653170291,747.162590770307,818.4108645300548,889.276626753932,960.0355345272344,1030.4288915087059,1099.6729672193237,1166.6562136417822,1230.2410188064248,1289.6785807273077,1345.0792093579557,1397.431241629513,1448.5741738260167,1500.9705496388108,1556.8718450735782,1617.7357187797786,1684.5886596071807,1757.8768982867487,1836.9931892539678,1920.8334447166653,2008.3862807510086,2098.4139056277745,2189.875939443153,2282.0229297702795,2373.8304706194094
Cameroon,CM,CMR,AFW,Other main producer,Aluminium scrap,kt,8.96704495917767,6.25,0.0048760504306921,Scrap allocated using OMNIA-controlled 2019 secondary country share,Cameroon,2.0,0.0032154340836012,Zijie 2024 regional total allocated using country shares from secondary_aluminium_production_estimates_2024.xlsx,-0.3870219208091953,6.644913434322499,0.8293656392691493,Existing values retained through 2024; 2025 extrapolated using a country-level OLS linear trend fitted over 2019-2024 and floored at zero; Zijie regional growth indexed to 2025 thereafter,8.96704495917767,8.580023038368475,8.19300111755928,7.805979196750084,7.418957275940889,7.031935355131694,6.644913434322499,6.723082534109449,6.798863419506454,6.853713449024359,6.901356855697542,6.945478730363039,6.990719925717754,7.041997041311568,7.0998426234750465,7.164059144334172,7.233003759369472,7.302783807890186,7.370149055681005,7.434955215650994,7.497974577717157,7.560668898783127,7.6249502848464665,7.690455489605141,7.757765978674116,7.828203524509827,7.901581455299036,7.977189680718851,8.05264919522194,8.126563726021187,8.199096826885624,8.272773230772536
Gabon,GA,GAB,AFW,Rest of World,Aluminium scrap,kt,0.0,0.0,0.0,No 2019 secondary producer share; assigned zero,,0.0,0.0,No 2024 secondary production estimate; assigned zero share,0.0,0.0,,Existing values retained through 2024; 2025 extrapolated using a country-level OLS linear trend fitted over 2019-2024 and floored at zero; Zijie regional growth indexed to 2025 thereafter,0.0,0.0,0.0,0.0,0.0,0.0,0.0,0.0,0.0,0.0,0.0,0.0,0.0,0.0,0.0,0.0,0.0,0.0,0.0,0.0,0.0,0.0,0.0,0.0,0.0,0.0,0.0,0.0,0.0,0.0,0.0,0.0
Benin,BJ,BEN,AFW,Rest of World,Aluminium scrap,kt,0.0,0.0,0.0,No 2019 secondary producer share; assigned zero,,0.0,0.0,No 2024 secondary production estimate; assigned zero share,0.0,0.0,,Existing values retained through 2024; 2025 extrapolated using a country-level OLS linear trend fitted over 2019-2024 and floored at zero; Zijie regional growth indexed to 2025 thereafter,0.0,0.0,0.0,0.0,0.0,0.0,0.0,0.0,0.0,0.0,0.0,0.0,0.0,0.0,0.0,0.0,0.0,0.0,0.0,0.0,0.0,0.0,0.0,0.0,0.0,0.0,0.0,0.0,0.0,0.0,0.0,0.0
Senegal,SN,SEN,AFW,Rest of World,Aluminium scrap,kt,0.0,0.0,0.0,No 2019 secondary producer share; assigned zero,,0.0,0.0,No 2024 secondary production estimate; assigned zero share,0.0,0.0,,Existing values retained through 2024; 2025 extrapolated using a country-level OLS linear trend fitted over 2019-2024 and floored at zero; Zijie regional growth indexed to 2025 thereafter,0.0,0.0,0.0,0.0,0.0,0.0,0.0,0.0,0.0,0.0,0.0,0.0,0.0,0.0,0.0,0.0,0.0,0.0,0.0,0.0,0.0,0.0,0.0,0.0,0.0,0.0,0.0,0.0,0.0,0.0,0.0,0.0
Togo,TG,TGO,AFW,Rest of World,Aluminium scrap,kt,0.0,0.0,0.0,No 2019 secondary producer share; assigned zero,,0.0,0.0,No 2024 secondary production estimate; assigned zero share,0.0,0.0,,Existing values retained through 2024; 2025 extrapolated using a country-level OLS linear trend fitted over 2019-2024 and floored at zero; Zijie regional growth indexed to 2025 thereafter,0.0,0.0,0.0,0.0,0.0,0.0,0.0,0.0,0.0,0.0,0.0,0.0,0.0,0.0,0.0,0.0,0.0,0.0,0.0,0.0,0.0,0.0,0.0,0.0,0.0,0.0,0.0,0.0,0.0,0.0,0.0,0.0
Niger,NE,NER,AFW,Rest of World,Aluminium scrap,kt,0.0,0.0,0.0,No 2019 secondary producer share; assigned zero,,0.0,0.0,No 2024 secondary production estimate; assigned zero share,0.0,0.0,,Existing values retained through 2024; 2025 extrapolated using a country-level OLS linear trend fitted over 2019-2024 and floored at zero; Zijie regional growth indexed to 2025 thereafter,0.0,0.0,0.0,0.0,0.0,0.0,0.0,0.0,0.0,0.0,0.0,0.0,0.0,0.0,0.0,0.0,0.0,0.0,0.0,0.0,0.0,0.0,0.0,0.0,0.0,0.0,0.0,0.0,0.0,0.0,0.0,0.0
Congo,CG,COG,AFW,Rest of World,Aluminium scrap,kt,0.0,0.0,0.0,No 2019 secondary producer share; assigned zero,,0.0,0.0,No 2024 secondary production estimate; assigned zero share,0.0,0.0,,Existing values retained through 2024; 2025 extrapolated using a country-level OLS linear trend fitted over 2019-2024 and floored at zero; Zijie regional growth indexed to 2025 thereafter,0.0,0.0,0.0,0.0,0.0,0.0,0.0,0.0,0.0,0.0,0.0,0.0,0.0,0.0,0.0,0.0,0.0,0.0,0.0,0.0,0.0,0.0,0.0,0.0,0.0,0.0,0.0,0.0,0.0,0.0,0.0,0.0
Burkina Faso,BF,BFA,AFW,Rest of World,Aluminium scrap,kt,0.0,0.0,0.0,No 2019 secondary producer share; assigned zero,,0.0,0.0,No 2024 secondary production estimate; assigned zero share,0.0,0.0,,Existing values retained through 2024; 2025 extrapolated using a country-level OLS linear trend fitted over 2019-2024 and floored at zero; Zijie regional growth indexed to 2025 thereafter,0.0,0.0,0.0,0.0,0.0,0.0,0.0,0.0,0.0,0.0,0.0,0.0,0.0,0.0,0.0,0.0,0.0,0.0,0.0,0.0,0.0,0.0,0.0,0.0,0.0,0.0,0.0,0.0,0.0,0.0,0.0,0.0
Cabo Verde,CV,CPV,AFW,Rest of World,Aluminium scrap,kt,0.0,0.0,0.0,No 2019 secondary producer share; assigned zero,,0.0,0.0,No 2024 secondary production estimate; assigned zero share,0.0,0.0,,Existing values retained through 2024; 2025 extrapolated using a country-level OLS linear trend fitted over 2019-2024 and floored at zero; Zijie regional growth indexed to 2025 thereafter,0.0,0.0,0.0,0.0,0.0,0.0,0.0,0.0,0.0,0.0,0.0,0.0,0.0,0.0,0.0,0.0,0.0,0.0,0.0,0.0,0.0,0.0,0.0,0.0,0.0,0.0,0.0,0.0,0.0,0.0,0.0,0.0
Central African Republic,CF,CAF,AFW,Rest of World,Aluminium scrap,kt,0.0,0.0,0.0,No 2019 secondary producer share; assigned zero,,0.0,0.0,No 2024 secondary production estimate; assigned zero share,0.0,0.0,,Existing values retained through 2024; 2025 extrapolated using a country-level OLS linear trend fitted over 2019-2024 and floored at zero; Zijie regional growth indexed to 2025 thereafter,0.0,0.0,0.0,0.0,0.0,0.0,0.0,0.0,0.0,0.0,0.0,0.0,0.0,0.0,0.0,0.0,0.0,0.0,0.0,0.0,0.0,0.0,0.0,0.0,0.0,0.0,0.0,0.0,0.0,0.0,0.0,0.0
Chad,TD,TCD,AFW,Rest of World,Aluminium scrap,kt,0.0,0.0,0.0,No 2019 secondary producer share; assigned zero,,0.0,0.0,No 2024 secondary production estimate; assigned zero share,0.0,0.0,,Existing values retained through 2024; 2025 extrapolated using a country-level OLS linear trend fitted over 2019-2024 and floored at zero; Zijie regional growth indexed to 2025 thereafter,0.0,0.0,0.0,0.0,0.0,0.0,0.0,0.0,0.0,0.0,0.0,0.0,0.0,0.0,0.0,0.0,0.0,0.0,0.0,0.0,0.0,0.0,0.0,0.0,0.0,0.0,0.0,0.0,0.0,0.0,0.0,0.0
Equatorial Guinea,GQ,GNQ,AFW,Rest of World,Aluminium scrap,kt,0.0,0.0,0.0,No 2019 secondary producer share; assigned zero,,0.0,0.0,No 2024 secondary production estimate; assigned zero share,0.0,0.0,,Existing values retained through 2024; 2025 extrapolated using a country-level OLS linear trend fitted over 2019-2024 and floored at zero; Zijie regional growth indexed to 2025 thereafter,0.0,0.0,0.0,0.0,0.0,0.0,0.0,0.0,0.0,0.0,0.0,0.0,0.0,0.0,0.0,0.0,0.0,0.0,0.0,0.0,0.0,0.0,0.0,0.0,0.0,0.0,0.0,0.0,0.0,0.0,0.0,0.0
Gambia,GM,GMB,AFW,Rest of World,Aluminium scrap,kt,0.0,0.0,0.0,No 2019 secondary producer share; assigned zero,,0.0,0.0,No 2024 secondary production estimate; assigned zero share,0.0,0.0,,Existing values retained through 2024; 2025 extrapolated using a country-level OLS linear trend fitted over 2019-2024 and floored at zero; Zijie regional growth indexed to 2025 thereafter,0.0,0.0,0.0,0.0,0.0,0.0,0.0,0.0,0.0,0.0,0.0,0.0,0.0,0.0,0.0,0.0,0.0,0.0,0.0,0.0,0.0,0.0,0.0,0.0,0.0,0.0,0.0,0.0,0.0,0.0,0.0,0.0
Guinea,GN,GIN,AFW,Other main producer,Aluminium scrap,kt,0.0,0.0,0.0,No 2019 secondary producer share; assigned zero,,0.0,0.0,No 2024 secondary production estimate; assigned zero share,0.0,0.0,,Existing values retained through 2024; 2025 extrapolated using a country-level OLS linear trend fitted over 2019-2024 and floored at zero; Zijie regional growth indexed to 2025 thereafter,0.0,0.0,0.0,0.0,0.0,0.0,0.0,0.0,0.0,0.0,0.0,0.0,0.0,0.0,0.0,0.0,0.0,0.0,0.0,0.0,0.0,0.0,0.0,0.0,0.0,0.0,0.0,0.0,0.0,0.0,0.0,0.0
Guinea-Bissau,GW,GNB,AFW,Rest of World,Aluminium scrap,kt,0.0,0.0,0.0,No 2019 secondary producer share; assigned zero,,0.0,0.0,No 2024 secondary production estimate; assigned zero share,0.0,0.0,,Existing values retained through 2024; 2025 extrapolated using a country-level OLS linear trend fitted over 2019-2024 and floored at zero; Zijie regional growth indexed to 2025 thereafter,0.0,0.0,0.0,0.0,0.0,0.0,0.0,0.0,0.0,0.0,0.0,0.0,0.0,0.0,0.0,0.0,0.0,0.0,0.0,0.0,0.0,0.0,0.0,0.0,0.0,0.0,0.0,0.0,0.0,0.0,0.0,0.0
Liberia,LR,LBR,AFW,Rest of World,Aluminium scrap,kt,0.0,0.0,0.0,No 2019 secondary producer share; assigned zero,,0.0,0.0,No 2024 secondary production estimate; assigned zero share,0.0,0.0,,Existing values retained through 2024; 2025 extrapolated using a country-level OLS linear trend fitted over 2019-2024 and floored at zero; Zijie regional growth indexed to 2025 thereafter,0.0,0.0,0.0,0.0,0.0,0.0,0.0,0.0,0.0,0.0,0.0,0.0,0.0,0.0,0.0,0.0,0.0,0.0,0.0,0.0,0.0,0.0,0.0,0.0,0.0,0.0,0.0,0.0,0.0,0.0,0.0,0.0
Malawi,MW,MWI,AFW,Rest of World,Aluminium scrap,kt,0.0,0.0,0.0,No 2019 secondary producer share; assigned zero,,0.0,0.0,No 2024 secondary production estimate; assigned zero share,0.0,0.0,,Existing values retained through 2024; 2025 extrapolated using a country-level OLS linear trend fitted over 2019-2024 and floored at zero; Zijie regional growth indexed to 2025 thereafter,0.0,0.0,0.0,0.0,0.0,0.0,0.0,0.0,0.0,0.0,0.0,0.0,0.0,0.0,0.0,0.0,0.0,0.0,0.0,0.0,0.0,0.0,0.0,0.0,0.0,0.0,0.0,0.0,0.0,0.0,0.0,0.0
Mali,ML,MLI,AFW,Rest of World,Aluminium scrap,kt,0.0,0.0,0.0,No 2019 secondary producer share; assigned zero,,0.0,0.0,No 2024 secondary production estimate; assigned zero share,0.0,0.0,,Existing values retained through 2024; 2025 extrapolated using a country-level OLS linear trend fitted over 2019-2024 and floored at zero; Zijie regional growth indexed to 2025 thereafter,0.0,0.0,0.0,0.0,0.0,0.0,0.0,0.0,0.0,0.0,0.0,0.0,0.0,0.0,0.0,0.0,0.0,0.0,0.0,0.0,0.0,0.0,0.0,0.0,0.0,0.0,0.0,0.0,0.0,0.0,0.0,0.0
Mauritania,MR,MRT,AFW,Rest of World,Aluminium scrap,kt,0.0,0.0,0.0,No 2019 secondary producer share; assigned zero,,0.0,0.0,No 2024 secondary production estimate; assigned zero share,0.0,0.0,,Existing values retained through 2024; 2025 extrapolated using a country-level OLS linear trend fitted over 2019-2024 and floored at zero; Zijie regional growth indexed to 2025 thereafter,0.0,0.0,0.0,0.0,0.0,0.0,0.0,0.0,0.0,0.0,0.0,0.0,0.0,0.0,0.0,0.0,0.0,0.0,0.0,0.0,0.0,0.0,0.0,0.0,0.0,0.0,0.0,0.0,0.0,0.0,0.0,0.0
Sao Tome and Principe,ST,STP,AFW,Rest of World,Aluminium scrap,kt,0.0,0.0,0.0,No 2019 secondary producer share; assigned zero,,0.0,0.0,No 2024 secondary production estimate; assigned zero share,0.0,0.0,,Existing values retained through 2024; 2025 extrapolated using a country-level OLS linear trend fitted over 2019-2024 and floored at zero; Zijie regional growth indexed to 2025 thereafter,0.0,0.0,0.0,0.0,0.0,0.0,0.0,0.0,0.0,0.0,0.0,0.0,0.0,0.0,0.0,0.0,0.0,0.0,0.0,0.0,0.0,0.0,0.0,0.0,0.0,0.0,0.0,0.0,0.0,0.0,0.0,0.0
Sierra Leone,SL,SLE,AFW,Other main producer,Aluminium scrap,kt,0.0,0.0,0.0,No 2019 secondary producer share; assigned zero,,0.0,0.0,No 2024 secondary production estimate; assigned zero share,0.0,0.0,,Existing values retained through 2024; 2025 extrapolated using a country-level OLS linear trend fitted over 2019-2024 and floored at zero; Zijie regional growth indexed to 2025 thereafter,0.0,0.0,0.0,0.0,0.0,0.0,0.0,0.0,0.0,0.0,0.0,0.0,0.0,0.0,0.0,0.0,0.0,0.0,0.0,0.0,0.0,0.0,0.0,0.0,0.0,0.0,0.0,0.0,0.0,0.0,0.0,0.0
Angola,AO,AGO,AFZ,Rest of World,Aluminium scrap,kt,0.0,0.0,0.0,No 2019 secondary producer share; assigned zero,,0.0,0.0,No 2024 secondary production estimate; assigned zero share,0.0,0.0,,Existing values retained through 2024; 2025 extrapolated using a country-level OLS linear trend fitted over 2019-2024 and floored at zero; Zijie regional growth indexed to 2025 thereafter,0.0,0.0,0.0,0.0,0.0,0.0,0.0,0.0,0.0,0.0,0.0,0.0,0.0,0.0,0.0,0.0,0.0,0.0,0.0,0.0,0.0,0.0,0.0,0.0,0.0,0.0,0.0,0.0,0.0,0.0,0.0,0.0
Mozambique,MZ,MOZ,AFZ,Rest of World,Aluminium scrap,kt,275.5556026383298,22.03588143525741,0.7807247107038319,Scrap allocated using OMNIA-controlled 2019 secondary country share,Mozambique,2.0,0.3333333333333333,Zijie 2024 regional total allocated using country shares from secondary_aluminium_production_estimates_2024.xlsx,46.34611984425337,553.6323217038499,0.9096610623624076,Existing values retained through 2024; 2025 extrapolated using a country-level OLS linear trend fitted over 2019-2024 and floored at zero; Zijie regional growth indexed to 2025 thereafter,275.5556026383298,321.9017224825832,368.2478423268365,414.59396217108986,460.9400820153433,507.28620185959664,553.6323217038499,622.8996057569061,690.1529110511352,755.9648295680444,821.4234227803239,886.7833147045119,951.8055479366884,1015.7661918648845,1077.63851133213,1136.371695949624,1191.274078499569,1242.4475521127022,1290.8050420593122,1338.0456881664975,1386.4441381724694,1438.0800769258522,1494.29994143068,1556.051897824526,1623.7481287324028,1696.8277223805553,1774.2708346102463,1855.1432516802554,1938.3016273152855,2022.784964232974,2107.9009944042673,2192.7034756261246
Zimbabwe,ZW,ZWE,AFZ,Other main producer,Aluminium scrap,kt,0.0,0.0,0.0,No 2019 secondary producer share; assigned zero,,0.0,0.0,No 2024 secondary production estimate; assigned zero share,0.0,0.0,,Existing values retained through 2024; 2025 extrapolated using a country-level OLS linear trend fitted over 2019-2024 and floored at zero; Zijie regional growth indexed to 2025 thereafter,0.0,0.0,0.0,0.0,0.0,0.0,0.0,0.0,0.0,0.0,0.0,0.0,0.0,0.0,0.0,0.0,0.0,0.0,0.0,0.0,0.0,0.0,0.0,0.0,0.0,0.0,0.0,0.0,0.0,0.0,0.0,0.0
Zambia,ZM,ZMB,AFZ,Rest of World,Aluminium scrap,kt,0.0,0.0,0.0,No 2019 secondary producer share; assigned zero,,0.0,0.0,No 2024 secondary production estimate; assigned zero share,0.0,0.0,,Existing values retained through 2024; 2025 extrapolated using a country-level OLS linear trend fitted over 2019-2024 and floored at zero; Zijie regional growth indexed to 2025 thereafter,0.0,0.0,0.0,0.0,0.0,0.0,0.0,0.0,0.0,0.0,0.0,0.0,0.0,0.0,0.0,0.0,0.0,0.0,0.0,0.0,0.0,0.0,0.0,0.0,0.0,0.0,0.0,0.0,0.0,0.0,0.0,0.0
Botswana,BW,BWA,AFZ,Rest of World,Aluminium scrap,kt,0.0,0.0,0.0,No 2019 secondary producer share; assigned zero,,0.0,0.0,No 2024 secondary production estimate; assigned zero share,0.0,0.0,,Existing values retained through 2024; 2025 extrapolated using a country-level OLS linear trend fitted over 2019-2024 and floored at zero; Zijie regional growth indexed to 2025 thereafter,0.0,0.0,0.0,0.0,0.0,0.0,0.0,0.0,0.0,0.0,0.0,0.0,0.0,0.0,0.0,0.0,0.0,0.0,0.0,0.0,0.0,0.0,0.0,0.0,0.0,0.0,0.0,0.0,0.0,0.0,0.0,0.0
Namibia,,NAM,AFZ,Rest of World,Aluminium scrap,kt,0.0,0.0,0.0,No 2019 secondary producer share; assigned zero,,0.0,0.0,No 2024 secondary production estimate; assigned zero share,0.0,0.0,,Existing values retained through 2024; 2025 extrapolated using a country-level OLS linear trend fitted over 2019-2024 and floored at zero; Zijie regional growth indexed to 2025 thereafter,0.0,0.0,0.0,0.0,0.0,0.0,0.0,0.0,0.0,0.0,0.0,0.0,0.0,0.0,0.0,0.0,0.0,0.0,0.0,0.0,0.0,0.0,0.0,0.0,0.0,0.0,0.0,0.0,0.0,0.0,0.0,0.0
South Africa,ZA,ZAF,AFZ,Other main producer,Aluminium scrap,kt,40.12088134621148,27.96411856474259,0.0218167123794461,Scrap allocated using OMNIA-controlled 2019 secondary country share,South Africa,180.0,0.2893890675241157,Zijie 2024 regional total allocated using country shares from secondary_aluminium_production_estimates_2024.xlsx,118.55066012312818,751.4248420849806,1.0420768551902642,Existing values retained through 2024; 2025 extrapolated using a country-level OLS linear trend fitted over 2019-2024 and floored at zero; Zijie regional growth indexed to 2025 thereafter,40.12088134621148,158.67154146933967,277.22220159246785,395.772861715596,514.3235218387242,632.8741819618524,751.4248420849806,760.2644160002611,768.8339241519215,775.0365143250244,780.4241600317193,785.4135813433297,790.5295784757467,796.3281338472333,802.8694692419115,810.1312476717962,817.9276918207775,825.8186090552327,833.4364540706048,840.7649104911283,847.8913109562218,854.9809549030168,862.2500684662056,869.6575747682873,877.2692275188056,885.2344963337558,893.5322718579641,902.0822551508923,910.6154218098307,918.973877519235,927.1761173831092,935.5076450551105
Eswatini,SZ,SWZ,AFZ,Rest of World,Aluminium scrap,kt,0.0,0.0,0.0,No 2019 secondary producer share; assigned zero,,0.0,0.0,No 2024 secondary production estimate; assigned zero share,0.0,0.0,,Existing values retained through 2024; 2025 extrapolated using a country-level OLS linear trend fitted over 2019-2024 and floored at zero; Zijie regional growth indexed to 2025 thereafter,0.0,0.0,0.0,0.0,0.0,0.0,0.0,0.0,0.0,0.0,0.0,0.0,0.0,0.0,0.0,0.0,0.0,0.0,0.0,0.0,0.0,0.0,0.0,0.0,0.0,0.0,0.0,0.0,0.0,0.0,0.0,0.0
Lesotho,LS,LSO,AFZ,Rest of World,Aluminium scrap,kt,0.0,0.0,0.0,No 2019 secondary producer share; assigned zero,,0.0,0.0,No 2024 secondary production estimate; assigned zero share,0.0,0.0,,Existing values retained through 2024; 2025 extrapolated using a country-level OLS linear trend fitted over 2019-2024 and floored at zero; Zijie regional growth indexed to 2025 thereafter,0.0,0.0,0.0,0.0,0.0,0.0,0.0,0.0,0.0,0.0,0.0,0.0,0.0,0.0,0.0,0.0,0.0,0.0,0.0,0.0,0.0,0.0,0.0,0.0,0.0,0.0,0.0,0.0,0.0,0.0,0.0,0.0
Nigeria,NG,NGA,NIG,Rest of World,Aluminium scrap,kt,0.0,0.0,0.0,No 2019 secondary producer share; assigned zero,,0.0,0.0,No 2024 secondary production estimate; assigned zero share,0.0,0.0,,Existing values retained through 2024; 2025 extrapolated using a country-level OLS linear trend fitted over 2019-2024 and floored at zero; Zijie regional growth indexed to 2025 thereafter,0.0,0.0,0.0,0.0,0.0,0.0,0.0,0.0,0.0,0.0,0.0,0.0,0.0,0.0,0.0,0.0,0.0,0.0,0.0,0.0,0.0,0.0,0.0,0.0,0.0,0.0,0.0,0.0,0.0,0.0,0.0,0.0
Russian Federation,RU,RUS,RUS,Other main producer,Aluminium scrap,kt,459.1127019098967,320.0,0.2496537820514366,Scrap allocated using OMNIA-controlled 2019 secondary country share,Russian Federation,300.0,0.4823151125401929,Zijie 2024 regional total allocated using country shares from secondary_aluminium_production_estimates_2024.xlsx,119.13552027197147,1173.9258235417255,0.9768010280538374,Existing values retained through 2024; 2025 extrapolated using a country-level OLS linear trend fitted over 2019-2024 and floored at zero; Zijie regional growth indexed to 2025 thereafter,459.1127019098967,578.2482221818682,697.3837424538397,816.5192627258111,935.6547829977826,1054.790303269754,1173.9258235417255,1187.7355933378112,1201.1234484510014,1210.8135470067637,1219.2304851607296,1227.025290701064,1235.0178414001405,1244.076729939062,1254.2960387909668,1265.640871628841,1277.8209947837988,1290.148710071005,1302.0498137908,1313.4988154166736,1324.6321518015345,1335.7080647108892,1347.0643569814602,1358.6368555854901,1370.5282853376293,1382.9721576048496,1395.935493949696,1409.292846031068,1422.6239260492878,1435.6820610118923,1448.4961451994316,1461.512211392528
Kazakhstan,KZ,KAZ,ASC,Other main producer,Aluminium scrap,kt,9.09827000736076,6.341463414634147,0.0049474072662632,Scrap allocated using OMNIA-controlled 2019 secondary country share,Kazakhstan,30.0,0.0482315112540192,Zijie 2024 regional total allocated using country shares from secondary_aluminium_production_estimates_2024.xlsx,19.276152063922932,124.75518239089837,1.0380638024199844,Existing values retained through 2024; 2025 extrapolated using a country-level OLS linear trend fitted over 2019-2024 and floored at zero; Zijie regional growth indexed to 2025 thereafter,9.09827000736076,28.37442207128369,47.65057413520663,66.92672619912955,86.20287826305248,105.4790303269754,124.75518239089837,126.22277115599529,127.64552229833745,128.67530628337894,129.5697892511383,130.39815708101713,131.2475396401498,132.2102438155485,133.29626791874261,134.5019034550776,135.79630677704898,137.10639497706703,138.37114640807022,139.58785214653017,140.77101157914416,141.94806851702074,143.15492186762265,144.3847518493062,145.64847521058377,146.97090761918554,148.34854439798698,149.76805392895847,151.1847714811144,152.57248267740601,153.93425816434927,155.31749863778282
Uzbekistan,UZ,UZB,ASC,Rest of World,Aluminium scrap,kt,0.0,0.0,0.0,No 2019 secondary producer share; assigned zero,,0.0,0.0,No 2024 secondary production estimate; assigned zero share,0.0,0.0,,Existing values retained through 2024; 2025 extrapolated using a country-level OLS linear trend fitted over 2019-2024 and floored at zero; Zijie regional growth indexed to 2025 thereafter,0.0,0.0,0.0,0.0,0.0,0.0,0.0,0.0,0.0,0.0,0.0,0.0,0.0,0.0,0.0,0.0,0.0,0.0,0.0,0.0,0.0,0.0,0.0,0.0,0.0,0.0,0.0,0.0,0.0,0.0,0.0,0.0
Turkmenistan,TM,TKM,ASC,Rest of World,Aluminium scrap,kt,0.0,0.0,0.0,No 2019 secondary producer share; assigned zero,,0.0,0.0,No 2024 secondary production estimate; assigned zero share,0.0,0.0,,Existing values retained through 2024; 2025 extrapolated using a country-level OLS linear trend fitted over 2019-2024 and floored at zero; Zijie regional growth indexed to 2025 thereafter,0.0,0.0,0.0,0.0,0.0,0.0,0.0,0.0,0.0,0.0,0.0,0.0,0.0,0.0,0.0,0.0,0.0,0.0,0.0,0.0,0.0,0.0,0.0,0.0,0.0,0.0,0.0,0.0,0.0,0.0,0.0,0.0
Azerbaijan,AZ,AZE,ASC,Other main producer,Aluminium scrap,kt,1.749667309107838,1.2195121951219512,0.0009514244742813,Scrap allocated using OMNIA-controlled 2019 secondary country share,Azerbaijan,5.0,0.0080385852090032,Zijie 2024 regional total allocated using country shares from secondary_aluminium_production_estimates_2024.xlsx,3.1660342157442796,20.745872603573517,1.0357344193642373,Existing values retained through 2024; 2025 extrapolated using a country-level OLS linear trend fitted over 2019-2024 and floored at zero; Zijie regional growth indexed to 2025 thereafter,1.749667309107838,4.915701524852118,8.081735740596397,11.247769956340676,14.413804172084957,17.579838387829234,20.745872603573517,20.9899218604592,21.226514949258792,21.39776047953209,21.546506442141137,21.68425794182408,21.825504036982277,21.98559468648468,22.16619253626923,22.366680890851377,22.581930677678827,22.799788744783875,23.010107639437617,23.212436887508748,23.409187630750953,23.604923573838487,23.805614442008864,24.010126155551305,24.220274089743548,24.44018490827553,24.669275809024334,24.905329841608086,25.140919588574924,25.371685791125227,25.598139075272364,25.82816182937362
Mongolia,MN,MNG,ASC,Rest of World,Aluminium scrap,kt,0.0,0.0,0.0,No 2019 secondary producer share; assigned zero,,0.0,0.0,No 2024 secondary production estimate; assigned zero share,0.0,0.0,,Existing values retained through 2024; 2025 extrapolated using a country-level OLS linear trend fitted over 2019-2024 and floored at zero; Zijie regional growth indexed to 2025 thereafter,0.0,0.0,0.0,0.0,0.0,0.0,0.0,0.0,0.0,0.0,0.0,0.0,0.0,0.0,0.0,0.0,0.0,0.0,0.0,0.0,0.0,0.0,0.0,0.0,0.0,0.0,0.0,0.0,0.0,0.0,0.0,0.0
Georgia,GE,GEO,ASC,Rest of World,Aluminium scrap,kt,0.0,0.0,0.0,No 2019 secondary producer share; assigned zero,,0.0,0.0,No 2024 secondary production estimate; assigned zero share,0.0,0.0,,Existing values retained through 2024; 2025 extrapolated using a country-level OLS linear trend fitted over 2019-2024 and floored at zero; Zijie regional growth indexed to 2025 thereafter,0.0,0.0,0.0,0.0,0.0,0.0,0.0,0.0,0.0,0.0,0.0,0.0,0.0,0.0,0.0,0.0,0.0,0.0,0.0,0.0,0.0,0.0,0.0,0.0,0.0,0.0,0.0,0.0,0.0,0.0,0.0,0.0
Kyrgyzstan,KG,KGZ,ASC,Rest of World,Aluminium scrap,kt,0.0,0.0,0.0,No 2019 secondary producer share; assigned zero,,0.0,0.0,No 2024 secondary production estimate; assigned zero share,0.0,0.0,,Existing values retained through 2024; 2025 extrapolated using a country-level OLS linear trend fitted over 2019-2024 and floored at zero; Zijie regional growth indexed to 2025 thereafter,0.0,0.0,0.0,0.0,0.0,0.0,0.0,0.0,0.0,0.0,0.0,0.0,0.0,0.0,0.0,0.0,0.0,0.0,0.0,0.0,0.0,0.0,0.0,0.0,0.0,0.0,0.0,0.0,0.0,0.0,0.0,0.0
Armenia,AM,ARM,ASC,Rest of World,Aluminium scrap,kt,0.0,0.0,0.0,No 2019 secondary producer share; assigned zero,,0.0,0.0,No 2024 secondary production estimate; assigned zero share,0.0,0.0,,Existing values retained through 2024; 2025 extrapolated using a country-level OLS linear trend fitted over 2019-2024 and floored at zero; Zijie regional growth indexed to 2025 thereafter,0.0,0.0,0.0,0.0,0.0,0.0,0.0,0.0,0.0,0.0,0.0,0.0,0.0,0.0,0.0,0.0,0.0,0.0,0.0,0.0,0.0,0.0,0.0,0.0,0.0,0.0,0.0,0.0,0.0,0.0,0.0,0.0
Tajikistan,TJ,TJK,ASC,Rest of World,Aluminium scrap,kt,30.49965746447993,2.4390243902439024,0.0864139071117904,Scrap allocated using OMNIA-controlled 2019 secondary country share,Tajikistan,2.0,0.3333333333333333,Zijie 2024 regional total allocated using country shares from secondary_aluminium_production_estimates_2024.xlsx,95.35730887902334,602.64351073862,0.9901902665602479,Existing values retained through 2024; 2025 extrapolated using a country-level OLS linear trend fitted over 2019-2024 and floored at zero; Zijie regional growth indexed to 2025 thereafter,30.49965746447993,125.85696634350327,221.21427522252665,316.57158410154994,411.9288929805733,507.28620185959664,602.64351073862,678.0427921833773,751.2498041702438,822.8878283040474,894.1412484440677,965.2872296061995,1036.06566029917,1105.6885227927542,1173.0381885538293,1236.9708225189388,1296.7335265207337,1352.4372139427362,1405.0756282286734,1456.4983282834287,1509.1813286836627,1565.3884217140235,1626.5852398733552,1693.8038872269542,1767.493035527653,1847.0421173874959,1931.3410053082612,2019.3727827792643,2109.8928869628185,2201.8552467511695,2294.5063099779313,2386.816066831729
Afghanistan,AF,AFG,ASC,Rest of World,Aluminium scrap,kt,0.0,0.0,0.0,No 2019 secondary producer share; assigned zero,,0.0,0.0,No 2024 secondary production estimate; assigned zero share,0.0,0.0,,Existing values retained through 2024; 2025 extrapolated using a country-level OLS linear trend fitted over 2019-2024 and floored at zero; Zijie regional growth indexed to 2025 thereafter,0.0,0.0,0.0,0.0,0.0,0.0,0.0,0.0,0.0,0.0,0.0,0.0,0.0,0.0,0.0,0.0,0.0,0.0,0.0,0.0,0.0,0.0,0.0,0.0,0.0,0.0,0.0,0.0,0.0,0.0,0.0,0.0
Thailand,TH,THA,ASE,Other Asia,Aluminium scrap,kt,241.94640425396432,290.0,0.0779569892473118,Scrap allocated using OMNIA-controlled 2019 secondary country share,Thailand,571.0,0.1196814085097463,Zijie 2024 regional total allocated using country shares from secondary_aluminium_production_estimates_2024.xlsx,78.99101767410114,715.8925102985711,1.050660351888347,Existing values retained through 2024; 2025 extrapolated using a country-level OLS linear trend fitted over 2019-2024 and floored at zero; Zijie regional growth indexed to 2025 thereafter,241.94640425396432,320.9374219280655,399.9284396021666,478.9194572762677,557.910474950369,636.90149262447,715.8925102985711,769.7096336021143,825.3504486129145,883.0107135786088,942.5704233449686,1003.8566823028062,1066.3120328903092,1129.2001565760636,1191.9106320165204,1253.9281759990397,1314.9132616529691,1374.774359030174,1433.5191103486238,1491.3878221037903,1548.744274148176,1605.776359983908,1662.797172800681,1719.8521423970972,1776.7652216584058,1833.5027247726034,1889.884632397782,1945.529572218836,2000.0287351737413,2053.2473287898406,2105.143199540799,2155.6118502300455
Malaysia,MY,MYS,ASE,Other Asia,Aluminium scrap,kt,0.0,0.0,0.0,No 2019 secondary producer share; assigned zero,Malaysia,650.0,0.1362397820163488,Zijie 2024 regional total allocated using country shares from secondary_aluminium_production_estimates_2024.xlsx,145.00384245390737,870.0230547234441,1.1216775760036188,Existing values retained through 2024; 2025 extrapolated using a country-level OLS linear trend fitted over 2019-2024 and floored at zero; Zijie regional growth indexed to 2025 thereafter,0.0,145.00384245390737,290.00768490781473,435.0115273617221,580.0153698156295,725.0192122695369,870.0230547234441,935.4269210014266,1003.0471169758321,1073.1215473406564,1145.5043700185452,1219.985465244464,1295.887355710256,1372.3151946494936,1448.527137952422,1523.8969627318622,1598.0120425097944,1670.7611410825573,1742.1535460257671,1812.481301449752,1882.1865084436668,1951.4975136885168,2020.794818850953,2090.133634694584,2159.3000114345646,2228.2530107559396,2296.773855432377,2364.3990642822705,2430.6318122881444,2495.308286367547,2558.3772574054633,2619.7117301213693
Singapore,SG,SGP,ASE,Other Asia,Aluminium scrap,kt,0.0,0.0,0.0,No 2019 secondary producer share; assigned zero,,0.0,0.0,No 2024 secondary production estimate; assigned zero share,0.0,0.0,,Existing values retained through 2024; 2025 extrapolated using a country-level OLS linear trend fitted over 2019-2024 and floored at zero; Zijie regional growth indexed to 2025 thereafter,0.0,0.0,0.0,0.0,0.0,0.0,0.0,0.0,0.0,0.0,0.0,0.0,0.0,0.0,0.0,0.0,0.0,0.0,0.0,0.0,0.0,0.0,0.0,0.0,0.0,0.0,0.0,0.0,0.0,0.0,0.0,0.0
Myanmar,MM,MMR,ASE,Rest of World,Aluminium scrap,kt,0.0,0.0,0.0,No 2019 secondary producer share; assigned zero,,0.0,0.0,No 2024 secondary production estimate; assigned zero share,0.0,0.0,,Existing values retained through 2024; 2025 extrapolated using a country-level OLS linear trend fitted over 2019-2024 and floored at zero; Zijie regional growth indexed to 2025 thereafter,0.0,0.0,0.0,0.0,0.0,0.0,0.0,0.0,0.0,0.0,0.0,0.0,0.0,0.0,0.0,0.0,0.0,0.0,0.0,0.0,0.0,0.0,0.0,0.0,0.0,0.0,0.0,0.0,0.0,0.0,0.0,0.0
Cambodia,KH,KHM,ASE,Rest of World,Aluminium scrap,kt,0.0,0.0,0.0,No 2019 secondary producer share; assigned zero,,0.0,0.0,No 2024 secondary production estimate; assigned zero share,0.0,0.0,,Existing values retained through 2024; 2025 extrapolated using a country-level OLS linear trend fitted over 2019-2024 and floored at zero; Zijie regional growth indexed to 2025 thereafter,0.0,0.0,0.0,0.0,0.0,0.0,0.0,0.0,0.0,0.0,0.0,0.0,0.0,0.0,0.0,0.0,0.0,0.0,0.0,0.0,0.0,0.0,0.0,0.0,0.0,0.0,0.0,0.0,0.0,0.0,0.0,0.0
Brunei Darussalam,BN,BRN,ASE,Rest of World,Aluminium scrap,kt,0.0,0.0,0.0,No 2019 secondary producer share; assigned zero,,0.0,0.0,No 2024 secondary production estimate; assigned zero share,0.0,0.0,,Existing values retained through 2024; 2025 extrapolated using a country-level OLS linear trend fitted over 2019-2024 and floored at zero; Zijie regional growth indexed to 2025 thereafter,0.0,0.0,0.0,0.0,0.0,0.0,0.0,0.0,0.0,0.0,0.0,0.0,0.0,0.0,0.0,0.0,0.0,0.0,0.0,0.0,0.0,0.0,0.0,0.0,0.0,0.0,0.0,0.0,0.0,0.0,0.0,0.0
Lao People's Democratic Republic,LA,LAO,ASE,Rest of World,Aluminium scrap,kt,0.0,0.0,0.0,No 2019 secondary producer share; assigned zero,,0.0,0.0,No 2024 secondary production estimate; assigned zero share,0.0,0.0,,Existing values retained through 2024; 2025 extrapolated using a country-level OLS linear trend fitted over 2019-2024 and floored at zero; Zijie regional growth indexed to 2025 thereafter,0.0,0.0,0.0,0.0,0.0,0.0,0.0,0.0,0.0,0.0,0.0,0.0,0.0,0.0,0.0,0.0,0.0,0.0,0.0,0.0,0.0,0.0,0.0,0.0,0.0,0.0,0.0,0.0,0.0,0.0,0.0,0.0
Democratic People's Republic of Korea,KP,PRK,ASE,Rest of World,Aluminium scrap,kt,0.0,0.0,0.0,No 2019 secondary producer share; assigned zero,,0.0,0.0,No 2024 secondary production estimate; assigned zero share,0.0,0.0,,Existing values retained through 2024; 2025 extrapolated using a country-level OLS linear trend fitted over 2019-2024 and floored at zero; Zijie regional growth indexed to 2025 thereafter,0.0,0.0,0.0,0.0,0.0,0.0,0.0,0.0,0.0,0.0,0.0,0.0,0.0,0.0,0.0,0.0,0.0,0.0,0.0,0.0,0.0,0.0,0.0,0.0,0.0,0.0,0.0,0.0,0.0,0.0,0.0,0.0
Cook Islands,CK,COK,ASE,Rest of World,Aluminium scrap,kt,0.0,0.0,0.0,No 2019 secondary producer share; assigned zero,,0.0,0.0,No 2024 secondary production estimate; assigned zero share,0.0,0.0,,Existing values retained through 2024; 2025 extrapolated using a country-level OLS linear trend fitted over 2019-2024 and floored at zero; Zijie regional growth indexed to 2025 thereafter,0.0,0.0,0.0,0.0,0.0,0.0,0.0,0.0,0.0,0.0,0.0,0.0,0.0,0.0,0.0,0.0,0.0,0.0,0.0,0.0,0.0,0.0,0.0,0.0,0.0,0.0,0.0,0.0,0.0,0.0,0.0,0.0
Timor-Leste,TL,TLS,ASE,Rest of World,Aluminium scrap,kt,0.0,0.0,0.0,No 2019 secondary producer share; assigned zero,,0.0,0.0,No 2024 secondary production estimate; assigned zero share,0.0,0.0,,Existing values retained through 2024; 2025 extrapolated using a country-level OLS linear trend fitted over 2019-2024 and floored at zero; Zijie regional growth indexed to 2025 thereafter,0.0,0.0,0.0,0.0,0.0,0.0,0.0,0.0,0.0,0.0,0.0,0.0,0.0,0.0,0.0,0.0,0.0,0.0,0.0,0.0,0.0,0.0,0.0,0.0,0.0,0.0,0.0,0.0,0.0,0.0,0.0,0.0
Fiji,FJ,FJI,ASE,Other main producer,Aluminium scrap,kt,0.0,0.0,0.0,No 2019 secondary producer share; assigned zero,,0.0,0.0,No 2024 secondary production estimate; assigned zero share,0.0,0.0,,Existing values retained through 2024; 2025 extrapolated using a country-level OLS linear trend fitted over 2019-2024 and floored at zero; Zijie regional growth indexed to 2025 thereafter,0.0,0.0,0.0,0.0,0.0,0.0,0.0,0.0,0.0,0.0,0.0,0.0,0.0,0.0,0.0,0.0,0.0,0.0,0.0,0.0,0.0,0.0,0.0,0.0,0.0,0.0,0.0,0.0,0.0,0.0,0.0,0.0
French Polynesia,PF,PYF,ASE,Rest of World,Aluminium scrap,kt,0.0,0.0,0.0,No 2019 secondary producer share; assigned zero,,0.0,0.0,No 2024 secondary production estimate; assigned zero share,0.0,0.0,,Existing values retained through 2024; 2025 extrapolated using a country-level OLS linear trend fitted over 2019-2024 and floored at zero; Zijie regional growth indexed to 2025 thereafter,0.0,0.0,0.0,0.0,0.0,0.0,0.0,0.0,0.0,0.0,0.0,0.0,0.0,0.0,0.0,0.0,0.0,0.0,0.0,0.0,0.0,0.0,0.0,0.0,0.0,0.0,0.0,0.0,0.0,0.0,0.0,0.0
Kiribati,KI,KIR,ASE,Rest of World,Aluminium scrap,kt,0.0,0.0,0.0,No 2019 secondary producer share; assigned zero,,0.0,0.0,No 2024 secondary production estimate; assigned zero share,0.0,0.0,,Existing values retained through 2024; 2025 extrapolated using a country-level OLS linear trend fitted over 2019-2024 and floored at zero; Zijie regional growth indexed to 2025 thereafter,0.0,0.0,0.0,0.0,0.0,0.0,0.0,0.0,0.0,0.0,0.0,0.0,0.0,0.0,0.0,0.0,0.0,0.0,0.0,0.0,0.0,0.0,0.0,0.0,0.0,0.0,0.0,0.0,0.0,0.0,0.0,0.0
New Caledonia,NC,NCL,ASE,Rest of World,Aluminium scrap,kt,0.0,0.0,0.0,No 2019 secondary producer share; assigned zero,,0.0,0.0,No 2024 secondary production estimate; assigned zero share,0.0,0.0,,Existing values retained through 2024; 2025 extrapolated using a country-level OLS linear trend fitted over 2019-2024 and floored at zero; Zijie regional growth indexed to 2025 thereafter,0.0,0.0,0.0,0.0,0.0,0.0,0.0,0.0,0.0,0.0,0.0,0.0,0.0,0.0,0.0,0.0,0.0,0.0,0.0,0.0,0.0,0.0,0.0,0.0,0.0,0.0,0.0,0.0,0.0,0.0,0.0,0.0
Palau,PW,PLW,ASE,Rest of World,Aluminium scrap,kt,0.0,0.0,0.0,No 2019 secondary producer share; assigned zero,,0.0,0.0,No 2024 secondary production estimate; assigned zero share,0.0,0.0,,Existing values retained through 2024; 2025 extrapolated using a country-level OLS linear trend fitted over 2019-2024 and floored at zero; Zijie regional growth indexed to 2025 thereafter,0.0,0.0,0.0,0.0,0.0,0.0,0.0,0.0,0.0,0.0,0.0,0.0,0.0,0.0,0.0,0.0,0.0,0.0,0.0,0.0,0.0,0.0,0.0,0.0,0.0,0.0,0.0,0.0,0.0,0.0,0.0,0.0
Papua New Guinea,PG,PNG,ASE,Rest of World,Aluminium scrap,kt,0.0,0.0,0.0,No 2019 secondary producer share; assigned zero,,0.0,0.0,No 2024 secondary production estimate; assigned zero share,0.0,0.0,,Existing values retained through 2024; 2025 extrapolated using a country-level OLS linear trend fitted over 2019-2024 and floored at zero; Zijie regional growth indexed to 2025 thereafter,0.0,0.0,0.0,0.0,0.0,0.0,0.0,0.0,0.0,0.0,0.0,0.0,0.0,0.0,0.0,0.0,0.0,0.0,0.0,0.0,0.0,0.0,0.0,0.0,0.0,0.0,0.0,0.0,0.0,0.0,0.0,0.0
American Samoa,AS,ASM,ASE,Rest of World,Aluminium scrap,kt,0.0,0.0,0.0,No 2019 secondary producer share; assigned zero,,0.0,0.0,No 2024 secondary production estimate; assigned zero share,0.0,0.0,,Existing values retained through 2024; 2025 extrapolated using a country-level OLS linear trend fitted over 2019-2024 and floored at zero; Zijie regional growth indexed to 2025 thereafter,0.0,0.0,0.0,0.0,0.0,0.0,0.0,0.0,0.0,0.0,0.0,0.0,0.0,0.0,0.0,0.0,0.0,0.0,0.0,0.0,0.0,0.0,0.0,0.0,0.0,0.0,0.0,0.0,0.0,0.0,0.0,0.0
Solomon Islands,SB,SLB,ASE,Rest of World,Aluminium scrap,kt,0.0,0.0,0.0,No 2019 secondary producer share; assigned zero,,0.0,0.0,No 2024 secondary production estimate; assigned zero share,0.0,0.0,,Existing values retained through 2024; 2025 extrapolated using a country-level OLS linear trend fitted over 2019-2024 and floored at zero; Zijie regional growth indexed to 2025 thereafter,0.0,0.0,0.0,0.0,0.0,0.0,0.0,0.0,0.0,0.0,0.0,0.0,0.0,0.0,0.0,0.0,0.0,0.0,0.0,0.0,0.0,0.0,0.0,0.0,0.0,0.0,0.0,0.0,0.0,0.0,0.0,0.0
Tonga,TO,TON,ASE,Rest of World,Aluminium scrap,kt,0.0,0.0,0.0,No 2019 secondary producer share; assigned zero,,0.0,0.0,No 2024 secondary production estimate; assigned zero share,0.0,0.0,,Existing values retained through 2024; 2025 extrapolated using a country-level OLS linear trend fitted over 2019-2024 and floored at zero; Zijie regional growth indexed to 2025 thereafter,0.0,0.0,0.0,0.0,0.0,0.0,0.0,0.0,0.0,0.0,0.0,0.0,0.0,0.0,0.0,0.0,0.0,0.0,0.0,0.0,0.0,0.0,0.0,0.0,0.0,0.0,0.0,0.0,0.0,0.0,0.0,0.0
Vanuatu,VU,VUT,ASE,Rest of World,Aluminium scrap,kt,0.0,0.0,0.0,No 2019 secondary producer share; assigned zero,,0.0,0.0,No 2024 secondary production estimate; assigned zero share,0.0,0.0,,Existing values retained through 2024; 2025 extrapolated using a country-level OLS linear trend fitted over 2019-2024 and floored at zero; Zijie regional growth indexed to 2025 thereafter,0.0,0.0,0.0,0.0,0.0,0.0,0.0,0.0,0.0,0.0,0.0,0.0,0.0,0.0,0.0,0.0,0.0,0.0,0.0,0.0,0.0,0.0,0.0,0.0,0.0,0.0,0.0,0.0,0.0,0.0,0.0,0.0
Niue,NU,NIU,ASE,Rest of World,Aluminium scrap,kt,0.0,0.0,0.0,No 2019 secondary producer share; assigned zero,,0.0,0.0,No 2024 secondary production estimate; assigned zero share,0.0,0.0,,Existing values retained through 2024; 2025 extrapolated using a country-level OLS linear trend fitted over 2019-2024 and floored at zero; Zijie regional growth indexed to 2025 thereafter,0.0,0.0,0.0,0.0,0.0,0.0,0.0,0.0,0.0,0.0,0.0,0.0,0.0,0.0,0.0,0.0,0.0,0.0,0.0,0.0,0.0,0.0,0.0,0.0,0.0,0.0,0.0,0.0,0.0,0.0,0.0,0.0
Samoa,WS,WSM,ASE,Rest of World,Aluminium scrap,kt,0.0,0.0,0.0,No 2019 secondary producer share; assigned zero,,0.0,0.0,No 2024 secondary production estimate; assigned zero share,0.0,0.0,,Existing values retained through 2024; 2025 extrapolated using a country-level OLS linear trend fitted over 2019-2024 and floored at zero; Zijie regional growth indexed to 2025 thereafter,0.0,0.0,0.0,0.0,0.0,0.0,0.0,0.0,0.0,0.0,0.0,0.0,0.0,0.0,0.0,0.0,0.0,0.0,0.0,0.0,0.0,0.0,0.0,0.0,0.0,0.0,0.0,0.0,0.0,0.0,0.0,0.0
Wallis and Futuna Islands,WF,WLF,ASE,Rest of World,Aluminium scrap,kt,0.0,0.0,0.0,No 2019 secondary producer share; assigned zero,,0.0,0.0,No 2024 secondary production estimate; assigned zero share,0.0,0.0,,Existing values retained through 2024; 2025 extrapolated using a country-level OLS linear trend fitted over 2019-2024 and floored at zero; Zijie regional growth indexed to 2025 thereafter,0.0,0.0,0.0,0.0,0.0,0.0,0.0,0.0,0.0,0.0,0.0,0.0,0.0,0.0,0.0,0.0,0.0,0.0,0.0,0.0,0.0,0.0,0.0,0.0,0.0,0.0,0.0,0.0,0.0,0.0,0.0,0.0
Micronesia (Federated States of),FM,FSM,ASE,Rest of World,Aluminium scrap,kt,0.0,0.0,0.0,No 2019 secondary producer share; assigned zero,,0.0,0.0,No 2024 secondary production estimate; assigned zero share,0.0,0.0,,Existing values retained through 2024; 2025 extrapolated using a country-level OLS linear trend fitted over 2019-2024 and floored at zero; Zijie regional growth indexed to 2025 thereafter,0.0,0.0,0.0,0.0,0.0,0.0,0.0,0.0,0.0,0.0,0.0,0.0,0.0,0.0,0.0,0.0,0.0,0.0,0.0,0.0,0.0,0.0,0.0,0.0,0.0,0.0,0.0,0.0,0.0,0.0,0.0,0.0
Nauru,NR,NRU,ASE,Rest of World,Aluminium scrap,kt,0.0,0.0,0.0,No 2019 secondary producer share; assigned zero,,0.0,0.0,No 2024 secondary production estimate; assigned zero share,0.0,0.0,,Existing values retained through 2024; 2025 extrapolated using a country-level OLS linear trend fitted over 2019-2024 and floored at zero; Zijie regional growth indexed to 2025 thereafter,0.0,0.0,0.0,0.0,0.0,0.0,0.0,0.0,0.0,0.0,0.0,0.0,0.0,0.0,0.0,0.0,0.0,0.0,0.0,0.0,0.0,0.0,0.0,0.0,0.0,0.0,0.0,0.0,0.0,0.0,0.0,0.0
Tuvalu,TV,TUV,ASE,Rest of World,Aluminium scrap,kt,0.0,0.0,0.0,No 2019 secondary producer share; assigned zero,,0.0,0.0,No 2024 secondary production estimate; assigned zero share,0.0,0.0,,Existing values retained through 2024; 2025 extrapolated using a country-level OLS linear trend fitted over 2019-2024 and floored at zero; Zijie regional growth indexed to 2025 thereafter,0.0,0.0,0.0,0.0,0.0,0.0,0.0,0.0,0.0,0.0,0.0,0.0,0.0,0.0,0.0,0.0,0.0,0.0,0.0,0.0,0.0,0.0,0.0,0.0,0.0,0.0,0.0,0.0,0.0,0.0,0.0,0.0
Northern Mariana Islands,MP,MNP,ASE,Rest of World,Aluminium scrap,kt,0.0,0.0,0.0,No 2019 secondary producer share; assigned zero,,0.0,0.0,No 2024 secondary production estimate; assigned zero share,0.0,0.0,,Existing values retained through 2024; 2025 extrapolated using a country-level OLS linear trend fitted over 2019-2024 and floored at zero; Zijie regional growth indexed to 2025 thereafter,0.0,0.0,0.0,0.0,0.0,0.0,0.0,0.0,0.0,0.0,0.0,0.0,0.0,0.0,0.0,0.0,0.0,0.0,0.0,0.0,0.0,0.0,0.0,0.0,0.0,0.0,0.0,0.0,0.0,0.0,0.0,0.0
China,CN,CHN,CHN,China,Aluminium scrap,kt,14110.471051884537,10610.0,1.0,Scrap allocated using OMNIA-controlled 2019 secondary country share,China,15840.0,1.0,Zijie 2024 regional total allocated using country shares from secondary_aluminium_production_estimates_2024.xlsx,1517.9290474899512,23218.045336824245,1.0170251551523102,Existing values retained through 2024; 2025 extrapolated using a country-level OLS linear trend fitted over 2019-2024 and floored at zero; Zijie regional growth indexed to 2025 thereafter,14110.471051884537,15628.400099374488,17146.32914686444,18664.25819435439,20182.18724184434,21700.11628933429,23218.045336824245,24857.831554334258,26522.018090927362,28174.88669913018,29792.84517976103,31332.19628618538,32744.968418076478,33996.1434787091,35070.8033260597,35973.643380967645,36723.492767614924,37340.32391153311,37841.72692318918,38236.24247277793,38516.81550751682,38676.13232668107,38711.630192914556,38624.074023986,38424.127356782985,38124.68836794298,37741.497426264184,37296.252537030305,36814.769652553055,36314.2376327508,35807.08029632646,35306.72449677568
"China, Hong Kong Special Administrative Region",HK,HKG,CHN,Rest of World,Aluminium scrap,kt,0.0,0.0,0.0,No 2019 secondary producer share; assigned zero,,0.0,0.0,No 2024 secondary production estimate; assigned zero share,0.0,0.0,,Existing values retained through 2024; 2025 extrapolated using a country-level OLS linear trend fitted over 2019-2024 and floored at zero; Zijie regional growth indexed to 2025 thereafter,0.0,0.0,0.0,0.0,0.0,0.0,0.0,0.0,0.0,0.0,0.0,0.0,0.0,0.0,0.0,0.0,0.0,0.0,0.0,0.0,0.0,0.0,0.0,0.0,0.0,0.0,0.0,0.0,0.0,0.0,0.0,0.0
"China, Macao Special Administrative Region",MO,MAC,CHN,Rest of World,Aluminium scrap,kt,0.0,0.0,0.0,No 2019 secondary producer share; assigned zero,,0.0,0.0,No 2024 secondary production estimate; assigned zero share,0.0,0.0,,Existing values retained through 2024; 2025 extrapolated using a country-level OLS linear trend fitted over 2019-2024 and floored at zero; Zijie regional growth indexed to 2025 thereafter,0.0,0.0,0.0,0.0,0.0,0.0,0.0,0.0,0.0,0.0,0.0,0.0,0.0,0.0,0.0,0.0,0.0,0.0,0.0,0.0,0.0,0.0,0.0,0.0,0.0,0.0,0.0,0.0,0.0,0.0,0.0,0.0
Indonesia,ID,IDN,IDN,Other Asia,Aluminium scrap,kt,33.371917828133014,40.0,0.010752688172043,Scrap allocated using OMNIA-controlled 2019 secondary country share,Indonesia,300.0,0.0628798993921609,Zijie 2024 regional total allocated using country shares from secondary_aluminium_production_estimates_2024.xlsx,60.250466797715255,394.8747186144246,1.103033513948529,Existing values retained through 2024; 2025 extrapolated using a country-level OLS linear trend fitted over 2019-2024 and floored at zero; Zijie regional growth indexed to 2025 thereafter,33.371917828133014,93.62238462584828,153.87285142356353,214.1233182212788,274.37378501899406,334.62425181670926,394.8747186144246,424.55937254698415,455.2499453002927,487.0544139544847,519.9065856093318,553.7110938459299,588.1604540982391,622.8485249850885,657.4386079758988,691.6464811928453,725.2848671109051,758.3032792925273,790.7059330614188,822.6253775899982,854.2622679554283,885.7202431715484,917.1720003729171,948.6425979009499,980.0349310172957,1011.3304191734154,1042.4297666147675,1073.1226145466326,1103.183470508884,1132.53798515585,1161.162907284856,1189.0005979340492
Philippines,PH,PHL,IDN,Rest of World,Aluminium scrap,kt,0.0,0.0,0.0,No 2019 secondary producer share; assigned zero,,0.0,0.0,No 2024 secondary production estimate; assigned zero share,0.0,0.0,,Existing values retained through 2024; 2025 extrapolated using a country-level OLS linear trend fitted over 2019-2024 and floored at zero; Zijie regional growth indexed to 2025 thereafter,0.0,0.0,0.0,0.0,0.0,0.0,0.0,0.0,0.0,0.0,0.0,0.0,0.0,0.0,0.0,0.0,0.0,0.0,0.0,0.0,0.0,0.0,0.0,0.0,0.0,0.0,0.0,0.0,0.0,0.0,0.0,0.0
Viet Nam,VN,VNM,IDN,Other Asia,Aluminium scrap,kt,0.0,0.0,0.0,No 2019 secondary producer share; assigned zero,Vietnam,300.0,0.0628798993921609,Zijie 2024 regional total allocated using country shares from secondary_aluminium_production_estimates_2024.xlsx,66.92485036334186,401.54910218005114,1.1216775760036186,Existing values retained through 2024; 2025 extrapolated using a country-level OLS linear trend fitted over 2019-2024 and floored at zero; Zijie regional growth indexed to 2025 thereafter,0.0,66.92485036334186,133.84970072668372,200.77455109002557,267.69940145336744,334.62425181670926,401.54910218005114,431.7355020006584,462.9448232196148,495.2868680033799,528.6943246239439,563.0702147282141,598.1018564816566,633.3762436843816,668.5509867472716,703.337059722398,737.544019619905,771.1205266534879,804.0708673965079,836.5298314383471,868.7014654355385,900.6911601639309,932.6745317773629,964.677062166731,996.6000052774913,1028.4244665027413,1060.04947173802,1091.261106591817,1121.8300672099126,1151.6807475542525,1180.7895034179062,1209.0977215944781
India,IN,IND,IND,Other Asia,Aluminium scrap,kt,1159.674144527622,1390.0,0.3736559139784946,Scrap allocated using OMNIA-controlled 2019 secondary country share,India,1700.0,0.3563194298889122,Zijie 2024 regional total allocated using country shares from secondary_aluminium_production_estimates_2024.xlsx,147.30598982007947,2043.510083448099,1.0073456072246127,Existing values retained through 2024; 2025 extrapolated using a country-level OLS linear trend fitted over 2019-2024 and floored at zero; Zijie regional growth indexed to 2025 thereafter,1159.674144527622,1306.9801343477016,1454.286124167781,1601.5921139878603,1748.89810380794,1896.2040936280196,2043.510083448099,2197.1306794885486,2355.95699054804,2520.5478071533753,2690.560575444578,2865.501766133834,3043.780120572296,3223.2938227443888,3402.3004292626656,3579.329067858296,3753.410561491712,3924.283638576384,4091.970113769198,4257.15594025384,4420.879525034223,4583.677208776981,4746.442713767227,4909.305719042244,5071.763699363983,5233.7204988214535,5394.662253482414,5553.500338783462,5709.067812162088,5860.979909462937,6009.116303744633,6153.178708502133
Bangladesh,BD,BGD,ASO,Rest of World,Aluminium scrap,kt,0.0,0.0,0.0,No 2019 secondary producer share; assigned zero,,0.0,0.0,No 2024 secondary production estimate; assigned zero share,0.0,0.0,,Existing values retained through 2024; 2025 extrapolated using a country-level OLS linear trend fitted over 2019-2024 and floored at zero; Zijie regional growth indexed to 2025 thereafter,0.0,0.0,0.0,0.0,0.0,0.0,0.0,0.0,0.0,0.0,0.0,0.0,0.0,0.0,0.0,0.0,0.0,0.0,0.0,0.0,0.0,0.0,0.0,0.0,0.0,0.0,0.0,0.0,0.0,0.0,0.0,0.0
Nepal,NP,NPL,ASO,Rest of World,Aluminium scrap,kt,0.0,0.0,0.0,No 2019 secondary producer share; assigned zero,,0.0,0.0,No 2024 secondary production estimate; assigned zero share,0.0,0.0,,Existing values retained through 2024; 2025 extrapolated using a country-level OLS linear trend fitted over 2019-2024 and floored at zero; Zijie regional growth indexed to 2025 thereafter,0.0,0.0,0.0,0.0,0.0,0.0,0.0,0.0,0.0,0.0,0.0,0.0,0.0,0.0,0.0,0.0,0.0,0.0,0.0,0.0,0.0,0.0,0.0,0.0,0.0,0.0,0.0,0.0,0.0,0.0,0.0,0.0
Sri Lanka,LK,LKA,ASO,Rest of World,Aluminium scrap,kt,0.0,0.0,0.0,No 2019 secondary producer share; assigned zero,,0.0,0.0,No 2024 secondary production estimate; assigned zero share,0.0,0.0,,Existing values retained through 2024; 2025 extrapolated using a country-level OLS linear trend fitted over 2019-2024 and floored at zero; Zijie regional growth indexed to 2025 thereafter,0.0,0.0,0.0,0.0,0.0,0.0,0.0,0.0,0.0,0.0,0.0,0.0,0.0,0.0,0.0,0.0,0.0,0.0,0.0,0.0,0.0,0.0,0.0,0.0,0.0,0.0,0.0,0.0,0.0,0.0,0.0,0.0
Pakistan,PK,PAK,ASO,Other Asia,Aluminium scrap,kt,0.0,0.0,0.0,No 2019 secondary producer share; assigned zero,,0.0,0.0,No 2024 secondary production estimate; assigned zero share,0.0,0.0,,Existing values retained through 2024; 2025 extrapolated using a country-level OLS linear trend fitted over 2019-2024 and floored at zero; Zijie regional growth indexed to 2025 thereafter,0.0,0.0,0.0,0.0,0.0,0.0,0.0,0.0,0.0,0.0,0.0,0.0,0.0,0.0,0.0,0.0,0.0,0.0,0.0,0.0,0.0,0.0,0.0,0.0,0.0,0.0,0.0,0.0,0.0,0.0,0.0,0.0
Bhutan,BT,BTN,ASO,Rest of World,Aluminium scrap,kt,0.0,0.0,0.0,No 2019 secondary producer share; assigned zero,,0.0,0.0,No 2024 secondary production estimate; assigned zero share,0.0,0.0,,Existing values retained through 2024; 2025 extrapolated using a country-level OLS linear trend fitted over 2019-2024 and floored at zero; Zijie regional growth indexed to 2025 thereafter,0.0,0.0,0.0,0.0,0.0,0.0,0.0,0.0,0.0,0.0,0.0,0.0,0.0,0.0,0.0,0.0,0.0,0.0,0.0,0.0,0.0,0.0,0.0,0.0,0.0,0.0,0.0,0.0,0.0,0.0,0.0,0.0
Maldives,MV,MDV,ASO,Rest of World,Aluminium scrap,kt,0.0,0.0,0.0,No 2019 secondary producer share; assigned zero,,0.0,0.0,No 2024 secondary production estimate; assigned zero share,0.0,0.0,,Existing values retained through 2024; 2025 extrapolated using a country-level OLS linear trend fitted over 2019-2024 and floored at zero; Zijie regional growth indexed to 2025 thereafter,0.0,0.0,0.0,0.0,0.0,0.0,0.0,0.0,0.0,0.0,0.0,0.0,0.0,0.0,0.0,0.0,0.0,0.0,0.0,0.0,0.0,0.0,0.0,0.0,0.0,0.0,0.0,0.0,0.0,0.0,0.0,0.0
Japan,JP,JPN,JPN,Japan,Aluminium scrap,kt,1996.2524020417072,1320.0,1.0,Scrap allocated using OMNIA-controlled 2019 secondary country share,Japan,695.0,1.0,Zijie 2024 regional total allocated using country shares from secondary_aluminium_production_estimates_2024.xlsx,-17.266959098248115,1892.6506474522187,0.8848720310690538,Existing values retained through 2024; 2025 extrapolated using a country-level OLS linear trend fitted over 2019-2024 and floored at zero; Zijie regional growth indexed to 2025 thereafter,1996.2524020417072,1978.9854429434592,1961.7184838452115,1944.451524746963,1927.184565648715,1909.917606550467,1892.6506474522187,1818.168626138476,1752.2775757612312,1694.3400296879383,1643.3828904363504,1598.3583766769398,1558.6248920121723,1524.1038821419338,1494.652244336627,1469.9389123445724,1449.8493906650046,1434.9416801879713,1424.812184407821,1419.1008902254875,1417.1357206504674,1417.9952311030056,1420.7725646296083,1425.4783616558025,1431.1451053023234,1436.0315232931048,1439.339189902769,1440.5742295892128,1439.3583233272777,1434.9978956670059,1426.89629871476,1415.017523168542
"Taiwan, Province of China",TW,TWN,SKT,Other Asia,Aluminium scrap,kt,0.0,0.0,0.0,No 2019 secondary producer share; assigned zero,Taiwan,350.0,0.0733598826241878,Zijie 2024 regional total allocated using country shares from secondary_aluminium_production_estimates_2024.xlsx,78.0789920905655,468.473952543393,1.121677576003619,Existing values retained through 2024; 2025 extrapolated using a country-level OLS linear trend fitted over 2019-2024 and floored at zero; Zijie regional growth indexed to 2025 thereafter,0.0,78.0789920905655,156.157984181131,234.23697627169648,312.315968362262,390.3949604528275,468.473952543393,503.6914190007682,540.1022937562173,577.8346793372766,616.8100453946013,656.9152505162498,697.7854992285994,738.938950965112,779.9761512051502,820.5599030094644,860.4680228898893,899.6406144290693,938.0826786292592,975.9514700114049,1013.4850430081283,1050.806353524586,1088.1202870735901,1125.456572527853,1162.7000061570732,1199.8285442531983,1236.7243836943567,1273.1379576904533,1308.8017450782315,1343.6275388132947,1377.5877539875573,1410.614008526891
Republic of Korea,KR,KOR,SKT,Other Asia,Aluminium scrap,kt,1668.5958914066505,2000.0,0.5376344086021505,Scrap allocated using OMNIA-controlled 2019 secondary country share,Republic of Korea,900.0,0.1886396981764829,Zijie 2024 regional total allocated using country shares from secondary_aluminium_production_estimates_2024.xlsx,-132.94462719130456,870.9281282588232,0.8109432084187902,Existing values retained through 2024; 2025 extrapolated using a country-level OLS linear trend fitted over 2019-2024 and floored at zero; Zijie regional growth indexed to 2025 thereafter,1668.5958914066505,1535.651264215346,1402.7066370240414,1269.7620098327368,1136.8173826414322,1003.8727554501278,870.9281282588232,936.400033318259,1004.0905736927368,1074.237901565375,1146.6960231412252,1221.2546000704265,1297.2354502740932,1373.7427960884816,1450.0340216731709,1525.482252689554,1599.674433409714,1672.4992119124322,1743.9658854350669,1814.3668018975911,1884.1445223011058,1953.5276308726632,2022.8970251097912,2092.3079732111296,2161.546302822687,2230.5710330419183,2299.1631590514207,2366.858717516215,2433.1603665782964,2497.9041227426205,2561.038703601196,2622.436981761981
Australia,AU,AUS,ANZ,Other main producer,Aluminium scrap,kt,1031.8683448703691,719.2087454450807,0.5611036980776043,Scrap allocated using OMNIA-controlled 2019 secondary country share,Australia,5.0,0.0080385852090032,Zijie 2024 regional total allocated using country shares from secondary_aluminium_production_estimates_2024.xlsx,-202.85770129650797,-185.2778629086788,0.0,Existing values retained through 2024; 2025 extrapolated using a country-level OLS linear trend fitted over 2019-2024 and floored at zero; Zijie regional growth indexed to 2025 thereafter,1031.8683448703691,829.0106435738611,626.1529422773531,423.2952409808452,220.43753968433717,17.579838387829234,0.0,0.0,0.0,0.0,0.0,0.0,0.0,0.0,0.0,0.0,0.0,0.0,0.0,0.0,0.0,0.0,0.0,0.0,0.0,0.0,0.0,0.0,0.0,0.0,0.0,0.0
New Zealand,NZ,NZL,ANZ,Other main producer,Aluminium scrap,kt,230.6915853818469,160.79125455491933,0.1254442025638465,Scrap allocated using OMNIA-controlled 2019 secondary country share,New Zealand,20.0,0.0321543408360128,Zijie 2024 regional total allocated using country shares from secondary_aluminium_production_estimates_2024.xlsx,-32.07444636610599,38.244907185210934,0.4773427405783165,Existing values retained through 2024; 2025 extrapolated using a country-level OLS linear trend fitted over 2019-2024 and floored at zero; Zijie regional growth indexed to 2025 thereafter,230.6915853818469,198.6171390157409,166.5426926496349,134.4682462835289,102.39379991742292,70.31935355131694,38.244907185210934,38.69481070850765,39.130968825098236,39.44665906075775,39.72087146159829,39.97481562777862,40.235202062363605,40.53032833390858,40.863259521467725,41.23285875015427,41.629670601656436,42.03129080415141,42.419012581828916,42.79200548799382,43.154714449805496,43.515552632861876,43.88552519428468,44.26254146408342,44.64994807704805,45.05535251601731,45.477680388338534,45.912844757626395,46.34715321881795,46.77256950121138,47.190034941180464,47.614080680262745
United States of America,US,USA,USA,North America,Aluminium scrap,kt,4780.627987864888,3870.0,0.6935483870967742,Scrap allocated using OMNIA-controlled 2019 secondary country share,United States,3600.0,0.8888888888888888,Zijie 2024 regional total allocated using country shares from secondary_aluminium_production_estimates_2024.xlsx,297.5832486941142,6566.127480029572,1.0594014043352766,Existing values retained through 2024; 2025 extrapolated using a country-level OLS linear trend fitted over 2019-2024 and floored at zero; Zijie regional growth indexed to 2025 thereafter,4780.627987864888,5078.211236559003,5375.794485253116,5673.377733947231,5970.960982641345,6268.544231335459,6566.127480029572,6603.132587538334,6647.755273270493,6701.9711509993585,6760.10883506397,6820.707598911458,6885.255993498925,6950.632648443153,7015.1412293403355,7078.445117454886,7137.716959421303,7191.472636300064,7240.649639548569,7283.07299801816,7315.49784708758,7338.756640490205,7354.912711238445,7364.396967549585,7364.867239572046,7356.393247221515,7343.078422640445,7323.796328556217,7301.0762543623605,7276.046286111076,7247.6087593446455,7218.954076628408
Canada,CA,CAN,CAN,North America,Aluminium scrap,kt,2112.3705062658805,1710.0,0.3064516129032258,Scrap allocated using OMNIA-controlled 2019 secondary country share,Canada,450.0,0.1111111111111111,Zijie 2024 regional total allocated using country shares from secondary_aluminium_production_estimates_2024.xlsx,-265.76049546978965,517.8075334471429,0.6683586692798335,Existing values retained through 2024; 2025 extrapolated using a country-level OLS linear trend fitted over 2019-2024 and floored at zero; Zijie regional growth indexed to 2025 thereafter,2112.3705062658805,1846.6100107960908,1580.8495153263011,1315.0890198565116,1049.328524386722,783.5680289169323,517.8075334471429,520.7257715566429,524.2447350408323,528.5202216203785,533.1049834723812,537.8838270956963,542.9741402355135,548.1297703302163,553.2169437459227,558.2091145896818,562.8833166037068,567.1225115535507,571.0006304039505,574.346154029024,576.9031910603787,578.7373891443178,580.0114635770466,580.7593959591072,580.796481805634,580.1282192580634,579.0782066752168,577.5576127470885,575.7658982831463,573.7920246168374,571.5494294742593,569.2897093235109
Argentina,AR,ARG,LAM,South America,Aluminium scrap,kt,311.00205375398355,255.2183908045977,0.1772349936143039,Scrap allocated using OMNIA-controlled 2019 secondary country share,Argentina,100.0,0.0566572237960339,Zijie 2024 regional total allocated using country shares from secondary_aluminium_production_estimates_2024.xlsx,-37.76457782523329,84.41458680258378,0.6662328216267133,Existing values retained through 2024; 2025 extrapolated using a country-level OLS linear trend fitted over 2019-2024 and floored at zero; Zijie regional growth indexed to 2025 thereafter,311.00205375398355,273.23747592875026,235.47289810351697,197.70832027828368,159.9437424530504,122.1791646278171,84.41458680258378,87.71527369833855,90.8480683538358,93.84640133981655,96.75292977247838,99.59611008744312,102.36967585814232,105.0533557741211,107.61201726501055,110.01814743870705,112.23555390459919,114.24324589734935,116.05809149849692,117.71339322529552,119.24369974852665,120.69149435898863,122.0905585397602,123.46935907274727,124.84914559372965,126.23051342456091,127.6084076868214,128.96859186486788,130.29856398776292,131.57497460938635,132.7791855599536,133.91925098687372
Venezuela (Bolivarian Republic of),VE,VEN,LAM,South America,Aluminium scrap,kt,5.826736370098052,4.781609195402298,0.0033205619412515,Scrap allocated using OMNIA-controlled 2019 secondary country share,Venezuela,15.0,0.0084985835694051,Zijie 2024 regional total allocated using country shares from secondary_aluminium_production_estimates_2024.xlsx,2.5000276648149025,20.826902358987468,1.0958268746310686,Existing values retained through 2024; 2025 extrapolated using a country-level OLS linear trend fitted over 2019-2024 and floored at zero; Zijie regional growth indexed to 2025 thereafter,5.826736370098052,8.326764034912955,10.826791699727858,13.32681936454276,15.826847029357664,18.326874694172567,20.826902358987468,21.641253128200375,22.414181254394816,23.153934781647063,23.871038142138975,24.572512153345688,25.256810752445315,25.91893256918274,26.550209639401427,27.143853938197623,27.690936020863333,28.186277012079902,28.63403863200151,29.04243733114248,29.41999701301586,29.777199223321972,30.122378583792337,30.462558464553926,30.80298160985643,31.143794898463188,31.48375118265636,31.819338006443864,32.14747086348774,32.46238894096049,32.75949379969468,33.0407725718677
Colombia,CO,COL,LAM,Rest of World,Aluminium scrap,kt,0.0,0.0,0.0,No 2019 secondary producer share; assigned zero,,0.0,0.0,No 2024 secondary production estimate; assigned zero share,0.0,0.0,,Existing values retained through 2024; 2025 extrapolated using a country-level OLS linear trend fitted over 2019-2024 and floored at zero; Zijie regional growth indexed to 2025 thereafter,0.0,0.0,0.0,0.0,0.0,0.0,0.0,0.0,0.0,0.0,0.0,0.0,0.0,0.0,0.0,0.0,0.0,0.0,0.0,0.0,0.0,0.0,0.0,0.0,0.0,0.0,0.0,0.0,0.0,0.0,0.0,0.0
Peru,PE,PER,LAM,Rest of World,Aluminium scrap,kt,0.0,0.0,0.0,No 2019 secondary producer share; assigned zero,,0.0,0.0,No 2024 secondary production estimate; assigned zero share,0.0,0.0,,Existing values retained through 2024; 2025 extrapolated using a country-level OLS linear trend fitted over 2019-2024 and floored at zero; Zijie regional growth indexed to 2025 thereafter,0.0,0.0,0.0,0.0,0.0,0.0,0.0,0.0,0.0,0.0,0.0,0.0,0.0,0.0,0.0,0.0,0.0,0.0,0.0,0.0,0.0,0.0,0.0,0.0,0.0,0.0,0.0,0.0,0.0,0.0,0.0,0.0
Trinidad and Tobago,TT,TTO,LAM,Rest of World,Aluminium scrap,kt,0.0,0.0,0.0,No 2019 secondary producer share; assigned zero,,0.0,0.0,No 2024 secondary production estimate; assigned zero share,0.0,0.0,,Existing values retained through 2024; 2025 extrapolated using a country-level OLS linear trend fitted over 2019-2024 and floored at zero; Zijie regional growth indexed to 2025 thereafter,0.0,0.0,0.0,0.0,0.0,0.0,0.0,0.0,0.0,0.0,0.0,0.0,0.0,0.0,0.0,0.0,0.0,0.0,0.0,0.0,0.0,0.0,0.0,0.0,0.0,0.0,0.0,0.0,0.0,0.0,0.0,0.0
Ecuador,EC,ECU,LAM,Rest of World,Aluminium scrap,kt,0.0,0.0,0.0,No 2019 secondary producer share; assigned zero,,0.0,0.0,No 2024 secondary production estimate; assigned zero share,0.0,0.0,,Existing values retained through 2024; 2025 extrapolated using a country-level OLS linear trend fitted over 2019-2024 and floored at zero; Zijie regional growth indexed to 2025 thereafter,0.0,0.0,0.0,0.0,0.0,0.0,0.0,0.0,0.0,0.0,0.0,0.0,0.0,0.0,0.0,0.0,0.0,0.0,0.0,0.0,0.0,0.0,0.0,0.0,0.0,0.0,0.0,0.0,0.0,0.0,0.0,0.0
Guatemala,GT,GTM,LAM,Rest of World,Aluminium scrap,kt,0.0,0.0,0.0,No 2019 secondary producer share; assigned zero,,0.0,0.0,No 2024 secondary production estimate; assigned zero share,0.0,0.0,,Existing values retained through 2024; 2025 extrapolated using a country-level OLS linear trend fitted over 2019-2024 and floored at zero; Zijie regional growth indexed to 2025 thereafter,0.0,0.0,0.0,0.0,0.0,0.0,0.0,0.0,0.0,0.0,0.0,0.0,0.0,0.0,0.0,0.0,0.0,0.0,0.0,0.0,0.0,0.0,0.0,0.0,0.0,0.0,0.0,0.0,0.0,0.0,0.0,0.0
Cuba,CU,CUB,LAM,Rest of World,Aluminium scrap,kt,0.0,0.0,0.0,No 2019 secondary producer share; assigned zero,,0.0,0.0,No 2024 secondary production estimate; assigned zero share,0.0,0.0,,Existing values retained through 2024; 2025 extrapolated using a country-level OLS linear trend fitted over 2019-2024 and floored at zero; Zijie regional growth indexed to 2025 thereafter,0.0,0.0,0.0,0.0,0.0,0.0,0.0,0.0,0.0,0.0,0.0,0.0,0.0,0.0,0.0,0.0,0.0,0.0,0.0,0.0,0.0,0.0,0.0,0.0,0.0,0.0,0.0,0.0,0.0,0.0,0.0,0.0
Bolivia (Plurinational State of),BO,BOL,LAM,Rest of World,Aluminium scrap,kt,0.0,0.0,0.0,No 2019 secondary producer share; assigned zero,,0.0,0.0,No 2024 secondary production estimate; assigned zero share,0.0,0.0,,Existing values retained through 2024; 2025 extrapolated using a country-level OLS linear trend fitted over 2019-2024 and floored at zero; Zijie regional growth indexed to 2025 thereafter,0.0,0.0,0.0,0.0,0.0,0.0,0.0,0.0,0.0,0.0,0.0,0.0,0.0,0.0,0.0,0.0,0.0,0.0,0.0,0.0,0.0,0.0,0.0,0.0,0.0,0.0,0.0,0.0,0.0,0.0,0.0,0.0
Dominican Republic,DO,DOM,LAM,South America,Aluminium scrap,kt,0.0,0.0,0.0,No 2019 secondary producer share; assigned zero,,0.0,0.0,No 2024 secondary production estimate; assigned zero share,0.0,0.0,,Existing values retained through 2024; 2025 extrapolated using a country-level OLS linear trend fitted over 2019-2024 and floored at zero; Zijie regional growth indexed to 2025 thereafter,0.0,0.0,0.0,0.0,0.0,0.0,0.0,0.0,0.0,0.0,0.0,0.0,0.0,0.0,0.0,0.0,0.0,0.0,0.0,0.0,0.0,0.0,0.0,0.0,0.0,0.0,0.0,0.0,0.0,0.0,0.0,0.0
Honduras,HN,HND,LAM,Rest of World,Aluminium scrap,kt,0.0,0.0,0.0,No 2019 secondary producer share; assigned zero,,0.0,0.0,No 2024 secondary production estimate; assigned zero share,0.0,0.0,,Existing values retained through 2024; 2025 extrapolated using a country-level OLS linear trend fitted over 2019-2024 and floored at zero; Zijie regional growth indexed to 2025 thereafter,0.0,0.0,0.0,0.0,0.0,0.0,0.0,0.0,0.0,0.0,0.0,0.0,0.0,0.0,0.0,0.0,0.0,0.0,0.0,0.0,0.0,0.0,0.0,0.0,0.0,0.0,0.0,0.0,0.0,0.0,0.0,0.0
Paraguay,PY,PRY,LAM,Rest of World,Aluminium scrap,kt,0.0,0.0,0.0,No 2019 secondary producer share; assigned zero,,0.0,0.0,No 2024 secondary production estimate; assigned zero share,0.0,0.0,,Existing values retained through 2024; 2025 extrapolated using a country-level OLS linear trend fitted over 2019-2024 and floored at zero; Zijie regional growth indexed to 2025 thereafter,0.0,0.0,0.0,0.0,0.0,0.0,0.0,0.0,0.0,0.0,0.0,0.0,0.0,0.0,0.0,0.0,0.0,0.0,0.0,0.0,0.0,0.0,0.0,0.0,0.0,0.0,0.0,0.0,0.0,0.0,0.0,0.0
Uruguay,UY,URY,LAM,Rest of World,Aluminium scrap,kt,0.0,0.0,0.0,No 2019 secondary producer share; assigned zero,,0.0,0.0,No 2024 secondary production estimate; assigned zero share,0.0,0.0,,Existing values retained through 2024; 2025 extrapolated using a country-level OLS linear trend fitted over 2019-2024 and floored at zero; Zijie regional growth indexed to 2025 thereafter,0.0,0.0,0.0,0.0,0.0,0.0,0.0,0.0,0.0,0.0,0.0,0.0,0.0,0.0,0.0,0.0,0.0,0.0,0.0,0.0,0.0,0.0,0.0,0.0,0.0,0.0,0.0,0.0,0.0,0.0,0.0,0.0
Costa Rica,CR,CRI,LAM,Rest of World,Aluminium scrap,kt,0.0,0.0,0.0,No 2019 secondary producer share; assigned zero,,0.0,0.0,No 2024 secondary production estimate; assigned zero share,0.0,0.0,,Existing values retained through 2024; 2025 extrapolated using a country-level OLS linear trend fitted over 2019-2024 and floored at zero; Zijie regional growth indexed to 2025 thereafter,0.0,0.0,0.0,0.0,0.0,0.0,0.0,0.0,0.0,0.0,0.0,0.0,0.0,0.0,0.0,0.0,0.0,0.0,0.0,0.0,0.0,0.0,0.0,0.0,0.0,0.0,0.0,0.0,0.0,0.0,0.0,0.0
El Salvador,SV,SLV,LAM,Rest of World,Aluminium scrap,kt,0.0,0.0,0.0,No 2019 secondary producer share; assigned zero,,0.0,0.0,No 2024 secondary production estimate; assigned zero share,0.0,0.0,,Existing values retained through 2024; 2025 extrapolated using a country-level OLS linear trend fitted over 2019-2024 and floored at zero; Zijie regional growth indexed to 2025 thereafter,0.0,0.0,0.0,0.0,0.0,0.0,0.0,0.0,0.0,0.0,0.0,0.0,0.0,0.0,0.0,0.0,0.0,0.0,0.0,0.0,0.0,0.0,0.0,0.0,0.0,0.0,0.0,0.0,0.0,0.0,0.0,0.0
Haiti,HT,HTI,LAM,South America,Aluminium scrap,kt,0.0,0.0,0.0,No 2019 secondary producer share; assigned zero,,0.0,0.0,No 2024 secondary production estimate; assigned zero share,0.0,0.0,,Existing values retained through 2024; 2025 extrapolated using a country-level OLS linear trend fitted over 2019-2024 and floored at zero; Zijie regional growth indexed to 2025 thereafter,0.0,0.0,0.0,0.0,0.0,0.0,0.0,0.0,0.0,0.0,0.0,0.0,0.0,0.0,0.0,0.0,0.0,0.0,0.0,0.0,0.0,0.0,0.0,0.0,0.0,0.0,0.0,0.0,0.0,0.0,0.0,0.0
Panama,PA,PAN,LAM,Rest of World,Aluminium scrap,kt,0.0,0.0,0.0,No 2019 secondary producer share; assigned zero,,0.0,0.0,No 2024 secondary production estimate; assigned zero share,0.0,0.0,,Existing values retained through 2024; 2025 extrapolated using a country-level OLS linear trend fitted over 2019-2024 and floored at zero; Zijie regional growth indexed to 2025 thereafter,0.0,0.0,0.0,0.0,0.0,0.0,0.0,0.0,0.0,0.0,0.0,0.0,0.0,0.0,0.0,0.0,0.0,0.0,0.0,0.0,0.0,0.0,0.0,0.0,0.0,0.0,0.0,0.0,0.0,0.0,0.0,0.0
Nicaragua,NI,NIC,LAM,Rest of World,Aluminium scrap,kt,0.0,0.0,0.0,No 2019 secondary producer share; assigned zero,,0.0,0.0,No 2024 secondary production estimate; assigned zero share,0.0,0.0,,Existing values retained through 2024; 2025 extrapolated using a country-level OLS linear trend fitted over 2019-2024 and floored at zero; Zijie regional growth indexed to 2025 thereafter,0.0,0.0,0.0,0.0,0.0,0.0,0.0,0.0,0.0,0.0,0.0,0.0,0.0,0.0,0.0,0.0,0.0,0.0,0.0,0.0,0.0,0.0,0.0,0.0,0.0,0.0,0.0,0.0,0.0,0.0,0.0,0.0
Jamaica,JM,JAM,LAM,South America,Aluminium scrap,kt,0.0,0.0,0.0,No 2019 secondary producer share; assigned zero,,0.0,0.0,No 2024 secondary production estimate; assigned zero share,0.0,0.0,,Existing values retained through 2024; 2025 extrapolated using a country-level OLS linear trend fitted over 2019-2024 and floored at zero; Zijie regional growth indexed to 2025 thereafter,0.0,0.0,0.0,0.0,0.0,0.0,0.0,0.0,0.0,0.0,0.0,0.0,0.0,0.0,0.0,0.0,0.0,0.0,0.0,0.0,0.0,0.0,0.0,0.0,0.0,0.0,0.0,0.0,0.0,0.0,0.0,0.0
Curaçao,CW,CUW,LAM,Rest of World,Aluminium scrap,kt,0.0,0.0,0.0,No 2019 secondary producer share; assigned zero,,0.0,0.0,No 2024 secondary production estimate; assigned zero share,0.0,0.0,,Existing values retained through 2024; 2025 extrapolated using a country-level OLS linear trend fitted over 2019-2024 and floored at zero; Zijie regional growth indexed to 2025 thereafter,0.0,0.0,0.0,0.0,0.0,0.0,0.0,0.0,0.0,0.0,0.0,0.0,0.0,0.0,0.0,0.0,0.0,0.0,0.0,0.0,0.0,0.0,0.0,0.0,0.0,0.0,0.0,0.0,0.0,0.0,0.0,0.0
Suriname,SR,SUR,LAM,South America,Aluminium scrap,kt,0.0,0.0,0.0,No 2019 secondary producer share; assigned zero,,0.0,0.0,No 2024 secondary production estimate; assigned zero share,0.0,0.0,,Existing values retained through 2024; 2025 extrapolated using a country-level OLS linear trend fitted over 2019-2024 and floored at zero; Zijie regional growth indexed to 2025 thereafter,0.0,0.0,0.0,0.0,0.0,0.0,0.0,0.0,0.0,0.0,0.0,0.0,0.0,0.0,0.0,0.0,0.0,0.0,0.0,0.0,0.0,0.0,0.0,0.0,0.0,0.0,0.0,0.0,0.0,0.0,0.0,0.0
Antigua and Barbuda,AG,ATG,LAM,Rest of World,Aluminium scrap,kt,0.0,0.0,0.0,No 2019 secondary producer share; assigned zero,,0.0,0.0,No 2024 secondary production estimate; assigned zero share,0.0,0.0,,Existing values retained through 2024; 2025 extrapolated using a country-level OLS linear trend fitted over 2019-2024 and floored at zero; Zijie regional growth indexed to 2025 thereafter,0.0,0.0,0.0,0.0,0.0,0.0,0.0,0.0,0.0,0.0,0.0,0.0,0.0,0.0,0.0,0.0,0.0,0.0,0.0,0.0,0.0,0.0,0.0,0.0,0.0,0.0,0.0,0.0,0.0,0.0,0.0,0.0
Aruba,AW,ABW,LAM,Rest of World,Aluminium scrap,kt,0.0,0.0,0.0,No 2019 secondary producer share; assigned zero,,0.0,0.0,No 2024 secondary production estimate; assigned zero share,0.0,0.0,,Existing values retained through 2024; 2025 extrapolated using a country-level OLS linear trend fitted over 2019-2024 and floored at zero; Zijie regional growth indexed to 2025 thereafter,0.0,0.0,0.0,0.0,0.0,0.0,0.0,0.0,0.0,0.0,0.0,0.0,0.0,0.0,0.0,0.0,0.0,0.0,0.0,0.0,0.0,0.0,0.0,0.0,0.0,0.0,0.0,0.0,0.0,0.0,0.0,0.0
Bahamas,BS,BHS,LAM,Rest of World,Aluminium scrap,kt,0.0,0.0,0.0,No 2019 secondary producer share; assigned zero,,0.0,0.0,No 2024 secondary production estimate; assigned zero share,0.0,0.0,,Existing values retained through 2024; 2025 extrapolated using a country-level OLS linear trend fitted over 2019-2024 and floored at zero; Zijie regional growth indexed to 2025 thereafter,0.0,0.0,0.0,0.0,0.0,0.0,0.0,0.0,0.0,0.0,0.0,0.0,0.0,0.0,0.0,0.0,0.0,0.0,0.0,0.0,0.0,0.0,0.0,0.0,0.0,0.0,0.0,0.0,0.0,0.0,0.0,0.0
Barbados,BB,BRB,LAM,Rest of World,Aluminium scrap,kt,0.0,0.0,0.0,No 2019 secondary producer share; assigned zero,,0.0,0.0,No 2024 secondary production estimate; assigned zero share,0.0,0.0,,Existing values retained through 2024; 2025 extrapolated using a country-level OLS linear trend fitted over 2019-2024 and floored at zero; Zijie regional growth indexed to 2025 thereafter,0.0,0.0,0.0,0.0,0.0,0.0,0.0,0.0,0.0,0.0,0.0,0.0,0.0,0.0,0.0,0.0,0.0,0.0,0.0,0.0,0.0,0.0,0.0,0.0,0.0,0.0,0.0,0.0,0.0,0.0,0.0,0.0
Belize,BZ,BLZ,LAM,Rest of World,Aluminium scrap,kt,0.0,0.0,0.0,No 2019 secondary producer share; assigned zero,,0.0,0.0,No 2024 secondary production estimate; assigned zero share,0.0,0.0,,Existing values retained through 2024; 2025 extrapolated using a country-level OLS linear trend fitted over 2019-2024 and floored at zero; Zijie regional growth indexed to 2025 thereafter,0.0,0.0,0.0,0.0,0.0,0.0,0.0,0.0,0.0,0.0,0.0,0.0,0.0,0.0,0.0,0.0,0.0,0.0,0.0,0.0,0.0,0.0,0.0,0.0,0.0,0.0,0.0,0.0,0.0,0.0,0.0,0.0
Bermuda,BM,BMU,LAM,Rest of World,Aluminium scrap,kt,0.0,0.0,0.0,No 2019 secondary producer share; assigned zero,,0.0,0.0,No 2024 secondary production estimate; assigned zero share,0.0,0.0,,Existing values retained through 2024; 2025 extrapolated using a country-level OLS linear trend fitted over 2019-2024 and floored at zero; Zijie regional growth indexed to 2025 thereafter,0.0,0.0,0.0,0.0,0.0,0.0,0.0,0.0,0.0,0.0,0.0,0.0,0.0,0.0,0.0,0.0,0.0,0.0,0.0,0.0,0.0,0.0,0.0,0.0,0.0,0.0,0.0,0.0,0.0,0.0,0.0,0.0
British Virgin Islands,VG,VGB,LAM,Rest of World,Aluminium scrap,kt,0.0,0.0,0.0,No 2019 secondary producer share; assigned zero,,0.0,0.0,No 2024 secondary production estimate; assigned zero share,0.0,0.0,,Existing values retained through 2024; 2025 extrapolated using a country-level OLS linear trend fitted over 2019-2024 and floored at zero; Zijie regional growth indexed to 2025 thereafter,0.0,0.0,0.0,0.0,0.0,0.0,0.0,0.0,0.0,0.0,0.0,0.0,0.0,0.0,0.0,0.0,0.0,0.0,0.0,0.0,0.0,0.0,0.0,0.0,0.0,0.0,0.0,0.0,0.0,0.0,0.0,0.0
Cayman Islands,KY,CYM,LAM,Rest of World,Aluminium scrap,kt,0.0,0.0,0.0,No 2019 secondary producer share; assigned zero,,0.0,0.0,No 2024 secondary production estimate; assigned zero share,0.0,0.0,,Existing values retained through 2024; 2025 extrapolated using a country-level OLS linear trend fitted over 2019-2024 and floored at zero; Zijie regional growth indexed to 2025 thereafter,0.0,0.0,0.0,0.0,0.0,0.0,0.0,0.0,0.0,0.0,0.0,0.0,0.0,0.0,0.0,0.0,0.0,0.0,0.0,0.0,0.0,0.0,0.0,0.0,0.0,0.0,0.0,0.0,0.0,0.0,0.0,0.0
Dominica,DM,DMA,LAM,Rest of World,Aluminium scrap,kt,0.0,0.0,0.0,No 2019 secondary producer share; assigned zero,,0.0,0.0,No 2024 secondary production estimate; assigned zero share,0.0,0.0,,Existing values retained through 2024; 2025 extrapolated using a country-level OLS linear trend fitted over 2019-2024 and floored at zero; Zijie regional growth indexed to 2025 thereafter,0.0,0.0,0.0,0.0,0.0,0.0,0.0,0.0,0.0,0.0,0.0,0.0,0.0,0.0,0.0,0.0,0.0,0.0,0.0,0.0,0.0,0.0,0.0,0.0,0.0,0.0,0.0,0.0,0.0,0.0,0.0,0.0
Falkland Islands (Malvinas),FK,FLK,LAM,Rest of World,Aluminium scrap,kt,0.0,0.0,0.0,No 2019 secondary producer share; assigned zero,,0.0,0.0,No 2024 secondary production estimate; assigned zero share,0.0,0.0,,Existing values retained through 2024; 2025 extrapolated using a country-level OLS linear trend fitted over 2019-2024 and floored at zero; Zijie regional growth indexed to 2025 thereafter,0.0,0.0,0.0,0.0,0.0,0.0,0.0,0.0,0.0,0.0,0.0,0.0,0.0,0.0,0.0,0.0,0.0,0.0,0.0,0.0,0.0,0.0,0.0,0.0,0.0,0.0,0.0,0.0,0.0,0.0,0.0,0.0
Guyana,GY,GUY,LAM,South America,Aluminium scrap,kt,0.0,0.0,0.0,No 2019 secondary producer share; assigned zero,,0.0,0.0,No 2024 secondary production estimate; assigned zero share,0.0,0.0,,Existing values retained through 2024; 2025 extrapolated using a country-level OLS linear trend fitted over 2019-2024 and floored at zero; Zijie regional growth indexed to 2025 thereafter,0.0,0.0,0.0,0.0,0.0,0.0,0.0,0.0,0.0,0.0,0.0,0.0,0.0,0.0,0.0,0.0,0.0,0.0,0.0,0.0,0.0,0.0,0.0,0.0,0.0,0.0,0.0,0.0,0.0,0.0,0.0,0.0
Grenada,GD,GRD,LAM,Rest of World,Aluminium scrap,kt,0.0,0.0,0.0,No 2019 secondary producer share; assigned zero,,0.0,0.0,No 2024 secondary production estimate; assigned zero share,0.0,0.0,,Existing values retained through 2024; 2025 extrapolated using a country-level OLS linear trend fitted over 2019-2024 and floored at zero; Zijie regional growth indexed to 2025 thereafter,0.0,0.0,0.0,0.0,0.0,0.0,0.0,0.0,0.0,0.0,0.0,0.0,0.0,0.0,0.0,0.0,0.0,0.0,0.0,0.0,0.0,0.0,0.0,0.0,0.0,0.0,0.0,0.0,0.0,0.0,0.0,0.0
Guadeloupe,GP,GLP,LAM,Rest of World,Aluminium scrap,kt,0.0,0.0,0.0,No 2019 secondary producer share; assigned zero,,0.0,0.0,No 2024 secondary production estimate; assigned zero share,0.0,0.0,,Existing values retained through 2024; 2025 extrapolated using a country-level OLS linear trend fitted over 2019-2024 and floored at zero; Zijie regional growth indexed to 2025 thereafter,0.0,0.0,0.0,0.0,0.0,0.0,0.0,0.0,0.0,0.0,0.0,0.0,0.0,0.0,0.0,0.0,0.0,0.0,0.0,0.0,0.0,0.0,0.0,0.0,0.0,0.0,0.0,0.0,0.0,0.0,0.0,0.0
Cooperative Republic of Guyana,GY,GUY,LAM,South America,Aluminium scrap,kt,0.0,0.0,0.0,No 2019 secondary producer share; assigned zero,,0.0,0.0,No 2024 secondary production estimate; assigned zero share,0.0,0.0,,Existing values retained through 2024; 2025 extrapolated using a country-level OLS linear trend fitted over 2019-2024 and floored at zero; Zijie regional growth indexed to 2025 thereafter,0.0,0.0,0.0,0.0,0.0,0.0,0.0,0.0,0.0,0.0,0.0,0.0,0.0,0.0,0.0,0.0,0.0,0.0,0.0,0.0,0.0,0.0,0.0,0.0,0.0,0.0,0.0,0.0,0.0,0.0,0.0,0.0
Martinique,MQ,MTQ,LAM,Rest of World,Aluminium scrap,kt,0.0,0.0,0.0,No 2019 secondary producer share; assigned zero,,0.0,0.0,No 2024 secondary production estimate; assigned zero share,0.0,0.0,,Existing values retained through 2024; 2025 extrapolated using a country-level OLS linear trend fitted over 2019-2024 and floored at zero; Zijie regional growth indexed to 2025 thereafter,0.0,0.0,0.0,0.0,0.0,0.0,0.0,0.0,0.0,0.0,0.0,0.0,0.0,0.0,0.0,0.0,0.0,0.0,0.0,0.0,0.0,0.0,0.0,0.0,0.0,0.0,0.0,0.0,0.0,0.0,0.0,0.0
Montserrat,MS,MSR,LAM,Rest of World,Aluminium scrap,kt,0.0,0.0,0.0,No 2019 secondary producer share; assigned zero,,0.0,0.0,No 2024 secondary production estimate; assigned zero share,0.0,0.0,,Existing values retained through 2024; 2025 extrapolated using a country-level OLS linear trend fitted over 2019-2024 and floored at zero; Zijie regional growth indexed to 2025 thereafter,0.0,0.0,0.0,0.0,0.0,0.0,0.0,0.0,0.0,0.0,0.0,0.0,0.0,0.0,0.0,0.0,0.0,0.0,0.0,0.0,0.0,0.0,0.0,0.0,0.0,0.0,0.0,0.0,0.0,0.0,0.0,0.0
Puerto Rico,PR,PRI,LAM,Rest of World,Aluminium scrap,kt,0.0,0.0,0.0,No 2019 secondary producer share; assigned zero,,0.0,0.0,No 2024 secondary production estimate; assigned zero share,0.0,0.0,,Existing values retained through 2024; 2025 extrapolated using a country-level OLS linear trend fitted over 2019-2024 and floored at zero; Zijie regional growth indexed to 2025 thereafter,0.0,0.0,0.0,0.0,0.0,0.0,0.0,0.0,0.0,0.0,0.0,0.0,0.0,0.0,0.0,0.0,0.0,0.0,0.0,0.0,0.0,0.0,0.0,0.0,0.0,0.0,0.0,0.0,0.0,0.0,0.0,0.0
"Bonaire, Sint Eustatius and Saba",BQ,BES,LAM,Rest of World,Aluminium scrap,kt,0.0,0.0,0.0,No 2019 secondary producer share; assigned zero,,0.0,0.0,No 2024 secondary production estimate; assigned zero share,0.0,0.0,,Existing values retained through 2024; 2025 extrapolated using a country-level OLS linear trend fitted over 2019-2024 and floored at zero; Zijie regional growth indexed to 2025 thereafter,0.0,0.0,0.0,0.0,0.0,0.0,0.0,0.0,0.0,0.0,0.0,0.0,0.0,0.0,0.0,0.0,0.0,0.0,0.0,0.0,0.0,0.0,0.0,0.0,0.0,0.0,0.0,0.0,0.0,0.0,0.0,0.0
Saint Kitts and Nevis,KN,KNA,LAM,Rest of World,Aluminium scrap,kt,0.0,0.0,0.0,No 2019 secondary producer share; assigned zero,,0.0,0.0,No 2024 secondary production estimate; assigned zero share,0.0,0.0,,Existing values retained through 2024; 2025 extrapolated using a country-level OLS linear trend fitted over 2019-2024 and floored at zero; Zijie regional growth indexed to 2025 thereafter,0.0,0.0,0.0,0.0,0.0,0.0,0.0,0.0,0.0,0.0,0.0,0.0,0.0,0.0,0.0,0.0,0.0,0.0,0.0,0.0,0.0,0.0,0.0,0.0,0.0,0.0,0.0,0.0,0.0,0.0,0.0,0.0
Saint Lucia,LC,LCA,LAM,Rest of World,Aluminium scrap,kt,0.0,0.0,0.0,No 2019 secondary producer share; assigned zero,,0.0,0.0,No 2024 secondary production estimate; assigned zero share,0.0,0.0,,Existing values retained through 2024; 2025 extrapolated using a country-level OLS linear trend fitted over 2019-2024 and floored at zero; Zijie regional growth indexed to 2025 thereafter,0.0,0.0,0.0,0.0,0.0,0.0,0.0,0.0,0.0,0.0,0.0,0.0,0.0,0.0,0.0,0.0,0.0,0.0,0.0,0.0,0.0,0.0,0.0,0.0,0.0,0.0,0.0,0.0,0.0,0.0,0.0,0.0
Saint Pierre and Miquelon,PM,SPM,LAM,Rest of World,Aluminium scrap,kt,0.0,0.0,0.0,No 2019 secondary producer share; assigned zero,,0.0,0.0,No 2024 secondary production estimate; assigned zero share,0.0,0.0,,Existing values retained through 2024; 2025 extrapolated using a country-level OLS linear trend fitted over 2019-2024 and floored at zero; Zijie regional growth indexed to 2025 thereafter,0.0,0.0,0.0,0.0,0.0,0.0,0.0,0.0,0.0,0.0,0.0,0.0,0.0,0.0,0.0,0.0,0.0,0.0,0.0,0.0,0.0,0.0,0.0,0.0,0.0,0.0,0.0,0.0,0.0,0.0,0.0,0.0
Saint Vincent and the Grenadines,VC,VCT,LAM,Rest of World,Aluminium scrap,kt,0.0,0.0,0.0,No 2019 secondary producer share; assigned zero,,0.0,0.0,No 2024 secondary production estimate; assigned zero share,0.0,0.0,,Existing values retained through 2024; 2025 extrapolated using a country-level OLS linear trend fitted over 2019-2024 and floored at zero; Zijie regional growth indexed to 2025 thereafter,0.0,0.0,0.0,0.0,0.0,0.0,0.0,0.0,0.0,0.0,0.0,0.0,0.0,0.0,0.0,0.0,0.0,0.0,0.0,0.0,0.0,0.0,0.0,0.0,0.0,0.0,0.0,0.0,0.0,0.0,0.0,0.0
Saint Martin,MF,MAF,LAM,Rest of World,Aluminium scrap,kt,0.0,0.0,0.0,No 2019 secondary producer share; assigned zero,,0.0,0.0,No 2024 secondary production estimate; assigned zero share,0.0,0.0,,Existing values retained through 2024; 2025 extrapolated using a country-level OLS linear trend fitted over 2019-2024 and floored at zero; Zijie regional growth indexed to 2025 thereafter,0.0,0.0,0.0,0.0,0.0,0.0,0.0,0.0,0.0,0.0,0.0,0.0,0.0,0.0,0.0,0.0,0.0,0.0,0.0,0.0,0.0,0.0,0.0,0.0,0.0,0.0,0.0,0.0,0.0,0.0,0.0,0.0
Turks and Caicos Islands,TC,TCA,LAM,Rest of World,Aluminium scrap,kt,0.0,0.0,0.0,No 2019 secondary producer share; assigned zero,,0.0,0.0,No 2024 secondary production estimate; assigned zero share,0.0,0.0,,Existing values retained through 2024; 2025 extrapolated using a country-level OLS linear trend fitted over 2019-2024 and floored at zero; Zijie regional growth indexed to 2025 thereafter,0.0,0.0,0.0,0.0,0.0,0.0,0.0,0.0,0.0,0.0,0.0,0.0,0.0,0.0,0.0,0.0,0.0,0.0,0.0,0.0,0.0,0.0,0.0,0.0,0.0,0.0,0.0,0.0,0.0,0.0,0.0,0.0
Sint Maarten (Dutch part),SX,SXM,LAM,Rest of World,Aluminium scrap,kt,0.0,0.0,0.0,No 2019 secondary producer share; assigned zero,,0.0,0.0,No 2024 secondary production estimate; assigned zero share,0.0,0.0,,Existing values retained through 2024; 2025 extrapolated using a country-level OLS linear trend fitted over 2019-2024 and floored at zero; Zijie regional growth indexed to 2025 thereafter,0.0,0.0,0.0,0.0,0.0,0.0,0.0,0.0,0.0,0.0,0.0,0.0,0.0,0.0,0.0,0.0,0.0,0.0,0.0,0.0,0.0,0.0,0.0,0.0,0.0,0.0,0.0,0.0,0.0,0.0,0.0,0.0
Anguilla,AI,AIA,LAM,Rest of World,Aluminium scrap,kt,0.0,0.0,0.0,No 2019 secondary producer share; assigned zero,,0.0,0.0,No 2024 secondary production estimate; assigned zero share,0.0,0.0,,Existing values retained through 2024; 2025 extrapolated using a country-level OLS linear trend fitted over 2019-2024 and floored at zero; Zijie regional growth indexed to 2025 thereafter,0.0,0.0,0.0,0.0,0.0,0.0,0.0,0.0,0.0,0.0,0.0,0.0,0.0,0.0,0.0,0.0,0.0,0.0,0.0,0.0,0.0,0.0,0.0,0.0,0.0,0.0,0.0,0.0,0.0,0.0,0.0,0.0
Brazil,BR,BRA,BRA,South America,Aluminium scrap,kt,1425.729555558367,1170.0,0.8125,Scrap allocated using OMNIA-controlled 2019 secondary country share,Brazil,1000.0,0.56657223796034,Zijie 2024 regional total allocated using country shares from secondary_aluminium_production_estimates_2024.xlsx,-40.78758185603921,1181.004064422132,0.9320944400671879,Existing values retained through 2024; 2025 extrapolated using a country-level OLS linear trend fitted over 2019-2024 and floored at zero; Zijie regional growth indexed to 2025 thereafter,1425.729555558367,1384.941973702328,1344.1543918462887,1303.3668099902495,1262.57922813421,1221.791646278171,1181.004064422132,1227.1823943402492,1271.011824315365,1312.9600654554356,1353.62391304803,1393.4014874583756,1432.205118112854,1469.7511988132333,1505.548206589718,1539.211221742655,1570.2338938647008,1598.32255120885,1623.713187027117,1646.871720892431,1668.2815067150439,1688.5369078745946,1708.110544925532,1727.4006829829902,1746.7046155263783,1766.030671418697,1785.3081302763617,1804.3378158257601,1822.9448189777213,1840.8024688117985,1857.6500076188947,1873.6001171189112
Mexico,MX,MEX,MEX,South America,Aluminium scrap,kt,12.18572269708006,10.0,0.0069444444444444,Scrap allocated using OMNIA-controlled 2019 secondary country share,Mexico,650.0,0.3682719546742209,Zijie 2024 regional total allocated using country shares from secondary_aluminium_production_estimates_2024.xlsx,156.3957694767462,950.5603395575574,1.1541834927925114,Existing values retained through 2024; 2025 extrapolated using a country-level OLS linear trend fitted over 2019-2024 and floored at zero; Zijie regional growth indexed to 2025 thereafter,12.18572269708006,168.58149217382626,324.9772616505725,481.37303112731865,637.768800604065,794.1645700808111,950.5603395575574,987.7281108544703,1023.0053119199432,1056.7683916104932,1089.4976953781704,1121.5136602485159,1152.7457223913627,1182.9656143415832,1211.7777216765478,1238.8722322529902,1263.8415974183367,1286.4494482015048,1306.8857296099043,1325.5254485387627,1342.7576443410314,1359.0607050874974,1374.8150311241477,1390.3411759820672,1405.878423673266,1421.4334778891882,1436.9494175794675,1452.2659307926212,1467.2422376209392,1481.6154088921883,1495.1755673129965,1508.0134075533977
Chile,CL,CHL,CHL,Rest of World,Aluminium scrap,kt,0.0,0.0,0.0,No 2019 secondary producer share; assigned zero,,0.0,0.0,No 2024 secondary production estimate; assigned zero share,0.0,0.0,,Existing values retained through 2024; 2025 extrapolated using a country-level OLS linear trend fitted over 2019-2024 and floored at zero; Zijie regional growth indexed to 2025 thereafter,0.0,0.0,0.0,0.0,0.0,0.0,0.0,0.0,0.0,0.0,0.0,0.0,0.0,0.0,0.0,0.0,0.0,0.0,0.0,0.0,0.0,0.0,0.0,0.0,0.0,0.0,0.0,0.0,0.0,0.0,0.0,0.0
Ukraine,UA,UKR,ENE,Europe,Aluminium scrap,kt,0.0,0.0,0.0,No 2019 secondary producer share; assigned zero,,0.0,0.0,No 2024 secondary production estimate; assigned zero share,0.0,0.0,,Existing values retained through 2024; 2025 extrapolated using a country-level OLS linear trend fitted over 2019-2024 and floored at zero; Zijie regional growth indexed to 2025 thereafter,0.0,0.0,0.0,0.0,0.0,0.0,0.0,0.0,0.0,0.0,0.0,0.0,0.0,0.0,0.0,0.0,0.0,0.0,0.0,0.0,0.0,0.0,0.0,0.0,0.0,0.0,0.0,0.0,0.0,0.0,0.0,0.0
Belarus,BY,BLR,ENE,Rest of World,Aluminium scrap,kt,0.0,0.0,0.0,No 2019 secondary producer share; assigned zero,,0.0,0.0,No 2024 secondary production estimate; assigned zero share,0.0,0.0,,Existing values retained through 2024; 2025 extrapolated using a country-level OLS linear trend fitted over 2019-2024 and floored at zero; Zijie regional growth indexed to 2025 thereafter,0.0,0.0,0.0,0.0,0.0,0.0,0.0,0.0,0.0,0.0,0.0,0.0,0.0,0.0,0.0,0.0,0.0,0.0,0.0,0.0,0.0,0.0,0.0,0.0,0.0,0.0,0.0,0.0,0.0,0.0,0.0,0.0
Serbia,RS,SRB,ENE,Europe,Aluminium scrap,kt,73.33399507157415,50.0,0.0080775444264943,Scrap allocated using OMNIA-controlled 2019 secondary country share,Serbia,50.0,0.0079436950892076,Zijie 2024 regional total allocated using country shares from secondary_aluminium_production_estimates_2024.xlsx,0.11831353100205563,74.04387625758648,1.021868534944169,Existing values retained through 2024; 2025 extrapolated using a country-level OLS linear trend fitted over 2019-2024 and floored at zero; Zijie regional growth indexed to 2025 thereafter,73.33399507157415,73.45230860257621,73.57062213357827,73.68893566458031,73.80724919558237,73.92556272658443,74.04387625758648,74.51438773540423,75.05107551254424,75.8130074607211,76.71847456135131,77.75772226962064,78.89213596435656,80.07535924186675,81.24747703564418,82.33675082831734,83.28738215183239,84.05875061185691,84.63063767961243,84.98702759709239,85.12209267057784,85.04905673885953,84.78368206803721,84.33315661586,83.70834362878242,82.94553675838726,82.08362765238475,81.15885771990332,80.20128849982753,79.23964289888735,78.30152524368076,77.41050835376804
Bosnia and Herzegovina,BA,BIH,ENE,Rest of World,Aluminium scrap,kt,0.0,0.0,0.0,No 2019 secondary producer share; assigned zero,,0.0,0.0,No 2024 secondary production estimate; assigned zero share,0.0,0.0,,Existing values retained through 2024; 2025 extrapolated using a country-level OLS linear trend fitted over 2019-2024 and floored at zero; Zijie regional growth indexed to 2025 thereafter,0.0,0.0,0.0,0.0,0.0,0.0,0.0,0.0,0.0,0.0,0.0,0.0,0.0,0.0,0.0,0.0,0.0,0.0,0.0,0.0,0.0,0.0,0.0,0.0,0.0,0.0,0.0,0.0,0.0,0.0,0.0,0.0
Republic of Moldova,MD,MDA,ENE,Europe,Aluminium scrap,kt,0.0,0.0,0.0,No 2019 secondary producer share; assigned zero,,0.0,0.0,No 2024 secondary production estimate; assigned zero share,0.0,0.0,,Existing values retained through 2024; 2025 extrapolated using a country-level OLS linear trend fitted over 2019-2024 and floored at zero; Zijie regional growth indexed to 2025 thereafter,0.0,0.0,0.0,0.0,0.0,0.0,0.0,0.0,0.0,0.0,0.0,0.0,0.0,0.0,0.0,0.0,0.0,0.0,0.0,0.0,0.0,0.0,0.0,0.0,0.0,0.0,0.0,0.0,0.0,0.0,0.0,0.0
Republic of North Macedonia,MK,MKD,ENE,Europe,Aluminium scrap,kt,0.0,0.0,0.0,No 2019 secondary producer share; assigned zero,,0.0,0.0,No 2024 secondary production estimate; assigned zero share,0.0,0.0,,Existing values retained through 2024; 2025 extrapolated using a country-level OLS linear trend fitted over 2019-2024 and floored at zero; Zijie regional growth indexed to 2025 thereafter,0.0,0.0,0.0,0.0,0.0,0.0,0.0,0.0,0.0,0.0,0.0,0.0,0.0,0.0,0.0,0.0,0.0,0.0,0.0,0.0,0.0,0.0,0.0,0.0,0.0,0.0,0.0,0.0,0.0,0.0,0.0,0.0
Kosovo,XK,XKX,ENE,Rest of World,Aluminium scrap,kt,0.0,0.0,0.0,No 2019 secondary producer share; assigned zero,,0.0,0.0,No 2024 secondary production estimate; assigned zero share,0.0,0.0,,Existing values retained through 2024; 2025 extrapolated using a country-level OLS linear trend fitted over 2019-2024 and floored at zero; Zijie regional growth indexed to 2025 thereafter,0.0,0.0,0.0,0.0,0.0,0.0,0.0,0.0,0.0,0.0,0.0,0.0,0.0,0.0,0.0,0.0,0.0,0.0,0.0,0.0,0.0,0.0,0.0,0.0,0.0,0.0,0.0,0.0,0.0,0.0,0.0,0.0
Albania,AL,ALB,ENE,Rest of World,Aluminium scrap,kt,0.0,0.0,0.0,No 2019 secondary producer share; assigned zero,,0.0,0.0,No 2024 secondary production estimate; assigned zero share,0.0,0.0,,Existing values retained through 2024; 2025 extrapolated using a country-level OLS linear trend fitted over 2019-2024 and floored at zero; Zijie regional growth indexed to 2025 thereafter,0.0,0.0,0.0,0.0,0.0,0.0,0.0,0.0,0.0,0.0,0.0,0.0,0.0,0.0,0.0,0.0,0.0,0.0,0.0,0.0,0.0,0.0,0.0,0.0,0.0,0.0,0.0,0.0,0.0,0.0,0.0,0.0
Montenegro,ME,MNE,ENE,Europe,Aluminium scrap,kt,0.0,0.0,0.0,No 2019 secondary producer share; assigned zero,,0.0,0.0,No 2024 secondary production estimate; assigned zero share,0.0,0.0,,Existing values retained through 2024; 2025 extrapolated using a country-level OLS linear trend fitted over 2019-2024 and floored at zero; Zijie regional growth indexed to 2025 thereafter,0.0,0.0,0.0,0.0,0.0,0.0,0.0,0.0,0.0,0.0,0.0,0.0,0.0,0.0,0.0,0.0,0.0,0.0,0.0,0.0,0.0,0.0,0.0,0.0,0.0,0.0,0.0,0.0,0.0,0.0,0.0,0.0
Norway,NO,NOR,ENW,Europe,Aluminium scrap,kt,0.0,0.0,0.0,No 2019 secondary producer share; assigned zero,,0.0,0.0,No 2024 secondary production estimate; assigned zero share,0.0,0.0,,Existing values retained through 2024; 2025 extrapolated using a country-level OLS linear trend fitted over 2019-2024 and floored at zero; Zijie regional growth indexed to 2025 thereafter,0.0,0.0,0.0,0.0,0.0,0.0,0.0,0.0,0.0,0.0,0.0,0.0,0.0,0.0,0.0,0.0,0.0,0.0,0.0,0.0,0.0,0.0,0.0,0.0,0.0,0.0,0.0,0.0,0.0,0.0,0.0,0.0
Svalbard and Jan Mayen Islands,SJ,SJM,ENW,Rest of World,Aluminium scrap,kt,0.0,0.0,0.0,No 2019 secondary producer share; assigned zero,,0.0,0.0,No 2024 secondary production estimate; assigned zero share,0.0,0.0,,Existing values retained through 2024; 2025 extrapolated using a country-level OLS linear trend fitted over 2019-2024 and floored at zero; Zijie regional growth indexed to 2025 thereafter,0.0,0.0,0.0,0.0,0.0,0.0,0.0,0.0,0.0,0.0,0.0,0.0,0.0,0.0,0.0,0.0,0.0,0.0,0.0,0.0,0.0,0.0,0.0,0.0,0.0,0.0,0.0,0.0,0.0,0.0,0.0,0.0
Switzerland,CH,CHE,ENW,Europe,Aluminium scrap,kt,0.0,0.0,0.0,No 2019 secondary producer share; assigned zero,,0.0,0.0,No 2024 secondary production estimate; assigned zero share,0.0,0.0,,Existing values retained through 2024; 2025 extrapolated using a country-level OLS linear trend fitted over 2019-2024 and floored at zero; Zijie regional growth indexed to 2025 thereafter,0.0,0.0,0.0,0.0,0.0,0.0,0.0,0.0,0.0,0.0,0.0,0.0,0.0,0.0,0.0,0.0,0.0,0.0,0.0,0.0,0.0,0.0,0.0,0.0,0.0,0.0,0.0,0.0,0.0,0.0,0.0,0.0
Liechtenstein,LI,LIE,ENW,Rest of World,Aluminium scrap,kt,0.0,0.0,0.0,No 2019 secondary producer share; assigned zero,,0.0,0.0,No 2024 secondary production estimate; assigned zero share,0.0,0.0,,Existing values retained through 2024; 2025 extrapolated using a country-level OLS linear trend fitted over 2019-2024 and floored at zero; Zijie regional growth indexed to 2025 thereafter,0.0,0.0,0.0,0.0,0.0,0.0,0.0,0.0,0.0,0.0,0.0,0.0,0.0,0.0,0.0,0.0,0.0,0.0,0.0,0.0,0.0,0.0,0.0,0.0,0.0,0.0,0.0,0.0,0.0,0.0,0.0,0.0
Iceland,IS,ISL,ENW,Europe,Aluminium scrap,kt,0.0,0.0,0.0,No 2019 secondary producer share; assigned zero,,0.0,0.0,No 2024 secondary production estimate; assigned zero share,0.0,0.0,,Existing values retained through 2024; 2025 extrapolated using a country-level OLS linear trend fitted over 2019-2024 and floored at zero; Zijie regional growth indexed to 2025 thereafter,0.0,0.0,0.0,0.0,0.0,0.0,0.0,0.0,0.0,0.0,0.0,0.0,0.0,0.0,0.0,0.0,0.0,0.0,0.0,0.0,0.0,0.0,0.0,0.0,0.0,0.0,0.0,0.0,0.0,0.0,0.0,0.0
United Kingdom of Great Britain and Northern Ireland,GB,GBR,ENW,UK,Aluminium scrap,kt,282.2269979362274,1110.0,1.0,Scrap allocated using OMNIA-controlled 2019 secondary country share,United Kingdom,270.0,1.0,Zijie 2024 regional total allocated using country shares from secondary_aluminium_production_estimates_2024.xlsx,16.223155915468098,379.56593342903597,0.9246641265323337,Existing values retained through 2024; 2025 extrapolated using a country-level OLS linear trend fitted over 2019-2024 and floored at zero; Zijie regional growth indexed to 2025 thereafter,282.2269979362274,298.4501538516955,314.67330976716363,330.8964656826317,347.1196215980998,363.3427775135679,379.56593342903597,393.1876159729729,404.6897789034151,413.89663404381463,420.6000971013063,425.9758537664604,430.0108316722236,433.07050548974064,436.33220484543557,439.3216614930738,442.3373066249846,445.4499875895331,448.2005556607914,450.98667732568526,453.2547792741434,454.80203935580664,455.8568527627762,456.3085473774044,456.4233669691808,455.9685340985924,455.06073145645496,454.05742195216357,452.905738056407,451.50265359153633,449.6678577202072,447.54840431551577
Gibraltar,GI,GIB,ENW,Rest of World,Aluminium scrap,kt,0.0,0.0,0.0,No 2019 secondary producer share; assigned zero,,0.0,0.0,No 2024 secondary production estimate; assigned zero share,0.0,0.0,,Existing values retained through 2024; 2025 extrapolated using a country-level OLS linear trend fitted over 2019-2024 and floored at zero; Zijie regional growth indexed to 2025 thereafter,0.0,0.0,0.0,0.0,0.0,0.0,0.0,0.0,0.0,0.0,0.0,0.0,0.0,0.0,0.0,0.0,0.0,0.0,0.0,0.0,0.0,0.0,0.0,0.0,0.0,0.0,0.0,0.0,0.0,0.0,0.0,0.0
Saint Helena,SH ,SHN,ENW,Rest of World,Aluminium scrap,kt,0.0,0.0,0.0,No 2019 secondary producer share; assigned zero,,0.0,0.0,No 2024 secondary production estimate; assigned zero share,0.0,0.0,,Existing values retained through 2024; 2025 extrapolated using a country-level OLS linear trend fitted over 2019-2024 and floored at zero; Zijie regional growth indexed to 2025 thereafter,0.0,0.0,0.0,0.0,0.0,0.0,0.0,0.0,0.0,0.0,0.0,0.0,0.0,0.0,0.0,0.0,0.0,0.0,0.0,0.0,0.0,0.0,0.0,0.0,0.0,0.0,0.0,0.0,0.0,0.0,0.0,0.0
Liechtenstein,LI,LIE,ENW,Rest of World,Aluminium scrap,kt,0.0,0.0,0.0,No 2019 secondary producer share; assigned zero,,0.0,0.0,No 2024 secondary production estimate; assigned zero share,0.0,0.0,,Existing values retained through 2024; 2025 extrapolated using a country-level OLS linear trend fitted over 2019-2024 and floored at zero; Zijie regional growth indexed to 2025 thereafter,0.0,0.0,0.0,0.0,0.0,0.0,0.0,0.0,0.0,0.0,0.0,0.0,0.0,0.0,0.0,0.0,0.0,0.0,0.0,0.0,0.0,0.0,0.0,0.0,0.0,0.0,0.0,0.0,0.0,0.0,0.0,0.0
Poland,PL,POL,EUE,Europe,Aluminium scrap,kt,36.47569146168732,24.869565217391305,0.0040177003582215,Scrap allocated using OMNIA-controlled 2019 secondary country share,Poland,450.0,0.0714932558028692,Zijie 2024 regional total allocated using country shares from secondary_aluminium_production_estimates_2024.xlsx,125.77087461551453,791.1009391547743,1.2130962801250298,Existing values retained through 2024; 2025 extrapolated using a country-level OLS linear trend fitted over 2019-2024 and floored at zero; Zijie regional growth indexed to 2025 thereafter,36.47569146168732,162.24656607720183,288.0174406927164,413.7883153082309,539.5591899237454,665.3300645392599,791.1009391547743,796.1279865055888,801.8620758859356,810.0027231648249,819.6769313490423,830.7804807521851,842.9008043313233,855.5426201489036,868.0657825537397,879.7038215643205,889.8605741660681,898.1020431977119,904.212209483685,908.0199571688934,909.4630219013452,908.6826900617019,905.8473691421827,901.0338568526503,894.3582184898823,886.2082233510002,876.999398290943,867.1189544370436,856.8880758337635,846.613644287375,836.5905904498125,827.070771471663
Czechia,CZ,CZE,EUE,Europe,Aluminium scrap,kt,185.1842797285664,126.2608695652174,0.020397555664817,Scrap allocated using OMNIA-controlled 2019 secondary country share,Czechia,80.0,0.0127099121427323,Zijie 2024 regional total allocated using country shares from secondary_aluminium_production_estimates_2024.xlsx,-13.38067587320626,104.90022448932885,0.9048202576985722,Existing values retained through 2024; 2025 extrapolated using a country-level OLS linear trend fitted over 2019-2024 and floored at zero; Zijie regional growth indexed to 2025 thereafter,185.1842797285664,171.80360385536014,158.42292798215385,145.0422521089476,131.66157623574134,118.28090036253508,104.90022448932885,105.56681249285509,106.32715448395793,107.40660678236667,108.6894097219829,110.16174374077762,111.76890232371815,113.44521093565555,115.10578606907303,116.64899357193589,117.9957820476824,119.08860334108772,119.89881324394857,120.40372174197644,120.59507256321116,120.49160032458356,120.11563591064338,119.47736272101275,118.59217104924944,117.51147922177026,116.29038622557806,114.98023637360643,113.62361876757274,112.26122602807236,110.9321660490104,109.66983516494824
Romania,RO,ROU,EUE,Europe,Aluminium scrap,kt,22.446579361038346,15.304347826086955,0.0024724309896747,Scrap allocated using OMNIA-controlled 2019 secondary country share,Romania,80.0,0.0127099121427323,Zijie 2024 regional total allocated using country shares from secondary_aluminium_production_estimates_2024.xlsx,19.166864200299347,137.44776456283444,1.1855601106410198,Existing values retained through 2024; 2025 extrapolated using a country-level OLS linear trend fitted over 2019-2024 and floored at zero; Zijie regional growth indexed to 2025 thereafter,22.446579361038346,41.61344356133769,60.78030776163704,79.94717196193639,99.11403616223572,118.28090036253508,137.44776456283444,138.32117576300212,139.31743013222868,140.7318056122696,142.41262562274363,144.3417827866898,146.44759672177457,148.64401596253282,150.81982007627983,152.84184073979773,154.60649916861908,156.03839166052225,157.09998652856967,157.76155369585226,158.01227520530574,157.87669848978476,157.38408306877093,156.5477719595984,155.38793062383576,153.97193102429773,152.37196778811776,150.6553159003599,148.87777864318386,147.09267439376433,145.35124510720854,143.69724904573565
Hungary,HU,HUN,EUE,Europe,Aluminium scrap,kt,0.0,0.0,0.0,No 2019 secondary producer share; assigned zero,Hungary,100.0,0.0158873901784153,Zijie 2024 regional total allocated using country shares from secondary_aluminium_production_estimates_2024.xlsx,29.570225090633766,177.42135054380262,1.224282848977909,Existing values retained through 2024; 2025 extrapolated using a country-level OLS linear trend fitted over 2019-2024 and floored at zero; Zijie regional growth indexed to 2025 thereafter,0.0,29.570225090633773,59.140450181267546,88.71067527190131,118.28090036253508,147.85112545316886,177.42135054380262,178.54877371584695,179.83476622533252,181.66048095152715,183.83012959752622,186.32033866369193,189.0385811432624,191.87377944055865,194.68236716555782,197.29244698817163,199.5703165678319,201.418642734176,202.78897855461227,203.6429476291042,203.96658584147605,203.79157969243803,203.15569817357186,202.07616481821967,200.57900975817165,198.75119857391138,196.6859220735161,194.47002065592463,192.1755267308093,189.87126512422125,187.62338035956208,185.48835680385704
Bulgaria,BG,BGR,EUE,Europe,Aluminium scrap,kt,50.504803562336285,34.434782608695656,0.0055629697267682,Scrap allocated using OMNIA-controlled 2019 secondary country share,Bulgaria,20.0,0.003177478035683,Zijie 2024 regional total allocated using country shares from secondary_aluminium_production_estimates_2024.xlsx,-4.186915694340502,25.38330939629327,0.875778203945905,Existing values retained through 2024; 2025 extrapolated using a country-level OLS linear trend fitted over 2019-2024 and floored at zero; Zijie regional growth indexed to 2025 thereafter,50.504803562336285,46.31788786799578,42.13097217365528,37.94405647931477,33.75714078497427,29.57022509063377,25.38330939629327,25.54460752139962,25.728591836982478,25.98979310516314,26.30020029513122,26.65646940814495,27.045362794772903,27.45098881080499,27.852807706737046,28.2262264834703,28.552116620861888,28.816552861493445,29.01260400190211,29.134779609100764,29.181081865576203,29.15604409411482,29.06506982701961,28.910623199944933,28.696428290555815,28.434927086411676,28.139452205639174,27.822427726330393,27.494159177868756,27.164493187215708,26.842892915919887,26.537439466733932
Slovakia,SK,SVK,EUE,Europe,Aluminium scrap,kt,0.0,0.0,0.0,No 2019 secondary producer share; assigned zero,,0.0,0.0,No 2024 secondary production estimate; assigned zero share,0.0,0.0,,Existing values retained through 2024; 2025 extrapolated using a country-level OLS linear trend fitted over 2019-2024 and floored at zero; Zijie regional growth indexed to 2025 thereafter,0.0,0.0,0.0,0.0,0.0,0.0,0.0,0.0,0.0,0.0,0.0,0.0,0.0,0.0,0.0,0.0,0.0,0.0,0.0,0.0,0.0,0.0,0.0,0.0,0.0,0.0,0.0,0.0,0.0,0.0,0.0,0.0
Croatia,HR,HRV,EUE,Europe,Aluminium scrap,kt,0.0,0.0,0.0,No 2019 secondary producer share; assigned zero,,0.0,0.0,No 2024 secondary production estimate; assigned zero share,0.0,0.0,,Existing values retained through 2024; 2025 extrapolated using a country-level OLS linear trend fitted over 2019-2024 and floored at zero; Zijie regional growth indexed to 2025 thereafter,0.0,0.0,0.0,0.0,0.0,0.0,0.0,0.0,0.0,0.0,0.0,0.0,0.0,0.0,0.0,0.0,0.0,0.0,0.0,0.0,0.0,0.0,0.0,0.0,0.0,0.0,0.0,0.0,0.0,0.0,0.0,0.0
Lithuania,LT,LTU,EUE,Europe,Aluminium scrap,kt,0.0,0.0,0.0,No 2019 secondary producer share; assigned zero,,0.0,0.0,No 2024 secondary production estimate; assigned zero share,0.0,0.0,,Existing values retained through 2024; 2025 extrapolated using a country-level OLS linear trend fitted over 2019-2024 and floored at zero; Zijie regional growth indexed to 2025 thereafter,0.0,0.0,0.0,0.0,0.0,0.0,0.0,0.0,0.0,0.0,0.0,0.0,0.0,0.0,0.0,0.0,0.0,0.0,0.0,0.0,0.0,0.0,0.0,0.0,0.0,0.0,0.0,0.0,0.0,0.0,0.0,0.0
Slovenia,SI,SVN,EUE,Europe,Aluminium scrap,kt,28.05822420129793,19.13043478260869,0.0030905387370934,Scrap allocated using OMNIA-controlled 2019 secondary country share,Slovenia,70.0,0.0111211731248907,Zijie 2024 regional total allocated using country shares from secondary_aluminium_production_estimates_2024.xlsx,15.087512723184052,118.58330054040223,1.168964651353781,Existing values retained through 2024; 2025 extrapolated using a country-level OLS linear trend fitted over 2019-2024 and floored at zero; Zijie regional growth indexed to 2025 thereafter,28.05822420129793,43.14573692448199,58.23324964766604,73.32076237085009,88.40827509403415,103.4957878172182,118.58330054040223,119.33683758899853,120.19635779768606,121.41661272987882,122.86674314917165,124.53112688425465,126.34792155923947,128.2428861209984,130.1200649456824,131.86456682829566,133.38702899042426,134.6223967554,135.53828959432838,136.10905783108402,136.32536825418933,136.2083992044995,135.7833943838921,135.06186550403208,134.06121035234318,132.83955420819873,131.45918311309234,129.97813867867248,128.444565284737,126.904463454939,125.40204227614203,123.97505426601244
Estonia,EE,EST,EUE,Europe,Aluminium scrap,kt,0.0,0.0,0.0,No 2019 secondary producer share; assigned zero,,0.0,0.0,No 2024 secondary production estimate; assigned zero share,0.0,0.0,,Existing values retained through 2024; 2025 extrapolated using a country-level OLS linear trend fitted over 2019-2024 and floored at zero; Zijie regional growth indexed to 2025 thereafter,0.0,0.0,0.0,0.0,0.0,0.0,0.0,0.0,0.0,0.0,0.0,0.0,0.0,0.0,0.0,0.0,0.0,0.0,0.0,0.0,0.0,0.0,0.0,0.0,0.0,0.0,0.0,0.0,0.0,0.0,0.0,0.0
Latvia,LV,LVA,EUE,Europe,Aluminium scrap,kt,0.0,0.0,0.0,No 2019 secondary producer share; assigned zero,,0.0,0.0,No 2024 secondary production estimate; assigned zero share,0.0,0.0,,Existing values retained through 2024; 2025 extrapolated using a country-level OLS linear trend fitted over 2019-2024 and floored at zero; Zijie regional growth indexed to 2025 thereafter,0.0,0.0,0.0,0.0,0.0,0.0,0.0,0.0,0.0,0.0,0.0,0.0,0.0,0.0,0.0,0.0,0.0,0.0,0.0,0.0,0.0,0.0,0.0,0.0,0.0,0.0,0.0,0.0,0.0,0.0,0.0,0.0
Germany,DE,DEU,EUW,Europe,Aluminium scrap,kt,1737.1585326045615,1184.4155844155846,0.1913433900509829,Scrap allocated using OMNIA-controlled 2019 secondary country share,Germany,2741.3,0.4355210269609011,Zijie 2024 regional total allocated using country shares from secondary_aluminium_production_estimates_2024.xlsx,463.1768738886316,4516.219775936351,1.1368270185141325,Existing values retained through 2024; 2025 extrapolated using a country-level OLS linear trend fitted over 2019-2024 and floored at zero; Zijie regional growth indexed to 2025 thereafter,1737.1585326045615,2200.335406493193,2663.512280381825,3126.689154270456,3589.866028159088,4053.042902047719,4516.219775936351,4544.918074139072,4577.652718449035,4624.125867967885,4679.353776513623,4742.741477015074,4811.933715741697,4884.103037977744,4955.594994200689,5022.033977308028,5080.016624893194,5127.065343433767,5161.946927374818,5183.684514257331,5191.922650707552,5187.467909331875,5171.281691146444,5143.802417241239,5105.692678649419,5059.166164271455,5006.595024748092,4950.189762512297,4891.783946027357,4833.129495451328,4775.910104453211,4721.56356963758
Netherlands,NL,NLD,EUW,Europe,Aluminium scrap,kt,0.0,0.0,0.0,No 2019 secondary producer share; assigned zero,Netherlands,180.0,0.0285973023211477,Zijie 2024 regional total allocated using country shares from secondary_aluminium_production_estimates_2024.xlsx,53.226405163140804,319.3584309788448,1.2242828489779094,Existing values retained through 2024; 2025 extrapolated using a country-level OLS linear trend fitted over 2019-2024 and floored at zero; Zijie regional growth indexed to 2025 thereafter,0.0,53.2264051631408,106.4528103262816,159.67921548942238,212.9056206525632,266.132025815704,319.3584309788448,321.3877926885246,323.7025792055986,326.988865712749,330.89423327554726,335.3766095946456,340.2694460578724,345.3728029930057,350.42826089800417,355.126404578709,359.22656982209753,362.55355692151693,365.0201613983022,366.5573057323877,367.13985451465703,366.82484344638857,365.68025671242947,363.7370966727955,361.04221756470906,357.75215743304057,354.0346597323291,350.0460371806644,345.91594811545684,341.7682772235984,337.72208464721183,333.8790422469428
Belgium,BE,BEL,EUW,Europe,Aluminium scrap,kt,0.0,0.0,0.0,No 2019 secondary producer share; assigned zero,Belgium,490.0,0.0778482118742354,Zijie 2024 regional total allocated using country shares from secondary_aluminium_production_estimates_2024.xlsx,144.8941029441055,869.364617664633,1.2242828489779092,Existing values retained through 2024; 2025 extrapolated using a country-level OLS linear trend fitted over 2019-2024 and floored at zero; Zijie regional growth indexed to 2025 thereafter,0.0,144.8941029441055,289.788205888211,434.6823088323165,579.576411776422,724.4705147205275,869.364617664633,874.8889912076503,881.1903545041295,890.1363566624832,900.7676350278787,912.9696594520906,926.289047601986,940.1815192587376,953.9435991112335,966.7329902420412,977.8945511823764,986.9513493974625,993.6659949176003,997.8504433826108,999.4362706232329,998.5787404929465,995.4629210505024,990.1732076092765,982.8371478150412,973.8808730121659,963.7610181602291,952.9031012140308,941.6600809809657,930.3691991086843,919.3545637618543,908.8929483388997
Sweden,SE,SWE,EUW,Europe,Aluminium scrap,kt,0.0,0.0,0.0,No 2019 secondary producer share; assigned zero,,0.0,0.0,No 2024 secondary production estimate; assigned zero share,0.0,0.0,,Existing values retained through 2024; 2025 extrapolated using a country-level OLS linear trend fitted over 2019-2024 and floored at zero; Zijie regional growth indexed to 2025 thereafter,0.0,0.0,0.0,0.0,0.0,0.0,0.0,0.0,0.0,0.0,0.0,0.0,0.0,0.0,0.0,0.0,0.0,0.0,0.0,0.0,0.0,0.0,0.0,0.0,0.0,0.0,0.0,0.0,0.0,0.0,0.0,0.0
Austria,AT,AUT,EUW,Europe,Aluminium scrap,kt,1078.8668781438855,735.5844155844156,0.1188343159263999,Scrap allocated using OMNIA-controlled 2019 secondary country share,Austria,369.0,0.0586244697583527,Zijie 2024 regional total allocated using country shares from secondary_aluminium_production_estimates_2024.xlsx,-106.6592450443385,438.9114078778547,0.8207792855783731,Existing values retained through 2024; 2025 extrapolated using a country-level OLS linear trend fitted over 2019-2024 and floored at zero; Zijie regional growth indexed to 2025 thereafter,1078.8668781438855,972.2076330995473,865.5483880552088,758.8891430108702,652.2298979665317,545.5706529221932,438.9114078778547,441.70046844017935,444.881803612799,449.39832328983516,454.76567924162424,460.9260492522851,467.6505366378499,474.66435359091145,481.612340339685,488.0692509995673,493.7043278440759,498.27678452643715,501.66677125785174,503.77935110024714,504.5799791137292,504.1470425194235,502.57397562621355,499.9033866390568,496.19966984734583,491.6779638758849,486.56880754454625,481.0870297994631,475.4108270428455,469.71046063955424,464.149561324,458.8678621834249
Finland,FI,FIN,EUW,Europe,Aluminium scrap,kt,0.0,0.0,0.0,No 2019 secondary producer share; assigned zero,,0.0,0.0,No 2024 secondary production estimate; assigned zero share,0.0,0.0,,Existing values retained through 2024; 2025 extrapolated using a country-level OLS linear trend fitted over 2019-2024 and floored at zero; Zijie regional growth indexed to 2025 thereafter,0.0,0.0,0.0,0.0,0.0,0.0,0.0,0.0,0.0,0.0,0.0,0.0,0.0,0.0,0.0,0.0,0.0,0.0,0.0,0.0,0.0,0.0,0.0,0.0,0.0,0.0,0.0,0.0,0.0,0.0,0.0,0.0
Denmark,DK,DNK,EUW,Europe,Aluminium scrap,kt,0.0,0.0,0.0,No 2019 secondary producer share; assigned zero,,0.0,0.0,No 2024 secondary production estimate; assigned zero share,0.0,0.0,,Existing values retained through 2024; 2025 extrapolated using a country-level OLS linear trend fitted over 2019-2024 and floored at zero; Zijie regional growth indexed to 2025 thereafter,0.0,0.0,0.0,0.0,0.0,0.0,0.0,0.0,0.0,0.0,0.0,0.0,0.0,0.0,0.0,0.0,0.0,0.0,0.0,0.0,0.0,0.0,0.0,0.0,0.0,0.0,0.0,0.0,0.0,0.0,0.0,0.0
Ireland,IE,IRL,EUW,Europe,Aluminium scrap,kt,0.0,0.0,0.0,No 2019 secondary producer share; assigned zero,,0.0,0.0,No 2024 secondary production estimate; assigned zero share,0.0,0.0,,Existing values retained through 2024; 2025 extrapolated using a country-level OLS linear trend fitted over 2019-2024 and floored at zero; Zijie regional growth indexed to 2025 thereafter,0.0,0.0,0.0,0.0,0.0,0.0,0.0,0.0,0.0,0.0,0.0,0.0,0.0,0.0,0.0,0.0,0.0,0.0,0.0,0.0,0.0,0.0,0.0,0.0,0.0,0.0,0.0,0.0,0.0,0.0,0.0,0.0
Luxembourg,LU,LUX,EUW,Europe,Aluminium scrap,kt,0.0,0.0,0.0,No 2019 secondary producer share; assigned zero,,0.0,0.0,No 2024 secondary production estimate; assigned zero share,0.0,0.0,,Existing values retained through 2024; 2025 extrapolated using a country-level OLS linear trend fitted over 2019-2024 and floored at zero; Zijie regional growth indexed to 2025 thereafter,0.0,0.0,0.0,0.0,0.0,0.0,0.0,0.0,0.0,0.0,0.0,0.0,0.0,0.0,0.0,0.0,0.0,0.0,0.0,0.0,0.0,0.0,0.0,0.0,0.0,0.0,0.0,0.0,0.0,0.0,0.0,0.0
Greenland,GL,GRL,EUW,Rest of World,Aluminium scrap,kt,0.0,0.0,0.0,No 2019 secondary producer share; assigned zero,,0.0,0.0,No 2024 secondary production estimate; assigned zero share,0.0,0.0,,Existing values retained through 2024; 2025 extrapolated using a country-level OLS linear trend fitted over 2019-2024 and floored at zero; Zijie regional growth indexed to 2025 thereafter,0.0,0.0,0.0,0.0,0.0,0.0,0.0,0.0,0.0,0.0,0.0,0.0,0.0,0.0,0.0,0.0,0.0,0.0,0.0,0.0,0.0,0.0,0.0,0.0,0.0,0.0,0.0,0.0,0.0,0.0,0.0,0.0
Faroe Islands,FO,FRO,EUW,Rest of World,Aluminium scrap,kt,0.0,0.0,0.0,No 2019 secondary producer share; assigned zero,,0.0,0.0,No 2024 secondary production estimate; assigned zero share,0.0,0.0,,Existing values retained through 2024; 2025 extrapolated using a country-level OLS linear trend fitted over 2019-2024 and floored at zero; Zijie regional growth indexed to 2025 thereafter,0.0,0.0,0.0,0.0,0.0,0.0,0.0,0.0,0.0,0.0,0.0,0.0,0.0,0.0,0.0,0.0,0.0,0.0,0.0,0.0,0.0,0.0,0.0,0.0,0.0,0.0,0.0,0.0,0.0,0.0,0.0,0.0
Andorra,AD,AND,EUW,Rest of World,Aluminium scrap,kt,0.0,0.0,0.0,No 2019 secondary producer share; assigned zero,,0.0,0.0,No 2024 secondary production estimate; assigned zero share,0.0,0.0,,Existing values retained through 2024; 2025 extrapolated using a country-level OLS linear trend fitted over 2019-2024 and floored at zero; Zijie regional growth indexed to 2025 thereafter,0.0,0.0,0.0,0.0,0.0,0.0,0.0,0.0,0.0,0.0,0.0,0.0,0.0,0.0,0.0,0.0,0.0,0.0,0.0,0.0,0.0,0.0,0.0,0.0,0.0,0.0,0.0,0.0,0.0,0.0,0.0,0.0
France,FR,FRA,EUM,Europe,Aluminium scrap,kt,1069.6072219664904,729.2710706150342,0.1178143894370006,Scrap allocated using OMNIA-controlled 2019 secondary country share,France,140.0,0.0222423462497815,Zijie 2024 regional total allocated using country shares from secondary_aluminium_production_estimates_2024.xlsx,-172.52312926641076,34.46844636802575,0.16989068109795863,Existing values retained through 2024; 2025 extrapolated using a country-level OLS linear trend fitted over 2019-2024 and floored at zero; Zijie regional growth indexed to 2025 thereafter,1069.6072219664904,897.0840927000796,724.5609634336688,552.0378341672581,379.5147049008472,206.99157563443643,34.46844636802575,34.68747595505443,34.937311522797685,35.29200136102895,35.7135087938315,36.19729294595987,36.72537817829065,37.27618494508362,37.821821955918615,38.328893940808165,38.771425942730296,39.13050860747149,39.39672993082475,39.56263435638491,39.6255090122907,39.59150977801758,39.467974205989314,39.2582483897479,38.96738932045486,38.612292193855104,38.211061608748935,37.78056844129766,37.33480675276811,36.88714745268307,36.45044073607498,36.03566007580646
Monaco,MC,MCO,EUM,Rest of World,Aluminium scrap,kt,0.0,0.0,0.0,No 2019 secondary producer share; assigned zero,,0.0,0.0,No 2024 secondary production estimate; assigned zero share,0.0,0.0,,Existing values retained through 2024; 2025 extrapolated using a country-level OLS linear trend fitted over 2019-2024 and floored at zero; Zijie regional growth indexed to 2025 thereafter,0.0,0.0,0.0,0.0,0.0,0.0,0.0,0.0,0.0,0.0,0.0,0.0,0.0,0.0,0.0,0.0,0.0,0.0,0.0,0.0,0.0,0.0,0.0,0.0,0.0,0.0,0.0,0.0,0.0,0.0,0.0,0.0
Italy,IT,ITA,EUM,Europe,Aluminium scrap,kt,3873.104045857607,2640.728929384966,0.4266121049087182,Scrap allocated using OMNIA-controlled 2019 secondary country share,Italy,1000.0,0.1588739017841539,Zijie 2024 regional total allocated using country shares from secondary_aluminium_production_estimates_2024.xlsx,-478.91855826518355,999.5926962665051,0.6897615141873993,Existing values retained through 2024; 2025 extrapolated using a country-level OLS linear trend fitted over 2019-2024 and floored at zero; Zijie regional growth indexed to 2025 thereafter,3873.104045857607,3394.185487592423,2915.2669293272397,2436.348371062056,1957.4298127968725,1478.5112545316888,999.5926962665051,1005.9446035478044,1013.1898911977698,1023.4759762725184,1035.6997866164136,1049.7296358261417,1065.0442263245902,1081.017746432278,1096.8413424545606,1111.5465440515534,1124.3800716281228,1134.79354965956,1142.514027907201,1147.325293558619,1149.1486727197407,1148.1626872797474,1144.580127909067,1138.4980320729194,1130.063053652253,1119.7651571232234,1108.1293799225743,1095.644981253068,1082.717792038561,1069.7355716621914,1057.070978669775,1045.0422462421477
San Marino,SM,SMR,EUM,Rest of World,Aluminium scrap,kt,0.0,0.0,0.0,No 2019 secondary producer share; assigned zero,,0.0,0.0,No 2024 secondary production estimate; assigned zero share,0.0,0.0,,Existing values retained through 2024; 2025 extrapolated using a country-level OLS linear trend fitted over 2019-2024 and floored at zero; Zijie regional growth indexed to 2025 thereafter,0.0,0.0,0.0,0.0,0.0,0.0,0.0,0.0,0.0,0.0,0.0,0.0,0.0,0.0,0.0,0.0,0.0,0.0,0.0,0.0,0.0,0.0,0.0,0.0,0.0,0.0,0.0,0.0,0.0,0.0,0.0,0.0
Spain,ES,ESP,EUM,Europe,Aluminium scrap,kt,0.0,0.0,0.0,No 2019 secondary producer share; assigned zero,Spain,154.0,0.0244665808747597,Zijie 2024 regional total allocated using country shares from secondary_aluminium_production_estimates_2024.xlsx,45.53814663957602,273.22887983745613,1.2242828489779094,Existing values retained through 2024; 2025 extrapolated using a country-level OLS linear trend fitted over 2019-2024 and floored at zero; Zijie regional growth indexed to 2025 thereafter,0.0,45.53814663957601,91.07629327915204,136.61443991872804,182.15258655830405,227.6907331978801,273.22887983745613,274.9651115224044,276.9455399870122,279.7571406653519,283.09839958019046,286.93332154208565,291.1194149606242,295.4856203384604,299.81084543495916,303.8303683617844,307.33828751446123,310.18470981063115,312.295026974103,313.6101393488206,314.10854219587327,313.8390327263547,312.8597751873008,311.1972938200584,308.8916750275844,306.07684580382363,302.89631999321495,299.48383181012406,295.95031116544646,292.4017482913008,288.9400057537257,285.65206947793996
Greece,GR,GRC,EUM,Europe,Aluminium scrap,kt,0.0,0.0,0.0,No 2019 secondary producer share; assigned zero,,0.0,0.0,No 2024 secondary production estimate; assigned zero share,0.0,0.0,,Existing values retained through 2024; 2025 extrapolated using a country-level OLS linear trend fitted over 2019-2024 and floored at zero; Zijie regional growth indexed to 2025 thereafter,0.0,0.0,0.0,0.0,0.0,0.0,0.0,0.0,0.0,0.0,0.0,0.0,0.0,0.0,0.0,0.0,0.0,0.0,0.0,0.0,0.0,0.0,0.0,0.0,0.0,0.0,0.0,0.0,0.0,0.0,0.0,0.0
Portugal,PT,PRT,EUM,Europe,Aluminium scrap,kt,0.0,0.0,0.0,No 2019 secondary producer share; assigned zero,,0.0,0.0,No 2024 secondary production estimate; assigned zero share,0.0,0.0,,Existing values retained through 2024; 2025 extrapolated using a country-level OLS linear trend fitted over 2019-2024 and floored at zero; Zijie regional growth indexed to 2025 thereafter,0.0,0.0,0.0,0.0,0.0,0.0,0.0,0.0,0.0,0.0,0.0,0.0,0.0,0.0,0.0,0.0,0.0,0.0,0.0,0.0,0.0,0.0,0.0,0.0,0.0,0.0,0.0,0.0,0.0,0.0,0.0,0.0
Cyprus,CY,CYP,EUM,Europe,Aluminium scrap,kt,0.0,0.0,0.0,No 2019 secondary producer share; assigned zero,,0.0,0.0,No 2024 secondary production estimate; assigned zero share,0.0,0.0,,Existing values retained through 2024; 2025 extrapolated using a country-level OLS linear trend fitted over 2019-2024 and floored at zero; Zijie regional growth indexed to 2025 thereafter,0.0,0.0,0.0,0.0,0.0,0.0,0.0,0.0,0.0,0.0,0.0,0.0,0.0,0.0,0.0,0.0,0.0,0.0,0.0,0.0,0.0,0.0,0.0,0.0,0.0,0.0,0.0,0.0,0.0,0.0,0.0,0.0
Malta,MT,MLT,EUM,Europe,Aluminium scrap,kt,0.0,0.0,0.0,No 2019 secondary producer share; assigned zero,,0.0,0.0,No 2024 secondary production estimate; assigned zero share,0.0,0.0,,Existing values retained through 2024; 2025 extrapolated using a country-level OLS linear trend fitted over 2019-2024 and floored at zero; Zijie regional growth indexed to 2025 thereafter,0.0,0.0,0.0,0.0,0.0,0.0,0.0,0.0,0.0,0.0,0.0,0.0,0.0,0.0,0.0,0.0,0.0,0.0,0.0,0.0,0.0,0.0,0.0,0.0,0.0,0.0,0.0,0.0,0.0,0.0,0.0,0.0
Iran (Islamic Republic of),IR,IRN,MEA,Middle East,Aluminium scrap,kt,43.67578095823068,27.588455894342086,0.0586988423283874,Scrap allocated using OMNIA-controlled 2019 secondary country share,Iran,150.0,0.7894736842105263,Zijie 2024 regional total allocated using country shares from secondary_aluminium_production_estimates_2024.xlsx,139.50796648463162,880.7235798660204,1.0506101697984764,Existing values retained through 2024; 2025 extrapolated using a country-level OLS linear trend fitted over 2019-2024 and floored at zero; Zijie regional growth indexed to 2025 thereafter,43.67578095823068,183.18374744286228,322.69171392749394,462.1996804121256,601.7076468967572,741.2156133813888,880.7235798660204,905.06904180105,926.2687327208052,944.1952633465964,959.3472710815386,972.6236206635766,986.4024447657265,1002.2824041466183,1020.4948323646806,1042.02174132914,1067.0550093374168,1095.241368157426,1125.8869121079285,1158.0966438937246,1190.9310167898168,1223.666582846536,1255.6012860301034,1286.004043168288,1314.6077404136179,1341.30036749745,1365.9425693687708,1388.6441102017889,1409.5743261327273,1428.7552603638114,1446.120487685816,1461.9149404625161
Saudi Arabia,SA,SAU,MEA,Middle East,Aluminium scrap,kt,95.84407488056176,60.54133376813958,0.1288113484428501,Scrap allocated using OMNIA-controlled 2019 secondary country share,Saudi Arabia,20.0,0.1052631578947368,Zijie 2024 regional total allocated using country shares from secondary_aluminium_production_estimates_2024.xlsx,0.5969347140580177,99.42568316490986,0.8895325070787763,Existing values retained through 2024; 2025 extrapolated using a country-level OLS linear trend fitted over 2019-2024 and floored at zero; Zijie regional growth indexed to 2025 thereafter,95.84407488056176,96.44100959461976,97.0379443086778,97.6348790227358,98.23181373679382,98.82874845085183,99.42568316490986,102.17406442798885,104.56731675001961,106.59105903987304,108.30158292592115,109.80036206310639,111.35586600427915,113.14856901140924,115.2045865395742,117.63477880324199,120.46080711731507,123.64279071089278,127.10239394270644,130.73857975693033,134.44528187223193,138.1408295938842,141.74596717993344,145.17816198845748,148.40725929511956,151.4206141591734,154.2024946626072,156.76529218253086,159.1281232288385,161.2934762786079,163.253852529766,165.03690261885095
United Arab Emirates,AE,ARE,MEA,Middle East,Aluminium scrap,kt,315.4361958094437,199.24995923691503,0.4239360834827979,Scrap allocated using OMNIA-controlled 2019 secondary country share,United Arab Emirates,5.0,0.0263157894736842,Zijie 2024 regional total allocated using country shares from secondary_aluminium_production_estimates_2024.xlsx,-58.14580173934615,-33.43861462663318,0.0,Existing values retained through 2024; 2025 extrapolated using a country-level OLS linear trend fitted over 2019-2024 and floored at zero; Zijie regional growth indexed to 2025 thereafter,315.4361958094437,257.29039407009753,199.14459233075135,140.99879059140525,82.8529888520591,24.70718711271296,0.0,0.0,0.0,0.0,0.0,0.0,0.0,0.0,0.0,0.0,0.0,0.0,0.0,0.0,0.0,0.0,0.0,0.0,0.0,0.0,0.0,0.0,0.0,0.0,0.0,0.0
Iraq,IQ,IRQ,MEA,Rest of World,Aluminium scrap,kt,0.0,0.0,0.0,No 2019 secondary producer share; assigned zero,,0.0,0.0,No 2024 secondary production estimate; assigned zero share,0.0,0.0,,Existing values retained through 2024; 2025 extrapolated using a country-level OLS linear trend fitted over 2019-2024 and floored at zero; Zijie regional growth indexed to 2025 thereafter,0.0,0.0,0.0,0.0,0.0,0.0,0.0,0.0,0.0,0.0,0.0,0.0,0.0,0.0,0.0,0.0,0.0,0.0,0.0,0.0,0.0,0.0,0.0,0.0,0.0,0.0,0.0,0.0,0.0,0.0,0.0,0.0
Qatar,QA,QAT,MEA,Middle East,Aluminium scrap,kt,76.06865183558509,48.049894015979135,0.1022338170552747,Scrap allocated using OMNIA-controlled 2019 secondary country share,Qatar,5.0,0.0263157894736842,Zijie 2024 regional total allocated using country shares from secondary_aluminium_production_estimates_2024.xlsx,-10.272292944574426,14.434894168138534,0.5165791047169908,Existing values retained through 2024; 2025 extrapolated using a country-level OLS linear trend fitted over 2019-2024 and floored at zero; Zijie regional growth indexed to 2025 thereafter,76.06865183558509,65.79635889101066,55.52406594643624,45.25177300186181,34.97948005728738,24.70718711271296,14.434894168138534,14.83391171977495,15.181370674910982,15.475183147179017,15.723521710025238,15.941118587793724,16.16695092863577,16.4272204823275,16.725718762471814,17.078540759943934,17.48883132402431,17.95080045469515,18.453075168082332,18.980986626502496,19.519135835479492,20.055665618904538,20.57906941015518,21.077364893257922,21.54617412238816,21.983661270266403,22.38754233376255,22.75961632708988,23.102658637737843,23.417030549653546,23.70164336612536,23.9605114826234
Kuwait,KW,KWT,MEA,Rest of World,Aluminium scrap,kt,0.0,0.0,0.0,No 2019 secondary producer share; assigned zero,,0.0,0.0,No 2024 secondary production estimate; assigned zero share,0.0,0.0,,Existing values retained through 2024; 2025 extrapolated using a country-level OLS linear trend fitted over 2019-2024 and floored at zero; Zijie regional growth indexed to 2025 thereafter,0.0,0.0,0.0,0.0,0.0,0.0,0.0,0.0,0.0,0.0,0.0,0.0,0.0,0.0,0.0,0.0,0.0,0.0,0.0,0.0,0.0,0.0,0.0,0.0,0.0,0.0,0.0,0.0,0.0,0.0,0.0,0.0
Oman,OM,OMN,MEA,Middle East,Aluminium scrap,kt,47.43675098518944,29.96412848524377,0.0637534648622207,Scrap allocated using OMNIA-controlled 2019 secondary country share,Oman,5.0,0.0263157894736842,Zijie 2024 regional total allocated using country shares from secondary_aluminium_production_estimates_2024.xlsx,-4.545912774495296,20.16127433821766,0.7215080987970403,Existing values retained through 2024; 2025 extrapolated using a country-level OLS linear trend fitted over 2019-2024 and floored at zero; Zijie regional growth indexed to 2025 thereafter,47.43675098518944,42.89083821069414,38.34492543619885,33.79901266170355,29.25309988720825,24.70718711271296,20.16127433821766,20.71858374628124,21.203881056685514,21.614250110201738,21.961105572803792,22.265024001074178,22.580444933512194,22.943964458681055,23.360878198773385,23.853666091828693,24.426720561397648,25.071954691329875,25.77348378962423,26.510819832100392,27.26245498166929,28.011828273101727,28.742868438838407,29.438839730301268,30.09362745307138,30.704667499855123,31.26876979435826,31.788447026917826,32.26757559232535,32.70666009731274,33.104179954834564,33.465742087077594
Bahrain,BH,BHR,MEA,Middle East,Aluminium scrap,kt,165.60400279995795,104.6062285993804,0.2225664438284689,Scrap allocated using OMNIA-controlled 2019 secondary country share,Bahrain,5.0,0.0263157894736842,Zijie 2024 regional total allocated using country shares from secondary_aluminium_production_estimates_2024.xlsx,-28.179363137449002,-3.472176024736058,0.0,Existing values retained through 2024; 2025 extrapolated using a country-level OLS linear trend fitted over 2019-2024 and floored at zero; Zijie regional growth indexed to 2025 thereafter,165.60400279995795,137.42463966250895,109.24527652505996,81.06591338761095,52.886550250161946,24.70718711271296,0.0,0.0,0.0,0.0,0.0,0.0,0.0,0.0,0.0,0.0,0.0,0.0,0.0,0.0,0.0,0.0,0.0,0.0,0.0,0.0,0.0,0.0,0.0,0.0,0.0,0.0
Yemen,YE,YEM,MEA,Rest of World,Aluminium scrap,kt,0.0,0.0,0.0,No 2019 secondary producer share; assigned zero,,0.0,0.0,No 2024 secondary production estimate; assigned zero share,0.0,0.0,,Existing values retained through 2024; 2025 extrapolated using a country-level OLS linear trend fitted over 2019-2024 and floored at zero; Zijie regional growth indexed to 2025 thereafter,0.0,0.0,0.0,0.0,0.0,0.0,0.0,0.0,0.0,0.0,0.0,0.0,0.0,0.0,0.0,0.0,0.0,0.0,0.0,0.0,0.0,0.0,0.0,0.0,0.0,0.0,0.0,0.0,0.0,0.0,0.0,0.0
Turkey,TR,TUR,MDA,Europe,Aluminium scrap,kt,924.0083379018342,630.0,0.1017770597738287,Scrap allocated using OMNIA-controlled 2019 secondary country share,Turkey,370.0,0.0587833436601369,Zijie 2024 regional total allocated using country shares from secondary_aluminium_production_estimates_2024.xlsx,-75.39183474502191,471.65732943170275,0.8796314494069464,Existing values retained through 2024; 2025 extrapolated using a country-level OLS linear trend fitted over 2019-2024 and floored at zero; Zijie regional growth indexed to 2025 thereafter,924.0083379018342,848.6165031568123,773.2246684117904,697.8328336667686,622.4409989217465,547.0491641767247,471.65732943170275,474.6544738048912,478.07315927219287,482.9266435311152,488.69444251945845,495.314420071621,502.54060217841027,510.0776999020685,517.5440560186663,524.4826982675521,530.5381920367251,535.4517866005393,539.0946905211248,541.364883887693,542.225244461443,541.7600077092911,540.069578805982,537.199744832465,533.2197043514121,528.3606468635098,522.8703110289058,516.9795535653778,510.8798655977227,504.75421120300535,498.7784291355162,493.1026775674489
Israel,IL,ISR,MDA,Rest of World,Aluminium scrap,kt,0.0,0.0,0.0,No 2019 secondary producer share; assigned zero,,0.0,0.0,No 2024 secondary production estimate; assigned zero share,0.0,0.0,,Existing values retained through 2024; 2025 extrapolated using a country-level OLS linear trend fitted over 2019-2024 and floored at zero; Zijie regional growth indexed to 2025 thereafter,0.0,0.0,0.0,0.0,0.0,0.0,0.0,0.0,0.0,0.0,0.0,0.0,0.0,0.0,0.0,0.0,0.0,0.0,0.0,0.0,0.0,0.0,0.0,0.0,0.0,0.0,0.0,0.0,0.0,0.0,0.0,0.0
Syrian Arab Republic,SY,SYR,MDA,Rest of World,Aluminium scrap,kt,0.0,0.0,0.0,No 2019 secondary producer share; assigned zero,,0.0,0.0,No 2024 secondary production estimate; assigned zero share,0.0,0.0,,Existing values retained through 2024; 2025 extrapolated using a country-level OLS linear trend fitted over 2019-2024 and floored at zero; Zijie regional growth indexed to 2025 thereafter,0.0,0.0,0.0,0.0,0.0,0.0,0.0,0.0,0.0,0.0,0.0,0.0,0.0,0.0,0.0,0.0,0.0,0.0,0.0,0.0,0.0,0.0,0.0,0.0,0.0,0.0,0.0,0.0,0.0,0.0,0.0,0.0
Jordan,JO,JOR,MDA,Rest of World,Aluminium scrap,kt,0.0,0.0,0.0,No 2019 secondary producer share; assigned zero,,0.0,0.0,No 2024 secondary production estimate; assigned zero share,0.0,0.0,,Existing values retained through 2024; 2025 extrapolated using a country-level OLS linear trend fitted over 2019-2024 and floored at zero; Zijie regional growth indexed to 2025 thereafter,0.0,0.0,0.0,0.0,0.0,0.0,0.0,0.0,0.0,0.0,0.0,0.0,0.0,0.0,0.0,0.0,0.0,0.0,0.0,0.0,0.0,0.0,0.0,0.0,0.0,0.0,0.0,0.0,0.0,0.0,0.0,0.0
Lebanon,LB,LBN,MDA,Rest of World,Aluminium scrap,kt,0.0,0.0,0.0,No 2019 secondary producer share; assigned zero,,0.0,0.0,No 2024 secondary production estimate; assigned zero share,0.0,0.0,,Existing values retained through 2024; 2025 extrapolated using a country-level OLS linear trend fitted over 2019-2024 and floored at zero; Zijie regional growth indexed to 2025 thereafter,0.0,0.0,0.0,0.0,0.0,0.0,0.0,0.0,0.0,0.0,0.0,0.0,0.0,0.0,0.0,0.0,0.0,0.0,0.0,0.0,0.0,0.0,0.0,0.0,0.0,0.0,0.0,0.0,0.0,0.0,0.0,0.0
State of Palestine,PS,PSE,MDA,Rest of World,Aluminium scrap,kt,0.0,0.0,0.0,No 2019 secondary producer share; assigned zero,,0.0,0.0,No 2024 secondary production estimate; assigned zero share,0.0,0.0,,Existing values retained through 2024; 2025 extrapolated using a country-level OLS linear trend fitted over 2019-2024 and floored at zero; Zijie regional growth indexed to 2025 thereafter,0.0,0.0,0.0,0.0,0.0,0.0,0.0,0.0,0.0,0.0,0.0,0.0,0.0,0.0,0.0,0.0,0.0,0.0,0.0,0.0,0.0,0.0,0.0,0.0,0.0,0.0,0.0,0.0,0.0,0.0,0.0,0.0
