Country,ISO2,ISO3,OMNIARegion,ZijieRegion,Metric,Unit,SecondaryProduction2019_kt,RegionShare2019,AllocationMethod2019,SecondaryEstimate2024Country,SecondaryEstimate2024_kt,RegionShare2024,AllocationMethod2024,Trend2019_2024Slope_kt_per_year,Trend2025Unclipped_kt,AlignmentFactor_vs_old_2025,BoundaryAlignmentMethod,2019,2020,2021,2022,2023,2024,2025,2026,2027,2028,2029,2030,2031,2032,2033,2034,2035,2036,2037,2038,2039,2040,2041,2042,2043,2044,2045,2046,2047,2048,2049,2050
Ethiopia,ET,ETH,AFE,Rest of World,Secondary aluminium ingot production,kt,0.0,0.0,No 2019 secondary producer share; assigned zero,,0.0,0.0,No 2024 secondary production estimate; assigned zero share,0.0,0.0,,Existing values retained through 2024; 2025 extrapolated using a country-level OLS linear trend fitted over 2019-2024 and floored at zero; Zijie regional growth indexed to 2025 thereafter,0.0,0.0,0.0,0.0,0.0,0.0,0.0,0.0,0.0,0.0,0.0,0.0,0.0,0.0,0.0,0.0,0.0,0.0,0.0,0.0,0.0,0.0,0.0,0.0,0.0,0.0,0.0,0.0,0.0,0.0,0.0,0.0
Kenya,KE,KEN,AFE,Rest of World,Secondary aluminium ingot production,kt,0.0,0.0,No 2019 secondary producer share; assigned zero,,0.0,0.0,No 2024 secondary production estimate; assigned zero share,0.0,0.0,,Existing values retained through 2024; 2025 extrapolated using a country-level OLS linear trend fitted over 2019-2024 and floored at zero; Zijie regional growth indexed to 2025 thereafter,0.0,0.0,0.0,0.0,0.0,0.0,0.0,0.0,0.0,0.0,0.0,0.0,0.0,0.0,0.0,0.0,0.0,0.0,0.0,0.0,0.0,0.0,0.0,0.0,0.0,0.0,0.0,0.0,0.0,0.0,0.0,0.0
Sudan,SD,SDN,AFE,Rest of World,Secondary aluminium ingot production,kt,0.0,0.0,No 2019 secondary producer share; assigned zero,,0.0,0.0,No 2024 secondary production estimate; assigned zero share,0.0,0.0,,Existing values retained through 2024; 2025 extrapolated using a country-level OLS linear trend fitted over 2019-2024 and floored at zero; Zijie regional growth indexed to 2025 thereafter,0.0,0.0,0.0,0.0,0.0,0.0,0.0,0.0,0.0,0.0,0.0,0.0,0.0,0.0,0.0,0.0,0.0,0.0,0.0,0.0,0.0,0.0,0.0,0.0,0.0,0.0,0.0,0.0,0.0,0.0,0.0,0.0
Mauritius,MU,MUS,AFE,Rest of World,Secondary aluminium ingot production,kt,0.0,0.0,No 2019 secondary producer share; assigned zero,,0.0,0.0,No 2024 secondary production estimate; assigned zero share,0.0,0.0,,Existing values retained through 2024; 2025 extrapolated using a country-level OLS linear trend fitted over 2019-2024 and floored at zero; Zijie regional growth indexed to 2025 thereafter,0.0,0.0,0.0,0.0,0.0,0.0,0.0,0.0,0.0,0.0,0.0,0.0,0.0,0.0,0.0,0.0,0.0,0.0,0.0,0.0,0.0,0.0,0.0,0.0,0.0,0.0,0.0,0.0,0.0,0.0,0.0,0.0
Eritrea,ER,ERI,AFE,Rest of World,Secondary aluminium ingot production,kt,0.0,0.0,No 2019 secondary producer share; assigned zero,,0.0,0.0,No 2024 secondary production estimate; assigned zero share,0.0,0.0,,Existing values retained through 2024; 2025 extrapolated using a country-level OLS linear trend fitted over 2019-2024 and floored at zero; Zijie regional growth indexed to 2025 thereafter,0.0,0.0,0.0,0.0,0.0,0.0,0.0,0.0,0.0,0.0,0.0,0.0,0.0,0.0,0.0,0.0,0.0,0.0,0.0,0.0,0.0,0.0,0.0,0.0,0.0,0.0,0.0,0.0,0.0,0.0,0.0,0.0
South Sudan,SS,SSD,AFE,Rest of World,Secondary aluminium ingot production,kt,0.0,0.0,No 2019 secondary producer share; assigned zero,,0.0,0.0,No 2024 secondary production estimate; assigned zero share,0.0,0.0,,Existing values retained through 2024; 2025 extrapolated using a country-level OLS linear trend fitted over 2019-2024 and floored at zero; Zijie regional growth indexed to 2025 thereafter,0.0,0.0,0.0,0.0,0.0,0.0,0.0,0.0,0.0,0.0,0.0,0.0,0.0,0.0,0.0,0.0,0.0,0.0,0.0,0.0,0.0,0.0,0.0,0.0,0.0,0.0,0.0,0.0,0.0,0.0,0.0,0.0
Burundi,BI,BDI,AFE,Rest of World,Secondary aluminium ingot production,kt,0.0,0.0,No 2019 secondary producer share; assigned zero,,0.0,0.0,No 2024 secondary production estimate; assigned zero share,0.0,0.0,,Existing values retained through 2024; 2025 extrapolated using a country-level OLS linear trend fitted over 2019-2024 and floored at zero; Zijie regional growth indexed to 2025 thereafter,0.0,0.0,0.0,0.0,0.0,0.0,0.0,0.0,0.0,0.0,0.0,0.0,0.0,0.0,0.0,0.0,0.0,0.0,0.0,0.0,0.0,0.0,0.0,0.0,0.0,0.0,0.0,0.0,0.0,0.0,0.0,0.0
Comoros,KM,COM,AFE,Rest of World,Secondary aluminium ingot production,kt,0.0,0.0,No 2019 secondary producer share; assigned zero,,0.0,0.0,No 2024 secondary production estimate; assigned zero share,0.0,0.0,,Existing values retained through 2024; 2025 extrapolated using a country-level OLS linear trend fitted over 2019-2024 and floored at zero; Zijie regional growth indexed to 2025 thereafter,0.0,0.0,0.0,0.0,0.0,0.0,0.0,0.0,0.0,0.0,0.0,0.0,0.0,0.0,0.0,0.0,0.0,0.0,0.0,0.0,0.0,0.0,0.0,0.0,0.0,0.0,0.0,0.0,0.0,0.0,0.0,0.0
Djibouti,DJ,DJI,AFE,Rest of World,Secondary aluminium ingot production,kt,0.0,0.0,No 2019 secondary producer share; assigned zero,,0.0,0.0,No 2024 secondary production estimate; assigned zero share,0.0,0.0,,Existing values retained through 2024; 2025 extrapolated using a country-level OLS linear trend fitted over 2019-2024 and floored at zero; Zijie regional growth indexed to 2025 thereafter,0.0,0.0,0.0,0.0,0.0,0.0,0.0,0.0,0.0,0.0,0.0,0.0,0.0,0.0,0.0,0.0,0.0,0.0,0.0,0.0,0.0,0.0,0.0,0.0,0.0,0.0,0.0,0.0,0.0,0.0,0.0,0.0
Madagascar,MG,MDG,AFE,Rest of World,Secondary aluminium ingot production,kt,0.0,0.0,No 2019 secondary producer share; assigned zero,,0.0,0.0,No 2024 secondary production estimate; assigned zero share,0.0,0.0,,Existing values retained through 2024; 2025 extrapolated using a country-level OLS linear trend fitted over 2019-2024 and floored at zero; Zijie regional growth indexed to 2025 thereafter,0.0,0.0,0.0,0.0,0.0,0.0,0.0,0.0,0.0,0.0,0.0,0.0,0.0,0.0,0.0,0.0,0.0,0.0,0.0,0.0,0.0,0.0,0.0,0.0,0.0,0.0,0.0,0.0,0.0,0.0,0.0,0.0
Reunion,RE,REU,AFE,Rest of World,Secondary aluminium ingot production,kt,0.0,0.0,No 2019 secondary producer share; assigned zero,,0.0,0.0,No 2024 secondary production estimate; assigned zero share,0.0,0.0,,Existing values retained through 2024; 2025 extrapolated using a country-level OLS linear trend fitted over 2019-2024 and floored at zero; Zijie regional growth indexed to 2025 thereafter,0.0,0.0,0.0,0.0,0.0,0.0,0.0,0.0,0.0,0.0,0.0,0.0,0.0,0.0,0.0,0.0,0.0,0.0,0.0,0.0,0.0,0.0,0.0,0.0,0.0,0.0,0.0,0.0,0.0,0.0,0.0,0.0
Rwanda,RW,RWA,AFE,Rest of World,Secondary aluminium ingot production,kt,0.0,0.0,No 2019 secondary producer share; assigned zero,,0.0,0.0,No 2024 secondary production estimate; assigned zero share,0.0,0.0,,Existing values retained through 2024; 2025 extrapolated using a country-level OLS linear trend fitted over 2019-2024 and floored at zero; Zijie regional growth indexed to 2025 thereafter,0.0,0.0,0.0,0.0,0.0,0.0,0.0,0.0,0.0,0.0,0.0,0.0,0.0,0.0,0.0,0.0,0.0,0.0,0.0,0.0,0.0,0.0,0.0,0.0,0.0,0.0,0.0,0.0,0.0,0.0,0.0,0.0
Somalia,SO,SOM,AFE,Rest of World,Secondary aluminium ingot production,kt,0.0,0.0,No 2019 secondary producer share; assigned zero,,0.0,0.0,No 2024 secondary production estimate; assigned zero share,0.0,0.0,,Existing values retained through 2024; 2025 extrapolated using a country-level OLS linear trend fitted over 2019-2024 and floored at zero; Zijie regional growth indexed to 2025 thereafter,0.0,0.0,0.0,0.0,0.0,0.0,0.0,0.0,0.0,0.0,0.0,0.0,0.0,0.0,0.0,0.0,0.0,0.0,0.0,0.0,0.0,0.0,0.0,0.0,0.0,0.0,0.0,0.0,0.0,0.0,0.0,0.0
Uganda,UG,UGA,AFE,Rest of World,Secondary aluminium ingot production,kt,0.0,0.0,No 2019 secondary producer share; assigned zero,,0.0,0.0,No 2024 secondary production estimate; assigned zero share,0.0,0.0,,Existing values retained through 2024; 2025 extrapolated using a country-level OLS linear trend fitted over 2019-2024 and floored at zero; Zijie regional growth indexed to 2025 thereafter,0.0,0.0,0.0,0.0,0.0,0.0,0.0,0.0,0.0,0.0,0.0,0.0,0.0,0.0,0.0,0.0,0.0,0.0,0.0,0.0,0.0,0.0,0.0,0.0,0.0,0.0,0.0,0.0,0.0,0.0,0.0,0.0
Seychelles,SC,SYC,AFE,Rest of World,Secondary aluminium ingot production,kt,0.0,0.0,No 2019 secondary producer share; assigned zero,,0.0,0.0,No 2024 secondary production estimate; assigned zero share,0.0,0.0,,Existing values retained through 2024; 2025 extrapolated using a country-level OLS linear trend fitted over 2019-2024 and floored at zero; Zijie regional growth indexed to 2025 thereafter,0.0,0.0,0.0,0.0,0.0,0.0,0.0,0.0,0.0,0.0,0.0,0.0,0.0,0.0,0.0,0.0,0.0,0.0,0.0,0.0,0.0,0.0,0.0,0.0,0.0,0.0,0.0,0.0,0.0,0.0,0.0,0.0
United Republic of Tanzania,TZ,TZA,AFE,Other main producer,Secondary aluminium ingot production,kt,0.0,0.0,No 2019 secondary producer share; assigned zero,,0.0,0.0,No 2024 secondary production estimate; assigned zero share,0.0,0.0,,Existing values retained through 2024; 2025 extrapolated using a country-level OLS linear trend fitted over 2019-2024 and floored at zero; Zijie regional growth indexed to 2025 thereafter,0.0,0.0,0.0,0.0,0.0,0.0,0.0,0.0,0.0,0.0,0.0,0.0,0.0,0.0,0.0,0.0,0.0,0.0,0.0,0.0,0.0,0.0,0.0,0.0,0.0,0.0,0.0,0.0,0.0,0.0,0.0,0.0
Egypt,EG,EGY,AFN,Other main producer,Secondary aluminium ingot production,kt,40.0,0.0312067227564295,OMNIA 2019 region total allocated using OMNIA primary-production shares; no secondary-country weights available,Egypt,80.0,0.1286173633440514,Zijie 2024 regional total allocated using country shares from secondary_aluminium_production_estimates_2024.xlsx,39.34694215193194,276.0816529115916,1.0331873500893607,Existing values retained through 2024; 2025 extrapolated using a country-level OLS linear trend fitted over 2019-2024 and floored at zero; Zijie regional growth indexed to 2025 thereafter,40.0,79.34694215193196,118.6938843038639,158.0408264557958,197.3877686077278,236.7347107596597,276.0816529115916,314.5617888577711,318.26221507180963,321.84958624034596,324.44611719211645,326.701495742721,328.7901694266923,330.93183033491977,333.35922406518887,336.0975606865326,339.13748947948443,342.4012402644974,345.70453941296785,348.8935249522637,351.961366514182,354.94462332559726,357.91249310759764,360.95549253719116,364.0564259943452,367.2428193250789,370.5772435639841,374.0508619037676,377.63005956758843,381.20221744489436,384.7012377497638,388.1348629105472
Algeria,DZ,DZA,AFN,Rest of World,Secondary aluminium ingot production,kt,0.0,0.0,No 2019 secondary producer share; assigned zero,,0.0,0.0,No 2024 secondary production estimate; assigned zero share,0.0,0.0,,Existing values retained through 2024; 2025 extrapolated using a country-level OLS linear trend fitted over 2019-2024 and floored at zero; Zijie regional growth indexed to 2025 thereafter,0.0,0.0,0.0,0.0,0.0,0.0,0.0,0.0,0.0,0.0,0.0,0.0,0.0,0.0,0.0,0.0,0.0,0.0,0.0,0.0,0.0,0.0,0.0,0.0,0.0,0.0,0.0,0.0,0.0,0.0,0.0,0.0
Morocco,MA,MAR,AFN,Rest of World,Secondary aluminium ingot production,kt,0.0,0.0,No 2019 secondary producer share; assigned zero,,0.0,0.0,No 2024 secondary production estimate; assigned zero share,0.0,0.0,,Existing values retained through 2024; 2025 extrapolated using a country-level OLS linear trend fitted over 2019-2024 and floored at zero; Zijie regional growth indexed to 2025 thereafter,0.0,0.0,0.0,0.0,0.0,0.0,0.0,0.0,0.0,0.0,0.0,0.0,0.0,0.0,0.0,0.0,0.0,0.0,0.0,0.0,0.0,0.0,0.0,0.0,0.0,0.0,0.0,0.0,0.0,0.0,0.0,0.0
Libya,LY,LBY,AFN,Rest of World,Secondary aluminium ingot production,kt,0.0,0.0,No 2019 secondary producer share; assigned zero,,0.0,0.0,No 2024 secondary production estimate; assigned zero share,0.0,0.0,,Existing values retained through 2024; 2025 extrapolated using a country-level OLS linear trend fitted over 2019-2024 and floored at zero; Zijie regional growth indexed to 2025 thereafter,0.0,0.0,0.0,0.0,0.0,0.0,0.0,0.0,0.0,0.0,0.0,0.0,0.0,0.0,0.0,0.0,0.0,0.0,0.0,0.0,0.0,0.0,0.0,0.0,0.0,0.0,0.0,0.0,0.0,0.0,0.0,0.0
Tunisia,TN,TUN,AFN,Rest of World,Secondary aluminium ingot production,kt,0.0,0.0,No 2019 secondary producer share; assigned zero,,0.0,0.0,No 2024 secondary production estimate; assigned zero share,0.0,0.0,,Existing values retained through 2024; 2025 extrapolated using a country-level OLS linear trend fitted over 2019-2024 and floored at zero; Zijie regional growth indexed to 2025 thereafter,0.0,0.0,0.0,0.0,0.0,0.0,0.0,0.0,0.0,0.0,0.0,0.0,0.0,0.0,0.0,0.0,0.0,0.0,0.0,0.0,0.0,0.0,0.0,0.0,0.0,0.0,0.0,0.0,0.0,0.0,0.0,0.0
Democratic Republic of the Congo,CD,COD,AFW,Rest of World,Secondary aluminium ingot production,kt,0.0,0.0,No 2019 secondary producer share; assigned zero,,0.0,0.0,No 2024 secondary production estimate; assigned zero share,0.0,0.0,,Existing values retained through 2024; 2025 extrapolated using a country-level OLS linear trend fitted over 2019-2024 and floored at zero; Zijie regional growth indexed to 2025 thereafter,0.0,0.0,0.0,0.0,0.0,0.0,0.0,0.0,0.0,0.0,0.0,0.0,0.0,0.0,0.0,0.0,0.0,0.0,0.0,0.0,0.0,0.0,0.0,0.0,0.0,0.0,0.0,0.0,0.0,0.0,0.0,0.0
Cote d'Ivoire,CI,CIV,AFW,Rest of World,Secondary aluminium ingot production,kt,0.0,0.0,No 2019 secondary producer share; assigned zero,,0.0,0.0,No 2024 secondary production estimate; assigned zero share,0.0,0.0,,Existing values retained through 2024; 2025 extrapolated using a country-level OLS linear trend fitted over 2019-2024 and floored at zero; Zijie regional growth indexed to 2025 thereafter,0.0,0.0,0.0,0.0,0.0,0.0,0.0,0.0,0.0,0.0,0.0,0.0,0.0,0.0,0.0,0.0,0.0,0.0,0.0,0.0,0.0,0.0,0.0,0.0,0.0,0.0,0.0,0.0,0.0,0.0,0.0,0.0
Ghana,GH,GHA,AFW,Rest of World,Secondary aluminium ingot production,kt,3.75,0.1328613821843777,OMNIA 2019 region total allocated using OMNIA primary-production shares; no secondary-country weights available,Ghana,2.0,0.3333333333333333,Zijie 2024 regional total allocated using country shares from secondary_aluminium_production_estimates_2024.xlsx,14.86879138146899,92.96274828881394,0.8604586205616792,Existing values retained through 2024; 2025 extrapolated using a country-level OLS linear trend fitted over 2019-2024 and floored at zero; Zijie regional growth indexed to 2025 thereafter,3.75,18.618791381468988,33.487582762937976,48.35637414440696,63.22516552587596,78.09395690734495,92.96274828881394,99.63678993987631,106.40178122057236,113.26393703486201,120.36744829234955,127.69925349964531,135.25571570641836,143.01838484215236,150.94257007096365,158.94002964576302,166.8936165716979,174.7274199605938,182.37176432760285,189.82509740583836,197.20887226356894,204.59746116264853,211.94398583812827,219.32222189941191,226.84401382292012,234.4119432291347,241.90337902304702,249.32692828668755,256.59812347183635,263.6737494436089,270.5501868266954,277.02178065689424
Cameroon,CM,CMR,AFW,Other main producer,Secondary aluminium ingot production,kt,6.25,0.0048760504306921,OMNIA 2019 region total allocated using OMNIA primary-production shares; no secondary-country weights available,Cameroon,2.0,0.0032154340836012,Zijie 2024 regional total allocated using country shares from secondary_aluminium_production_estimates_2024.xlsx,-0.06632644620170111,5.852041322789792,0.8760096881689978,Existing values retained through 2024; 2025 extrapolated using a country-level OLS linear trend fitted over 2019-2024 and floored at zero; Zijie regional growth indexed to 2025 thereafter,6.25,6.1836735537982985,6.117347107596597,6.0510206613948965,5.984694215193195,5.9183677689914935,5.852041322789792,6.66769619622581,6.746133306725953,6.822174014600089,6.877212103025797,6.925018859967006,6.969292010969681,7.014688320366469,7.066141244769107,7.124185156397467,7.188621850133104,7.2578028487969295,7.32782214531489,7.395418361712923,7.460446716197119,7.523682146559045,7.58659142148463,7.651093202821434,7.716822998840506,7.784364268770843,7.85504331690025,7.928672831392194,8.004540287306837,8.080258522434246,8.154426476723962,8.227208264705759
Gabon,GA,GAB,AFW,Rest of World,Secondary aluminium ingot production,kt,0.0,0.0,No 2019 secondary producer share; assigned zero,,0.0,0.0,No 2024 secondary production estimate; assigned zero share,0.0,0.0,,Existing values retained through 2024; 2025 extrapolated using a country-level OLS linear trend fitted over 2019-2024 and floored at zero; Zijie regional growth indexed to 2025 thereafter,0.0,0.0,0.0,0.0,0.0,0.0,0.0,0.0,0.0,0.0,0.0,0.0,0.0,0.0,0.0,0.0,0.0,0.0,0.0,0.0,0.0,0.0,0.0,0.0,0.0,0.0,0.0,0.0,0.0,0.0,0.0,0.0
Benin,BJ,BEN,AFW,Rest of World,Secondary aluminium ingot production,kt,0.0,0.0,No 2019 secondary producer share; assigned zero,,0.0,0.0,No 2024 secondary production estimate; assigned zero share,0.0,0.0,,Existing values retained through 2024; 2025 extrapolated using a country-level OLS linear trend fitted over 2019-2024 and floored at zero; Zijie regional growth indexed to 2025 thereafter,0.0,0.0,0.0,0.0,0.0,0.0,0.0,0.0,0.0,0.0,0.0,0.0,0.0,0.0,0.0,0.0,0.0,0.0,0.0,0.0,0.0,0.0,0.0,0.0,0.0,0.0,0.0,0.0,0.0,0.0,0.0,0.0
Senegal,SN,SEN,AFW,Rest of World,Secondary aluminium ingot production,kt,0.0,0.0,No 2019 secondary producer share; assigned zero,,0.0,0.0,No 2024 secondary production estimate; assigned zero share,0.0,0.0,,Existing values retained through 2024; 2025 extrapolated using a country-level OLS linear trend fitted over 2019-2024 and floored at zero; Zijie regional growth indexed to 2025 thereafter,0.0,0.0,0.0,0.0,0.0,0.0,0.0,0.0,0.0,0.0,0.0,0.0,0.0,0.0,0.0,0.0,0.0,0.0,0.0,0.0,0.0,0.0,0.0,0.0,0.0,0.0,0.0,0.0,0.0,0.0,0.0,0.0
Togo,TG,TGO,AFW,Rest of World,Secondary aluminium ingot production,kt,0.0,0.0,No 2019 secondary producer share; assigned zero,,0.0,0.0,No 2024 secondary production estimate; assigned zero share,0.0,0.0,,Existing values retained through 2024; 2025 extrapolated using a country-level OLS linear trend fitted over 2019-2024 and floored at zero; Zijie regional growth indexed to 2025 thereafter,0.0,0.0,0.0,0.0,0.0,0.0,0.0,0.0,0.0,0.0,0.0,0.0,0.0,0.0,0.0,0.0,0.0,0.0,0.0,0.0,0.0,0.0,0.0,0.0,0.0,0.0,0.0,0.0,0.0,0.0,0.0,0.0
Niger,NE,NER,AFW,Rest of World,Secondary aluminium ingot production,kt,0.0,0.0,No 2019 secondary producer share; assigned zero,,0.0,0.0,No 2024 secondary production estimate; assigned zero share,0.0,0.0,,Existing values retained through 2024; 2025 extrapolated using a country-level OLS linear trend fitted over 2019-2024 and floored at zero; Zijie regional growth indexed to 2025 thereafter,0.0,0.0,0.0,0.0,0.0,0.0,0.0,0.0,0.0,0.0,0.0,0.0,0.0,0.0,0.0,0.0,0.0,0.0,0.0,0.0,0.0,0.0,0.0,0.0,0.0,0.0,0.0,0.0,0.0,0.0,0.0,0.0
Congo,CG,COG,AFW,Rest of World,Secondary aluminium ingot production,kt,0.0,0.0,No 2019 secondary producer share; assigned zero,,0.0,0.0,No 2024 secondary production estimate; assigned zero share,0.0,0.0,,Existing values retained through 2024; 2025 extrapolated using a country-level OLS linear trend fitted over 2019-2024 and floored at zero; Zijie regional growth indexed to 2025 thereafter,0.0,0.0,0.0,0.0,0.0,0.0,0.0,0.0,0.0,0.0,0.0,0.0,0.0,0.0,0.0,0.0,0.0,0.0,0.0,0.0,0.0,0.0,0.0,0.0,0.0,0.0,0.0,0.0,0.0,0.0,0.0,0.0
Burkina Faso,BF,BFA,AFW,Rest of World,Secondary aluminium ingot production,kt,0.0,0.0,No 2019 secondary producer share; assigned zero,,0.0,0.0,No 2024 secondary production estimate; assigned zero share,0.0,0.0,,Existing values retained through 2024; 2025 extrapolated using a country-level OLS linear trend fitted over 2019-2024 and floored at zero; Zijie regional growth indexed to 2025 thereafter,0.0,0.0,0.0,0.0,0.0,0.0,0.0,0.0,0.0,0.0,0.0,0.0,0.0,0.0,0.0,0.0,0.0,0.0,0.0,0.0,0.0,0.0,0.0,0.0,0.0,0.0,0.0,0.0,0.0,0.0,0.0,0.0
Cabo Verde,CV,CPV,AFW,Rest of World,Secondary aluminium ingot production,kt,0.0,0.0,No 2019 secondary producer share; assigned zero,,0.0,0.0,No 2024 secondary production estimate; assigned zero share,0.0,0.0,,Existing values retained through 2024; 2025 extrapolated using a country-level OLS linear trend fitted over 2019-2024 and floored at zero; Zijie regional growth indexed to 2025 thereafter,0.0,0.0,0.0,0.0,0.0,0.0,0.0,0.0,0.0,0.0,0.0,0.0,0.0,0.0,0.0,0.0,0.0,0.0,0.0,0.0,0.0,0.0,0.0,0.0,0.0,0.0,0.0,0.0,0.0,0.0,0.0,0.0
Central African Republic,CF,CAF,AFW,Rest of World,Secondary aluminium ingot production,kt,0.0,0.0,No 2019 secondary producer share; assigned zero,,0.0,0.0,No 2024 secondary production estimate; assigned zero share,0.0,0.0,,Existing values retained through 2024; 2025 extrapolated using a country-level OLS linear trend fitted over 2019-2024 and floored at zero; Zijie regional growth indexed to 2025 thereafter,0.0,0.0,0.0,0.0,0.0,0.0,0.0,0.0,0.0,0.0,0.0,0.0,0.0,0.0,0.0,0.0,0.0,0.0,0.0,0.0,0.0,0.0,0.0,0.0,0.0,0.0,0.0,0.0,0.0,0.0,0.0,0.0
Chad,TD,TCD,AFW,Rest of World,Secondary aluminium ingot production,kt,0.0,0.0,No 2019 secondary producer share; assigned zero,,0.0,0.0,No 2024 secondary production estimate; assigned zero share,0.0,0.0,,Existing values retained through 2024; 2025 extrapolated using a country-level OLS linear trend fitted over 2019-2024 and floored at zero; Zijie regional growth indexed to 2025 thereafter,0.0,0.0,0.0,0.0,0.0,0.0,0.0,0.0,0.0,0.0,0.0,0.0,0.0,0.0,0.0,0.0,0.0,0.0,0.0,0.0,0.0,0.0,0.0,0.0,0.0,0.0,0.0,0.0,0.0,0.0,0.0,0.0
Equatorial Guinea,GQ,GNQ,AFW,Rest of World,Secondary aluminium ingot production,kt,0.0,0.0,No 2019 secondary producer share; assigned zero,,0.0,0.0,No 2024 secondary production estimate; assigned zero share,0.0,0.0,,Existing values retained through 2024; 2025 extrapolated using a country-level OLS linear trend fitted over 2019-2024 and floored at zero; Zijie regional growth indexed to 2025 thereafter,0.0,0.0,0.0,0.0,0.0,0.0,0.0,0.0,0.0,0.0,0.0,0.0,0.0,0.0,0.0,0.0,0.0,0.0,0.0,0.0,0.0,0.0,0.0,0.0,0.0,0.0,0.0,0.0,0.0,0.0,0.0,0.0
Gambia,GM,GMB,AFW,Rest of World,Secondary aluminium ingot production,kt,0.0,0.0,No 2019 secondary producer share; assigned zero,,0.0,0.0,No 2024 secondary production estimate; assigned zero share,0.0,0.0,,Existing values retained through 2024; 2025 extrapolated using a country-level OLS linear trend fitted over 2019-2024 and floored at zero; Zijie regional growth indexed to 2025 thereafter,0.0,0.0,0.0,0.0,0.0,0.0,0.0,0.0,0.0,0.0,0.0,0.0,0.0,0.0,0.0,0.0,0.0,0.0,0.0,0.0,0.0,0.0,0.0,0.0,0.0,0.0,0.0,0.0,0.0,0.0,0.0,0.0
Guinea,GN,GIN,AFW,Other main producer,Secondary aluminium ingot production,kt,0.0,0.0,No 2019 secondary producer share; assigned zero,,0.0,0.0,No 2024 secondary production estimate; assigned zero share,0.0,0.0,,Existing values retained through 2024; 2025 extrapolated using a country-level OLS linear trend fitted over 2019-2024 and floored at zero; Zijie regional growth indexed to 2025 thereafter,0.0,0.0,0.0,0.0,0.0,0.0,0.0,0.0,0.0,0.0,0.0,0.0,0.0,0.0,0.0,0.0,0.0,0.0,0.0,0.0,0.0,0.0,0.0,0.0,0.0,0.0,0.0,0.0,0.0,0.0,0.0,0.0
Guinea-Bissau,GW,GNB,AFW,Rest of World,Secondary aluminium ingot production,kt,0.0,0.0,No 2019 secondary producer share; assigned zero,,0.0,0.0,No 2024 secondary production estimate; assigned zero share,0.0,0.0,,Existing values retained through 2024; 2025 extrapolated using a country-level OLS linear trend fitted over 2019-2024 and floored at zero; Zijie regional growth indexed to 2025 thereafter,0.0,0.0,0.0,0.0,0.0,0.0,0.0,0.0,0.0,0.0,0.0,0.0,0.0,0.0,0.0,0.0,0.0,0.0,0.0,0.0,0.0,0.0,0.0,0.0,0.0,0.0,0.0,0.0,0.0,0.0,0.0,0.0
Liberia,LR,LBR,AFW,Rest of World,Secondary aluminium ingot production,kt,0.0,0.0,No 2019 secondary producer share; assigned zero,,0.0,0.0,No 2024 secondary production estimate; assigned zero share,0.0,0.0,,Existing values retained through 2024; 2025 extrapolated using a country-level OLS linear trend fitted over 2019-2024 and floored at zero; Zijie regional growth indexed to 2025 thereafter,0.0,0.0,0.0,0.0,0.0,0.0,0.0,0.0,0.0,0.0,0.0,0.0,0.0,0.0,0.0,0.0,0.0,0.0,0.0,0.0,0.0,0.0,0.0,0.0,0.0,0.0,0.0,0.0,0.0,0.0,0.0,0.0
Malawi,MW,MWI,AFW,Rest of World,Secondary aluminium ingot production,kt,0.0,0.0,No 2019 secondary producer share; assigned zero,,0.0,0.0,No 2024 secondary production estimate; assigned zero share,0.0,0.0,,Existing values retained through 2024; 2025 extrapolated using a country-level OLS linear trend fitted over 2019-2024 and floored at zero; Zijie regional growth indexed to 2025 thereafter,0.0,0.0,0.0,0.0,0.0,0.0,0.0,0.0,0.0,0.0,0.0,0.0,0.0,0.0,0.0,0.0,0.0,0.0,0.0,0.0,0.0,0.0,0.0,0.0,0.0,0.0,0.0,0.0,0.0,0.0,0.0,0.0
Mali,ML,MLI,AFW,Rest of World,Secondary aluminium ingot production,kt,0.0,0.0,No 2019 secondary producer share; assigned zero,,0.0,0.0,No 2024 secondary production estimate; assigned zero share,0.0,0.0,,Existing values retained through 2024; 2025 extrapolated using a country-level OLS linear trend fitted over 2019-2024 and floored at zero; Zijie regional growth indexed to 2025 thereafter,0.0,0.0,0.0,0.0,0.0,0.0,0.0,0.0,0.0,0.0,0.0,0.0,0.0,0.0,0.0,0.0,0.0,0.0,0.0,0.0,0.0,0.0,0.0,0.0,0.0,0.0,0.0,0.0,0.0,0.0,0.0,0.0
Mauritania,MR,MRT,AFW,Rest of World,Secondary aluminium ingot production,kt,0.0,0.0,No 2019 secondary producer share; assigned zero,,0.0,0.0,No 2024 secondary production estimate; assigned zero share,0.0,0.0,,Existing values retained through 2024; 2025 extrapolated using a country-level OLS linear trend fitted over 2019-2024 and floored at zero; Zijie regional growth indexed to 2025 thereafter,0.0,0.0,0.0,0.0,0.0,0.0,0.0,0.0,0.0,0.0,0.0,0.0,0.0,0.0,0.0,0.0,0.0,0.0,0.0,0.0,0.0,0.0,0.0,0.0,0.0,0.0,0.0,0.0,0.0,0.0,0.0,0.0
Sao Tome and Principe,ST,STP,AFW,Rest of World,Secondary aluminium ingot production,kt,0.0,0.0,No 2019 secondary producer share; assigned zero,,0.0,0.0,No 2024 secondary production estimate; assigned zero share,0.0,0.0,,Existing values retained through 2024; 2025 extrapolated using a country-level OLS linear trend fitted over 2019-2024 and floored at zero; Zijie regional growth indexed to 2025 thereafter,0.0,0.0,0.0,0.0,0.0,0.0,0.0,0.0,0.0,0.0,0.0,0.0,0.0,0.0,0.0,0.0,0.0,0.0,0.0,0.0,0.0,0.0,0.0,0.0,0.0,0.0,0.0,0.0,0.0,0.0,0.0,0.0
Sierra Leone,SL,SLE,AFW,Other main producer,Secondary aluminium ingot production,kt,0.0,0.0,No 2019 secondary producer share; assigned zero,,0.0,0.0,No 2024 secondary production estimate; assigned zero share,0.0,0.0,,Existing values retained through 2024; 2025 extrapolated using a country-level OLS linear trend fitted over 2019-2024 and floored at zero; Zijie regional growth indexed to 2025 thereafter,0.0,0.0,0.0,0.0,0.0,0.0,0.0,0.0,0.0,0.0,0.0,0.0,0.0,0.0,0.0,0.0,0.0,0.0,0.0,0.0,0.0,0.0,0.0,0.0,0.0,0.0,0.0,0.0,0.0,0.0,0.0,0.0
Angola,AO,AGO,AFZ,Rest of World,Secondary aluminium ingot production,kt,0.0,0.0,No 2019 secondary producer share; assigned zero,,0.0,0.0,No 2024 secondary production estimate; assigned zero share,0.0,0.0,,Existing values retained through 2024; 2025 extrapolated using a country-level OLS linear trend fitted over 2019-2024 and floored at zero; Zijie regional growth indexed to 2025 thereafter,0.0,0.0,0.0,0.0,0.0,0.0,0.0,0.0,0.0,0.0,0.0,0.0,0.0,0.0,0.0,0.0,0.0,0.0,0.0,0.0,0.0,0.0,0.0,0.0,0.0,0.0,0.0,0.0,0.0,0.0,0.0,0.0
Mozambique,MZ,MOZ,AFZ,Rest of World,Secondary aluminium ingot production,kt,22.03588143525741,0.7807247107038319,OMNIA 2019 region total allocated using OMNIA primary-production shares; no secondary-country weights available,Mozambique,2.0,0.3333333333333333,Zijie 2024 regional total allocated using country shares from secondary_aluminium_production_estimates_2024.xlsx,11.211615094417509,89.30557200176246,0.8266079769325702,Existing values retained through 2024; 2025 extrapolated using a country-level OLS linear trend fitted over 2019-2024 and floored at zero; Zijie regional growth indexed to 2025 thereafter,22.03588143525741,33.24749652967492,44.45911162409243,55.67072671850993,66.88234181292745,78.09395690734495,89.30557200176246,95.7170552913914,102.21591023092628,108.80810722854987,115.63216468971702,122.67553496324663,129.9347241772855,137.39200809141187,145.00445401769116,152.68729166002848,160.32798261378144,167.85360234289263,175.19721641240415,182.3573336219722,189.45062904771865,196.5485491293001,203.60605980368845,210.69403433053722,217.9199171983737,225.19012248954274,232.38684344503028,239.51834854224404,246.5034932060912,253.30076239521338,259.906679121373,266.12367893481894
Zimbabwe,ZW,ZWE,AFZ,Other main producer,Secondary aluminium ingot production,kt,0.0,0.0,No 2019 secondary producer share; assigned zero,,0.0,0.0,No 2024 secondary production estimate; assigned zero share,0.0,0.0,,Existing values retained through 2024; 2025 extrapolated using a country-level OLS linear trend fitted over 2019-2024 and floored at zero; Zijie regional growth indexed to 2025 thereafter,0.0,0.0,0.0,0.0,0.0,0.0,0.0,0.0,0.0,0.0,0.0,0.0,0.0,0.0,0.0,0.0,0.0,0.0,0.0,0.0,0.0,0.0,0.0,0.0,0.0,0.0,0.0,0.0,0.0,0.0,0.0,0.0
Zambia,ZM,ZMB,AFZ,Rest of World,Secondary aluminium ingot production,kt,0.0,0.0,No 2019 secondary producer share; assigned zero,,0.0,0.0,No 2024 secondary production estimate; assigned zero share,0.0,0.0,,Existing values retained through 2024; 2025 extrapolated using a country-level OLS linear trend fitted over 2019-2024 and floored at zero; Zijie regional growth indexed to 2025 thereafter,0.0,0.0,0.0,0.0,0.0,0.0,0.0,0.0,0.0,0.0,0.0,0.0,0.0,0.0,0.0,0.0,0.0,0.0,0.0,0.0,0.0,0.0,0.0,0.0,0.0,0.0,0.0,0.0,0.0,0.0,0.0,0.0
Botswana,BW,BWA,AFZ,Rest of World,Secondary aluminium ingot production,kt,0.0,0.0,No 2019 secondary producer share; assigned zero,,0.0,0.0,No 2024 secondary production estimate; assigned zero share,0.0,0.0,,Existing values retained through 2024; 2025 extrapolated using a country-level OLS linear trend fitted over 2019-2024 and floored at zero; Zijie regional growth indexed to 2025 thereafter,0.0,0.0,0.0,0.0,0.0,0.0,0.0,0.0,0.0,0.0,0.0,0.0,0.0,0.0,0.0,0.0,0.0,0.0,0.0,0.0,0.0,0.0,0.0,0.0,0.0,0.0,0.0,0.0,0.0,0.0,0.0,0.0
Namibia,,NAM,AFZ,Rest of World,Secondary aluminium ingot production,kt,0.0,0.0,No 2019 secondary producer share; assigned zero,,0.0,0.0,No 2024 secondary production estimate; assigned zero share,0.0,0.0,,Existing values retained through 2024; 2025 extrapolated using a country-level OLS linear trend fitted over 2019-2024 and floored at zero; Zijie regional growth indexed to 2025 thereafter,0.0,0.0,0.0,0.0,0.0,0.0,0.0,0.0,0.0,0.0,0.0,0.0,0.0,0.0,0.0,0.0,0.0,0.0,0.0,0.0,0.0,0.0,0.0,0.0,0.0,0.0,0.0,0.0,0.0,0.0,0.0,0.0
South Africa,ZA,ZAF,AFZ,Other main producer,Secondary aluminium ingot production,kt,27.96411856474259,0.0218167123794461,OMNIA 2019 region total allocated using OMNIA primary-production shares; no secondary-country weights available,South Africa,180.0,0.2893890675241157,Zijie 2024 regional total allocated using country shares from secondary_aluminium_production_estimates_2024.xlsx,100.93779612889837,633.5908953381327,1.053823656542615,Existing values retained through 2024; 2025 extrapolated using a country-level OLS linear trend fitted over 2019-2024 and floored at zero; Zijie regional growth indexed to 2025 thereafter,27.96411856474259,128.90191469364095,229.8397108225393,330.77750695143766,431.715303080336,532.6530992092344,633.5908953381327,721.900507837737,730.3927648687979,738.6255673263772,744.5844506971323,749.7604096938048,754.5537909835072,759.4687747864659,765.0394983411813,771.3238172495803,778.3002721692678,785.7903851855757,793.3712593326865,800.6897905778968,807.7303036343503,814.5766997430171,821.387783538675,828.3712853859599,835.4877423644734,842.800324645939,850.4526290156234,858.4243755288594,866.6384202815492,874.836309144871,882.8663516500078,890.746316207352
Eswatini,SZ,SWZ,AFZ,Rest of World,Secondary aluminium ingot production,kt,0.0,0.0,No 2019 secondary producer share; assigned zero,,0.0,0.0,No 2024 secondary production estimate; assigned zero share,0.0,0.0,,Existing values retained through 2024; 2025 extrapolated using a country-level OLS linear trend fitted over 2019-2024 and floored at zero; Zijie regional growth indexed to 2025 thereafter,0.0,0.0,0.0,0.0,0.0,0.0,0.0,0.0,0.0,0.0,0.0,0.0,0.0,0.0,0.0,0.0,0.0,0.0,0.0,0.0,0.0,0.0,0.0,0.0,0.0,0.0,0.0,0.0,0.0,0.0,0.0,0.0
Lesotho,LS,LSO,AFZ,Rest of World,Secondary aluminium ingot production,kt,0.0,0.0,No 2019 secondary producer share; assigned zero,,0.0,0.0,No 2024 secondary production estimate; assigned zero share,0.0,0.0,,Existing values retained through 2024; 2025 extrapolated using a country-level OLS linear trend fitted over 2019-2024 and floored at zero; Zijie regional growth indexed to 2025 thereafter,0.0,0.0,0.0,0.0,0.0,0.0,0.0,0.0,0.0,0.0,0.0,0.0,0.0,0.0,0.0,0.0,0.0,0.0,0.0,0.0,0.0,0.0,0.0,0.0,0.0,0.0,0.0,0.0,0.0,0.0,0.0,0.0
Nigeria,NG,NGA,NIG,Rest of World,Secondary aluminium ingot production,kt,0.0,0.0,No 2019 secondary producer share; assigned zero,,0.0,0.0,No 2024 secondary production estimate; assigned zero share,0.0,0.0,,Existing values retained through 2024; 2025 extrapolated using a country-level OLS linear trend fitted over 2019-2024 and floored at zero; Zijie regional growth indexed to 2025 thereafter,0.0,0.0,0.0,0.0,0.0,0.0,0.0,0.0,0.0,0.0,0.0,0.0,0.0,0.0,0.0,0.0,0.0,0.0,0.0,0.0,0.0,0.0,0.0,0.0,0.0,0.0,0.0,0.0,0.0,0.0,0.0,0.0
Russian Federation,RU,RUS,RUS,Other main producer,Secondary aluminium ingot production,kt,320.0,0.2496537820514366,OMNIA 2019 region total allocated using OMNIA primary-production shares; no secondary-country weights available,Russian Federation,300.0,0.4823151125401929,Zijie 2024 regional total allocated using country shares from secondary_aluminium_production_estimates_2024.xlsx,113.55103306974483,1001.306198418469,0.999256934182743,Existing values retained through 2024; 2025 extrapolated using a country-level OLS linear trend fitted over 2019-2024 and floored at zero; Zijie regional growth indexed to 2025 thereafter,320.0,433.5510330697448,547.1020661394896,660.6530992092344,774.2041322789793,887.7551653487241,1001.306198418469,1140.8678035905202,1154.288687107519,1167.2995371556872,1176.7167603176542,1184.8966755662188,1192.471977597983,1200.2394562395477,1209.0432444032579,1218.9747751782702,1230.0001349261277,1241.8372630245065,1253.8178270269,1265.3837929412896,1276.5103880602278,1287.3302071436092,1298.0942198097005,1309.1307162900066,1320.3773306839225,1331.9338950518004,1344.027345027057,1356.625630852588,1369.6068368412973,1382.5625105941679,1395.252925486677,1407.7061621298199
Kazakhstan,KZ,KAZ,ASC,Other main producer,Secondary aluminium ingot production,kt,6.341463414634147,0.0049474072662632,OMNIA 2019 region total allocated using OMNIA primary-production shares; no secondary-country weights available,Kazakhstan,30.0,0.0482315112540192,Zijie 2024 regional total allocated using country shares from secondary_aluminium_production_estimates_2024.xlsx,16.486810624047646,105.26232715892002,1.0504689822943096,Existing values retained through 2024; 2025 extrapolated using a country-level OLS linear trend fitted over 2019-2024 and floored at zero; Zijie regional growth indexed to 2025 thereafter,6.341463414634147,22.8282740386818,39.31508466272945,55.801895286777096,72.28870591082475,88.7755165348724,105.26232715892002,119.93374272155987,121.34461327620085,122.71237905708692,123.70236476472485,124.56227846184028,125.35863218665956,126.17518848008883,127.10068682553998,128.14473912770234,129.30378021489108,130.54815846050826,131.80761540740443,133.02348772489563,134.19317118178867,135.3306048039455,136.46217177575738,137.62238361208995,138.8046840968292,140.01956807662086,141.2908921628855,142.6152871244899,143.979936573239,145.34190194536282,146.67598197633396,147.98512864074934
Uzbekistan,UZ,UZB,ASC,Rest of World,Secondary aluminium ingot production,kt,0.0,0.0,No 2019 secondary producer share; assigned zero,,0.0,0.0,No 2024 secondary production estimate; assigned zero share,0.0,0.0,,Existing values retained through 2024; 2025 extrapolated using a country-level OLS linear trend fitted over 2019-2024 and floored at zero; Zijie regional growth indexed to 2025 thereafter,0.0,0.0,0.0,0.0,0.0,0.0,0.0,0.0,0.0,0.0,0.0,0.0,0.0,0.0,0.0,0.0,0.0,0.0,0.0,0.0,0.0,0.0,0.0,0.0,0.0,0.0,0.0,0.0,0.0,0.0,0.0,0.0
Turkmenistan,TM,TKM,ASC,Rest of World,Secondary aluminium ingot production,kt,0.0,0.0,No 2019 secondary producer share; assigned zero,,0.0,0.0,No 2024 secondary production estimate; assigned zero share,0.0,0.0,,Existing values retained through 2024; 2025 extrapolated using a country-level OLS linear trend fitted over 2019-2024 and floored at zero; Zijie regional growth indexed to 2025 thereafter,0.0,0.0,0.0,0.0,0.0,0.0,0.0,0.0,0.0,0.0,0.0,0.0,0.0,0.0,0.0,0.0,0.0,0.0,0.0,0.0,0.0,0.0,0.0,0.0,0.0,0.0,0.0,0.0,0.0,0.0,0.0,0.0
Azerbaijan,AZ,AZE,ASC,Other main producer,Secondary aluminium ingot production,kt,1.2195121951219512,0.0009514244742813,OMNIA 2019 region total allocated using OMNIA primary-production shares; no secondary-country weights available,Azerbaijan,5.0,0.0080385852090032,Zijie 2024 regional total allocated using country shares from secondary_aluminium_production_estimates_2024.xlsx,2.7152814454713563,17.51120086795009,1.0485217561303721,Existing values retained through 2024; 2025 extrapolated using a country-level OLS linear trend fitted over 2019-2024 and floored at zero; Zijie regional growth indexed to 2025 thereafter,1.2195121951219512,3.934793640593308,6.650075086064665,9.36535653153602,12.080637977007378,14.795919422478732,17.51120086795009,19.951904126834716,20.18661333712696,20.41415173548713,20.578843501769995,20.721896784798368,20.854376375679887,20.990216819836522,21.14418061550373,21.317866777241427,21.510682211212664,21.717694140388534,21.927214527946916,22.1294842758808,22.32407015022356,22.513291015552493,22.701535918299324,22.89454611543015,23.091230929772955,23.293336260099426,23.504830837919584,23.725154165620115,23.95217413806767,24.17874759364447,24.40068210741393,24.61846876314285
Mongolia,MN,MNG,ASC,Rest of World,Secondary aluminium ingot production,kt,0.0,0.0,No 2019 secondary producer share; assigned zero,,0.0,0.0,No 2024 secondary production estimate; assigned zero share,0.0,0.0,,Existing values retained through 2024; 2025 extrapolated using a country-level OLS linear trend fitted over 2019-2024 and floored at zero; Zijie regional growth indexed to 2025 thereafter,0.0,0.0,0.0,0.0,0.0,0.0,0.0,0.0,0.0,0.0,0.0,0.0,0.0,0.0,0.0,0.0,0.0,0.0,0.0,0.0,0.0,0.0,0.0,0.0,0.0,0.0,0.0,0.0,0.0,0.0,0.0,0.0
Georgia,GE,GEO,ASC,Rest of World,Secondary aluminium ingot production,kt,0.0,0.0,No 2019 secondary producer share; assigned zero,,0.0,0.0,No 2024 secondary production estimate; assigned zero share,0.0,0.0,,Existing values retained through 2024; 2025 extrapolated using a country-level OLS linear trend fitted over 2019-2024 and floored at zero; Zijie regional growth indexed to 2025 thereafter,0.0,0.0,0.0,0.0,0.0,0.0,0.0,0.0,0.0,0.0,0.0,0.0,0.0,0.0,0.0,0.0,0.0,0.0,0.0,0.0,0.0,0.0,0.0,0.0,0.0,0.0,0.0,0.0,0.0,0.0,0.0,0.0
Kyrgyzstan,KG,KGZ,ASC,Rest of World,Secondary aluminium ingot production,kt,0.0,0.0,No 2019 secondary producer share; assigned zero,,0.0,0.0,No 2024 secondary production estimate; assigned zero share,0.0,0.0,,Existing values retained through 2024; 2025 extrapolated using a country-level OLS linear trend fitted over 2019-2024 and floored at zero; Zijie regional growth indexed to 2025 thereafter,0.0,0.0,0.0,0.0,0.0,0.0,0.0,0.0,0.0,0.0,0.0,0.0,0.0,0.0,0.0,0.0,0.0,0.0,0.0,0.0,0.0,0.0,0.0,0.0,0.0,0.0,0.0,0.0,0.0,0.0,0.0,0.0
Armenia,AM,ARM,ASC,Rest of World,Secondary aluminium ingot production,kt,0.0,0.0,No 2019 secondary producer share; assigned zero,,0.0,0.0,No 2024 secondary production estimate; assigned zero share,0.0,0.0,,Existing values retained through 2024; 2025 extrapolated using a country-level OLS linear trend fitted over 2019-2024 and floored at zero; Zijie regional growth indexed to 2025 thereafter,0.0,0.0,0.0,0.0,0.0,0.0,0.0,0.0,0.0,0.0,0.0,0.0,0.0,0.0,0.0,0.0,0.0,0.0,0.0,0.0,0.0,0.0,0.0,0.0,0.0,0.0,0.0,0.0,0.0,0.0,0.0,0.0
Tajikistan,TJ,TJK,ASC,Rest of World,Secondary aluminium ingot production,kt,2.4390243902439024,0.0864139071117904,OMNIA 2019 region total allocated using OMNIA primary-production shares; no secondary-country weights available,Tajikistan,2.0,0.3333333333333333,Zijie 2024 regional total allocated using country shares from secondary_aluminium_production_estimates_2024.xlsx,15.130986503420209,93.22494341076515,0.8628854856996506,Existing values retained through 2024; 2025 extrapolated using a country-level OLS linear trend fitted over 2019-2024 and floored at zero; Zijie regional growth indexed to 2025 thereafter,2.4390243902439024,17.57001089366411,32.70099739708432,47.831983900504525,62.96297040392474,78.09395690734495,93.22494341076515,99.91780874332166,106.70188022276926,113.58339028178267,120.70693651064016,128.05942057689646,135.6371952724491,143.42175848961008,151.3682933450264,159.38830921175037,167.36432868978144,175.2202267894373,182.88613151089413,190.36048620920178,197.76508650276466,205.17451441535343,212.5417594650547,219.9408053403712,227.48381196747818,235.07308620493006,242.58565108503802,250.0301379655231,257.32184106317874,264.41742335776553,271.31325526577126,277.8031017871261
Afghanistan,AF,AFG,ASC,Rest of World,Secondary aluminium ingot production,kt,0.0,0.0,No 2019 secondary producer share; assigned zero,,0.0,0.0,No 2024 secondary production estimate; assigned zero share,0.0,0.0,,Existing values retained through 2024; 2025 extrapolated using a country-level OLS linear trend fitted over 2019-2024 and floored at zero; Zijie regional growth indexed to 2025 thereafter,0.0,0.0,0.0,0.0,0.0,0.0,0.0,0.0,0.0,0.0,0.0,0.0,0.0,0.0,0.0,0.0,0.0,0.0,0.0,0.0,0.0,0.0,0.0,0.0,0.0,0.0,0.0,0.0,0.0,0.0,0.0,0.0
Thailand,TH,THA,ASE,Other Asia,Secondary aluminium ingot production,kt,290.0,0.0779569892473118,OMNIA 2019 region total allocated using INF_Data secondary-country weights,Thailand,571.0,0.1196814085097463,Zijie 2024 regional total allocated using country shares from secondary_aluminium_production_estimates_2024.xlsx,55.670121474028825,624.0207288441729,1.0313430455193322,Existing values retained through 2024; 2025 extrapolated using a country-level OLS linear trend fitted over 2019-2024 and floored at zero; Zijie regional growth indexed to 2025 thereafter,290.0,345.6701214740288,401.3402429480576,457.01036442208647,512.6804858961152,568.3506073701441,624.0207288441729,667.5936923701076,717.7799585233395,769.6668781449046,823.4370023433435,878.9784223015338,936.129907085401,994.3716088872425,1053.016886067319,1111.4965003213067,1169.3299328316548,1226.2005634438306,1282.0230374220932,1336.8044813901147,1390.768989186433,1444.255797681735,1497.4401238465186,1550.613937544358,1603.8196035807991,1656.8929521375026,1709.8025700689295,1762.3805833221552,1814.271349467141,1865.093640390358,1914.721757606025,1963.1163915419834
Malaysia,MY,MYS,ASE,Other Asia,Secondary aluminium ingot production,kt,0.0,0.0,No 2019 secondary producer share; assigned zero,Malaysia,650.0,0.1362397820163488,Zijie 2024 regional total allocated using country shares from secondary_aluminium_production_estimates_2024.xlsx,129.39681078479637,776.3808647087783,1.1272018750023167,Existing values retained through 2024; 2025 extrapolated using a country-level OLS linear trend fitted over 2019-2024 and floored at zero; Zijie regional growth indexed to 2025 thereafter,0.0,129.39681078479637,258.79362156959274,388.1904323543891,517.5872431391855,646.9840539239818,776.3808647087783,830.5925495719536,893.0322329214482,957.5877992044476,1024.4863709842755,1093.588715924264,1164.6942371432067,1237.1561614302059,1310.1201975648512,1382.8781227165402,1454.8320951825303,1525.588189219657,1595.0402099845785,1663.1970241286622,1730.3374399672382,1796.8835220293056,1863.0532680459953,1929.2099348847034,1995.4062310899437,2061.4379033418654,2127.26586869984,2192.681265188059,2257.2416171569203,2320.472616304228,2382.217873756068,2442.4284821633514
Singapore,SG,SGP,ASE,Other Asia,Secondary aluminium ingot production,kt,0.0,0.0,No 2019 secondary producer share; assigned zero,,0.0,0.0,No 2024 secondary production estimate; assigned zero share,0.0,0.0,,Existing values retained through 2024; 2025 extrapolated using a country-level OLS linear trend fitted over 2019-2024 and floored at zero; Zijie regional growth indexed to 2025 thereafter,0.0,0.0,0.0,0.0,0.0,0.0,0.0,0.0,0.0,0.0,0.0,0.0,0.0,0.0,0.0,0.0,0.0,0.0,0.0,0.0,0.0,0.0,0.0,0.0,0.0,0.0,0.0,0.0,0.0,0.0,0.0,0.0
Myanmar,MM,MMR,ASE,Rest of World,Secondary aluminium ingot production,kt,0.0,0.0,No 2019 secondary producer share; assigned zero,,0.0,0.0,No 2024 secondary production estimate; assigned zero share,0.0,0.0,,Existing values retained through 2024; 2025 extrapolated using a country-level OLS linear trend fitted over 2019-2024 and floored at zero; Zijie regional growth indexed to 2025 thereafter,0.0,0.0,0.0,0.0,0.0,0.0,0.0,0.0,0.0,0.0,0.0,0.0,0.0,0.0,0.0,0.0,0.0,0.0,0.0,0.0,0.0,0.0,0.0,0.0,0.0,0.0,0.0,0.0,0.0,0.0,0.0,0.0
Cambodia,KH,KHM,ASE,Rest of World,Secondary aluminium ingot production,kt,0.0,0.0,No 2019 secondary producer share; assigned zero,,0.0,0.0,No 2024 secondary production estimate; assigned zero share,0.0,0.0,,Existing values retained through 2024; 2025 extrapolated using a country-level OLS linear trend fitted over 2019-2024 and floored at zero; Zijie regional growth indexed to 2025 thereafter,0.0,0.0,0.0,0.0,0.0,0.0,0.0,0.0,0.0,0.0,0.0,0.0,0.0,0.0,0.0,0.0,0.0,0.0,0.0,0.0,0.0,0.0,0.0,0.0,0.0,0.0,0.0,0.0,0.0,0.0,0.0,0.0
Brunei Darussalam,BN,BRN,ASE,Rest of World,Secondary aluminium ingot production,kt,0.0,0.0,No 2019 secondary producer share; assigned zero,,0.0,0.0,No 2024 secondary production estimate; assigned zero share,0.0,0.0,,Existing values retained through 2024; 2025 extrapolated using a country-level OLS linear trend fitted over 2019-2024 and floored at zero; Zijie regional growth indexed to 2025 thereafter,0.0,0.0,0.0,0.0,0.0,0.0,0.0,0.0,0.0,0.0,0.0,0.0,0.0,0.0,0.0,0.0,0.0,0.0,0.0,0.0,0.0,0.0,0.0,0.0,0.0,0.0,0.0,0.0,0.0,0.0,0.0,0.0
Lao People's Democratic Republic,LA,LAO,ASE,Rest of World,Secondary aluminium ingot production,kt,0.0,0.0,No 2019 secondary producer share; assigned zero,,0.0,0.0,No 2024 secondary production estimate; assigned zero share,0.0,0.0,,Existing values retained through 2024; 2025 extrapolated using a country-level OLS linear trend fitted over 2019-2024 and floored at zero; Zijie regional growth indexed to 2025 thereafter,0.0,0.0,0.0,0.0,0.0,0.0,0.0,0.0,0.0,0.0,0.0,0.0,0.0,0.0,0.0,0.0,0.0,0.0,0.0,0.0,0.0,0.0,0.0,0.0,0.0,0.0,0.0,0.0,0.0,0.0,0.0,0.0
Democratic People's Republic of Korea,KP,PRK,ASE,Rest of World,Secondary aluminium ingot production,kt,0.0,0.0,No 2019 secondary producer share; assigned zero,,0.0,0.0,No 2024 secondary production estimate; assigned zero share,0.0,0.0,,Existing values retained through 2024; 2025 extrapolated using a country-level OLS linear trend fitted over 2019-2024 and floored at zero; Zijie regional growth indexed to 2025 thereafter,0.0,0.0,0.0,0.0,0.0,0.0,0.0,0.0,0.0,0.0,0.0,0.0,0.0,0.0,0.0,0.0,0.0,0.0,0.0,0.0,0.0,0.0,0.0,0.0,0.0,0.0,0.0,0.0,0.0,0.0,0.0,0.0
Cook Islands,CK,COK,ASE,Rest of World,Secondary aluminium ingot production,kt,0.0,0.0,No 2019 secondary producer share; assigned zero,,0.0,0.0,No 2024 secondary production estimate; assigned zero share,0.0,0.0,,Existing values retained through 2024; 2025 extrapolated using a country-level OLS linear trend fitted over 2019-2024 and floored at zero; Zijie regional growth indexed to 2025 thereafter,0.0,0.0,0.0,0.0,0.0,0.0,0.0,0.0,0.0,0.0,0.0,0.0,0.0,0.0,0.0,0.0,0.0,0.0,0.0,0.0,0.0,0.0,0.0,0.0,0.0,0.0,0.0,0.0,0.0,0.0,0.0,0.0
Timor-Leste,TL,TLS,ASE,Rest of World,Secondary aluminium ingot production,kt,0.0,0.0,No 2019 secondary producer share; assigned zero,,0.0,0.0,No 2024 secondary production estimate; assigned zero share,0.0,0.0,,Existing values retained through 2024; 2025 extrapolated using a country-level OLS linear trend fitted over 2019-2024 and floored at zero; Zijie regional growth indexed to 2025 thereafter,0.0,0.0,0.0,0.0,0.0,0.0,0.0,0.0,0.0,0.0,0.0,0.0,0.0,0.0,0.0,0.0,0.0,0.0,0.0,0.0,0.0,0.0,0.0,0.0,0.0,0.0,0.0,0.0,0.0,0.0,0.0,0.0
Fiji,FJ,FJI,ASE,Other main producer,Secondary aluminium ingot production,kt,0.0,0.0,No 2019 secondary producer share; assigned zero,,0.0,0.0,No 2024 secondary production estimate; assigned zero share,0.0,0.0,,Existing values retained through 2024; 2025 extrapolated using a country-level OLS linear trend fitted over 2019-2024 and floored at zero; Zijie regional growth indexed to 2025 thereafter,0.0,0.0,0.0,0.0,0.0,0.0,0.0,0.0,0.0,0.0,0.0,0.0,0.0,0.0,0.0,0.0,0.0,0.0,0.0,0.0,0.0,0.0,0.0,0.0,0.0,0.0,0.0,0.0,0.0,0.0,0.0,0.0
French Polynesia,PF,PYF,ASE,Rest of World,Secondary aluminium ingot production,kt,0.0,0.0,No 2019 secondary producer share; assigned zero,,0.0,0.0,No 2024 secondary production estimate; assigned zero share,0.0,0.0,,Existing values retained through 2024; 2025 extrapolated using a country-level OLS linear trend fitted over 2019-2024 and floored at zero; Zijie regional growth indexed to 2025 thereafter,0.0,0.0,0.0,0.0,0.0,0.0,0.0,0.0,0.0,0.0,0.0,0.0,0.0,0.0,0.0,0.0,0.0,0.0,0.0,0.0,0.0,0.0,0.0,0.0,0.0,0.0,0.0,0.0,0.0,0.0,0.0,0.0
Kiribati,KI,KIR,ASE,Rest of World,Secondary aluminium ingot production,kt,0.0,0.0,No 2019 secondary producer share; assigned zero,,0.0,0.0,No 2024 secondary production estimate; assigned zero share,0.0,0.0,,Existing values retained through 2024; 2025 extrapolated using a country-level OLS linear trend fitted over 2019-2024 and floored at zero; Zijie regional growth indexed to 2025 thereafter,0.0,0.0,0.0,0.0,0.0,0.0,0.0,0.0,0.0,0.0,0.0,0.0,0.0,0.0,0.0,0.0,0.0,0.0,0.0,0.0,0.0,0.0,0.0,0.0,0.0,0.0,0.0,0.0,0.0,0.0,0.0,0.0
New Caledonia,NC,NCL,ASE,Rest of World,Secondary aluminium ingot production,kt,0.0,0.0,No 2019 secondary producer share; assigned zero,,0.0,0.0,No 2024 secondary production estimate; assigned zero share,0.0,0.0,,Existing values retained through 2024; 2025 extrapolated using a country-level OLS linear trend fitted over 2019-2024 and floored at zero; Zijie regional growth indexed to 2025 thereafter,0.0,0.0,0.0,0.0,0.0,0.0,0.0,0.0,0.0,0.0,0.0,0.0,0.0,0.0,0.0,0.0,0.0,0.0,0.0,0.0,0.0,0.0,0.0,0.0,0.0,0.0,0.0,0.0,0.0,0.0,0.0,0.0
Palau,PW,PLW,ASE,Rest of World,Secondary aluminium ingot production,kt,0.0,0.0,No 2019 secondary producer share; assigned zero,,0.0,0.0,No 2024 secondary production estimate; assigned zero share,0.0,0.0,,Existing values retained through 2024; 2025 extrapolated using a country-level OLS linear trend fitted over 2019-2024 and floored at zero; Zijie regional growth indexed to 2025 thereafter,0.0,0.0,0.0,0.0,0.0,0.0,0.0,0.0,0.0,0.0,0.0,0.0,0.0,0.0,0.0,0.0,0.0,0.0,0.0,0.0,0.0,0.0,0.0,0.0,0.0,0.0,0.0,0.0,0.0,0.0,0.0,0.0
Papua New Guinea,PG,PNG,ASE,Rest of World,Secondary aluminium ingot production,kt,0.0,0.0,No 2019 secondary producer share; assigned zero,,0.0,0.0,No 2024 secondary production estimate; assigned zero share,0.0,0.0,,Existing values retained through 2024; 2025 extrapolated using a country-level OLS linear trend fitted over 2019-2024 and floored at zero; Zijie regional growth indexed to 2025 thereafter,0.0,0.0,0.0,0.0,0.0,0.0,0.0,0.0,0.0,0.0,0.0,0.0,0.0,0.0,0.0,0.0,0.0,0.0,0.0,0.0,0.0,0.0,0.0,0.0,0.0,0.0,0.0,0.0,0.0,0.0,0.0,0.0
American Samoa,AS,ASM,ASE,Rest of World,Secondary aluminium ingot production,kt,0.0,0.0,No 2019 secondary producer share; assigned zero,,0.0,0.0,No 2024 secondary production estimate; assigned zero share,0.0,0.0,,Existing values retained through 2024; 2025 extrapolated using a country-level OLS linear trend fitted over 2019-2024 and floored at zero; Zijie regional growth indexed to 2025 thereafter,0.0,0.0,0.0,0.0,0.0,0.0,0.0,0.0,0.0,0.0,0.0,0.0,0.0,0.0,0.0,0.0,0.0,0.0,0.0,0.0,0.0,0.0,0.0,0.0,0.0,0.0,0.0,0.0,0.0,0.0,0.0,0.0
Solomon Islands,SB,SLB,ASE,Rest of World,Secondary aluminium ingot production,kt,0.0,0.0,No 2019 secondary producer share; assigned zero,,0.0,0.0,No 2024 secondary production estimate; assigned zero share,0.0,0.0,,Existing values retained through 2024; 2025 extrapolated using a country-level OLS linear trend fitted over 2019-2024 and floored at zero; Zijie regional growth indexed to 2025 thereafter,0.0,0.0,0.0,0.0,0.0,0.0,0.0,0.0,0.0,0.0,0.0,0.0,0.0,0.0,0.0,0.0,0.0,0.0,0.0,0.0,0.0,0.0,0.0,0.0,0.0,0.0,0.0,0.0,0.0,0.0,0.0,0.0
Tonga,TO,TON,ASE,Rest of World,Secondary aluminium ingot production,kt,0.0,0.0,No 2019 secondary producer share; assigned zero,,0.0,0.0,No 2024 secondary production estimate; assigned zero share,0.0,0.0,,Existing values retained through 2024; 2025 extrapolated using a country-level OLS linear trend fitted over 2019-2024 and floored at zero; Zijie regional growth indexed to 2025 thereafter,0.0,0.0,0.0,0.0,0.0,0.0,0.0,0.0,0.0,0.0,0.0,0.0,0.0,0.0,0.0,0.0,0.0,0.0,0.0,0.0,0.0,0.0,0.0,0.0,0.0,0.0,0.0,0.0,0.0,0.0,0.0,0.0
Vanuatu,VU,VUT,ASE,Rest of World,Secondary aluminium ingot production,kt,0.0,0.0,No 2019 secondary producer share; assigned zero,,0.0,0.0,No 2024 secondary production estimate; assigned zero share,0.0,0.0,,Existing values retained through 2024; 2025 extrapolated using a country-level OLS linear trend fitted over 2019-2024 and floored at zero; Zijie regional growth indexed to 2025 thereafter,0.0,0.0,0.0,0.0,0.0,0.0,0.0,0.0,0.0,0.0,0.0,0.0,0.0,0.0,0.0,0.0,0.0,0.0,0.0,0.0,0.0,0.0,0.0,0.0,0.0,0.0,0.0,0.0,0.0,0.0,0.0,0.0
Niue,NU,NIU,ASE,Rest of World,Secondary aluminium ingot production,kt,0.0,0.0,No 2019 secondary producer share; assigned zero,,0.0,0.0,No 2024 secondary production estimate; assigned zero share,0.0,0.0,,Existing values retained through 2024; 2025 extrapolated using a country-level OLS linear trend fitted over 2019-2024 and floored at zero; Zijie regional growth indexed to 2025 thereafter,0.0,0.0,0.0,0.0,0.0,0.0,0.0,0.0,0.0,0.0,0.0,0.0,0.0,0.0,0.0,0.0,0.0,0.0,0.0,0.0,0.0,0.0,0.0,0.0,0.0,0.0,0.0,0.0,0.0,0.0,0.0,0.0
Samoa,WS,WSM,ASE,Rest of World,Secondary aluminium ingot production,kt,0.0,0.0,No 2019 secondary producer share; assigned zero,,0.0,0.0,No 2024 secondary production estimate; assigned zero share,0.0,0.0,,Existing values retained through 2024; 2025 extrapolated using a country-level OLS linear trend fitted over 2019-2024 and floored at zero; Zijie regional growth indexed to 2025 thereafter,0.0,0.0,0.0,0.0,0.0,0.0,0.0,0.0,0.0,0.0,0.0,0.0,0.0,0.0,0.0,0.0,0.0,0.0,0.0,0.0,0.0,0.0,0.0,0.0,0.0,0.0,0.0,0.0,0.0,0.0,0.0,0.0
Wallis and Futuna Islands,WF,WLF,ASE,Rest of World,Secondary aluminium ingot production,kt,0.0,0.0,No 2019 secondary producer share; assigned zero,,0.0,0.0,No 2024 secondary production estimate; assigned zero share,0.0,0.0,,Existing values retained through 2024; 2025 extrapolated using a country-level OLS linear trend fitted over 2019-2024 and floored at zero; Zijie regional growth indexed to 2025 thereafter,0.0,0.0,0.0,0.0,0.0,0.0,0.0,0.0,0.0,0.0,0.0,0.0,0.0,0.0,0.0,0.0,0.0,0.0,0.0,0.0,0.0,0.0,0.0,0.0,0.0,0.0,0.0,0.0,0.0,0.0,0.0,0.0
Micronesia (Federated States of),FM,FSM,ASE,Rest of World,Secondary aluminium ingot production,kt,0.0,0.0,No 2019 secondary producer share; assigned zero,,0.0,0.0,No 2024 secondary production estimate; assigned zero share,0.0,0.0,,Existing values retained through 2024; 2025 extrapolated using a country-level OLS linear trend fitted over 2019-2024 and floored at zero; Zijie regional growth indexed to 2025 thereafter,0.0,0.0,0.0,0.0,0.0,0.0,0.0,0.0,0.0,0.0,0.0,0.0,0.0,0.0,0.0,0.0,0.0,0.0,0.0,0.0,0.0,0.0,0.0,0.0,0.0,0.0,0.0,0.0,0.0,0.0,0.0,0.0
Nauru,NR,NRU,ASE,Rest of World,Secondary aluminium ingot production,kt,0.0,0.0,No 2019 secondary producer share; assigned zero,,0.0,0.0,No 2024 secondary production estimate; assigned zero share,0.0,0.0,,Existing values retained through 2024; 2025 extrapolated using a country-level OLS linear trend fitted over 2019-2024 and floored at zero; Zijie regional growth indexed to 2025 thereafter,0.0,0.0,0.0,0.0,0.0,0.0,0.0,0.0,0.0,0.0,0.0,0.0,0.0,0.0,0.0,0.0,0.0,0.0,0.0,0.0,0.0,0.0,0.0,0.0,0.0,0.0,0.0,0.0,0.0,0.0,0.0,0.0
Tuvalu,TV,TUV,ASE,Rest of World,Secondary aluminium ingot production,kt,0.0,0.0,No 2019 secondary producer share; assigned zero,,0.0,0.0,No 2024 secondary production estimate; assigned zero share,0.0,0.0,,Existing values retained through 2024; 2025 extrapolated using a country-level OLS linear trend fitted over 2019-2024 and floored at zero; Zijie regional growth indexed to 2025 thereafter,0.0,0.0,0.0,0.0,0.0,0.0,0.0,0.0,0.0,0.0,0.0,0.0,0.0,0.0,0.0,0.0,0.0,0.0,0.0,0.0,0.0,0.0,0.0,0.0,0.0,0.0,0.0,0.0,0.0,0.0,0.0,0.0
Northern Mariana Islands,MP,MNP,ASE,Rest of World,Secondary aluminium ingot production,kt,0.0,0.0,No 2019 secondary producer share; assigned zero,,0.0,0.0,No 2024 secondary production estimate; assigned zero share,0.0,0.0,,Existing values retained through 2024; 2025 extrapolated using a country-level OLS linear trend fitted over 2019-2024 and floored at zero; Zijie regional growth indexed to 2025 thereafter,0.0,0.0,0.0,0.0,0.0,0.0,0.0,0.0,0.0,0.0,0.0,0.0,0.0,0.0,0.0,0.0,0.0,0.0,0.0,0.0,0.0,0.0,0.0,0.0,0.0,0.0,0.0,0.0,0.0,0.0,0.0,0.0
China,CN,CHN,CHN,China,Secondary aluminium ingot production,kt,10610.0,1.0,OMNIA 2019 region total allocated using INF_Data secondary-country weights,China,15840.0,1.0,Zijie 2024 regional total allocated using country shares from secondary_aluminium_production_estimates_2024.xlsx,2057.9727427157222,22957.83645629433,1.1136412043138377,Existing values retained through 2024; 2025 extrapolated using a country-level OLS linear trend fitted over 2019-2024 and floored at zero; Zijie regional growth indexed to 2025 thereafter,10610.0,12667.972742715723,14725.945485431446,16783.918228147166,18841.890970862893,20899.86371357861,22957.83645629433,24152.542587306834,25858.328146682717,27589.49610742999,29308.890607341906,30991.969890762575,32593.277951599426,34062.912392684004,35364.445682748585,36482.35924323413,37421.537479789054,38201.56736526524,38843.2251903119,39364.80904531542,39775.20335175104,40067.06909979631,40232.798221430676,40269.724832328575,40178.64463724109,39970.65036706228,39659.15933388785,39260.545436649525,38797.37999817284,38296.518030522515,37775.84022370426,37248.27043956628
"China, Hong Kong Special Administrative Region",HK,HKG,CHN,Rest of World,Secondary aluminium ingot production,kt,0.0,0.0,No 2019 secondary producer share; assigned zero,,0.0,0.0,No 2024 secondary production estimate; assigned zero share,0.0,0.0,,Existing values retained through 2024; 2025 extrapolated using a country-level OLS linear trend fitted over 2019-2024 and floored at zero; Zijie regional growth indexed to 2025 thereafter,0.0,0.0,0.0,0.0,0.0,0.0,0.0,0.0,0.0,0.0,0.0,0.0,0.0,0.0,0.0,0.0,0.0,0.0,0.0,0.0,0.0,0.0,0.0,0.0,0.0,0.0,0.0,0.0,0.0,0.0,0.0,0.0
"China, Macao Special Administrative Region",MO,MAC,CHN,Rest of World,Secondary aluminium ingot production,kt,0.0,0.0,No 2019 secondary producer share; assigned zero,,0.0,0.0,No 2024 secondary production estimate; assigned zero share,0.0,0.0,,Existing values retained through 2024; 2025 extrapolated using a country-level OLS linear trend fitted over 2019-2024 and floored at zero; Zijie regional growth indexed to 2025 thereafter,0.0,0.0,0.0,0.0,0.0,0.0,0.0,0.0,0.0,0.0,0.0,0.0,0.0,0.0,0.0,0.0,0.0,0.0,0.0,0.0,0.0,0.0,0.0,0.0,0.0,0.0,0.0,0.0,0.0,0.0,0.0,0.0
Indonesia,ID,IDN,IDN,Other Asia,Secondary aluminium ingot production,kt,40.0,0.010752688172043,OMNIA 2019 region total allocated using OMNIA primary-production shares; no secondary-country weights available,Indonesia,300.0,0.0628798993921609,Zijie 2024 regional total allocated using country shares from secondary_aluminium_production_estimates_2024.xlsx,51.72160497759833,350.32962986559,1.1020361776989678,Existing values retained through 2024; 2025 extrapolated using a country-level OLS linear trend fitted over 2019-2024 and floored at zero; Zijie regional growth indexed to 2025 thereafter,40.0,91.72160497759832,143.44320995519666,195.16481493279497,246.88641991039333,298.60802488799163,350.32962986559,374.79179831384266,402.9667214103286,432.0964033354105,462.28332956646176,493.464673705786,525.5499195720348,558.2472209465799,591.1710923793695,624.0019594792955,656.4700555996508,688.3976279568848,719.7367578015119,750.4914460702279,780.7875006214603,810.8153714224156,840.6734265137429,870.5255798321267,900.3956152776211,930.1913667585633,959.8951987139201,989.4128654686574,1018.5447068590646,1047.0766987386132,1074.9382730925515,1102.1073612503565
Philippines,PH,PHL,IDN,Rest of World,Secondary aluminium ingot production,kt,0.0,0.0,No 2019 secondary producer share; assigned zero,,0.0,0.0,No 2024 secondary production estimate; assigned zero share,0.0,0.0,,Existing values retained through 2024; 2025 extrapolated using a country-level OLS linear trend fitted over 2019-2024 and floored at zero; Zijie regional growth indexed to 2025 thereafter,0.0,0.0,0.0,0.0,0.0,0.0,0.0,0.0,0.0,0.0,0.0,0.0,0.0,0.0,0.0,0.0,0.0,0.0,0.0,0.0,0.0,0.0,0.0,0.0,0.0,0.0,0.0,0.0,0.0,0.0,0.0,0.0
Viet Nam,VN,VNM,IDN,Other Asia,Secondary aluminium ingot production,kt,0.0,0.0,No 2019 secondary producer share; assigned zero,Vietnam,300.0,0.0628798993921609,Zijie 2024 regional total allocated using country shares from secondary_aluminium_production_estimates_2024.xlsx,59.721604977598325,358.32962986558994,1.1272018750023167,Existing values retained through 2024; 2025 extrapolated using a country-level OLS linear trend fitted over 2019-2024 and floored at zero; Zijie regional growth indexed to 2025 thereafter,0.0,59.72160497759833,119.44320995519666,179.16481493279497,238.88641991039333,298.60802488799163,358.32962986558994,383.35040749474774,412.1687228868222,441.9635996328219,472.839863531204,504.7332535035065,537.5511863737877,570.9951514293257,604.6708604145466,638.2514412537877,671.4609670073216,704.1176257936877,736.1724046082669,767.6293957516901,798.617279984879,829.3308563212179,859.8707390981516,890.4045853314014,920.9567220415124,951.4328784654763,981.8150163230031,1012.0067377791041,1041.803823303194,1070.987361371182,1099.4851725028004,1127.2746840753928
India,IN,IND,IND,Other Asia,Secondary aluminium ingot production,kt,1390.0,0.3736559139784946,OMNIA 2019 region total allocated using INF_Data secondary-country weights,India,1700.0,0.3563194298889122,Zijie 2024 regional total allocated using country shares from secondary_aluminium_production_estimates_2024.xlsx,60.4224282063905,1752.534569238343,0.9728769371273674,Existing values retained through 2024; 2025 extrapolated using a country-level OLS linear trend fitted over 2019-2024 and floored at zero; Zijie regional growth indexed to 2025 thereafter,1390.0,1450.4224282063906,1510.844856412781,1571.2672846191715,1631.689712825562,1692.1121410319524,1752.534569238343,1874.9073067671168,2015.853211717172,2161.575326584275,2312.586338068695,2468.5719552157493,2629.079368090551,2792.6486071574263,2957.351269793356,3121.588675441189,3284.0113082915914,3443.7299546686586,3600.504899578771,3754.3561578287595,3905.9130870355075,4056.1284189201883,4205.494242581322,4354.830542444804,4504.256298190009,4653.310446155798,4801.904763914709,4949.5677846268945,5095.300702284601,5238.032854621591,5377.411223009715,5513.3254082572075
Bangladesh,BD,BGD,ASO,Rest of World,Secondary aluminium ingot production,kt,0.0,0.0,No 2019 secondary producer share; assigned zero,,0.0,0.0,No 2024 secondary production estimate; assigned zero share,0.0,0.0,,Existing values retained through 2024; 2025 extrapolated using a country-level OLS linear trend fitted over 2019-2024 and floored at zero; Zijie regional growth indexed to 2025 thereafter,0.0,0.0,0.0,0.0,0.0,0.0,0.0,0.0,0.0,0.0,0.0,0.0,0.0,0.0,0.0,0.0,0.0,0.0,0.0,0.0,0.0,0.0,0.0,0.0,0.0,0.0,0.0,0.0,0.0,0.0,0.0,0.0
Nepal,NP,NPL,ASO,Rest of World,Secondary aluminium ingot production,kt,0.0,0.0,No 2019 secondary producer share; assigned zero,,0.0,0.0,No 2024 secondary production estimate; assigned zero share,0.0,0.0,,Existing values retained through 2024; 2025 extrapolated using a country-level OLS linear trend fitted over 2019-2024 and floored at zero; Zijie regional growth indexed to 2025 thereafter,0.0,0.0,0.0,0.0,0.0,0.0,0.0,0.0,0.0,0.0,0.0,0.0,0.0,0.0,0.0,0.0,0.0,0.0,0.0,0.0,0.0,0.0,0.0,0.0,0.0,0.0,0.0,0.0,0.0,0.0,0.0,0.0
Sri Lanka,LK,LKA,ASO,Rest of World,Secondary aluminium ingot production,kt,0.0,0.0,No 2019 secondary producer share; assigned zero,,0.0,0.0,No 2024 secondary production estimate; assigned zero share,0.0,0.0,,Existing values retained through 2024; 2025 extrapolated using a country-level OLS linear trend fitted over 2019-2024 and floored at zero; Zijie regional growth indexed to 2025 thereafter,0.0,0.0,0.0,0.0,0.0,0.0,0.0,0.0,0.0,0.0,0.0,0.0,0.0,0.0,0.0,0.0,0.0,0.0,0.0,0.0,0.0,0.0,0.0,0.0,0.0,0.0,0.0,0.0,0.0,0.0,0.0,0.0
Pakistan,PK,PAK,ASO,Other Asia,Secondary aluminium ingot production,kt,0.0,0.0,No 2019 secondary producer share; assigned zero,,0.0,0.0,No 2024 secondary production estimate; assigned zero share,0.0,0.0,,Existing values retained through 2024; 2025 extrapolated using a country-level OLS linear trend fitted over 2019-2024 and floored at zero; Zijie regional growth indexed to 2025 thereafter,0.0,0.0,0.0,0.0,0.0,0.0,0.0,0.0,0.0,0.0,0.0,0.0,0.0,0.0,0.0,0.0,0.0,0.0,0.0,0.0,0.0,0.0,0.0,0.0,0.0,0.0,0.0,0.0,0.0,0.0,0.0,0.0
Bhutan,BT,BTN,ASO,Rest of World,Secondary aluminium ingot production,kt,0.0,0.0,No 2019 secondary producer share; assigned zero,,0.0,0.0,No 2024 secondary production estimate; assigned zero share,0.0,0.0,,Existing values retained through 2024; 2025 extrapolated using a country-level OLS linear trend fitted over 2019-2024 and floored at zero; Zijie regional growth indexed to 2025 thereafter,0.0,0.0,0.0,0.0,0.0,0.0,0.0,0.0,0.0,0.0,0.0,0.0,0.0,0.0,0.0,0.0,0.0,0.0,0.0,0.0,0.0,0.0,0.0,0.0,0.0,0.0,0.0,0.0,0.0,0.0,0.0,0.0
Maldives,MV,MDV,ASO,Rest of World,Secondary aluminium ingot production,kt,0.0,0.0,No 2019 secondary producer share; assigned zero,,0.0,0.0,No 2024 secondary production estimate; assigned zero share,0.0,0.0,,Existing values retained through 2024; 2025 extrapolated using a country-level OLS linear trend fitted over 2019-2024 and floored at zero; Zijie regional growth indexed to 2025 thereafter,0.0,0.0,0.0,0.0,0.0,0.0,0.0,0.0,0.0,0.0,0.0,0.0,0.0,0.0,0.0,0.0,0.0,0.0,0.0,0.0,0.0,0.0,0.0,0.0,0.0,0.0,0.0,0.0,0.0,0.0,0.0,0.0
Japan,JP,JPN,JPN,Japan,Secondary aluminium ingot production,kt,1320.0,1.0,OMNIA 2019 region total allocated using INF_Data secondary-country weights,Japan,695.0,1.0,Zijie 2024 regional total allocated using country shares from secondary_aluminium_production_estimates_2024.xlsx,134.4797756674737,2126.8786540048427,0.8139667063566653,Existing values retained through 2024; 2025 extrapolated using a country-level OLS linear trend fitted over 2019-2024 and floored at zero; Zijie regional growth indexed to 2025 thereafter,1320.0,1454.479775667474,1588.9595513349475,1723.4393270024214,1857.919102669895,1992.3988783373688,2126.8786540048427,1952.7656767606063,1798.4933010660002,1662.3930536335383,1542.122379684381,1435.2662211040815,1340.4706031691026,1257.6815882525736,1186.4882654711885,1125.9380955351944,1075.676039995893,1037.0610953833511,1009.0007976410178,990.7147928015064,980.7940159107294,977.3740665244909,978.7757585336884,985.6429371522735,995.9797817634665,1005.9355979793769,1014.2014549883114,1020.1168408321265,1023.1299551086773,1021.7508881896424,1014.7053940066351,1002.0831035658018
"Taiwan, Province of China",TW,TWN,CHN,Other Asia,Secondary aluminium ingot production,kt,0.0,0.0,No 2019 secondary producer share; assigned zero,Taiwan,350.0,0.0733598826241878,Zijie 2024 regional total allocated using country shares from secondary_aluminium_production_estimates_2024.xlsx,69.67520580719803,418.05123484318824,1.1272018750023167,Existing values retained through 2024; 2025 extrapolated using a country-level OLS linear trend fitted over 2019-2024 and floored at zero; Zijie regional growth indexed to 2025 thereafter,0.0,69.67520580719804,139.35041161439608,209.0256174215941,278.70082322879216,348.3760290359902,418.05123484318824,447.2421420772057,480.86351003462585,515.6241995716255,551.6465074530713,588.8554624207575,627.1430507694189,666.16101000088,705.4493371503044,744.6266814627522,783.3711281752086,821.470563425969,858.8678053763113,895.5676283769718,931.7201599823588,967.5526657080874,1003.1825289478435,1038.8053495533018,1074.449509048431,1110.005024876389,1145.450852376837,1180.6745274089549,1215.4377938537261,1249.4852549330456,1282.7327012532671,1315.1537980879582
Republic of Korea,KR,KOR,SKT,Other Asia,Secondary aluminium ingot production,kt,2000.0,0.5376344086021505,OMNIA 2019 region total allocated using INF_Data secondary-country weights,Republic of Korea,900.0,0.1886396981764829,Zijie 2024 regional total allocated using country shares from secondary_aluminium_production_estimates_2024.xlsx,-220.83518506720503,674.9888895967698,0.7077735866131661,Existing values retained through 2024; 2025 extrapolated using a country-level OLS linear trend fitted over 2019-2024 and floored at zero; Zijie regional growth indexed to 2025 thereafter,2000.0,1779.164814932795,1558.32962986559,1337.4944447983848,1116.65925973118,895.8240746639748,674.9888895967698,722.1207634389858,776.4060948357846,832.5309840278917,890.6928923564977,950.7707706244943,1012.5902190337191,1075.5889301506827,1139.0241794847793,1202.2802350367472,1264.8373306384185,1326.352985540912,1386.7348734870436,1445.9907031819512,1504.3628717836916,1562.2183240235393,1619.746588074018,1677.263481030458,1734.8148279299648,1792.2230500507678,1849.4541685148492,1906.3265978149682,1962.4556477031106,2017.428952485094,2071.11054699595,2123.4579109743536
Australia,AU,AUS,ANZ,Other main producer,Secondary aluminium ingot production,kt,719.2087454450807,0.5611036980776043,OMNIA 2019 region total allocated using OMNIA primary-production shares; no secondary-country weights available,Australia,5.0,0.0080385852090032,Zijie 2024 regional total allocated using country shares from secondary_aluminium_production_estimates_2024.xlsx,-140.88256520452038,-126.08664578204161,0.0,Existing values retained through 2024; 2025 extrapolated using a country-level OLS linear trend fitted over 2019-2024 and floored at zero; Zijie regional growth indexed to 2025 thereafter,719.2087454450807,578.3261802405602,437.4436150360399,296.56104983151954,155.67848462699908,14.795919422478732,0.0,0.0,0.0,0.0,0.0,0.0,0.0,0.0,0.0,0.0,0.0,0.0,0.0,0.0,0.0,0.0,0.0,0.0,0.0,0.0,0.0,0.0,0.0,0.0,0.0,0.0
New Zealand,NZ,NZL,ANZ,Other main producer,Secondary aluminium ingot production,kt,160.79125455491933,0.1254442025638465,OMNIA 2019 region total allocated using OMNIA primary-production shares; no secondary-country weights available,New Zealand,20.0,0.0321543408360128,Zijie 2024 regional total allocated using country shares from secondary_aluminium_production_estimates_2024.xlsx,-20.32151537300087,38.86216231691408,0.5817394104897327,Existing values retained through 2024; 2025 extrapolated using a country-level OLS linear trend fitted over 2019-2024 and floored at zero; Zijie regional growth indexed to 2025 thereafter,160.79125455491933,140.46973918191844,120.14822380891758,99.82670843591669,79.50519306291581,59.18367768991493,38.86216231691408,44.278752928229416,44.79963710381707,45.304607279025774,45.67010352350425,45.98757803293044,46.28158661654158,46.58305385627148,46.92474178865642,47.310199066004316,47.738109450260765,48.19752575493548,48.662509017442574,49.11140112000505,49.54324059750926,49.96317364708205,50.380940767740725,50.80928338491931,51.24578098653451,51.694308201286304,52.163672733985905,52.65263068654824,53.156450332326244,53.65927903457964,54.15181265137002,54.63514103239988
United States of America,US,USA,USA,North America,Secondary aluminium ingot production,kt,3870.0,0.6935483870967742,OMNIA 2019 region total allocated using INF_Data secondary-country weights,United States,3600.0,0.8888888888888888,Zijie 2024 regional total allocated using country shares from secondary_aluminium_production_estimates_2024.xlsx,453.2150609665923,6589.290365799554,1.0617854175888959,Existing values retained through 2024; 2025 extrapolated using a country-level OLS linear trend fitted over 2019-2024 and floored at zero; Zijie regional growth indexed to 2025 thereafter,3870.0,4323.215060966592,4776.430121933185,5229.645182899777,5682.860243866369,6136.075304832962,6589.290365799554,6515.094463719922,6551.811961482944,6596.087832405964,6649.882335469052,6707.568163947837,6767.695944295055,6831.742658206391,6896.611195099578,6960.618404759141,7023.430284705339,7082.241456225291,7135.579335194518,7184.374126733537,7226.467763925058,7258.64060176618,7281.718624023762,7297.749127148696,7307.1596702691495,7307.626287260565,7299.218156164044,7286.006816576538,7266.8745860800755,7244.331096017492,7219.4956647717545,7191.279159112771
Canada,CA,CAN,CAN,North America,Secondary aluminium ingot production,kt,1710.0,0.3064516129032258,OMNIA 2019 region total allocated using INF_Data secondary-country weights,Canada,450.0,0.1111111111111111,Zijie 2024 regional total allocated using country shares from secondary_aluminium_production_estimates_2024.xlsx,-188.59811737917593,578.4112957249442,0.7456325583793545,Existing values retained through 2024; 2025 extrapolated using a country-level OLS linear trend fitted over 2019-2024 and floored at zero; Zijie regional growth indexed to 2025 thereafter,1710.0,1521.401882620824,1332.803765241648,1144.2056478624722,955.6075304832962,767.0094131041202,578.4112957249442,571.8983412978473,575.1214221271758,579.007980838089,583.7300899715851,588.7937816505195,594.0718291198206,599.693882592021,605.3880761080503,611.0066618767219,616.5203209886605,621.6827958582635,626.3648222940596,630.648054179727,634.3430552918488,637.1672035369193,639.1930041946136,640.6001699998637,641.4262323127386,641.467192192123,640.7291221220277,639.5694239413657,637.8899869129104,635.9111077660846,633.7310408439629,631.2541814717074
Argentina,AR,ARG,LAM,South America,Secondary aluminium ingot production,kt,255.2183908045977,0.1772349936143039,OMNIA 2019 region total allocated using OMNIA primary-production shares; no secondary-country weights available,Argentina,100.0,0.0566572237960339,Zijie 2024 regional total allocated using country shares from secondary_aluminium_production_estimates_2024.xlsx,-28.508836508126457,84.16537175583899,0.7251246841793367,Existing values retained through 2024; 2025 extrapolated using a country-level OLS linear trend fitted over 2019-2024 and floored at zero; Zijie regional growth indexed to 2025 thereafter,255.2183908045977,226.70955429647125,198.2007177883448,169.69188128021835,141.1830447720919,112.67420826396544,84.16537175583899,87.28261904539816,90.6954486027358,93.93468168815862,97.03488469452574,100.04016403713432,102.97994297473429,105.84774217545119,108.62260159985328,111.26819502907564,113.75607480529888,116.0488188814369,118.1247233192982,120.00122930281536,121.71277082067225,123.29507035383519,124.79205458638806,126.23865274596831,127.66429878913081,129.0909643197758,130.51926488614572,131.94397386753278,133.35037105480626,134.72552971565628,136.04530709362538,137.29043177680913
Venezuela (Bolivarian Republic of),VE,VEN,LAM,South America,Secondary aluminium ingot production,kt,4.781609195402298,0.0033205619412515,OMNIA 2019 region total allocated using OMNIA primary-production shares; no secondary-country weights available,Venezuela,15.0,0.0084985835694051,Zijie 2024 regional total allocated using country shares from secondary_aluminium_production_estimates_2024.xlsx,2.4239044088385047,19.325035648433328,1.1099624528066858,Existing values retained through 2024; 2025 extrapolated using a country-level OLS linear trend fitted over 2019-2024 and floored at zero; Zijie regional growth indexed to 2025 thereafter,4.781609195402298,7.205513604240803,9.629418013079308,12.053322421917812,14.477226830756315,16.90113123959482,19.325035648433328,20.040780303734916,20.82439298768889,21.568146547418614,22.279977700368622,22.97001362865859,23.645010145426088,24.303479544779247,24.94060923573486,25.548058430865826,26.11929532273157,26.64572751307032,27.122371605854564,27.553232234987973,27.946215716868252,28.30952421592151,28.653243646558018,28.985394035959782,29.312733653565072,29.64030735356709,29.96825647071527,30.29538093151869,30.618300859428725,30.93404817437283,31.23707950834278,31.522969992603613
Colombia,CO,COL,LAM,Rest of World,Secondary aluminium ingot production,kt,0.0,0.0,No 2019 secondary producer share; assigned zero,,0.0,0.0,No 2024 secondary production estimate; assigned zero share,0.0,0.0,,Existing values retained through 2024; 2025 extrapolated using a country-level OLS linear trend fitted over 2019-2024 and floored at zero; Zijie regional growth indexed to 2025 thereafter,0.0,0.0,0.0,0.0,0.0,0.0,0.0,0.0,0.0,0.0,0.0,0.0,0.0,0.0,0.0,0.0,0.0,0.0,0.0,0.0,0.0,0.0,0.0,0.0,0.0,0.0,0.0,0.0,0.0,0.0,0.0,0.0
Peru,PE,PER,LAM,Rest of World,Secondary aluminium ingot production,kt,0.0,0.0,No 2019 secondary producer share; assigned zero,,0.0,0.0,No 2024 secondary production estimate; assigned zero share,0.0,0.0,,Existing values retained through 2024; 2025 extrapolated using a country-level OLS linear trend fitted over 2019-2024 and floored at zero; Zijie regional growth indexed to 2025 thereafter,0.0,0.0,0.0,0.0,0.0,0.0,0.0,0.0,0.0,0.0,0.0,0.0,0.0,0.0,0.0,0.0,0.0,0.0,0.0,0.0,0.0,0.0,0.0,0.0,0.0,0.0,0.0,0.0,0.0,0.0,0.0,0.0
Trinidad and Tobago,TT,TTO,LAM,Rest of World,Secondary aluminium ingot production,kt,0.0,0.0,No 2019 secondary producer share; assigned zero,,0.0,0.0,No 2024 secondary production estimate; assigned zero share,0.0,0.0,,Existing values retained through 2024; 2025 extrapolated using a country-level OLS linear trend fitted over 2019-2024 and floored at zero; Zijie regional growth indexed to 2025 thereafter,0.0,0.0,0.0,0.0,0.0,0.0,0.0,0.0,0.0,0.0,0.0,0.0,0.0,0.0,0.0,0.0,0.0,0.0,0.0,0.0,0.0,0.0,0.0,0.0,0.0,0.0,0.0,0.0,0.0,0.0,0.0,0.0
Ecuador,EC,ECU,LAM,Rest of World,Secondary aluminium ingot production,kt,0.0,0.0,No 2019 secondary producer share; assigned zero,,0.0,0.0,No 2024 secondary production estimate; assigned zero share,0.0,0.0,,Existing values retained through 2024; 2025 extrapolated using a country-level OLS linear trend fitted over 2019-2024 and floored at zero; Zijie regional growth indexed to 2025 thereafter,0.0,0.0,0.0,0.0,0.0,0.0,0.0,0.0,0.0,0.0,0.0,0.0,0.0,0.0,0.0,0.0,0.0,0.0,0.0,0.0,0.0,0.0,0.0,0.0,0.0,0.0,0.0,0.0,0.0,0.0,0.0,0.0
Guatemala,GT,GTM,LAM,Rest of World,Secondary aluminium ingot production,kt,0.0,0.0,No 2019 secondary producer share; assigned zero,,0.0,0.0,No 2024 secondary production estimate; assigned zero share,0.0,0.0,,Existing values retained through 2024; 2025 extrapolated using a country-level OLS linear trend fitted over 2019-2024 and floored at zero; Zijie regional growth indexed to 2025 thereafter,0.0,0.0,0.0,0.0,0.0,0.0,0.0,0.0,0.0,0.0,0.0,0.0,0.0,0.0,0.0,0.0,0.0,0.0,0.0,0.0,0.0,0.0,0.0,0.0,0.0,0.0,0.0,0.0,0.0,0.0,0.0,0.0
Cuba,CU,CUB,LAM,Rest of World,Secondary aluminium ingot production,kt,0.0,0.0,No 2019 secondary producer share; assigned zero,,0.0,0.0,No 2024 secondary production estimate; assigned zero share,0.0,0.0,,Existing values retained through 2024; 2025 extrapolated using a country-level OLS linear trend fitted over 2019-2024 and floored at zero; Zijie regional growth indexed to 2025 thereafter,0.0,0.0,0.0,0.0,0.0,0.0,0.0,0.0,0.0,0.0,0.0,0.0,0.0,0.0,0.0,0.0,0.0,0.0,0.0,0.0,0.0,0.0,0.0,0.0,0.0,0.0,0.0,0.0,0.0,0.0,0.0,0.0
Bolivia (Plurinational State of),BO,BOL,LAM,Rest of World,Secondary aluminium ingot production,kt,0.0,0.0,No 2019 secondary producer share; assigned zero,,0.0,0.0,No 2024 secondary production estimate; assigned zero share,0.0,0.0,,Existing values retained through 2024; 2025 extrapolated using a country-level OLS linear trend fitted over 2019-2024 and floored at zero; Zijie regional growth indexed to 2025 thereafter,0.0,0.0,0.0,0.0,0.0,0.0,0.0,0.0,0.0,0.0,0.0,0.0,0.0,0.0,0.0,0.0,0.0,0.0,0.0,0.0,0.0,0.0,0.0,0.0,0.0,0.0,0.0,0.0,0.0,0.0,0.0,0.0
Dominican Republic,DO,DOM,LAM,South America,Secondary aluminium ingot production,kt,0.0,0.0,No 2019 secondary producer share; assigned zero,,0.0,0.0,No 2024 secondary production estimate; assigned zero share,0.0,0.0,,Existing values retained through 2024; 2025 extrapolated using a country-level OLS linear trend fitted over 2019-2024 and floored at zero; Zijie regional growth indexed to 2025 thereafter,0.0,0.0,0.0,0.0,0.0,0.0,0.0,0.0,0.0,0.0,0.0,0.0,0.0,0.0,0.0,0.0,0.0,0.0,0.0,0.0,0.0,0.0,0.0,0.0,0.0,0.0,0.0,0.0,0.0,0.0,0.0,0.0
Honduras,HN,HND,LAM,Rest of World,Secondary aluminium ingot production,kt,0.0,0.0,No 2019 secondary producer share; assigned zero,,0.0,0.0,No 2024 secondary production estimate; assigned zero share,0.0,0.0,,Existing values retained through 2024; 2025 extrapolated using a country-level OLS linear trend fitted over 2019-2024 and floored at zero; Zijie regional growth indexed to 2025 thereafter,0.0,0.0,0.0,0.0,0.0,0.0,0.0,0.0,0.0,0.0,0.0,0.0,0.0,0.0,0.0,0.0,0.0,0.0,0.0,0.0,0.0,0.0,0.0,0.0,0.0,0.0,0.0,0.0,0.0,0.0,0.0,0.0
Paraguay,PY,PRY,LAM,Rest of World,Secondary aluminium ingot production,kt,0.0,0.0,No 2019 secondary producer share; assigned zero,,0.0,0.0,No 2024 secondary production estimate; assigned zero share,0.0,0.0,,Existing values retained through 2024; 2025 extrapolated using a country-level OLS linear trend fitted over 2019-2024 and floored at zero; Zijie regional growth indexed to 2025 thereafter,0.0,0.0,0.0,0.0,0.0,0.0,0.0,0.0,0.0,0.0,0.0,0.0,0.0,0.0,0.0,0.0,0.0,0.0,0.0,0.0,0.0,0.0,0.0,0.0,0.0,0.0,0.0,0.0,0.0,0.0,0.0,0.0
Uruguay,UY,URY,LAM,Rest of World,Secondary aluminium ingot production,kt,0.0,0.0,No 2019 secondary producer share; assigned zero,,0.0,0.0,No 2024 secondary production estimate; assigned zero share,0.0,0.0,,Existing values retained through 2024; 2025 extrapolated using a country-level OLS linear trend fitted over 2019-2024 and floored at zero; Zijie regional growth indexed to 2025 thereafter,0.0,0.0,0.0,0.0,0.0,0.0,0.0,0.0,0.0,0.0,0.0,0.0,0.0,0.0,0.0,0.0,0.0,0.0,0.0,0.0,0.0,0.0,0.0,0.0,0.0,0.0,0.0,0.0,0.0,0.0,0.0,0.0
Costa Rica,CR,CRI,LAM,Rest of World,Secondary aluminium ingot production,kt,0.0,0.0,No 2019 secondary producer share; assigned zero,,0.0,0.0,No 2024 secondary production estimate; assigned zero share,0.0,0.0,,Existing values retained through 2024; 2025 extrapolated using a country-level OLS linear trend fitted over 2019-2024 and floored at zero; Zijie regional growth indexed to 2025 thereafter,0.0,0.0,0.0,0.0,0.0,0.0,0.0,0.0,0.0,0.0,0.0,0.0,0.0,0.0,0.0,0.0,0.0,0.0,0.0,0.0,0.0,0.0,0.0,0.0,0.0,0.0,0.0,0.0,0.0,0.0,0.0,0.0
El Salvador,SV,SLV,LAM,Rest of World,Secondary aluminium ingot production,kt,0.0,0.0,No 2019 secondary producer share; assigned zero,,0.0,0.0,No 2024 secondary production estimate; assigned zero share,0.0,0.0,,Existing values retained through 2024; 2025 extrapolated using a country-level OLS linear trend fitted over 2019-2024 and floored at zero; Zijie regional growth indexed to 2025 thereafter,0.0,0.0,0.0,0.0,0.0,0.0,0.0,0.0,0.0,0.0,0.0,0.0,0.0,0.0,0.0,0.0,0.0,0.0,0.0,0.0,0.0,0.0,0.0,0.0,0.0,0.0,0.0,0.0,0.0,0.0,0.0,0.0
Haiti,HT,HTI,LAM,South America,Secondary aluminium ingot production,kt,0.0,0.0,No 2019 secondary producer share; assigned zero,,0.0,0.0,No 2024 secondary production estimate; assigned zero share,0.0,0.0,,Existing values retained through 2024; 2025 extrapolated using a country-level OLS linear trend fitted over 2019-2024 and floored at zero; Zijie regional growth indexed to 2025 thereafter,0.0,0.0,0.0,0.0,0.0,0.0,0.0,0.0,0.0,0.0,0.0,0.0,0.0,0.0,0.0,0.0,0.0,0.0,0.0,0.0,0.0,0.0,0.0,0.0,0.0,0.0,0.0,0.0,0.0,0.0,0.0,0.0
Panama,PA,PAN,LAM,Rest of World,Secondary aluminium ingot production,kt,0.0,0.0,No 2019 secondary producer share; assigned zero,,0.0,0.0,No 2024 secondary production estimate; assigned zero share,0.0,0.0,,Existing values retained through 2024; 2025 extrapolated using a country-level OLS linear trend fitted over 2019-2024 and floored at zero; Zijie regional growth indexed to 2025 thereafter,0.0,0.0,0.0,0.0,0.0,0.0,0.0,0.0,0.0,0.0,0.0,0.0,0.0,0.0,0.0,0.0,0.0,0.0,0.0,0.0,0.0,0.0,0.0,0.0,0.0,0.0,0.0,0.0,0.0,0.0,0.0,0.0
Nicaragua,NI,NIC,LAM,Rest of World,Secondary aluminium ingot production,kt,0.0,0.0,No 2019 secondary producer share; assigned zero,,0.0,0.0,No 2024 secondary production estimate; assigned zero share,0.0,0.0,,Existing values retained through 2024; 2025 extrapolated using a country-level OLS linear trend fitted over 2019-2024 and floored at zero; Zijie regional growth indexed to 2025 thereafter,0.0,0.0,0.0,0.0,0.0,0.0,0.0,0.0,0.0,0.0,0.0,0.0,0.0,0.0,0.0,0.0,0.0,0.0,0.0,0.0,0.0,0.0,0.0,0.0,0.0,0.0,0.0,0.0,0.0,0.0,0.0,0.0
Jamaica,JM,JAM,LAM,South America,Secondary aluminium ingot production,kt,0.0,0.0,No 2019 secondary producer share; assigned zero,,0.0,0.0,No 2024 secondary production estimate; assigned zero share,0.0,0.0,,Existing values retained through 2024; 2025 extrapolated using a country-level OLS linear trend fitted over 2019-2024 and floored at zero; Zijie regional growth indexed to 2025 thereafter,0.0,0.0,0.0,0.0,0.0,0.0,0.0,0.0,0.0,0.0,0.0,0.0,0.0,0.0,0.0,0.0,0.0,0.0,0.0,0.0,0.0,0.0,0.0,0.0,0.0,0.0,0.0,0.0,0.0,0.0,0.0,0.0
Curaçao,CW,CUW,LAM,Rest of World,Secondary aluminium ingot production,kt,0.0,0.0,No 2019 secondary producer share; assigned zero,,0.0,0.0,No 2024 secondary production estimate; assigned zero share,0.0,0.0,,Existing values retained through 2024; 2025 extrapolated using a country-level OLS linear trend fitted over 2019-2024 and floored at zero; Zijie regional growth indexed to 2025 thereafter,0.0,0.0,0.0,0.0,0.0,0.0,0.0,0.0,0.0,0.0,0.0,0.0,0.0,0.0,0.0,0.0,0.0,0.0,0.0,0.0,0.0,0.0,0.0,0.0,0.0,0.0,0.0,0.0,0.0,0.0,0.0,0.0
Suriname,SR,SUR,LAM,South America,Secondary aluminium ingot production,kt,0.0,0.0,No 2019 secondary producer share; assigned zero,,0.0,0.0,No 2024 secondary production estimate; assigned zero share,0.0,0.0,,Existing values retained through 2024; 2025 extrapolated using a country-level OLS linear trend fitted over 2019-2024 and floored at zero; Zijie regional growth indexed to 2025 thereafter,0.0,0.0,0.0,0.0,0.0,0.0,0.0,0.0,0.0,0.0,0.0,0.0,0.0,0.0,0.0,0.0,0.0,0.0,0.0,0.0,0.0,0.0,0.0,0.0,0.0,0.0,0.0,0.0,0.0,0.0,0.0,0.0
Antigua and Barbuda,AG,ATG,LAM,Rest of World,Secondary aluminium ingot production,kt,0.0,0.0,No 2019 secondary producer share; assigned zero,,0.0,0.0,No 2024 secondary production estimate; assigned zero share,0.0,0.0,,Existing values retained through 2024; 2025 extrapolated using a country-level OLS linear trend fitted over 2019-2024 and floored at zero; Zijie regional growth indexed to 2025 thereafter,0.0,0.0,0.0,0.0,0.0,0.0,0.0,0.0,0.0,0.0,0.0,0.0,0.0,0.0,0.0,0.0,0.0,0.0,0.0,0.0,0.0,0.0,0.0,0.0,0.0,0.0,0.0,0.0,0.0,0.0,0.0,0.0
Aruba,AW,ABW,LAM,Rest of World,Secondary aluminium ingot production,kt,0.0,0.0,No 2019 secondary producer share; assigned zero,,0.0,0.0,No 2024 secondary production estimate; assigned zero share,0.0,0.0,,Existing values retained through 2024; 2025 extrapolated using a country-level OLS linear trend fitted over 2019-2024 and floored at zero; Zijie regional growth indexed to 2025 thereafter,0.0,0.0,0.0,0.0,0.0,0.0,0.0,0.0,0.0,0.0,0.0,0.0,0.0,0.0,0.0,0.0,0.0,0.0,0.0,0.0,0.0,0.0,0.0,0.0,0.0,0.0,0.0,0.0,0.0,0.0,0.0,0.0
Bahamas,BS,BHS,LAM,Rest of World,Secondary aluminium ingot production,kt,0.0,0.0,No 2019 secondary producer share; assigned zero,,0.0,0.0,No 2024 secondary production estimate; assigned zero share,0.0,0.0,,Existing values retained through 2024; 2025 extrapolated using a country-level OLS linear trend fitted over 2019-2024 and floored at zero; Zijie regional growth indexed to 2025 thereafter,0.0,0.0,0.0,0.0,0.0,0.0,0.0,0.0,0.0,0.0,0.0,0.0,0.0,0.0,0.0,0.0,0.0,0.0,0.0,0.0,0.0,0.0,0.0,0.0,0.0,0.0,0.0,0.0,0.0,0.0,0.0,0.0
Barbados,BB,BRB,LAM,Rest of World,Secondary aluminium ingot production,kt,0.0,0.0,No 2019 secondary producer share; assigned zero,,0.0,0.0,No 2024 secondary production estimate; assigned zero share,0.0,0.0,,Existing values retained through 2024; 2025 extrapolated using a country-level OLS linear trend fitted over 2019-2024 and floored at zero; Zijie regional growth indexed to 2025 thereafter,0.0,0.0,0.0,0.0,0.0,0.0,0.0,0.0,0.0,0.0,0.0,0.0,0.0,0.0,0.0,0.0,0.0,0.0,0.0,0.0,0.0,0.0,0.0,0.0,0.0,0.0,0.0,0.0,0.0,0.0,0.0,0.0
Belize,BZ,BLZ,LAM,Rest of World,Secondary aluminium ingot production,kt,0.0,0.0,No 2019 secondary producer share; assigned zero,,0.0,0.0,No 2024 secondary production estimate; assigned zero share,0.0,0.0,,Existing values retained through 2024; 2025 extrapolated using a country-level OLS linear trend fitted over 2019-2024 and floored at zero; Zijie regional growth indexed to 2025 thereafter,0.0,0.0,0.0,0.0,0.0,0.0,0.0,0.0,0.0,0.0,0.0,0.0,0.0,0.0,0.0,0.0,0.0,0.0,0.0,0.0,0.0,0.0,0.0,0.0,0.0,0.0,0.0,0.0,0.0,0.0,0.0,0.0
Bermuda,BM,BMU,LAM,Rest of World,Secondary aluminium ingot production,kt,0.0,0.0,No 2019 secondary producer share; assigned zero,,0.0,0.0,No 2024 secondary production estimate; assigned zero share,0.0,0.0,,Existing values retained through 2024; 2025 extrapolated using a country-level OLS linear trend fitted over 2019-2024 and floored at zero; Zijie regional growth indexed to 2025 thereafter,0.0,0.0,0.0,0.0,0.0,0.0,0.0,0.0,0.0,0.0,0.0,0.0,0.0,0.0,0.0,0.0,0.0,0.0,0.0,0.0,0.0,0.0,0.0,0.0,0.0,0.0,0.0,0.0,0.0,0.0,0.0,0.0
British Virgin Islands,VG,VGB,LAM,Rest of World,Secondary aluminium ingot production,kt,0.0,0.0,No 2019 secondary producer share; assigned zero,,0.0,0.0,No 2024 secondary production estimate; assigned zero share,0.0,0.0,,Existing values retained through 2024; 2025 extrapolated using a country-level OLS linear trend fitted over 2019-2024 and floored at zero; Zijie regional growth indexed to 2025 thereafter,0.0,0.0,0.0,0.0,0.0,0.0,0.0,0.0,0.0,0.0,0.0,0.0,0.0,0.0,0.0,0.0,0.0,0.0,0.0,0.0,0.0,0.0,0.0,0.0,0.0,0.0,0.0,0.0,0.0,0.0,0.0,0.0
Cayman Islands,KY,CYM,LAM,Rest of World,Secondary aluminium ingot production,kt,0.0,0.0,No 2019 secondary producer share; assigned zero,,0.0,0.0,No 2024 secondary production estimate; assigned zero share,0.0,0.0,,Existing values retained through 2024; 2025 extrapolated using a country-level OLS linear trend fitted over 2019-2024 and floored at zero; Zijie regional growth indexed to 2025 thereafter,0.0,0.0,0.0,0.0,0.0,0.0,0.0,0.0,0.0,0.0,0.0,0.0,0.0,0.0,0.0,0.0,0.0,0.0,0.0,0.0,0.0,0.0,0.0,0.0,0.0,0.0,0.0,0.0,0.0,0.0,0.0,0.0
Dominica,DM,DMA,LAM,Rest of World,Secondary aluminium ingot production,kt,0.0,0.0,No 2019 secondary producer share; assigned zero,,0.0,0.0,No 2024 secondary production estimate; assigned zero share,0.0,0.0,,Existing values retained through 2024; 2025 extrapolated using a country-level OLS linear trend fitted over 2019-2024 and floored at zero; Zijie regional growth indexed to 2025 thereafter,0.0,0.0,0.0,0.0,0.0,0.0,0.0,0.0,0.0,0.0,0.0,0.0,0.0,0.0,0.0,0.0,0.0,0.0,0.0,0.0,0.0,0.0,0.0,0.0,0.0,0.0,0.0,0.0,0.0,0.0,0.0,0.0
Falkland Islands (Malvinas),FK,FLK,LAM,Rest of World,Secondary aluminium ingot production,kt,0.0,0.0,No 2019 secondary producer share; assigned zero,,0.0,0.0,No 2024 secondary production estimate; assigned zero share,0.0,0.0,,Existing values retained through 2024; 2025 extrapolated using a country-level OLS linear trend fitted over 2019-2024 and floored at zero; Zijie regional growth indexed to 2025 thereafter,0.0,0.0,0.0,0.0,0.0,0.0,0.0,0.0,0.0,0.0,0.0,0.0,0.0,0.0,0.0,0.0,0.0,0.0,0.0,0.0,0.0,0.0,0.0,0.0,0.0,0.0,0.0,0.0,0.0,0.0,0.0,0.0
Guyana,GY,GUY,LAM,South America,Secondary aluminium ingot production,kt,0.0,0.0,No 2019 secondary producer share; assigned zero,,0.0,0.0,No 2024 secondary production estimate; assigned zero share,0.0,0.0,,Existing values retained through 2024; 2025 extrapolated using a country-level OLS linear trend fitted over 2019-2024 and floored at zero; Zijie regional growth indexed to 2025 thereafter,0.0,0.0,0.0,0.0,0.0,0.0,0.0,0.0,0.0,0.0,0.0,0.0,0.0,0.0,0.0,0.0,0.0,0.0,0.0,0.0,0.0,0.0,0.0,0.0,0.0,0.0,0.0,0.0,0.0,0.0,0.0,0.0
Grenada,GD,GRD,LAM,Rest of World,Secondary aluminium ingot production,kt,0.0,0.0,No 2019 secondary producer share; assigned zero,,0.0,0.0,No 2024 secondary production estimate; assigned zero share,0.0,0.0,,Existing values retained through 2024; 2025 extrapolated using a country-level OLS linear trend fitted over 2019-2024 and floored at zero; Zijie regional growth indexed to 2025 thereafter,0.0,0.0,0.0,0.0,0.0,0.0,0.0,0.0,0.0,0.0,0.0,0.0,0.0,0.0,0.0,0.0,0.0,0.0,0.0,0.0,0.0,0.0,0.0,0.0,0.0,0.0,0.0,0.0,0.0,0.0,0.0,0.0
Guadeloupe,GP,GLP,LAM,Rest of World,Secondary aluminium ingot production,kt,0.0,0.0,No 2019 secondary producer share; assigned zero,,0.0,0.0,No 2024 secondary production estimate; assigned zero share,0.0,0.0,,Existing values retained through 2024; 2025 extrapolated using a country-level OLS linear trend fitted over 2019-2024 and floored at zero; Zijie regional growth indexed to 2025 thereafter,0.0,0.0,0.0,0.0,0.0,0.0,0.0,0.0,0.0,0.0,0.0,0.0,0.0,0.0,0.0,0.0,0.0,0.0,0.0,0.0,0.0,0.0,0.0,0.0,0.0,0.0,0.0,0.0,0.0,0.0,0.0,0.0
Cooperative Republic of Guyana,GY,GUY,LAM,South America,Secondary aluminium ingot production,kt,0.0,0.0,No 2019 secondary producer share; assigned zero,,0.0,0.0,No 2024 secondary production estimate; assigned zero share,0.0,0.0,,Existing values retained through 2024; 2025 extrapolated using a country-level OLS linear trend fitted over 2019-2024 and floored at zero; Zijie regional growth indexed to 2025 thereafter,0.0,0.0,0.0,0.0,0.0,0.0,0.0,0.0,0.0,0.0,0.0,0.0,0.0,0.0,0.0,0.0,0.0,0.0,0.0,0.0,0.0,0.0,0.0,0.0,0.0,0.0,0.0,0.0,0.0,0.0,0.0,0.0
Martinique,MQ,MTQ,LAM,Rest of World,Secondary aluminium ingot production,kt,0.0,0.0,No 2019 secondary producer share; assigned zero,,0.0,0.0,No 2024 secondary production estimate; assigned zero share,0.0,0.0,,Existing values retained through 2024; 2025 extrapolated using a country-level OLS linear trend fitted over 2019-2024 and floored at zero; Zijie regional growth indexed to 2025 thereafter,0.0,0.0,0.0,0.0,0.0,0.0,0.0,0.0,0.0,0.0,0.0,0.0,0.0,0.0,0.0,0.0,0.0,0.0,0.0,0.0,0.0,0.0,0.0,0.0,0.0,0.0,0.0,0.0,0.0,0.0,0.0,0.0
Montserrat,MS,MSR,LAM,Rest of World,Secondary aluminium ingot production,kt,0.0,0.0,No 2019 secondary producer share; assigned zero,,0.0,0.0,No 2024 secondary production estimate; assigned zero share,0.0,0.0,,Existing values retained through 2024; 2025 extrapolated using a country-level OLS linear trend fitted over 2019-2024 and floored at zero; Zijie regional growth indexed to 2025 thereafter,0.0,0.0,0.0,0.0,0.0,0.0,0.0,0.0,0.0,0.0,0.0,0.0,0.0,0.0,0.0,0.0,0.0,0.0,0.0,0.0,0.0,0.0,0.0,0.0,0.0,0.0,0.0,0.0,0.0,0.0,0.0,0.0
Puerto Rico,PR,PRI,LAM,Rest of World,Secondary aluminium ingot production,kt,0.0,0.0,No 2019 secondary producer share; assigned zero,,0.0,0.0,No 2024 secondary production estimate; assigned zero share,0.0,0.0,,Existing values retained through 2024; 2025 extrapolated using a country-level OLS linear trend fitted over 2019-2024 and floored at zero; Zijie regional growth indexed to 2025 thereafter,0.0,0.0,0.0,0.0,0.0,0.0,0.0,0.0,0.0,0.0,0.0,0.0,0.0,0.0,0.0,0.0,0.0,0.0,0.0,0.0,0.0,0.0,0.0,0.0,0.0,0.0,0.0,0.0,0.0,0.0,0.0,0.0
"Bonaire, Sint Eustatius and Saba",BQ,BES,LAM,Rest of World,Secondary aluminium ingot production,kt,0.0,0.0,No 2019 secondary producer share; assigned zero,,0.0,0.0,No 2024 secondary production estimate; assigned zero share,0.0,0.0,,Existing values retained through 2024; 2025 extrapolated using a country-level OLS linear trend fitted over 2019-2024 and floored at zero; Zijie regional growth indexed to 2025 thereafter,0.0,0.0,0.0,0.0,0.0,0.0,0.0,0.0,0.0,0.0,0.0,0.0,0.0,0.0,0.0,0.0,0.0,0.0,0.0,0.0,0.0,0.0,0.0,0.0,0.0,0.0,0.0,0.0,0.0,0.0,0.0,0.0
Saint Kitts and Nevis,KN,KNA,LAM,Rest of World,Secondary aluminium ingot production,kt,0.0,0.0,No 2019 secondary producer share; assigned zero,,0.0,0.0,No 2024 secondary production estimate; assigned zero share,0.0,0.0,,Existing values retained through 2024; 2025 extrapolated using a country-level OLS linear trend fitted over 2019-2024 and floored at zero; Zijie regional growth indexed to 2025 thereafter,0.0,0.0,0.0,0.0,0.0,0.0,0.0,0.0,0.0,0.0,0.0,0.0,0.0,0.0,0.0,0.0,0.0,0.0,0.0,0.0,0.0,0.0,0.0,0.0,0.0,0.0,0.0,0.0,0.0,0.0,0.0,0.0
Saint Lucia,LC,LCA,LAM,Rest of World,Secondary aluminium ingot production,kt,0.0,0.0,No 2019 secondary producer share; assigned zero,,0.0,0.0,No 2024 secondary production estimate; assigned zero share,0.0,0.0,,Existing values retained through 2024; 2025 extrapolated using a country-level OLS linear trend fitted over 2019-2024 and floored at zero; Zijie regional growth indexed to 2025 thereafter,0.0,0.0,0.0,0.0,0.0,0.0,0.0,0.0,0.0,0.0,0.0,0.0,0.0,0.0,0.0,0.0,0.0,0.0,0.0,0.0,0.0,0.0,0.0,0.0,0.0,0.0,0.0,0.0,0.0,0.0,0.0,0.0
Saint Pierre and Miquelon,PM,SPM,LAM,Rest of World,Secondary aluminium ingot production,kt,0.0,0.0,No 2019 secondary producer share; assigned zero,,0.0,0.0,No 2024 secondary production estimate; assigned zero share,0.0,0.0,,Existing values retained through 2024; 2025 extrapolated using a country-level OLS linear trend fitted over 2019-2024 and floored at zero; Zijie regional growth indexed to 2025 thereafter,0.0,0.0,0.0,0.0,0.0,0.0,0.0,0.0,0.0,0.0,0.0,0.0,0.0,0.0,0.0,0.0,0.0,0.0,0.0,0.0,0.0,0.0,0.0,0.0,0.0,0.0,0.0,0.0,0.0,0.0,0.0,0.0
Saint Vincent and the Grenadines,VC,VCT,LAM,Rest of World,Secondary aluminium ingot production,kt,0.0,0.0,No 2019 secondary producer share; assigned zero,,0.0,0.0,No 2024 secondary production estimate; assigned zero share,0.0,0.0,,Existing values retained through 2024; 2025 extrapolated using a country-level OLS linear trend fitted over 2019-2024 and floored at zero; Zijie regional growth indexed to 2025 thereafter,0.0,0.0,0.0,0.0,0.0,0.0,0.0,0.0,0.0,0.0,0.0,0.0,0.0,0.0,0.0,0.0,0.0,0.0,0.0,0.0,0.0,0.0,0.0,0.0,0.0,0.0,0.0,0.0,0.0,0.0,0.0,0.0
Saint Martin,MF,MAF,LAM,Rest of World,Secondary aluminium ingot production,kt,0.0,0.0,No 2019 secondary producer share; assigned zero,,0.0,0.0,No 2024 secondary production estimate; assigned zero share,0.0,0.0,,Existing values retained through 2024; 2025 extrapolated using a country-level OLS linear trend fitted over 2019-2024 and floored at zero; Zijie regional growth indexed to 2025 thereafter,0.0,0.0,0.0,0.0,0.0,0.0,0.0,0.0,0.0,0.0,0.0,0.0,0.0,0.0,0.0,0.0,0.0,0.0,0.0,0.0,0.0,0.0,0.0,0.0,0.0,0.0,0.0,0.0,0.0,0.0,0.0,0.0
Turks and Caicos Islands,TC,TCA,LAM,Rest of World,Secondary aluminium ingot production,kt,0.0,0.0,No 2019 secondary producer share; assigned zero,,0.0,0.0,No 2024 secondary production estimate; assigned zero share,0.0,0.0,,Existing values retained through 2024; 2025 extrapolated using a country-level OLS linear trend fitted over 2019-2024 and floored at zero; Zijie regional growth indexed to 2025 thereafter,0.0,0.0,0.0,0.0,0.0,0.0,0.0,0.0,0.0,0.0,0.0,0.0,0.0,0.0,0.0,0.0,0.0,0.0,0.0,0.0,0.0,0.0,0.0,0.0,0.0,0.0,0.0,0.0,0.0,0.0,0.0,0.0
Sint Maarten (Dutch part),SX,SXM,LAM,Rest of World,Secondary aluminium ingot production,kt,0.0,0.0,No 2019 secondary producer share; assigned zero,,0.0,0.0,No 2024 secondary production estimate; assigned zero share,0.0,0.0,,Existing values retained through 2024; 2025 extrapolated using a country-level OLS linear trend fitted over 2019-2024 and floored at zero; Zijie regional growth indexed to 2025 thereafter,0.0,0.0,0.0,0.0,0.0,0.0,0.0,0.0,0.0,0.0,0.0,0.0,0.0,0.0,0.0,0.0,0.0,0.0,0.0,0.0,0.0,0.0,0.0,0.0,0.0,0.0,0.0,0.0,0.0,0.0,0.0,0.0
Anguilla,AI,AIA,LAM,Rest of World,Secondary aluminium ingot production,kt,0.0,0.0,No 2019 secondary producer share; assigned zero,,0.0,0.0,No 2024 secondary production estimate; assigned zero share,0.0,0.0,,Existing values retained through 2024; 2025 extrapolated using a country-level OLS linear trend fitted over 2019-2024 and floored at zero; Zijie regional growth indexed to 2025 thereafter,0.0,0.0,0.0,0.0,0.0,0.0,0.0,0.0,0.0,0.0,0.0,0.0,0.0,0.0,0.0,0.0,0.0,0.0,0.0,0.0,0.0,0.0,0.0,0.0,0.0,0.0,0.0,0.0,0.0,0.0,0.0,0.0
Brazil,BR,BRA,BRA,South America,Secondary aluminium ingot production,kt,1170.0,0.8125,OMNIA 2019 region total allocated using INF_Data secondary-country weights,Brazil,1000.0,0.56657223796034,Zijie 2024 regional total allocated using country shares from secondary_aluminium_production_estimates_2024.xlsx,-8.651583472069044,1118.0904991675857,0.9632881114632114,Existing values retained through 2024; 2025 extrapolated using a country-level OLS linear trend fitted over 2019-2024 and floored at zero; Zijie regional growth indexed to 2025 thereafter,1170.0,1161.348416527931,1152.6968330558618,1144.0452495837928,1135.3936661117236,1126.7420826396549,1118.0904991675857,1159.501408491707,1204.8389650631577,1247.8703883414528,1289.0548737728902,1328.9783507351617,1368.0316909772603,1406.128820152235,1442.9912957075028,1478.136543879813,1511.1866532399417,1541.6444925516873,1569.2217369781224,1594.1500830191546,1616.886967204709,1637.9069429733547,1657.7935520728379,1677.0108100091788,1695.9497306458038,1714.9021946108116,1733.8763791227823,1752.8028514110376,1771.4860616237631,1789.7542852585948,1807.286799124325,1823.8275931528406
Mexico,MX,MEX,MEX,South America,Secondary aluminium ingot production,kt,10.0,0.0069444444444444,OMNIA 2019 region total assigned to the sole country; no secondary or primary weight available,Mexico,650.0,0.3682719546742209,Zijie 2024 regional total allocated using country shares from secondary_aluminium_production_estimates_2024.xlsx,144.47647074315512,876.8588244589307,1.1622393187475184,Existing values retained through 2024; 2025 extrapolated using a country-level OLS linear trend fitted over 2019-2024 and floored at zero; Zijie regional growth indexed to 2025 thereafter,10.0,154.4764707431551,298.9529414863102,443.4294122294653,587.9058829726204,732.3823537157755,876.8588244589307,909.3351949287256,944.8910256854307,978.6382789343332,1010.9370772053518,1042.2469337004327,1072.8743883128957,1102.751937517096,1131.661213650023,1159.223759812997,1185.1432002011743,1209.0296612652294,1230.6570251929109,1250.2069992080005,1268.0383264159923,1284.5231738021137,1300.11918207732,1315.1902538876334,1330.043040579154,1344.9064485817528,1359.7868908524097,1374.6299149673537,1389.282161593585,1403.6089563506437,1417.3587731226844,1430.330836849422
Chile,CL,CHL,CHL,Rest of World,Secondary aluminium ingot production,kt,0.0,0.0,No 2019 secondary producer share; assigned zero,,0.0,0.0,No 2024 secondary production estimate; assigned zero share,0.0,0.0,,Existing values retained through 2024; 2025 extrapolated using a country-level OLS linear trend fitted over 2019-2024 and floored at zero; Zijie regional growth indexed to 2025 thereafter,0.0,0.0,0.0,0.0,0.0,0.0,0.0,0.0,0.0,0.0,0.0,0.0,0.0,0.0,0.0,0.0,0.0,0.0,0.0,0.0,0.0,0.0,0.0,0.0,0.0,0.0,0.0,0.0,0.0,0.0,0.0,0.0
Ukraine,UA,UKR,ENE,Europe,Secondary aluminium ingot production,kt,0.0,0.0,No 2019 secondary producer share; assigned zero,,0.0,0.0,No 2024 secondary production estimate; assigned zero share,0.0,0.0,,Existing values retained through 2024; 2025 extrapolated using a country-level OLS linear trend fitted over 2019-2024 and floored at zero; Zijie regional growth indexed to 2025 thereafter,0.0,0.0,0.0,0.0,0.0,0.0,0.0,0.0,0.0,0.0,0.0,0.0,0.0,0.0,0.0,0.0,0.0,0.0,0.0,0.0,0.0,0.0,0.0,0.0,0.0,0.0,0.0,0.0,0.0,0.0,0.0,0.0
Belarus,BY,BLR,ENE,Rest of World,Secondary aluminium ingot production,kt,0.0,0.0,No 2019 secondary producer share; assigned zero,,0.0,0.0,No 2024 secondary production estimate; assigned zero share,0.0,0.0,,Existing values retained through 2024; 2025 extrapolated using a country-level OLS linear trend fitted over 2019-2024 and floored at zero; Zijie regional growth indexed to 2025 thereafter,0.0,0.0,0.0,0.0,0.0,0.0,0.0,0.0,0.0,0.0,0.0,0.0,0.0,0.0,0.0,0.0,0.0,0.0,0.0,0.0,0.0,0.0,0.0,0.0,0.0,0.0,0.0,0.0,0.0,0.0,0.0,0.0
Serbia,RS,SRB,ENE,Europe,Secondary aluminium ingot production,kt,50.0,0.0080775444264943,OMNIA 2019 region total allocated using INF_Data secondary-country weights,Serbia,50.0,0.0079436950892076,Zijie 2024 regional total allocated using country shares from secondary_aluminium_production_estimates_2024.xlsx,6.179945419809951,87.07967251885971,1.189835584963823,Existing values retained through 2024; 2025 extrapolated using a country-level OLS linear trend fitted over 2019-2024 and floored at zero; Zijie regional growth indexed to 2025 thereafter,50.0,56.179945419809954,62.3598908396199,68.53983625942985,74.7197816792398,80.89972709904976,87.07967251885971,85.35250421082817,85.89487631398461,86.51353173930133,87.39183259417423,88.43559054453387,89.63356124622389,90.94123251562003,92.30516799388576,93.65630186187695,94.91193906882765,96.00775911694338,96.8969377102318,97.55616836948198,97.9669892701406,98.12268266216805,98.03849204459631,97.73258703457213,97.21325339757747,96.49301351001411,95.61370410715466,94.62015670907537,93.55414782967023,91.28676790805486,89.06050681297373,86.97040461515743
Bosnia and Herzegovina,BA,BIH,ENE,Rest of World,Secondary aluminium ingot production,kt,0.0,0.0,No 2019 secondary producer share; assigned zero,,0.0,0.0,No 2024 secondary production estimate; assigned zero share,0.0,0.0,,Existing values retained through 2024; 2025 extrapolated using a country-level OLS linear trend fitted over 2019-2024 and floored at zero; Zijie regional growth indexed to 2025 thereafter,0.0,0.0,0.0,0.0,0.0,0.0,0.0,0.0,0.0,0.0,0.0,0.0,0.0,0.0,0.0,0.0,0.0,0.0,0.0,0.0,0.0,0.0,0.0,0.0,0.0,0.0,0.0,0.0,0.0,0.0,0.0,0.0
Republic of Moldova,MD,MDA,ENE,Europe,Secondary aluminium ingot production,kt,0.0,0.0,No 2019 secondary producer share; assigned zero,,0.0,0.0,No 2024 secondary production estimate; assigned zero share,0.0,0.0,,Existing values retained through 2024; 2025 extrapolated using a country-level OLS linear trend fitted over 2019-2024 and floored at zero; Zijie regional growth indexed to 2025 thereafter,0.0,0.0,0.0,0.0,0.0,0.0,0.0,0.0,0.0,0.0,0.0,0.0,0.0,0.0,0.0,0.0,0.0,0.0,0.0,0.0,0.0,0.0,0.0,0.0,0.0,0.0,0.0,0.0,0.0,0.0,0.0,0.0
Republic of North Macedonia,MK,MKD,ENE,Europe,Secondary aluminium ingot production,kt,0.0,0.0,No 2019 secondary producer share; assigned zero,,0.0,0.0,No 2024 secondary production estimate; assigned zero share,0.0,0.0,,Existing values retained through 2024; 2025 extrapolated using a country-level OLS linear trend fitted over 2019-2024 and floored at zero; Zijie regional growth indexed to 2025 thereafter,0.0,0.0,0.0,0.0,0.0,0.0,0.0,0.0,0.0,0.0,0.0,0.0,0.0,0.0,0.0,0.0,0.0,0.0,0.0,0.0,0.0,0.0,0.0,0.0,0.0,0.0,0.0,0.0,0.0,0.0,0.0,0.0
Kosovo,XK,XKX,ENE,Rest of World,Secondary aluminium ingot production,kt,0.0,0.0,No 2019 secondary producer share; assigned zero,,0.0,0.0,No 2024 secondary production estimate; assigned zero share,0.0,0.0,,Existing values retained through 2024; 2025 extrapolated using a country-level OLS linear trend fitted over 2019-2024 and floored at zero; Zijie regional growth indexed to 2025 thereafter,0.0,0.0,0.0,0.0,0.0,0.0,0.0,0.0,0.0,0.0,0.0,0.0,0.0,0.0,0.0,0.0,0.0,0.0,0.0,0.0,0.0,0.0,0.0,0.0,0.0,0.0,0.0,0.0,0.0,0.0,0.0,0.0
Albania,AL,ALB,ENE,Rest of World,Secondary aluminium ingot production,kt,0.0,0.0,No 2019 secondary producer share; assigned zero,,0.0,0.0,No 2024 secondary production estimate; assigned zero share,0.0,0.0,,Existing values retained through 2024; 2025 extrapolated using a country-level OLS linear trend fitted over 2019-2024 and floored at zero; Zijie regional growth indexed to 2025 thereafter,0.0,0.0,0.0,0.0,0.0,0.0,0.0,0.0,0.0,0.0,0.0,0.0,0.0,0.0,0.0,0.0,0.0,0.0,0.0,0.0,0.0,0.0,0.0,0.0,0.0,0.0,0.0,0.0,0.0,0.0,0.0,0.0
Montenegro,ME,MNE,ENE,Europe,Secondary aluminium ingot production,kt,0.0,0.0,No 2019 secondary producer share; assigned zero,,0.0,0.0,No 2024 secondary production estimate; assigned zero share,0.0,0.0,,Existing values retained through 2024; 2025 extrapolated using a country-level OLS linear trend fitted over 2019-2024 and floored at zero; Zijie regional growth indexed to 2025 thereafter,0.0,0.0,0.0,0.0,0.0,0.0,0.0,0.0,0.0,0.0,0.0,0.0,0.0,0.0,0.0,0.0,0.0,0.0,0.0,0.0,0.0,0.0,0.0,0.0,0.0,0.0,0.0,0.0,0.0,0.0,0.0,0.0
Norway,NO,NOR,ENW,Europe,Secondary aluminium ingot production,kt,0.0,0.0,No 2019 secondary producer share; assigned zero,,0.0,0.0,No 2024 secondary production estimate; assigned zero share,0.0,0.0,,Existing values retained through 2024; 2025 extrapolated using a country-level OLS linear trend fitted over 2019-2024 and floored at zero; Zijie regional growth indexed to 2025 thereafter,0.0,0.0,0.0,0.0,0.0,0.0,0.0,0.0,0.0,0.0,0.0,0.0,0.0,0.0,0.0,0.0,0.0,0.0,0.0,0.0,0.0,0.0,0.0,0.0,0.0,0.0,0.0,0.0,0.0,0.0,0.0,0.0
Svalbard and Jan Mayen Islands,SJ,SJM,ENW,Rest of World,Secondary aluminium ingot production,kt,0.0,0.0,No 2019 secondary producer share; assigned zero,,0.0,0.0,No 2024 secondary production estimate; assigned zero share,0.0,0.0,,Existing values retained through 2024; 2025 extrapolated using a country-level OLS linear trend fitted over 2019-2024 and floored at zero; Zijie regional growth indexed to 2025 thereafter,0.0,0.0,0.0,0.0,0.0,0.0,0.0,0.0,0.0,0.0,0.0,0.0,0.0,0.0,0.0,0.0,0.0,0.0,0.0,0.0,0.0,0.0,0.0,0.0,0.0,0.0,0.0,0.0,0.0,0.0,0.0,0.0
Switzerland,CH,CHE,ENW,Europe,Secondary aluminium ingot production,kt,0.0,0.0,No 2019 secondary producer share; assigned zero,,0.0,0.0,No 2024 secondary production estimate; assigned zero share,0.0,0.0,,Existing values retained through 2024; 2025 extrapolated using a country-level OLS linear trend fitted over 2019-2024 and floored at zero; Zijie regional growth indexed to 2025 thereafter,0.0,0.0,0.0,0.0,0.0,0.0,0.0,0.0,0.0,0.0,0.0,0.0,0.0,0.0,0.0,0.0,0.0,0.0,0.0,0.0,0.0,0.0,0.0,0.0,0.0,0.0,0.0,0.0,0.0,0.0,0.0,0.0
Liechtenstein,LI,LIE,ENW,Rest of World,Secondary aluminium ingot production,kt,0.0,0.0,No 2019 secondary producer share; assigned zero,,0.0,0.0,No 2024 secondary production estimate; assigned zero share,0.0,0.0,,Existing values retained through 2024; 2025 extrapolated using a country-level OLS linear trend fitted over 2019-2024 and floored at zero; Zijie regional growth indexed to 2025 thereafter,0.0,0.0,0.0,0.0,0.0,0.0,0.0,0.0,0.0,0.0,0.0,0.0,0.0,0.0,0.0,0.0,0.0,0.0,0.0,0.0,0.0,0.0,0.0,0.0,0.0,0.0,0.0,0.0,0.0,0.0,0.0,0.0
Iceland,IS,ISL,ENW,Europe,Secondary aluminium ingot production,kt,0.0,0.0,No 2019 secondary producer share; assigned zero,,0.0,0.0,No 2024 secondary production estimate; assigned zero share,0.0,0.0,,Existing values retained through 2024; 2025 extrapolated using a country-level OLS linear trend fitted over 2019-2024 and floored at zero; Zijie regional growth indexed to 2025 thereafter,0.0,0.0,0.0,0.0,0.0,0.0,0.0,0.0,0.0,0.0,0.0,0.0,0.0,0.0,0.0,0.0,0.0,0.0,0.0,0.0,0.0,0.0,0.0,0.0,0.0,0.0,0.0,0.0,0.0,0.0,0.0,0.0
United Kingdom of Great Britain and Northern Ireland,GB,GBR,ENW,UK,Secondary aluminium ingot production,kt,1110.0,1.0,OMNIA 2019 region total allocated using INF_Data secondary-country weights,United Kingdom,270.0,1.0,Zijie 2024 regional total allocated using country shares from secondary_aluminium_production_estimates_2024.xlsx,-150.42544306261803,207.44734162429188,0.4725245587606258,Existing values retained through 2024; 2025 extrapolated using a country-level OLS linear trend fitted over 2019-2024 and floored at zero; Zijie regional growth indexed to 2025 thereafter,1110.0,959.574556937382,809.149113874764,658.7236708121459,508.2982277495279,357.87278468690994,207.44734162429188,212.0389948476155,215.88939946974656,218.69100545769246,220.02191830776212,220.8997888315015,221.08812438567028,220.75897608197292,220.93732204168708,220.9718622244252,221.09398944309493,221.35761224643855,221.3232110079841,221.47031410858398,221.28476484634405,220.61439717126945,219.72530526552038,218.4985388741185,217.18923770366314,215.5264427201022,213.61400102593748,211.80616269318426,210.0333121885256,208.1908768111274,206.11004264931861,203.96885580526143
Gibraltar,GI,GIB,ENW,Rest of World,Secondary aluminium ingot production,kt,0.0,0.0,No 2019 secondary producer share; assigned zero,,0.0,0.0,No 2024 secondary production estimate; assigned zero share,0.0,0.0,,Existing values retained through 2024; 2025 extrapolated using a country-level OLS linear trend fitted over 2019-2024 and floored at zero; Zijie regional growth indexed to 2025 thereafter,0.0,0.0,0.0,0.0,0.0,0.0,0.0,0.0,0.0,0.0,0.0,0.0,0.0,0.0,0.0,0.0,0.0,0.0,0.0,0.0,0.0,0.0,0.0,0.0,0.0,0.0,0.0,0.0,0.0,0.0,0.0,0.0
Saint Helena,SH ,SHN,ENW,Rest of World,Secondary aluminium ingot production,kt,0.0,0.0,No 2019 secondary producer share; assigned zero,,0.0,0.0,No 2024 secondary production estimate; assigned zero share,0.0,0.0,,Existing values retained through 2024; 2025 extrapolated using a country-level OLS linear trend fitted over 2019-2024 and floored at zero; Zijie regional growth indexed to 2025 thereafter,0.0,0.0,0.0,0.0,0.0,0.0,0.0,0.0,0.0,0.0,0.0,0.0,0.0,0.0,0.0,0.0,0.0,0.0,0.0,0.0,0.0,0.0,0.0,0.0,0.0,0.0,0.0,0.0,0.0,0.0,0.0,0.0
Liechtenstein,LI,LIE,ENW,Rest of World,Secondary aluminium ingot production,kt,0.0,0.0,No 2019 secondary producer share; assigned zero,,0.0,0.0,No 2024 secondary production estimate; assigned zero share,0.0,0.0,,Existing values retained through 2024; 2025 extrapolated using a country-level OLS linear trend fitted over 2019-2024 and floored at zero; Zijie regional growth indexed to 2025 thereafter,0.0,0.0,0.0,0.0,0.0,0.0,0.0,0.0,0.0,0.0,0.0,0.0,0.0,0.0,0.0,0.0,0.0,0.0,0.0,0.0,0.0,0.0,0.0,0.0,0.0,0.0,0.0,0.0,0.0,0.0,0.0,0.0
Poland,PL,POL,EUE,Europe,Secondary aluminium ingot production,kt,24.869565217391305,0.0040177003582215,OMNIA 2019 region total allocated using INF_Data secondary-country weights,Poland,450.0,0.0714932558028692,Zijie 2024 regional total allocated using country shares from secondary_aluminium_production_estimates_2024.xlsx,140.64559573481128,868.7431396262591,1.318921794797425,Existing values retained through 2024; 2025 extrapolated using a country-level OLS linear trend fitted over 2019-2024 and floored at zero; Zijie regional growth indexed to 2025 thereafter,24.869565217391305,165.51516095220262,306.160756687014,446.8063524218253,587.4519481566365,728.0975438914478,868.7431396262591,851.5121880714365,856.9231184310996,863.0950830353539,871.8573787598064,882.270343491718,894.22179896304,907.2676730610186,920.8748623781304,934.3543374907616,946.881098075003,957.8134560126063,966.6842725933018,973.2610326578376,977.3595533428455,978.912815571521,978.0728948492595,975.0210588564422,969.8399698460471,962.6545562689537,953.8821988490569,943.9701555327713,933.3352062503963,910.7148782811671,888.5047688787723,867.6530374361971
Czechia,CZ,CZE,EUE,Europe,Secondary aluminium ingot production,kt,126.2608695652174,0.020397555664817,OMNIA 2019 region total allocated using INF_Data secondary-country weights,Czechia,80.0,0.0127099121427323,Zijie 2024 regional total allocated using country shares from secondary_aluminium_production_estimates_2024.xlsx,0.6357387586524412,130.07530211713205,1.1108234182779866,Existing values retained through 2024; 2025 extrapolated using a country-level OLS linear trend fitted over 2019-2024 and floored at zero; Zijie regional growth indexed to 2025 thereafter,126.2608695652174,126.89660832386984,127.53234708252228,128.16808584117473,128.80382459982715,129.4395633584796,130.07530211713205,127.49534363800846,128.30551222428443,129.22962905920988,130.5415913776555,132.10070531094212,133.8901746146542,135.84350919339596,137.88088846081644,139.899145316819,141.77475399010896,143.4116357066059,144.73984665196778,145.7245727618216,146.33823667698655,146.5708037551554,146.44504398023548,145.98809822645555,145.2123433599333,144.13648468635682,142.82301584887807,141.33890395186947,139.74655268277002,136.35965284969402,133.03417428325156,129.9120831341633
Romania,RO,ROU,EUE,Europe,Secondary aluminium ingot production,kt,15.304347826086955,0.0024724309896747,OMNIA 2019 region total allocated using INF_Data secondary-country weights,Romania,80.0,0.0127099121427323,Zijie 2024 regional total allocated using country shares from secondary_aluminium_production_estimates_2024.xlsx,22.82704310647853,152.26660646495813,1.3003338030357445,Existing values retained through 2024; 2025 extrapolated using a country-level OLS linear trend fitted over 2019-2024 and floored at zero; Zijie regional growth indexed to 2025 thereafter,15.304347826086955,38.13139093256549,60.958434039044015,83.78547714552253,106.61252025200108,129.4395633584796,152.26660646495813,149.24649798900091,150.19488418752513,151.2766586069651,152.81244631445566,154.63755057214175,156.73230963719539,159.0188899699309,161.40385331103332,163.76643189002758,165.96202600428097,167.87816550270077,169.43297391004737,170.5856977600359,171.30405489894935,171.57629873918546,171.42908390404628,170.89418159642767,169.986080219368,168.72667626954006,167.18912502556705,165.45181841552142,163.58780641555234,159.62308955058728,155.73027263651875,152.07554174903743
Hungary,HU,HUN,EUE,Europe,Secondary aluminium ingot production,kt,0.0,0.0,No 2019 secondary producer share; assigned zero,Hungary,100.0,0.0158873901784153,Zijie 2024 regional total allocated using country shares from secondary_aluminium_production_estimates_2024.xlsx,32.3598908396199,194.1593450377194,1.3264731664506075,Existing values retained through 2024; 2025 extrapolated using a country-level OLS linear trend fitted over 2019-2024 and floored at zero; Zijie regional growth indexed to 2025 thereafter,0.0,32.3598908396199,64.7197816792398,97.07967251885972,129.4395633584796,161.7994541980995,194.1593450377194,190.30832151228432,191.51763488324102,192.89703524969863,194.85536046837993,197.1826011912461,199.85368618831168,202.76936776871275,205.8105002336566,208.82308927170834,211.62275181813948,214.0660740845992,216.04865312171086,217.51852306180598,218.43452004126647,218.78166566260768,218.59394797037007,217.9118793007022,216.75393421549185,215.14803354092217,213.18745958828447,210.972172064859,208.59531900785115,203.53979930045708,198.57596120138416,193.9157131543785
Bulgaria,BG,BGR,EUE,Europe,Secondary aluminium ingot production,kt,34.434782608695656,0.0055629697267682,OMNIA 2019 region total allocated using INF_Data secondary-country weights,Bulgaria,20.0,0.003177478035683,Zijie 2024 regional total allocated using country shares from secondary_aluminium_production_estimates_2024.xlsx,-0.4149783538151496,31.944912485804757,1.0912188957168392,Existing values retained through 2024; 2025 extrapolated using a country-level OLS linear trend fitted over 2019-2024 and floored at zero; Zijie regional growth indexed to 2025 thereafter,34.434782608695656,34.019804254880505,33.604825901065354,33.1898475472502,32.77486919343505,32.3598908396199,31.944912485804757,31.31130605559714,31.51027360874592,31.73722546615363,32.05942745811733,32.442326881325194,32.88179878239094,33.36151400240412,33.86186957597437,34.35752891782867,34.818155600609,35.220153845717995,35.546346302869196,35.78818306119125,35.938891456609674,35.996007102994966,35.96512203151204,35.85290171083875,35.66238574879105,35.398167940989644,35.07559596627067,34.711116131148785,34.320054022430895,33.488272608090064,32.67157550995254,31.904827888328573
Slovakia,SK,SVK,EUE,Europe,Secondary aluminium ingot production,kt,0.0,0.0,No 2019 secondary producer share; assigned zero,,0.0,0.0,No 2024 secondary production estimate; assigned zero share,0.0,0.0,,Existing values retained through 2024; 2025 extrapolated using a country-level OLS linear trend fitted over 2019-2024 and floored at zero; Zijie regional growth indexed to 2025 thereafter,0.0,0.0,0.0,0.0,0.0,0.0,0.0,0.0,0.0,0.0,0.0,0.0,0.0,0.0,0.0,0.0,0.0,0.0,0.0,0.0,0.0,0.0,0.0,0.0,0.0,0.0,0.0,0.0,0.0,0.0,0.0,0.0
Croatia,HR,HRV,EUE,Europe,Secondary aluminium ingot production,kt,0.0,0.0,No 2019 secondary producer share; assigned zero,,0.0,0.0,No 2024 secondary production estimate; assigned zero share,0.0,0.0,,Existing values retained through 2024; 2025 extrapolated using a country-level OLS linear trend fitted over 2019-2024 and floored at zero; Zijie regional growth indexed to 2025 thereafter,0.0,0.0,0.0,0.0,0.0,0.0,0.0,0.0,0.0,0.0,0.0,0.0,0.0,0.0,0.0,0.0,0.0,0.0,0.0,0.0,0.0,0.0,0.0,0.0,0.0,0.0,0.0,0.0,0.0,0.0,0.0,0.0
Lithuania,LT,LTU,EUE,Europe,Secondary aluminium ingot production,kt,0.0,0.0,No 2019 secondary producer share; assigned zero,,0.0,0.0,No 2024 secondary production estimate; assigned zero share,0.0,0.0,,Existing values retained through 2024; 2025 extrapolated using a country-level OLS linear trend fitted over 2019-2024 and floored at zero; Zijie regional growth indexed to 2025 thereafter,0.0,0.0,0.0,0.0,0.0,0.0,0.0,0.0,0.0,0.0,0.0,0.0,0.0,0.0,0.0,0.0,0.0,0.0,0.0,0.0,0.0,0.0,0.0,0.0,0.0,0.0,0.0,0.0,0.0,0.0,0.0,0.0
Slovenia,SI,SVN,EUE,Europe,Secondary aluminium ingot production,kt,19.13043478260869,0.0030905387370934,OMNIA 2019 region total allocated using INF_Data secondary-country weights,Slovenia,70.0,0.0111211731248907,Zijie 2024 regional total allocated using country shares from secondary_aluminium_production_estimates_2024.xlsx,18.825836631212194,132.08545456988188,1.289131218715089,Existing values retained through 2024; 2025 extrapolated using a country-level OLS linear trend fitted over 2019-2024 and floored at zero; Zijie regional growth indexed to 2025 thereafter,19.13043478260869,37.956271413820886,56.78210804503309,75.60794467624528,94.43378130745748,113.25961793866966,132.08545456988188,129.4656260325659,130.28831476943415,131.2267126837968,132.5589497525556,134.1421578578034,135.95928119000078,137.94280213179985,140.0116665686947,142.061113081022,143.9657069599094,145.62788465299624,146.976621451046,147.97656528150313,148.59971261130678,148.83587372519955,148.70817048894688,148.24416320532399,147.4564200095625,146.36393527464847,145.0301684054735,143.5231213999441,141.9061623170851,138.466922148097,135.09005243523322,131.91971323998325
Estonia,EE,EST,EUE,Europe,Secondary aluminium ingot production,kt,0.0,0.0,No 2019 secondary producer share; assigned zero,,0.0,0.0,No 2024 secondary production estimate; assigned zero share,0.0,0.0,,Existing values retained through 2024; 2025 extrapolated using a country-level OLS linear trend fitted over 2019-2024 and floored at zero; Zijie regional growth indexed to 2025 thereafter,0.0,0.0,0.0,0.0,0.0,0.0,0.0,0.0,0.0,0.0,0.0,0.0,0.0,0.0,0.0,0.0,0.0,0.0,0.0,0.0,0.0,0.0,0.0,0.0,0.0,0.0,0.0,0.0,0.0,0.0,0.0,0.0
Latvia,LV,LVA,EUE,Europe,Secondary aluminium ingot production,kt,0.0,0.0,No 2019 secondary producer share; assigned zero,,0.0,0.0,No 2024 secondary production estimate; assigned zero share,0.0,0.0,,Existing values retained through 2024; 2025 extrapolated using a country-level OLS linear trend fitted over 2019-2024 and floored at zero; Zijie regional growth indexed to 2025 thereafter,0.0,0.0,0.0,0.0,0.0,0.0,0.0,0.0,0.0,0.0,0.0,0.0,0.0,0.0,0.0,0.0,0.0,0.0,0.0,0.0,0.0,0.0,0.0,0.0,0.0,0.0,0.0,0.0,0.0,0.0,0.0,0.0
Germany,DE,DEU,EUW,Europe,Secondary aluminium ingot production,kt,1184.4155844155846,0.1913433900509829,OMNIA 2019 region total allocated using INF_Data secondary-country weights,Germany,2741.3,0.4355210269609011,Zijie 2024 regional total allocated using country shares from secondary_aluminium_production_estimates_2024.xlsx,650.1985707033834,5085.607008635885,1.267437059154871,Existing values retained through 2024; 2025 extrapolated using a country-level OLS linear trend fitted over 2019-2024 and floored at zero; Zijie regional growth indexed to 2025 thereafter,1184.4155844155846,1834.614155118968,2484.812725822352,3135.011296525735,3785.209867229119,4435.408437932502,5085.607008635885,4984.737322309072,5016.41281314769,5052.543385024151,5103.837709566599,5164.795021349309,5234.758630770735,5311.128947519371,5390.785193655264,5469.693803091906,5543.025238491936,5607.023068935017,5658.952672654843,5697.452910012353,5721.445577775672,5730.538347451874,5725.62146636586,5707.756072319749,5677.426068683729,5635.362784404633,5584.009558874612,5525.984632219202,5463.727826795447,5331.308826045186,5201.291237546034,5079.225569652328
Netherlands,NL,NLD,EUW,Europe,Secondary aluminium ingot production,kt,0.0,0.0,No 2019 secondary producer share; assigned zero,Netherlands,180.0,0.0285973023211477,Zijie 2024 regional total allocated using country shares from secondary_aluminium_production_estimates_2024.xlsx,58.247803511315816,349.4868210678949,1.3264731664506075,Existing values retained through 2024; 2025 extrapolated using a country-level OLS linear trend fitted over 2019-2024 and floored at zero; Zijie regional growth indexed to 2025 thereafter,0.0,58.24780351131582,116.49560702263165,174.74341053394744,232.9912140452633,291.2390175565791,349.4868210678949,342.5549787221118,344.7317427898338,347.2146634494575,350.73964884308384,354.92868214424294,359.736635138961,364.98486198368295,370.45890042058187,375.881560689075,380.920953272651,385.3189333522785,388.8875756190795,391.53334151125074,393.18213607427964,393.8069981926938,393.4691063466661,392.2413827412639,390.15708158788533,387.26646037365987,383.737427258912,379.7499097167462,375.47157421413203,366.37163874082273,357.4367301624915,349.0482836778813
Belgium,BE,BEL,EUW,Europe,Secondary aluminium ingot production,kt,0.0,0.0,No 2019 secondary producer share; assigned zero,Belgium,490.0,0.0778482118742354,Zijie 2024 regional total allocated using country shares from secondary_aluminium_production_estimates_2024.xlsx,158.56346511413753,951.3807906848251,1.3264731664506075,Existing values retained through 2024; 2025 extrapolated using a country-level OLS linear trend fitted over 2019-2024 and floored at zero; Zijie regional growth indexed to 2025 thereafter,0.0,158.56346511413756,317.1269302282751,475.69039534241256,634.2538604565502,792.8173255706877,951.3807906848251,932.5107754101933,938.4364109278811,945.1954727235234,954.7912662950617,966.194745837106,979.2830623227273,993.5699020666926,1008.4714511449174,1023.233137431371,1036.9514839088836,1048.9237630145362,1058.6384002963832,1065.8407630028494,1070.329148202206,1072.0301617467778,1071.1103450548135,1067.768208573441,1062.0942776559102,1054.2253643505187,1044.618551982594,1033.7636431178094,1022.1170631384707,997.3450165722398,973.0222098867824,950.1869944564547
Sweden,SE,SWE,EUW,Europe,Secondary aluminium ingot production,kt,0.0,0.0,No 2019 secondary producer share; assigned zero,,0.0,0.0,No 2024 secondary production estimate; assigned zero share,0.0,0.0,,Existing values retained through 2024; 2025 extrapolated using a country-level OLS linear trend fitted over 2019-2024 and floored at zero; Zijie regional growth indexed to 2025 thereafter,0.0,0.0,0.0,0.0,0.0,0.0,0.0,0.0,0.0,0.0,0.0,0.0,0.0,0.0,0.0,0.0,0.0,0.0,0.0,0.0,0.0,0.0,0.0,0.0,0.0,0.0,0.0,0.0,0.0,0.0,0.0,0.0
Austria,AT,AUT,EUW,Europe,Secondary aluminium ingot production,kt,735.5844155844156,0.1188343159263999,OMNIA 2019 region total allocated using INF_Data secondary-country weights,Austria,369.0,0.0586244697583527,Zijie 2024 regional total allocated using country shares from secondary_aluminium_production_estimates_2024.xlsx,-27.70888591868565,569.3311000723018,1.0540924739714086,Existing values retained through 2024; 2025 extrapolated using a country-level OLS linear trend fitted over 2019-2024 and floored at zero; Zijie regional growth indexed to 2025 thereafter,735.5844155844156,707.8755296657299,680.1666437470443,652.4577578283586,624.748871909673,597.0399859909872,569.3311000723018,558.0387903474501,561.5848453245369,565.6296443421834,571.3720177048178,578.1961575401941,586.0285477837363,594.5781656314263,603.4956415911629,612.3294200053132,620.5388366423604,627.7033609845929,633.5168535257826,637.8269353804315,640.512902248922,641.5308331573987,640.9803908379527,638.9803691240794,635.5849407502452,630.875977617505,625.1270103194773,618.6311494973096,611.6615320143417,596.8372926974615,582.281890252233,568.6167012462848
Finland,FI,FIN,EUW,Europe,Secondary aluminium ingot production,kt,0.0,0.0,No 2019 secondary producer share; assigned zero,,0.0,0.0,No 2024 secondary production estimate; assigned zero share,0.0,0.0,,Existing values retained through 2024; 2025 extrapolated using a country-level OLS linear trend fitted over 2019-2024 and floored at zero; Zijie regional growth indexed to 2025 thereafter,0.0,0.0,0.0,0.0,0.0,0.0,0.0,0.0,0.0,0.0,0.0,0.0,0.0,0.0,0.0,0.0,0.0,0.0,0.0,0.0,0.0,0.0,0.0,0.0,0.0,0.0,0.0,0.0,0.0,0.0,0.0,0.0
Denmark,DK,DNK,EUW,Europe,Secondary aluminium ingot production,kt,0.0,0.0,No 2019 secondary producer share; assigned zero,,0.0,0.0,No 2024 secondary production estimate; assigned zero share,0.0,0.0,,Existing values retained through 2024; 2025 extrapolated using a country-level OLS linear trend fitted over 2019-2024 and floored at zero; Zijie regional growth indexed to 2025 thereafter,0.0,0.0,0.0,0.0,0.0,0.0,0.0,0.0,0.0,0.0,0.0,0.0,0.0,0.0,0.0,0.0,0.0,0.0,0.0,0.0,0.0,0.0,0.0,0.0,0.0,0.0,0.0,0.0,0.0,0.0,0.0,0.0
Ireland,IE,IRL,EUW,Europe,Secondary aluminium ingot production,kt,0.0,0.0,No 2019 secondary producer share; assigned zero,,0.0,0.0,No 2024 secondary production estimate; assigned zero share,0.0,0.0,,Existing values retained through 2024; 2025 extrapolated using a country-level OLS linear trend fitted over 2019-2024 and floored at zero; Zijie regional growth indexed to 2025 thereafter,0.0,0.0,0.0,0.0,0.0,0.0,0.0,0.0,0.0,0.0,0.0,0.0,0.0,0.0,0.0,0.0,0.0,0.0,0.0,0.0,0.0,0.0,0.0,0.0,0.0,0.0,0.0,0.0,0.0,0.0,0.0,0.0
Luxembourg,LU,LUX,EUW,Europe,Secondary aluminium ingot production,kt,0.0,0.0,No 2019 secondary producer share; assigned zero,,0.0,0.0,No 2024 secondary production estimate; assigned zero share,0.0,0.0,,Existing values retained through 2024; 2025 extrapolated using a country-level OLS linear trend fitted over 2019-2024 and floored at zero; Zijie regional growth indexed to 2025 thereafter,0.0,0.0,0.0,0.0,0.0,0.0,0.0,0.0,0.0,0.0,0.0,0.0,0.0,0.0,0.0,0.0,0.0,0.0,0.0,0.0,0.0,0.0,0.0,0.0,0.0,0.0,0.0,0.0,0.0,0.0,0.0,0.0
Greenland,GL,GRL,EUW,Rest of World,Secondary aluminium ingot production,kt,0.0,0.0,No 2019 secondary producer share; assigned zero,,0.0,0.0,No 2024 secondary production estimate; assigned zero share,0.0,0.0,,Existing values retained through 2024; 2025 extrapolated using a country-level OLS linear trend fitted over 2019-2024 and floored at zero; Zijie regional growth indexed to 2025 thereafter,0.0,0.0,0.0,0.0,0.0,0.0,0.0,0.0,0.0,0.0,0.0,0.0,0.0,0.0,0.0,0.0,0.0,0.0,0.0,0.0,0.0,0.0,0.0,0.0,0.0,0.0,0.0,0.0,0.0,0.0,0.0,0.0
Faroe Islands,FO,FRO,EUW,Rest of World,Secondary aluminium ingot production,kt,0.0,0.0,No 2019 secondary producer share; assigned zero,,0.0,0.0,No 2024 secondary production estimate; assigned zero share,0.0,0.0,,Existing values retained through 2024; 2025 extrapolated using a country-level OLS linear trend fitted over 2019-2024 and floored at zero; Zijie regional growth indexed to 2025 thereafter,0.0,0.0,0.0,0.0,0.0,0.0,0.0,0.0,0.0,0.0,0.0,0.0,0.0,0.0,0.0,0.0,0.0,0.0,0.0,0.0,0.0,0.0,0.0,0.0,0.0,0.0,0.0,0.0,0.0,0.0,0.0,0.0
Andorra,AD,AND,EUW,Rest of World,Secondary aluminium ingot production,kt,0.0,0.0,No 2019 secondary producer share; assigned zero,,0.0,0.0,No 2024 secondary production estimate; assigned zero share,0.0,0.0,,Existing values retained through 2024; 2025 extrapolated using a country-level OLS linear trend fitted over 2019-2024 and floored at zero; Zijie regional growth indexed to 2025 thereafter,0.0,0.0,0.0,0.0,0.0,0.0,0.0,0.0,0.0,0.0,0.0,0.0,0.0,0.0,0.0,0.0,0.0,0.0,0.0,0.0,0.0,0.0,0.0,0.0,0.0,0.0,0.0,0.0,0.0,0.0,0.0,0.0
France,FR,FRA,EUM,Europe,Secondary aluminium ingot production,kt,729.2710706150342,0.1178143894370006,OMNIA 2019 region total allocated using INF_Data secondary-country weights,France,140.0,0.0222423462497815,Zijie 2024 regional total allocated using country shares from secondary_aluminium_production_estimates_2024.xlsx,-100.55036694753899,125.96886892980035,0.6147171997569182,Existing values retained through 2024; 2025 extrapolated using a country-level OLS linear trend fitted over 2019-2024 and floored at zero; Zijie regional growth indexed to 2025 thereafter,729.2710706150342,628.7207036674952,528.1703367199563,427.6199697724173,327.0696028248783,226.51923587733933,125.96886892980035,123.47035886515802,124.2549507038434,125.14989348360125,126.42043759645898,127.93033083147103,129.6633071959635,131.55497566430958,133.52803555900715,135.48257673033203,137.29897307370936,138.88417898938206,140.1704587655132,141.1240974059388,141.71838815935752,141.94361317371772,141.82182359225465,141.37930346099947,140.62803891260273,139.5861447325938,138.31414166099805,136.87688267340724,135.33480139400524,132.05482484037077,128.8343305048064,125.81080271478646
Monaco,MC,MCO,EUM,Rest of World,Secondary aluminium ingot production,kt,0.0,0.0,No 2019 secondary producer share; assigned zero,,0.0,0.0,No 2024 secondary production estimate; assigned zero share,0.0,0.0,,Existing values retained through 2024; 2025 extrapolated using a country-level OLS linear trend fitted over 2019-2024 and floored at zero; Zijie regional growth indexed to 2025 thereafter,0.0,0.0,0.0,0.0,0.0,0.0,0.0,0.0,0.0,0.0,0.0,0.0,0.0,0.0,0.0,0.0,0.0,0.0,0.0,0.0,0.0,0.0,0.0,0.0,0.0,0.0,0.0,0.0,0.0,0.0,0.0,0.0
Italy,IT,ITA,EUM,Europe,Secondary aluminium ingot production,kt,2640.728929384966,0.4266121049087182,OMNIA 2019 region total allocated using INF_Data secondary-country weights,Italy,1000.0,0.1588739017841539,Zijie 2024 regional total allocated using country shares from secondary_aluminium_production_estimates_2024.xlsx,-204.5468774807942,1413.4476645002007,0.9656503521772593,Existing values retained through 2024; 2025 extrapolated using a country-level OLS linear trend fitted over 2019-2024 and floored at zero; Zijie regional growth indexed to 2025 thereafter,2640.728929384966,2436.182051904172,2231.635174423377,2027.0882969425836,1822.5414194617888,1617.994541980995,1413.4476645002007,1385.4128552207192,1394.2164549624442,1404.258259677028,1418.514540806011,1435.456465305323,1454.901518800175,1476.1271946461845,1498.2661320183495,1520.1972780010778,1540.5783546207635,1558.3653334060386,1572.7981782899567,1583.498586418872,1590.1668917278757,1592.694053980256,1591.3275004742834,1586.3621542635024,1577.9325070786495,1566.2418178797916,1551.9691663424817,1535.8422424719163,1518.539148450687,1481.735807762333,1445.599893898755,1411.6740650041834
San Marino,SM,SMR,EUM,Rest of World,Secondary aluminium ingot production,kt,0.0,0.0,No 2019 secondary producer share; assigned zero,,0.0,0.0,No 2024 secondary production estimate; assigned zero share,0.0,0.0,,Existing values retained through 2024; 2025 extrapolated using a country-level OLS linear trend fitted over 2019-2024 and floored at zero; Zijie regional growth indexed to 2025 thereafter,0.0,0.0,0.0,0.0,0.0,0.0,0.0,0.0,0.0,0.0,0.0,0.0,0.0,0.0,0.0,0.0,0.0,0.0,0.0,0.0,0.0,0.0,0.0,0.0,0.0,0.0,0.0,0.0,0.0,0.0,0.0,0.0
Spain,ES,ESP,EUM,Europe,Secondary aluminium ingot production,kt,0.0,0.0,No 2019 secondary producer share; assigned zero,Spain,154.0,0.0244665808747597,Zijie 2024 regional total allocated using country shares from secondary_aluminium_production_estimates_2024.xlsx,49.83423189301466,299.00539135808793,1.3264731664506075,Existing values retained through 2024; 2025 extrapolated using a country-level OLS linear trend fitted over 2019-2024 and floored at zero; Zijie regional growth indexed to 2025 thereafter,0.0,49.83423189301465,99.6684637860293,149.50269567904394,199.3369275720586,249.1711594650733,299.00539135808793,293.074815128918,294.93715772019124,297.06143428453595,300.07725512130514,303.6612058345191,307.77467673000007,312.26482636381775,316.94817035983124,321.58755747843094,325.8990377999349,329.66175409028284,332.7149258074348,334.9785255151813,336.38916086355044,336.9237651204159,336.63467987436997,335.58429412308146,333.8010586918575,331.3279716530202,328.30868776595815,324.89714497988297,321.23679127209084,313.451290922704,305.8069802501317,298.63019825774296
Greece,GR,GRC,EUM,Europe,Secondary aluminium ingot production,kt,0.0,0.0,No 2019 secondary producer share; assigned zero,,0.0,0.0,No 2024 secondary production estimate; assigned zero share,0.0,0.0,,Existing values retained through 2024; 2025 extrapolated using a country-level OLS linear trend fitted over 2019-2024 and floored at zero; Zijie regional growth indexed to 2025 thereafter,0.0,0.0,0.0,0.0,0.0,0.0,0.0,0.0,0.0,0.0,0.0,0.0,0.0,0.0,0.0,0.0,0.0,0.0,0.0,0.0,0.0,0.0,0.0,0.0,0.0,0.0,0.0,0.0,0.0,0.0,0.0,0.0
Portugal,PT,PRT,EUM,Europe,Secondary aluminium ingot production,kt,0.0,0.0,No 2019 secondary producer share; assigned zero,,0.0,0.0,No 2024 secondary production estimate; assigned zero share,0.0,0.0,,Existing values retained through 2024; 2025 extrapolated using a country-level OLS linear trend fitted over 2019-2024 and floored at zero; Zijie regional growth indexed to 2025 thereafter,0.0,0.0,0.0,0.0,0.0,0.0,0.0,0.0,0.0,0.0,0.0,0.0,0.0,0.0,0.0,0.0,0.0,0.0,0.0,0.0,0.0,0.0,0.0,0.0,0.0,0.0,0.0,0.0,0.0,0.0,0.0,0.0
Cyprus,CY,CYP,EUM,Europe,Secondary aluminium ingot production,kt,0.0,0.0,No 2019 secondary producer share; assigned zero,,0.0,0.0,No 2024 secondary production estimate; assigned zero share,0.0,0.0,,Existing values retained through 2024; 2025 extrapolated using a country-level OLS linear trend fitted over 2019-2024 and floored at zero; Zijie regional growth indexed to 2025 thereafter,0.0,0.0,0.0,0.0,0.0,0.0,0.0,0.0,0.0,0.0,0.0,0.0,0.0,0.0,0.0,0.0,0.0,0.0,0.0,0.0,0.0,0.0,0.0,0.0,0.0,0.0,0.0,0.0,0.0,0.0,0.0,0.0
Malta,MT,MLT,EUM,Europe,Secondary aluminium ingot production,kt,0.0,0.0,No 2019 secondary producer share; assigned zero,,0.0,0.0,No 2024 secondary production estimate; assigned zero share,0.0,0.0,,Existing values retained through 2024; 2025 extrapolated using a country-level OLS linear trend fitted over 2019-2024 and floored at zero; Zijie regional growth indexed to 2025 thereafter,0.0,0.0,0.0,0.0,0.0,0.0,0.0,0.0,0.0,0.0,0.0,0.0,0.0,0.0,0.0,0.0,0.0,0.0,0.0,0.0,0.0,0.0,0.0,0.0,0.0,0.0,0.0,0.0,0.0,0.0,0.0,0.0
Iran (Islamic Republic of),IR,IRN,MEA,Middle East,Secondary aluminium ingot production,kt,27.588455894342086,0.0586988423283874,OMNIA 2019 region total allocated using OMNIA primary-production shares; no secondary-country weights available,Iran,150.0,0.7894736842105263,Zijie 2024 regional total allocated using country shares from secondary_aluminium_production_estimates_2024.xlsx,104.27190043064101,653.2198584781881,0.9276650931472902,Existing values retained through 2024; 2025 extrapolated using a country-level OLS linear trend fitted over 2019-2024 and floored at zero; Zijie regional growth indexed to 2025 thereafter,27.588455894342086,131.86035632498312,236.13225675562413,340.40415718626514,444.6760576169062,548.9479580475472,653.2198584781881,738.7761112331857,759.1977805352303,776.9806871986635,792.017973455538,804.7279106114146,815.8644920994252,827.4225635764041,840.7431273788869,856.0202327075536,874.0776192192823,895.0762399141273,918.7197633020642,944.4261214647718,971.4445650906306,998.9869755330141,1026.4465039744794,1053.2342457480454,1078.7369473933586,1102.7305461806318,1125.1210846951005,1145.7916679369923,1164.8343692328633,1182.3912325736649,1198.4807484274536,1213.0471974301956
Saudi Arabia,SA,SAU,MEA,Middle East,Secondary aluminium ingot production,kt,60.54133376813958,0.1288113484428501,OMNIA 2019 region total allocated using OMNIA primary-production shares; no secondary-country weights available,Saudi Arabia,20.0,0.1052631578947368,Zijie 2024 regional total allocated using country shares from secondary_aluminium_production_estimates_2024.xlsx,2.5303454609733405,75.72340653397963,0.8065350440289767,Existing values retained through 2024; 2025 extrapolated using a country-level OLS linear trend fitted over 2019-2024 and floored at zero; Zijie regional growth indexed to 2025 thereafter,60.54133376813958,63.07167922911293,65.60202469008627,68.1323701510596,70.66271561203295,73.19306107300629,75.72340653397963,85.6413703325449,88.00871778316262,90.0701711409465,91.81334310000163,93.28672105351022,94.577710414091,95.91756028828047,97.46172410232488,99.23269668138906,101.32596865103552,103.76019821538624,106.50103364799453,109.4809997105661,112.61306705977793,115.8058743753932,118.98907373532796,122.09439736277056,125.05075488824728,127.8321722190288,130.42775750082941,132.8239598786426,135.03145279701738,137.0667024651985,138.93185235940066,140.62044330665208
United Arab Emirates,AE,ARE,MEA,Middle East,Secondary aluminium ingot production,kt,199.24995923691503,0.4239360834827979,OMNIA 2019 region total allocated using OMNIA primary-production shares; no secondary-country weights available,United Arab Emirates,5.0,0.0263157894736842,Zijie 2024 regional total allocated using country shares from secondary_aluminium_production_estimates_2024.xlsx,-36.1903387937327,-17.892073525481152,0.0,Existing values retained through 2024; 2025 extrapolated using a country-level OLS linear trend fitted over 2019-2024 and floored at zero; Zijie regional growth indexed to 2025 thereafter,199.24995923691503,163.05962044318233,126.86928164944965,90.67894285571695,54.48860406198426,18.298265268251573,0.0,0.0,0.0,0.0,0.0,0.0,0.0,0.0,0.0,0.0,0.0,0.0,0.0,0.0,0.0,0.0,0.0,0.0,0.0,0.0,0.0,0.0,0.0,0.0,0.0,0.0
Iraq,IQ,IRQ,MEA,Rest of World,Secondary aluminium ingot production,kt,0.0,0.0,No 2019 secondary producer share; assigned zero,,0.0,0.0,No 2024 secondary production estimate; assigned zero share,0.0,0.0,,Existing values retained through 2024; 2025 extrapolated using a country-level OLS linear trend fitted over 2019-2024 and floored at zero; Zijie regional growth indexed to 2025 thereafter,0.0,0.0,0.0,0.0,0.0,0.0,0.0,0.0,0.0,0.0,0.0,0.0,0.0,0.0,0.0,0.0,0.0,0.0,0.0,0.0,0.0,0.0,0.0,0.0,0.0,0.0,0.0,0.0,0.0,0.0,0.0,0.0
Qatar,QA,QAT,MEA,Middle East,Secondary aluminium ingot production,kt,48.049894015979135,0.1022338170552747,OMNIA 2019 region total allocated using OMNIA primary-production shares; no secondary-country weights available,Qatar,5.0,0.0263157894736842,Zijie 2024 regional total allocated using country shares from secondary_aluminium_production_estimates_2024.xlsx,-5.950325749545513,12.347939518706056,0.5260749033480302,Existing values retained through 2024; 2025 extrapolated using a country-level OLS linear trend fitted over 2019-2024 and floored at zero; Zijie regional growth indexed to 2025 thereafter,48.049894015979135,42.09956826643362,36.14924251688811,30.1989167673426,24.24859101779708,18.298265268251573,12.347939518706056,13.965225675509439,14.351260383639922,14.687414058542627,14.97166674745802,15.21192511261695,15.422442035631912,15.64092646426381,15.892727621337201,16.181513655887276,16.522855875690855,16.919796805993045,17.366734836143433,17.85266702531295,18.36340181613654,18.884041251585188,19.40311395276934,19.90948774249661,20.391570173691477,20.845125745856066,21.268378364066468,21.65911833985638,22.019086152871132,22.35096688775183,22.65511007334128,22.930462435878464
Kuwait,KW,KWT,MEA,Rest of World,Secondary aluminium ingot production,kt,0.0,0.0,No 2019 secondary producer share; assigned zero,,0.0,0.0,No 2024 secondary production estimate; assigned zero share,0.0,0.0,,Existing values retained through 2024; 2025 extrapolated using a country-level OLS linear trend fitted over 2019-2024 and floored at zero; Zijie regional growth indexed to 2025 thereafter,0.0,0.0,0.0,0.0,0.0,0.0,0.0,0.0,0.0,0.0,0.0,0.0,0.0,0.0,0.0,0.0,0.0,0.0,0.0,0.0,0.0,0.0,0.0,0.0,0.0,0.0,0.0,0.0,0.0,0.0,0.0,0.0
Oman,OM,OMN,MEA,Middle East,Secondary aluminium ingot production,kt,29.96412848524377,0.0637534648622207,OMNIA 2019 region total allocated using OMNIA primary-production shares; no secondary-country weights available,Oman,5.0,0.0263157894736842,Zijie 2024 regional total allocated using country shares from secondary_aluminium_production_estimates_2024.xlsx,-2.333172643398439,15.965092624853131,0.6801810574823804,Existing values retained through 2024; 2025 extrapolated using a country-level OLS linear trend fitted over 2019-2024 and floored at zero; Zijie regional growth indexed to 2025 thereafter,29.96412848524377,27.63095584184533,25.29778319844689,22.96461055504845,20.63143791165001,18.298265268251573,15.965092624853131,18.05613973883871,18.55525781942007,18.989882928157954,19.357403395886433,19.668042028983663,19.940226887837355,20.222713219659127,20.548275941247766,20.921657733681357,21.36299129768865,21.876210422974253,22.454072586787966,23.08235169341433,23.74269897077839,24.415852317415442,25.08697997728805,25.74168876036451,26.36499037721977,26.95140859777846,27.49864704539184,28.003848734812863,28.469263994422793,28.898364466185544,29.291602068442785,29.64761498587883
Bahrain,BH,BHR,MEA,Middle East,Secondary aluminium ingot production,kt,104.6062285993804,0.2225664438284689,OMNIA 2019 region total allocated using OMNIA primary-production shares; no secondary-country weights available,Bahrain,5.0,0.0263157894736842,Zijie 2024 regional total allocated using country shares from secondary_aluminium_production_estimates_2024.xlsx,-17.261592666225763,1.036672602025817,0.04416667558891897,Existing values retained through 2024; 2025 extrapolated using a country-level OLS linear trend fitted over 2019-2024 and floored at zero; Zijie regional growth indexed to 2025 thereafter,104.6062285993804,87.34463593315463,70.08304326692887,52.8214506007031,35.559857934477336,18.298265268251573,1.036672602025817,1.1724520367933586,1.204861622598638,1.2330834408472622,1.2569479061861428,1.2771188233007318,1.2947927944132223,1.3131356783242447,1.3342756717863877,1.3585207346498895,1.387178157748616,1.4205033766196296,1.458026107433009,1.498822597097647,1.5417013918751974,1.5854117321668837,1.6289905371134057,1.6715032035707527,1.7119764863869356,1.7500547936581108,1.785589013142237,1.8183936302043784,1.8486147670019977,1.8764778501074668,1.9020122242527067,1.9251294617248331
Yemen,YE,YEM,MEA,Rest of World,Secondary aluminium ingot production,kt,0.0,0.0,No 2019 secondary producer share; assigned zero,,0.0,0.0,No 2024 secondary production estimate; assigned zero share,0.0,0.0,,Existing values retained through 2024; 2025 extrapolated using a country-level OLS linear trend fitted over 2019-2024 and floored at zero; Zijie regional growth indexed to 2025 thereafter,0.0,0.0,0.0,0.0,0.0,0.0,0.0,0.0,0.0,0.0,0.0,0.0,0.0,0.0,0.0,0.0,0.0,0.0,0.0,0.0,0.0,0.0,0.0,0.0,0.0,0.0,0.0,0.0,0.0,0.0,0.0,0.0
Turkey,TR,TUR,MDA,Europe,Secondary aluminium ingot production,kt,630.0,0.1017770597738287,OMNIA 2019 region total allocated using OMNIA primary-production shares; no secondary-country weights available,Turkey,370.0,0.0587833436601369,Zijie 2024 regional total allocated using country shares from secondary_aluminium_production_estimates_2024.xlsx,-6.268403893406373,592.3895766395618,1.0938199871622984,Existing values retained through 2024; 2025 extrapolated using a country-level OLS linear trend fitted over 2019-2024 and floored at zero; Zijie regional growth indexed to 2025 thereafter,630.0,623.7315961065937,617.4631922131873,611.1947883197809,604.9263844263745,598.6579805329682,592.3895766395618,580.6399171244956,584.3295908597794,588.5382082659802,594.5131534688074,601.6136777638868,609.7632876128105,618.659173498159,627.9378161154532,637.1293713532078,645.6712775400657,653.1259722535286,659.1749170324723,663.6595614947772,666.4543126964786,667.5134708205372,666.9407350389513,664.859710453783,661.3267638491972,656.42708301978,650.445276820609,643.6863271657162,636.4344332334318,621.0097974603027,605.86488671987,591.6462439495995
Israel,IL,ISR,MDA,Rest of World,Secondary aluminium ingot production,kt,0.0,0.0,No 2019 secondary producer share; assigned zero,,0.0,0.0,No 2024 secondary production estimate; assigned zero share,0.0,0.0,,Existing values retained through 2024; 2025 extrapolated using a country-level OLS linear trend fitted over 2019-2024 and floored at zero; Zijie regional growth indexed to 2025 thereafter,0.0,0.0,0.0,0.0,0.0,0.0,0.0,0.0,0.0,0.0,0.0,0.0,0.0,0.0,0.0,0.0,0.0,0.0,0.0,0.0,0.0,0.0,0.0,0.0,0.0,0.0,0.0,0.0,0.0,0.0,0.0,0.0
Syrian Arab Republic,SY,SYR,MDA,Rest of World,Secondary aluminium ingot production,kt,0.0,0.0,No 2019 secondary producer share; assigned zero,,0.0,0.0,No 2024 secondary production estimate; assigned zero share,0.0,0.0,,Existing values retained through 2024; 2025 extrapolated using a country-level OLS linear trend fitted over 2019-2024 and floored at zero; Zijie regional growth indexed to 2025 thereafter,0.0,0.0,0.0,0.0,0.0,0.0,0.0,0.0,0.0,0.0,0.0,0.0,0.0,0.0,0.0,0.0,0.0,0.0,0.0,0.0,0.0,0.0,0.0,0.0,0.0,0.0,0.0,0.0,0.0,0.0,0.0,0.0
Jordan,JO,JOR,MDA,Rest of World,Secondary aluminium ingot production,kt,0.0,0.0,No 2019 secondary producer share; assigned zero,,0.0,0.0,No 2024 secondary production estimate; assigned zero share,0.0,0.0,,Existing values retained through 2024; 2025 extrapolated using a country-level OLS linear trend fitted over 2019-2024 and floored at zero; Zijie regional growth indexed to 2025 thereafter,0.0,0.0,0.0,0.0,0.0,0.0,0.0,0.0,0.0,0.0,0.0,0.0,0.0,0.0,0.0,0.0,0.0,0.0,0.0,0.0,0.0,0.0,0.0,0.0,0.0,0.0,0.0,0.0,0.0,0.0,0.0,0.0
Lebanon,LB,LBN,MDA,Rest of World,Secondary aluminium ingot production,kt,0.0,0.0,No 2019 secondary producer share; assigned zero,,0.0,0.0,No 2024 secondary production estimate; assigned zero share,0.0,0.0,,Existing values retained through 2024; 2025 extrapolated using a country-level OLS linear trend fitted over 2019-2024 and floored at zero; Zijie regional growth indexed to 2025 thereafter,0.0,0.0,0.0,0.0,0.0,0.0,0.0,0.0,0.0,0.0,0.0,0.0,0.0,0.0,0.0,0.0,0.0,0.0,0.0,0.0,0.0,0.0,0.0,0.0,0.0,0.0,0.0,0.0,0.0,0.0,0.0,0.0
State of Palestine,PS,PSE,MDA,Rest of World,Secondary aluminium ingot production,kt,0.0,0.0,No 2019 secondary producer share; assigned zero,,0.0,0.0,No 2024 secondary production estimate; assigned zero share,0.0,0.0,,Existing values retained through 2024; 2025 extrapolated using a country-level OLS linear trend fitted over 2019-2024 and floored at zero; Zijie regional growth indexed to 2025 thereafter,0.0,0.0,0.0,0.0,0.0,0.0,0.0,0.0,0.0,0.0,0.0,0.0,0.0,0.0,0.0,0.0,0.0,0.0,0.0,0.0,0.0,0.0,0.0,0.0,0.0,0.0,0.0,0.0,0.0,0.0,0.0,0.0
