Country,ISO2,ISO3,Metric,Unit,1951,1952,1953,1954,1955,1956,1957,1958,1959,1960,1961,1962,1963,1964,1965,1966,1967,1968,1969,1970,1971,1972,1973,1974,1975,1976,1977,1978,1979,1980,1981,1982,1983,1984,1985,1986,1987,1988,1989,1990,1991,1992,1993,1994,1995,1996,1997,1998,1999,2000,2001,2002,2003,2004,2005,2006,2007,2008,2009,2010,2011,2012,2013,2014,2015,2016,2017,2018,2019,2020,2021,2022,2023,2024,2025,2026,2027,2028,2029,2030,2031,2032,2033,2034,2035,2036,2037,2038,2039,2040,2041,2042,2043,2044,2045,2046,2047,2048,2049,2050,2051,2052,2053,2054,2055,2056,2057,2058,2059,2060,2061,2062,2063,2064,2065,2066,2067,2068,2069,2070,2071,2072,2073,2074,2075,2076,2077,2078,2079,2080,2081,2082,2083,2084,2085,2086,2087,2088,2089,2090,2091,2092,2093,2094,2095,2096,2097,2098,2099,2100
Afghanistan,AF,AFG,Cement production,kt cement,0.0,0.0,0.0,0.0,0.0,0.0,0.0,0.0,36.762783,36.440302,44.11534,58.820453,102.935792,124.993462,169.108802,176.461358,132.346019,95.297913,102.935792,95.793309,88.230679,95.583236,139.386748,147.332839,146.798032,169.108802,139.698575,125.206036,139.698575,51.575345,73.525566,88.230679,14.705113,110.431395,73.602476,88.230679,102.815117,102.935792,102.935792,112.0,112.0,112.0,115.0,115.0,115.0,116.0,116.0,116.0,116.0,25.0,16.0,27.0,24.0,24.0,15.2,29.8,28.4,37.3,31.5,35.6,35.7,70.8,87.0,70.1,100.8,186.3,109.6,139.2,93.8,148.484,40.0,26.0,26.0,26.0,26.883159868029708,27.664488223442014,28.45777425757599,29.24142419470007,30.03566406776545,31.037861540125377,32.020452520339774,33.04837013225407,34.10892411306961,35.22151830933491,36.33138965711923,36.56144642655919,36.849471792468094,37.17998274848746,37.52472596827647,37.94253240679994,38.33060299314146,38.71154326363889,39.073128976610796,39.49950179109883,39.92640359943273,40.32503086560695,40.794759931435514,41.25462692576824,41.749196022606625,42.307916280708675,43.02536218086422,43.71737184957531,44.4706862988934,45.231925291911374,45.996675390530825,46.76586500943031,47.552467536748175,48.334122218713944,49.08398327619422,49.78606566148066,50.505734096476424,51.19670935696224,51.94625409862255,52.688933122169786,53.458976793783144,54.226305698745264,54.91792413473166,55.60088439629191,56.33120157561937,57.02405586306373,57.7560140000747,58.40082213422836,59.06462475590018,59.762737100176196,60.399003597311065,60.96956630418144,61.561060239292104,62.16373233152786,62.71366292283678,63.35031898787623,63.923840635013235,64.41639264646277,64.90265108297534,65.37344556047243,65.91756703949493,66.40707797955262,66.82651997103049,67.31165021445187,67.75413997546356,68.18787666730312,68.66532543075996,69.08189172297644,69.49125378365844,69.8979304895111,70.28756776158892,70.65626492638584,71.01744209876844,71.3862713392937,71.74914773806348,72.10919838217501
Albania,AL,ALB,Cement production,kt cement,14.705113,14.562345,14.705113,14.705113,44.11534,66.173009,73.525566,80.878123,73.525566,73.525566,117.452076,117.640906,132.346019,124.993462,146.803571,139.89958,220.576698,301.45482,330.865047,360.628484,360.275273,397.038056,514.678962,559.266256,647.02498,699.010662,749.480337,801.881453,845.135533,999.947697,786.330783,830.838895,838.191452,860.249122,852.896565,845.544008,860.673099,742.980078,757.313329,750.0,600.0,200.0,200.0,100.0,200.0,203.0,100.0,84.0,106.0,180.0,0.0,0.0,578.451,573.221,489.0,525.0,889.0,918.0,1108.0,1300.0,1800.0,2230.0,2000.0,1740.0,1980.0,1680.0,1930.0,1770.0,1770.0,2522.0,2503.0,1730.0,1730.0,1730.0,1715.1803578101997,1704.3542284786138,1691.9189996498253,1680.6658407194677,1669.7168907544387,1658.6356656732485,1647.388528326994,1636.7086388706223,1626.248497662197,1615.5677170694344,1604.9463655751556,1589.2886343435557,1573.4469783756726,1557.8015103504179,1542.6384578036896,1527.1409048088367,1512.639562296783,1498.335794600598,1484.559416129802,1471.1356402705264,1458.2352464576318,1445.2156029257549,1432.232191339061,1420.0255607995377,1407.912138226096,1396.1655196726163,1381.4633105980186,1367.1021537154065,1352.4146537289007,1337.6598767868093,1322.9533316176476,1308.3697701484652,1294.0429394097016,1279.6469626822661,1265.453034943692,1251.169339241865,1236.9811922271329,1222.9882292081581,1209.025358398246,1195.0077281724116,1181.1210550959756,1167.2717685303642,1153.781942313692,1140.0294291372568,1126.3986923843916,1112.8710848299677,1099.3444564857825,1085.7244865890239,1072.0752493185153,1058.4862034807245,1044.482004211176,1030.658962502749,1016.9875462253165,1003.0774857228821,989.2940018902506,975.5382954081573,961.5464963544995,947.5509621576354,933.4497527223908,919.3897078097799,905.4324371447475,891.6246603785039,877.9780876250118,864.5954809531739,851.2593466075975,838.1769062198466,825.4112196214394,812.9577224623677,800.8268836938842,789.0630656171351,777.668689012206,766.6480079235823,755.9490567743468,745.5706776036309,735.4871445474819,725.7016795054532
Algeria,DZ,DZA,Cement production,kt cement,448.505952,485.268735,515.150711,661.730094,676.435207,653.898139,713.19799,845.544008,955.832357,1058.76815,1072.824639,874.388654,882.306791,786.723556,743.021235,661.730094,727.587036,867.952934,948.171452,926.422131,963.184914,926.422131,1007.300254,941.127244,948.371229,1396.854986,1779.318696,2698.38827,3771.861533,4154.194476,4463.354297,4396.828844,4808.907105,5536.475116,6095.269417,6455.54469,7543.723067,7197.838494,6815.819964,6340.0,6319.0,6400.0,6400.0,6060.0,6822.0,6500.0,7096.0,7500.0,7500.0,8300.0,8300.0,9000.0,9000.0,11000.0,12800.0,14701.572,15886.0,17397.0,18732.0,19100.0,19000.0,19000.0,18500.0,19260.0,20250.0,22870.0,25330.0,25000.0,26000.0,23000.0,26000.0,28000.0,28000.0,28000.0,28175.33805622881,28346.371822270907,28508.06115809352,28640.93318755532,28762.16125695658,28896.473873505816,28972.328370958698,29059.46225074266,29162.540258278652,29273.551687158804,29394.56002840609,29505.042307972715,29623.810811705887,29757.115528686034,29901.503331888485,30060.71547873201,30192.446775993078,30342.283369668075,30506.262227401472,30686.438340193923,30878.200512185213,31052.285501127288,31238.012004057888,31431.05073180081,31633.343472746827,31841.403338938926,32052.64333117934,32252.19622900645,32433.68394098632,32608.656355506482,32771.313121441875,32917.053813345316,33054.849553931635,33174.47858395297,33285.47592047387,33384.579041081204,33468.2497052541,33541.01619191276,33613.46525786045,33674.30849272451,33734.73196504425,33787.09954671375,33835.00649879976,33880.6623796989,33923.889384850576,33965.72676037955,33997.24004490576,34042.02400380354,34086.33175700867,34128.48518270431,34171.7343295045,34213.92223027868,34249.50343514038,34287.10182357385,34322.06359220916,34356.60421167835,34387.38325645786,34411.25899190933,34432.49843980111,34452.85179274314,34471.51023699084,34488.45145351582,34502.844034771966,34510.45443134756,34514.16332857737,34508.10772170021,34503.89386843612,34487.471032288086,34467.988591384084,34448.27862651671,34414.12534476258,34377.31073057414,34332.50957669976,34283.79719309932,34226.344334048685,34163.94001721801
Andorra,AD,AND,Cement production,kt cement,,,,,,,,,,,,,,,,,,,,,,,,,,,,,,,,,,,,,,,,0.0,0.0,0.0,0.0,0.0,0.0,0.0,0.0,0.0,0.0,0.0,0.0,0.0,0.0,0.0,0.0,0.0,0.0,0.0,0.0,0.0,0.0,0.0,0.0,0.0,0.0,0.0,0.0,0.0,0.0,0.0,0.0,0.0,0.0,0.0,25.11314413897127,25.279295551164772,25.4248598019759,25.527156892331007,25.566084117469664,25.593476202820884,25.578955006125838,25.527674172074885,25.46351436427077,25.402102128622293,25.336302014233222,25.17445823839032,24.931454862918347,24.74471258940024,24.54032818920276,24.347523087401232,24.102276163490934,23.903447305104965,23.66815302354791,23.43950511574636,23.182264647220165,22.937246496070998,22.694705970869453,22.449193080866305,22.20504179105357,21.963818620046442,21.847089028525826,21.68292138383016,21.531013011303326,21.353253564855255,21.16270183440493,20.97534817495517,20.77573524333658,20.573190746634126,20.367981190764553,20.156108986977124,19.93837365302199,19.721171330900294,19.50103744369474,19.281703074239328,19.058904127866644,18.837704216994233,18.655147664045323,18.439011365590478,18.221276031635345,18.012335392931774,17.81218944947975,17.631498437947833,17.43481707141309,17.243998835046046,17.06410734126427,16.872756093063803,16.690732551948315,16.492718655830007,16.293905241961557,16.106285076595082,15.919997440812171,15.734509322779404,15.54182554499537,15.353672367795467,15.185507134349095,15.017341900902723,14.840115466288083,14.666087102674009,14.495789821893927,14.318829893196002,14.152530201166625,13.980100873052837,13.807938050855757,13.633643181324969,13.466277465628739,13.2967797025988,13.132878563819844,12.97030995462446,12.81280495784664,12.660097067569662
Angola,AO,AGO,Cement production,kt cement,0.0,0.0,29.410226,43.655805,73.525566,88.230679,132.346019,169.108802,154.403688,160.685012,155.659003,168.585245,191.166471,213.224141,242.634368,264.692037,279.397151,308.13165,382.836675,448.047357,528.815456,624.459207,772.018442,756.743921,654.377537,301.45482,301.45482,397.038056,397.038056,242.800898,249.986924,249.789929,220.576698,353.181268,352.922717,352.922717,352.922717,999.947697,1000.680259,260.0,260.0,300.0,250.0,240.0,200.0,270.0,301.0,350.0,207.0,201.0,550.0,597.0,700.0,754.0,1315.0,1373.0,1400.0,1780.0,1800.0,1500.0,2000.0,3000.0,4000.0,5100.0,5240.0,3870.0,2570.0,2600.0,2900.0,2800.0,2800.0,2900.0,2900.0,2900.0,2707.603149773686,2743.0191843940215,2784.5638668711867,2825.707843538387,2867.877841864139,2918.1406598750286,2953.7389528593767,2992.37838670421,3033.8571816609565,3077.745127441244,3123.738462395635,3198.8186415491496,3275.923682677758,3354.8463937145175,3435.2747930031646,3517.0743910402957,3608.5229023343322,3702.0974885537553,3797.4487419711913,3894.5870939123583,3994.229469382722,4110.628955042581,4230.291175857429,4352.984123526038,4478.302003343185,4605.90184704989,4861.01977256488,5116.612876495788,5372.502601646072,5628.775495135382,5885.329944244526,6209.944381790219,6535.309568873882,6861.1440656075765,7187.590453916263,7514.581602506912,7919.521396558094,8325.285980000257,8732.121348127994,9139.651169364599,9548.02495465362,10039.605498995965,10532.425470038437,11026.425342288489,11521.289164058731,12008.59649880382,12574.6946320967,13129.165787202659,13672.455747206288,14205.110909501334,14727.53554962078,15313.550859804358,15885.051580624577,16443.232887829585,16988.606080061916,17520.964938250065,18104.457358678672,18670.81817387615,19221.846879139393,19758.25807124699,20282.237189455314,20844.48847814377,21390.40905381601,21921.188370588225,22444.698284858725,22959.46343111107,23505.149898222397,24039.21072905412,24561.367841948522,25073.313405920766,25576.19498563997,26101.271858160253,26614.0934996512,27115.73750056502,27608.54907120248,28089.081049275785
Anguilla,AI,AIA,Cement production,kt cement,,,,,,,,,,,,,,,,,,,,,,,,,,,,,,,,,,,,,,,,0.0,0.0,0.0,0.0,0.0,0.0,0.0,0.0,0.0,0.0,0.0,0.0,0.0,0.0,0.0,0.0,0.0,0.0,0.0,0.0,0.0,0.0,0.0,0.0,0.0,0.0,0.0,0.0,0.0,0.0,0.0,0.0,0.0,0.0,0.0,4.16474369193861,4.169298995255077,4.1624522214702315,4.150320892222464,4.13881387403607,4.13187338469308,4.110209266939557,4.0887644148245075,4.071950255556848,4.0522696572617125,4.039798119377894,3.988002923863183,3.9361343722135103,3.8837186827932166,3.8359295753754905,3.7884054899112773,3.7418281229698978,3.699961064516896,3.662719233844807,3.6225110270587426,3.5837709198458874,3.539572247268895,3.499198821464802,3.452157663397843,3.415864317901123,3.3805321936506925,3.3619985741679588,3.342306603467553,3.3223829625236143,3.301995981092607,3.283230691366339,3.2628437099353307,3.239213345094845,3.2155829802543594,3.195891009553954,3.1706389530087287,3.14793526914238,3.123609893571292,3.100442869217874,3.071484088776102,3.046232032230876,3.022138326903322,2.993642886948619,2.9704758625952006,2.9459188167805785,2.9188133982870803,2.895414703690128,2.8713209983625743,2.8472272930350195,2.823828598438068,2.798576541892843,2.77401949607822,2.7501574609942003,2.7244420639619067,2.701506709852023,2.6755596425761956,2.651002596761573,2.6269088914340184,2.6000351431840545,2.5757097676129654,2.5506893813112748,2.5247423140354472,2.499953597977291,2.474701541432065,2.448986144399772,2.424660768828683,2.3984820313093214,2.37068160208522,2.347282907488269,2.321799180699509,2.2972421348848866,2.2722217485831955,2.2458113408202993,2.2194009330574036,2.193453865781576,2.170518511671692
Antigua and Barbuda,AG,ATG,Cement production,kt cement,,,,,,,0.0,0.0,0.0,0.0,0.0,0.0,0.0,0.0,0.0,0.0,0.0,0.0,0.0,0.0,0.0,0.0,0.0,0.0,0.0,0.0,0.0,0.0,0.0,0.0,0.0,0.0,0.0,0.0,0.0,0.0,0.0,0.0,0.0,0.0,0.0,0.0,0.0,0.0,0.0,0.0,0.0,0.0,0.0,0.0,0.0,0.0,0.0,0.0,0.0,0.0,0.0,0.0,0.0,0.0,0.0,0.0,0.0,0.0,0.0,0.0,0.0,0.0,0.0,0.0,0.0,0.0,0.0,0.0,27.214492028979798,27.574594437928017,27.918707985673592,28.261621107092115,28.617567246858645,29.000945828526763,29.31106515901515,29.615643413267758,29.918740593362337,30.21412908066274,30.51183515382768,30.52803088170752,30.544036685282418,30.56013677243323,30.581697009901212,30.602648511586313,30.603750290709577,30.605472980257147,30.610305319972795,30.613602932018672,30.619147162529917,30.620982459947832,30.625362113386313,30.630172472104125,30.635092337668354,30.63762940589332,30.828476038923252,31.00346351043981,31.163042979045663,31.30693483927235,31.435730966334976,31.579602175352697,31.719722994639557,31.838572855722465,31.94394811220655,32.045132206053914,32.152562816110766,32.24544740306791,32.32962053124888,32.39447674425136,32.45273249920081,32.50521697439016,32.551224563895495,32.57560203484142,32.59254470655211,32.5964729692232,32.60249293106452,32.58978258594321,32.566174235522396,32.538346384506085,32.49789861926391,32.461286157404984,32.40789655905242,32.33934752871474,32.264049873826394,32.17487147232669,32.08673731855356,31.995125333730048,31.894396286405176,31.783209080810305,31.667756547463636,31.55509524915768,31.422920720707697,31.286558152688443,31.15305174684628,31.013620663574542,30.86957690970701,30.718223279377778,30.56410523221655,30.41482970853893,30.26005955619447,30.10190631289287,29.941283205323906,29.7783763843594,29.624755698393827,29.464363651706886
Argentina,AR,ARG,Cement production,kt cement,1558.741998,1551.389442,1654.325234,1705.623112,1867.549375,2066.068403,2367.523224,2470.459016,2367.523224,2639.567818,2904.259855,2926.317525,2536.632025,2911.420833,3301.297911,3485.111826,3551.682249,4176.252146,4345.360948,4742.399004,5529.122559,5448.244437,5183.5524,5389.423984,5462.94955,5713.146424,5999.467908,6315.846115,6668.768832,7131.979897,6646.711162,5624.905232,5624.705795,5220.494896,4631.941809,5551.180229,6301.141002,6051.336754,4470.35441,3611.6,4339.1,5050.6,5647.2,6306.0,5477.1,5117.3,6768.7,7091.8,7186.6,6121.3,5545.1,3910.8,5217.4,6254.064,7594.507,8929.376,9602.25,9703.265,9384.901,10423.089,11592.31,10716.255,11891.837,11408.393,12192.563,10898.581,11960.151,11841.499,11081.73,9870.954,12116.862,13029.449,12569.698,9593.28,10029.769012654884,10437.641181890738,10758.921131163053,11021.458325950298,11199.629121356738,11392.498591168758,11528.373076318843,11664.467866122053,11800.709078189535,11937.13517950176,12074.4872130159,12117.040623033252,12161.452355818525,12207.535450506108,12255.103025322876,12303.909430273266,12358.361600955082,12413.149780854239,12468.158880404797,12525.467333925377,12584.77895314652,12656.536171915084,12729.694037820205,12803.515111241777,12877.64931929352,12952.213617572701,13116.087967426305,13272.764627115992,13422.314321027721,13564.738452851092,13700.228307770656,13841.372299980858,13974.69544397253,14100.43781878494,14218.793476278192,14330.14004743438,14444.970634448968,14552.376279502563,14652.641148673594,14746.03823841675,14832.786897195007,14919.896028365982,15000.31855633183,15074.171498294367,15141.427265512297,15203.433425341136,15264.147263180777,15319.714442599767,15370.409905723105,15416.065177697039,15456.60400736834,15494.763152188114,15527.824585627755,15556.045391369335,15579.061956871054,15597.17297100366,15612.370846793163,15622.597203407591,15627.838794724094,15628.282098455602,15624.170354898608,15617.188507901355,15605.892925834713,15590.465858394617,15570.99496129254,15547.529873381138,15521.276733189921,15491.457144026945,15458.217934176688,15421.839567465517,15382.660266236373,15341.105355835218,15296.947515962054,15250.408974130189,15201.616111921237,15150.663181487795
Armenia,AM,ARM,Cement production,kt cement,48.770996,55.55599,62.967955,75.017204,88.930327,98.453863,114.592068,132.261629,154.216566,181.234768,202.754211,228.820316,243.874322,259.879293,290.098789,320.986548,340.550143,352.087738,361.758508,384.206755,406.607501,424.680563,447.92759,473.215452,503.939429,509.065226,516.625425,512.231433,492.507309,496.716073,504.969525,490.976237,508.563455,516.280096,518.422075,534.62551,542.417978,549.41571,551.810189,537.065607,505.768314,400.0,200.0,100.0,228.0,282.0,297.0,300.0,287.0,219.0,300.0,355.0,384.0,501.0,605.0,625.0,722.0,770.0,467.0,488.0,422.0,438.0,431.0,422.0,417.0,267.0,356.0,546.0,591.0,715.0,744.0,1004.0,1004.0,1004.0,1025.6041177037735,1044.940939753947,1061.8368057257464,1078.3222890100783,1093.9440572273484,1107.43301116161,1118.6665551310814,1128.8669807807491,1138.0586623717086,1146.4694734241762,1154.3080277810025,1156.1250085422848,1157.620428738464,1158.766417560659,1159.5499271165957,1159.7016339456068,1157.9891905588852,1156.1965282854696,1154.0769601616037,1151.9283627768768,1149.7369007362433,1146.2706428080708,1142.7145906204655,1139.152716239842,1135.646173374752,1132.232315475059,1130.227341155899,1127.9399379788083,1125.414422804077,1123.122063962593,1120.310660042563,1117.657157311871,1114.7451560510583,1111.523744955039,1108.312708669145,1104.768906802864,1101.3306092454532,1097.6814876064946,1093.9799532494806,1089.9222383348197,1085.6499109172453,1081.0102308745663,1076.1856092101243,1071.1528166038247,1065.8648576427784,1060.4635730404898,1054.5790239364123,1048.5704025445534,1042.392595506303,1036.0749853287912,1029.7540477921243,1023.319416694713,1017.0399374934404,1010.688410800994,1004.3008537729221,998.0143041187617,991.7485818058694,985.5157336970184,979.3575847719586,973.4203194837409,967.5516907644919,961.8702444038472,956.2092257477015,950.7535584240358,945.4344514821034,940.2155148897784,935.1524572139272,930.1357270001977,925.2093019910502,920.2625300884227,915.3242133230957,910.5477487452386,905.7593712175508,900.9044244564896,896.0016852413779,891.0729895339539
Aruba,AW,ABW,Cement production,kt cement,0.0,0.0,0.0,0.0,0.0,0.0,0.0,0.0,0.0,0.0,0.0,0.0,0.0,0.0,0.0,0.0,0.0,0.0,0.0,0.0,0.0,0.0,0.0,0.0,0.0,0.0,0.0,0.0,0.0,0.0,0.0,0.0,0.0,0.0,0.0,0.0,0.0,0.0,0.0,0.0,0.0,0.0,0.0,0.0,0.0,0.0,0.0,0.0,0.0,0.0,0.0,0.0,0.0,0.0,0.0,0.0,0.0,0.0,0.0,0.0,0.0,0.0,0.0,0.0,0.0,0.0,0.0,0.0,0.0,0.0,0.0,0.0,0.0,0.0,31.076449482814148,31.170294701147746,31.247806440432917,31.33387877515516,31.427644899481916,31.522763430547638,31.561013586003043,31.604682362687683,31.661484292810204,31.722081625535477,31.790961706631755,31.582601060065862,31.38951328144783,31.21242456976359,31.05088765305264,30.90449680384657,30.740051229943855,30.59398874457506,30.462337253980373,30.34268801469604,30.229050545525475,30.12353406972404,30.025158579454498,29.939059874303652,29.85999242574202,29.785051289995508,29.910467542085403,30.016928437364875,30.11426320069146,30.198979583299753,30.275398773081747,30.38524095686362,30.483017872363988,30.566826861343245,30.643758577435474,30.7078087556563,30.784490268808,30.857495379697777,30.923925168317947,30.981344568379626,31.042445737126197,31.105176251846043,31.16161840566567,31.218085704619643,31.265035282626627,31.305785761688107,31.35401307623006,31.397460911226386,31.43664500663573,31.47051969160243,31.49796956694628,31.5230827148837,31.54815874959626,31.56403069976186,31.57542746649411,31.580037132263705,31.583476103233064,31.57980966893687,31.570572492612662,31.551272559160147,31.524247334971463,31.49784133259849,31.465507525998202,31.42585619348645,31.37956037518212,31.325476453812193,31.26861853114468,31.204947601098663,31.138290295893654,31.063110525980772,30.988339945630887,30.900406141314807,30.814418748987748,30.722466508285144,30.631493937860853,30.537398562152063
Australia,AU,AUS,Cement production,kt cement,1235.229508,1360.22297,1595.603136,1911.664715,1992.542837,2139.593969,2323.407884,2455.753903,2617.510148,2793.971506,2860.260297,2933.670081,3117.483996,3624.688436,3801.27176,3676.278298,3823.329429,3926.265222,4308.598165,4507.005234,4683.578551,4933.680354,5249.725409,5205.610069,5014.443598,5058.558937,5021.894219,4992.385928,5242.372852,5389.334457,6007.038738,5742.346701,4837.98224,5462.94955,5889.397833,5926.160616,5867.424174,6396.724238,6896.698086,7070.0,6108.0,5412.0,5500.0,6500.0,6500.0,6250.0,6450.0,6850.0,7450.0,7500.0,7500.0,7550.0,8000.0,8000.0,8475.0,9000.0,9200.0,9400.0,9200.0,8300.0,8600.0,8500.0,8400.0,9000.0,9500.0,9600.0,9700.0,10200.0,9900.0,9600.0,9800.0,10000.0,10000.0,10000.0,9595.80181334672,9649.0013771586,9701.89036426804,9755.340208909149,9808.776779527703,9862.128405997193,9906.372783791376,9951.521868386668,9997.380369760935,10043.998350415,10091.314940274116,10112.69934783853,10135.528731493172,10159.231102266662,10184.198867599058,10209.940706098228,10227.571026245743,10247.157262012362,10268.474878048874,10291.195374708981,10315.260550459076,10331.067896492012,10349.278338926642,10368.787998780614,10390.380230116081,10412.850552620866,10521.977487730166,10629.93698202354,10736.010700077357,10841.494551995414,10947.096949052959,11054.508438504383,11159.937725464923,11264.868349833681,11370.936595809782,11473.6654049242,11577.555823760023,11681.848110395087,11785.738567728964,11889.722280182132,11990.412665445752,12092.432888831961,12196.13856273571,12299.70820305037,12403.172233176301,12505.814652658966,12606.036028918472,12704.110033574141,12802.076380765297,12900.3793353416,12999.260092201914,13095.995971688735,13192.00202589622,13289.247673254251,13385.793713051698,13481.778088094816,13575.527882156217,13671.689999959484,13765.734950623857,13861.556041387976,13953.955367076047,14044.779687125996,14137.36711575137,14231.787314744384,14329.478827355844,14424.942845313979,14520.655420566263,14616.638516361918,14711.40889053468,14805.426996757264,14895.827505674351,14986.11321064246,15078.719143489692,15172.741908314236,15262.925175629944,15351.421549875204
Austria,AT,AUT,Cement production,kt cement,1478.09661,1389.633196,1396.985753,1624.915008,1860.196819,1933.97355,2132.241413,2154.299082,2418.99112,2830.734289,3080.721213,3058.994389,3308.650468,3772.216733,4043.906127,4500.184978,4543.879976,4551.626647,4558.959142,4808.919881,5491.973643,6345.256342,6257.025662,6433.487021,5632.058352,5882.414542,5632.058352,5882.420526,5610.000682,5455.214547,5286.488192,5014.443598,4904.155249,4896.47354,4558.585089,4565.937646,4521.822306,4764.456674,4749.42974,4900.0,5016.0,5031.0,4941.0,4828.0,3843.0,3874.0,3852.0,3850.0,3817.0,3776.0,3802.0,3918.0,3886.0,4355.7,4559.7,4852.2,5202.5,5309.0,4646.0,4254.0,4427.0,4455.0,4385.0,4400.0,4700.0,4800.0,5058.0,5421.0,5264.0,5404.0,5624.0,5600.0,5600.0,5600.0,5559.252942976865,5529.132577818172,5501.708138438813,5478.360355441142,5458.417314918148,5430.755232823178,5401.712207946245,5373.497128974711,5345.2749786096265,5318.595169694771,5291.2359361047575,5240.710923193628,5191.471561166605,5141.744282386558,5095.304399578603,5049.029170581556,5002.2372310147775,4956.808439642562,4911.994732838206,4868.684444684011,4825.230203335601,4782.840627358086,4740.692278509315,4698.912760285315,4657.319511406861,4615.962475196114,4599.682828180423,4583.3860319828245,4565.94289085681,4547.040973083812,4527.898412484988,4508.561432227562,4489.044345192159,4468.143609419051,4447.6337232089045,4427.13250153609,4407.063293761824,4387.416079700823,4367.509833765298,4347.952546252876,4329.699414759636,4310.758622833018,4292.251773751267,4274.65522037602,4257.5822710373,4240.538538400547,4224.5688358967,4209.028222761823,4192.9908312509,4177.805246047998,4162.281732532132,4147.760070679648,4133.070942750587,4117.2030572638705,4101.8892293066865,4087.266805271147,4073.533701124324,4059.471706631584,4045.235528904317,4031.0869959384777,4016.675747586332,4003.1042983677635,3990.37709207244,3978.306450284396,3965.706139954997,3953.308334832291,3942.0959849338005,3931.292227711405,3921.4462794735755,3911.70413165653,3902.6320834659987,3893.094117902597,3883.8615991976844,3874.423163559348,3865.8230097226474,3857.363912723284
Azerbaijan,AZ,AZE,Cement production,kt cement,98.445158,112.140796,127.101983,151.423616,179.507513,198.730945,231.306211,266.972547,311.288995,365.825736,409.263129,461.878045,492.264835,524.571166,585.569778,647.917291,687.406771,710.695619,730.216247,775.528451,820.744771,857.22558,904.150135,955.194153,1017.211071,1027.557586,1042.817987,1033.948633,994.135123,1002.630591,1019.290338,991.044627,1026.544751,1042.120934,1046.444559,1079.151492,1094.880734,1109.005784,1113.839084,1084.076874,1020.902708,800.0,600.0,467.0,196.0,223.0,315.0,201.0,177.0,200.0,523.0,848.0,1012.7,1427.5,1537.9,1622.0,1692.8,1595.0,1286.0,1279.0,1425.0,1966.0,2296.0,2941.0,2683.0,2310.0,2955.0,3445.0,3488.0,3237.0,3439.0,3561.0,3561.0,3561.0,3617.5917523154963,3674.4832869113684,3725.2871777485307,3776.719592351446,3828.3983460371064,3880.3683146643534,3924.491526690934,3969.168663119184,4013.448153648354,4057.496217203189,4101.2439590559525,4130.691860191263,4159.429651775278,4187.591076737078,4214.5008524423765,4240.680024505633,4268.065337837565,4294.176802384495,4318.73081311903,4342.270643743081,4364.231921629381,4388.930791947876,4412.26684233126,4435.212842477081,4457.525752518143,4479.0138165296985,4509.855302976154,4539.146264814646,4567.1131268953895,4593.515436746328,4618.769125544367,4645.494118602881,4670.728001241936,4694.506187501346,4717.4483545687235,4739.030443815616,4761.565983553359,4782.922103953145,4803.586117059666,4823.098471398908,4841.505216096506,4859.923545748967,4877.410371204521,4893.4993245434625,4908.529812070312,4922.544543366448,4935.946769291588,4948.2845278296045,4959.580000372733,4969.689717633579,4979.113458250568,4987.997872506485,4996.277585149109,5003.483380526054,5010.088010831423,5015.577517461459,5021.21811762007,5026.226941351695,5030.726088230352,5034.965046009127,5038.53817748379,5042.441700148529,5046.055321592522,5049.033224998489,5051.674296406638,5053.700863373942,5055.564160127352,5057.03575325485,5057.8679267047255,5057.985184216487,5057.413974850363,5056.287514605539,5054.755854309438,5052.359666284207,5049.114834292994,5045.204255310032
Bahamas,BS,BHS,Cement production,kt cement,0.0,0.0,0.0,0.0,0.0,0.0,0.0,0.0,0.0,0.0,0.0,0.0,0.0,0.0,0.0,0.0,683.787763,683.787763,816.133782,830.838895,830.838895,985.242584,955.832357,794.076112,382.332943,272.044594,73.525566,330.865047,448.505952,470.563622,29.410226,66.173009,22.05767,0.0,0.0,0.0,0.0,0.0,0.0,0.0,0.0,0.0,0.0,0.0,0.0,0.0,0.0,0.0,0.0,0.0,0.0,0.0,0.0,0.0,0.0,0.0,0.0,0.0,0.0,0.0,0.0,0.0,0.0,0.0,0.0,0.0,0.0,0.0,0.0,0.0,0.0,0.0,0.0,0.0,115.09856560649256,115.75017177934484,116.28603052413744,116.85975823987674,117.49101381789778,118.33057783383698,118.7756027805199,119.26832084637272,119.79599885085429,120.37354504503384,120.9957584178352,120.47356997459997,120.02411239002898,119.66353006612069,119.37707363446603,119.14600665576451,118.82213496000455,118.56915203632983,118.38426741045072,118.25389790074732,118.1714969974283,118.08945450730606,118.06488121663969,118.06936314146824,118.12561392205721,118.21869886401016,119.03446454483141,119.82471552146787,120.58893118883722,121.33587967979,122.04461059694917,122.78897184826018,123.50015448742342,124.20229344796394,124.87527066871861,125.50567857316862,126.15964850155127,126.7983442905471,127.40654650270348,127.99033040269768,128.55136163769544,129.11519130731335,129.6582590793693,130.17750956577387,130.66475754420637,131.1439818242153,131.6260238372851,132.0704218016652,132.4766152760765,132.85645764478815,133.25128170027864,133.62174130972753,133.9746780905612,134.3153229459114,134.64327685747713,134.95743538941454,135.25338002644062,135.54765583035004,135.80689483876526,136.0483907241692,136.26284175417442,136.47602889655388,136.65789951947247,136.83437044711087,136.99319060340932,137.1549189134955,137.30845918381493,137.45327305851524,137.6013104660608,137.74422311635294,137.878977132388,137.99140927231306,138.12367481225968,138.25374855174059,138.36862473964473,138.47905006941795
Bahrain,BH,BHR,Cement production,kt cement,0.0,0.0,0.0,0.0,0.0,0.0,0.0,0.0,0.0,0.0,0.0,0.0,0.0,0.0,0.0,0.0,0.0,0.0,0.0,0.0,0.0,0.0,0.0,0.0,0.0,0.0,0.0,0.0,0.0,0.0,0.0,0.0,0.0,0.0,0.0,0.0,0.0,154.450252,154.403688,148.0,150.0,220.0,225.0,225.0,197.0,192.0,172.0,230.0,156.0,89.0,89.0,67.0,129.256,400.0,400.0,400.0,400.0,438.0,700.0,1200.0,1300.0,1350.0,1300.0,1300.0,1050.0,1390.0,1490.0,1173.0,670.0,610.0,708.0,800.0,800.0,800.0,803.2703339888567,820.5298498009781,836.4878887209833,850.6250193516887,864.4178614963749,877.3970635840071,890.7510863808956,903.9632330446111,917.0355515518473,930.0695887558273,943.0258924975984,950.2733145728579,957.3702028288075,964.4817457890528,971.5497535008963,978.4747903017384,984.5206852695984,990.634914675101,996.7456738937954,1002.9198821260289,1009.0654213136856,1014.4673438621837,1019.931910590655,1025.32526134573,1030.7555700391506,1036.2063171244415,1046.1457788520936,1056.043783402001,1065.9259990519972,1075.7921430199974,1085.6298815534906,1095.5606988908771,1105.474185829985,1115.3950969264602,1125.3487627365828,1135.313449046265,1145.305967051013,1155.3315606884314,1165.391784073495,1175.4829273594446,1185.5929232626142,1195.460420589337,1205.3615564083193,1215.2882505927537,1225.2113403752458,1235.1265576629614,1244.8237075348084,1254.5421764800312,1264.2319264010835,1273.920207342972,1283.598689018847,1293.0801940119209,1302.5364766792004,1311.993938688724,1321.449942415523,1330.9031693632605,1340.2651065538932,1349.6455395926644,1359.0453491647959,1368.4566082716854,1377.867426693719,1387.292542765211,1396.7119304358225,1406.1515701941885,1415.6374394470542,1425.1259430056646,1434.6765765406765,1444.269476100707,1453.8729391781671,1463.4944494853607,1473.1423702911186,1482.764669113444,1492.4058473348607,1502.0733827080785,1511.7567061210611,1521.4360116929508
Bangladesh,BD,BGD,Cement production,kt cement,4.513058,4.735647,5.191492,5.750539,5.724517,6.684141,9.27711,9.108893,8.164124,9.715262,10.383653,11.693887,12.423667,12.854715,14.133764,15.122416,16.720071,19.846838,22.523348,22.018677,23.304422,22.05767,29.410226,88.300152,169.108802,154.505404,308.807377,338.217603,323.51249,338.055311,345.57016,323.374591,308.807377,272.044594,242.547464,294.102264,308.807377,308.807377,316.159934,337.0,275.0,273.0,275.0,280.0,280.0,650.0,1013.0,1240.0,2085.0,3580.0,5005.0,5000.0,5000.0,5000.0,5100.0,5100.0,5100.0,10000.0,12000.0,13770.0,14690.0,15250.0,16780.0,17000.0,24000.0,25220.0,27240.0,31500.0,33800.0,31400.0,34200.0,32000.0,32000.0,32000.0,33727.54807493866,36626.45254954953,39531.37416606899,42251.4399610621,44931.523861153444,47725.274843254396,50667.32001904114,53512.5084780944,56268.23000786454,58945.200146955474,61551.09970093227,62586.580770055654,63588.851479150595,64561.581988238395,65502.37795797055,66411.09077539471,67236.09563990572,68046.75298193036,68844.18266826622,69630.4754429007,70407.08629872126,71128.38157550734,71849.75505330825,72568.26112536975,73280.74843442994,73987.05034887405,75125.31147478931,76222.01690170376,77275.36881150643,78289.50729875176,79262.82315091035,80245.03085776325,81191.05667385511,82107.22414549379,82988.60565503102,83833.74107918174,84680.88215982587,85493.27218463042,86268.59141447632,87009.1711292698,87712.90535047793,88386.3705799242,89026.7364852373,89634.26856190128,90208.09051242637,90750.07013809824,91263.46645284609,91748.24617820047,92203.8102747637,92628.75397708135,93028.85387548778,93381.83186073306,93705.77801676618,94001.97908154866,94279.20291261189,94524.23786157547,94724.24910877095,94899.00928138639,95058.53026474202,95195.01773053166,95312.57999695938,95391.91133753539,95445.23288793354,95480.32402066125,95493.21696769276,95485.28781948648,95443.68074006819,95385.03407421516,95301.54845524333,95200.70483511317,95078.79002787604,94937.67625951408,94782.70524081685,94611.89166928508,94424.57407210222,94222.41948648218
Barbados,BB,BRB,Cement production,kt cement,0.0,0.0,0.0,0.0,0.0,0.0,0.0,0.0,0.0,0.0,0.0,0.0,0.0,0.0,0.0,0.0,0.0,0.0,0.0,0.0,0.0,0.0,0.0,0.0,0.0,0.0,0.0,0.0,0.0,0.0,0.0,0.0,0.0,147.775522,220.576698,198.519028,205.073633,183.813915,213.224141,200.0,200.0,175.0,62.0,78.0,75.0,107.0,173.0,259.0,253.0,268.0,250.0,298.0,325.106,322.27,340.696,337.801,294.184,301.0,256.0,229.0,223.0,176.0,160.0,160.0,160.0,160.0,240.0,240.0,240.0,180.0,240.0,240.0,240.0,240.0,236.7817783797293,234.09809469738065,231.52905940794147,229.07833504714904,226.703698848682,224.62554209946606,221.5298964713003,218.58599030238784,215.76840361972572,213.0550140307971,210.5101094170019,205.82072578275438,201.43270811254436,197.32475601787834,193.43144555756774,189.82166565476425,185.95528324258416,182.3780439474747,178.98085213096044,175.77953308594041,172.80120606543662,169.784438063796,166.9275322457012,164.2259399321242,161.71815538357032,159.36044914232284,157.97232115137265,156.60727698636407,155.30050960155071,154.03552586713081,152.81369465031864,151.5606268339676,150.35153299888947,149.1936292154945,148.0603493573803,146.9367879432918,145.79083441036596,144.68467800430344,143.58976415895,142.51437559418795,141.47235083549174,140.4322314867463,139.4159404699802,138.39573111547506,137.38641708152892,136.41298439499502,135.4153507580845,134.48138069055227,133.53336729362692,132.59882472356378,131.63994614601313,130.7089868724853,129.75133257231005,128.8056658813365,127.8754778386632,126.93994670266423,126.00058853333759,125.06708248106476,124.13225594092405,123.2036487386055,122.27000774543164,121.33513848857336,120.39990205330926,119.47649185572979,118.57296782713465,117.65418761201924,116.73319580960106,115.80046863570486,114.87342120793242,113.96242944086559,113.05344917360941,112.15556365076019,111.27061330431538,110.39155689826599,109.51890138060722,108.6502654243533
Belarus,BY,BLR,Cement production,kt cement,282.679283,322.005474,364.965613,434.803705,515.444906,570.643821,664.181716,766.595431,893.847418,1050.446351,1175.174185,1326.254715,1413.508536,1506.274201,1681.428004,1860.455096,1973.846735,2040.719245,2096.771544,2226.88278,2356.718693,2461.471118,2596.212124,2742.781918,2920.859724,2950.569115,2994.388429,2968.920617,2854.598544,2878.992765,2926.830215,2845.724372,2947.660821,2992.386883,3004.801907,3098.717878,3143.883438,3184.442662,3198.321189,3112.860812,2931.460037,2300.0,1900.0,1488.0,1235.0,1467.0,1876.0,2035.0,2100.0,1847.0,1803.0,2171.0,2472.1,2731.2,3130.9,3494.8,3820.5,4219.0,4350.0,4531.0,4604.0,4906.0,5057.0,5617.0,4638.0,4503.0,4490.0,4519.0,4728.0,4736.0,4985.0,5000.0,5000.0,5000.0,4982.469242304892,4965.860434009553,4938.589517820851,4911.278581069503,4883.129633812243,4855.284531563205,4823.251585900661,4793.065736812534,4763.063830832882,4733.824000013145,4705.4315290790155,4662.047817420524,4619.700967119081,4578.384567590647,4537.315537868914,4496.744597945015,4455.743607661499,4415.2494265490595,4375.468608197312,4336.364998355539,4297.3804898107155,4257.937103028142,4218.9896678122805,4180.420422471876,4141.941048740951,4104.08515101637,4072.6191660627373,4040.357381632334,4007.0355392411016,3972.839119130405,3937.8860256539688,3902.3774437806082,3866.322395936033,3829.822881212377,3793.105100149815,3755.995223868073,3718.942536296375,3681.9223614964912,3644.7527270642145,3607.4824437373086,3570.245322579327,3533.1710217046643,3496.230728921423,3459.554508228066,3423.3078649510016,3387.274717483372,3351.615928570156,3316.116912824306,3281.141786584619,3246.377878363875,3212.0727973955113,3178.1586319117046,3144.605404919963,3111.276739698838,3078.469741929221,3046.0029034866743,3013.93355443429,2982.388124156894,2951.2901003554134,2920.6888778327666,2890.5203477994246,2860.7992640953144,2831.541467847043,2802.628020262916,2774.11575237682,2745.7777535154373,2717.6820979320237,2689.7990775216877,2661.9685662625593,2634.085503614188,2606.3295882982006,2578.5666512535718,2550.9022493216235,2523.1375787953366,2495.3211384101464,2467.3361013388367
Belgium,BE,BEL,Cement production,kt cement,4396.828844,4110.079137,4624.758098,4374.771174,4690.744367,4661.520881,4705.814884,4058.61124,4440.944183,4389.653175,4757.104117,4786.335462,4705.473103,5845.282493,5904.102946,5793.612658,5815.872267,5742.346701,6271.544737,6727.589284,6933.460869,7088.06322,7043.56323,7470.400088,6881.992973,7506.960284,7764.074823,7573.133293,7705.479312,7477.752723,6690.826501,6323.395927,5720.289031,5705.583918,5536.475116,5756.846608,5691.08119,6447.956523,6720.466056,6930.0,7184.0,8073.0,7612.0,8412.0,8223.0,7857.0,8052.0,7000.0,7277.0,7150.0,7157.0,6980.0,6550.0,6715.0,7594.0,8192.136,9570.99,6710.0,5990.0,6095.0,6954.0,6280.0,6119.0,6364.0,6275.0,6255.0,7314.0,7546.0,7857.0,6500.0,7340.0,7300.0,7300.0,7300.0,7267.138573324009,7244.965203784011,7223.633272047553,7205.39590512508,7190.099191419602,7167.823433181675,7143.942343840872,7121.141437933648,7099.331072986912,7079.063044072822,7059.258698301788,7007.779518916925,6957.763248180392,6909.590582897221,6862.191999495797,6815.685312807821,6767.916657572961,6721.481984645389,6675.670866994729,6631.082142407257,6587.609136854982,6543.808572391623,6500.711063804691,6458.267660446123,6416.055331876004,6374.619168435679,6367.02405836699,6357.956233050948,6347.33119629085,6335.665508998611,6323.857872058596,6311.311029324446,6297.841607441392,6283.536640793866,6270.840590499407,6257.394565933082,6243.951750968149,6229.322192560672,6215.556100873156,6201.97630648739,6188.93225516561,6176.563057413716,6164.864172790829,6153.872959416528,6142.8385429838645,6132.449781046891,6122.261522656252,6113.462823811622,6104.823036885831,6096.1937631844585,6087.699638295053,6079.91069450353,6072.379623611865,6064.14906268562,6055.126327737173,6046.826376066325,6038.084723880669,6030.357643198487,6021.420059790016,6013.072157288969,6004.41002160262,5996.0068349049925,5987.227385425551,5977.846820698054,5968.558821812942,5959.7272874955,5950.997148107635,5942.291152755474,5932.681845961333,5923.400646923189,5913.62444891351,5904.248518159523,5895.106105975559,5885.5823091694965,5875.033276755801,5864.385061286237
Belize,BZ,BLZ,Cement production,kt cement,0.0,0.0,0.0,0.0,0.0,0.0,0.0,0.0,0.0,0.0,0.0,0.0,0.0,0.0,0.0,0.0,0.0,0.0,0.0,0.0,0.0,0.0,0.0,0.0,0.0,0.0,0.0,0.0,0.0,0.0,0.0,0.0,0.0,0.0,0.0,0.0,0.0,0.0,0.0,0.0,0.0,0.0,0.0,0.0,0.0,0.0,0.0,0.0,0.0,0.0,0.0,0.0,0.0,0.0,0.0,0.0,0.0,0.0,0.0,0.0,0.0,0.0,0.0,0.0,0.0,0.0,0.0,0.0,0.0,0.0,0.0,0.0,0.0,0.0,120.05550247985653,121.75572471115215,123.27971496744206,124.76527469654681,126.23496160622668,128.37714334467552,130.96132056836336,133.49400159245292,136.0025780281556,138.49165636189502,140.96792858909387,142.7186454111662,144.4038570267694,146.0381057439423,147.6096138945222,149.1197662914168,150.92614308083765,152.65346527487137,154.3119275876358,155.90567726659376,157.4467256602099,159.24090864585068,160.97255965079847,162.6227459488737,164.22439637637717,165.73740080708657,168.47856632348717,171.04381379568449,173.50731853369427,175.82426922355987,178.03984400450884,180.46186171812553,182.74107523722049,184.90629978368779,186.94205622693283,188.85885233290045,190.90891981260003,192.80483110477928,194.60619240266817,196.27778140618048,197.82535152996746,199.43466518610202,200.90350385959954,202.25239580661744,203.41848848551487,204.4887558665095,205.5906221928701,206.52921482037124,207.3681969849222,208.06843850131028,208.66181520196392,209.24827170560133,209.70581874829136,209.98985342928725,210.19571318779614,210.31793118084124,210.39125543737921,210.37584897394234,210.25142577459368,210.03197743888452,209.75037873702198,209.4385986476142,209.06117927959104,208.55446892450405,208.02324293631023,207.46098600857195,206.8495755063205,206.17855843086068,205.47466516095233,204.72024235787615,203.90921886794342,203.06984653436592,202.20207640443562,201.32433408626744,200.40420177413003,199.44505779493664
Benin,BJ,BEN,Cement production,kt cement,,,,,,,,0.0,0.0,0.0,0.0,0.0,0.0,0.0,0.0,0.0,0.0,0.0,0.0,0.0,0.0,0.0,0.0,0.0,0.0,0.0,0.0,0.0,0.0,286.749707,294.102264,316.159934,301.45482,301.45482,301.45482,301.45482,301.45482,198.519028,249.986924,300.0,320.0,370.0,506.0,465.0,579.0,360.0,200.0,200.0,200.0,250.0,250.0,250.0,250.0,250.0,250.0,1488.883,1550.0,1347.0,1315.0,1305.0,1460.0,1390.0,1422.0,1396.0,1382.0,1356.0,1373.0,2530.0,2600.0,2700.0,2900.0,3000.0,3000.0,3000.0,2909.3956015614704,3030.5606131875857,3158.3045639061497,3275.6414464738536,3392.8861308416076,3502.277339534999,3603.5591721607248,3695.499705987037,3780.3455989760923,3859.865790794651,3935.324678520364,4026.8976613160844,4116.403585030595,4204.544375824911,4292.396379594884,4379.434578125181,4444.480205612353,4510.2795141283195,4577.053326697061,4644.650840715985,4713.74008882558,4762.869832371174,4814.933458190737,4869.499723138264,4926.659597035069,4985.92557497051,5137.360723951258,5284.599575332575,5428.114434120854,5567.588045540121,5705.203256164892,5857.714013321619,6005.749423093348,6151.246571065187,6293.471050976656,6433.476696742312,6586.886864637881,6736.51517628029,6883.246110784435,7026.950380496147,7168.487223635866,7321.002179981297,7469.087355965572,7613.730350550402,7755.280249207994,7894.936665668797,8043.587632237528,8187.745740925979,8329.184008743256,8466.32800429842,8600.14315242242,8739.007085550244,8874.717488854341,9007.037156462236,9135.8441405357,9261.165398161946,9391.086821637602,9517.327610646404,9641.166336585484,9760.153655180251,9874.475811360966,9992.756868592269,10106.215983541182,10216.77920178281,10323.511959083078,10426.61465622252,10529.972985781878,10629.82498850988,10726.802778944735,10819.860945211944,10911.347865434705,11002.439357362178,11090.107791507868,11172.575889477559,11253.355991703169,11331.142421188928
Bermuda,BM,BMU,Cement production,kt cement,0.0,0.0,0.0,0.0,0.0,0.0,0.0,0.0,0.0,0.0,0.0,0.0,0.0,0.0,0.0,0.0,0.0,0.0,0.0,0.0,0.0,0.0,0.0,0.0,0.0,0.0,0.0,0.0,0.0,0.0,0.0,0.0,0.0,0.0,0.0,0.0,0.0,0.0,0.0,0.0,0.0,0.0,0.0,0.0,0.0,0.0,0.0,0.0,0.0,0.0,0.0,0.0,0.0,0.0,0.0,0.0,0.0,0.0,0.0,0.0,0.0,0.0,0.0,0.0,0.0,0.0,0.0,0.0,0.0,0.0,0.0,0.0,0.0,0.0,16.806991724012835,16.639539565301224,16.467424881089887,16.290367755602027,16.11898545549856,15.973745012410664,15.84989732419823,15.726170889585218,15.608972254922048,15.488173373039468,15.368255343905274,15.190731236991425,15.014345014849244,14.839383874164248,14.66780965206096,14.493801130594298,14.326550909107135,14.160771712061303,13.991951499282388,13.825098747299746,13.661864867637297,13.497498561463738,13.336445161747758,13.17348722126157,13.010694924245753,12.847343544217855,12.73635816874843,12.623800126015269,12.507422748498746,12.387450702950824,12.269725324922526,12.149528612622644,12.02843323331491,11.910932522038573,11.793431810762241,11.674807765726092,11.55663305419387,11.440705010181274,11.324776966168672,11.211544923179625,11.102806215229823,10.99204550651236,10.882857465058635,10.777488758388268,10.670547384454167,10.5669760117995,10.464078639400721,10.36275393426568,10.265023897162035,10.16796786031428,10.07136115697045,9.973855786618765,9.88061908455437,9.788281049497824,9.697066348201089,9.604728313144543,9.519354947398833,9.433756914901158,9.348608215907408,9.26638018468917,9.183702819967007,9.103946123020355,9.023964759321737,8.94420806237509,8.868720033715723,8.791434671040658,8.714373975117553,8.638661279706225,8.56519525181452,8.489931889907115,8.415117861503637,8.343673834379594,8.26841047247219,8.193821110820673,8.12125374993682,8.049135722556889
Bhutan,BT,BTN,Cement production,kt cement,0.0,0.0,0.0,0.0,0.0,0.0,0.0,0.0,0.0,0.0,0.0,0.0,0.0,0.0,0.0,0.0,0.0,0.0,0.0,0.0,0.0,0.0,0.0,0.0,0.0,0.0,0.0,0.0,0.0,0.0,60.0,60.0,116.0,116.0,116.0,116.0,116.0,116.0,116.0,116.0,116.0,116.0,108.0,120.0,140.0,160.0,160.0,150.0,150.0,150.0,160.0,160.0,160.0,170.0,170.0,180.0,180.0,180.0,180.0,200.0,544.0,521.0,570.0,690.0,791.0,940.0,895.0,941.0,906.0,617.0,652.0,600.0,600.0,600.0,600.3397986856631,600.3939710187863,601.686336643806,601.9325931941947,601.4938989438335,606.4561862423644,610.8511267125176,616.3059650531011,622.3763303000952,628.7642403782642,635.0770135385047,626.9031278320398,619.6142971097927,613.0392221572612,606.9536435349772,601.424135292177,595.3228786625568,589.772367355165,585.1070634560443,580.8168111916792,576.9143702909668,572.5133044785676,568.2169267329584,564.0311656223732,560.3976530624608,556.9905237577645,556.9717676177546,557.0402838823361,556.3504075509956,555.3720766784292,555.1584675100454,554.2245358104788,552.8993042270341,552.3128978198497,550.9436821276382,549.6189974607255,547.8791070151742,546.0291425270526,544.0778654064479,542.3520378721564,540.4602142094061,537.9191727364184,535.2314573822491,532.6092115312177,529.940929193927,527.0550794251757,524.3344413724795,521.1560727388638,517.8277287606671,514.1674107225001,510.50691867146264,507.1240219278426,503.8141768348039,500.52201977029694,496.7602744813018,492.8073781907715,488.91788539208335,484.8826447358729,481.09243479192105,477.04249689693484,473.3677543080822,469.654682231384,465.8874742887963,461.71640806004564,457.78682620481516,453.7722778511563,449.90623731883636,445.9603937441877,442.2876979424599,438.92029478918073,435.46351735586506,432.03519921891655,428.93913456656685,425.80030550438573,422.85639847138384,419.66277307441453
Bolivia (Plurinational State of),BO,BOL,Cement production,kt cement,36.762783,36.762783,36.762783,29.410226,36.762783,29.507935,21.97746,29.293054,29.410226,36.762783,44.11534,51.467896,58.643283,66.009619,58.820453,66.173009,58.820453,73.649555,80.761918,117.640906,124.843948,147.051132,169.108802,205.871585,264.453146,220.400236,264.692037,257.339481,250.180562,293.871414,374.980386,323.239944,330.865047,287.010152,382.332943,294.102264,397.038056,455.858509,507.326405,560.0,587.05695,649.64379,717.60741,776.30163,892.43095,900.9568,1047.95107,1166.51116,1201.27432,1071.941,982.54311,1010.44599,1138.14621,1276.41151,1439.95116,1636.07872,1738.648832,1985.410782,2291.605134,2414.382277,2657.64954,2714.089132,3061.147311,3336.939514,3468.208713,3601.33729,3610.988692,3757.392014,3900.345238,3206.833645,3606.958723,3888.57093,3977.360585,4059.120891,4104.062538359345,4151.451589314859,4200.2753493293185,4251.061005652369,4304.311037735757,4362.863719245877,4424.035716972952,4485.8103441332,4548.2063058761605,4611.1747330790795,4675.078890778669,4717.7010290695425,4759.968547167,4802.0533863629735,4844.0819154587725,4886.014218087652,4938.49549281395,4989.814654624699,5040.143591245821,5089.643405566571,5138.37427060135,5196.048211836683,5252.176233285261,5307.527570995464,5362.345566078713,5416.727289696952,5511.724889908405,5603.267999256074,5691.511500689476,5776.631802355583,5858.914628073424,5947.448984757964,6032.586065260422,6114.367849125328,6193.022269239082,6268.657557466826,6348.70188269018,6425.4028696028,6498.849715942875,6569.289762967864,6636.832715948023,6706.414461194956,6772.9237206449225,6836.3573545776535,6896.685749498696,6954.25786328751,7012.842405840688,7068.650420453643,7121.723996601048,7171.974883402348,7219.874887980641,7268.0078936598475,7313.162302305086,7355.367994384679,7394.858172897568,7431.866434729906,7468.7093465340695,7503.110413991495,7535.177949632088,7565.097629966086,7592.983380417598,7620.407802155584,7645.848323145593,7669.320326839838,7691.162057206386,7711.294389349079,7730.790187894391,7748.491908785569,7764.677531276044,7779.38924457429,7792.761604325744,7805.2369041710135,7816.185364143696,7825.601085232742,7833.5430946827755,7840.153416051674
"Bonaire, Sint Eustatius and Saba",BQ,BES,Cement production,kt cement,0.0,0.0,0.0,0.0,0.0,0.0,0.0,0.0,0.0,0.0,0.0,0.0,0.0,0.0,0.0,0.0,0.0,0.0,0.0,0.0,0.0,0.0,0.0,0.0,0.0,0.0,0.0,0.0,0.0,0.0,0.0,0.0,0.0,0.0,0.0,0.0,0.0,0.0,0.0,0.0,0.0,0.0,0.0,0.0,0.0,0.0,0.0,0.0,0.0,0.0,0.0,0.0,0.0,0.0,0.0,0.0,0.0,0.0,0.0,0.0,0.0,0.0,0.0,0.0,0.0,0.0,0.0,0.0,0.0,0.0,0.0,0.0,0.0,0.0,8.806017618221292,8.92695935596152,9.017712272961631,9.100280678153203,9.162318961219073,9.215662793783771,9.224600255002278,9.224365809173818,9.226992717767262,9.226250636261119,9.2206549712474,9.120871895849316,9.022481923581935,8.933738602621162,8.850341534415605,8.7705080162216,8.687045724911723,8.603550676730586,8.529646912841873,8.455916233506022,8.387431424967376,8.318852051001853,8.248280273959233,8.180224917120563,8.117717535725724,8.054016016465619,8.043590855506581,8.025520576510916,8.012083702385935,7.9954034448514735,7.972699760985125,7.949301066388173,7.934474170801985,7.9189522644851955,7.901576996220132,7.886286760146875,7.86983817285595,7.849219521181409,7.817249027573693,7.789911938836659,7.764891552534968,7.741492857938015,7.715082450175121,7.687745361438087,7.66063994294459,7.631681162502818,7.606660776201126,7.575153623080479,7.5471215236128435,7.5153827002486615,7.481095504205603,7.444491605727203,7.407424366761735,7.368735436091527,7.326571451768307,7.292515925968783,7.249656930914962,7.207261276348206,7.167413994460328,7.124554999406506,7.081000993622082,7.040227030760067,6.998526386923915,6.95891077527957,6.919063493391693,6.876667838824937,6.8351988652323215,6.795583253587975,6.760137706327248,6.723533807848848,6.682528174743299,6.641754211881284,6.601211919262803,6.55765791347838,6.514103907693952,6.474951636536678
Bosnia and Herzegovina,BA,BIH,Cement production,kt cement,26.247864,29.376706,29.472902,31.680737,35.45467,34.96007,45.196082,45.114817,50.964897,55.448158,53.874124,58.456134,66.579069,71.539552,75.33336,80.761975,87.306476,102.930801,110.96938,123.64978,137.311125,160.167322,195.322546,201.915794,211.254683,232.125956,249.151399,281.63438,299.27278,309.456675,287.709291,297.907654,284.985863,270.931991,260.942374,267.29619,263.117452,262.139581,251.67538,236.087219,244.818957,150.0,150.0,244.0,226.0,150.0,200.0,300.0,300.0,628.0,704.0,913.0,890.879,1044.944,1025.54,1226.319,1283.357,1406.0,1074.0,949.0,893.0,846.0,882.0,840.0,808.0,841.0,910.0,995.0,955.0,1126.0,1097.0,1000.0,1000.0,1000.0,1013.166032898754,1028.2023822923575,1041.450840576056,1054.5513914424396,1067.5859140332095,1079.461310370506,1088.4412858545265,1096.8549812387034,1104.108507232835,1110.810018821447,1116.6129988732855,1115.2304273760426,1113.7522839383753,1112.2149147331768,1110.6705327334098,1108.537654525024,1104.3242117206232,1099.8199744239253,1095.7154925667028,1091.6857683229891,1087.7683945990864,1082.679169827647,1077.3006640116291,1072.1108846373056,1067.4681210524973,1062.6278943955804,1055.190520869959,1047.2985313075608,1039.8104395779972,1032.0049942829553,1024.3694274661952,1015.757343590505,1007.0729027562951,998.8083038390448,990.7047917002593,982.627565323653,974.365774737677,966.2643386998636,958.3554496157656,950.327493164245,942.167658307608,933.5785391554027,925.2010973142669,916.7031985550623,908.7902849496652,900.8438653619783,892.6371265542972,884.67898567904,876.8349329874859,869.1221665677698,861.2463594666629,853.2514719324697,845.5405051863752,838.0142694415034,830.5489002930831,823.2034441271132,815.9321375305619,808.8857247113765,801.8827795297917,794.8281076402493,787.9534321064754,781.4572099935574,774.9833434500051,768.7725934888405,762.5110941694048,756.3196436407634,750.4522949332313,744.6704912497656,738.7902677010289,732.7571850247085,726.8834406691417,721.0397283498802,714.9978076824495,708.7970455042112,703.0571515330331,697.5251067140035
Botswana,BW,BWA,Cement production,kt cement,,,,,,,,,,,,,,,,,,,,,,0.0,0.0,0.0,0.0,0.0,0.0,0.0,0.0,0.0,0.0,0.0,0.0,0.0,0.0,0.0,0.0,0.0,0.0,,,,,,,,,,,,,,,,,,,,250.0,260.0,15.0,15.0,15.0,15.0,15.0,15.0,15.0,1.0,0.0,0.0,0.0,11.0,11.0,11.0,10.606951670755848,10.984594203038881,11.288896694325441,11.586011205516037,11.892654667894407,12.19196772292676,12.33548728555582,12.497100634331597,12.672858417484191,12.862759737324454,13.063859653944034,13.249287048357813,13.451488330343043,13.66821098107717,13.89810049217805,14.138485989892807,14.252889508027916,14.389339908771683,14.545082382813156,14.717113684331155,14.907071822711943,14.99775760981781,15.11525458455706,15.257045869071383,15.419871954496912,15.601014189370566,16.054422475279463,16.50954669703778,16.966112491527824,17.42547543882362,17.887968954612088,18.382858571800995,18.880570424236083,19.37916987948437,19.88016529389766,20.386335135601133,20.912226631957815,21.440686296970476,21.97336757667384,22.510106182052315,23.04916523645441,23.59805410449915,24.15144480190698,24.70675834492813,25.26692446775907,25.82974649984514,26.410059230214156,26.993188821668536,27.57708801138078,28.165951957908423,28.756981930251882,29.365513931656533,29.97638631189412,30.590833568607348,31.207512932053245,31.829250034110633,32.47103153792825,33.11646911138189,33.762054500717305,34.41068395511889,35.061346614126656,35.72685377286222,36.39441183601138,37.06363943245793,37.73675361027836,38.4129880449911,39.09525539191299,39.78344820654394,40.47274690021984,41.164472161273686,41.85882906836552,42.55373215168466,43.252185294991975,43.95380331421013,44.65944298641932,45.364729955826704
Brazil,BR,BRA,Cement production,kt cement,1455.806206,1617.324854,2029.01092,2499.560731,2771.61546,3271.887685,3396.881147,3786.566646,3838.034543,4470.35441,4713.340047,5072.917611,5183.5524,5624.342278,5617.7185,6043.801521,6404.076794,7278.68628,7823.120217,9002.431,9802.639,11381.431,13397.576,14919.644,16737.458,19146.794,21122.927,23202.867,24873.654,27192.803,26051.07,25644.119,20869.935,19497.272,20634.513,25257.14,25468.027,25328.769,25920.012,25848.359,27490.09,23902.73,24842.915,25229.609,28256.304,34597.049,38096.043,39941.916,40233.915,39900.727,39453.482,38926.768,35122.0,35984.0,38705.0,41895.0,46551.0,51970.0,51747.0,59117.0,64093.0,68809.0,70161.545,72502.878,66488.57,58160.313,54003.893,53602.493,56611.225,61052.189,65883.5143,63545.862,66525.96,65498.224,65981.152524721,66526.19735755534,67083.71587663691,67695.38885286186,68332.50175262248,68755.73058590526,69306.49072426325,69858.07937542396,70410.02116893313,70961.83114393217,71518.25197892857,71621.97276183957,71727.4953473059,71834.14704202919,71942.3402184831,72051.01186600172,72213.9388097262,72367.3930157314,72512.1658753342,72648.86968921845,72777.05759466001,72930.50942004654,73074.47347063494,73216.08972034133,73355.32299530538,73491.78405531886,74093.51675531811,74653.41570692597,75170.78802459278,75647.62789280072,76085.56091812701,76525.01168685293,76925.44801718058,77286.29039125613,77610.15217690148,77896.71395813418,78179.56942251854,78426.0330197307,78636.2738699873,78812.78311714272,78958.06355267121,79081.89699515182,79174.3950661959,79238.28451797464,79272.43240853149,79279.93335862154,79268.4653542094,79230.81318187101,79169.20055560337,79084.1569141751,78978.57626464155,78851.88515637587,78705.53741979199,78538.45896648726,78352.23999947272,78148.03484750117,77925.568800312,77686.48583213367,77433.57329182354,77168.83916601262,76892.38094286805,76602.9657104542,76301.7046596987,75990.87673486308,75670.52792217479,75343.17699543941,75004.82553473173,74660.56833517138,74308.52337379179,73952.24122855598,73588.79672721158,73219.65424376121,72846.27700153683,72469.0863254821,72090.53653913068,71709.94567597244
British Virgin Islands,VG,VGB,Cement production,kt cement,,,,,,,,,,,,0.0,0.0,0.0,0.0,0.0,0.0,0.0,0.0,0.0,0.0,0.0,0.0,0.0,0.0,0.0,0.0,0.0,0.0,0.0,0.0,0.0,0.0,0.0,0.0,0.0,0.0,0.0,0.0,0.0,0.0,0.0,0.0,0.0,0.0,0.0,0.0,0.0,0.0,0.0,0.0,0.0,0.0,0.0,0.0,0.0,0.0,0.0,0.0,0.0,0.0,0.0,0.0,0.0,0.0,0.0,0.0,0.0,0.0,0.0,0.0,0.0,0.0,0.0,11.243445642370727,11.239507215662263,11.21692871397139,11.199681048916915,11.191676436990328,11.190191245899499,11.147157287553942,11.097997031632366,11.062645867809207,11.02675078231488,10.99736220384942,10.863541960789929,10.746627739194283,10.607284222967351,10.502612575353703,10.392957421494167,10.271699711415367,10.16545488069137,10.05494502863741,9.953307975737884,9.851346963903149,9.745492076122142,9.644888257327123,9.547622784743968,9.461969796464873,9.367122956817328,9.32403229151997,9.286501712067434,9.261017985278675,9.224877427287344,9.179006719067576,9.13151431914307,9.073828428503061,9.021702623707872,8.968881808182077,8.915597652169218,8.850034973249048,8.786325656277151,8.714971221268623,8.639678392120016,8.582455841967073,8.516893163046902,8.44414870657717,8.373489282299246,8.305378230700201,8.23657216837055,8.168229446527969,8.093863298353497,8.01903380969196,7.949996077118777,7.869143162125347,7.7982520676038884,7.736164442336731,7.681953605349733,7.618475958621368,7.552218268970593,7.492447346138779,7.429896380384548,7.369893787309199,7.3096595239903115,7.246645217749017,7.1824725602900505,7.123859988675905,7.070575832663042,7.016133325432513,6.964702531367924,6.924160238749446,6.882227924669759,6.831028800848706,6.778439655566449,6.726777191258327,6.679053121090286,6.6392058392024085,6.5842999914848095,6.53171084620255,6.486535148713386
Brunei Darussalam,BN,BRN,Cement production,kt cement,0.0,0.0,0.0,0.0,0.0,0.0,0.0,0.0,0.0,0.0,0.0,0.0,0.0,0.0,0.0,0.0,0.0,0.0,0.0,0.0,0.0,0.0,0.0,0.0,0.0,0.0,0.0,0.0,0.0,0.0,0.0,0.0,0.0,0.0,0.0,0.0,0.0,0.0,0.0,,,0.0,0.0,0.0,0.0,250.0,250.0,216.0,208.0,232.0,227.0,241.0,236.0,241.872,266.027,240.0,200.0,240.0,220.0,270.0,290.0,330.0,340.0,240.0,230.0,250.0,270.0,290.0,290.0,250.0,260.0,310.0,310.0,310.0,308.3016968489408,309.45748166716714,310.54389480974794,311.7180405454546,312.7816968796453,314.5548637044471,316.3232876294976,318.1350744671111,319.87278104861394,321.75418231273255,323.6743055167284,323.473020712623,323.2807991410136,323.1965596197693,323.35872979918275,323.46513063583313,323.50012148618407,323.6815494908653,323.8818282321173,324.14591841160086,324.4923655472787,324.9670312018784,325.4091834129509,325.93338409611937,326.53415662097825,327.19742501741746,327.6434046855494,327.9949771569791,328.166694148708,328.2317371110665,328.28215048986686,328.21348634285715,328.12236889184965,327.903844558377,327.6264321461696,327.32144642979637,326.9878626442947,326.59351338996817,326.2113702413638,325.69298474413324,325.0911734260276,324.4113833380115,323.6500595583202,322.7493710743614,321.8492189494867,320.98275376279963,320.17534244308735,319.3495270845986,318.38188964476007,317.35046645839066,316.2208914238861,315.02207525753107,314.00879896272676,312.9454102657379,311.94675276804514,310.89540277108813,309.82861456204796,308.7331958730716,307.6137027046069,306.49671207426104,305.43532688781164,304.3408826987201,303.33508691630016,302.29685366132907,301.2029161660178,300.1167009200505,299.0887150244233,298.09499823807323,297.0747730320969,296.07844952372733,295.0685442508168,294.09729701769277,293.08541903913033,292.13038079969124,291.10826844584216,290.0733096891755
Bulgaria,BG,BGR,Cement production,kt cement,632.036316,676.435207,698.492877,779.370999,808.781225,860.006182,882.306791,933.774688,1433.748536,1588.413477,1749.90847,1889.607045,2205.766979,2580.747365,2683.895642,2852.791959,3352.988686,3514.305561,3551.284835,3668.706058,3882.149882,3911.560109,4176.02965,4293.893052,4360.066061,4359.847402,4661.520881,5146.789617,5403.878744,5359.760113,5440.89188,5610.000682,5646.534332,5720.529137,5293.840748,5698.459665,5492.139994,5536.475116,4970.118141,4710.0,2374.0,2132.0,2007.0,1910.0,2070.0,2137.0,1654.0,1742.0,2060.0,2209.0,2088.0,2137.0,2100.0,2938.87,3618.221,4092.692,4413.346,4651.0,2645.0,1961.0,1882.0,1803.0,1812.0,1785.0,2114.0,1994.0,2117.0,2331.0,2456.0,2000.0,1989.0,1952.0,1952.0,1952.0,1979.4155542108535,2013.9912776861463,2042.9891448098492,2071.650078501134,2098.830816096892,2124.9085556917275,2145.6566429778786,2165.2745827250487,2183.948701583597,2201.5422440278344,2218.401317574463,2223.0247983022164,2226.8155519528605,2230.1584709226636,2233.457032328067,2236.2123477603996,2237.120934506982,2237.9349501570905,2238.713856079109,2239.5669893099657,2240.2443451600247,2239.974425708503,2239.3365410849838,2238.812697561855,2238.568077581525,2238.6069538181905,2233.3673684419296,2227.8819224539843,2222.1083941777497,2215.875018131333,2209.3437903013,2202.2830524725723,2195.0113941883906,2187.403109646868,2179.530220309525,2171.1043618092344,2162.0136487286522,2152.6452973060586,2143.134574630179,2133.3251912370824,2123.2528539704654,2112.6236627613603,2101.914543901673,2091.2002467806997,2080.5801843280233,2069.9226207239117,2058.974092904557,2048.1722507883437,2037.4585414288629,2026.7501415663799,2016.0579383516392,2005.8353296775656,1995.820310500432,1985.8690146840313,1976.1599555898626,1966.4870099836328,1957.2018964799022,1948.4729549916906,1939.812792246273,1931.4230810378929,1923.092823491045,1915.2764260886659,1907.654310619138,1900.208794415181,1892.9619566876227,1885.7259903673867,1878.8512638277286,1871.9062814055883,1864.8314064470437,1857.6611599558435,1850.3365642300814,1843.1202153939896,1835.5583908804524,1827.91264197253,1820.170825936132,1812.2147521653978
Burkina Faso,BF,BFA,Cement production,kt cement,,,,,,,,0.0,0.0,0.0,0.0,0.0,0.0,0.0,0.0,0.0,0.0,0.0,0.0,0.0,0.0,0.0,0.0,0.0,0.0,0.0,0.0,0.0,0.0,0.0,0.0,0.0,0.0,0.0,0.0,0.0,0.0,0.0,0.0,,,,,0.0,30.0,30.0,40.0,40.0,180.0,100.0,50.0,30.0,30.0,30.0,30.0,30.0,30.0,468.0,563.0,587.0,590.0,659.0,580.0,403.0,1350.0,1650.0,1800.0,2150.0,2745.0,2800.0,3000.0,3100.0,3100.0,3100.0,2990.3401633380995,3086.7675012006234,3189.498090138571,3290.8738328016225,3399.6421474295257,3528.361557975037,3697.0046006733264,3863.244046527725,4027.84460840989,4191.176358981631,4353.509613762394,4563.248807480645,4760.673519168086,4947.242121329328,5124.382940003441,5293.175537175242,5460.2418090180745,5615.278477615885,5760.173009637492,5896.786127443894,6027.541977739601,6146.2893947356,6259.717452875661,6371.492829233998,6481.363135160154,6589.9674874133725,6835.0284729010355,7069.46370422103,7294.471636730874,7510.872030289951,7718.978539709237,7957.082767935696,8183.902939064974,8401.013279934361,8608.84929041802,8807.92385017367,9030.372636337825,9243.433201446422,9447.857648042289,9645.172571786603,9836.075336898348,10043.594440382092,10243.12508317659,10434.930940863387,10619.447585651335,10797.128009287562,10988.565527391156,11171.684816041388,11347.43560575141,11515.938917750227,11676.422633283553,11845.84925542703,12007.974388846915,12162.315955897211,12308.30963356905,12447.102984673025,12592.279285119273,12729.685437656708,12859.484394414249,12982.902907964057,13099.263914032557,13219.539669183308,13332.165939198858,13438.449273382383,13537.426199362384,13629.666904289064,13723.842481855967,13810.348238753997,13892.103488833358,13967.320728456873,14037.11650069325,14107.364025529014,14173.80707658143,14234.971337875357,14290.979961466754,14342.509700539415
Burundi,BI,BDI,Cement production,kt cement,0.0,0.0,0.0,0.0,0.0,0.0,0.0,0.0,0.0,0.0,0.0,0.0,0.0,0.0,0.0,0.0,0.0,0.0,0.0,0.0,0.0,0.0,0.0,0.0,0.0,0.0,0.0,0.0,0.0,0.0,0.0,0.0,0.0,0.0,0.0,0.0,0.0,0.0,0.0,,,,,,,,,,,,,,,,,,,0.0,0.0,0.0,35.0,71.0,100.0,70.0,100.0,100.0,45.0,100.0,75.0,210.0,180.0,180.0,180.0,180.0,169.66593300314858,174.68320151167168,181.7290865151827,189.41494019831342,196.24487704977892,204.02939325267138,212.31219360734926,220.51641497636578,228.70020430206404,236.87168416787438,245.04427531472962,257.18004983243526,269.25959530774986,281.3265758562854,293.4192075716272,305.515647369928,320.0783001908654,334.6900226293961,349.2333463777528,363.8752306849556,378.61463094423965,396.93942754286917,415.5308334610635,434.1368699577873,452.9435985580185,471.77293887767377,506.6134851952487,541.5934761156471,576.6969225953886,611.9333841468724,647.2749512004581,694.155777123476,741.1785831433909,788.4449030550213,835.8464962287712,883.3150482288878,944.6873104620237,1006.1806509668469,1067.7835185701215,1129.525516304508,1191.271646903692,1268.1685075622127,1345.205130555006,1422.1685707629858,1499.1807399527465,1576.1312753932411,1670.7272221729531,1765.3534008514885,1860.1824007505197,1955.327597781588,2050.8726744446667,2166.6007630356885,2282.990349158864,2399.6176606052213,2516.8252900163598,2634.492253718632,2774.8491997089586,2915.5248027191046,3056.892663975648,3199.081392019473,3341.7131935194675,3509.272530947922,3677.8373864873115,3847.296157081244,4016.936479497236,4181.851756370009,4367.20282472134,4545.675987442358,4717.366313124344,4882.432832802821,5041.367243465401,5214.868652477941,5380.021407227053,5537.367971020692,5687.465355229051,5829.559563064688
Cabo Verde,CV,CPV,Cement production,kt cement,0.0,0.0,0.0,0.0,0.0,0.0,0.0,0.0,7.352557,7.352557,7.352557,7.352557,7.352557,14.705113,14.705113,0.0,0.0,7.352557,14.705113,14.705113,7.352557,7.352557,14.705113,0.0,0.0,0.0,0.0,14.705113,0.0,0.0,0.0,0.0,0.0,0.0,0.0,0.0,0.0,0.0,0.0,0.0,0.0,0.0,0.0,0.0,0.0,0.0,0.0,0.0,0.0,0.0,0.0,0.0,0.0,0.0,0.0,0.0,0.0,0.0,0.0,0.0,0.0,0.0,0.0,0.0,0.0,0.0,0.0,0.0,0.0,0.0,0.0,0.0,0.0,0.0,52.41090110415451,53.9647263158298,55.67871373516711,57.30173205643141,58.980856934330625,60.705430637123676,61.62412105427099,62.61495227875216,63.668173863358064,64.78047867396675,65.94068937424444,66.9346738667425,68.01003133548564,69.15372321708166,70.35831195773054,71.61704556530258,72.1341503427601,72.73692523859826,73.38152993315458,74.06112483946094,74.77922514724723,74.8192013594053,74.96144951285423,75.18342088571998,75.4690186072255,75.80341834268607,77.29809969915857,78.7415169388282,80.13365800430572,81.4705467401881,82.74808331061197,84.02666775158006,85.24683867734443,86.40360549219999,87.49835553310241,88.5248113477053,89.57920406191792,90.56195095289804,91.49426208217868,92.3853827187232,93.23611164687233,94.06797308970567,94.845598400631,95.56877589630611,96.2548388329417,96.89147950760825,97.48617647172637,98.05208607042994,98.56509067864754,99.03340478530129,99.45501583726087,99.79969756149154,100.10353639609436,100.37195415962076,100.59803252096866,100.76715105278154,100.87311337573064,100.93714703863007,100.96330749612214,100.96492462743626,100.91492134838911,100.82431985267966,100.70606708458831,100.55451630641173,100.37194950607383,100.14954869609176,99.92492050794446,99.68276015520237,99.42030170949637,99.12772225618434,98.82068996283209,98.50987727019755,98.18966954452452,97.84738307391915,97.4975314047574,97.11853142329942
Cambodia,KH,KHM,Cement production,kt cement,,,,,0.0,0.0,0.0,0.0,0.0,0.0,0.0,0.0,0.0,7.274338,51.467896,58.820453,58.820453,58.820453,58.981164,36.762783,58.820453,51.467896,80.878123,51.467896,51.467896,51.467896,51.467896,7.352557,0.0,0.0,0.0,0.0,0.0,0.0,0.0,0.0,0.0,0.0,0.0,,,,,100.0,100.0,200.0,150.0,150.0,0.0,0.0,0.0,0.0,0.0,0.0,0.0,0.0,86.99,772.0,933.0,789.0,907.0,980.0,1060.0,1400.0,1700.0,2100.0,3400.0,4900.0,7400.0,7900.0,8700.0,8900.0,8900.0,8900.0,8957.125658865243,9102.30039092704,9242.117298091134,9381.359566919717,9519.127964319672,9674.007919737345,9836.574342197062,9996.185423065626,10152.314256435697,10307.493644859558,10459.30095151909,10546.588110232982,10629.291621068143,10712.024698632722,10794.119738845102,10875.684994810008,10958.662643520409,11041.767747892802,11125.514746891547,11209.711049782874,11294.57688139526,11381.701822153547,11469.929873899648,11557.884586672657,11646.85101025989,11737.107903800668,11820.416921233718,11900.780503625814,11975.992444798627,12047.11413432481,12114.757458134722,12180.980108517466,12243.563680020929,12303.202835158645,12359.074867315196,12411.47135014305,12462.101518555104,12508.4692418951,12550.166985214968,12589.289882697058,12626.292178560328,12658.709941010808,12690.055804575402,12719.379237884245,12744.29207422208,12766.645148958127,12786.207517243993,12804.305375682601,12820.504149792483,12833.35543906086,12845.8118187379,12854.678655920174,12863.893618970766,12871.120283012944,12875.335559422703,12877.390808331485,12878.42978022998,12879.13646991428,12878.553861195938,12875.416865593299,12869.505660326584,12862.987983860565,12854.282148811595,12843.903711792911,12833.93890860476,12819.467391603035,12804.58732549256,12789.628116758999,12771.250690555808,12751.64400013186,12729.358964902662,12707.461114364565,12682.182528292573,12654.736782620752,12625.402437046254,12596.240675475909
Cameroon,CM,CMR,Cement production,kt cement,0.0,0.0,0.0,0.0,7.352557,14.705113,7.248999,7.257069,7.352557,0.0,0.0,0.0,0.0,0.0,0.0,0.0,0.0,0.0,0.0,29.410226,139.698575,169.108802,190.389372,213.224141,235.281811,301.45482,360.275273,352.922717,492.621292,507.326405,514.678962,529.384075,610.262197,0.0,0.0,0.0,0.0,579.885495,617.318251,624.0,521.0,620.0,620.0,479.0,552.0,305.0,620.0,740.0,850.0,890.0,980.0,937.0,948.943,1032.43,1000.0,1000.0,1150.0,1000.0,1100.0,1000.0,1146.0,1275.0,1400.0,1300.0,1700.0,2340.0,2560.0,2830.0,2780.0,3440.0,4500.0,4700.0,4700.0,4700.0,4456.751924574917,4565.150001350909,4705.704196785198,4848.6109671106815,4996.676803559888,5136.833575410367,5289.262866616072,5442.720609783357,5597.061126697865,5747.375283791611,5894.229381665279,6096.247227574494,6292.26407273495,6483.211504032025,6670.017354526695,6853.332967107437,7026.490586596472,7195.179720130927,7359.818204026315,7521.484545063838,7682.587718468954,7826.271131899099,7969.240841003693,8111.916464471213,8254.39674720194,8399.613725369778,8715.230470925073,9024.31768264521,9327.449568027898,9624.36704102519,9916.158540383303,10247.314576946008,10570.512922979226,10887.160457563912,11197.199491116517,11501.037904655923,11839.655508099864,12169.170912196772,12490.769368530111,12805.027399865174,13113.099059549533,13448.286896621199,13774.963282479275,14093.268540601057,14403.896073589387,14708.402634658101,15035.69889341779,15356.685288452232,15672.14135243439,15980.89304300912,16284.954546115889,16606.44022162019,16920.233509733473,17228.469859462282,17530.14862942353,17825.95783864316,18137.911772558637,18441.735844513314,18738.406268767158,19029.126667804463,19313.059948111004,19608.334879909857,19895.816665370672,20177.865983835953,20453.22693366046,20723.071230343678,21000.112909178846,21270.641761934905,21533.54810975652,21791.13308783539,22043.358694215567,22299.316325664502,22549.747925533567,22794.100778333028,23031.557097519137,23263.62708111028
Canada,CA,CAN,Cement production,kt cement,2698.3275,2941.022638,3529.146661,3558.637392,3992.438231,4558.585089,5485.00722,5580.590456,5698.231361,5249.725409,5632.058352,6242.320549,6359.961455,7176.095237,7580.485849,8095.164811,7249.620803,7404.113939,7484.902614,7205.505463,8227.51083,9050.910088,10095.060205,10374.359803,9962.806177,9624.496583,9639.201696,10315.54595,11764.090552,10499.363954,10146.528101,8425.955371,7867.235557,8609.843773,10190.643441,10602.38661,12587.576891,12036.135146,12587.576891,11700.0,9396.0,5698.0,6672.0,10584.0,10440.0,11587.0,12015.0,12124.0,12634.0,12612.0,12793.0,13079.0,13416.0,13862.9,14179.4,14335.5,15077.6,13672.0,10985.0,12431.0,12001.0,12465.0,11611.0,11879.0,12167.0,11693.0,12706.0,13554.0,14000.0,14000.0,14000.0,15000.0,15000.0,15000.0,15069.916659621482,15139.117463325943,15182.087895328188,15224.320206179724,15256.847811458609,15338.368788081441,15449.731010362362,15560.518328108361,15668.950618564722,15773.883315361043,15880.01648401827,15935.852132760849,15992.680211619476,16048.606183552585,16103.53785312952,16156.526749768193,16215.135085713135,16273.760660244301,16331.56960227687,16388.87486210552,16446.401468858658,16506.000469362396,16562.747855206617,16618.824038904015,16675.60029444569,16728.624324959354,16851.481727305072,16972.567253869503,17093.9283706713,17210.753747921408,17326.6373748865,17442.79816828279,17558.94547119789,17675.463713700236,17794.41968783582,17912.09249803684,18029.896259664,18148.800888592024,18268.950160086104,18387.770239581892,18505.27579843056,18622.26345477243,18738.651365440815,18856.823146428513,18970.30290371521,19082.824390044472,19191.89712655971,19300.82266132676,19408.219252374958,19512.687693648128,19616.949840376037,19719.633133921638,19822.701561965823,19920.562050324632,20021.426379226486,20118.987648802897,20212.79313123794,20309.3984619546,20400.19633572029,20494.817688145115,20586.676684944345,20673.312376874448,20760.816763518626,20846.111942389223,20940.504202510827,21025.84281536501,21106.77112586948,21193.570444317345,21277.897869516302,21364.79241027588,21451.18642789504,21535.686972786643,21621.180871140336,21713.110438956806,21803.48825002906,21891.758558091493
Cayman Islands,KY,CYM,Cement production,kt cement,,,,,,0.0,0.0,0.0,0.0,0.0,0.0,0.0,0.0,0.0,0.0,0.0,0.0,0.0,0.0,0.0,0.0,0.0,0.0,0.0,0.0,0.0,0.0,0.0,0.0,0.0,0.0,0.0,0.0,0.0,0.0,0.0,0.0,0.0,0.0,0.0,0.0,0.0,0.0,0.0,0.0,0.0,0.0,0.0,0.0,0.0,0.0,0.0,0.0,0.0,0.0,0.0,0.0,0.0,0.0,0.0,0.0,0.0,0.0,0.0,0.0,0.0,0.0,0.0,0.0,0.0,0.0,0.0,0.0,0.0,21.33146866174281,21.58490823358683,21.8223255973982,22.06696864828889,22.313785989738832,22.58446312482187,22.76693518313855,22.961514029301206,23.152618634956152,23.35749770749477,23.55677968052496,23.530010094316413,23.52628140380346,23.536603328685167,23.55970805111193,23.59449506638571,23.60897552197721,23.629661310000703,23.663624517065667,23.708339317084018,23.751699367573206,23.783048884804465,23.81936062041399,23.863426914026164,23.927830073222783,23.97972356773546,24.188458457159758,24.38954822854742,24.561679219493314,24.73195684849093,24.89458935945192,25.05606351919524,25.219854381373906,25.348894707022446,25.48048340534985,25.600951931987623,25.70960527620515,25.80528508678477,25.899806546146714,25.985292866010823,26.06151237613356,26.128465076514942,26.196112787626923,26.268393903609578,26.34600343519353,26.413651146305515,26.483383889609296,26.540606439762243,26.607327469900085,26.64925978397977,26.701848929262027,26.74123287066283,26.781775163281317,26.832510946615304,26.860774716326475,26.89737861480487,26.926800735733714,26.959466240072025,26.995375127819834,27.030589004837022,27.06719290331542,27.100553418384344,27.128817188095518,27.15870264951142,27.17978464167303,27.202488325539377,27.238397213287175,27.278244495175052,27.303496551720286,27.322725181933617,27.341490471659885,27.35469567554133,27.363035804308563,27.36998591161459,27.360719101873226,27.354232335054267
Central African Republic,CF,CAF,Cement production,kt cement,,,,,,,,,0.0,0.0,0.0,0.0,0.0,0.0,0.0,0.0,0.0,0.0,0.0,0.0,0.0,0.0,0.0,0.0,0.0,0.0,0.0,0.0,0.0,0.0,0.0,0.0,0.0,0.0,0.0,0.0,0.0,0.0,0.0,0.0,0.0,0.0,0.0,0.0,0.0,0.0,0.0,0.0,0.0,0.0,0.0,0.0,0.0,0.0,0.0,0.0,0.0,0.0,0.0,0.0,0.0,0.0,0.0,0.0,0.0,0.0,0.0,0.0,0.0,0.0,0.0,0.0,0.0,0.0,513.1027954925962,521.7867687118351,531.7149352050484,540.465664948719,548.8463158573762,561.2297144021688,583.5377813226224,605.597027133852,627.5200498685458,649.3458036491786,671.092091483207,707.062653213045,742.8427125768375,778.4852518749059,814.0126947991129,849.44852742384,896.5772733283821,943.4301850144498,990.0516165316302,1036.5438751834256,1083.1354228190378,1145.1229906384326,1205.249882241758,1262.327312938947,1316.793685096304,1369.0143329195114,1463.5878218942414,1553.4212415354705,1639.0837853096987,1721.0540955149602,1799.7038860210073,1896.3578016386691,1987.159431365254,2074.8992727059845,2159.812195076249,2242.1262869347906,2341.405302952303,2436.121642924887,2527.1968595132566,2615.127204849231,2699.395106825965,2797.3046068415515,2890.7329070988503,2980.2984020155895,3065.8318884583114,3148.2025088938517,3241.784520448167,3331.200871553133,3416.5957042079062,3499.5348699757847,3578.7013949546777,3668.396153829154,3754.6987335077956,3837.4723787704934,3916.309764892389,3991.538517738618,4075.6459666267006,4155.518931468679,4232.762300924319,4307.01357160517,4377.971442476002,4454.3795294596475,4528.277240744561,4597.971614795985,4664.737419654825,4727.55501366665,4796.264229857015,4860.973489837589,4922.492789672729,4980.076168552747,5035.26078212294,5093.732770456722,5147.994372525749,5198.809069916082,5247.454940297825,5293.239849006736
Chad,TD,TCD,Cement production,kt cement,,,,,,,,,0.0,0.0,0.0,0.0,0.0,0.0,0.0,0.0,0.0,0.0,0.0,0.0,0.0,0.0,0.0,0.0,0.0,0.0,0.0,0.0,0.0,0.0,0.0,0.0,0.0,0.0,0.0,0.0,0.0,0.0,0.0,,,,,,,,,,,,,,,,,,,,,0.0,2.0,140.0,180.0,200.0,220.0,250.0,350.0,370.0,410.0,390.0,510.0,600.0,600.0,600.0,565.2466696205333,575.8886381441973,585.1813944270473,592.5144734753233,599.3794435882205,611.1511166013506,640.4531062901236,669.2394747584074,697.6892238109631,725.8906097531692,753.9164149224872,797.043430994348,839.7715666058905,882.2798289529591,924.5913484476156,966.7242325678219,1018.1424686140172,1069.08413069269,1119.7503406132967,1170.2435240676955,1220.910276892463,1283.563810073595,1346.2189265777426,1408.8818199258392,1471.4745306095836,1534.2562286758402,1647.6684293964636,1761.0814377407391,1874.4690839252278,1987.81235801066,2101.132088426631,2248.4181261299645,2395.5158267828274,2542.704861658558,2690.298746726897,2838.2131308041153,3028.237608701342,3219.1534462358836,3410.726426473638,3602.9465858759836,3795.6328734265117,4038.5282213563123,4282.284067727795,4527.290996524502,4773.034158570151,5019.635361173531,5323.920339469959,5629.350912027176,5935.884661186057,6243.736096754156,6544.155291545966,6895.283256512394,7234.3464896593105,7561.688647638978,7877.927726817379,8183.388539806512,8528.593323040295,8859.016180848559,9173.897320409813,9476.140050075155,9765.696069375152,10085.006042448671,10387.083535674863,10677.54332576214,10957.282102333671,11229.840809768104,11529.467680576654,11816.294497834324,12093.719165456661,12360.296919043902,12615.435354153064,12891.75423727235,13158.17886180975,13415.12033449624,13656.849672135471,13890.188510389844
Chile,CL,CHL,Cement production,kt cement,698.492877,816.133782,764.665886,772.018442,801.428669,772.257531,727.903103,727.903103,838.191452,838.191452,882.306791,1022.229491,1169.056499,1264.639734,1183.761612,1367.308735,1234.994361,1235.442957,1433.748536,2044.314676,1367.760634,1382.46046,1374.928083,1426.194483,1014.491164,963.331473,1124.941159,1176.409055,1352.870413,1580.570267,1860.474667,1132.293716,1257.287178,1396.985753,1426.639267,1433.984894,1595.504781,1882.254488,2007.24795,2120.0,2251.0,2645.0,3021.0,2995.0,3275.0,3634.0,3735.0,3888.0,3036.0,3377.0,3513.0,3462.0,3622.411,3797.603,3999.122,4111.533,4439.967,4622.0,3876.0,3871.0,4406.0,4722.0,4880.0,4200.0,4320.0,4310.0,4000.0,4750.0,5030.0,4280.0,4750.0,4500.0,4500.0,4500.0,4573.5186290926695,4653.442901979202,4727.586169057219,4798.881829999277,4872.128768331836,4916.824970147248,4970.092149728368,5023.637297069174,5077.256808784815,5130.845209855413,5184.806840764142,5198.334867888579,5212.604970979379,5227.215334850559,5242.276618017449,5257.578009536893,5271.654729353801,5285.822444932353,5300.404990253868,5315.524324973582,5331.239817570137,5346.014349443352,5361.983765522126,5378.76028419309,5395.693244929537,5413.057477061255,5461.061551454385,5506.4589989674905,5549.212494349766,5589.14046957922,5626.659327101937,5661.299541982547,5693.5006804700815,5723.061646321833,5750.496879358167,5774.989684456451,5798.728679640754,5819.666792336727,5838.027464531801,5853.3001399915875,5865.864996736268,5876.92307088019,5885.177812717189,5891.335469268202,5895.287416180578,5897.265539751143,5895.917688858267,5892.267224686793,5887.335263088147,5880.776341479955,5872.190904128341,5859.731367159493,5845.803508214614,5830.218753449697,5813.04748525408,5794.437078205767,5772.128324899177,5748.621041766215,5724.518507416937,5698.622950745273,5671.511903746575,5640.712870242985,5609.075186865842,5576.252702509477,5542.223624784074,5507.5448004974205,5470.746648084407,5433.6397472947365,5396.7010680883495,5359.127315529676,5321.548750731703,5282.2602971034785,5243.215125468311,5204.417894403561,5165.355227997927,5126.356141639728
China,CN,CHN,Cement production,kt cement,2490.0,2890.0,3880.0,4600.0,4500.0,6390.0,6860.0,9300.0,12270.0,15650.0,6210.0,6000.0,8060.0,12090.0,16340.0,20150.0,14620.0,12620.0,18290.0,25750.0,31580.0,35470.0,37310.0,37090.0,46260.0,46700.0,55650.0,65240.0,73900.0,79860.0,82900.0,95200.0,108250.0,123020.0,145950.0,166060.0,186250.0,210130.0,210290.0,209710.0,252610.0,308220.0,363330.0,421190.0,475910.0,492120.0,512760.0,536000.0,573000.0,597000.0,661039.9,725000.0,862081.1,966819.9,1068847.9,1236764.8,1361172.5,1423557.3,1643977.8,1881911.7,2099258.6,2209840.8,2419238.9,2492070.8,2359188.3,2410309.8,2330840.6,2236096.2,2344306.2,2394708.3,2377244.9,2129271.8,2019401.5,1830000.0,1770514.072577299,1711953.4005900642,1653399.1859249168,1594854.1187980017,1536314.6264195435,1477777.1232597942,1419258.7664051712,1360743.2744924612,1302232.817844635,1243723.7688097693,1185219.099362042,1168170.6594405759,1151123.2982292925,1134074.5647287033,1117029.1215803584,1099980.484107742,1082938.3948586446,1065897.4203356323,1048857.1805691274,1031815.5011156161,1014773.6513756729,997734.0301547551,980695.7894429337,963659.9100241078,946621.1276143655,929582.0692238538,917188.0360293607,904426.3899779698,891304.76405307,877910.4560823397,864242.1618835313,850426.4242373329,836416.6921623236,822294.3010695946,808068.2533718174,793815.6250082039,779697.2160439421,765679.1507337699,751782.6471166144,738072.7028172325,724521.8402555346,711545.2435905181,698768.8649249263,686195.6132287786,673850.7537333425,661699.2604133016,650064.3079999436,638577.9392141701,627211.045238576,615947.9628218903,604792.6555150141,593921.571831211,583100.3191264054,572325.4814891855,561579.4770497408,550851.6229154933,540307.7286470457,529821.6625232734,519439.6882321316,509147.8076233126,498944.29640944937,488964.5848854673,479153.71794209897,469502.8746280362,460019.40439652774,450713.9681000064,441649.4209957377,432756.4409099025,424012.6805660004,415413.1924617059,406952.92526504083,398697.33016098576,390552.2338357007,382514.2152623952,374581.825039506,366753.78798989643
"China, Hong Kong SAR",HK,HKG,Cement production,kt cement,73.525566,66.173009,66.313504,102.935792,117.412032,117.640906,102.776449,154.403688,139.698575,147.233804,183.813915,213.224141,220.576698,213.224141,242.819585,249.986924,213.224141,374.980386,374.980386,426.448283,514.885081,411.580618,441.153396,573.499414,573.690326,764.890128,1029.357923,1235.229508,1279.344848,1485.216432,1514.923877,1433.748536,1713.145687,1845.491705,1838.139149,2235.177205,2227.824648,2191.061865,2139.593969,1810.0,1677.0,1643.0,1712.0,1927.0,1913.0,2027.0,1925.0,1539.0,1387.0,1284.0,1279.0,1206.0,1188.516,1039.391,1005.33,1010.0,1000.0,1426.0,1124.0,1461.0,1537.0,1675.0,1768.0,1900.0,1930.0,1840.0,1580.0,1640.0,1600.0,1500.0,1500.0,1600.0,1600.0,1600.0,1618.4844026361034,1631.0530603636164,1634.6558040701218,1631.4503324469688,1622.658722436282,1610.4521541425313,1581.951172391882,1550.2543026585838,1515.902517602965,1478.465138795894,1438.4267789722883,1434.507755048647,1430.9099538801058,1428.3546794829297,1423.1726148359812,1419.9284185249787,1409.5548841233756,1398.9150275896816,1387.314215151622,1376.7753202488298,1365.6354050215257,1351.3577716116924,1336.9170747731246,1320.4316153886464,1305.974015029738,1290.786989514102,1281.3003421787932,1270.8555373323002,1260.6078936172119,1250.4846902027139,1240.1788001627326,1229.4159093894655,1218.2112525479215,1206.6946034237621,1194.8553125263222,1183.375395520703,1172.3285173681527,1160.798710285373,1150.4961104572856,1140.1314949382202,1128.4461839979676,1116.6123351285962,1104.8512878319,1092.3382698726896,1080.0042197752157,1068.0540065751786,1055.1722123760617,1042.5416938929156,1029.1297296646685,1015.3425007231045,1001.5713788462256,987.2692105320907,972.9176888828015,956.9671277596663,943.2605340902707,928.4737291478103,913.6335367241247,899.6993590422065,885.6448212703007,870.6212591998875,854.7488155970166,838.8891283259217,823.4178203148757,808.1188728630561,793.7735070223257,778.8155068941602,764.1976061850025,750.2497368369237,737.3780038842997,724.0681338754711,709.8494883350724,696.7787204278261,683.9679748471799,671.1337083183444,659.5220725261274,647.340266373881
"China, Macao SAR",MO,MAC,Cement production,kt cement,,,,0.0,0.0,0.0,0.0,0.0,0.0,0.0,0.0,0.0,0.0,0.0,0.0,0.0,0.0,0.0,0.0,0.0,0.0,0.0,0.0,0.0,0.0,0.0,0.0,0.0,0.0,0.0,0.0,0.0,0.0,0.0,0.0,0.0,0.0,0.0,0.0,,,,,,,,,,,,,,,,,,,,,,450.0,440.0,580.0,590.0,600.0,,,,,,,,,,892.7381632465384,866.1366359356687,842.0437005581139,815.6114422785208,789.1905739294198,764.1954451540549,736.3484247096686,708.8323503345283,678.9359263979958,650.7174832529478,620.720433985623,611.5999273755459,601.0794878273532,590.8888108136264,580.0345718054837,570.4367887331834,561.4201202319834,551.5550477778852,541.9161747208497,532.6550711350947,524.1652743054331,516.5846766331965,507.7866332932471,498.6720595036488,490.43261760461866,483.19858163213223,478.03274368361775,471.81614875081885,465.17723099684105,458.5870019159117,452.10589886742184,445.9443661149795,440.37886591760196,435.526995436244,429.84458281066884,422.70235690069586,418.10737090317997,411.6006909709409,406.3944022072087,399.1884078002565,392.6246217682009,387.8794539991318,380.83451129024047,373.6917128961189,366.6806168633208,359.30023625839374,352.8350972825921,346.69548657928414,339.7885672607901,333.09549801906013,326.059891811002,319.41272034405773,312.9133085868391,306.402609865043,300.0498282226485,294.2791097748204,288.2154803188521,281.86582452303696,275.72333397203295,269.6263939770596,263.3531012333355,257.5134497214473,252.34444916793763,246.91076990960624,241.67674568602038,236.615826787624,232.149552049039,228.24329614453873,224.16789530911103,219.67616613803037,215.92083861140983,212.12579048382597,208.99454639632984,205.93551661380556,202.51842200160743,199.22888404229846
"China, Taiwan Province of China",TW,TWN,Cement production,kt cement,389.6855,448.763123,522.031518,536.433733,588.204528,588.204528,602.909641,1014.264649,1066.120706,1183.761612,1507.274102,1867.549375,2242.529761,2352.81811,2441.04879,3110.716711,3485.111826,3993.04388,4088.590908,4300.697539,5043.853824,5867.939115,6095.269417,6168.794983,6793.762294,8756.894905,10338.313745,11462.635732,11896.436571,14058.08821,14336.786107,13432.468616,14809.785,14234.401,14417.679,14806.115,15663.437,17280.809,18043.207,18458.413,19398.604,21463.718,23970.821,22721.65,22478.018,21537.344,21522.439,19651.529,18283.162,17572.303,18127.57,19362.884,18474.193,19049.935,19890.989,19293.803,18957.336,17330.277,15918.474,16300.989,16852.035,15793.591,16575.743,14629.131,13445.066,12126.209,10876.398,10938.847,11270.763,11785.976,11970.278,11223.473,10246.472,9876.231,9862.151917897285,9852.16527185277,9842.777506498709,9832.594207884415,9813.433234540045,9788.803991493609,9734.72581276749,9680.048001214276,9625.638365696926,9571.6247600436,9516.797978279328,9488.001311483378,9459.762533949704,9431.600318161218,9404.210791814432,9376.481526921581,9332.740307820653,9289.1181362694,9244.161360902997,9198.940028896777,9154.131301173718,9098.765841330445,9044.07612237262,8989.292201607956,8935.263678464398,8881.188020183847,8788.197048519369,8694.735305845217,8600.448068205042,8504.994714974675,8408.24171590916,8309.853261612378,8211.738536697212,8112.041537936096,8011.894584910435,7910.4470617028755,7809.23788877091,7707.237418990654,7605.0987894669215,7503.469624394831,7401.558713780652,7301.170457731729,7201.419107952787,7101.588709223731,7002.088336246207,6903.860204078412,6807.590191323818,6711.484413844125,6615.839656761984,6521.654586515193,6428.248422356279,6337.981767648711,6249.45458887262,6161.971242597129,6075.556359765114,5990.900965078542,5910.546822571957,5831.466175992191,5754.367868847471,5678.636866904816,5604.008862941029,5533.707929753837,5465.15654557409,5397.6755221373105,5331.053460765734,5265.84646802763,5203.6371023765305,5143.0804087397,5083.654631957579,5025.180444908141,4967.5039372971105,4912.726769395994,4858.867555758978,4805.535877928009,4752.992868086677,4701.218478073333
Colombia,CO,COL,Cement production,kt cement,646.734835,698.492877,874.954235,963.184914,1044.063036,1220.879302,1227.876951,1227.876951,1359.913336,1463.158762,1595.504781,1742.555913,1837.822119,1962.801057,2051.034651,2073.42096,2110.183743,2367.196939,2389.580893,2793.971506,2845.783512,3050.955605,3220.419789,3484.761528,3088.07377,3609.757762,3294.252311,4154.194476,4257.481633,4353.073381,4455.28182,5028.747086,4720.341334,5279.135635,5396.367508,6006.59015,5962.923399,6764.352067,6638.901286,6250.0,6302.0,6807.0,7930.0,9322.0,9407.0,8907.0,8446.0,9190.0,9200.0,9750.0,6830.0,6604.0,7337.398,7822.386,9959.223,10038.131,11067.76,10456.0,9232.0,9504.777479,10778.5376,10924.786,11251.933,12402.371173,13046.716955,12495.402033,12298.842963,12459.874163,13012.792232,11848.568184,13797.103845,14611.413947,14210.890116,13423.710411,13631.84984235042,13880.09880308985,14146.206101108683,14416.646562205216,14692.606020142362,14962.594842556236,15266.914082834955,15559.720590452858,15841.629537145322,16113.516166579544,16376.732595911879,16547.932306340655,16712.11729191633,16868.971553360123,17019.56709999412,17164.53037702094,17315.43571764965,17459.58987910877,17597.504212491964,17729.57112777424,17856.187639501004,17979.596006026968,18098.514246981813,18212.61475918635,18322.0023903855,18427.57954026261,18641.091823972158,18841.918790883352,19030.45909637858,19207.232199423564,19372.66761714351,19534.934533012616,19688.235974362702,19832.747939367706,19968.628381326853,20096.141227021217,20220.080183976588,20335.607143798417,20442.607700018605,20541.505986072036,20632.08524226988,20716.369456883946,20792.211615085565,20859.93134306472,20919.57345977595,20971.443227068306,21014.12164600181,21049.136887424258,21076.619080639917,21096.8072242766,21109.595631299126,21111.486586544084,21106.68775804033,21095.30968346035,21077.53421067088,21054.03808550526,21020.938693756336,20982.661924408574,20939.150343274192,20890.972885890762,20838.270766421887,20778.500453716537,20714.97511683809,20647.775203721583,20577.197329620267,20504.068764407275,20426.600431033778,20347.23109491155,20265.993907526878,20182.895129195906,20098.257685599052,20011.529376669,19924.43013852624,19836.348854853135,19747.56218213381,19658.51810989334
Comoros,KM,COM,Cement production,kt cement,,,,,,,,,0.0,0.0,0.0,0.0,0.0,0.0,0.0,0.0,0.0,0.0,0.0,0.0,0.0,0.0,0.0,0.0,0.0,0.0,0.0,0.0,0.0,0.0,0.0,0.0,0.0,0.0,0.0,0.0,0.0,0.0,0.0,0.0,0.0,0.0,0.0,0.0,0.0,0.0,0.0,0.0,0.0,0.0,0.0,0.0,0.0,0.0,0.0,0.0,0.0,0.0,0.0,0.0,0.0,0.0,0.0,0.0,0.0,0.0,0.0,0.0,0.0,0.0,0.0,0.0,0.0,0.0,85.18060540852188,87.30655506123679,89.85874146779425,92.15524459754762,94.02585147567281,96.29523768448894,98.50095685185292,100.76486407662429,103.08662634137649,105.45959261350573,107.87922782674713,113.9686407812007,120.0296173182743,126.07209412570448,132.10340950627628,138.12518394895523,146.61181410385626,154.97511402687033,162.72133625445528,169.93033823538786,176.7009787139733,183.98073194922173,190.58656722773893,196.62731973278744,202.21546818996748,207.4027404712016,216.69154929562754,225.553822802836,234.06801765160836,242.24467418688263,250.1259012622449,258.70077745968575,266.9179900073325,274.8127550979441,282.4184208812924,289.76460636702546,297.54652447145475,305.034355026304,312.22071742489317,319.17578015383054,325.9056458467618,332.8176130907148,339.5162679571473,346.0545109194992,352.42042330810705,358.62084758788393,364.9403092870644,371.14936484660205,377.19133013683415,383.09396558446906,388.8566054580234,394.6976151327794,400.3984327514944,405.93186314275266,411.34200944270657,416.5825634422594,421.8396789320997,426.9637875660561,431.9785553686406,436.8975892436698,441.6577204030765,446.37178652078563,450.9892121423426,455.44760682545524,459.81026003860615,464.05650924845656,468.2546765740093,472.3254970076939,476.25990301105173,480.06124626638314,483.7810228714111,487.4675736314944,491.00044895675336,494.45448756263596,497.7636829621904,500.9734818809204
Congo,CG,COG,Cement production,kt cement,,,,,,,,,0.0,0.0,0.0,0.0,0.0,0.0,0.0,0.0,0.0,0.0,0.0,0.0,0.0,0.0,0.0,0.0,0.0,0.0,0.0,0.0,0.0,36.762783,51.467896,36.762783,14.705113,0.0,58.652394,58.820453,36.762783,73.525566,124.993462,90.0,103.0,115.0,114.0,87.0,96.0,50.0,20.0,0.0,0.0,20.0,0.0,0.0,0.0,0.0,100.0,100.0,100.0,105.0,110.0,80.0,70.0,150.0,250.0,460.0,700.0,950.0,1050.0,700.0,730.0,600.0,748.0,894.0,894.0,894.0,843.3970397082804,856.7401753254346,872.0632274486055,889.1617483250047,906.7346365554841,924.8053672928215,935.2127308866063,946.6679688766316,959.1151274687808,972.4268173609973,986.4942489849223,1007.8420661604637,1030.0141284895724,1052.8836948208398,1076.3840585981372,1100.4215730267476,1123.7942844151814,1148.1186728582645,1173.334497440929,1199.2469737496388,1225.686780790533,1252.4841175295876,1279.8072817847474,1307.5695945599068,1335.7152431828715,1364.1583104241902,1423.8692537439465,1482.387569769039,1539.7812484383933,1596.1464136533266,1651.5724717421544,1716.8460958125859,1780.5192964543623,1842.6865103989985,1903.5175742423503,1963.1726651948024,2031.6507755775108,2098.291467547921,2163.4402191184377,2226.9507780309827,2289.4755831499983,2359.382592684193,2428.1508282698564,2495.415622684684,2561.723190311329,2627.247951130315,2698.990854347584,2769.4114080399986,2838.484105342002,2906.3341807001266,2972.735260948984,3044.824737333936,3114.9043675509424,3183.689103595137,3251.417748888516,3317.5414331113316,3388.221199055281,3456.9414545316577,3525.007086827748,3591.39929163436,3656.5002107082664,3724.283824038223,3791.081503352089,3856.4396578197898,3920.7852319248104,3983.2461130610095,4048.340217634954,4112.188128682629,4174.990968541127,4236.263596124203,4296.372226952593,4358.5554560250885,4419.70075911618,4479.639076776173,4538.772718820868,4596.367237994317
Cook Islands,CK,COK,Cement production,kt cement,,,,,,,,,,,,,,,,,,,0.0,0.0,0.0,0.0,0.0,0.0,0.0,0.0,0.0,0.0,0.0,0.0,0.0,0.0,0.0,0.0,0.0,0.0,0.0,0.0,0.0,0.0,0.0,0.0,0.0,0.0,0.0,0.0,0.0,0.0,0.0,0.0,0.0,0.0,0.0,0.0,0.0,0.0,0.0,0.0,0.0,0.0,0.0,0.0,0.0,0.0,0.0,0.0,0.0,0.0,0.0,0.0,0.0,0.0,0.0,0.0,3.329830724435566,3.1889329251309677,3.0603220228234367,2.9455972980494654,2.842184455641635,2.7457470563253183,2.6580910779710165,2.5826432417679186,2.514410277639193,2.4524415725776314,2.3961993959616907,2.3323913858100873,2.2773717420639246,2.2297044518305746,2.181217074309024,2.1434794688682923,2.0981971419629444,2.0625832029785016,2.0313107986861882,2.0005165049479525,1.970442579100072,1.9385901065268887,1.9098031149746362,1.8795765688495818,1.8535176137919558,1.8258235441153041,1.8141282934857623,1.8020432011685688,1.788593662944596,1.774169520501494,1.7605250614336956,1.7457110773029425,1.7318716973913182,1.718227238323519,1.7043878584118946,1.6917180035632244,1.6782684653392514,1.664234164583801,1.6527338347980847,1.642597950919149,1.6332417504155152,1.6233007873804046,1.616088716158854,1.6086817240934774,1.6051731489046148,1.5991306027460184,1.5940626608065507,1.5925032940559445,1.590943927305339,1.5903591647738622,1.589774402242385,1.588994718867082,1.5886048771794308,1.5887997980232562,1.5893845605547334,1.5905540856176876,1.5907490064615133,1.5911388481491646,1.5915286898368162,1.5921134523682932,1.5926982148997701,1.5923083732121188,1.5925032940559447,1.5913337689929905,1.5897744022423848,1.587240431272651,1.5856810645220456,1.5819775684893571,1.5780791516128432,1.5753502597992834,1.5712569220789436,1.5656042176079987,1.5609261173561817,1.5566378587920164,1.5507902334772456,1.543383241411869
Costa Rica,CR,CRI,Cement production,kt cement,0.0,0.0,0.0,0.0,0.0,0.0,0.0,0.0,0.0,0.0,0.0,0.0,0.0,29.410226,117.640906,117.640906,110.288349,132.346019,161.756245,183.813915,213.224141,264.692037,272.044594,294.102264,330.865047,360.275273,404.390613,492.621292,529.384075,551.441745,463.211065,426.448283,382.332943,470.563622,477.916179,551.441745,580.851971,558.794301,610.262197,620.0,700.0,700.0,860.0,940.0,865.0,830.0,940.0,1085.0,1100.0,1050.0,1200.0,1200.0,1130.0,1500.0,2000.0,1399.789,2300.0,2100.0,2100.0,1276.0,1400.0,1400.0,1460.0,1500.0,1600.0,1220.0,1364.0,1340.0,1220.0,1000.0,1100.0,1200.0,1200.0,1200.0,1231.0682753133754,1262.4276037429402,1293.0707818030228,1323.7169359215682,1354.4901976459919,1378.115025573045,1405.31326298251,1431.2527345864348,1456.0202645082945,1479.7071804190637,1502.4685654794619,1512.675947754331,1522.6106433899467,1532.2830040185079,1541.725201534681,1550.919168905409,1558.6905597230052,1566.349957623717,1573.852951361719,1581.205911523583,1588.3836270584877,1593.8786645784041,1599.3707077772567,1604.7696748871958,1610.0371478457664,1615.1940345723,1628.953243667337,1641.7826088272832,1653.6687200896035,1664.6377078875062,1674.732870944131,1683.9855025267316,1692.3796486654733,1699.9660873392659,1706.753411167527,1712.9067560734804,1718.2659155749895,1723.0476450491656,1727.2786914038634,1730.8994726774552,1733.9924431212992,1735.9376890661104,1737.3973567836288,1738.3899693947023,1738.8491486309792,1738.7686146546719,1737.5300516127377,1735.8108506503281,1733.6045625451643,1730.9141029565822,1727.7302556685447,1723.3577462993628,1718.5713717459532,1713.3479037702816,1707.7249217167212,1701.6966729711646,1694.7147849913713,1687.3736857651352,1679.7244964327845,1671.7916039994009,1663.5665786394336,1654.621761887384,1645.4558347877362,1636.0894381545095,1626.572452742173,1616.891237204719,1606.7273727442616,1596.463950622371,1586.1321818711992,1575.746126052157,1565.3310110232471,1554.584452735983,1543.8430383843772,1533.1041235849746,1522.3900744112254,1511.6766093698918
Croatia,HR,HRV,Cement production,kt cement,917.998742,1144.496409,896.125627,1032.342221,1217.499649,1231.707186,1488.511131,1425.631191,1578.689766,1625.898749,1616.179407,1655.646264,1809.188091,1855.814705,1643.517004,1533.882427,1303.923976,1346.712862,1336.08263,1460.373925,1707.533002,1969.239334,1782.379159,1890.217404,2072.135457,2157.537213,2189.563801,2224.821417,2257.307131,2290.81051,2965.801439,2730.635179,2846.886737,2884.242525,2828.5395,2775.260921,2714.020473,2617.722226,2576.903066,2341.733304,1888.061155,1768.0,1683.0,2055.0,1708.0,1842.0,2134.0,2295.0,2712.0,2852.0,3246.0,3378.0,3654.0,3811.0,3480.949,3597.965,3587.202,3403.0,2919.0,2488.0,2682.0,2254.0,2333.0,2359.0,2340.0,2267.0,2608.0,2828.0,2968.0,2976.0,2764.0,2890.0,2890.0,2890.0,2854.7478176706295,2830.215761735867,2804.3616649859055,2780.6884596421323,2759.5215997447717,2738.3744519873608,2720.1028126452356,2701.6799173632007,2684.343940619235,2668.0256206835056,2652.4784020362,2629.9757839208974,2607.6776216597473,2585.289246258865,2563.7911170170833,2543.0314941332344,2523.6550737315565,2504.4974490421546,2485.7205209857784,2467.5432278530834,2449.254153046587,2431.7346143777463,2414.4941572848666,2397.6031451643494,2381.347322917639,2365.8777047677286,2345.353013288295,2325.0569902599163,2305.0803175131773,2284.945911597446,2265.078617161646,2245.1575054817276,2225.035204016262,2205.2958999862303,2185.4635580348668,2165.825775427085,2146.117332166126,2126.5615353870453,2107.1777528094253,2088.005697863543,2069.4771050284003,2050.8736579690067,2032.3273935169987,2014.0575121358866,1995.8573228967457,1978.124949421355,1961.161986701526,1944.0716595008914,1926.9055409787072,1910.1658983971627,1893.630720274817,1877.0014459909946,1860.5964257475193,1844.2995926205015,1828.3944439929896,1812.6185559084136,1797.1959391585367,1782.0282733881613,1766.9311986673006,1752.065454165126,1737.2387114123467,1722.6554561093124,1708.3063078349849,1694.095810181538,1679.683602662313,1665.4478502589304,1651.5374352610493,1637.4927834107623,1623.4364028586415,1609.5342558298976,1595.4929032058762,1581.5546257196484,1567.6576584159238,1554.1020572996254,1540.5311618807496,1527.1200053451525
Cuba,CU,CUB,Cement production,kt cement,382.332943,418.851498,404.390613,419.095726,433.800839,595.557084,647.02498,713.052824,624.967311,397.144358,867.340588,779.370999,808.781225,808.781225,801.428669,801.428669,0.0,779.370999,779.370999,742.608216,749.960773,1470.252107,1499.676019,1816.081479,2080.773516,2499.869242,2654.272931,2712.769239,2610.459448,2830.734289,3293.576574,3161.934891,3227.772345,3345.037023,3183.657006,3301.297911,3536.197802,3565.989949,3139.541666,3000.0,2000.0,2000.0,1049.0,1081.0,1470.0,1453.0,1707.0,1713.0,1785.0,1633.0,1324.0,1327.0,1345.5,1401.3,1566.9,1704.7,1805.3,1707.0,1626.0,1631.0,1736.0,1825.0,1659.0,1580.0,1518.0,1493.0,1431.0,1590.0,1407.0,1015.0,817.0,680.0,680.0,680.0,702.2942688438435,738.2802609924971,773.808584037953,809.3254154703478,844.972915599477,881.6913678994379,927.6434205608941,973.4799972104751,1019.2073272231098,1064.9958574661684,1111.2864442267662,1167.7379981449444,1224.1183712166498,1280.5191912294558,1337.0117827268448,1393.6882928283765,1465.404054271111,1537.360250013143,1609.653725703538,1682.3725496824886,1755.1786819055071,1833.329372220329,1904.7044754537076,1969.346159241999,2027.4461335245533,2079.2802998744455,2142.0040033712044,2197.5159491767213,2246.1502305376325,2288.836972651007,2327.663346100963,2365.465744145259,2399.4106438177178,2429.7493738505536,2456.6527625031963,2480.2847680205473,2502.845759324885,2522.3735427355546,2539.056856650353,2553.174340653051,2564.8560895406945,2575.3403647714413,2583.702955971761,2590.200922597982,2595.4280059585826,2599.392218583381,2602.927342500187,2605.3636608486913,2606.5912951342625,2606.7527471628377,2605.781169676177,2604.1456607779014,2601.43223389817,2597.568406098083,2592.681315245287,2586.7848383771684,2579.997886673576,2572.300719246871,2563.6901555630916,2554.3361655772505,2544.229402698192,2533.387678194967,2521.960801481107,2510.054126397609,2497.717323567195,2484.913273171581,2471.781481839969,2458.380011613491,2444.615218443395,2430.5364341196446,2416.211639276343,2401.507013835174,2386.5292852246303,2371.261633036006,2355.7057976876677,2339.8741469993015
Curaçao,CW,CUW,Cement production,kt cement,0.0,0.0,0.0,0.0,0.0,0.0,0.0,0.0,0.0,0.0,0.0,0.0,0.0,0.0,0.0,0.0,0.0,0.0,0.0,0.0,0.0,0.0,0.0,0.0,0.0,0.0,0.0,0.0,0.0,0.0,0.0,0.0,0.0,0.0,0.0,0.0,0.0,0.0,0.0,0.0,0.0,0.0,0.0,0.0,0.0,0.0,0.0,0.0,0.0,0.0,0.0,0.0,0.0,0.0,0.0,0.0,0.0,0.0,0.0,0.0,0.0,0.0,0.0,0.0,0.0,0.0,0.0,0.0,0.0,0.0,0.0,0.0,0.0,0.0,52.64906972098186,52.312545930791124,51.96338987225933,51.632711228725704,51.323453877477895,51.07953218819379,50.63016798999526,50.213589092008576,49.82440714906661,49.4551913154515,49.10465057345309,48.31535576771501,47.55997143392951,46.85824638517433,46.20522572371932,45.57486356760052,44.9089194286871,44.29145788615618,43.70558236091672,43.16159648779672,42.641373754887695,42.11338481764693,41.62581706746823,41.150723372899314,40.70767798813585,40.28629699937549,40.10211915576582,39.910527864363054,39.71337648711547,39.5088116620748,39.29521169753628,39.080221711536566,38.86082999090971,38.645608334666456,38.44104350962578,38.22373682119072,38.008746835191005,37.79236682773009,37.57737684173037,37.35914347232118,37.14484849705206,36.929395170565286,36.71069846066902,36.493160101990426,36.27446339209417,36.04742655343068,35.822706417202525,35.5947428975649,35.35797590867297,35.12005056856337,34.87193173773827,34.62705629032264,34.37847411901048,34.12294184039228,33.85999611398099,33.58847858855894,33.31140097729207,33.04405351625361,32.75863577621951,32.47599807910782,32.18224021030649,31.89103071418403,31.595882823921496,31.301893284876623,31.009988778023565,30.7187792819011,30.433824882354063,30.148407142319954,29.873646233488433,29.59911699490043,29.325977777773634,29.056313614299853,28.797306282028647,28.53760393902684,28.280449968703895,28.030477775930525
Cyprus,CY,CYP,Cement production,kt cement,0.0,0.0,0.0,0.0,0.0,36.762783,66.173009,80.492989,80.878123,88.230679,95.583236,95.583236,95.583236,73.525566,95.583236,95.583236,183.813915,235.281811,242.634368,264.692037,301.45482,419.095726,448.505952,338.217603,610.262197,1022.005367,1074.949842,1110.236046,1132.293716,1235.229508,1036.71048,1066.120706,941.127244,852.896565,661.730094,860.249122,853.656045,867.601678,1044.063036,1130.0,1134.0,1131.0,1089.0,1053.0,1021.0,1000.0,910.0,1207.0,1157.0,1398.0,1369.0,1438.0,1636.879,1688.917,1804.645,1786.488,1872.531,1914.0,1481.0,1329.0,1207.0,1026.0,855.0,735.0,788.0,1019.0,1319.0,1358.0,1537.0,1496.0,1440.0,1858.0,1858.0,1858.0,1854.4565337543804,1853.269375587017,1851.0039882908954,1849.2104105830183,1846.6634819373237,1842.3988419245243,1837.5058821339578,1831.8651175929451,1826.4478719429258,1820.6897245192035,1814.627455031913,1800.0650761980282,1785.8516035133202,1771.1234918645928,1756.672232968526,1742.1552725412575,1727.0607660680819,1711.7510106433979,1696.3802436885203,1681.168247441668,1666.2444451587749,1651.2930367277866,1636.7298061325232,1622.3104174890927,1608.1356524542962,1594.0965022548648,1588.5855013397986,1582.8645206297285,1576.0843118742005,1569.1591698170596,1562.208025576703,1554.9384963718837,1547.7458518583378,1540.1330979895183,1532.1162860507902,1524.2351337942562,1515.674992760078,1506.7801024386702,1496.8120149090485,1486.6541760662417,1476.2218491680887,1465.5638073406506,1454.549834583603,1442.8297372791856,1430.6116933021713,1418.273758819558,1406.037871596921,1393.6807578377513,1380.551199366962,1367.3394759374326,1354.0013211231637,1341.0715377672284,1328.41255764332,1315.4799402563751,1302.7790136896024,1290.1654416987262,1277.8095184721217,1265.7100714964063,1254.2528124576497,1243.0671526505196,1232.097031487897,1221.4295184984974,1211.0396746902381,1201.4755156606884,1192.3042997244013,1183.405081929803,1174.901464322963,1166.7880201737512,1158.882999406258,1151.6042652154274,1144.392038364009,1136.940785460475,1129.735767500744,1122.6333456814173,1115.3064623797143,1108.137936565032
Czechia,CZ,CZE,Cement production,kt cement,1379.559037,1468.120918,1541.730205,1698.549871,1918.35124,2090.226713,2445.783324,2745.192224,3145.472777,3382.880385,3581.190518,3827.275291,3465.540528,3682.038958,3832.616349,4118.732615,4350.853319,4379.316061,4554.668227,5013.025379,5399.651729,5472.354104,5720.932417,6134.137199,6378.291701,6560.745157,6719.659123,7033.432141,7088.095527,7308.802075,7358.314581,7136.564465,7252.436888,7289.506578,7110.588719,7143.598914,7195.659586,7611.70203,7582.369049,7113.773594,5817.34366,5999.845409,5393.0,5303.0,4825.0,5015.0,4877.0,4604.0,4241.0,4093.0,3550.0,3217.0,3502.0,3828.677,3978.056,4238.818,4898.53,4710.0,3672.0,3379.0,3831.0,3434.0,3211.0,3511.0,3781.0,3937.0,4043.0,4428.0,4569.0,4513.0,4721.0,4476.0,4476.0,4476.0,4474.514920599557,4474.785795298794,4502.016188906289,4528.6724880258935,4555.633164199091,4575.568958622845,4593.592077310659,4611.110004497657,4628.4340552897975,4645.814285283788,4663.685621709076,4664.653243783825,4666.051740747009,4667.922981639578,4671.083792330829,4674.903263032491,4679.588508182789,4684.986308198733,4691.166634755664,4698.522027678613,4706.418954575426,4714.003389600377,4721.442345475647,4730.174682188456,4739.737868471309,4750.554857113497,4750.755272609416,4750.336413876212,4749.15544776925,4747.010871450961,4743.755021898136,4739.593952735674,4734.365606482982,4728.085619164276,4721.001735953553,4713.010328140876,4704.108682621648,4694.2738833336825,4683.7052117179655,4672.416950027751,4660.829277744694,4648.138041813127,4635.5838864617945,4623.212397306955,4611.1163842540345,4599.209374425854,4587.080076853153,4575.539638255607,4564.555747908901,4554.291509313713,4544.702620031792,4535.187771303353,4526.5402926591705,4518.472894403627,4510.812502273602,4503.635125149301,4496.657814600299,4490.167860756038,4484.130130095943,4478.6599625757535,4473.396229755202,4468.213025326534,4463.005972786576,4458.144799400173,4453.671418244715,4449.173452074059,4444.382013172738,4439.8679081464925,4435.141856320135,4430.2681187857015,4425.071833069745,4419.366481406556,4413.112696423609,4406.946596057488,4400.283399566156,4393.287713268021
Côte d'Ivoire,CI,CIV,Cement production,kt cement,,,,,,,,0.0,0.0,0.0,0.0,0.0,0.0,0.0,0.0,110.288349,257.339481,330.865047,389.6855,397.038056,499.973848,602.909641,661.730094,632.319867,0.0,0.0,0.0,0.0,0.0,1301.402517,1198.466725,1102.883489,639.672424,536.736631,676.435207,772.018442,654.377537,698.492877,499.973848,500.0,500.0,510.0,500.0,1100.0,1000.0,1000.0,1100.0,650.0,650.0,650.0,650.0,650.0,650.0,650.0,650.0,360.297,468.797,360.0,283.0,1800.0,1800.0,1900.0,2300.0,2690.0,3100.0,3600.0,3500.0,4500.0,4900.0,5000.0,5000.0,5000.0,5000.0,5000.0,4852.787983330824,5082.413100984076,5395.0532593707385,5659.92802648643,5920.307167108303,6164.321736143296,6399.217764686204,6618.190705772079,6824.646515088106,7021.176901205961,7209.676552233858,7419.384548805288,7623.117621528132,7822.211524049765,8017.596230681993,8210.123372906133,8353.825536429405,8498.06417662387,8643.586585142773,8791.000366481565,8941.730579141255,9046.378651700352,9160.29288700504,9282.26313581405,9411.751302930214,9546.283258805008,9854.870356123642,10159.348982133233,10459.75341082527,10756.272206661391,11050.480506935144,11369.482795079903,11682.914603924986,11992.411045508474,12299.367582634031,12601.82059284354,12926.32852422733,13247.94540798987,13564.942418403418,13879.881115241442,14191.63839748997,14523.525202323712,14853.222578666637,15177.36235383654,15499.183241052937,15815.266788992249,16147.363034832688,16475.399478730826,16797.40314634566,17115.822544356342,17431.092879611573,17760.255753069854,18083.329162762726,18403.57483314447,18720.841576322677,19034.10501806747,19357.072553224018,19677.091035029458,19993.10964054094,20306.410155065547,20611.82639801789,20926.839813194154,21240.415353871347,21549.376651989165,21854.729367652242,22159.517479737344,22470.619781848756,22778.711807675347,23082.297678090017,23378.823419082502,23673.014478712717,23970.61972153938,24264.022476335926,24551.238911734017,24836.98479920001,25118.32526444902
Dem. People's Republic of Korea,KP,PRK,Cement production,kt cement,154.403688,147.051132,301.45482,500.356677,360.275273,595.557084,897.011905,1220.524395,1926.72505,2286.645101,2264.587431,2374.87578,2529.279469,2610.157591,2396.93345,2499.869242,2595.452478,2691.035714,2801.163923,4007.143344,4808.572013,5264.430522,5808.51971,5984.981068,6984.928765,6984.928765,6999.633878,6999.633878,7999.581575,7999.581575,7999.581575,7984.876462,7984.876462,7984.876462,7984.876462,7984.876462,8977.471603,8028.314402,7079.157201,6130.0,5169.0,4747.0,3980.0,4330.0,4220.0,3790.0,3340.0,3150.0,4100.0,4600.0,5160.0,5320.0,5543.0,5632.0,5930.0,6155.0,6129.0,6415.0,6126.0,6279.0,6452.0,6446.0,6600.0,6675.0,6697.0,7077.0,6837.0,5832.0,5604.0,5689.94,5960.0,6551.0,7055.0,7055.0,7188.885680048262,7486.9979715207355,7754.825361221586,7996.646398450667,8219.66449902835,8449.252464158495,8731.449771695474,8995.034780607293,9241.514400672178,9472.838412134946,9688.83338238286,9877.942437225161,10045.29800438574,10193.248011378566,10324.901639380876,10443.769292255023,10584.881200563223,10713.899319196149,10832.713132094734,10942.863888981272,11045.896851226971,11164.718152142996,11274.643042866988,11376.690068426631,11472.117712151077,11561.682257399845,11655.580573507614,11737.723982970787,11809.181481133004,11870.785834416085,11923.347036715628,11982.286065198978,12030.807967106915,12069.351150339784,12098.626679664696,12119.860509757673,12144.704629118889,12160.978358712176,12169.84387472667,12172.214532965478,12168.547867566635,12166.990434602187,12159.602667553925,12147.286244450908,12130.469643114116,12109.65043791978,12088.953563068198,12064.501794810843,12036.826233702697,12006.114553596892,11972.708838618115,11938.840174018673,11902.481519114543,11863.599980233856,11822.54011682858,11779.325095127933,11734.994267736014,11688.635426248293,11640.432124883875,11590.732126040915,11539.346090869267,11486.977821275643,11433.006916600023,11377.69895872669,11321.353478769845,11263.78723972404,11205.612025347064,11146.414760164782,11086.477891562476,11026.118658092932,10965.25095376647,10903.942756967412,10842.350753203678,10780.64544552676,10718.894333796208,10656.89564352193
Democratic Republic of the Congo,CD,COD,Cement production,kt cement,205.871585,242.208693,249.587584,345.57016,404.390613,455.858509,463.211065,389.198393,345.57016,198.519028,139.481652,198.519028,243.022583,228.352915,249.616573,264.692037,294.102264,294.102264,323.51249,419.095726,455.858509,477.916179,536.736631,624.967311,624.967311,654.377537,492.621292,470.563622,448.505952,441.153396,492.621292,544.089188,514.678962,536.736631,441.598107,441.153396,492.621292,492.621292,455.858509,461.0,250.0,174.0,149.0,166.0,235.0,241.0,125.0,134.0,159.0,169.0,201.0,265.0,330.8,402.5,521.368,519.233,530.196,411.0,460.0,490.0,458.0,413.0,447.0,330.0,399.0,253.0,900.0,1169.0,1383.0,1284.0,1629.0,2122.0,2122.0,2122.0,2032.132778013646,2087.7254924026697,2164.5832064636593,2222.767461246135,2280.3051354385548,2358.776157390771,2451.8747596311523,2544.091459387959,2635.839789444324,2727.180145598396,2818.200754475881,2986.6062988093026,3153.762979008327,3319.9581710467705,3485.2530034999922,3649.7673138251303,3871.785737943581,4091.7460082146117,4310.011142134563,4527.130616805256,4744.160401570677,5027.178833974753,5309.031621319191,5590.171856249246,5870.882471044828,6151.317811100141,6653.088367874155,7156.0022707487515,7659.826691929514,8164.365358030898,8669.432717107791,9336.05555584815,10003.333184091394,10670.977869838523,11338.696830932173,12006.338359287782,12866.975936135967,13726.90142392026,14585.87692212831,15443.679469611843,16301.933145218994,17383.944988409326,18469.803395491974,19559.286590752763,20652.144780804985,21748.222584768064,23104.95846524237,24466.8055131322,25833.27898587313,27204.32375310083,28579.560881479203,30249.415076499863,31925.41153042362,33607.457327570344,35295.27856256092,36988.774909810774,39015.95036336538,41035.29535094711,43001.28513855922,44914.87956889778,46777.335918492856,48897.69513679049,50944.33343922089,52919.78208721364,54826.9874551578,56668.75754292746,58705.4860889546,60656.26844154037,62525.03833112728,64317.286270716446,66037.68229697198,67891.2246775517,69678.43059780421,71411.62008567768,73094.39108311219,74727.17599606983
Denmark,DK,DNK,Cement production,kt cement,985.242584,1213.365946,1257.287178,1220.524395,1257.287178,1183.761612,1161.703942,1066.266511,1389.828754,1440.923661,1580.799668,1632.105488,1521.979215,1896.798556,1992.542837,2095.47863,2198.414422,2279.292544,2610.157591,2602.958738,2735.151053,2874.849629,2889.554742,2492.516686,2235.177205,2352.81811,2308.702771,2625.020202,2411.638563,1918.900713,1602.857338,1772.208195,1654.325234,1669.15069,1742.555913,2029.30562,1889.369538,1683.73546,2007.24795,1660.0,2016.0,2072.0,2270.0,2430.0,2584.0,2629.0,2683.0,2528.0,1926.0,2009.0,2047.0,2028.0,1953.0,2150.0,2120.0,2937.0,2871.0,2494.0,1575.0,1553.0,1811.0,1798.0,1830.0,2825.0,3047.0,2220.0,2360.0,2200.0,2250.0,2490.0,2670.0,2510.0,2510.0,2510.0,2514.6933378470417,2521.451091964206,2527.8110573204685,2534.8822658215395,2542.3886704967967,2546.471558850675,2549.409953145837,2552.481323779128,2555.1518394558484,2557.9831758532946,2560.8447191689124,2551.8851695344124,2542.9547450567734,2533.9655666488666,2525.255809052877,2516.441985332995,2507.706717891541,2498.8393285366783,2490.187388899505,2481.890002237599,2473.7115140063333,2466.150200463158,2458.5082710076526,2451.1930913935944,2444.125967004092,2437.33341376362,2443.510500148484,2449.4034617160055,2455.176838267307,2460.5132198423084,2465.7633311763807,2470.6931891233207,2475.488149176261,2480.280886516299,2485.1089084048817,2489.7252925334838,2494.2474343426475,2498.79805671663,2503.18490865239,2507.600297543771,2511.8615997400634,2515.818876995547,2520.049881616274,2524.2401969711455,2528.503308625935,2532.7657408400196,2536.7925218828696,2540.901604757662,2544.9875914337667,2548.660422962218,2552.41037523927,2555.809490938575,2558.8326486652063,2561.9434245240636,2565.0039380567173,2567.7726165754575,2570.019209116491,2572.1572935147524,2573.7693558100436,2574.9841877593844,2576.0441812551835,2576.322914289564,2576.5004526140706,2576.5061169845985,2576.6082546457033,2576.3913953528213,2575.6731762567933,2575.028112715593,2574.421609163478,2573.8376592823824,2573.1791623545582,2572.369462783144,2571.611297150282,2570.6550416060577,2569.8182333692207,2568.8614619841924
Djibouti,DJ,DJI,Cement production,kt cement,0.0,0.0,0.0,0.0,0.0,0.0,0.0,0.0,0.0,0.0,0.0,0.0,0.0,0.0,0.0,0.0,0.0,0.0,0.0,0.0,0.0,0.0,0.0,0.0,0.0,0.0,0.0,0.0,0.0,0.0,0.0,0.0,0.0,0.0,0.0,0.0,0.0,0.0,0.0,,,,,,,,,,,,,,,,,,,,0.0,0.0,0.0,0.0,150.0,170.0,140.0,130.0,160.0,224.0,250.0,240.0,380.0,480.0,480.0,480.0,448.2894753186424,450.6861084601872,453.9995510477321,456.3431472763055,458.66691093723375,461.26848574136403,458.62254404065123,456.4809541370945,454.51870853182885,452.8994374874451,451.4951204868902,450.0277514890057,448.91531285719543,448.67541525315187,448.5949218982898,449.0531223373156,445.6403725203386,443.0610300294055,440.9042872935907,438.88048366953007,437.4231329904722,432.9079055521131,429.17141332071236,426.0264542471105,423.43539758187046,421.57030099155907,426.1806392697339,430.5400977229625,435.15768529924753,440.1506433997026,444.6038528024562,448.65560802674554,453.39144428502965,458.28858591179556,462.5986755186148,466.7305572743032,470.6082296953955,474.4454438605404,478.2245248788757,481.32989658051355,484.3231099239879,487.8796368759266,491.58724978968473,494.8463038090038,497.96762644616865,500.60783789885454,503.34471556885825,506.0461615213098,508.2922492510702,510.7151455173386,513.5613884570568,516.1029991668844,518.5533768558547,520.6815423180949,522.5659428734681,524.6580155830451,526.134550334056,527.7972074847477,529.805112715215,531.4752974237309,533.3647072551331,535.439089516926,537.0326702679848,538.7663639729527,540.6212798182721,542.132582856787,543.4080048614076,544.461738508849,545.5742431191516,547.4613968250233,548.4065865727723,549.4913091076253,550.3752906886866,551.9612078454359,553.1723178259269,554.087693094871
Dominica,DM,DMA,Cement production,kt cement,0.0,0.0,0.0,0.0,0.0,0.0,0.0,0.0,0.0,0.0,0.0,0.0,0.0,0.0,0.0,0.0,0.0,0.0,0.0,0.0,0.0,0.0,0.0,0.0,0.0,0.0,0.0,0.0,0.0,0.0,0.0,0.0,0.0,0.0,0.0,0.0,0.0,0.0,0.0,0.0,0.0,0.0,0.0,0.0,0.0,0.0,0.0,0.0,0.0,0.0,0.0,0.0,0.0,0.0,0.0,0.0,0.0,0.0,0.0,0.0,0.0,0.0,0.0,0.0,0.0,0.0,0.0,0.0,0.0,0.0,0.0,0.0,0.0,0.0,18.74815824304135,18.526895805866932,18.311202420009362,18.104716136990852,17.914442748422648,17.758881282546305,17.553578974948763,17.39345240511699,17.266671659382922,17.1689684182919,17.086403190151543,16.85136053242466,16.633872196891943,16.438532662011266,16.25765381789931,16.08981536744423,15.909377442471374,15.74290869211784,15.580424201077115,15.427760560753454,15.288129923599652,15.146292571820375,15.013713025736623,14.886550228429178,14.765800058236978,14.65406958451075,14.625342474312514,14.593603650948332,14.554451379791056,14.519932513504463,14.4835602852696,14.44093296045931,14.400158997597297,14.352203257185723,14.30540586799182,14.257681797823775,14.20462931205445,14.152040166772196,14.098292670272265,14.048946908399484,13.991029347515939,13.932648446145329,13.878437609158333,13.818666686326512,13.755189039598148,13.694954776279264,13.625453703219012,13.556647640889363,13.486451557098508,13.41347543038524,13.341889325133181,13.267986517445777,13.193852039514844,13.125509317672263,13.049289807549515,12.97399697840091,12.899399159982908,12.830593097653255,12.75761697093999,12.684177503739654,12.610969706782857,12.534518526416578,12.457372335319699,12.379531133492215,12.296361516063447,12.219910335697167,12.136972388511934,12.061911229606858,11.988935102893596,11.912947263014384,11.835337731430435,11.754948156924078,11.679423657531935,11.598339072294976,11.511694401213191,11.421343006234862
Dominican Republic,DO,DOM,Cement production,kt cement,102.935792,139.698575,131.567513,161.756245,235.281811,249.986924,279.397151,272.044594,191.166471,169.108802,234.447478,242.634368,227.929254,301.45482,212.720065,279.397151,308.807377,323.51249,389.148002,492.621292,595.557084,676.435207,580.851971,602.909641,587.864525,653.998846,860.249122,867.601678,889.659348,1014.65281,948.479801,948.479801,1102.883489,1139.646272,1007.300254,1066.598787,1088.178376,1492.568989,1602.857338,1060.0,1235.0,1365.0,1271.0,1276.0,1453.0,1642.0,1835.0,1885.0,2283.0,2505.0,2746.0,3050.0,2906.699,2653.639,2778.708,3776.798,4100.0,4207.0,3852.0,4106.0,3997.0,4130.0,4246.0,5018.0,5181.0,5171.0,5254.0,5430.0,5644.0,5200.0,6500.0,6535.0,6535.0,6535.0,6551.535491051312,6568.980140095335,6583.0191073164115,6598.696698524962,6616.12195605126,6641.576961453786,6640.695252377107,6642.150696039261,6645.755392634506,6651.426877871865,6659.741322788573,6605.391674777584,6555.968511198483,6510.940959534817,6470.267752175569,6432.871341434027,6389.01093771218,6349.501207858346,6314.157257168178,6282.388813448041,6254.161897504465,6222.841081235413,6194.962359785685,6169.8911243798375,6147.6946641281165,6127.811645422135,6143.624955770048,6157.695233119604,6170.236285310993,6181.294372742348,6190.908532462757,6199.1929620505025,6206.048077506185,6211.96751241963,6216.788096279033,6219.833209767814,6221.770484324155,6222.299466002697,6221.668844781765,6219.837509797663,6216.650858441261,6212.306853052795,6207.231975682626,6201.075866393832,6193.7404044959485,6185.471880476491,6176.023375658821,6165.892172234855,6154.60973129134,6142.397822730894,6129.084319133923,6115.196582933329,6100.309636585735,6084.2915605990975,6067.592399470678,6049.960915717481,6031.344655612803,6012.016966337012,5991.729614121,5971.090650173225,5949.433947359102,5927.054465406311,5903.90836751812,5880.272415889012,5856.187725084786,5831.218081783552,5805.793648607663,5779.868174644331,5753.475613336951,5726.438546368981,5699.086889875261,5671.287654876106,5643.18382411551,5614.841536316511,5585.893056760381,5556.64904799093
Ecuador,EC,ECU,Cement production,kt cement,80.878123,88.230679,88.230679,95.583236,147.051132,154.403688,154.403688,161.756245,154.403688,198.519028,220.576698,213.224141,257.339481,286.749707,323.51249,374.980386,389.6855,433.800839,456.324146,330.865047,367.308985,485.268735,485.268735,581.201882,595.557084,609.986435,624.967311,830.546758,1095.530933,1389.633196,1235.229508,1588.152225,1419.30956,1735.203356,1963.132611,2015.084205,2146.946526,2198.414422,2249.882318,2250.0,2300.0,2250.0,2098.0,2164.0,2616.0,3028.0,2900.0,2600.0,2300.0,2800.0,2920.0,3000.0,3100.0,3470.0,3690.0,4110.0,4420.0,5493.0,5310.0,5287.0,5706.0,6025.0,6670.0,6600.0,5860.0,5550.0,5690.0,5800.0,5550.0,5100.0,5300.0,5500.0,5500.0,5500.0,5520.192431141828,5562.904869972451,5624.133045229205,5691.421925507904,5762.2709406229405,5844.193336676048,5918.974333596706,5994.14524081403,6069.643574699926,6145.515135498901,6222.068320462986,6252.137806290289,6283.18728574855,6315.14297327916,6347.923460906198,6381.382872387021,6417.391974276738,6453.834201964482,6490.674026219219,6527.855292329417,6565.238765653688,6606.790906476069,6648.342631364437,6689.627760221273,6730.596279662945,6771.278490303065,6856.978823638651,6938.602783058788,7016.346365617122,7090.88772080861,7162.434079998032,7238.42475065055,7311.036721132632,7380.3701073609545,7446.430020216319,7509.3571515009435,7575.54879421787,7638.298709652606,7697.673081609169,7753.729415254387,7806.528441612193,7859.760630329545,7909.748109066799,7956.427959877373,7999.874635360994,8040.107658820754,8079.299404144074,8115.258753474915,8148.004958699651,8177.567719527306,8204.059272464998,8228.57109120711,8250.027895680187,8268.49173838298,8284.067631101381,8296.84839374682,8307.53597108068,8315.618086432552,8321.255562439845,8324.486337741318,8325.416302734719,8324.453133502993,8321.233494706516,8316.012116423784,8308.685165417231,8299.295578436348,8288.230411425868,8275.305350952987,8260.667668761416,8244.484489475652,8226.813814736919,8207.91293409613,8187.653333792791,8166.096994068928,8143.333950702942,8119.352079312073
Egypt,EG,EGY,Cement production,kt cement,1132.293716,948.479801,1095.530933,1338.585578,1367.575527,1352.870413,1463.158762,1514.626659,1786.671253,2044.010733,2059.157726,2235.177205,2507.221799,2521.926912,2418.670256,2441.04879,2749.856167,3146.894223,3610.777561,3683.008093,3918.28923,3822.779943,3617.457845,3264.993437,3580.695062,3360.475595,3257.182572,2999.843091,2955.727751,3029.253317,3499.816939,4257.130269,5499.712333,6500.033402,5749.699257,7609.896076,8742.189792,9786.252828,12476.654694,14100.0,16427.0,17000.0,16000.0,16100.0,17665.0,18700.0,19700.0,21000.0,23313.0,24143.0,25700.0,28155.0,26639.0,28763.0,32458.0,36100.0,40400.0,38600.0,48000.0,49500.0,48700.0,51200.0,50200.0,51400.0,53600.0,56500.0,53900.0,52000.0,48700.0,44900.0,50000.0,45800.0,52000.0,50000.0,50824.76251020813,51751.67514753927,52704.8748925872,53698.60267313037,54707.122410248,55700.62425809761,56765.16201615711,57816.10479173007,58852.538185203426,59879.012447694295,60898.44025238058,61979.3722840394,63051.90575444319,64111.217237645214,65160.86397612983,66200.04429037946,67259.35753162816,68302.72055405841,69330.9742104226,70343.14177264496,71342.36495803593,72346.34081049313,73339.49769216187,74324.37468907199,75299.62786477502,76271.05545461779,77306.58777551814,78302.15807142826,79268.91876017554,80203.34308238215,81110.77841223938,82032.61172758066,82926.71412115214,83793.9743262295,84637.40644481832,85459.46680520855,86285.37941063636,87088.81299464779,87870.31730587812,88635.99555351364,89381.94571510327,90112.47774244002,90826.52632068147,91520.29150792047,92194.8029375197,92847.2914614179,93488.4453349625,94109.73982283007,94710.73379539796,95287.07646440946,95845.294256648,96390.76001903141,96916.29712432406,97418.37294123313,97900.01730875597,98363.73112821256,98804.7210692459,99229.66346726353,99632.03272611384,100016.76862681255,100383.07301790582,100732.85295680662,101067.14413180285,101387.33498729626,101687.09393594865,101967.94166909016,102236.44841891248,102492.64561860751,102730.82181020094,102955.65273667972,103161.00368732023,103350.10794669733,103517.16877545988,103665.95990239076,103803.83158154303,103921.521979635
El Salvador,SV,SLV,Cement production,kt cement,0.0,0.0,36.762783,51.467896,58.820453,66.173009,88.230679,88.230679,80.878123,88.230679,73.525566,66.173009,80.878123,88.230679,80.878123,139.698575,139.698575,154.403688,139.698575,161.756245,183.813915,220.576698,242.634368,294.102264,330.865047,323.51249,374.980386,455.858509,588.204528,522.031518,455.858509,419.095726,433.800839,397.038056,448.505952,441.153396,610.262197,624.967311,632.319867,641.0,680.0,419.0,861.0,850.0,890.0,948.0,1020.0,1065.0,1031.0,1064.0,1174.0,1323.0,1391.0,1265.0,1131.0,1311.0,1300.0,1300.0,1212.0,1290.0,1320.0,1380.0,1200.0,1000.0,990.0,880.0,900.0,1089.0,1280.0,1000.0,1070.0,1066.0,1066.0,1066.0,1093.3781634557822,1119.8025451615445,1146.7492451382168,1174.9390808334524,1204.6063326499152,1226.9963578224065,1254.829004630615,1282.9849500285466,1310.8559106003506,1338.4383937463765,1365.848301612069,1388.0210614317054,1409.4441378527433,1430.143249751903,1450.1767402070975,1469.5257563337002,1493.0185672466564,1515.3643980712793,1536.6163575277167,1556.875897189999,1576.0589255789573,1598.2728525651573,1619.1365719353435,1638.7670452482137,1657.1450236763785,1674.8896940103957,1705.6595551200867,1734.8176028869145,1762.7140892361929,1789.2201471100636,1814.1997796456942,1841.012466855776,1866.276808216639,1890.0831305850259,1912.716845643419,1933.905878777409,1956.667144022969,1977.9950542167442,1997.7323319072157,2015.8907496863326,2032.558001473254,2049.856573127352,2065.8019081745597,2080.2719438558443,2093.2791343962554,2105.2865528427856,2117.6503857313937,2128.9854667001337,2139.298331129256,2147.884424462481,2155.7740571165746,2162.9573434754825,2168.7468503897335,2173.5313631019176,2177.1944247752945,2179.7004056298797,2181.4703147170976,2182.2869306485636,2182.2339253979844,2181.2184090149685,2179.1344848844437,2176.615103360423,2173.362576746869,2169.410493013864,2164.9016194466813,2159.6739246964653,2154.2561670077757,2148.285724292324,2141.8479216508645,2134.889199778811,2127.4125123825747,2119.911622138388,2112.060898473066,2104.1897456403044,2095.9765679030943,2087.5034483228264
Equatorial Guinea,GQ,GNQ,Cement production,kt cement,0.0,0.0,0.0,0.0,0.0,0.0,0.0,0.0,0.0,0.0,0.0,0.0,0.0,0.0,0.0,0.0,0.0,0.0,0.0,0.0,0.0,0.0,0.0,0.0,0.0,0.0,0.0,0.0,0.0,0.0,0.0,0.0,0.0,0.0,0.0,0.0,0.0,0.0,0.0,0.0,0.0,0.0,0.0,0.0,0.0,0.0,0.0,0.0,0.0,0.0,0.0,0.0,0.0,0.0,0.0,0.0,0.0,0.0,0.0,0.0,0.0,0.0,0.0,0.0,0.0,0.0,0.0,0.0,0.0,0.0,0.0,0.0,0.0,0.0,168.21283048218055,166.6793171248042,164.22965963170594,153.55461712229493,155.1183213290612,151.18546422093777,151.8753920850639,152.79244475675924,153.9085714181787,155.220555235201,156.6796989082069,159.56037850638918,162.58300137280645,165.72622595567535,168.97059767356222,172.32154067231048,175.50485100552797,178.87591902550255,182.39604100888687,186.0664563223257,189.89309418661992,193.71660727979392,197.78218051839534,202.06201730885604,206.5160255178041,211.12509994861446,220.62878244522298,230.14681396095585,239.67833512279245,249.2270404058532,258.7858185196502,270.2607646723072,281.76747830460425,293.29877425593617,304.8390053908274,316.4156697737583,329.9089894619678,343.4388269662414,357.0057319230449,370.6004146222874,384.2081670282254,399.27503216855365,414.3908696353485,429.5460678062281,444.530544882927,459.27322688181556,475.1629220436057,490.7866024552283,506.14257601687325,521.2381828314587,536.0829959235605,551.846509872501,567.3195562536213,582.4713517025459,597.3244490941572,611.9170961172999,627.0652127628493,641.8768475350967,656.3236840494253,670.4462776269909,684.3596240807764,698.3981951999076,712.0963316460197,725.497996476353,738.6460761536835,751.5104261713869,764.1983298947797,776.5044503937029,788.7488489649131,800.8265148660668,812.7687603435661,824.5788215784465,836.1125482328583,847.4941756049562,858.6897410268995,869.6557246938761
Eritrea,ER,ERI,Cement production,kt cement,,,,,,,,,,,,,,,,,,,,,,,,,,,,,,,,,,,,,,,,0.0,,,0.0,45.0,50.0,47.0,60.0,45.0,45.0,45.0,45.0,45.0,45.0,45.0,45.0,45.0,45.0,45.0,45.0,45.0,160.0,230.0,230.0,230.0,200.0,200.0,180.0,180.0,180.0,160.0,180.0,180.0,180.0,180.0,168.11904392672795,171.67566335730115,175.37528541164554,178.6012305597285,181.65678131332967,184.87287067689573,189.44474101371213,194.12332265914065,198.8724750442659,203.6867895646742,208.54498843615428,218.01339955311562,227.41279689744428,236.79126831281255,246.18940179116862,255.58176226265763,267.6530771129555,279.6791330645466,291.6074711466911,303.51441869717644,315.437826878791,329.77259608301597,344.2518172665815,358.8437113942968,373.54405587729343,388.37526757441566,414.4885309853676,440.7007406110149,466.9737468531788,493.35949673116414,519.9024688066561,552.3270786628497,584.9653513969254,617.6665631980387,650.4653121506168,683.378037858446,723.1504708262548,761.9784243986139,799.6605319413706,836.1880495439126,871.5900662869452,911.6749690173315,950.2446091661711,987.2434261099559,1022.8821915703845,1057.0772438760785,1095.0204471360305,1131.0978112590044,1165.5247746840707,1198.5537334289354,1229.8350023796454,1264.5232570527098,1297.7042068019045,1329.9116530048423,1361.052979299875,1391.0080205443971,1423.5266285353243,1453.581724738031,1483.0649903723338,1511.5014069118959,1539.476010681929,1568.9029425089136,1597.035942187259,1623.5564400288922,1649.2848917150386,1673.8218562710697,1699.7704082123637,1724.2062288324162,1748.4866176311234,1770.6747229588834,1792.131592591232,1814.9773575387824,1836.5915216835292,1857.6491148275509,1878.1988484240262,1898.4930356796528
Estonia,EE,EST,Cement production,kt cement,74.05966,84.3628,95.618005,113.915014,135.042349,149.504013,174.010177,200.841732,234.180712,275.208352,307.886024,347.467887,370.327674,394.63152,440.520383,487.424017,517.131699,534.65175,549.336993,583.425073,617.44102,644.885299,680.18634,718.586427,765.241356,773.024973,784.505275,777.832917,747.881469,754.272555,766.805576,745.556508,772.263024,783.980886,787.233521,811.838737,823.671745,834.297929,837.93399,815.54407,768.018551,600.0,500.0,402.0,417.0,388.0,423.0,321.0,358.0,329.0,405.0,466.0,506.2,615.0,726.0,848.9,937.4,808.0,326.0,375.0,451.0,482.0,457.0,447.0,390.0,399.0,503.0,527.0,411.0,254.0,366.0,257.0,257.0,257.0,261.75323239500074,269.49076768607205,275.9274396129715,282.4181843872184,288.9513473089105,298.888016415424,305.2294974693248,311.39414206702844,317.39728445087275,323.2497590368308,328.9751110104303,332.01253701827767,334.9604542749421,337.8527892774046,340.71667583994594,343.5270351551546,345.30104107860245,347.0720025841944,348.82664644191664,350.6050065542569,352.35364971374895,353.60822128397496,354.8272508494,356.10140080271856,357.4193886230518,358.7785170292018,359.163056604156,359.47620180740194,359.73843407693647,359.9424074064881,360.1048987697235,360.2920520812575,360.4315720547768,360.52141981382726,360.54634412764153,360.5248014060761,360.4150292717278,360.2692718763455,360.07894391989635,359.84846524674714,359.5713569601529,359.07599189598574,358.55696674421984,357.9979199918484,357.41676591179635,356.79714714267715,355.9378780719,355.07296173383463,354.1990020208934,353.3090405022615,352.4108023916358,351.33572433169627,350.2486858536406,349.1421866781821,348.0305333426306,346.9223678214428,345.6935553492233,344.48254271776835,343.2585274417432,342.0281540580124,340.79498900735894,339.528693971863,338.2762865361103,337.0455141558706,335.86692188683975,334.68760464757287,333.46227798113017,332.2578891429985,331.0585154909532,329.83895800728067,328.62934666325276,327.3125851838754,325.9818837821477,324.6755243778701,323.36354621092687,322.0154302816918
Eswatini,SZ,SWZ,Cement production,kt cement,0.0,0.0,0.0,0.0,0.0,0.0,0.0,0.0,0.0,0.0,0.0,,,0.0,0.0,0.0,0.0,0.0,0.0,0.0,0.0,0.0,0.0,0.0,0.0,0.0,0.0,0.0,0.0,0.0,0.0,0.0,0.0,0.0,0.0,0.0,0.0,0.0,0.0,0.0,0.0,0.0,0.0,0.0,0.0,0.0,0.0,0.0,0.0,0.0,0.0,0.0,0.0,0.0,0.0,0.0,0.0,0.0,0.0,0.0,0.0,0.0,0.0,0.0,0.0,0.0,0.0,0.0,0.0,0.0,0.0,0.0,0.0,0.0,123.02721161963464,124.99479528587513,126.57346785451574,127.71468838264191,128.75179387493642,130.3712477945564,131.03101841801774,131.91318139499705,132.982420193387,134.2141976709366,135.59232199395808,137.60018648078662,139.77009004640814,142.0846485933854,144.51753785615256,147.059994891264,148.86385488542675,150.8590165611531,153.0340606592151,155.37059016846965,157.8759693174497,159.65831062459924,161.70644402059875,163.98214397504518,166.45218946372538,168.98521113653493,174.48378242489954,179.84486449545898,185.0704741309292,190.1558028673538,195.0955929733703,200.28150034903254,205.29341313916632,210.13590554013166,214.8127742244029,219.3083528998119,223.92824143300265,228.35833715302442,232.5882905246254,236.61244462371434,240.4440779988023,244.12538490758925,247.63306375303577,250.92951302067544,254.10193577214284,257.1402050331701,260.1136327648518,262.9316019377273,265.6410188289349,268.2152583210154,270.6312339716365,273.00748292330667,275.2413526778868,277.38479869970166,279.46485545128877,281.40284798393503,283.278171899662,285.0523552670204,286.6427283041292,288.1128813257276,289.42807509018047,290.6905574191318,291.8822893162565,292.9916562728541,293.99651865333135,294.8616186677117,295.69468841235204,296.38452263868584,297.02301363091993,297.55673893967463,297.97623978450434,298.363732156808,298.6973641087532,298.97542739291816,299.1660859154587,299.19005094386694
Ethiopia,ET,ETH,Cement production,kt cement,7.352557,7.352557,7.352557,29.813106,29.410226,29.410226,22.05767,29.410226,22.05767,29.410226,29.410226,44.11534,36.445862,44.11534,95.043217,102.935792,147.051132,176.461358,169.481288,183.813915,213.224141,191.166471,124.993462,117.640906,147.051132,147.051132,73.525566,88.230679,95.583236,110.288349,132.346019,147.051132,169.108802,242.634368,249.986924,272.044594,352.922717,404.390613,374.980386,340.0,290.0,300.0,350.0,464.0,611.0,690.0,752.0,750.0,638.0,880.0,900.0,900.0,1130.066,1315.934,1568.624,1731.0,1625.56,1834.0,1688.0,1639.0,2082.0,3548.0,4493.0,5424.0,7500.0,8500.0,9100.0,9500.0,8700.0,9800.0,9500.0,7600.0,7600.0,7600.0,7399.979340317137,7825.211307439683,8344.015305867983,8910.181816177419,9493.194941796013,9942.495274840727,10421.94391588111,10890.539514695682,11350.655160572256,11804.31526351492,12251.80451862577,12865.921997774705,13478.543808817394,14090.133873724108,14701.24324101623,15311.986272046526,16003.363014646378,16695.40309102901,17388.20245770507,18083.13702232862,18783.973544320655,19578.922816555274,20382.217213951077,21193.56343940159,22013.12761440882,22840.30090686272,24305.095794326582,25772.629603851958,27201.76735183939,28593.00308936985,29947.676587055317,31554.229193460083,33103.28457079107,34596.69739490922,36037.606410390894,37433.45817474174,39041.04924008993,40580.62751649,42053.5960867196,43467.880648446364,44827.73056118481,46340.68038790233,47808.46591093375,49240.75954274442,50630.010010575315,51983.786092469236,53470.20960586706,54912.54368554689,56314.47776735628,57671.411887568756,58998.7900577453,60417.74503387667,61791.28936761118,63123.428258603875,64413.850930385575,65657.30235274472,66962.01824996738,68229.00211425828,69462.60047068638,70650.34399535178,71802.9647588021,73003.24726028794,74178.32412434842,75311.89123353746,76406.71722216968,77477.79120554787,78600.44986407425,79688.25109200185,80739.97601935097,81772.5166722763,82786.10075108557,83816.38800737854,84842.17478013474,85835.47339379918,86790.71401467411,87714.60931692534
Falkland Islands (Malvinas),FK,FLK,Cement production,kt cement,0.0,0.0,0.0,0.0,0.0,0.0,0.0,0.0,0.0,0.0,0.0,0.0,0.0,0.0,0.0,0.0,0.0,,,0.0,0.0,0.0,0.0,0.0,0.0,0.0,0.0,0.0,0.0,0.0,0.0,0.0,0.0,0.0,0.0,0.0,0.0,0.0,0.0,0.0,0.0,0.0,0.0,0.0,0.0,0.0,0.0,0.0,0.0,0.0,0.0,0.0,0.0,0.0,0.0,0.0,0.0,0.0,0.0,0.0,0.0,0.0,0.0,0.0,0.0,0.0,0.0,0.0,0.0,0.0,0.0,0.0,0.0,0.0,0.985131890058533,0.9778757689452952,0.9705475385773911,0.9634673499802148,0.9539809384873873,0.9463928678881957,0.9364686757730624,0.9281010474038843,0.9193154545852315,0.9116933594344291,0.9047003947608471,0.8874561841174665,0.8744646351842316,0.8595833426543255,0.849965127491679,0.838589192061447,0.8253665924983582,0.813275869866468,0.8032128975680753,0.7911982568124691,0.7827564793095467,0.7720191890235305,0.7633971230352988,0.754426409723258,0.7462371253271064,0.7378697256563498,0.7339313315162688,0.7297612671326535,0.7253595325055041,0.7195677764171498,0.7140076905723296,0.7082159344839751,0.7024241783956208,0.6964007520637322,0.6910723364624463,0.6848172398870234,0.679025483798669,0.6730020574667805,0.6658202799172211,0.6593335130982642,0.6533100867663755,0.6461283092168161,0.6403365531284617,0.634081456553039,0.6275946897340821,0.622266274132796,0.6167061882879757,0.6109144321996215,0.6048910058677329,0.6009526117276519,0.5963192068569684,0.5905274507686139,0.5875157376026696,0.5821873220013837,0.5759322254259609,0.5717621610423457,0.5682871073893331,0.5662020751975254,0.5624953513009787,0.5585569571608976,0.5553135737514192,0.5532285415596117,0.55091183912427,0.5479001259583257,0.5446567425488472,0.5423400401135053,0.5402550079216979,0.5379383054863561,0.5372432947557536,0.5342315815898092,0.5335365708592066,0.5319148791544673,0.5289031659885232,0.5263547933096473,0.524733101604908,0.5221847289260321
Faroe Islands,FO,FRO,Cement production,kt cement,0.0,0.0,0.0,0.0,0.0,0.0,0.0,0.0,0.0,0.0,0.0,0.0,0.0,0.0,0.0,0.0,0.0,0.0,0.0,0.0,0.0,0.0,0.0,0.0,0.0,0.0,0.0,0.0,0.0,0.0,0.0,0.0,0.0,0.0,0.0,0.0,0.0,0.0,0.0,0.0,0.0,0.0,0.0,0.0,0.0,0.0,0.0,0.0,0.0,0.0,0.0,0.0,0.0,0.0,0.0,0.0,0.0,0.0,0.0,0.0,0.0,0.0,0.0,0.0,0.0,0.0,0.0,0.0,0.0,0.0,0.0,0.0,0.0,0.0,16.970719498790366,17.06910491548018,17.152127536157234,17.23872787057395,17.30559324832493,17.361498907588942,17.401665502839087,17.44743523863493,17.48324345662757,17.522811947173064,17.552578182655896,17.49966747438197,17.449207054347184,17.397034426152395,17.341778585081414,17.289011557377712,17.231650933244026,17.178670122171695,17.123546945503122,17.072118551026076,17.02385387989438,16.970928042147623,16.92107518938818,16.879270845845287,16.827953245160444,16.77574793938,16.822919486638337,16.857831761727837,16.891944519067195,16.92392522907284,16.950575820744216,16.972429305914748,16.990285202334565,17.013471217088657,17.035058196342476,17.052381080928868,17.076633119349818,17.09822009860363,17.116342500940164,17.143259598528253,17.164047060031926,17.186433557035883,17.198692829204717,17.21175161912369,17.22907450371008,17.24613088237976,17.263986778799577,17.2759795450517,17.28823881722053,17.299965077555935,17.31035880830777,17.325816151477166,17.330613257978012,17.336742894062432,17.339141447312855,17.338874941396146,17.33434434081201,17.327681692894163,17.31648844439219,17.30742724322392,17.2973000183888,17.281309663385976,17.26531930838315,17.24613088237976,17.22134583212538,17.197626805537855,17.170709707949772,17.14565815177868,17.114210453606454,17.085694320518087,17.055579151929432,17.020666876839933,16.991884237834846,16.954839915411636,16.915930051571433,16.87755319956465
Fiji,FJ,FJI,Cement production,kt cement,0.0,0.0,0.0,0.0,0.0,0.0,0.0,0.0,0.0,0.0,0.0,0.0,0.0,29.410226,36.762783,44.622412,44.574874,51.467896,51.035393,58.820453,81.420929,88.230679,88.230679,80.878123,73.960628,66.173009,73.525566,80.878123,95.583236,80.878123,95.583236,88.230679,110.288349,95.583236,95.583236,95.583236,58.820453,44.11534,58.820453,78.0,79.0,84.0,80.0,94.0,91.0,84.0,96.0,90.0,95.0,95.0,95.0,111.0,120.0,120.0,143.0,143.0,145.0,143.0,110.0,163.0,170.0,150.0,181.0,188.0,204.0,219.0,141.0,143.0,128.0,97.0,92.0,114.0,114.0,114.0,111.84066219354548,114.96371539190126,118.08563627110323,121.26849108227758,124.2953241244704,127.32697088039177,130.75677623940632,134.19922019533854,137.6551085953124,141.1194046936834,144.58870744074915,148.3823279962025,152.16277506901903,155.94822961290245,159.70675743559448,163.47358007883355,167.67790503929683,171.6768713459761,175.48262708074003,179.1153344745055,182.57080003096513,186.21884766241456,189.63702639338456,192.8913214103337,195.9050800784458,198.7566367797051,203.54655828867183,208.10620934077946,212.43625759543613,216.55555331014625,220.45412201984797,224.5015773936079,228.30529218704552,231.97461181982297,235.48862104896688,238.8777034883468,242.42779814981083,245.81777911775373,249.05455144371007,252.14314798456,255.06818332337568,258.0631609277077,260.93804919646203,263.6598731014371,266.2473555038074,268.66848771973025,271.0874826517726,273.38687686602,275.54797511382566,277.5827338084937,279.4825265579076,281.4192207787057,283.23753742661455,284.95535285269665,286.5548284717137,287.99307551142056,289.4509263108723,290.80440138251487,292.0856796810133,293.2766664688155,294.3832739172434,295.48178089769414,296.4879414238509,297.43891837814533,298.3232996573479,299.12410323475405,299.95569611339374,300.6946397648635,301.37644311952147,301.9513795016605,302.44089093015765,302.9213062874489,303.33444605077244,303.6838603108512,303.9168158314081,304.06879430362414
Finland,FI,FIN,Cement production,kt cement,831.220539,779.041316,934.226879,1036.295796,1044.063036,963.184914,948.479801,926.422131,1169.056499,1257.287178,1345.848207,1359.926302,1426.395979,1573.447111,1771.966139,1573.447111,1514.626659,1477.701223,1794.023809,1875.072145,1838.139149,1985.190281,2095.47863,2205.766979,2066.232755,1823.564439,1713.145687,1705.79313,1749.790376,1815.967152,1816.081479,1860.038504,1904.312158,1647.115619,1610.32879,1419.043423,1426.486706,1507.274102,1595.393526,1670.0,1324.0,1129.0,835.0,869.0,907.0,975.0,905.0,1098.0,1310.0,1422.0,1325.0,1198.0,1492.896,1295.0,1357.0,1684.507,1742.534,1633.0,1052.0,1215.0,1387.0,1300.0,1300.0,1250.0,1300.0,1340.0,1510.0,1460.0,1430.0,1470.0,1500.0,1500.0,1500.0,1500.0,1514.3482812750885,1528.352584789674,1540.993654586715,1552.7944717461155,1563.8380860899106,1572.3723414754672,1577.9080747794915,1583.343787492056,1588.5996620549963,1593.691245959796,1598.6219846054764,1596.220097418165,1593.790524904869,1591.3224704455606,1588.8300098284415,1586.3859216121152,1583.6578797384898,1580.8697657756168,1578.1569262290961,1575.5128534475314,1572.9391618932746,1570.552427181962,1568.233794025807,1565.9656863882467,1563.7120039766303,1561.5869007414167,1568.354031330889,1574.8070454423332,1581.0218679584095,1587.012405205185,1592.7248750361248,1598.9747051406673,1604.9963564149105,1610.8469642905557,1616.630042994557,1622.125854597239,1628.0647196708564,1633.84157379122,1639.4692976794577,1644.8570907229794,1650.0708646467692,1654.9861436009016,1659.872803153076,1664.5491850078206,1669.027514538586,1673.3544543414425,1677.0677308850716,1680.59619946247,1683.9289371271827,1687.0136944016222,1689.843256271518,1692.0794011448882,1694.0772674525483,1695.939361521291,1697.700718175847,1699.2214294780538,1700.239770015433,1701.1407232079164,1701.9307200122755,1702.725430168655,1703.4570621892774,1703.758820340628,1703.95893387259,1704.0758408791614,1704.2223997509464,1704.2948328001291,1704.0690891789588,1703.8213698976958,1703.5844467611787,1703.2391447670236,1702.881112442414,1702.1212848371354,1701.321951546577,1700.3601752387538,1699.2570570902908,1698.0573439068614
France,FR,FRA,Cement production,kt cement,8124.575038,8646.606556,9308.336649,9742.137488,10617.091723,11440.578062,12609.634561,13411.063229,13999.267757,14175.729115,15381.748975,16881.469942,18131.404563,21535.86697,22366.477162,23300.25185,24381.077669,25388.377923,27542.677005,29006.07805,28947.015315,29910.200229,30711.628898,32336.781504,29586.687738,29395.308071,28829.374409,28020.796308,28821.82212,29101.419003,28226.464768,26145.691252,24506.071131,22719.194346,23542.886217,23491.418321,23557.362492,25300.147244,26829.479015,26400.0,26507.0,21165.0,20464.0,21296.0,19692.0,19514.0,19780.0,19500.0,20219.0,20137.0,19839.0,19437.0,19655.0,20962.0,21277.0,22540.0,22300.0,20895.0,17974.0,17733.0,19270.0,17810.0,18018.0,16400.0,15600.0,15900.0,16900.0,16500.0,16500.0,16700.0,16900.0,16000.0,16000.0,16000.0,16062.963500543623,16183.568528153291,16322.61440070648,16468.60598350509,16606.941297935242,16759.720122886443,16886.51111113253,17013.022031287714,17138.19333049661,17262.382213936857,17385.939365641832,17430.163198271195,17472.68886301651,17513.737511718413,17552.45035659485,17589.92624904816,17623.06930574269,17654.37309127305,17684.730063220442,17713.912908251248,17741.793724197723,17772.036371266295,17800.480489461625,17828.190983106957,17854.255551303442,17880.038428283737,18005.826036261653,18128.64422791342,18249.55737510721,18367.630852304414,18483.189748323162,18602.51712063455,18720.383680024002,18836.07159103806,18950.082175639727,19061.79247175904,19176.611213212338,19289.75075750505,19401.03851711392,19511.627364869226,19621.031031919767,19729.42527425771,19837.6672328297,19944.42411513218,20050.37094043192,20156.480308963924,20262.516454375964,20369.389312268417,20474.56630583465,20579.185632073004,20683.045011764578,20789.034420154883,20893.83537180028,20997.12986608068,21098.879650277573,21199.573567521133,21301.419613683902,21402.632976370838,21501.902750559144,21601.859144444352,21699.021369137594,21795.940046059513,21892.565682162196,21987.499406319286,22081.18411380413,22172.73492043911,22262.998080683792,22351.142419007432,22437.270531928796,22522.899156515276,22605.552864997942,22682.142784071973,22755.165324045058,22827.458051461217,22897.772331385993,22965.72787588977
French Guiana,GF,GUF,Cement production,kt cement,0.0,0.0,0.0,0.0,0.0,0.0,0.0,0.0,0.0,0.0,0.0,0.0,0.0,0.0,0.0,0.0,0.0,0.0,0.0,0.0,0.0,0.0,0.0,0.0,0.0,0.0,0.0,0.0,0.0,0.0,0.0,0.0,0.0,0.0,0.0,0.0,0.0,0.0,0.0,,,,,38.0,60.0,52.0,51.0,88.0,88.0,88.0,58.0,62.0,60.0,60.0,60.0,62.0,62.0,62.0,62.0,89.0,90.0,100.0,94.0,87.0,76.0,91.0,80.0,93.0,95.0,90.0,100.0,100.0,100.0,100.0,100.97906694010018,102.01644183751388,103.05137938192067,104.18549731956453,105.43969997249313,106.93907360282803,108.1330808353487,109.38815098697619,110.7117537326928,112.083103491651,113.52510816797547,113.89989091088488,114.36472958540348,114.91562859390483,115.52766438281202,116.20897972077668,116.77463858763618,117.39499375854045,118.08401933532599,118.85562752425741,119.69683241224956,120.46412242267812,121.31211346889299,122.2084488888385,123.15813750884224,124.17169153113342,125.90851974642618,127.63315969354143,129.3493208454028,131.09144830772925,132.83755020533093,134.5693441359417,136.31253144767487,138.04697500180245,139.795726522921,141.53414451232385,143.26434866882448,145.01654470051497,146.7552276522695,148.4978850392993,150.22649942168982,151.9559086911354,153.6847880358776,155.40015430068394,157.10492207142286,158.84810938315604,160.56400557266568,162.2552602634687,163.95313901306383,165.6499579132522,167.32266523943724,169.0144498549436,170.70358484693313,172.35668495909354,173.99388733015286,175.63691887294922,177.28339492631758,178.90363970686903,180.52308960036552,182.13856505858666,183.71164654053837,185.28949734482035,186.84138183863726,188.3633255867137,189.88950873241723,191.3963496264477,192.87166000062774,194.30086692561463,195.72265490475436,197.07025342542238,198.40910818848477,199.71749228110352,201.06244117825466,202.3469786592218,203.59760095917323,204.8068891322619
French Polynesia,PF,PYF,Cement production,kt cement,,,,,0.0,0.0,0.0,0.0,0.0,0.0,0.0,0.0,0.0,0.0,0.0,0.0,0.0,0.0,0.0,0.0,0.0,0.0,0.0,0.0,0.0,0.0,0.0,0.0,0.0,0.0,0.0,0.0,0.0,0.0,0.0,0.0,0.0,0.0,0.0,0.0,0.0,0.0,0.0,0.0,0.0,0.0,0.0,0.0,0.0,0.0,0.0,0.0,0.0,0.0,0.0,0.0,0.0,0.0,0.0,0.0,0.0,0.0,0.0,0.0,0.0,0.0,0.0,0.0,0.0,0.0,0.0,0.0,0.0,0.0,71.25523264938374,72.3792200788442,73.42153100568899,74.3571701915189,75.21734222788726,75.96688106659627,76.58962074009719,77.16733891004978,77.72603536709914,78.26671736760532,78.79008185820825,79.1495918106022,79.47644768093767,79.7856197469484,80.06883931795898,80.33373875808005,80.5535942886521,80.73228432869205,80.8837320462495,81.00459269458715,81.10875021716792,81.16616631506673,81.18643374790273,81.19491411888569,81.15075597400491,81.08214409168788,81.71002301690511,82.26517302461362,82.7584428686963,83.19367145070603,83.57522607014418,83.9638229733646,84.3061999517499,84.60321350500799,84.8635572251253,85.07356158964507,85.29389110118376,85.4770761802409,85.62296138513722,85.73194993155265,85.80013023148503,85.8532043854757,85.89319287601668,85.88530917496541,85.85274808017532,85.79007715927474,85.72739306439794,85.63297296233908,85.50362113467605,85.34525907235754,85.1569954407653,84.95808742391102,84.7325319720572,84.48450231437073,84.20690187684096,83.89539314566528,83.58006003830376,83.24570383893023,82.89767752651306,82.52042598280634,82.12987568103719,81.7339226836865,81.31760018049098,80.87644717168482,80.41761259677617,79.94237795422349,79.4639832057675,78.96414675646972,78.46079488574986,77.92916538927655,77.39287918020534,76.85617836462734,76.30274236233768,75.73704549397645,75.1626011301448,74.57038138206067
Gabon,GA,GAB,Cement production,kt cement,,,,,,,,,0.0,0.0,0.0,0.0,0.0,0.0,0.0,0.0,0.0,0.0,0.0,0.0,0.0,0.0,0.0,0.0,0.0,110.288349,191.166471,14.712248,88.230679,110.288349,146.969164,176.560106,117.640906,205.871585,242.634368,213.224141,139.698575,132.346019,117.640906,116.0,117.0,116.0,132.0,126.0,154.0,185.0,200.0,196.0,180.0,210.0,240.0,257.0,260.0,260.0,260.0,260.0,228.601,230.0,250.0,223.0,226.0,200.0,170.0,180.0,200.0,340.0,370.0,490.0,540.0,530.0,550.0,570.0,570.0,570.0,531.275384768632,534.2965096364047,537.8876541114759,540.6728605566846,544.0249729983182,550.1355847919901,553.5659168365592,557.5202874855746,561.9653244776897,566.8523508698124,572.1204337594639,577.9730643163666,584.3758692161836,591.2304823886199,598.4974582081958,606.1211731468833,608.9215738538037,612.5413043027761,616.8399694527649,621.7758266751512,627.3701797239797,628.833126972333,631.3517474716981,634.7586356847743,638.9139705294066,643.69712509601,659.3727990632336,674.90380046936,690.3136539892683,705.6386518566283,720.9036901953141,737.2186292528374,753.4326923005214,769.4892032882524,785.4640278352397,801.3386048859287,818.1890635616644,834.8904957669645,851.4746871678514,867.9677991381186,884.3506983209145,901.3452924320067,918.2267509140044,935.012164215537,951.6445098925911,968.1827779699344,985.2228762409877,1002.1718982130933,1018.9897116168817,1035.6963116834238,1052.241485265609,1069.1340195959674,1085.8649553661253,1102.534189603002,1119.0508551206738,1135.447517360987,1151.9633007944944,1168.3568033718689,1184.5820116240059,1200.654795090741,1216.5228840657767,1232.4306740577608,1248.2483584923737,1263.9430994954753,1279.4915712317218,1294.7760320852747,1310.1121169594305,1325.2520727884232,1340.2180226158855,1355.0406097825899,1369.6712717952623,1384.3988523230475,1398.9077715215649,1413.2322966086751,1427.27383125631,1441.1874108144268
Gambia,GM,GMB,Cement production,kt cement,0.0,0.0,0.0,0.0,0.0,0.0,0.0,0.0,0.0,0.0,0.0,0.0,0.0,0.0,0.0,0.0,0.0,0.0,0.0,0.0,0.0,0.0,0.0,0.0,0.0,0.0,0.0,0.0,0.0,0.0,0.0,0.0,0.0,0.0,0.0,0.0,0.0,0.0,0.0,0.0,0.0,0.0,0.0,0.0,0.0,0.0,0.0,0.0,0.0,0.0,0.0,0.0,0.0,0.0,0.0,0.0,0.0,0.0,0.0,0.0,0.0,0.0,0.0,0.0,0.0,0.0,0.0,0.0,0.0,0.0,0.0,0.0,0.0,0.0,275.8170409581825,284.6866865747397,294.4490488684181,304.10886283364664,314.14216449726973,324.60537522936403,337.01800379511525,349.36811607506297,361.6956237164883,374.0227239884394,386.35498474542777,402.03904844989466,417.81712284134926,433.68264173374837,449.6354699947478,465.6753676346511,481.9084618809637,498.259780059561,514.0519127278438,529.3774668003406,544.3710176974578,558.9401480852854,573.0556534711653,586.7658062433923,600.102680133903,613.0897068377442,638.8439694741932,663.4814926960378,687.0803477299839,709.7052293378391,731.4662229854074,755.9449314086617,779.6552428383511,802.645823903863,824.932338036245,846.5937614890904,870.7332813178693,894.0519952480824,916.5367774417595,938.2392135368776,959.2302591791781,982.0476908894902,1003.9197305291058,1024.9116002967812,1045.1373081753693,1064.575855794799,1085.2824757369733,1105.0565468100706,1124.0046469499805,1142.2230437619496,1159.7605675939271,1178.1745557103818,1195.8757159093782,1212.959648993564,1229.4357565754028,1245.2487311425234,1261.6601864810145,1277.417203842693,1292.5067641733667,1306.9728044246717,1320.8736348188552,1335.1683213750916,1348.762648671815,1361.8246373493855,1374.3109697522057,1386.1984395261081,1398.266786380917,1409.698943223158,1420.6227592781881,1431.024887731391,1440.7752323269249,1450.6988528902796,1460.10552443539,1469.0078802521339,1477.463577635743,1485.4809684722836
Georgia,GE,GEO,Cement production,kt cement,61.430017,69.976128,79.311945,94.488703,112.013123,124.008591,144.335636,166.591516,194.245087,228.276145,255.381184,288.213019,307.17445,327.333679,365.39696,404.301959,428.94349,443.475788,455.656707,483.931632,512.146725,534.910839,564.191875,596.043466,634.742172,641.198423,650.72095,645.186452,620.342725,625.643918,636.03964,618.414248,640.566412,650.285987,652.98394,673.393145,683.20823,692.022296,695.038287,676.466596,637.045763,500.0,300.0,100.0,100.0,85.0,91.0,200.0,341.0,348.0,335.0,347.0,344.8,424.6,450.0,450.0,450.0,450.0,870.0,857.0,1502.0,1546.0,1619.0,1626.0,1759.0,1809.0,2058.0,1981.0,2681.0,2446.0,2701.0,2507.0,2507.0,2507.0,2503.443749044437,2501.6398382640623,2495.4716566774537,2489.3908636564934,2483.693944660297,2477.984042819848,2469.566946885697,2461.651481576868,2454.7729479735167,2448.4260829065547,2442.0196595497673,2428.435609159733,2414.6211095871286,2401.7264513672894,2389.260808611521,2377.7453737652922,2365.779951759617,2355.0246644674744,2344.3375052982606,2333.6258874922887,2323.0359306028727,2311.8127967045393,2300.498376691006,2289.74710918845,2279.3218675215235,2269.6193945368914,2263.3112146614167,2256.679988898128,2249.2480512090015,2242.194184876642,2235.1524645743916,2227.5745413558147,2219.5161329353937,2211.6934616192125,2203.6102712073057,2194.938382885834,2186.1190437364544,2177.1874321343007,2167.7303789055095,2158.0121007470766,2147.9597535008133,2137.7251438798926,2127.6594995126684,2117.8527737350687,2108.0953218843506,2098.2824128454035,2088.7897473410394,2079.732790800769,2070.5927163400047,2061.425344252816,2052.2655329887493,2042.8083763740324,2033.3298936130705,2024.325815881741,2015.4749047054988,2006.8871644667697,1998.5534819132179,1990.0003000130691,1981.3093441613357,1972.668479041595,1963.7919648570926,1954.547637084319,1945.5087098429963,1936.1868066943655,1926.9205704266242,1917.6323039720503,1908.4379191684122,1898.9173313710392,1889.5570230858941,1879.6810164979363,1869.7158010070477,1859.6186304798885,1849.2237628751302,1838.4005383982658,1827.56157286378,1816.5684519223505
Germany,DE,DEU,Cement production,kt cement,14080.324726,15102.060689,18109.453303,19182.820156,21432.811003,22469.520393,22623.710096,23241.543968,27366.348296,29932.392619,32417.279775,34027.490774,34667.304346,39395.147186,40218.484575,41181.828056,38865.614161,40990.655501,42490.424563,46306.401436,49482.53116,52004.449959,50563.531704,46070.960934,44152.102353,46762.573673,45505.130925,47821.190179,49306.405821,46622.561369,43703.596401,41799.284243,42240.285038,40461.118943,37365.82341,38564.024817,37696.691057,38725.915586,40762.573763,37700.0,34396.0,37529.0,36649.0,36130.0,33302.0,31533.0,35945.0,36610.0,35912.0,35414.0,32118.0,31009.0,32749.0,31854.0,31009.0,33630.0,33382.0,32461.0,29974.0,29203.0,32779.0,32432.0,31308.0,32099.0,31150.0,32737.0,33991.0,33633.0,30860.487,32202.015,31904.23,30012.785,25384.327,24245.649,24200.15007899821,24254.599796292412,24310.434359393956,24328.071305663892,24339.012992211436,24372.46353047655,24409.3174830003,24446.079814444878,24485.068267736435,24523.849193911978,24566.02524497631,24516.454172758546,24464.69428697674,24414.740788522744,24363.151254658347,24313.280353722766,24264.741846509372,24217.923211909067,24171.792906902487,24124.088344714895,24075.288710679488,24020.05360603875,23966.073749292587,23912.71905749955,23857.33271933519,23805.449867945412,23874.89453043067,23941.221061941076,24004.877772995434,24061.36674762856,24112.840380491652,24159.576801116455,24205.758408898506,24248.846214897214,24289.894390641934,24332.14139528499,24373.39212494387,24417.118904862244,24458.676910729166,24501.619354728413,24544.339277260133,24586.48934471018,24626.697977284,24666.572890006613,24708.666168965185,24749.44435450663,24789.75276921715,24825.42182953694,24862.05752259699,24895.246592545245,24927.91489617113,24956.97159564353,24979.87798832119,25001.808987839897,25026.21611741647,25050.931264455678,25067.27483284398,25085.708246060665,25106.148942276763,25125.252451190037,25146.492116136513,25158.59664717049,25169.929706947827,25184.524061404387,25204.58918034216,25225.49456656341,25237.3426256108,25252.752110173362,25273.09554419772,25294.425599369355,25316.118636128518,25331.233176126,25343.692325639026,25353.3210110606,25369.025103733307,25382.205698612168
Ghana,GH,GHA,Cement production,kt cement,0.0,0.0,0.0,0.0,0.0,0.0,0.0,0.0,0.0,0.0,0.0,0.0,0.0,0.0,0.0,0.0,0.0,227.929254,403.515308,441.153396,529.384075,411.743169,433.800839,522.031518,669.08265,654.377537,611.008239,500.591863,272.044594,294.524218,397.516415,294.102264,287.037609,228.253478,360.275273,220.576698,272.044594,477.916179,566.146858,675.0,750.0,1024.0,1203.0,1346.0,1300.0,1500.0,1700.0,1630.0,1870.0,1950.0,1900.0,1900.0,1900.0,1900.0,1800.0,1800.0,1800.0,1800.0,1800.0,2100.0,2500.0,4600.0,4500.0,4500.0,3830.0,4310.0,3940.0,5110.0,5900.0,6700.0,7000.0,7000.0,7000.0,7000.0,6653.136609138585,6853.078992963804,7072.972546336719,7280.852948337005,7487.233235970896,7680.005511381729,7807.945950964058,7929.445198643139,8046.4217669465925,8160.008860086176,8270.641205845217,8408.85098485604,8543.570748240436,8675.526692480495,8804.890590119481,8934.485985581638,9013.546823663311,9097.620663478041,9186.106170069294,9278.508741307485,9376.147486146163,9427.720532350326,9488.310711051865,9556.746929005056,9631.13036953155,9710.45901786978,9965.167112104982,10211.319371630185,10449.573300471,10681.03564336193,10905.722081074386,11152.45299254745,11390.610268102326,11620.56191284577,11843.041562946511,12059.579143442688,12294.654623206625,12523.353553199602,12745.537875652983,12961.207892124705,13171.674897412679,13393.050489271529,13608.472992206305,13818.349558423964,14022.29200668168,14219.767008627696,14427.256174712404,14629.87690419069,14825.463998142146,15015.640532650268,15200.67776719829,15393.886415807317,15580.22256822014,15760.668333430394,15936.435045366863,16105.547859949516,16279.608644171862,16447.40859290937,16609.176230595484,16765.33915021237,16914.564784510087,17067.220268313675,17214.114963789412,17357.402819306382,17494.479287037633,17626.165291284902,17758.768117500375,17885.44793629646,18005.01362176794,18119.566201434263,18229.325179695923,18338.393798719615,18442.02569984795,18541.646601613375,18636.24425828495,18725.864453124046
Gibraltar,GI,GIB,Cement production,kt cement,0.0,0.0,0.0,0.0,0.0,0.0,0.0,0.0,0.0,0.0,0.0,0.0,0.0,0.0,0.0,0.0,0.0,0.0,0.0,0.0,0.0,0.0,0.0,0.0,0.0,0.0,0.0,0.0,0.0,0.0,0.0,0.0,0.0,0.0,0.0,0.0,0.0,0.0,0.0,0.0,0.0,0.0,0.0,0.0,0.0,0.0,0.0,0.0,0.0,0.0,0.0,0.0,0.0,0.0,0.0,0.0,0.0,0.0,0.0,0.0,0.0,0.0,0.0,0.0,0.0,0.0,0.0,0.0,0.0,0.0,0.0,0.0,0.0,0.0,12.102929222971722,12.286928935890419,12.453510481230206,12.61768402796237,12.776586204365998,12.915662723429511,13.039848313442393,13.163022571299095,13.274500856202073,13.378829948585905,13.473764511511128,13.498767457673214,13.513317480424176,13.522490213576237,13.533067533920914,13.5301853240943,13.515263443528797,13.492089679911155,13.46862975203483,13.438977307782805,13.413107561541617,13.381264918964817,13.347116416907875,13.320492335240637,13.28476084757511,13.255204779591452,13.287985007347244,13.322897282436744,13.360741122610095,13.397518939116589,13.427101095871818,13.45934831179418,13.484666373881986,13.516380577970919,13.537434545391308,13.557155983228123,13.571014290897237,13.587537657733492,13.603528012736314,13.617119814488714,13.629112580740836,13.634975710908538,13.647767994910797,13.660293772996344,13.664557867663763,13.667755938664328,13.666423409080757,13.663758349913621,13.662692326246766,13.657362207912492,13.653098113245072,13.640039323326096,13.626980533407123,13.616053790821862,13.60752560148702,13.594733317484762,13.579275974315365,13.561153571978828,13.5411656282253,13.520378166721626,13.497991669717674,13.473206619463296,13.443357956791356,13.423636518954538,13.402849057450865,13.382594607780623,13.359408593026526,13.335423060522288,13.314369093101902,13.291716090181236,13.268263569510427,13.242412495589193,13.219759492668523,13.19524094833086,13.169922886243056,13.141939764988111
Greece,GR,GRC,Cement production,kt cement,433.453798,595.102807,743.165312,852.896565,1132.293716,1235.949339,1227.876951,1338.1653,1441.101093,1640.259598,1838.139149,1925.67514,2293.997658,2668.978044,3213.067232,3588.047618,3448.349043,4080.66891,4837.98224,4845.334796,5536.475116,6279.083332,6492.307473,7020.980707,7940.012136,8742.189792,10580.32894,11278.821817,12094.955599,12675.80757,12940.499607,12859.621485,14197.786785,13522.220671,13668.40271,13337.537663,13168.428862,13050.084106,12536.728704,13600.0,11808.0,10668.0,12618.0,12636.0,14480.0,14700.0,14982.0,15000.0,13908.0,15463.0,14819.0,14282.0,14638.0,15039.0,15166.0,15674.0,16666.666,12801.0,10069.0,9268.0,5553.0,5005.0,5283.0,5105.0,5289.0,6540.0,6246.0,6580.0,5540.0,5450.0,5700.0,6000.0,6000.0,6000.0,5856.901175132358,5807.415759025239,5759.098941455319,5713.871881915734,5671.298005091213,5623.990576904223,5576.519957459142,5530.471507826361,5484.495259956829,5440.519490342277,5397.876974383563,5331.01169235227,5266.291723778135,5203.049586547955,5141.350435152955,5081.750503935608,5021.828747348819,4963.35248946806,4906.936178662955,4851.48673113746,4796.729144925612,4742.880283038741,4689.974830213494,4636.554136941168,4584.133922391434,4531.8118102507615,4504.303474010412,4475.529603794986,4446.180131099796,4416.3577202861015,4385.308543368249,4353.195188074378,4320.576861636149,4287.150105202401,4253.376383642091,4219.055702777817,4185.168496416321,4150.694472104193,4116.366784581186,4081.9705425804264,4047.974208276942,4014.4690279405604,3980.7840290997297,3947.1363824886657,3913.7220844720664,3881.163424405605,3849.724420365578,3819.405930283114,3789.7539775163136,3761.209809664531,3734.059452036149,3708.1966641997724,3683.1809124057777,3658.7085384851275,3635.634424194392,3613.413124854407,3591.850265124412,3571.372436712358,3551.384671881825,3532.378871613335,3513.3045983051447,3494.2326253058236,3475.586964709622,3457.3890540965776,3438.846828559503,3419.857737945827,3401.1437791697376,3382.5366029421384,3363.4777151035814,3344.075875580026,3324.2003618034864,3303.9391828547373,3283.2363952478545,3262.279691550323,3241.344394026932,3220.247986084334
Greenland,GL,GRL,Cement production,kt cement,0.0,0.0,0.0,0.0,0.0,0.0,0.0,0.0,0.0,0.0,0.0,0.0,0.0,0.0,0.0,0.0,0.0,0.0,0.0,0.0,0.0,0.0,0.0,0.0,0.0,0.0,0.0,0.0,0.0,0.0,0.0,0.0,0.0,0.0,0.0,0.0,0.0,0.0,0.0,0.0,0.0,0.0,0.0,0.0,0.0,0.0,0.0,0.0,0.0,0.0,0.0,0.0,0.0,0.0,0.0,0.0,0.0,0.0,0.0,0.0,0.0,0.0,0.0,0.0,0.0,0.0,0.0,0.0,0.0,0.0,0.0,0.0,0.0,0.0,14.516229009350013,14.365751178308447,14.205806491117503,14.050001795966011,13.900010848444833,13.770133957412785,13.659788432411478,13.551338065324847,13.438111389481787,13.32875515386617,13.220734745926713,13.063859121425109,12.911301323730758,12.758966779265785,12.613137858115396,12.469499531061555,12.328954664228192,12.195048053887133,12.063955926437302,11.934946724252034,11.808812931744399,11.6871791144805,11.570798674869266,11.454841821490469,11.3431314315103,11.239178933671,11.181664245168626,11.122352222650552,11.063714200388365,11.006873512141878,10.947336822871844,10.89184413513713,10.836800780906342,10.782431426931442,10.72604007218888,10.67077205120613,10.611460028688056,10.55192333941802,10.490139982628358,10.428805959342625,10.36724726930493,10.305913246019191,10.245253222989342,10.180549198424174,10.114946506851151,10.052039816301678,9.987111124984546,9.922182433667414,9.859725076621867,9.795695052312583,9.734361029026848,9.669432337709713,9.608996981431831,9.549235625409832,9.489923602891755,9.432408914389383,9.373770892127197,9.318952204648372,9.263010183409733,9.206618828667173,9.153372808452081,9.098778787725221,9.04845343528564,8.997678749342139,8.947353396902562,8.897926711470834,8.84670269202341,8.794580005568132,8.746051987144252,8.695501967952712,8.644727282009208,8.592604595553931,8.54272857661828,8.49397589144244,8.440280537723424,8.391527852547584
Grenada,GD,GRD,Cement production,kt cement,0.0,0.0,0.0,0.0,0.0,0.0,0.0,0.0,0.0,0.0,0.0,0.0,0.0,0.0,0.0,0.0,0.0,0.0,0.0,0.0,0.0,0.0,0.0,0.0,0.0,0.0,0.0,0.0,0.0,0.0,0.0,0.0,0.0,0.0,0.0,0.0,0.0,0.0,0.0,0.0,0.0,0.0,0.0,0.0,0.0,0.0,0.0,0.0,0.0,0.0,0.0,0.0,0.0,0.0,0.0,0.0,0.0,0.0,0.0,0.0,0.0,0.0,0.0,0.0,0.0,0.0,0.0,0.0,0.0,0.0,0.0,0.0,0.0,0.0,34.12720002454494,34.63121179034459,34.97410237654437,35.324985085474424,35.68588337143742,36.11055026439917,36.46297403050081,36.8085900410181,37.142843724336686,37.4713583172439,37.79093130182262,37.791589575340346,37.7900369806529,37.79252448016848,37.7998198816999,37.801249610982055,37.76892713456541,37.74155885754264,37.714544446863435,37.68924052335802,37.6688488370177,37.634905937406934,37.60167264262552,37.57348075362735,37.54840192699468,37.53074265051753,37.74735261017866,37.94054511373673,38.11627305562564,38.27920244963212,38.41948658810369,38.58268753898222,38.72953110069201,38.85754943071638,38.97413167540319,39.06499416288238,39.17593059703019,39.26749509799594,39.333049620527134,39.37863225985625,39.40293558820205,39.41977421102401,39.41848100087503,39.404017866259856,39.368028030765046,39.31686385781222,39.25521085076059,39.17062588484201,39.063608014145444,38.95001666218126,38.81598347663057,38.67303864302018,38.51757788424977,38.33702470683569,38.14594745429421,37.942585260019236,37.727719724472244,37.51067247787215,37.28305831758003,37.05253926990086,36.81039129162869,36.57524935599295,36.321769573013086,36.065009485095345,35.80740212517046,35.53704677118395,35.28079475675907,35.01582304347026,34.751360281148564,34.4855732993455,34.220453029245064,33.95117107746707,33.68522085357806,33.417875536485155,33.143451895485676,32.880759504844846
Guadeloupe,GP,GLP,Cement production,kt cement,0.0,0.0,0.0,0.0,0.0,0.0,0.0,0.0,0.0,0.0,0.0,0.0,0.0,0.0,0.0,0.0,0.0,0.0,0.0,0.0,0.0,0.0,0.0,0.0,0.0,0.0,0.0,0.0,0.0,183.813915,161.756245,161.756245,161.756245,169.108802,169.108802,183.813915,191.166471,242.634368,220.576698,225.0,240.0,235.0,230.0,230.0,230.0,230.0,230.0,230.0,230.0,265.0,265.0,230.0,229.5,230.0,240.0,230.0,230.0,300.0,300.0,300.0,300.0,300.0,300.0,300.0,300.0,300.0,300.0,310.0,310.0,310.0,310.0,310.0,310.0,310.0,306.81480637642875,303.8233244623087,300.8057267030324,297.89689816031364,295.0730813023332,292.7293132407179,289.275465160308,286.0200741949278,282.9702447586329,280.1990898603559,277.4894459351711,272.433313690917,267.7756086709409,263.2657301768518,258.95436084848103,254.807246637117,250.52660878953347,246.40003686633992,242.57278212342638,238.8787511147866,235.42766719191894,231.77483243158966,228.43800293532462,225.1730928751915,222.1343573314165,219.09978435295147,217.39296844768847,215.69083424749476,214.0301665779148,212.29325399720628,210.49213517554747,208.76324837495778,207.06312061979372,205.38974546502573,203.7732195860991,202.17274526741008,200.5120775978301,198.93434298947767,197.3719911263529,196.0142966562573,194.63586892085485,193.21664346984855,191.91847353563395,190.73333333809242,189.5776210009864,188.42391510891017,187.34177242289311,186.33520583299466,185.38348207390794,184.4973021857914,183.6285114879322,182.84131622128064,182.03606294936196,181.2769579131262,180.50915828176184,179.72330064513014,178.96486442390434,178.19438953250034,177.45936183662104,176.70761376549416,176.01739667527812,175.23688955872566,174.49851778779683,173.76884061199664,173.01909898589955,172.22655319916885,171.49152550328958,170.6749023762025,169.87098673430356,169.00152722143446,168.19961802456518,167.39436475264642,166.55232665518324,165.67818543724488,164.77327872885107,163.93458470643733
Guatemala,GT,GTM,Cement production,kt cement,58.820453,58.820453,58.820453,58.820453,80.878123,80.878123,95.583236,117.640906,117.640906,110.288349,124.993462,117.640906,154.403688,183.813915,235.281811,198.519028,220.576698,176.461358,220.576698,220.576698,227.929254,264.692037,308.807377,308.807377,389.6855,448.505952,492.621292,514.678962,573.499414,566.146858,514.678962,507.839893,447.98924,419.095726,529.384075,647.66687,1323.460187,800.71692,875.710461,1680.0,1440.0,1400.0,1119.0,1200.0,1152.0,1090.0,1280.0,1500.0,1600.0,1960.0,2000.0,2000.0,2000.0,2200.0,2400.0,2400.0,2500.0,2500.0,1500.0,2794.0,2850.0,2880.0,2970.0,3500.0,3670.0,3360.0,3440.0,3030.0,2890.0,3230.0,3380.0,3486.0,3486.0,3486.0,3594.577177939058,3712.9696790835933,3839.0260598733526,3969.2164394106667,4103.970534816085,4237.906922111606,4385.621329218511,4530.301958603908,4672.254238856465,4811.775952537495,4949.450472566737,5067.88213041413,5181.578083154727,5291.053030334309,5396.778776377067,5499.056040178111,5614.921136296088,5725.688543792875,5831.9535928003315,5934.164518054577,6032.708696099336,6141.349469570803,6247.886199715877,6352.185111570372,6454.700430192591,6555.651202186586,6705.147355915587,6850.031486890725,6990.443990195687,7126.527238279223,7258.196506622619,7396.487491178444,7529.9269119987375,7658.726799865734,7782.8288505499695,7902.422375574558,8025.499416243627,8143.593166755485,8256.985362420257,8365.899461230434,8470.263519910659,8573.34778488938,8671.881127079516,8765.793239666935,8855.859309953148,8942.030539176227,9026.825114883528,9107.995325854954,9185.405727873263,9259.102718243617,9329.106702889569,9396.443913226669,9460.505950581619,9521.197341184303,9578.328948783888,9632.01254772566,9682.543190213122,9729.936341544722,9774.04031440313,9815.321181250287,9853.622170166573,9889.338169726667,9922.038049389612,9952.15685813569,9979.90072025737,10005.302020296378,10028.324700622126,10048.924988953773,10067.209678583704,10083.458346228088,10097.636890430846,10110.130366808517,10120.690070857678,10129.284507237033,10136.264880535682,10141.445127599964
Guinea,GN,GIN,Cement production,kt cement,,,,,,,,0.0,0.0,0.0,0.0,0.0,0.0,0.0,0.0,0.0,0.0,0.0,0.0,0.0,0.0,0.0,0.0,0.0,0.0,0.0,0.0,0.0,0.0,0.0,0.0,0.0,0.0,0.0,0.0,0.0,0.0,0.0,0.0,,,,,250.0,250.0,260.0,260.0,277.0,297.0,300.0,315.0,360.0,360.0,360.0,0.0,0.0,0.0,381.0,298.0,237.0,365.0,317.0,377.0,435.0,900.0,1160.0,1280.0,1380.0,1500.0,1600.0,1600.0,1700.0,1700.0,1700.0,1637.8811786759354,1702.8924614938521,1772.32944631761,1841.925492843321,1914.6291080131148,1982.2570493682056,2065.8061046949924,2148.618764972524,2230.985252667931,2313.106444765957,2395.080749721044,2518.755893781537,2642.1452190177356,2764.02100269319,2880.180429954006,2991.1922378973454,3108.770520447063,3218.2321074091215,3320.707590620031,3417.421958139756,3509.5489852618725,3596.2008878582287,3677.24028827307,3753.6425055450254,3826.123076478256,3897.651236675412,4047.6801793852223,4192.2653019048485,4331.893250820362,4467.35318314971,4597.878789535668,4743.929242678771,4884.094850072967,5018.778723315033,5149.038811725456,5274.341996309766,5410.961181174883,5542.291397282397,5668.4745108184725,5789.91546693825,5906.238709307939,6030.245052999122,6150.313407724525,6266.37105362954,6378.501726882835,6487.146366274806,6601.6881354391535,6712.46513778235,6818.745640907672,6921.371863007333,7020.558792597851,7124.45636154378,7223.534388914549,7318.373516422869,7410.0635710717725,7499.125840291559,7589.620980208204,7678.132529083345,7761.890276324381,7842.941631043073,7920.210046083282,7999.74364637047,8074.337062886439,8144.418220097226,8212.237556069562,8276.51616203023,8341.47721590447,8402.622122461858,8462.116339816319,8518.120655336508,8571.014164933518,8623.013592933472,8672.596219576657,8719.557109233585,8763.876618401218,8805.265699039832
Guinea-Bissau,GW,GNB,Cement production,kt cement,0.0,0.0,0.0,0.0,0.0,0.0,0.0,0.0,0.0,0.0,0.0,0.0,0.0,0.0,0.0,0.0,0.0,0.0,0.0,0.0,0.0,0.0,0.0,0.0,0.0,0.0,0.0,0.0,0.0,0.0,0.0,0.0,0.0,0.0,0.0,0.0,0.0,0.0,0.0,0.0,0.0,0.0,0.0,0.0,0.0,0.0,0.0,0.0,0.0,0.0,0.0,0.0,0.0,0.0,0.0,0.0,0.0,0.0,0.0,0.0,0.0,0.0,0.0,0.0,0.0,0.0,0.0,0.0,0.0,0.0,0.0,0.0,0.0,0.0,218.25985470656096,225.2888365496542,233.02569049505658,239.41376528119034,246.03119154957352,253.15558349991565,259.0514806154574,265.0837423922309,271.2566088059946,277.55931177570125,283.99878334019417,293.0748953883698,302.2754179648734,311.61814699525627,321.0813474868064,330.64494395047956,340.584733855041,350.7371808940887,361.06738834852337,371.5815205136337,382.33052396311206,393.67094184696685,404.8192186128837,415.7557524050644,426.5128040822259,437.09318494464463,457.69110539835543,477.56357304427144,496.71425829744004,515.1657081038932,533.0636785845747,553.7421988496941,573.4352767731899,592.2957835731062,610.397396012455,627.8089077752988,647.469484578757,666.614540843138,685.1448786496377,703.0542041669087,720.4114964213499,739.6648205333393,757.9882757880451,775.6978048246477,792.8323667629807,809.314615754629,827.109749057765,844.2558256582097,860.7722264846938,876.7243563236589,891.8802872157996,908.2917955152824,923.7890656502577,938.6163548724141,952.6819350178391,966.3297433265726,980.5820625844145,993.9675029781096,1006.925283783365,1019.3976381570587,1031.7076072053449,1044.498503289689,1056.8856709632712,1068.5987972497715,1079.812487585509,1090.56826402215,1101.7839067182128,1112.564958072701,1123.2089255355927,1133.3908193813393,1143.324198615611,1153.1058507193502,1162.6820319306057,1171.7333941942131,1180.2748979074659,1188.6426031599788
Guyana,GY,GUY,Cement production,kt cement,0.0,0.0,0.0,0.0,0.0,0.0,0.0,0.0,0.0,0.0,0.0,0.0,0.0,0.0,0.0,0.0,0.0,0.0,0.0,0.0,0.0,0.0,0.0,0.0,0.0,0.0,0.0,0.0,0.0,0.0,0.0,0.0,0.0,0.0,0.0,0.0,0.0,0.0,0.0,,,,,,,,,,,,,,,,,,,,,0.0,0.0,0.0,0.0,2.0,100.0,400.0,400.0,410.0,410.0,400.0,520.0,570.0,570.0,570.0,566.5840698029891,562.9563240983625,558.7023463295695,556.4250981529324,554.5252741978078,553.539107802899,550.884897432028,548.6665343727765,547.2390756686726,545.9278196142978,545.0985894424608,539.2245342891493,533.8219438084789,529.0616996004211,524.799070601116,520.9686565318318,516.9538732187871,513.5436020164633,510.28703425602095,507.35717550322937,504.61257103473315,501.96712630865784,499.74295473452844,497.6842020968054,495.92806239120506,494.35102559254597,495.90564430369216,497.1118714520498,498.4924045668587,499.915689964231,501.08292283998594,502.1845684134971,503.074262756913,504.1855860228867,505.25620749999206,506.47822611238246,507.5430577289024,508.44610371307215,509.3219865725161,509.985282222707,510.5415937026732,510.9701697740208,511.4093246934053,511.7662133401714,512.0846244521696,512.0913652164548,512.1182617905337,511.9737502765378,511.6959170131186,511.3750314808382,511.14541330334913,510.7670319576108,510.2498436317238,509.7064903829445,509.0326190933239,508.33879843660867,507.40563688042204,506.63606760975813,505.62565845134753,504.77519999084706,503.72724979798573,502.47847489580136,501.1594677253509,499.9464852042287,498.61925234940355,497.18327555545153,495.8101116000552,494.42566520065554,492.9176423993179,491.41507040799695,489.7776550877484,488.1337447689353,486.40582781872433,484.7969157836532,482.90594536680845,481.01871125681646
Haiti,HT,HTI,Cement production,kt cement,0.0,0.0,0.0,0.0,29.410226,44.11534,29.410226,36.762783,36.762783,51.467896,44.11534,58.820453,51.467896,58.820453,44.11534,36.762783,36.762783,44.11534,51.467896,58.820453,73.525566,80.878123,110.288349,139.698575,154.403688,242.634368,242.634368,249.986924,235.281811,242.634368,235.281811,213.224141,213.224141,220.576698,264.692037,249.986924,249.986924,249.986924,220.576698,200.0,250.0,200.0,100.0,0.0,0.0,0.0,0.0,0.0,0.0,0.0,204.0,290.0,290.3,300.0,300.0,290.0,290.0,300.0,300.0,300.0,50.0,75.0,100.0,200.0,200.0,200.0,300.0,300.0,300.0,300.0,300.0,300.0,300.0,300.0,300.828091053313,303.69543302568655,306.5695359536145,309.6324013236635,312.93450547751405,319.29310527701165,335.5261970619969,351.857525113332,368.2945976749226,384.8516653155173,401.56292864189595,421.2535600588376,440.886821570322,460.48495263445284,480.0667123239711,499.66266745586654,526.8965915012685,554.093734461819,581.2858527011463,608.4974491400847,635.7435217151917,672.7356639631618,709.7474064292707,746.7797213620927,783.8440474073411,820.9871142206193,875.4443686834287,930.000571837306,984.6225621237404,1039.2771827189079,1093.938238138357,1163.7367654837312,1233.427650144816,1302.9764086263024,1372.8757120404703,1443.1233035681455,1531.948113341317,1621.2858667278645,1711.1228644802864,1801.4468774009422,1892.2528167553467,2001.6232897146497,2111.6378055121295,2222.29070129613,2333.5749333300287,2445.474594785666,2578.4309502591777,2710.5106959720715,2836.8132013158347,2957.2479824921143,3071.794103822631,3197.568571666119,3315.6475759686655,3426.2448530868796,3529.6138647719304,3626.089275509421,3728.6070703778555,3823.0555032083867,3910.2033191266696,3992.939515386127,4071.3703171415596,4155.567065761817,4234.8532903337455,4309.558903876698,4379.847254284372,4445.92734457087,4515.627057605184,4580.800285608976,4641.666436305867,4698.511625239928,4751.553419324586,4806.430803968533,4857.266169669365,4904.297336991814,4947.807437642105,4988.125014676937
Honduras,HN,HND,Cement production,kt cement,0.0,0.0,0.0,0.0,0.0,0.0,0.0,0.0,7.352557,36.762783,44.11534,58.820453,58.820453,73.525566,95.583236,102.935792,110.288349,132.346019,132.346019,154.403688,161.756245,191.166471,235.281811,213.224141,294.102264,257.339481,249.986924,272.044594,227.929254,448.505952,308.807377,279.397151,485.268735,536.736631,345.57016,360.275273,448.505952,558.794301,647.02498,652.0,693.0,650.0,723.0,615.0,721.0,952.0,1041.0,896.0,980.0,1284.0,1321.0,1224.0,1268.0,1392.0,1384.0,1668.0,1776.0,1784.0,1800.0,1600.0,1620.0,1730.0,1700.0,1700.0,1700.0,1840.0,2140.0,1960.0,1800.0,1490.0,1650.0,1700.0,1700.0,1700.0,1750.7286708941556,1808.0258724532293,1869.04093021106,1933.1541086325349,2000.7974157553413,2068.620048543276,2151.82579504748,2235.543204536441,2319.830048102394,2404.7544730093105,2489.087589845537,2576.07299659924,2659.5741707858588,2739.899296015129,2817.3446428998877,2892.18799815608,2986.0509593405263,3075.2467384094484,3160.265601347345,3241.5334410557016,3319.4102137411546,3413.364279799224,3502.013580040466,3585.8383114035882,3665.532191523686,3743.2326664753873,3858.01055225783,3968.4411824381336,4074.7808599467267,4177.27449124692,4276.09237581821,4386.7420030008625,4492.549736217005,4593.798394441816,4690.8229557210625,4783.809581605505,4885.831970693117,4982.854175852127,5075.146427792251,5163.071752355145,5246.864611594412,5336.094721650114,5421.062622641221,5502.471220806179,5580.507546598015,5655.348897853769,5733.753310627393,5808.661703615535,5880.20672938896,5948.531131381676,6013.791480812994,6080.119939116709,6143.258157087188,6203.4770676785865,6260.769408515089,6315.340791006985,6369.831999660696,6421.681355237819,6470.900250771091,6517.672844821231,6562.050183359699,6605.994438061922,6647.583473324781,6686.938416591998,6724.147796930603,6759.276059653737,6793.745327685835,6826.152086637035,6856.617879717203,6885.10691047264,6911.881494844707,6937.995731638541,6962.422681139444,6985.111339486502,7005.919061926375,7024.916175640955
Hungary,HU,HUN,Cement production,kt cement,948.479801,1058.76815,1058.646059,948.581986,1176.409055,992.485498,992.59514,1301.402517,1433.623197,1573.574289,1602.737336,1735.077517,1801.493742,2257.102237,2382.228337,2602.805035,2654.107494,2801.492048,2566.042252,2771.913836,2713.093384,2970.275989,3404.233704,3433.64393,3757.15642,4301.442741,4617.202051,4764.456674,4860.039909,4661.520881,4632.110655,4367.234268,4242.425155,4146.674553,3676.434868,3845.218309,4154.014071,3874.978883,3860.092212,3930.0,2529.0,2236.0,2533.0,2813.0,2875.0,2747.0,2811.0,2999.0,2979.0,3326.0,3452.0,3510.0,3573.0,3580.0,3371.0,3724.153,3551.746,3544.0,2807.0,2136.0,1694.0,1870.0,1350.0,1530.0,1570.0,1283.0,1663.0,1670.0,2500.0,2300.0,2500.0,2400.0,2400.0,2400.0,2458.4671781635034,2522.957439769057,2584.1762749916784,2648.6295838658148,2712.037625406632,2759.4980116075963,2796.87835339398,2832.724950800806,2867.2017124278805,2900.786140485945,2934.029116205259,2950.118634993142,2965.9533828255967,2981.637245501273,2997.609894292437,3013.516462741669,3025.702286561788,3038.1843492000344,3050.8007863143425,3064.0011395841634,3077.296317822543,3088.40565667225,3099.5024125018303,3111.372266894459,3123.9314462777347,3137.2989639785924,3142.228449111678,3146.8913532879724,3151.326539057831,3155.4898461815487,3159.243703423442,3161.69969878408,3163.737651099421,3165.5742895644307,3167.129596904232,3168.0967457654297,3167.7605256059537,3167.1534761053454,3166.2391578303486,3165.1070785285956,3163.5745910167184,3160.72854082662,3157.9978454609163,3155.2561099443806,3152.476113776557,3149.8096830353447,3146.0168733407045,3142.430749112471,3139.087238600869,3136.0162968225663,3133.1597599752176,3129.6310204040815,3126.367160053966,3123.408636761357,3120.697402728187,3118.043803924175,3114.666082790991,3111.4860776829755,3108.4370058383975,3105.6146386294813,3102.934515990294,3099.155664935075,3095.418416622886,3091.9037340060377,3088.551602311342,3085.1209606768252,3081.025567211718,3076.9568603504495,3072.985024485153,3068.8521477226623,3064.7565955829546,3059.8452905487784,3054.9628429289573,3050.111191193857,3045.067305330654,3039.8494480158715
Iceland,IS,ISL,Cement production,kt cement,0.0,0.0,0.0,0.0,0.0,0.0,0.0,29.410226,80.878123,73.304103,73.525566,95.583236,95.852484,110.598148,110.288349,117.640906,117.940246,102.699701,95.583236,87.998493,117.640906,132.020043,132.069722,154.403688,161.756245,147.051132,139.698575,132.346019,124.993462,124.993462,124.993462,124.993462,117.362795,117.640906,117.640906,110.062348,132.346019,132.346019,117.414673,114.0,106.0,100.0,86.0,81.0,82.0,88.0,101.0,118.0,131.0,144.0,125.0,83.0,89.798,100.287,132.438,141.433,140.0,138.0,138.0,140.0,142.0,146.0,0.0,0.0,0.0,0.0,0.0,0.0,0.0,0.0,0.0,0.0,0.0,0.0,121.34208947834112,122.93881992106752,124.56250836759543,126.27791560611912,128.02372536112063,129.71325694186618,131.3055361507835,132.84531422925332,134.32182827486523,135.75471526468604,137.1358614892482,137.85101403811782,138.5152550706479,139.12877920361063,139.69772905699125,140.22699059585702,140.6129423067993,140.95466470180844,141.27786301400275,141.59386865408916,141.85991051900893,141.97543089178032,142.0812194212587,142.17330162072287,142.2564467102418,142.34073301073937,143.07661979228573,143.8103198364545,144.48441484741363,145.1423716205399,145.7791213323411,146.32030719638647,146.8326231542722,147.30974650642122,147.77032942742719,148.20386484620133,148.56732833072215,148.9339784368046,149.23790479322403,149.5403645840102,149.83520575373092,150.04190456093644,150.24071834488132,150.39952340664115,150.5699241325347,150.70826357032166,150.76055073953796,150.78911268669012,150.76977705761476,150.77161667080594,150.74501425169652,150.62881999450113,150.47821778488944,150.26056515522413,150.0533029463937,149.8124965205026,149.49716567587456,149.17458783954967,148.866282423984,148.52271331422142,148.17616911628937,147.76715701428603,147.35630527861665,146.91995391732772,146.47342954793723,146.07178750421497,145.63380904076502,145.16880418088462,144.69490449055505,144.25639550174324,143.83097828518143,143.38229875057073,142.93132216515218,142.49717307010468,142.06662787977697,141.63976488116225
India,IN,IND,Cement production,kt cement,3249.830015,3595.220934,3838.034543,4470.35441,4558.585089,5007.091041,5690.878805,6183.281675,6933.692378,7845.177887,8242.447726,8587.566607,9352.451989,9690.905484,10580.562708,11050.892562,11690.564986,11940.55191,13256.914428,13543.409248,14896.014329,15756.794013,15006.56801,14286.017464,16234.681013,18697.551421,19057.826694,19557.800543,18263.750582,17697.603724,20756.267268,22498.823181,25351.61514,29027.61918,33027.400375,36395.155145,36975.729542,40696.400754,45997.302747,49000.0,51000.0,50000.0,53812.0,57000.0,62000.0,75000.0,80000.0,85000.0,90000.0,95000.0,105000.0,115000.0,123000.0,130000.0,142086.0,158788.0,170330.0,182690.0,201810.0,213190.0,224050.0,241920.0,254757.0,271324.0,275154.0,289294.0,284950.0,327740.0,338923.0,289957.0,351590.0,387680.125,418129.875,438727.5,459365.0296779631,478551.60417691385,497628.9441953226,516633.9026265221,535576.446009302,554011.9766036539,571660.0448010202,589315.6056501761,606971.5842117121,624618.3133509352,642294.6293882165,644503.0540531477,646850.7595096069,649317.4614823448,651905.202734776,654605.1599206204,656707.1694686174,658981.1861938628,661404.7849292769,663956.6957372926,666621.7636809471,668837.115570455,671221.3008565744,673732.3431775615,676324.0386517661,678985.1904372489,685685.8203320089,692065.0823732828,698134.1120792493,703910.9386026473,709379.314438542,714852.0440619998,720029.6359668633,724936.7437068258,729563.8265509469,733922.868079724,738168.9146227479,742126.9181393493,745824.9500549368,749266.757031598,752449.7298396529,755373.9362146173,758067.8345982594,760502.2469142453,762683.3086383732,764603.7795798664,766250.5565408141,767658.6271921347,768816.6689104768,769754.7989957411,770466.9919510784,770871.398233205,771080.8626011811,771095.057765173,770920.2032921404,770559.8353533761,769944.3421716192,769169.0639202035,768249.7377332982,767175.9056550957,765970.4134334291,764548.8905615199,763007.5778870858,761373.4640359846,759620.0716592696,757759.459958027,755741.1925674981,753641.490161305,751480.232011944,749221.2456341343,746895.4759660854,744466.1152812269,741990.7817663606,739462.9454848635,736870.4229136487,734246.8123350652
Indonesia,ID,IDN,Cement production,kt cement,102.935792,139.658351,147.092334,147.051132,147.051132,147.051132,249.946063,301.504565,345.57016,389.61875,448.505952,507.326405,330.865047,441.153396,367.62783,338.217603,352.922717,411.743169,536.795581,551.441745,485.268735,595.557084,727.903103,830.838895,1073.473263,1801.483241,2654.272931,3690.983411,4698.102501,5823.224823,6889.34553,7499.607727,8183.681413,8859.830697,10080.355092,10940.604213,11845.320753,12242.006731,14094.850993,13800.0,16153.0,17280.0,18934.0,21907.0,23129.0,24646.0,27505.0,22341.0,23925.0,27789.0,31300.0,34640.0,35500.0,33230.143,33917.0,35000.0,36000.0,38530.0,36910.0,39480.0,45238.0,52350.0,56690.0,56760.0,59850.0,62000.0,69279.0,75213.0,71900.0,62700.0,65000.0,64000.0,67000.0,65000.0,67314.8537913256,70254.07618151179,73184.14406917365,76109.33523142937,79007.5393728593,81497.24283296562,83868.26535506676,86170.57534954925,88407.76512222982,90593.74483289376,92746.31711991131,94293.8929884678,95807.02200835619,97284.02519192765,98732.32728679854,100157.71065231731,101520.54254281192,102863.8535894578,104189.82142854399,105505.2411039412,106811.99609723275,108048.47953346265,109279.83338494423,110507.32277154273,111735.33033866629,112962.26615342636,114119.7010578007,115228.3769263512,116290.45219997344,117308.04340366095,118281.45315040834,119221.34519720996,120119.94939989573,120976.5296659938,121794.57020212812,122573.61377170094,123310.98350849266,124019.294692324,124700.73680425524,125356.66384532712,125986.7753103668,126580.1122041554,127148.84060650774,127693.3194623677,128214.56262525318,128712.86736794094,129174.79913530972,129615.25860045194,130033.35283297164,130428.52544235735,130802.9053933073,131129.37084198883,131437.48721329257,131722.3640349332,131987.09595181543,132230.86245077796,132432.14786515702,132614.53950503844,132777.0868902096,132920.54515101618,133046.2934537103,133128.10597066942,133192.6297887286,133240.1934348975,133273.0073878106,133290.24115281276,133264.367494822,133224.34276636847,133169.4154587563,133101.14328868059,133021.23154585253,132905.09461926817,132776.39817156264,132636.44076173898,132487.2952168297,132327.8077407085
Iran (Islamic Republic of),IR,IRN,Cement production,kt cement,66.173009,51.467896,66.236393,65.941635,132.346019,220.576698,316.106806,411.743169,580.851971,793.998246,742.682745,742.608216,742.542353,742.608216,786.777217,1397.065599,1396.985753,1941.074941,2345.465554,2573.394808,2852.791959,3374.706859,3492.464383,4521.822306,5367.366314,6102.621974,7256.811069,11999.372363,7541.452055,7849.041096,9007.723288,10058.046575,10797.019178,11624.109589,12258.39726,12425.29589,12623.89863,12279.542466,12757.69589,14689.668493,15135.789041,15143.671233,16073.156164,16739.736986,17381.534247,17753.356164,19113.616438,20019.813699,21757.284932,23586.673973,26184.408219,28134.183562,29557.383562,31795.230137,32557.969863,34862.109589,39191.205479,43651.315068,49379.0,60137.0,65158.0,69210.536,71297.514,67258.4037,59841.798529,56580.425709,54142.639882,54661.918829,59819.800589,68344.3,64493.0,58900.0,71000.0,72000.0,70853.57544866002,71103.6136391417,71361.49297930095,71647.67652303926,71933.79921128433,72229.02221326715,72479.82097609891,72715.20042852976,72931.60449150455,73138.22131152912,73337.07125491592,73153.3336845254,72959.9609796248,72767.62918939584,72571.50434991265,72363.91957761253,72119.33246439182,71879.76593765394,71638.89862284565,71400.89049938486,71157.89370501389,70865.2916404831,70572.90293543733,70269.18139373213,69960.55212498958,69637.67537396835,69591.2370674617,69521.00005243428,69428.40446258866,69311.37776559031,69168.28737025204,68987.35993189403,68781.85761665687,68553.80287856134,68304.36761144621,68026.82688715146,67721.6459872272,67395.46909058656,67050.0078072119,66687.8863427638,66307.46693681678,65915.50287509155,65511.76109275414,65097.69580304298,64669.13582060614,64230.59725815973,63787.786673478266,63338.7704961987,62884.614997299315,62423.706353578316,61962.97696349039,61502.18217520228,61042.383168298766,60583.26532380776,60127.18929519445,59675.50915322382,59228.30718247697,58787.594918641735,58354.57448980411,57929.068041770304,57509.76243518665,57097.11142494687,56691.070758234724,56293.91095284332,55903.760431793744,55519.347255253844,55139.87499634953,54764.122568503204,54392.901461801084,54023.26181805422,53655.53891281583,53285.78645746582,52914.671102929264,52542.915302637724,52172.133674612734,51796.13934296967
Iraq,IQ,IRQ,Cement production,kt cement,73.525566,102.935792,176.205987,198.28071,316.442724,492.621292,602.909641,669.08265,661.730094,617.614754,933.774688,889.659348,941.127244,1095.530933,1286.941745,1345.517857,1396.985753,1397.245609,1382.28064,1360.22297,1852.373579,1904.075891,1816.081479,1816.081479,2382.228337,2727.798497,3168.951892,4603.099311,5102.674277,5499.2697,5602.008627,5595.295569,5595.295569,7984.876462,7984.876462,7984.876462,9976.72748,10521.508488,12520.77709,10000.0,5000.0,2000.0,2000.0,2000.0,2108.0,1600.0,1700.0,2000.0,5000.0,6000.0,6000.0,6834.0,1901.0,2500.0,3000.0,3500.0,4500.0,6453.0,7000.0,8000.0,10000.0,10000.0,12000.0,9000.0,10000.0,13000.0,14000.0,24000.0,27000.0,28000.0,29000.0,32400.0,32400.0,32400.0,32355.40213761955,32954.98573984431,33579.50123159013,34213.3955175835,34869.75022238797,35595.976980488136,36281.17309015382,36973.89882742609,37695.12271944525,38411.60972742515,39131.8978503622,39550.48010434378,39997.314995905035,40426.15373709855,40860.65598615838,41317.284732213826,41707.82048445942,42090.67342334474,42475.471781215405,42850.92673999215,43226.6382620317,43552.60009920198,43875.29052598949,44214.762048932265,44551.07755106623,44897.46087850864,45397.20308117899,45905.00908430699,46388.40233466529,46889.42255230883,47378.824521345494,47854.71677318423,48332.08588538551,48794.90088012147,49246.8916080972,49692.19735702011,50159.33487082156,50599.17309831718,51027.59612406501,51470.23366374358,51899.77846915788,52315.892147328304,52744.042115370794,53127.40374799016,53500.97983510858,53874.509882877086,54235.43431041846,54587.321803974424,54940.2065709707,55297.64165161222,55616.982187231464,55897.540478955394,56185.41026038317,56454.830405342815,56743.58070667657,57035.75980748787,57300.04166067368,57564.02839888406,57817.04063303,58055.7997182054,58274.71615229632,58510.82146897438,58741.69932967078,58932.21471973734,59118.74207880493,59308.99336156297,59463.71774050858,59626.133410853654,59799.038065600944,59956.26796857684,60084.80036516275,60206.569925488504,60326.80323660272,60432.3631494639,60524.31547539779,60618.43693341174
Ireland,IE,IRL,Cement production,kt cement,426.448283,463.211065,470.563622,595.797131,669.08265,713.437238,522.031518,522.031518,624.967311,742.364738,595.557084,757.313329,801.428669,970.537471,1051.415593,1109.966702,1294.049961,1353.148839,1271.992291,860.249122,1499.921545,1470.511319,1573.447111,1536.684328,1558.741998,1566.094555,1580.799668,1808.728922,2066.345059,1867.288581,1941.074941,1580.799668,1485.216432,1374.928083,1455.806206,1396.985753,1448.453649,1683.942384,1624.915008,1630.0,1600.0,1600.0,1450.0,1623.0,1730.0,1933.0,2100.0,2000.0,2466.0,2620.0,3450.0,3320.0,3830.0,5000.0,5083.0,4981.0,4700.0,4493.0,2797.0,2379.0,2103.0,1198.0,2000.0,2200.0,2980.0,3300.0,3300.0,4000.0,3700.0,3400.0,3500.0,3600.0,3600.0,3600.0,3614.2864277135627,3631.7621528652326,3647.716877569184,3663.9229421794403,3680.0662851624365,3690.648953894837,3698.6884452423164,3706.7954045889305,3714.5718242154685,3721.2834365238064,3727.4581465131446,3714.5821068994524,3702.3117039204762,3690.657203901382,3678.907910753756,3666.377168659794,3652.909151749707,3639.2667166190763,3624.334005942247,3609.1334793553324,3594.220871172466,3578.0316306515874,3560.761344800377,3543.9211151979034,3527.4367464770194,3510.0588650369273,3510.1499565813897,3508.867271623798,3507.2883615763417,3504.4184221503706,3501.2432176254492,3496.0426289568763,3491.826004239078,3484.9473696801415,3477.036461018272,3467.40486734367,3457.7400982506947,3448.4955073291635,3439.52676802308,3430.0309561052104,3419.430655194671,3408.8931873895126,3398.0364992273708,3387.1679786295167,3376.045588689807,3364.7038941490905,3353.222455971032,3342.011707506248,3330.7279964693876,3319.4219998867325,3308.05554920894,3297.542171910211,3287.089373261354,3276.977691560249,3267.1639331176116,3257.4081342101986,3249.3900461687813,3242.0272608627024,3233.8145193200226,3225.0340249626583,3216.1324060111865,3207.1291487198123,3198.3023325504537,3188.7060345320206,3178.3850968488427,3167.5899912252253,3156.100726000092,3144.6077702877838,3132.929404868161,3120.938935140348,3108.7830139362354,3096.3801459906563,3082.8557746669603,3069.049280344149,3054.8610454759723,3040.374593868973
Israel,IL,ISR,Cement production,kt cement,441.153396,448.505952,463.211065,566.146858,661.730094,610.262197,720.550546,713.19799,779.370999,808.781225,845.544008,955.832357,1021.549114,1095.092018,1257.287178,1169.371863,801.428669,1102.590714,1308.431285,1382.586454,1404.33831,1544.036885,1257.525979,1794.362177,2190.653009,1999.895394,1963.132611,1992.542837,1919.35212,1838.139149,2058.715847,2191.395563,2058.400528,2066.387536,2021.654972,2058.715847,2227.824648,2323.124403,2286.645101,2870.0,3550.0,3960.0,4536.0,4800.0,6204.0,5600.0,5400.0,6476.0,6354.0,5703.0,4700.0,4584.0,4632.0,4494.0,5092.839,5088.88,5000.0,4819.0,4759.0,5139.0,5480.0,5892.0,6398.0,6603.0,6904.0,7150.0,6361.0,5858.0,5000.0,5250.0,5700.0,6065.0,6065.0,6065.0,6018.405386037948,6089.237704266233,6165.99911851151,6245.384240452208,6329.977318465471,6419.062532834574,6514.079608725188,6609.7580793709,6702.0554227060775,6794.631109003648,6888.008644283,6943.923008737171,6996.91653842414,7054.439962491817,7112.946397309237,7172.344296218481,7225.383764596459,7280.302741669509,7337.614499224736,7395.272527711706,7454.29787691441,7505.54907035071,7558.858386050604,7609.866759018501,7661.458235735862,7715.7626677130165,7803.036554134582,7889.2492440453125,7976.224108515114,8063.726896548217,8153.984259990241,8241.467633115912,8326.147918616933,8410.332748141172,8493.158615180235,8574.789625574898,8659.198485192104,8739.459707578773,8818.695733457933,8901.157378358024,8977.813392844128,9057.408640592264,9134.304800746933,9213.005308711869,9291.44188102263,9372.472399307995,9453.203847260187,9531.320040385446,9602.086304229486,9676.13916133001,9752.061684739603,9829.626061953923,9906.443232855712,9988.77436894459,10070.217224361839,10150.028747891682,10232.284073446588,10309.58711462922,10384.622366912497,10460.796208845444,10538.904635294657,10613.689576544244,10686.942286356447,10756.715853870863,10823.955429385302,10887.454976106084,10954.70474893737,11022.049471027261,11088.556282453927,11154.623474218413,11215.62794429567,11274.570752218528,11333.496882990774,11387.369609564357,11440.243529245156,11495.625521979424
Italy,IT,ITA,Cement production,kt cement,5580.590456,6654.063719,7830.472774,8756.401113,10661.207063,11337.64227,11947.904467,12823.394752,14403.65837,16013.868264,18028.468771,20168.06274,22086.588499,22837.516724,20690.094258,22417.945058,26255.568902,29461.694276,31343.948765,33071.799565,31799.807274,33461.485064,36306.548716,36306.924466,34233.503507,36328.982136,38204.277399,38233.294294,39284.709887,41769.874016,41549.297319,39726.257342,39211.184321,37777.435785,36674.552296,35938.937006,37255.760345,37880.727955,39380.293123,40000.0,40806.0,41347.0,33771.0,32713.0,33715.0,33327.0,33721.0,35512.0,37299.0,38925.0,39804.0,41722.0,43580.0,45343.0,40284.0,47814.0,47541.637,43030.0,36317.0,34408.0,33120.0,26240.0,23100.0,21500.0,20800.0,19300.0,19300.0,18644.0,19482.0,19818.0,21445.0,21382.0,21382.0,21382.0,21290.09136784017,21223.492160299716,21149.97941542278,21093.233111876227,21045.61973721374,21003.271280322268,20976.064247614297,20948.50421256433,20922.666302732847,20895.94493294051,20867.498381901485,20743.18917882147,20620.0663101694,20495.645803713694,20371.28855601882,20245.479642900114,20115.335594296663,19985.293277459754,19853.377235325494,19719.480553818277,19588.50989394942,19452.80335472105,19317.343922613683,19180.062876298947,19043.747547184917,18907.00352948339,18864.318206772543,18818.42659174908,18768.24125264009,18711.483052747557,18650.90227055667,18581.69098890936,18506.609410271554,18429.071529332527,18347.14886521718,18262.490872697115,18173.375251643334,18081.960696103848,17989.256497762824,17898.489463396087,17807.562846352008,17713.380785171164,17621.81165305495,17532.759692576383,17443.275966542693,17355.154987518003,17266.297353730628,17181.47015735979,17097.908703280023,17017.958750669564,16939.492552132648,16864.75803567907,16793.21767118603,16723.821822217167,16655.048390646738,16586.98919480161,16519.65391249694,16453.376620954736,16387.404870608567,16323.465951792841,16258.430584113294,16192.297188773566,16127.909773903473,16061.784015251165,15995.925574723942,15928.409533473612,15859.292090160276,15791.026732714407,15720.285366301972,15652.064153174526,15582.763371901683,15508.849997590627,15434.600898586184,15359.332021241566,15285.992919600782,15210.41176009045
Jamaica,JM,JAM,Cement production,kt cement,0.0,73.525566,102.935792,95.583236,110.288349,132.346019,147.051132,175.985721,198.519028,213.224141,213.224141,198.519028,198.519028,279.145441,308.4294,352.555471,338.217603,411.743169,411.390045,441.477535,426.448283,419.095726,404.390613,404.195632,404.390613,367.442813,330.865047,294.102264,227.831389,147.051132,161.756245,213.224141,279.397151,264.692037,242.634368,242.634368,308.807377,367.62783,433.800839,442.0,384.0,475.0,451.0,445.0,523.462,555.125,588.288,557.991,501.148,521.344,596.247,613.981,607.682,808.07,844.843,760.815,773.019,724.528,736.56,723.489,766.274,760.296,824.893,830.061,807.817,911.325,845.932,787.411,758.829,940.005,979.297,957.204,962.55,870.649,875.0618692144803,877.1743188807898,878.851652628722,880.7197438524199,882.9053932585135,885.6540116997088,886.5087617504844,887.5382344921372,888.583759309236,889.7162733701894,890.8851537015519,886.0016344662749,881.2330348208138,876.5530267085724,872.0499170598481,867.5897063078108,863.6986791811897,859.7915537024933,855.7987656364339,851.7050979165804,847.512651303192,843.8530863443541,840.0223967376734,836.049003674439,832.0499111012288,827.975699281748,829.5438264206607,830.5026821230376,830.8345279528291,830.5031908209323,829.5236042077628,828.9113392815862,827.6493366243578,825.899093359259,823.4793647850862,820.5169217488179,817.6826373811406,814.3163615290404,810.3308981583627,805.8671921747932,800.8245603976573,795.5762791564848,790.0121257539602,783.9185063960566,777.3112904187012,770.2955130341809,762.9770840026449,755.191914228426,746.921956090496,738.3250837683614,729.3177136941956,720.2419799684319,710.909307270843,701.2828932948848,691.5616316688157,681.5844562177955,671.506982595252,661.4424323054234,651.3245759915947,641.2991845503728,631.1508150620624,620.9998133782518,610.960505128086,601.017354841304,591.1696545085541,581.4156153942796,571.8534399330728,562.414834427834,553.1612166391843,544.0847706778598,535.2012986234862,526.5298176945366,518.0216456441412,509.63808965769016,501.4101197869256,493.32705774998453
Japan,JP,JPN,Cement production,kt cement,6551.127926,7117.074861,8764.247461,10675.912176,10565.623827,13021.37773,15175.381255,14984.510341,17263.802885,22535.585964,24631.383624,28785.25907,29946.963012,32975.879796,32689.466622,38263.038798,42968.019105,47673.666209,51386.729897,57188.185196,59430.441704,66290.650261,78113.874063,73106.470225,65511.555366,68709.641381,73135.593684,84877.568991,87796.878301,87951.28199,84826.780052,80686.956074,80885.475102,78855.861903,72841.778187,71260.978519,71547.728226,77547.414408,79718.0,84446.0,89564.0,88252.0,88047.0,91625.0,90473.0,94493.0,91937.0,81328.0,80120.0,80995.0,76548.0,71829.0,68765.0,67377.0,69629.0,69944.0,67685.0,62809.0,54802.0,51526.0,51293.0,54740.0,57962.406,57912.568,54826.884,53255.453,55195.379,55307.402,53461.683,50905.385,50083.322,48532.572,44474.838,42028.484,41883.66354018986,41707.45074757595,41505.086137389,41306.40432909255,41097.686273107865,40913.65919352013,40727.43051153347,40542.388938534146,40359.54130682165,40181.33853134188,40006.173301001516,40026.27182401317,40052.03258312862,40084.72459790904,40123.77580203771,40167.23598293696,40211.53332228191,40260.68335988664,40311.8469498963,40366.76986101565,40427.23629147281,40491.85647449721,40559.585187630044,40636.77287716343,40719.92549738844,40810.98320117633,40737.04994827288,40659.2556028258,40575.37894141618,40488.05173933911,40392.32842016051,40283.87846503503,40168.34735799264,40048.34733236497,39923.37075849603,39790.50861824101,39644.26425839415,39494.282958765405,39340.699043854576,39184.025222920005,39024.38782064732,38849.645953448344,38675.10048823254,38501.31599670269,38326.23521887872,38153.79439368046,37974.49507384176,37802.23395556609,37634.4497648321,37471.16065105803,37315.97689899802,37164.7802012719,37020.317363351365,36881.56746229074,36749.65752116261,36623.9313059218,36501.95735415123,36385.815190013935,36272.80687738315,36163.84065826734,36056.447904611094,35948.96588464854,35843.63583048814,35740.66148659795,35638.81376895241,35536.74494034617,35429.9660429189,35323.17716864624,35214.42668167925,35105.84278708569,34997.58830245894,34880.4223914304,34761.656873040134,34643.9104638174,34524.7406941257,34403.33152339606
Jordan,JO,JOR,Cement production,kt cement,0.0,0.0,0.0,66.173009,88.230679,80.878123,110.288349,110.288349,110.288349,161.756245,220.576698,235.281811,286.749707,308.807377,301.45482,374.980386,323.51249,477.916179,477.916179,374.980386,419.095726,661.730094,617.614754,595.557084,573.499414,536.736631,566.146858,566.146858,624.967311,911.717018,963.184914,794.076112,1271.992291,1985.190281,2021.953064,1794.023809,2264.587431,1830.786592,1926.369828,1820.0,1363.0,3134.0,3514.0,4000.0,3508.0,3512.0,3251.0,2650.0,2687.0,2640.0,3173.0,3558.0,3514.9,3907.6,4045.9,3967.4,4255.0,4375.0,3876.0,3929.0,2816.0,4060.0,4200.0,4400.0,4500.0,4530.0,4680.0,4940.0,3470.0,3320.0,3720.0,4290.0,4290.0,4290.0,4259.163757267233,4282.049627644319,4385.789292465739,4485.482435065589,4590.349602803675,4695.695520004085,4813.800995973835,4932.563873387109,5047.1895043150535,5160.4169441009835,5272.371833874721,5368.797048843125,5462.724695284086,5557.503477616799,5651.558290733567,5742.811767617402,5846.460466750538,5943.609521688826,6036.306805699182,6127.906460989044,6218.889223515723,6317.356542238459,6408.951119029324,6497.269777999521,6585.434517914747,6668.675550490477,6788.581133655935,6899.4830268275655,7012.103583577227,7115.39653842205,7216.6340112229245,7327.964914014938,7433.5382032796315,7541.838423777221,7647.252886295437,7751.052892641837,7857.365015826029,7962.979158004558,8069.401544640026,8168.86574097764,8263.226053579881,8364.598704977509,8464.566745258615,8556.082524713242,8654.693086480926,8740.308509059822,8833.151327778762,8921.749877594379,9006.879758837884,9089.559985464468,9167.122201916774,9249.231989739244,9324.934424446876,9398.682112178882,9469.274893347963,9540.742822493434,9610.175536552897,9683.27753225412,9750.923528411735,9807.109062230084,9865.186629010448,9927.847181617975,9983.426989052672,10040.948320873484,10097.434085723027,10158.147267842805,10211.898942713782,10273.488240963528,10318.971826967057,10363.39221226755,10400.14739295148,10447.66917957212,10483.883621300829,10521.65822741646,10560.202394164093,10592.17613346292
Kazakhstan,KZ,KAZ,Cement production,kt cement,785.754928,895.068735,1014.483716,1208.610516,1432.766387,1586.201119,1846.205535,2130.881793,2484.600238,2919.893487,3266.595619,3686.549532,3929.086301,4186.944172,4673.813823,5171.449938,5486.641197,5672.524662,5828.331516,6189.997727,6550.898629,6842.075731,7216.61117,7624.026729,8119.024141,8201.606422,8323.409625,8252.617531,7934.839971,8002.647839,8135.620131,7910.172708,8193.522327,8317.845989,8352.355652,8613.410994,8738.956315,8851.697545,8890.275261,8652.723673,8148.489505,6400.0,4000.0,2000.0,2616.0,1120.0,661.0,600.0,838.0,1175.0,2029.0,2129.0,2569.7,3662.0,3974.8,4880.2,5698.6,5837.0,5694.0,6686.0,7642.0,7050.0,7072.0,8140.0,8729.0,9204.0,9398.0,9913.0,10268.0,10962.0,12313.0,12088.0,12088.0,12088.0,12245.407261656634,12406.31356714433,12541.172613444234,12678.417241814283,12816.671453757806,12956.387024185005,13081.76249393386,13210.040713752333,13344.103292980608,13478.184324699556,13613.885937992973,13704.081579607286,13796.947675344962,13889.387080453991,13984.528175761467,14081.305919512373,14179.484715011315,14276.072292456143,14374.532359571624,14475.524379774703,14576.878307716423,14675.850072858506,14774.61153305214,14877.464623032129,14979.667796428488,15078.438440590251,15200.242362503497,15320.540297998003,15440.073674949303,15558.58093480638,15670.536835433044,15782.95006327371,15892.625426267527,15992.747251883817,16092.23350683154,16191.445616825362,16287.25536606606,16382.125593195713,16474.585308556303,16566.498710933123,16656.78889145491,16747.662269812994,16834.197590589298,16918.47160436539,17003.566600621067,17092.990440153782,17178.90903198606,17263.887517657877,17346.915087922276,17428.75986925375,17514.29819921617,17597.739393740598,17680.670441583443,17763.151104069173,17845.94996682765,17921.566124137877,17999.158387949366,18076.56323381338,18147.33198430874,18223.400487773237,18295.25935360445,18365.103319958947,18434.508294926036,18503.356845548416,18565.874131361332,18626.964564770748,18686.262068371732,18744.115331234538,18798.026966952537,18854.779603470386,18909.973287899284,18965.458429162492,19016.54524401012,19061.164371329585,19104.23148103626,19146.557423572925
Kenya,KE,KEN,Cement production,kt cement,22.05767,29.410226,36.762783,73.525566,132.346019,183.813915,205.871585,220.576698,316.685116,352.390405,330.360679,346.053475,345.57016,419.095726,484.548752,485.932578,477.916179,543.382579,640.422333,794.076112,794.076112,801.428669,794.819629,852.896565,897.011905,985.242584,1146.998829,1124.166939,852.276277,1271.240078,1301.402517,1301.402517,1278.339073,1161.703942,845.544008,1308.755074,1322.522892,1242.582065,1213.171838,1510.0,1423.0,1508.0,1417.0,1452.0,1566.0,1816.0,1506.0,1426.0,1440.0,1367.0,1319.0,1463.0,1658.073,1789.102,2123.256,2174.09,2545.661,2829.0,3320.282,3709.806,4478.428,4639.723,5059.129,5860.537,6338.185,6707.23,6230.291,6029.934,5967.187,7406.915,9247.745,9791.433,9616.051,8852.563,8471.304055498633,8747.494499598135,9051.24436491668,9351.875900339699,9664.17050722398,9989.654830219722,10246.062572615901,10505.066290999099,10755.272205654897,10997.953734122251,11233.909458619371,11532.454717227627,11822.023916586504,12103.247953310803,12377.20900814309,12644.038944733715,12857.811295153346,13065.738773435796,13268.261342709906,13466.290480287233,13662.551267247833,13796.838498325793,13934.373562435318,14079.47859432046,14230.744182857596,14386.989168051308,14808.80931850522,15217.344674614415,15613.081561770065,15997.077958839485,16369.877953360841,16779.169797342212,17174.651512597156,17558.4043264661,17930.15360058584,18289.959370419398,18678.28783060156,19052.58669427582,19413.241346774394,19759.841697995536,20093.92718458042,20443.117885370284,20779.245932102822,21103.716215922526,21417.732410011326,21720.772436134623,22037.325730212055,22342.49806117014,22636.564977784255,22918.3055807925,23189.622738734837,23468.73843658098,23737.57968595729,23995.13139776588,24242.171299738115,24479.810549112965,24722.840418539407,24954.678679870613,25176.371945653147,25389.17229803602,25592.78284876435,25799.17371307007,25996.929862339315,26185.7922069641,26366.992163427793,26540.263560786967,26714.58904236105,26879.462612213134,27035.91976890013,27183.31757580938,27323.107809989368,27463.741733073046,27596.676050489506,27719.814369617572,27837.105798535224,27946.008623727976
Kiribati,KI,KIR,Cement production,kt cement,,,,,,,,,,,0.0,0.0,0.0,0.0,0.0,0.0,0.0,0.0,0.0,0.0,0.0,0.0,0.0,0.0,0.0,0.0,0.0,0.0,0.0,0.0,0.0,0.0,0.0,0.0,0.0,0.0,0.0,0.0,0.0,0.0,0.0,0.0,0.0,0.0,0.0,0.0,0.0,0.0,0.0,0.0,0.0,0.0,0.0,0.0,0.0,0.0,0.0,0.0,0.0,0.0,0.0,0.0,0.0,0.0,0.0,0.0,0.0,0.0,0.0,0.0,0.0,0.0,0.0,0.0,34.1331781324583,34.80468861023903,35.27784185540843,35.64088015979481,36.006554781530056,36.492710375033774,37.741805607508326,38.90068747666227,39.978713161107734,40.99003077102259,41.95899864998902,43.256246888809414,44.46198188206358,45.58873008668506,46.635715180861666,47.62243585729194,48.913432369710215,50.09150202348443,51.17242962352234,52.17934228835045,53.105025306735484,54.281303177128784,55.34093930431001,56.323963197039326,57.24303132644321,58.108995027417855,59.743528851412215,61.2662834925996,62.71390882922651,64.06922216160142,65.36646528334617,66.93224872058208,68.39974086680488,69.77420628011716,71.0646152282677,72.28526482378153,73.7006432013158,75.00536001244025,76.20348247742753,77.33269423892011,78.37578730201703,79.55813541365232,80.62813885172828,81.62965961709835,82.5461183843224,83.37957243694298,84.29622900039878,85.1363870439585,85.9002760847489,86.61341480878416,87.28400376083599,87.99369244696896,88.64369736034577,89.22875429666999,89.78990508747515,90.31957092315173,90.865147047425,91.36440027997506,91.83483296505374,92.27673466656123,92.6871489041748,93.10111744160076,93.47893586641261,93.83799641155906,94.16069638073672,94.44813660102568,94.75444279860416,95.0331654441379,95.26244477764985,95.4595877374695,95.63635579361238,95.79006134927793,95.92205009856647,96.03062762921134,96.11936500356114,96.19337876381807
Kuwait,KW,KWT,Cement production,kt cement,0.0,0.0,0.0,0.0,0.0,0.0,0.0,0.0,0.0,0.0,0.0,0.0,0.0,0.0,0.0,0.0,0.0,0.0,0.0,0.0,0.0,0.0,0.0,227.972505,286.749707,330.930734,330.794605,624.967311,1036.49535,1308.755074,1551.389442,1551.120756,1124.941159,1183.761612,1191.263975,1014.65281,1014.65281,889.659348,1110.236046,900.0,98.0,533.0,500.0,1000.0,1950.0,2000.0,2000.0,1345.0,1435.0,1187.0,921.0,1584.0,1863.4,2635.0,2145.0,2200.0,2200.0,2600.0,2000.0,2000.0,2250.0,2400.0,3000.0,2800.0,3100.0,4000.0,3400.0,3400.0,3900.0,3400.0,3500.0,3630.0,3630.0,3630.0,3621.4804846471443,3674.384890328502,3718.4377476588156,3755.432967055819,3789.393048028045,3824.6477360643853,3858.280108578456,3892.4192888213997,3926.9394029903087,3962.2298162509,3997.978594354022,4011.167468623254,4024.523445565821,4038.7225481706846,4053.4413952904065,4068.191316271968,4081.132546448728,4094.8739914730186,4109.146205013043,4124.069922461151,4139.349182102161,4152.496528784154,4166.201089615595,4179.994325267504,4194.286480198683,4208.890839280332,4241.820653097493,4274.75147826406,4307.7365458226495,4340.8346531324205,4374.067431663469,4407.797677712235,4441.779472537553,4476.159735742723,4510.870883036197,4545.942740736053,4582.035934667136,4618.577948441912,4655.566406574953,4692.9799257814675,4730.6828195269345,4769.68369558997,4809.106776102822,4849.005048573298,4889.365862608333,4930.199886326072,4971.57115983237,5013.441914848969,5055.856896446906,5098.664470498314,5141.835160707641,5185.368022135906,5229.311501536805,5273.620563874937,5318.277728850318,5363.268336591032,5408.454300900292,5453.956529360234,5499.753199667287,5545.886902473074,5592.346449110762,5638.904998807132,5685.804322735871,5733.076359854727,5780.698529493392,5828.63479254719,5876.681985324816,5925.061615790971,5973.749663813464,6022.723524837555,6071.940749148685,6121.5890935883335,6171.484473287704,6221.5724004479025,6271.898334813885,6322.690753363556
Kyrgyzstan,KG,KGZ,Cement production,kt cement,135.474988,154.322196,174.910986,208.381123,247.028687,273.482951,318.311299,367.393413,428.379351,503.429912,563.206141,635.611988,677.428673,721.886926,805.829969,891.6293,945.97262,978.021493,1004.884744,1067.240987,1129.465281,1179.66823,1244.243305,1314.487367,1399.831748,1414.070073,1435.070625,1422.865092,1368.075857,1379.766869,1402.693126,1363.822881,1412.676263,1434.111377,1440.061319,1485.070861,1506.716606,1526.154749,1532.806079,1491.848909,1404.911984,1100.0,700.0,400.0,310.0,544.0,658.0,709.0,386.0,500.0,469.0,533.0,757.3,870.1,972.8,1059.9,1229.5,1218.0,579.0,760.0,1022.0,1239.0,1676.0,1730.0,1496.0,1302.0,1505.0,1931.0,1947.0,1874.0,2491.0,2667.0,2667.0,2667.0,2747.246204564075,2819.903669375293,2897.4999784153856,2966.59281647201,3035.657403625076,3102.0024756333187,3172.0603325948096,3241.6352917245144,3309.934098714955,3377.813913436353,3445.176723868298,3504.9168950628145,3563.729646011435,3621.6785293577,3679.206773791373,3736.1467978956075,3795.401764917255,3853.4201753208226,3909.78199601108,3965.314058575624,4019.3038574851535,4075.8678386325323,4130.642082735631,4184.8069965481955,4238.639411249948,4291.710932607996,4355.3583271555435,4417.1222772754245,4476.5838859910855,4534.659286211906,4591.104180337095,4650.342590917186,4708.472071179335,4764.962569582055,4820.074807801626,4872.940587406284,4928.672839859334,4983.294772216033,5036.584850858191,5088.723152251938,5138.595880007282,5190.670972639501,5241.780852285309,5291.182452268482,5339.375476504737,5386.207455711206,5434.016960324055,5480.3092336686095,5525.0789012880305,5567.083325545477,5608.499295034893,5650.89289531769,5690.430575673736,5728.249746387311,5764.763599523416,5799.356948658746,5834.277244129062,5867.576052919158,5899.011480237394,5929.714298608192,5959.3154839447725,5988.788558791393,6016.6325251205,6042.791303294556,6067.566254538599,6090.882371479485,6113.828635211608,6135.478183326729,6155.74028425271,6175.632115637898,6194.634879164716,6212.656478773155,6229.122067609422,6244.167645949193,6256.952917220882,6268.508847978336
Lao People's Democratic Republic,LA,LAO,Cement production,kt cement,,,,,0.0,0.0,0.0,0.0,0.0,0.0,0.0,0.0,0.0,0.0,0.0,0.0,0.0,0.0,0.0,0.0,0.0,0.0,0.0,0.0,0.0,0.0,0.0,0.0,0.0,0.0,0.0,0.0,0.0,0.0,0.0,0.0,0.0,0.0,0.0,,,7.0,7.0,10.0,10.0,78.0,84.0,80.0,80.0,92.0,92.0,240.0,250.0,250.0,250.0,400.0,400.0,400.0,1000.0,1200.0,1300.0,1500.0,2156.0,2201.0,3099.0,3407.0,3938.0,4800.0,5208.0,6162.0,14412.0,12800.0,12800.0,12800.0,12739.417088370192,12808.840979823204,12882.661280706658,12962.093024949318,13041.166428779932,13096.550866667989,13119.866393728567,13150.754702126393,13187.832270972236,13230.038557397567,13275.19902351559,13217.11517129334,13166.861635512636,13122.9037069696,13085.633628139067,13051.720997762695,13001.005272073675,12957.524466627237,12920.327569135541,12887.079213696281,12860.945430965709,12820.355096637406,12786.24184700607,12756.715614075532,12733.315835110858,12712.542803759587,12673.201120431166,12634.151130330109,12594.245230456123,12553.320931922253,12510.935231400234,12455.604401506875,12400.767927761373,12345.538281785142,12289.305982803136,12231.159036624646,12163.571780670947,12095.288779945402,12025.507666725804,11955.334390466669,11884.264714231778,11808.372550875352,11733.126212696303,11655.663824716199,11577.843536774171,11498.21238045342,11414.107304359972,11331.17751777753,11247.051851703056,11161.681997821226,11075.666227545289,10988.284383182421,10901.61036890665,10813.157395937726,10724.696276601137,10635.770338462582,10546.369453011328,10456.631733879898,10366.927045934974,10276.546923491818,10186.604075869005,10094.75374148023,10002.697688712891,9910.776027647156,9818.561149282297,9726.476433540563,9633.41164245943,9540.3893400441,9448.01329400057,9355.755256907643,9263.87384717801,9171.774116052462,9080.023769014646,8988.447268850185,8896.79051418635,8805.296632374559
Latvia,LV,LVA,Cement production,kt cement,48.770996,55.55599,62.967955,75.017204,88.930327,98.453863,114.592068,132.261629,154.216566,181.234768,202.754211,228.820316,243.874322,259.879293,290.098789,320.986548,340.550143,352.087738,361.758508,384.206755,406.607501,424.680563,447.92759,473.215452,503.939429,509.065226,516.625425,512.231433,492.507309,496.716073,504.969525,490.976237,508.563455,516.280096,518.422075,534.62551,542.417978,549.41571,551.810189,537.065607,505.768314,1500.0,1000.0,736.0,649.0,700.0,714.0,788.0,666.0,570.0,529.0,606.0,596.9,753.1,832.1,1065.4,1105.365,1076.0,583.0,834.0,996.0,1015.0,1070.0,903.0,980.0,1010.0,1023.0,1151.0,1223.0,1221.0,1354.0,1463.0,1463.0,1463.0,1441.0882133694831,1418.2198341877966,1400.606835594063,1383.8670893401847,1368.074852498896,1353.9452196764091,1340.725153662747,1328.3590814676788,1316.2750643852337,1304.7838199119433,1294.1555550876153,1280.0902286452222,1266.3395718877,1253.3098358887116,1240.7612870340631,1228.4865622664245,1217.4505860462793,1206.6170969819602,1196.4065987642077,1186.4463206469666,1176.7525858097893,1166.9774494913065,1157.5610938607604,1148.4429179077276,1139.5491272553045,1130.9972891059347,1120.1115873597812,1109.3223545347669,1097.8987744803158,1086.4096556687925,1074.8275866395154,1063.2233222873797,1051.4331624901185,1039.6524207005984,1028.0187125779285,1016.5117537549963,1004.8938216475698,993.6037466092127,982.4380538565202,971.3463319330111,960.2522629231809,949.2309243471227,938.6279157021024,928.0062262619053,917.5687725559349,907.5058157847221,897.5524745620168,887.7256084005813,878.1995866177539,868.777327487175,859.3723036178618,850.0648208075612,840.9195856946283,831.9586459120536,823.0640946933415,814.1996353290306,805.5513161035482,797.0869373867549,788.787160922419,780.6020759542336,772.649443590145,764.9261703884254,757.256455819994,749.658861071719,742.2250790507577,734.8995525806268,727.593356894697,720.3245003819304,713.1189622263473,705.9907454090716,698.8362990908174,691.6816977880675,684.4926234148178,677.3604420083833,670.1381566446605,662.9237977177662
Lebanon,LB,LBN,Cement production,kt cement,300.699295,286.749707,301.45482,338.217603,455.858509,485.268735,558.794301,507.326405,742.608216,854.109789,874.954235,860.249122,897.011905,882.306791,970.537471,1095.530933,1014.65281,905.261648,1249.934621,1336.92396,1499.921545,1682.658214,1661.67779,1742.555913,1654.325234,1705.79313,1360.22297,1382.28064,2124.888856,1485.216432,2389.580893,1698.440573,1499.921545,1249.934621,999.947697,904.364461,904.364461,904.364461,904.364461,900.0,900.0,1500.0,3000.0,3450.0,3538.0,3500.0,2703.0,3316.0,2714.0,2808.0,2890.0,2852.0,3900.0,4400.0,4600.0,3348.0,3945.0,4250.0,4897.0,5227.0,5550.0,5309.0,5831.0,6000.0,5500.0,5264.0,5149.0,4702.0,3203.0,1958.0,1810.0,2124.0,2124.0,2124.0,2078.2909543725227,2108.287779471761,2139.1746752001322,2170.8111748071383,2204.3143028364775,2239.6870742060005,2279.287089242963,2318.4508116962434,2356.0358514490927,2392.323017073126,2428.937822778144,2455.246143543927,2481.9757318607217,2508.6798026029537,2534.2267305375412,2558.7053467376936,2585.180575368551,2610.8045763426476,2634.472148805843,2656.2058995206735,2679.1820403920433,2702.9585754782975,2725.2213507328056,2747.979747875669,2767.82099505866,2785.96332952561,2818.5481506589185,2850.3522530732544,2880.2682864546346,2909.2242298684923,2937.9356534655344,2968.089789123868,2997.988898918499,3026.877068388096,3054.359539721208,3081.0869484372706,3109.8215984803523,3136.3424791909792,3162.781671331016,3187.723890315784,3211.660130122979,3236.054914686668,3258.661973084585,3280.8206132573587,3300.8183139233133,3321.3644248545847,3343.0160778242666,3363.502652647913,3383.1685131766753,3403.3036594588307,3424.0810674240656,3440.7825754507194,3456.175865935706,3472.0559922765915,3485.330557615105,3498.503960311382,3510.6178213849525,3521.9148675511387,3533.1460453373606,3541.4555465467556,3552.2620197974347,3559.0770079131557,3567.343574610897,3572.3253624271247,3577.2773254980666,3581.605727627757,3584.3075449158714,3585.3329219859106,3585.9879909408282,3584.5965644269495,3582.179306246148,3579.95813039992,3576.1261212463023,3571.8655017205774,3568.5023774126494,3564.473010432498
Lesotho,LS,LSO,Cement production,kt cement,,,,,,,,,,,,,,,,,,,,,,,,,,,,,,,,,,,,,,,,0.0,0.0,0.0,0.0,0.0,0.0,0.0,0.0,0.0,0.0,0.0,0.0,0.0,0.0,0.0,0.0,0.0,0.0,0.0,0.0,0.0,0.0,0.0,0.0,0.0,0.0,0.0,0.0,0.0,0.0,0.0,0.0,0.0,0.0,0.0,226.6592294540469,226.60802898036772,227.50197115006299,228.06268693608584,228.6533194493794,229.85126474337355,231.49611208905966,233.48200201483735,235.77487177680268,238.3365712552726,241.12917612327385,245.11079070711187,249.35922106548446,253.84223496675705,258.5293228585032,263.39176798508004,266.9754849477509,270.897325525587,275.10996038558756,279.59394184754797,284.3652442524815,288.2695167211966,292.611827002799,297.33048715870746,302.3811531897391,307.72081584720047,319.4925322318602,331.29855286494603,342.9236623177628,354.3130521786948,365.45969695405273,378.1435842038427,390.46924897492585,402.4388726505267,414.0546529775956,425.3245549215201,438.0247377243532,450.24281735495924,461.99201612878545,473.2527570264578,484.0543803101495,495.79376737823526,506.9929606236748,517.673258460771,527.8471115132324,537.628196994306,548.1772235556514,558.3076672160017,568.0349748603682,577.4166447342155,586.474083099616,595.9770066275246,605.1261402519877,613.9102469725281,622.3079599709143,630.3573816093744,638.7920046896497,646.8449097637744,654.5042916326838,661.8169861987509,668.8027697198356,676.1352370256037,683.1726721332129,689.7681398148247,696.0417950322677,701.9687168020198,708.2295671824628,714.091828272076,719.5849727913417,724.8816533426168,729.9258054242906,735.1928513418532,740.2273514742878,744.9341254117243,749.3965385191098,753.637378894398
Liberia,LR,LBR,Cement production,kt cement,0.0,0.0,0.0,0.0,0.0,0.0,0.0,0.0,0.0,0.0,0.0,0.0,0.0,0.0,0.0,0.0,0.0,51.467896,73.525566,88.230679,88.230679,88.230679,88.230679,88.230679,88.230679,102.935792,102.935792,132.346019,139.698575,102.935792,88.230679,80.878123,88.230679,80.878123,95.583236,95.583236,102.935792,102.935792,88.230679,49.0,2.0,8.0,8.0,3.0,5.0,15.0,7.0,10.0,15.0,71.0,63.0,54.0,25.0,121.059,143.847,154.99,157.2,94.0,71.0,72.0,81.0,122.0,194.0,295.0,298.0,241.0,285.0,332.0,343.0,416.0,535.0,474.0,474.0,474.0,457.62566389788475,477.176417724342,498.90490863303813,520.6508580970908,543.4364390475969,566.2323351489865,585.0995279253173,603.9076366880811,622.7548936564857,641.6748787909012,660.7355898896045,687.0282003050934,713.3815439140251,740.0262279127406,766.8121753438181,793.6012902542697,823.4308183686322,853.393258480979,883.696633265448,914.5266790903228,945.711857025816,981.6687168312883,1017.2935884649585,1051.7425545393376,1085.1023949924434,1117.466578645016,1177.7020453868463,1235.3587181358723,1290.5769938779167,1343.7175210647388,1394.3857185462318,1454.6801063770492,1512.1241236069473,1566.3432228616225,1617.4637420433942,1669.0933828659588,1727.3596527917664,1783.50765203846,1837.69665591396,1889.9409187465023,1939.8183695457574,1996.9870260505827,2050.8049233492766,2103.889408963986,2152.906087177604,2201.549652449282,2254.890584803873,2307.4360160523115,2356.1657756840555,2404.4884056205346,2452.141927536889,2501.595639357044,2550.0493894370616,2595.554259074272,2639.4360368702773,2682.5116855600377,2729.055980089737,2772.509798321332,2810.3369142573383,2849.0251665357096,2885.434024417682,2927.4136744931498,2967.6947243563177,3001.7446390207924,3033.9640995753434,3068.864971097996,3104.3335461638953,3134.941139152301,3164.1809551618553,3194.877796879534,3222.253326120921,3250.9605432226667,3280.1848068851864,3307.589456862426,3332.018269752623,3354.2151909755817
Libya,LY,LBY,Cement production,kt cement,0.0,0.0,0.0,0.0,0.0,0.0,0.0,0.0,0.0,0.0,0.0,0.0,0.0,0.0,0.0,0.0,0.0,0.0,66.173009,95.583236,73.525566,58.820453,80.898459,485.268735,617.614754,1500.228592,2499.869242,3198.362119,3197.911645,3197.926256,3198.362119,3992.438231,4992.385928,5984.981068,6529.070256,2073.42096,2698.38827,2720.720041,2720.44594,2700.0,2369.0,2300.0,2300.0,3800.0,3210.0,3550.0,2524.0,3000.0,3000.0,3000.0,3000.0,3300.0,3500.0,3600.0,3621.0,5300.0,5206.0,5509.0,6500.0,7000.0,3500.0,2000.0,2000.0,7000.0,5000.0,4100.0,4500.0,4500.0,3600.0,3000.0,3000.0,3000.0,3000.0,3000.0,3127.4728218111204,3168.0430359473376,3192.2069843467425,3217.953996291856,3244.8546616972512,3275.7507417810575,3292.0168912207937,3309.755603801852,3327.4850231914465,3347.699459707759,3369.2695059622465,3401.2328402144576,3433.660945602939,3467.7498617085694,3501.9628786888125,3536.288257241675,3578.728570642637,3620.0499075296093,3662.473630349039,3705.226296594417,3747.3270831922673,3795.8012100601004,3841.865469624658,3887.6714371390212,3934.73838751012,3980.5215235746396,4033.430769144821,4083.2285724156895,4131.94354769428,4177.902014677683,4222.183894776712,4265.0338768473375,4303.52756558892,4342.657725094719,4378.860778408716,4414.374789523708,4447.040319994193,4478.833251215046,4509.719724913448,4535.026258020445,4563.59695185581,4591.186501153824,4616.870531498533,4639.446778991739,4664.138832002779,4687.575630220344,4710.479418419841,4730.277096715005,4753.5208971031125,4773.61360594397,4791.082688027975,4809.074910034445,4826.759657749166,4840.736144430918,4853.482259993487,4869.513491281744,4884.415402550225,4899.838644627796,4913.135310068718,4923.807656736799,4935.443563592412,4947.042429756333,4955.478773521693,4961.678676405918,4964.247565745604,4966.560198092066,4966.123479295698,4968.710330836104,4968.284519172387,4967.253078779414,4967.711283217412,4968.006290537207,4965.593415916235,4961.316260782411,4956.289692131732,4952.592235818089
Liechtenstein,LI,LIE,Cement production,kt cement,,,,,,,,,,,,,,,,,,,,,,,,,,,,,,,,,,,,,,,,,,,,,,,,,,,,,,,,,0.0,0.0,0.0,0.0,0.0,0.0,0.0,0.0,0.0,0.0,0.0,0.0,0.0,0.0,0.0,0.0,0.0,0.0,12.183637752227304,12.207771913397211,12.231147945708965,12.257238994754625,12.285340727742199,12.298152233247475,12.309302056013713,12.321584714345029,12.328436617141735,12.333097094485016,12.337344950628887,12.283869627305764,12.22792202679026,12.169780793351913,12.115586999426748,12.058266882901407,11.996754672425956,11.937871691728748,11.87479788745599,11.816822271083884,11.75536941674993,11.695107729065914,11.636983243181803,11.576405214187078,11.518389805838549,11.461353454191245,11.464818031108527,11.470947667192942,11.472546702693226,11.47521176186036,11.475211761860361,11.470681161276227,11.47094766719294,11.473346220443364,11.471214173109656,11.471480679026369,11.46801610210909,11.46801610210909,11.465617548858667,11.46321899560824,11.465884054775382,11.46508453702524,11.4624194778581,11.462152971941387,11.4642850192751,11.463485501524957,11.464818031108523,11.468282608025804,11.470681161276227,11.474412244110217,11.479209350611068,11.485072480778769,11.497065247030887,11.504527412698872,11.512522590200286,11.520251261784981,11.527979933369682,11.534909087204237,11.537840652288093,11.547168359373073,11.555163536874485,11.562359196625755,11.57115389187731,11.575684492461443,11.584479187712994,11.589542800130559,11.59487291846483,11.598870507215539,11.606066166966807,11.609530743884088,11.607132190633664,11.612195803051227,11.615660379968501,11.616459897718643,11.616992909552074,11.61965796871921
Lithuania,LT,LTU,Cement production,kt cement,184.215484,209.843444,237.839563,283.351415,335.903402,371.875245,432.831706,499.572331,582.499477,684.551343,765.833558,864.28921,921.150486,981.603702,1095.747343,1212.415116,1286.309798,1329.889051,1366.417024,1451.207477,1535.818507,1604.083215,1691.890781,1787.406891,1903.456036,1922.816952,1951.372975,1934.776197,1860.275173,1876.172317,1907.346865,1854.492083,1920.921685,1950.068614,1958.159196,2019.36204,2048.79538,2075.226878,2084.27119,2028.578659,1910.364012,400.0,300.0,244.0,203.0,325.0,246.0,366.0,,,,260.0,295.205,283.647,280.0,280.0,300.0,310.0,357.0,635.0,752.0,901.0,1000.0,1100.0,1100.0,1000.0,1000.0,1000.0,1100.0,1100.0,1200.0,1250.0,1250.0,1250.0,1253.7317617410026,1251.1745056278937,1252.4303105706977,1253.8572064798261,1255.4975198909442,1257.7071506472018,1255.8924036555147,1254.14697301852,1252.4019543924467,1250.6659838837506,1248.869898215876,1241.402752075384,1233.8749665878763,1226.3235366429847,1219.0803725635726,1211.772088625901,1204.4099761830942,1197.1540619860805,1189.9235611977733,1182.8414710460925,1176.179001008158,1168.9125860711736,1161.6372881502825,1154.3414911006564,1147.4365316798987,1140.9161674440543,1131.3014012069566,1121.5757198287067,1111.6887200211665,1101.903798293301,1091.8756918164788,1081.617285383991,1071.3734958922432,1061.1221679172072,1050.8728700635686,1040.6240311935405,1030.4935081568253,1020.5647707452453,1010.623285788068,1000.950679560153,991.226415239,981.3937422740316,971.6731846376796,962.0225444209256,952.4409827623418,942.7730718287825,933.2869381702726,923.8237195503298,914.4295684731173,905.0088626834241,895.3618065073342,885.7133496091002,876.0408374499427,866.3731545714517,856.6621354475557,846.9607956606728,837.1926733276564,827.3946064159705,817.6172032634312,807.9220827968113,798.3225971452686,788.7167515089003,779.3818649009689,770.0473062069738,760.7402360336417,751.6535584863072,742.7344014752975,733.9519058091793,725.3102445486429,716.9203071513637,708.753134498,700.5600571716099,692.6158881359285,684.8044939997571,677.0619031875706,669.3478039904368
Luxembourg,LU,LUX,Cement production,kt cement,132.346019,110.331346,147.051132,154.403688,154.460939,161.756245,191.23112,198.519028,191.166471,213.224141,227.929254,227.929254,205.871585,205.810259,220.576698,213.156878,183.813915,191.109356,205.871585,242.634368,264.692037,308.807377,360.182058,367.62783,345.57016,301.45482,294.102264,308.807377,316.159934,323.51249,345.435801,345.57016,352.922717,338.217603,294.102264,389.6855,507.541101,565.914449,588.204528,636.0,688.0,600.0,720.0,711.0,714.0,667.0,683.0,699.0,742.0,749.0,729.0,728.0,714.0,797.0,760.0,901.0,1081.0,1091.0,1000.0,1078.0,1229.0,1040.0,1093.0,1058.0,1080.0,1130.0,1200.0,1211.0,1201.0,1131.0,1204.0,1200.0,1200.0,1200.0,1201.7365613106117,1205.0706190494673,1208.5154985568554,1212.4995128243522,1216.7592286764627,1217.7712312643741,1220.9237656821422,1223.8545361693823,1226.9282749828037,1229.3903853601814,1231.555791183925,1229.3449969794256,1226.6708778758127,1223.599046092849,1220.8829317258148,1217.9634004863894,1215.0708380534404,1212.1025898979242,1209.083366334035,1205.5140635979465,1201.9175791143698,1198.6351130230946,1194.953738640253,1191.1748168940528,1187.5315969428566,1183.4105346638457,1185.4302071456677,1187.6275277372524,1188.9169618046144,1190.0275210790646,1191.0380169205548,1191.8010178812292,1191.267027628603,1190.721635778322,1190.1704216009332,1189.3269426971658,1188.1720644223578,1187.1410077387868,1185.4547346715133,1183.6598002336277,1181.8342100126065,1180.044793384316,1178.1384792544766,1175.822544393265,1173.3542678194747,1170.4675392855079,1167.118877637361,1164.3433639414138,1160.8875172679273,1157.4564927791064,1154.2055612341624,1151.1419755696734,1147.941524744421,1144.5517632447668,1141.317365948255,1137.737697320549,1134.2998170101787,1130.5743051413858,1126.6254671565825,1123.3580421117365,1119.5808542248053,1115.9583825246718,1112.2259944373166,1108.490506165401,1105.0008812867804,1101.720469734315,1098.5850375423674,1095.2055393958867,1092.4423346616977,1089.5032178432496,1086.4801607835927,1084.0944787586852,1081.1284780461765,1077.8306706569663,1074.6928039292034,1071.4512646553933
Madagascar,MG,MDG,Cement production,kt cement,7.352557,0.0,0.0,0.0,0.0,0.0,0.0,0.0,0.0,0.0,0.0,14.705113,44.11534,44.452098,36.762783,51.467896,58.820453,66.173009,73.525566,73.525566,73.263909,66.173009,73.275479,58.820453,58.820453,73.797883,51.467896,66.173009,73.525566,58.954136,36.762783,36.895981,36.970482,36.762783,36.762783,36.762783,51.321681,51.322095,59.052945,60.0,60.0,60.0,60.0,40.0,40.0,44.0,36.0,44.0,46.0,51.0,52.0,30.0,200.0,170.0,150.0,150.0,270.0,160.0,140.0,160.0,200.0,230.0,230.0,150.0,150.0,150.0,200.0,130.0,120.0,150.0,150.0,150.0,150.0,150.0,143.31310889304862,147.9378903517331,153.21582838564305,158.83940588928334,164.70604109287106,169.85961959884062,175.91851001514686,181.98824343851598,188.08489709874985,194.21031921549442,200.3621559597556,209.6189111220586,218.91567917832322,228.2496336819872,237.62369086668463,247.03523645536313,258.29633688970677,269.6141016175572,280.98600777347144,292.4305827562448,304.00096264376214,318.1668801078705,332.48915119015976,346.9635674217026,361.58547481439365,376.3447861168718,403.1768868101205,430.2011692505312,457.4013064628017,484.7649383424606,512.2818261448366,548.0941277391875,584.1545714171549,620.4504505819851,656.960608245925,693.6699999528813,740.8565523088674,788.3616538149643,836.1628738992429,884.2415252745913,932.5774319006327,993.0745242514171,1053.9409702902258,1115.1533300664248,1176.689532294759,1238.5304593406509,1314.508074933459,1390.8859436691798,1467.644234918798,1544.7596097217981,1622.198455674304,1714.42614790838,1807.0616174953773,1900.0584998801414,1993.3978481450872,2087.0529015395105,2196.4800740297096,2306.2515356911467,2416.3337109623917,2526.685323535612,2637.2860558603784,2764.9123272598836,2892.7817509288016,3020.8524333998625,3149.101642320655,3277.504552931476,3424.3674701872624,3571.3132938536537,3718.3225986518505,3865.352962907488,4012.375893259469,4179.015872187083,4345.534478110719,4511.895721455965,4678.064812050681,4844.761682775572
Malawi,MW,MWI,Cement production,kt cement,14.06172,20.618949,26.380161,32.221183,40.203865,46.073294,53.431827,59.079947,46.30351,46.006459,32.337022,28.977879,27.527376,29.410226,29.410226,44.11534,44.11534,58.270729,74.239406,66.173009,66.173009,74.02236,87.6687,88.230679,102.935792,88.230679,95.583236,103.501374,102.347588,88.230679,80.390905,51.467896,73.525566,73.525566,58.436005,73.525566,73.525566,66.173009,73.525566,99.0,120.0,112.0,127.0,122.0,139.0,91.0,176.0,134.0,187.0,156.0,181.0,109.0,161.0,119.5,166.0,187.6,185.3,237.0,232.0,188.0,250.0,240.0,230.0,270.0,155.0,151.0,211.0,232.0,243.0,530.0,510.0,520.0,520.0,520.0,492.8272571305789,505.80971269342524,521.4006025047665,537.3063169521664,553.8063831079683,569.1731519147415,588.0358219348523,606.9721252756385,625.9677570691554,645.0050329296994,664.1318268188925,701.6883064144043,739.0532451725547,776.232401340212,813.4347793794653,850.5316432585862,899.095758328859,947.3360621500603,995.3434070229009,1043.1851872641873,1091.0251373888916,1150.6648856520574,1210.1969159092603,1269.7113433979148,1329.3398126361737,1388.9132482971602,1492.9650475887165,1597.066031804787,1701.2159006956326,1805.3184302281036,1909.5327210188207,2041.1635726878012,2172.7236065101233,2304.0095216822206,2435.5672157948534,2567.410998633687,2731.3238890724638,2895.896264463607,3061.201469991706,3227.1993151537627,3393.709483445831,3596.2038500846425,3799.4650416984596,4003.553728021964,4208.3955089187475,4414.032443865771,4661.472603462027,4909.950966426942,5159.610716168047,5410.237261890943,5659.552291208925,5944.852560052597,6220.846349497516,6487.840109147617,6745.864535466885,6995.203767360696,7272.488429482643,7538.201059997626,7792.765423508603,8036.846665230202,8269.561195858825,8521.399987196073,8760.693453366273,8988.649793734747,9207.510804669893,9419.001782265888,9646.874599084336,9866.054070994478,10078.318416910419,10282.492045500392,10480.03774349647,10688.742476847307,10891.677976323095,11086.305150039088,11275.289985936637,11459.173823260162
Malaysia,MY,MYS,Cement production,kt cement,0.0,0.0,30.657283,90.370212,112.500832,104.768781,110.173465,110.183011,190.94674,286.499925,330.865047,323.51249,360.275273,462.981867,742.932925,852.896565,830.838895,933.774688,970.537471,1029.099485,1095.530933,1161.941801,1279.344848,1367.575527,1448.453649,1742.823381,1779.318696,2198.414422,2264.587431,2345.772793,2830.734289,3124.836553,3227.772345,3470.773525,3124.836553,3566.317014,3316.003024,3771.861533,4793.8669,5880.0,7451.0,8366.0,8797.0,9928.0,10713.0,12349.0,12668.0,10397.0,10104.0,11445.0,13820.0,14336.0,17243.0,15690.0,17860.0,18400.0,19480.0,19629.0,19457.0,19762.0,21198.0,21726.0,21457.0,22446.0,22347.0,20006.0,18762.0,17556.0,16102.0,19935.0,19963.0,19856.0,23190.0,27187.0,27005.907398197633,27080.730553466863,27170.468911061645,27270.823995464732,27377.672014165742,27564.354109841064,27757.72828207649,27966.276329703276,28186.545576293876,28410.75363275369,28643.90235684484,28700.16400321462,28765.46015961919,28838.323438573825,28923.114239776278,29010.771286666833,29103.624632361272,29204.710721201103,29319.314923611197,29441.237859924444,29564.360840669233,29687.296778651154,29819.365033377577,29956.320829723885,30092.09049384502,30230.576002616293,30355.01136096046,30466.957079119245,30572.291301595094,30670.10002878827,30755.49672445419,30828.234877044397,30896.95663250016,30958.659823722533,31014.64641776864,31068.350338594704,31112.175981067016,31150.778067038293,31178.941268591218,31199.262675300375,31218.72368130188,31228.66853429137,31232.360107355085,31230.885026308406,31224.585234275713,31218.3200008884,31208.74225726767,31196.23611770272,31177.437141253147,31149.9851114033,31121.095703645915,31087.7878805253,31054.343190267475,31007.117848981452,30954.670735223313,30897.3526466694,30830.861512022635,30765.47041808738,30694.956776113882,30619.132730416357,30543.726701039985,30466.98087195682,30383.898474736532,30300.066914571646,30214.74575596926,30129.262843971923,30042.330726951062,29955.82156496692,29868.07892672578,29777.8013687769,29689.592371869392,29600.185520736242,29510.093978168177,29422.260356017065,29337.09513465534,29251.23827826183
Maldives,MV,MDV,Cement production,kt cement,,,,,,,,,,,,,,,,,,,,,0.0,0.0,0.0,0.0,0.0,0.0,0.0,0.0,0.0,0.0,0.0,0.0,0.0,0.0,0.0,0.0,0.0,0.0,0.0,0.0,0.0,0.0,0.0,0.0,0.0,0.0,0.0,0.0,0.0,0.0,0.0,0.0,0.0,0.0,0.0,0.0,0.0,0.0,0.0,0.0,0.0,0.0,0.0,0.0,0.0,0.0,0.0,0.0,0.0,0.0,0.0,0.0,0.0,0.0,145.85112696653232,151.30842960520656,156.30242918260967,161.19223366335365,165.99613529960797,171.88251456701926,177.42365637311266,183.01998220919072,188.65529736362467,194.33455099294625,200.03776089735703,200.7423421748732,201.54798557666982,202.4649111963315,203.44369219614316,204.52567082287916,205.19100611976592,205.94198703595902,206.7889510658798,207.71494792136838,208.687919010256,209.3472345943739,210.0711800716439,210.853219291056,211.73797690386652,212.6413072761442,214.6252567293596,216.50324532702243,218.31305907011466,219.99931971192353,221.60315341319054,223.16823722120637,224.63062586276376,225.9592780678084,227.17148998321662,228.2641465097996,229.3185225054798,230.2009424364118,230.96113976810602,231.60953866680305,232.1721083325742,232.50018248087733,232.7057149624412,232.7969965667814,232.8080386084129,232.7348612714179,232.41492764357398,232.00826951041728,231.54826063543018,230.98255826623085,230.38035448183484,229.54177512743473,228.64982443035942,227.67539996947684,226.6224453083309,225.56967019490006,224.38801279190224,223.1807610594513,222.02575409066588,220.8599437040556,219.7069599170385,218.49960440511055,217.31577035379792,216.20705360225008,215.11956736265947,214.16802983778348,213.21599133595683,212.39162103896538,211.59277109500633,210.88303149757297,210.2615532708169,209.68996223670635,209.15128893591833,208.66701205407253,208.24834429669247,207.8559472577419
Mali,ML,MLI,Cement production,kt cement,,,,,,,,,0.0,0.0,0.0,0.0,0.0,0.0,0.0,0.0,0.0,0.0,0.0,0.0,0.0,0.0,44.11534,44.11534,51.467896,51.467896,36.762783,36.762783,29.410226,22.05767,22.05767,29.410226,22.05767,22.05767,22.05767,22.05767,22.05767,22.05767,22.05767,20.0,20.0,20.0,20.0,15.0,13.0,12.0,30.0,0.0,0.0,0.0,0.0,0.0,,,,,,,,,0.0,0.0,440.0,660.0,630.0,650.0,670.0,1000.0,1000.0,1500.0,1700.0,1800.0,1800.0,1800.0,1710.7290250207818,1763.9628083615448,1822.5087635571888,1880.1243734687052,1939.7742042381192,2005.2720905660242,2095.451332069126,2183.6472173857683,2270.413396682032,2356.009722041428,2440.6878499572776,2571.4093543991476,2701.3815907985436,2830.7935248258505,2959.78360387061,3088.549424845057,3245.3722714140067,3401.6050207113617,3557.3568182789136,3713.0608917559593,3869.528605053881,4059.5026951471427,4250.257680705598,4441.941968127419,4634.593423187696,4828.256666192375,5171.753945540193,5507.677528548645,5833.525471562264,6149.842516210822,6457.152427130126,6827.903954993284,7183.60958532456,7525.54804160691,7854.785911313222,8172.386680482942,8539.874535120296,8890.091474227494,9224.817799699671,9548.096937640557,9863.354398249545,10221.00036764586,10567.782521396786,10904.392764672946,11231.517532832788,11549.32363847361,11901.489404924909,12242.335157392743,12571.471801590415,12890.318634310448,13199.283661665457,13533.535568688505,13855.765040085646,14166.985643403666,14467.668563141537,14758.369630957506,15066.111589225919,15363.743630404935,15651.63737138137,15931.684872109383,16202.909937415989,16488.947233738894,16765.30450117775,17033.368325810166,17292.446597661234,17543.124885769605,17805.50889724206,18057.894708515367,18300.80386214735,18535.828941828884,18763.58567253944,18997.985493241984,19222.99551178951,19439.228033435164,19648.193455971636,19848.557044830646
Malta,MT,MLT,Cement production,kt cement,0.0,0.0,0.0,0.0,0.0,0.0,0.0,0.0,0.0,0.0,0.0,0.0,0.0,0.0,0.0,0.0,0.0,0.0,0.0,0.0,0.0,0.0,0.0,0.0,0.0,0.0,0.0,0.0,0.0,0.0,0.0,0.0,0.0,0.0,0.0,0.0,0.0,0.0,0.0,0.0,0.0,0.0,0.0,0.0,0.0,0.0,0.0,0.0,0.0,0.0,0.0,0.0,0.0,0.0,0.0,0.0,0.0,0.0,0.0,0.0,0.0,0.0,0.0,0.0,0.0,0.0,0.0,0.0,0.0,0.0,0.0,0.0,0.0,0.0,167.97517898402057,171.2802722195835,174.2195371275699,177.19927964114893,180.18744947805027,182.7771199612482,184.9695811098354,187.04424379192008,189.00254397718075,190.80350404607466,192.44125903143,192.5405121641798,192.57697304531283,192.5493331781322,192.43697910290103,192.28392606601116,191.75216722031828,191.17572490730788,190.6106210973783,190.01747628705152,189.42412101583128,188.62163012172059,187.8275687602325,186.9910350192169,186.19970106532108,185.4539128633512,185.5549416429435,185.59710586058813,185.63350196785152,185.6704219226446,185.7133058392161,185.66220445295355,185.59227311235367,185.52769322524452,185.41825922418684,185.23949931663861,184.9623090403879,184.6599020616523,184.28934488647496,183.90969669812137,183.4713853794868,182.92811201707036,182.3397300651947,181.70034927931823,180.99839788902827,180.26504554182458,179.43641681655504,178.55903662662038,177.6483148404867,176.70976169511985,175.74548706952945,174.66883131830426,173.49644791068792,172.3239675773817,171.14733407059455,169.9482527763077,168.673807053089,167.36501141655108,166.10104934949683,164.79944767510185,163.52629936930478,162.25168698857024,160.95838799429058,159.70829612118192,158.5295069408764,157.34274525745474,156.16779437179335,155.02066022353833,153.929080378739,152.8542711601388,151.78089247833438,150.75178805740072,149.799409002026,148.8643559531694,147.95747700932847,147.05071083760535
Marshall Islands,MH,MHL,Cement production,kt cement,,,,,,,,,,,,,,,,,,,,,,,,,,,,,,,,,,,,,,,,,,0.0,0.0,0.0,0.0,0.0,0.0,0.0,0.0,0.0,0.0,0.0,0.0,0.0,0.0,0.0,0.0,0.0,0.0,0.0,0.0,0.0,0.0,0.0,0.0,0.0,0.0,0.0,0.0,0.0,0.0,0.0,0.0,0.0,9.111064514255022,8.721554183423013,8.368162779377707,8.043108384160533,7.747294708408384,7.463811257386082,7.196580506491197,6.960377527217797,6.751368278789741,6.564790960302187,6.398287813715616,6.230345269633316,6.084028298416777,5.949229067575383,5.832229564328911,5.724590617506548,5.617603123336955,5.520585291473349,5.432696246793239,5.34898782630242,5.272403160336428,5.194088010275482,5.121490038208385,5.053716953003033,4.986611013987479,4.920581781535895,4.901284617997152,4.879063641801022,4.8591817157308,4.841248998098838,4.8201975469656615,4.798171491613358,4.780628615669045,4.7652298690068156,4.755873668503181,4.743203813654511,4.733652692307053,4.7235168084281165,4.715719974675087,4.713186003705354,4.712406320330051,4.712601241173877,4.719033629020125,4.722932045896639,4.731313642181144,4.737746030027391,4.745932705468071,4.753534618377273,4.759772085379695,4.769323206727155,4.7761454362610545,4.787061003515293,4.793883233049193,4.802069908489872,4.8104515047743766,4.814739763338541,4.820002626121836,4.822146755403918,4.8252654889051305,4.8276045390310385,4.826045172280432,4.822341676247743,4.81941786359036,4.813570238275588,4.807332771273165,4.796417204018926,4.786866082671468,4.775365752885751,4.761526372974128,4.746712388843374,4.733262850619401,4.716889499738043,4.701685673919637,4.6829732729123705,4.665235476124233,4.649641808618176
Martinique,MQ,MTQ,Cement production,kt cement,0.0,0.0,0.0,0.0,0.0,0.0,0.0,0.0,0.0,0.0,0.0,0.0,0.0,0.0,0.0,0.0,0.0,0.0,0.0,0.0,0.0,0.0,0.0,0.0,0.0,0.0,0.0,0.0,0.0,176.461358,176.461358,198.519028,205.871585,191.166471,198.519028,198.519028,198.519028,198.519028,198.519028,250.0,245.0,240.0,220.0,220.0,220.0,220.0,220.0,220.0,220.0,255.0,255.0,221.0,220.0,220.0,220.0,220.0,220.0,150.0,150.0,150.0,150.0,150.0,150.0,150.0,150.0,150.0,150.0,150.0,150.0,150.0,150.0,150.0,150.0,150.0,147.77962507669628,145.67969555800056,143.5988663452018,141.67811819642557,139.87510312521545,138.32872226259195,136.32503736119708,134.46082340618054,132.71883625670932,131.0949859382666,129.57222112371826,126.92267822612266,124.4352976202649,122.1257326823325,119.95946174445608,117.91537480513787,115.76691298610356,113.7497148950665,111.82385658687605,109.99212459010043,108.24855885814219,106.46889027706929,104.7773350218739,103.1406911012611,101.5551412578644,100.01367508083446,99.07318614959749,98.1210513891932,97.16009403093491,96.19772505702001,95.23641479484758,94.2931026322973,93.35084918148952,92.42094736767734,91.53409983139272,90.64619358336559,89.79710676589612,88.96319481673552,88.16175002767766,87.3895962634951,86.64496900461702,85.94269021543819,85.28946507032764,84.67082450880476,84.09135628175369,83.54647263829033,83.04429036844033,82.57139912346562,82.13838602079103,81.74066330953248,81.36552644878016,81.02038642073146,80.67771672008188,80.36645546779259,80.07319231512543,79.78804595248397,79.50995766812574,79.22869324854001,78.96048627377826,78.69227929901648,78.4198374772848,78.15692406123544,77.89648097258521,77.62615657433847,77.3614786387183,77.09362456787069,76.81906532265404,76.54697640483651,76.26782940873579,75.98233014218017,75.70035991476615,75.41486064821054,75.11948007205842,74.81492399413817,74.51213243578869,74.19875376001443
Mauritania,MR,MRT,Cement production,kt cement,,,,,,,,,0.0,0.0,0.0,0.0,0.0,0.0,0.0,0.0,0.0,0.0,0.0,0.0,0.0,0.0,0.0,0.0,0.0,0.0,0.0,0.0,0.0,0.0,59.147233,0.0,0.0,0.0,0.0,0.0,80.878123,88.230679,88.230679,104.0,105.0,122.0,111.0,374.0,120.0,100.0,80.0,100.0,100.0,120.0,200.0,200.0,200.0,300.0,300.0,373.963,409.513,322.0,324.415,552.0,565.0,630.0,690.0,870.0,860.0,790.0,850.0,1023.0,1000.0,1000.0,1000.0,1000.0,1000.0,1000.0,948.0446606338455,969.9075698344174,1005.7015695445411,1052.1958598461497,1079.1840778483902,1105.0470421094788,1130.3090395930312,1154.9395074836445,1179.181370709155,1203.1760889247694,1226.9935774091539,1256.1828937834364,1285.2085392803701,1314.1129213946147,1343.0049704595433,1371.851444237865,1394.256221687536,1417.0680952067469,1440.3516928438016,1464.0924137559894,1488.4793066146067,1506.7087224037282,1526.4678967849723,1547.5099170333444,1569.8123723237088,1593.002769838765,1646.4038695633476,1699.190288117826,1751.349352742669,1802.8289329131444,1853.6424387913091,1910.0437385850234,1965.4399746203003,2020.1679852182801,2074.37474553972,2127.8378012432104,2186.1888306301803,2243.6112627689836,2300.166874595282,2355.8041473988114,2410.949758812646,2469.4636151966715,2527.2022178637753,2584.0788174007494,2639.818235822262,2694.8678106193433,2752.896314127747,2810.1551427636527,2866.226752053323,2921.441086132755,2975.9121750448753,3032.9288399359743,3089.0846958540837,3144.4794111281744,3199.0306178153614,3252.4358739273443,3307.7266175976843,3362.2906833548427,3415.833768523574,3468.7706797607175,3520.691073439254,3573.8255406969624,3626.2238867667343,3677.8770538344083,3728.4495936959815,3778.0244383168383,3828.4263475339494,3878.005549408765,3926.4175160390137,3974.0351787622576,4020.7160102874864,4067.7883954445283,4114.3670083670395,4159.879383261936,4204.553510505215,4247.793159930529
Mauritius,MU,MUS,Cement production,kt cement,0.0,0.0,0.0,0.0,0.0,0.0,0.0,0.0,0.0,0.0,0.0,0.0,0.0,0.0,0.0,0.0,0.0,0.0,0.0,0.0,0.0,0.0,0.0,0.0,0.0,0.0,0.0,0.0,0.0,0.0,0.0,0.0,0.0,0.0,0.0,0.0,0.0,0.0,0.0,0.0,0.0,0.0,0.0,0.0,0.0,0.0,0.0,0.0,0.0,0.0,0.0,0.0,0.0,0.0,0.0,0.0,0.0,0.0,0.0,0.0,0.0,0.0,0.0,0.0,0.0,0.0,0.0,0.0,0.0,0.0,0.0,0.0,0.0,0.0,126.52328262410596,129.54240392515658,132.9054128884728,136.1557613305174,139.50851742688647,141.9169896607177,142.05067905079423,142.4616067325471,143.1184567563709,143.990248666965,145.04697499587257,146.02046517599555,147.2235708964128,148.62259194490136,150.1956454706426,151.92074960957189,152.19606662281703,152.7414865808865,153.37600187028713,154.07808754319274,154.84509151429586,154.14855897332757,153.653691114922,153.309379419212,153.07582615352553,152.9181509360622,154.96903550721183,156.8743430743333,158.6340525140505,160.24616169077487,161.71478681078082,162.95980872244573,164.06675078408955,165.0434925593459,165.89248774339134,166.65392505665258,167.22509344826904,167.72347239756132,168.14617583364955,168.4982590678263,168.77218870817168,168.886693026701,168.93908733033206,168.92360568364757,168.84201001684193,168.6900470312574,168.37766660910378,168.012108312737,167.57495713698242,167.07800520360095,166.52024701120362,165.8330174522417,165.08857737601082,164.28453784576578,163.4319512434339,162.52884713224068,161.51590912411788,160.45809090379478,159.35393386487593,158.2204955739044,157.0509814265922,155.8018916510762,154.5375664792725,153.26809840318245,151.98841614763174,150.6990413028197,149.37902574055707,148.0593739673678,146.74458131009197,145.43121281258576,144.13010212928285,142.82482636126653,141.5330905158317,140.2526784827275,138.98963177049845,137.73831238844485
Mexico,MX,MEX,Cement production,kt cement,1617.562451,1661.67779,1669.030347,1749.90847,2014.600507,2279.292544,2558.879918,2536.632025,2705.740827,3088.07377,3036.605874,3352.573142,3764.30097,4418.668372,4301.036006,4926.212919,5595.067859,6124.679644,6786.166453,7183.447793,7359.909152,8602.491216,9786.252828,10595.034053,11609.945714,12580.224334,13226.997803,14058.08821,15175.676812,16242.01938,17977.000875,19293.340592,17065.283857,18432.859384,20682.741702,19748.967014,22344.686081,22513.528294,22763.745889,24289.012,24784.602,26586.993,28029.205,31480.242,25121.619,28047.21,29526.391,30727.575,31801.609,33227.839,32133.621,33371.512,33593.401,34992.442,37451.616,40362.002,43319.522,42275.223,40901.818,39064.706,40552.226,41665.656,39391.285,41483.652,44381.125,47715.175,48358.006,45542.012,42430.965,44996.769,48635.786,46718.799,46748.356,47361.132,47527.98872358237,47856.59402336415,48230.48084233623,48578.81836474952,48948.87050354157,49484.18750789411,49888.97258005607,50299.41456379321,50715.09344712985,51135.51129679497,51561.66279657112,51542.58783065466,51539.61473499078,51553.50444996408,51580.861748291805,51622.45542797381,51636.21272504811,51668.499954108636,51716.92074179065,51778.91701993773,51854.417613981284,51918.53730746672,51997.14489052646,52086.16549370109,52186.50052569583,52294.14029057798,52710.739068541705,53108.43829033335,53488.264305518576,53849.90294898361,54194.18026731569,54524.92827521045,54838.622231298614,55136.61082346737,55419.2971532872,55685.66850916424,55938.93621856726,56177.331655498536,56400.50373629159,56608.24541771833,56800.83228298568,56978.92430207197,57142.64734007408,57292.59507180782,57427.8431810738,57548.70255550237,57650.76679844097,57740.848174146966,57816.51766690222,57878.1950488809,57926.66571110465,57954.85428404767,57970.96919296454,57974.766926904755,57966.2603756637,57945.663643634536,57905.15184819518,57853.40716094799,57793.40011273224,57721.18383362029,57638.17153288823,57534.99068302247,57423.07487510592,57302.8432004128,57174.746192932886,57037.07815855144,56883.28289593142,56721.29061933422,56553.593912743534,56376.841007381794,56193.16356079262,55995.870293051405,55794.10206739333,55587.47158338257,55377.087839692605,55162.596182603345
Micronesia (Fed. States of),FM,FSM,Cement production,kt cement,,,,,,,,,,,,,,,,,,,,,,,,,,,,,,,,,,,,,,,,,,0.0,0.0,0.0,0.0,0.0,0.0,0.0,0.0,0.0,0.0,0.0,0.0,0.0,0.0,0.0,0.0,0.0,0.0,0.0,0.0,0.0,0.0,0.0,0.0,0.0,0.0,0.0,0.0,0.0,0.0,0.0,0.0,0.0,28.26879576512476,28.288847261872608,28.248745063460554,28.183991176845254,28.12433491648122,28.148646115518503,28.494337580669235,28.82805634101668,29.152375922042935,29.464391503447327,29.76820189305318,30.260292447227258,30.70567431404093,31.12409244618229,31.511814181738885,31.879040509012494,32.431641818619575,32.939498638725304,33.40633368755969,33.84395316189449,34.247442374602635,34.803125308412255,35.301315695213326,35.76164309312355,36.17527088522812,36.55526444765879,37.377707690543254,38.13913670890084,38.85461620250311,39.53240746669775,40.17462844580536,40.93097667872705,41.64109260095578,42.32378505856283,42.969579204822736,43.57421956946788,44.264565960154904,44.922820961629796,45.533713537320395,46.11197427555557,46.65090597838521,47.245674778518875,47.80304919001458,48.318458342987704,48.81151785536025,49.25839119578237,49.74553581992257,50.18143441444197,50.589234460509886,50.94493733347067,51.27957283248985,51.628956321507125,51.942977748250826,52.21374314599353,52.44952267161411,52.66825377442833,52.89454394859594,53.08847500541098,53.26063141501858,53.408142038252,53.534610200584865,53.66476317622161,53.75915753136023,53.83720720743202,53.91788493604624,53.97971162020715,54.04331904793944,54.09013519238121,54.11128435028429,54.131782495317154,54.14375192685963,54.149840328675495,54.134242808184226,54.11277631700346,54.07391904466662,54.035057951925324
Mongolia,MN,MNG,Cement production,kt cement,0.0,0.0,0.0,0.0,0.0,0.0,0.0,0.0,0.0,0.0,0.0,0.0,0.0,0.0,0.0,0.0,51.467896,73.525566,73.525566,95.583236,95.698814,139.698575,147.051132,169.108802,161.756245,161.891042,102.935792,169.108802,183.813915,176.461358,213.224141,352.922717,161.756245,139.619201,146.991428,426.448283,544.277715,499.815779,514.678962,441.0,227.0,133.0,82.0,86.0,109.0,106.0,112.0,109.0,104.0,92.0,68.0,148.0,162.0,61.9,111.9,140.8,179.8,269.0,235.0,323.0,426.0,349.0,259.0,411.0,410.0,432.0,675.0,934.0,1098.0,1182.0,1293.0,1358.0,1358.0,1358.0,1402.9815887269556,1443.6996400523292,1479.7102443582685,1516.0573846631432,1550.1561786985653,1577.8724054817749,1607.0105668421165,1636.0284873991739,1664.9303851458035,1693.9691984010562,1723.1572443848775,1747.7923638864659,1772.4679445359834,1797.2957122722569,1821.8756648109397,1846.509717468773,1871.8145050053101,1896.9446011922605,1921.7036714627254,1946.0123980365336,1970.0016180784157,1995.006147017219,2019.2399969432543,2043.0138997708211,2066.27915675729,2089.274911579664,2116.53593777738,2143.0772661700394,2168.6787242379783,2193.498349042643,2217.3854994896387,2242.2929606721314,2266.3534270880837,2289.851484872565,2312.3734195273973,2334.33659337229,2357.5230928498117,2379.717319947729,2401.319769127288,2422.4375551986673,2443.1702561507072,2464.680676763296,2485.9005825684094,2506.2684263790966,2526.2307066674357,2545.6239475681564,2565.590751564938,2584.872722776431,2603.6546440234056,2622.2065597162746,2640.2603341951494,2658.4762957828216,2676.233808708365,2693.1423268933468,2710.266821110765,2726.520788448155,2742.6633615971887,2758.2054253620618,2773.0852293796192,2787.7622963794424,2801.8893292696634,2816.1557789752223,2829.487711962153,2842.6231893801505,2855.584898679275,2868.112008462005,2880.459012648808,2892.0656009507325,2903.303381704046,2913.907354571448,2923.9830239603707,2934.069473677675,2943.0839323894797,2951.606386298481,2959.5574263484923,2966.561842363953
Montenegro,ME,MNE,Cement production,kt cement,0.0,0.0,0.0,0.0,0.0,0.0,0.0,0.0,0.0,0.0,0.0,0.0,0.0,0.0,0.0,0.0,0.0,0.0,0.0,0.0,0.0,0.0,0.0,0.0,0.0,0.0,0.0,0.0,0.0,0.0,0.0,0.0,0.0,0.0,0.0,0.0,0.0,0.0,0.0,0.0,0.0,0.0,0.0,0.0,0.0,0.0,0.0,0.0,0.0,0.0,0.0,0.0,0.0,0.0,0.0,0.0,0.0,0.0,0.0,0.0,0.0,0.0,0.0,0.0,0.0,0.0,0.0,0.0,0.0,0.0,0.0,0.0,0.0,0.0,378.9361595971695,373.8614151363787,372.10695668723656,370.5386275890855,369.05251594874653,367.4824268314544,365.93248257705767,364.37414929682063,362.8145870585229,361.2719670616431,359.773537887091,357.02735626152077,354.31392285172274,351.6593832213708,349.0950789895626,346.6008829223423,344.2340300636818,341.9156798038072,339.674228847638,337.4639081059835,335.313807951551,333.1807734416123,331.0446786770309,328.95232481077977,326.9833682674569,325.0601481083484,322.43995684469047,319.8024318655633,317.13225876396376,314.46118123513827,311.75739243862046,309.011131559876,306.2205220734217,303.4966243454677,300.79358639382394,298.06011376482627,295.2799982654147,292.5298088539247,289.7735222716173,287.0068399346223,284.2394820780837,281.46004737952387,278.75355360629874,276.0133643219205,273.3064388897719,270.6083823640488,267.89455312778426,265.2156762070689,262.58326817293187,259.94618928716955,257.34455851060045,254.77179601751808,252.2307499857436,249.7183481863099,247.21389609276196,244.7167659161055,242.24636986639317,239.80147857594753,237.39360770027233,235.01422529939057,232.63294347491538,230.2799018662275,227.9486220658938,225.62633545949674,223.33184220655346,221.02142470990165,218.71430512209125,216.41128279917268,214.12569167329923,211.83870996439762,209.57398249991803,207.30649775753207,205.0369917149889,202.7739436636273,200.5385616246324,198.27748015079928
Montserrat,MS,MSR,Cement production,kt cement,,,,,,,,,,,,0.0,0.0,0.0,0.0,0.0,0.0,0.0,0.0,0.0,0.0,0.0,0.0,0.0,0.0,0.0,0.0,0.0,0.0,0.0,0.0,0.0,0.0,0.0,0.0,0.0,0.0,0.0,0.0,0.0,0.0,0.0,0.0,0.0,0.0,0.0,0.0,0.0,0.0,0.0,0.0,0.0,0.0,0.0,0.0,0.0,0.0,0.0,0.0,0.0,0.0,0.0,0.0,0.0,0.0,0.0,0.0,0.0,0.0,0.0,0.0,0.0,0.0,0.0,1.2411356252451644,1.225799853428397,1.2079295094624762,1.1938859440905785,1.1768166951822914,1.1651098656610148,1.1470096426915963,1.132076306941886,1.1155768516919138,1.101786540698666,1.0882666774655805,1.0655816957598643,1.042992127525823,1.0229943889040531,1.0061955992015439,0.9881481066155637,0.9692446963870448,0.9524407942004146,0.9385886034557278,0.9258496895604742,0.912935678998339,0.8998952854163854,0.8886216588473411,0.8768799501074435,0.8674249158237007,0.8583382522941212,0.8523148259622325,0.8469864103609466,0.8428163459773313,0.8372562601325112,0.8321595147747594,0.8277577801476099,0.8224293645463239,0.8168692787015036,0.8126992143178886,0.8076024689601365,0.8025057236023848,0.7969456377575647,0.7920805626433468,0.786983817285595,0.7814237314407747,0.7770219968136255,0.7714619109688052,0.7665968358545876,0.7612684202533014,0.7561716748955496,0.7524649509990028,0.7480632163718536,0.7441248222317727,0.7383330661434181,0.7360163637080763,0.7320779695679952,0.726286213479641,0.7230428300701626,0.7193361061736157,0.7163243930076714,0.7107643071628512,0.7072892535098384,0.7033508593697576,0.7008024866908815,0.6975591032814031,0.6943157198719246,0.6889873042706388,0.6852805803740919,0.6825005374516818,0.6792571540422032,0.6748554194150539,0.6706853550314387,0.668368652596097,0.6660519501607552,0.6621135560206742,0.6581751618805933,0.6544684379840464,0.6521517355487048,0.6500667033568971,0.6468233199474186
Morocco,MA,MAR,Cement production,kt cement,374.980386,433.800839,610.262197,661.730094,727.903103,631.66257,506.718829,404.844474,499.973848,580.851971,631.70656,699.325407,757.313329,926.422131,786.723556,860.249122,860.249122,992.59514,1161.703942,1404.33831,1477.203525,1544.740639,1617.562451,1911.664715,2028.636103,2323.407884,2868.32511,2815.239709,3279.993916,3551.284835,3602.752732,3742.451307,3845.387099,3587.309185,3690.983411,3741.724617,3807.930198,4220.367486,4198.981653,4200.0,5770.0,6340.0,6350.0,6350.0,6401.0,6585.0,7236.0,7414.0,7530.0,8100.0,10000.0,10200.0,10400.0,11000.0,11000.0,11352.0,12792.0,14047.0,14519.0,14000.0,14000.0,16270.0,16870.0,14320.0,14460.0,14260.0,13850.0,13378.0,13691.0,12314.0,14000.0,12000.0,12000.0,12000.0,12205.62357627574,12399.796886986862,12594.680582623847,12782.344599053187,12967.520421494151,13150.127258296385,13350.045148143467,13546.492653622421,13737.995733372982,13925.477884769653,14107.69298160944,14297.827329306714,14483.075723138874,14662.684406518621,14838.274176314828,15007.042875060053,15181.255660421695,15351.025364202791,15516.553105113057,15678.645905714591,15840.119216655616,16012.838074133748,16184.17209200317,16354.259812858716,16522.542384867997,16688.861649655686,16882.47576838292,17065.603645956653,17238.788668902984,17401.981256288673,17555.81103770769,17723.84998506606,17880.43546699268,18027.80687977423,18166.052312347558,18293.86469885607,18430.97761056323,18558.365711494225,18675.17836696252,18783.817443179316,18882.98698015554,18982.444780543592,19075.589117778192,19159.18652305874,19235.14239005841,19303.33194291552,19371.313039283377,19432.166506356025,19483.907773525927,19527.397377804777,19563.59127814554,19600.192960341592,19629.336257587245,19651.01320348295,19665.545950897736,19672.76478665951,19679.233610268213,19679.23576699241,19673.217562612284,19662.169060112494,19644.135009658305,19623.750203389853,19598.45700500832,19569.05844986084,19535.294713193955,19494.99940806629,19452.555991751517,19404.752288071282,19352.663471467233,19296.23897102084,19236.383475904964,19174.027313395232,19107.422809202653,19037.4027828865,18963.46968278466,18886.12937873974
Mozambique,MZ,MOZ,Cement production,kt cement,80.878123,80.878123,88.230679,102.606924,140.072101,154.768709,169.108802,176.461358,213.224141,220.576698,213.224141,176.787535,169.108802,183.813915,220.576698,227.929254,249.986924,286.749707,301.45482,397.038056,419.095726,470.563622,610.262197,463.211065,279.397151,213.530058,323.51249,323.51249,272.044594,235.013224,234.935808,352.922717,419.095726,448.505952,198.519028,73.525566,73.252237,66.173009,73.525566,79.0,80.0,30.0,20.0,60.0,60.0,180.0,220.0,212.0,216.0,270.0,265.0,490.0,600.0,550.0,490.0,605.0,665.0,744.0,777.0,884.0,976.0,1184.0,1299.0,1512.0,1585.0,2446.0,2350.0,2400.0,2700.0,2700.0,2700.0,2800.0,2800.0,2800.0,2657.8426029801103,2710.810994318056,2767.366850195456,3011.091318619749,3274.352278819606,3504.658147936093,3809.0368405467448,4104.114913713446,4391.6667226251675,4673.1259669842675,4949.097212749146,5310.0808553055995,5666.839925686534,6020.418679202857,6371.230418601549,6719.7973508085515,7119.808482407252,7493.70997644024,7844.185516887803,8175.069371518906,8490.626242430468,8819.171633827278,9125.220231557047,9412.979444714516,9685.530174272148,9946.388392067936,10422.333336109123,10876.940094046817,11318.5285284791,11745.397674039252,12161.822212677498,12642.798009487673,13108.844931822536,13558.710420799582,13995.053810123962,14418.890286886897,14892.375445463027,15352.16980076085,15791.827614514963,16211.944302568187,16621.14481708207,17067.514269304782,17499.590508209774,17914.600655219787,18319.801766364035,18720.666103796953,19148.126770339488,19563.868636469415,19965.84643551944,20356.18380346576,20732.376398858178,21134.369908298962,21523.226714759032,21901.215692717884,22271.047733060506,22627.159397167296,22996.800827290474,23355.79790114267,23707.255910848402,24049.069957203414,24374.55615346891,24713.717783440963,25040.295110290182,25358.941749602818,25664.170321609414,25963.238016999454,26265.699022667908,26548.37135963051,26827.858315264988,27099.147240301703,27357.675114877937,27621.12249927492,27874.1137562122,28112.854891396168,28345.79445773084,28564.492172347604
Myanmar,MM,MMR,Cement production,kt cement,14.646527,44.11534,44.11534,58.820453,58.820453,36.762783,36.762783,36.762783,36.762783,44.11534,36.762783,51.467896,124.993462,132.346019,132.346019,139.698575,132.346019,176.461358,183.813915,168.974588,198.519028,198.519028,191.166471,169.108802,183.667099,235.281811,272.044594,257.339481,389.6855,389.944255,315.954502,345.796615,338.217603,308.807377,477.916179,433.800839,389.6855,353.237264,397.038056,414.0,443.0,464.0,400.0,470.0,517.0,505.0,516.0,365.0,338.0,393.0,378.0,471.0,571.505,518.999,543.072,570.031,608.192,676.0,670.0,534.0,538.0,922.0,1121.0,1317.0,989.0,2520.0,5480.0,4500.0,5100.0,6000.0,6700.0,8100.0,8100.0,8100.0,8087.970406674444,8173.309179214655,8279.145982528991,8398.935227904303,8541.218964812168,8821.648424747502,9181.355864796296,9547.056261188085,9918.687737659566,10296.732823371769,10679.744094868225,11033.11350481889,11389.815000401368,11743.945697014817,12089.864129054478,12428.117820236603,12799.311612815647,13159.661643007965,13509.659298577919,13850.22333875425,14181.955631056404,14546.922028455629,14899.420585188549,15240.087915153188,15569.79041052726,15889.178749658677,16228.654890699561,16547.31905042438,16845.993730437956,17129.840715061415,17401.349773654434,17695.962479103233,17975.961083454356,18242.83417584698,18496.70605594721,18737.313342832975,18995.100988751085,19238.096751513738,19468.152632697685,19684.726589503454,19888.02477507881,20101.280883956137,20300.901317892603,20487.39678407378,20660.871761615137,20822.226579809536,20984.06395684987,21133.787245451764,21271.59476628022,21398.227430161853,21516.771074143282,21634.84192632047,21745.001602515687,21848.002409527708,21942.54763428601,22030.03303354633,22116.870492408172,22196.639382474354,22269.453381988256,22336.008877525415,22395.856508166366,22453.860517488138,22505.48935241936,22551.204324517515,22591.5222999009,22626.230749871618,22658.86413155152,22685.27993239683,22707.63243706103,22724.98639461096,22736.790120850954,22747.07340539727,22753.695102433972,22756.626291696786,22755.395452350116,22750.18152073499
Namibia,NA,NAM,Cement production,kt cement,,,,,,,,,,,,,,,,,,,,,,,,,,,,,,,,,,,,,,,,,,,,20.0,20.0,50.0,50.0,150.0,,0.0,0.0,0.0,0.0,,,,0.0,0.0,0.0,5.0,284.0,428.0,520.0,583.0,635.0,505.047,780.0,930.0,1000.0,901.0,970.0,900.0,900.0,900.0,845.2317783927782,852.0439547645911,855.8228666478763,858.7247084561317,861.465832862914,865.8936549758857,861.3615791682274,858.4709648518223,856.9031211407621,856.391334908067,857.029221826929,861.1471983926444,866.188160904747,872.0579508221971,878.7715925780864,885.8099816009334,887.0329997406702,889.5310732563396,892.9840220151741,897.4740404706539,902.8152139255004,903.0204240347541,904.3055376778449,906.9696325973249,910.1591300573618,914.0474716524819,933.7789500060794,952.988813129239,971.7244635959862,990.0770092004947,1007.8920716493823,1026.877949590832,1045.224228787398,1063.1112843072258,1080.7113297532985,1097.8489304020793,1116.093690530899,1133.5247178826753,1150.625751697165,1167.3152441069271,1183.3415508701112,1199.8054383105882,1216.275280752934,1232.2920975769637,1247.7966607585695,1262.6950621929789,1277.5762486648882,1292.1571742113995,1306.362329173821,1320.0712641593504,1333.7935852361757,1347.8063312091206,1361.171968665106,1374.1484816113755,1386.781935131734,1398.8144910152268,1411.2288845139935,1423.1852007578298,1434.5423113197962,1445.432494287367,1455.9120000919336,1466.3469344007506,1476.9713591262196,1486.9674840345347,1496.5346742099016,1505.580814999479,1514.9081907821037,1523.6648905528345,1532.2004386427705,1540.3391242200203,1547.731067455336,1555.1110526164716,1561.5628599955126,1568.0182747509996,1574.4637966224145,1580.783205130075
Nauru,NR,NRU,Cement production,kt cement,,,,,,,,,,,,,,0.0,0.0,0.0,0.0,0.0,0.0,0.0,0.0,0.0,0.0,0.0,0.0,0.0,0.0,0.0,0.0,0.0,0.0,0.0,0.0,0.0,0.0,0.0,0.0,0.0,0.0,0.0,0.0,0.0,0.0,0.0,0.0,0.0,0.0,0.0,0.0,0.0,0.0,0.0,0.0,0.0,0.0,0.0,0.0,0.0,0.0,0.0,0.0,0.0,0.0,0.0,0.0,0.0,0.0,0.0,0.0,0.0,0.0,0.0,0.0,0.0,2.958862258137541,2.9511390775492803,2.9446230765694317,2.9451164234599543,2.9423033411041435,2.943711096005316,2.941717439475137,2.9441160383607388,2.948316997388756,2.956078122219304,2.9667660349210276,2.9711551640360563,2.9724811358566257,2.9770181744158903,2.981350071114378,2.989510815230607,2.9970306088222345,3.0047586141711244,3.013083301980792,3.0202342334607946,3.0289228667753068,3.0330499926192447,3.039196323369109,3.045635887781376,3.05014701281268,3.056943593718407,3.0861817202922612,3.1173690553043722,3.1454376568152727,3.172921495794696,3.199625651398817,3.2267196486905885,3.2540085668261858,3.2791533556797012,3.304687986220867,3.328663250011428,3.354002959708769,3.380122352781412,3.4039026957281466,3.4280728803625338,3.4530227483722227,3.4775827746942607,3.50116819679717,3.5290418774642447,3.552432378723328,3.5732889090126774,3.6001879854606242,3.6202648323746707,3.6436553336337547,3.6660712306737095,3.6879023651821887,3.70953857884684,3.730590029980016,3.75125163942554,3.7721081697148886,3.792574858316587,3.8093380508855965,3.8282453727366894,3.8452034861495252,3.8615768370308836,3.876780662849288,3.8902302010732606,3.9034848184534088,3.9144003857076477,3.9272651614001433,3.9401299370926393,3.9510455043468795,3.9598169423190352,3.9687833011350175,3.9795039475454312,3.9886652272052383,3.995487456739138,4.002309686273037,4.010106520026064,4.018098274622919,4.024140820781515
Nepal,NP,NPL,Cement production,kt cement,0.0,0.0,0.0,0.0,0.0,0.0,0.0,0.0,0.0,0.0,0.0,0.0,0.0,0.0,0.0,0.0,0.0,0.0,0.0,0.0,0.0,0.0,0.0,36.762783,7.352557,29.410226,44.11534,36.358796,22.05767,29.610296,29.649334,22.05767,44.11534,36.762783,29.410226,95.583236,154.403688,214.01386,220.576698,107.0,136.0,238.0,274.0,316.0,327.0,309.0,225.0,280.0,290.0,300.0,285.0,290.0,295.0,285.0,290.0,295.0,300.0,295.0,1200.0,1360.0,2100.0,2720.0,2990.0,3100.0,3910.0,5850.0,8050.0,9000.0,9860.0,8250.0,9000.0,6000.0,6000.0,6000.0,6357.008755841275,6692.055112405583,7030.010820273634,7367.052698442966,7707.942609185966,8069.479046282987,8476.919620336585,8876.006335974518,9267.627463138318,9652.3646733515,10031.228016863024,10197.972732131657,10359.01875230319,10515.265538452039,10666.389615189539,10812.244002879266,10974.451433633585,11129.78464633674,11279.505269156612,11423.950372834453,11563.938077609593,11716.153807909444,11862.960058012566,12003.549082674663,12138.518731335598,12268.922334864266,12486.997029186938,12693.019513243706,12888.800474540194,13075.836280403393,13254.100662666115,13447.703479241754,13631.729768773857,13805.62203076482,13970.938254023084,14126.739391655401,14294.717088962867,14452.303756765785,14600.8253324286,14738.884154853116,14868.640073168663,15005.13401767688,15132.110105110742,15250.016958195667,15359.254842100987,15459.88691825452,15563.619675535632,15657.714671854621,15744.326211536527,15821.558905533859,15890.493570889887,15958.77593396284,16018.199694195386,16069.103522055817,16111.475583643494,16145.283604141863,16175.814994900677,16198.933640780804,16214.82648372341,16223.31229514264,16224.737391328976,16221.521264218869,16213.598493502523,16199.8118780825,16180.053342022822,16154.959430811827,16127.596444335197,16095.421113043525,16058.677647329025,16018.429703536867,15973.853553365183,15928.764493490688,15879.93758640116,15827.473811716549,15772.60536433521,15715.077829607595
Netherlands,NL,NLD,Cement production,kt cement,698.492877,816.079136,860.249122,970.537471,1102.817238,1257.287178,1323.535474,1367.575527,1602.857338,1801.376366,1904.312158,2014.600507,2080.857159,2874.849629,2970.432864,3161.599336,3345.413251,3433.64393,3293.945355,3830.58302,4043.906127,4021.848457,4073.316354,4088.021467,3705.688524,3477.759269,3896.941983,3918.912665,3698.335967,3742.528621,3316.003024,3102.694179,3110.13144,3176.304449,2911.68458,3102.778883,2926.317525,3418.938817,3543.932279,3730.0,3546.0,3300.0,3078.0,3180.0,3180.0,3140.0,3230.0,3200.0,3480.0,3450.0,3380.0,3085.0,2450.0,2380.0,2496.0,2790.0,2700.0,3097.0,2342.0,2138.0,2318.0,1940.0,2050.0,2610.0,2260.0,2930.0,2030.0,2940.0,3440.0,2980.0,2500.0,2500.0,2500.0,2500.0,2526.8951396961406,2561.9600671325425,2601.5275156521293,2634.6430891654354,2666.669842849825,2707.394410824011,2738.0843825410007,2769.3040029313997,2800.8492604623966,2832.7469111883865,2865.085852303705,2882.0829835440973,2899.2474801878056,2916.6327292149494,2934.146670227342,2951.991153679992,2967.640467693283,2983.43653096881,2999.54935498735,3016.062747033459,3032.8813118778353,3047.7355254687955,3062.888577768485,3078.528596887077,3094.4767008219565,3111.007037489618,3141.8777283242334,3172.889878186602,3203.8896664768226,3234.974305293092,3266.1113238253047,3295.8324457532303,3325.4238877221987,3354.702675692724,3383.6377324254777,3412.2528134993745,3439.884776340434,3467.2108194618622,3494.204447512822,3520.9085177028423,3547.3153105325446,3572.2991806490522,3597.019900770635,3621.492852741307,3645.722521720956,3669.707866824012,3692.111513637334,3714.296132365522,3736.2459879182466,3757.9536847211284,3779.435221135053,3798.174109059574,3816.6387471115186,3834.8331098017243,3852.8098679070004,3870.517355163377,3884.622802155645,3898.472911601345,3912.106864712079,3925.515646492785,3938.7436895122046,3948.277573305309,3957.5835264942866,3966.8632342485153,3975.8863677151876,3984.755588219145,3990.1482716736773,3995.5687640858255,4000.9012924158674,4006.101683571416,4011.2645862015443,4013.4584375574595,4015.6982753885754,4017.933242373236,4020.177729348388,4022.3628989884114
New Caledonia,NC,NCL,Cement production,kt cement,0.0,0.0,0.0,0.0,0.0,0.0,0.0,0.0,0.0,0.0,0.0,0.0,0.0,0.0,0.0,0.0,0.0,0.0,0.0,0.0,0.0,0.0,51.467896,66.173009,58.820453,51.467896,51.467896,58.820453,58.820453,58.820453,51.467896,51.467896,58.820453,58.820453,58.968989,36.762783,51.467896,58.820453,66.025958,65.0,90.0,90.0,90.0,90.0,100.0,100.0,100.0,0.0,0.0,100.0,93.0,100.0,100.171,114.762,119.302,119.302,121.818,137.0,138.0,160.0,146.0,125.0,119.0,106.0,112.0,112.0,104.0,86.0,77.0,73.0,68.0,69.0,69.0,69.0,71.61528271502382,74.1735012331216,76.52869984175845,78.6692868851504,80.63892185896141,82.396453136718,83.86073622710438,85.2453897181953,86.57717139520847,87.85345464976542,89.07340541213527,89.91017357577459,90.71258751086351,91.494047054767,92.2243168910609,92.91961627542935,93.38774439036968,93.82953903654494,94.27413760969108,94.69469373254645,95.08584059636667,95.31037205720159,95.51229287527721,95.70259426046736,95.86339592754695,96.04337424509173,96.95664369174044,97.82798309331751,98.68549853774516,99.51967343377461,100.30310382083873,101.06048852074728,101.780065450132,102.48890913033037,103.1919699369366,103.83760121505394,104.46436578785628,105.06303074398652,105.64794694586507,106.22243873702345,106.78951682237454,107.30263331360035,107.80239783707923,108.257266153319,108.70627830945881,109.13647739225746,109.54428562998757,109.94085497664014,110.332082772049,110.7269471367105,111.11885265983715,111.46506783685165,111.81146570095044,112.14357723583865,112.43679238943221,112.72845295894544,113.0422099635479,113.32633894389643,113.61241312146568,113.8985386132046,114.13508738385663,114.37730100818492,114.59433759398607,114.79405578800893,114.98450198357324,115.18110031079794,115.3592206204436,115.52018220797217,115.68734773653732,115.84123899295734,115.9769841349098,116.09285483468014,116.21067167526559,116.2920514389764,116.3889425779406,116.48737154353665
New Zealand,NZ,NZL,Cement production,kt cement,161.828814,264.692037,279.277494,323.51249,411.743169,448.505952,536.736631,558.794301,558.794301,617.614754,654.377537,632.319867,720.550546,786.723556,845.770392,874.954235,816.133782,764.45804,801.428669,830.838895,823.285879,897.011905,1058.554903,1110.019033,1073.473263,999.947697,911.552359,801.591893,749.960773,720.550546,889.659348,779.370999,757.313329,823.486339,970.537471,904.509345,882.306791,808.898017,728.008185,750.0,576.0,579.0,800.0,900.0,950.0,974.0,976.0,950.0,1030.0,1070.0,1080.0,1000.0,1080.0,1110.0,1100.0,1120.0,1100.0,1200.0,1200.0,1100.0,1200.0,1140.0,1200.0,1100.0,1200.0,900.0,360.0,450.0,1000.0,950.0,1000.0,1000.0,1000.0,1000.0,965.186952678815,981.4241852712013,998.2657981825738,1015.028566267823,1031.9236488556226,1047.8524198615057,1061.302007982467,1074.6123522388552,1087.8197938285923,1100.8446641314104,1113.6577013872202,1121.8153799393813,1129.8417453247012,1137.860199563812,1145.620906274929,1153.3349958230526,1159.762663650225,1166.070998823429,1172.1979079183536,1178.243704068364,1184.147782026847,1188.7707440220067,1193.17030210559,1197.7448039974795,1201.976364670709,1206.2461619214039,1220.4939439765255,1234.498005258493,1247.995576757448,1261.2895191624316,1274.2798619260957,1287.372369878935,1299.9754859620648,1312.2350158637196,1324.2451432388225,1335.9913290431975,1347.7649943464685,1359.1295068028226,1370.5807330706875,1381.6372932983625,1392.6750961609198,1403.325535289095,1413.7908800132848,1423.945425457488,1433.847965521653,1443.5504510177411,1452.4966357367882,1461.2310610855627,1470.2988425017613,1478.925010068482,1487.4022756850331,1495.0473528184102,1502.587192909059,1510.1130937847404,1517.311633836843,1524.3181747174551,1530.3766291160603,1536.4820463699602,1542.2589754980831,1547.7830719816325,1553.3084306974579,1558.0840967386164,1562.8453006431007,1567.5706358487848,1572.5531152418976,1577.1280572508508,1581.1952823716415,1585.1465456039684,1589.2530434036178,1592.962367478306,1596.8264141104346,1599.7802959775981,1602.5968579750308,1605.3199997852107,1607.853275486778,1610.3209474470107
Nicaragua,NI,NIC,Cement production,kt cement,22.05767,22.05767,22.05767,22.05767,29.410226,44.11534,44.11534,36.762783,36.762783,29.410226,36.762783,44.11534,51.467896,58.820453,66.173009,80.878123,95.583236,102.935792,110.288349,124.993462,117.640906,117.640906,191.166471,235.281811,176.461358,227.929254,227.929254,198.519028,88.230679,154.403688,169.108802,102.935792,102.935792,102.935792,102.935792,102.935792,102.935792,102.935792,132.346019,219.4,239.0,277.0,255.0,309.0,324.0,360.0,377.0,377.0,350.0,530.0,514.0,549.0,889.611,521.0,530.3,530.0,530.0,530.0,530.0,600.0,700.0,620.0,650.0,700.0,740.0,780.0,780.0,680.0,580.0,510.0,512.0,530.0,530.0,530.0,548.1814597220584,565.4631563563051,583.2036496707595,601.7785197597203,621.3093998469492,641.266103312058,666.3237241209532,691.448351971828,716.6623942964634,741.9792457501309,767.5346110741507,794.5978511122895,821.6705058399438,848.7839553342175,875.9747585756998,903.2794376764053,939.163280682437,975.1378957437549,1011.2468155100223,1047.5239406875908,1083.9893239949454,1130.8757604877562,1178.0219223181336,1225.4196219119444,1273.1055625641188,1321.1527793135062,1389.2760945507382,1457.7439521378435,1525.4440400512715,1590.9181479798574,1654.1321603268393,1726.5444995618307,1795.6381302157147,1861.4667559826535,1924.117017147249,1983.6518066898398,2050.0516848707016,2112.297716051548,2170.620986087901,2225.176700730444,2276.1539280534566,2331.101661288811,2383.4484104885496,2433.1995994219774,2480.544374666065,2525.484168280751,2572.9164995184137,2617.747752748352,2660.023536230782,2699.8313805845823,2737.2558313058303,2775.400630170902,2811.066988539003,2844.383174275577,2875.5768432912705,2904.587584390016,2933.432370986427,2960.091349361181,2984.779898074152,3007.974206816446,3029.66781442429,3051.450512121209,3071.744742275671,3090.7553580674744,3108.4380487276685,3124.733733518922,3141.155274957497,3156.1661105063954,3170.012404523954,3182.5612927154034,3194.1777729645773,3205.638888741064,3215.923297179293,3225.0942986096347,3233.093310451021,3240.072925034186
Niger,NE,NER,Cement production,kt cement,,,,,,,,0.0,0.0,0.0,0.0,0.0,0.0,0.0,0.0,14.705113,22.05767,22.05767,22.05767,29.410226,29.410226,29.410226,73.525566,22.05767,14.705113,36.762783,36.762783,44.11534,36.762783,44.11534,36.567236,36.583452,36.762783,36.762783,36.898439,36.613946,36.762783,29.410226,29.410226,20.0,20.0,29.0,29.0,29.0,30.0,29.0,30.0,30.0,30.0,40.0,47.0,54.0,54.0,54.0,59.2,62.0,42.0,56.0,42.0,32.0,66.0,75.0,29.0,21.0,51.0,51.0,51.0,4.0,350.0,350.0,400.0,400.0,400.0,400.0,393.5044509300604,411.9759342853263,433.740519417163,453.9002750176604,475.10828790257636,497.0209304636082,531.3238504242335,564.8302773640695,597.6923651408509,630.0082981919181,661.877232281214,709.877206490187,757.4078028473905,804.5363881493871,851.3536712357994,897.8994398948284,958.3411968098759,1018.1673537095993,1077.4708422072454,1136.4203844264166,1195.2813888866767,1273.0350011473706,1350.3503751537635,1427.351171488365,1504.1302212994299,1580.7513623270866,1719.4521178886248,1858.5087928978594,1997.8520542523374,2137.383910547515,2277.060481830741,2467.666650207947,2658.361027710093,2849.004636255733,3039.524683960862,3229.865373462326,3484.660388053782,3739.7402350726397,3995.9335990664813,4253.174347906639,4511.401374014745,4851.412449022157,5193.089491579858,5536.366355288834,5881.17558684054,6227.430009395061,6675.365512600812,7125.669025438711,7578.238608502526,8032.992352175541,8489.853780566118,9046.221523757424,9578.306215111654,10086.670055818548,10572.09636732252,11035.496346623802,11573.804896379897,12079.719637194494,12555.626739885796,13003.548170464735,13425.455977074804,13900.36829468351,14353.503485326632,14786.479812091806,15200.608286954059,15596.81832213215,16040.273194295918,16460.99715122139,16860.61987231445,17240.433976505494,17601.479936902284,17998.20201468628,18372.40124029052,18725.822792112856,19059.522120712398,19375.307921870397
Nigeria,NG,NGA,Cement production,kt cement,0.0,0.0,0.0,0.0,0.0,0.0,0.0,110.288349,124.865132,168.926964,360.275273,485.268735,529.384075,662.063795,985.5498,1000.231854,786.723556,573.499414,566.146858,588.204528,661.805273,1139.545401,1220.434126,1205.748301,1367.575527,1271.992291,1440.892116,1536.684328,1742.555913,1999.895394,2500.008232,3602.752732,3602.752732,2992.490534,3337.885569,3860.092212,3801.27176,3499.816939,3499.816939,3500.0,3500.0,3500.0,3200.0,2627.0,2602.0,2545.0,2520.0,2700.0,2500.0,2500.0,2400.0,2100.0,2300.0,2300.0,2700.0,3300.0,4700.0,10000.0,10000.0,10000.0,12000.0,16000.0,20000.0,20000.0,21000.0,22000.0,19000.0,22000.0,22800.0,26200.0,29000.0,28000.0,28000.0,28000.0,26282.45511474811,26563.55779239705,26988.56118140178,27380.137452822448,27781.751801255297,28263.593490563504,28910.974097901933,29575.04916506756,30255.651200235166,30951.755431041896,31661.217652964446,32650.720425929812,33657.71183052957,34680.07747378939,35716.86238286762,36766.283790633206,37838.53306061399,38935.60021543664,40054.49527319263,41183.390046238615,42301.14660179883,43447.959885935044,44571.60810839124,45673.03279226724,46753.28070837996,47812.62999037482,49951.84131764938,52006.83427773435,53982.798347108364,55884.16903892568,57715.32912074488,59841.03508966296,61862.76933944929,63788.321113729,65655.44266708853,67469.5564296749,69549.70740713323,71556.07951580353,73492.41767067682,75363.704214694,77173.44442264325,79191.85278264665,81128.37001853123,82989.48245211164,84777.15423855734,86497.42149031289,88374.95751626005,90169.31592607987,91883.93333585985,93522.99407023347,95091.80486780769,96776.36879382182,98389.15282313291,99937.65924537259,101427.60175459176,102859.295819601,104389.59675306399,105852.09779800274,107248.90425781294,108585.63106762999,109864.71720274306,111218.379191353,112506.21224389007,113729.7937741323,114892.85475175749,115999.38794945698,117161.66091277591,118262.8903737206,119300.25889001432,120281.74235454165,121209.90295176307,122179.71067825198,123094.91044743675,123957.23288312842,124769.57678921963,125529.13411990143
Niue,NU,NIU,Cement production,kt cement,,,,,,,,,,,,,,,,,,,,0.0,0.0,0.0,0.0,0.0,0.0,0.0,0.0,0.0,0.0,0.0,0.0,0.0,0.0,0.0,0.0,0.0,0.0,0.0,0.0,0.0,0.0,0.0,0.0,0.0,0.0,0.0,0.0,0.0,0.0,0.0,0.0,0.0,0.0,0.0,0.0,0.0,0.0,0.0,0.0,0.0,0.0,0.0,0.0,0.0,0.0,0.0,0.0,0.0,0.0,0.0,0.0,0.0,0.0,0.0,0.44970362315036705,0.4450072106492697,0.4426636832569368,0.4385576256340074,0.43647066495679226,0.4327805736202343,0.42953143123088994,0.4274687908458332,0.4240399884173416,0.421744427748718,0.4216643132522738,0.41788493070808247,0.41543216231116653,0.41255213691259546,0.4100194778112887,0.40811849087252283,0.4050901183816055,0.40306969462785985,0.40015076621683515,0.3980440971759539,0.39465989519257855,0.39236498039345674,0.38960463797732775,0.3880915114199865,0.3852486238634394,0.38243469558601756,0.38399406233662314,0.3847737457119259,0.3867229541501829,0.38730771668166003,0.3882823209007885,0.3902315293390454,0.3919858169334768,0.3931553419964309,0.39568931296616494,0.39627407549764204,0.39822328393589906,0.40056233406180747,0.4029013841877157,0.40407090925066996,0.4058251968451012,0.40835916781483533,0.41128298047222067,0.4128423472228263,0.4163509224116888,0.41966457675672564,0.42122394350733133,0.4235629936332396,0.4262918854467993,0.42863093557270776,0.43116490654244194,0.43369887751217595,0.43584300679425864,0.4379871360763412,0.44032618620224956,0.44286015717198357,0.44539412814171775,0.44753825742380027,0.4481230199552774,0.45026714923736016,0.45163159514414003,0.45202143683179136,0.45299604105091984,0.4547503286453512,0.4549452494891768,0.45708937877125955,0.4576741413027366,0.45962334974099367,0.46118271649159925,0.46254716239837906,0.46352176661750755,0.4637166874613332,0.46410652914898454,0.46508113336811313,0.46527605421193885,0.4662506584310673
North Macedonia,MK,MKD,Cement production,kt cement,101.657297,115.479609,112.269621,121.84931,137.473664,136.011574,174.185014,172.944833,194.662672,209.986209,204.961514,220.34674,249.462704,266.407543,272.699986,283.983007,289.722011,329.945116,348.386047,386.257283,436.979896,513.389687,561.561061,588.163203,625.310258,674.086889,711.890617,770.547858,806.562035,840.08183,892.957896,896.056117,882.849668,866.596836,840.170767,847.624449,844.607325,829.77316,809.318003,744.106982,714.633535,516.0,499.0,486.0,524.0,491.0,500.0,461.0,520.0,585.0,630.0,600.0,768.0,751.54,886.529,924.225,944.529,916.0,909.0,820.0,930.0,645.0,730.0,660.0,672.0,855.0,901.0,921.0,896.0,928.0,935.0,865.0,865.0,865.0,868.1827443662826,873.6787415359684,877.5476446080115,881.3650469740668,884.9505717802666,887.5633513179573,889.0134966742659,890.2342430842933,891.2002812084039,892.0181790348548,892.5921002323838,889.682561781497,886.5492858399135,883.315521059544,880.2031895273686,876.9486795172235,873.7603462749712,870.5537788208197,867.1890064712633,863.8620126559574,860.6276766735041,857.3012540727614,853.8110458388923,850.6153517256711,847.4523782523763,844.3357201935846,839.2885578842989,833.8531458156776,828.3308279110156,822.3925103029482,816.2325461832025,810.0533335030885,803.6911901303268,797.3366659839351,790.9612650425721,784.4689288813714,777.8167167217125,770.9319622110725,763.9676069249729,756.9612215477488,750.0880454057035,743.1275677725914,736.2573179444915,729.1572118912006,721.9563923086035,714.6987088672333,707.4898238088298,700.5494237642191,693.5523207232911,686.4855518096797,679.4121865091926,672.4569237817411,665.4256842398185,658.5095417131392,651.6998236772587,645.0168772940553,638.3953796891817,631.6755255586851,624.9429179595755,618.3053867967375,611.6075825645362,605.0655156310833,598.4536072523235,592.0174020377764,585.5859552697217,579.1449127940426,572.7841557270574,566.3573961080766,559.9612903692667,553.5470653669302,547.2766445884613,541.1193435671709,534.8637786849697,528.5888219017146,522.3433920639303,516.0973011063105
Norway,NO,NOR,Cement production,kt cement,698.22298,705.578573,757.596967,772.018442,801.428669,897.011905,1014.65281,1029.357923,1132.293716,1154.351385,1271.992291,1411.690866,1441.101093,1544.036885,1602.857338,1823.434036,2154.299082,2293.997658,2492.516686,2610.499324,2742.873419,2727.798497,2727.798497,2639.567818,2713.093384,2683.683157,2316.328705,2235.177205,2198.414422,2205.554436,1838.139149,1786.511671,1668.867149,1543.89695,1602.857338,1749.90847,1639.767834,1426.272866,1374.928083,1260.0,1147.0,1266.0,1344.0,1444.0,1613.0,1664.0,1724.0,1676.0,1827.0,1851.0,1642.0,1631.0,1650.0,1420.0,1613.0,1695.0,1700.0,1747.0,1093.0,1298.0,1387.0,1659.0,1700.0,1700.0,1640.0,1660.0,1880.0,1680.0,1480.0,1440.0,1520.0,1530.0,1530.0,1530.0,1544.5699991355552,1559.836139527279,1573.0648994830285,1584.7855358089184,1597.071786220359,1611.1278958569696,1624.3186921241095,1637.3378466723996,1650.0204850821717,1662.4265866767153,1674.5622664598868,1679.1698612730186,1683.6310744357218,1687.8905596379218,1691.9717506610502,1695.9162259194452,1699.6041381791358,1703.128604431624,1706.4710465869284,1709.6715828904155,1712.7795720559348,1716.1268593330806,1719.2648731302793,1722.3413334699956,1725.3770120924812,1728.316537204806,1740.2534247430801,1751.844123606091,1763.1074880813997,1773.8647372211478,1784.2379386348484,1794.4218708537799,1804.2151454781601,1813.7010538952402,1823.0443467153793,1832.051927196566,1840.8468602761461,1849.3537158323381,1857.4347085263855,1865.2296393825582,1872.74510000242,1879.6827490242194,1886.3810385877766,1892.8918797106376,1899.3313891146677,1905.6906404647602,1911.3829240581847,1917.0402585662825,1922.3647867208012,1927.4631443560731,1932.3790602925174,1936.823305799197,1941.121929256786,1945.1953886823576,1949.0218648055932,1952.6128490654262,1955.4870604529042,1958.2030573256245,1960.6866635376289,1962.9406609924497,1964.9261939124262,1966.4572654256222,1967.8411306331743,1969.0681328953835,1970.403751969446,1971.8235500039802,1972.732288075117,1973.7901643512862,1974.7895986696717,1975.5886350541052,1976.4261168638084,1976.7074849993912,1977.0824255649748,1977.4936619520624,1977.7136564782732,1977.7254211180361
Oman,OM,OMN,Cement production,kt cement,,,,,,,,,,,,,,0.0,0.0,0.0,0.0,0.0,0.0,0.0,0.0,0.0,0.0,0.0,0.0,0.0,0.0,0.0,0.0,0.0,0.0,0.0,0.0,0.0,647.02498,698.752346,837.866823,867.601678,948.479801,1000.0,995.0,970.0,1000.0,1200.0,1177.0,1260.0,1264.0,1333.0,1217.0,1238.0,1370.0,1700.0,2500.0,2621.0,2686.0,3611.0,3880.0,3991.0,4000.0,4500.0,5000.0,6100.0,5800.0,5100.0,5300.0,5700.0,4860.0,5370.0,5520.0,6300.0,6500.0,7000.0,7000.0,7000.0,7186.745414109345,7423.628792563505,7611.223317827312,7752.0977874683485,7857.892136189516,7961.459015529736,8046.875846920891,8130.8492400913265,8213.727170927381,8296.57074443098,8379.369611348657,8411.7523354758,8444.463395873105,8479.394900491778,8516.008823245826,8553.684083341386,8585.161968344784,8619.844054766909,8657.059630666981,8697.181027300812,8739.316945504885,8775.674931548163,8814.675956765284,8854.90958349872,8897.350088537389,8941.579416024137,9021.350059527036,9102.090289684247,9183.71801356998,9265.630368592001,9347.554494041766,9426.116462818629,9504.27260045867,9581.957712283589,9659.150402736192,9735.514028688005,9809.025467914835,9882.007635188073,9954.382154793713,10026.086088491153,10097.287189236113,10169.367027142463,10241.088012465438,10312.064662377525,10382.506904030852,10452.36632618977,10523.71856564524,10594.865601794996,10665.489388148657,10735.650195851567,10805.604433077111,10877.986499207298,10950.45619249216,11023.006590383506,11095.698308906392,11168.634826513655,11243.122822397203,11317.846182662946,11393.090962357466,11468.588056793003,11544.325028256097,11618.98049777889,11694.013854641194,11769.196247968597,11844.86542677798,11920.702597550528,11993.57064134151,12066.360413569999,12139.071829412696,12211.510573788093,12283.592996791147,12353.092509433536,12422.172811722081,12490.915029892212,12559.109736547614,12626.6588688163
Pakistan,PK,PAK,Cement production,kt cement,497.953129,527.573883,595.185816,677.944965,687.188165,778.535686,1085.222221,1079.813415,997.321116,1152.620556,1233.422168,1386.246099,1491.33892,1533.724656,1695.921898,1838.682466,2028.420781,2426.946894,2653.115947,2542.890151,2644.801075,2602.805035,2874.323581,3470.406713,3117.483996,3139.541666,3161.599336,3102.778883,3418.938817,3338.060694,3588.047618,3698.698763,4940.918032,4698.685708,5227.667739,5227.667739,6830.992985,7043.305545,6933.460869,7490.0,7762.0,7793.0,8321.0,8100.0,8586.0,8900.0,9001.0,8901.0,9600.0,9900.0,11000.0,11000.0,13000.0,14151.0,16837.0,20202.0,24593.0,27044.0,30419.0,29380.0,29140.0,30203.0,31285.0,31964.0,33290.0,37892.0,38904.0,40617.0,40470.0,43429.0,49602.0,44333.0,41814.0,37741.0,39215.09958973935,40947.8769776138,42788.06818769938,44894.12829250739,47105.00756638289,49652.60037110889,52796.216008094,56034.219435456995,59366.10754857746,62791.17982604313,66261.30289607398,68990.6371845606,71613.01014934156,74144.40139112955,76588.21647480792,78953.59381771774,81992.3958999465,84876.43278511977,87626.25899970203,90261.13354305233,92794.84318360231,95824.85815720889,98689.44160166649,101434.68018029805,104109.33110276336,106724.1290640212,110456.01718776312,114050.63788928899,117523.83224359284,120883.18096971989,124139.55721901805,127807.4634419771,131340.33735574485,134737.3339062106,138016.5542737164,141179.81510066555,144680.75416142907,148037.13987533923,151271.16129066193,154371.5943073216,157375.28164318006,160611.81806435293,163749.16931972187,166787.5951318943,169737.70330586715,172596.6552645563,175629.53829378,178555.12732229597,181383.70638630673,184117.10851761323,186761.82267753294,189526.71767217963,192186.6283269006,194739.63891892784,197183.95411532224,199540.55437148895,201979.77851764733,204321.8324063684,206581.3522734121,208748.97953906909,210825.1019280722,212946.86354405747,214989.3784026156,216934.30224413128,218822.84479867955,220622.9605344741,222453.45218725846,224215.6017724896,225909.19503974516,227531.8510718945,229087.42572727945,230633.0043693449,232093.2252391488,233467.70816825103,234775.2968571213,236022.9133846291
Palau,PW,PLW,Cement production,kt cement,,,,,,,,,,,,,,,,,,,,,,,,,,,,,,,,,,,,,,,,,,0.0,0.0,0.0,0.0,0.0,0.0,0.0,0.0,0.0,0.0,0.0,0.0,0.0,0.0,0.0,0.0,0.0,0.0,0.0,0.0,0.0,0.0,0.0,0.0,0.0,0.0,0.0,0.0,0.0,0.0,0.0,0.0,0.0,4.364741422497854,4.315762618506743,4.2660651293824685,4.217029712716478,4.1642305003441855,4.11283285301762,4.054945062823132,3.9972731677035602,3.94715145062506,3.8967001334064397,3.847545852436745,3.7875144600642856,3.732046529327786,3.6747294949465674,3.621802659146787,3.567392880037499,3.5124070421558997,3.454853106505568,3.3988910017721925,3.347647639829014,3.2942061468944135,3.239738651189021,3.1862735749938316,3.1348751213730948,3.0845442113719153,3.03550230089758,3.014255928920579,2.990670506817669,2.9661104804956318,2.942330137548897,2.918354873758336,2.89418468912395,2.8707941878648655,2.845649399011351,2.8242081061905244,2.8006226840876147,2.779766153798265,2.7573502567583104,2.7357140430936573,2.71524735449196,2.6953654284217383,2.676847948258297,2.6569660221880764,2.638253621180809,2.6197361410173676,2.6018034233854035,2.5848453099725686,2.5671075131844296,2.5534630541166305,2.537089703235272,2.518962064759483,2.5041480806287297,2.488554413122674,2.4735455081480953,2.4593162865488196,2.4454769066371944,2.429883239131139,2.4152641758442113,2.402399400151716,2.3897295453030454,2.374135877796989,2.3620507854797963,2.3486012472558238,2.3345669465003733,2.3226767750270056,2.3074729492086012,2.2924640442340225,2.278624664322398,2.2657598886299026,2.252700192093581,2.240225258088736,2.226970640708589,2.214300785859918,2.2004614059482934,2.1877915510996235,2.175316617094779
Panama,PA,PAN,Cement production,kt cement,73.525566,95.583236,80.878123,73.525566,73.525566,73.525566,80.878123,66.435601,95.583236,110.288349,110.288349,124.993462,139.698575,124.993462,169.108802,147.377188,183.813915,162.050347,176.461358,242.634368,279.397151,272.044594,433.800839,397.038056,279.397151,279.397151,272.044594,301.45482,507.326405,566.146858,522.031518,352.922717,323.51249,301.45482,301.45482,338.217603,352.922717,220.576698,168.863361,300.0,300.0,250.0,571.0,615.0,615.0,647.0,700.0,750.0,760.0,950.0,820.0,748.0,888.9,1042.2,1050.0,1050.0,1050.0,1843.0,1679.0,1491.0,1766.0,2310.0,2370.0,2190.0,1970.0,1900.0,1920.0,1640.0,1370.0,754.0,821.0,900.0,900.0,900.0,922.3350303194358,955.5091993599807,988.9314058602531,1023.1424756048748,1058.2471484347009,1092.0134239875833,1121.2176742437862,1149.8929064415047,1178.085547585634,1205.8302948724956,1233.2494640022276,1246.0495125982739,1258.8533932708986,1271.6679226100593,1284.489348707661,1297.3179209713464,1307.1565651714443,1317.2493068469414,1327.5747028085677,1338.1119565050092,1348.8208031554052,1358.2181096002928,1367.9432209928743,1377.9021949179726,1388.1651090159542,1398.738252059047,1417.235757646982,1435.402160888349,1453.2268397038313,1470.7267300202477,1487.8921069281469,1504.9610012791065,1521.6943747392859,1538.109337241315,1554.210181183138,1569.9666011573747,1585.5687523131473,1600.8502268330383,1615.8080860403384,1630.4388553559459,1644.7664817753384,1658.6298661054104,1672.2009354562288,1685.4551719135065,1698.4265392216614,1711.0883676594958,1723.4516561257226,1735.5171663069696,1747.282736750485,1758.7169237393562,1769.8448149213236,1780.6307645215268,1791.0953601598992,1801.2436779260854,1811.0791878934554,1820.5850335983025,1829.7918439840869,1838.683058278309,1847.2461286823077,1855.483920527609,1863.4238613346186,1871.02488697785,1878.3587017580933,1885.3971127403697,1892.1561229230836,1898.5960884757135,1904.75279591791,1910.6304400416584,1916.2455503215886,1921.5649987383063,1926.6285995628543,1931.3399824416467,1935.8140723698943,1940.0801693111187,1944.107032497838,1947.925103427993
Papua New Guinea,PG,PNG,Cement production,kt cement,0.0,0.0,0.0,0.0,0.0,0.0,0.0,0.0,0.0,0.0,0.0,0.0,0.0,0.0,0.0,0.0,0.0,0.0,0.0,0.0,0.0,0.0,0.0,0.0,0.0,0.0,0.0,0.0,0.0,0.0,0.0,0.0,0.0,0.0,0.0,0.0,0.0,0.0,0.0,,,,,,,,,,,,,,,,,,,,,200.0,200.0,200.0,200.0,200.0,200.0,200.0,200.0,200.0,140.0,130.0,150.0,160.0,160.0,160.0,157.6672685101919,162.2157739288035,166.15802047783822,170.38366054020466,174.7630180856723,179.32752694460586,187.83092995203174,196.31191392246063,204.7776097294709,213.22161002569655,221.63799205757212,233.11561093310468,244.50356477207038,255.84119763448356,267.0723804162571,278.2607007779243,293.637145749094,308.8939919316205,324.03339151142984,339.08886657035,354.048926586476,374.2162429780851,394.22984302298323,414.2114506094904,433.97736235234356,453.70859218058513,484.14442276945425,514.7343965924933,545.4635825124817,576.3368127195628,607.3132914357715,646.7582212360189,686.354995167467,726.077064942965,765.9134031321493,805.8388748646049,855.3999372075153,905.0773435155988,954.825344848999,1004.6151464275088,1054.4055185021418,1113.585995820402,1172.7346666042965,1231.823204294359,1290.8368361428363,1349.8641538578795,1418.454977911679,1487.32779167827,1556.4925146064772,1625.9526081848564,1695.6843199839625,1774.6384152403286,1853.9324620078837,1933.5351948137272,2013.4346131354307,2093.6603092047817,2182.9109134794353,2272.576830628475,2362.6168888847533,2452.9769966646913,2543.7165402264163,2643.2949128020305,2743.2739028209958,2843.2028689179356,2940.4650960600875,3035.013328809009,3134.0499871536504,3229.8793826846527,3322.4833466697223,3411.862340522767,3498.05976415094,3586.110016070366,3670.647168722269,3751.6739596026227,3829.246158541419,3903.5254107149694
Paraguay,PY,PRY,Cement production,kt cement,0.0,7.352557,0.0,7.352557,14.705113,14.705113,14.705113,7.352557,14.705113,14.705113,14.705113,14.705113,14.705113,22.05767,29.410226,29.410226,14.705113,22.05767,36.762783,88.230679,58.820453,73.525566,73.525566,102.935792,139.698575,154.403688,198.519028,169.108802,154.403688,176.461358,154.403688,110.288349,154.403688,110.288349,44.11534,176.461358,264.692037,323.51249,323.51249,326.0,326.0,325.0,490.0,659.0,635.0,613.0,675.0,730.0,730.0,650.0,650.0,450.0,520.0,470.0,550.0,600.0,600.0,800.0,600.0,650.0,650.0,800.0,960.0,1000.0,1300.0,1300.0,1500.0,1100.0,1100.0,1000.0,1100.0,1100.0,1100.0,1100.0,1136.9901190132837,1172.2582725109112,1208.525029257728,1246.588397215878,1286.6995726583668,1327.1996842022672,1368.4789881946988,1410.215624093183,1452.4139646651513,1494.7555622106977,1536.8134141681433,1566.7120970635222,1596.0843957872255,1624.9789361069274,1653.442820786444,1681.5197395212842,1710.3185361483484,1738.7023151677317,1766.7258453253837,1794.3967123913037,1821.7446531776432,1850.3022034379017,1878.5614439517399,1906.4093401833422,1933.8971164556694,1961.0713912104466,2001.8289096892788,2041.3878740024059,2079.7532070359835,2116.9249604483343,2152.9613470450195,2190.7414294260197,2227.644835645925,2263.65788818185,2298.8274889114864,2332.9885939327687,2369.105768666494,2404.2299936333993,2438.4129260459217,2471.564580530513,2503.6573177644727,2535.90164910196,2567.1554427913884,2597.2919729219384,2626.4662539080196,2654.700975469649,2682.8810421731155,2710.0079689011413,2736.1901432591553,2761.3818359885354,2785.5910887313344,2809.189981552983,2831.799538204238,2853.555083967376,2874.4634165274797,2894.484399720332,2914.0912266175783,2932.768409535233,2950.715151019036,2967.9081737410334,2984.4161271168628,3000.48483478636,3015.767769521542,3030.597464787904,3044.8394160889025,3058.3004604453768,3071.725346916406,3084.525644565283,3096.8207732245946,3108.5260319029803,3119.643697231378,3130.6173104863738,3140.9322786387834,3150.619266497814,3159.74466841699,3168.1414811785794
Peru,PE,PER,Cement production,kt cement,360.275273,367.368389,448.505952,484.983786,544.089188,551.441745,544.089188,602.909641,580.851971,602.639278,595.557084,698.492877,757.042085,816.133782,1014.963862,1065.825872,1088.178376,1110.236046,1139.373238,1132.527226,1448.453649,1624.915008,2360.170667,1904.639135,1904.312158,1963.132611,1926.067225,2022.283232,2396.93345,2169.004196,3080.252591,2588.099921,1963.484679,1948.427498,1756.930838,2205.766979,2587.731875,2514.207157,2102.831186,2190.0,2200.0,2090.0,2500.0,3177.0,3792.0,3848.0,4301.0,4340.0,3799.0,3906.0,3950.0,3980.0,4000.0,4604.201,5107.258,5782.419,6231.023,6922.0,8100.0,8396.0,8500.0,9847.0,10527.0,10676.0,10410.0,10094.0,9980.0,10049.0,10574.0,9140.0,12855.0,13500.0,13500.0,13500.0,13621.981927789537,13734.113728657543,13840.477710242754,13950.145980921689,14065.304359988653,14225.776038391585,14346.923283785673,14470.078571482289,14595.357496804241,14722.871592720032,14853.284228163997,14856.993156659915,14866.316117979037,14880.523885819362,14899.359839068458,14922.647592264535,14938.077240354567,14958.58185225517,14983.638931359534,15012.681438310576,15045.610645898892,15077.411199717231,15113.36834394913,15152.33660014341,15193.894593113779,15238.419830465482,15375.987423727842,15508.091979505347,15634.955615394352,15756.903910577388,15873.602889615084,15991.55287756403,16103.901041816636,16211.018017841378,16312.636834850857,16409.10156826104,16505.80119842998,16597.118318118366,16683.022257025277,16763.76821186134,16839.183608000738,16913.129015272138,16981.843122892642,17045.091825813153,17102.865577371875,17155.205486988325,17204.62378775728,17248.96313981497,17288.20849107363,17322.52694529944,17351.79397609155,17377.611043161658,17398.72141130761,17415.402740920545,17427.68195205062,17435.792364662455,17440.3822708027,17441.05226656247,17437.756605261293,17431.058905148926,17420.546564477787,17407.203335614726,17390.620192877937,17370.73165470428,17347.904182274346,17322.66650773477,17295.038128474298,17264.865354241952,17232.261849042323,17196.891639218007,17159.946819134242,17120.861072359625,17079.739142764476,17036.63617684523,16991.83875346608,16945.086031688526
Philippines,PH,PHL,Cement production,kt cement,308.807377,308.807377,294.102264,308.807377,396.818334,434.055119,507.326405,639.672424,727.903103,794.076112,1022.435142,963.184914,948.479801,1198.466725,1529.732961,1610.209894,2110.183743,2566.042252,2948.375195,2448.401346,3117.483996,2904.259855,4058.61124,3499.816939,4264.482825,4499.764636,4198.309816,4337.58397,3948.322892,4477.706966,4088.45397,4352.713504,4382.123731,3654.220628,3080.721213,3543.932279,3323.355581,4095.772096,3624.470841,6360.0,6913.0,6667.0,7962.0,9571.0,10554.0,12429.0,14681.0,12888.0,12556.0,11959.0,8653.0,13400.0,13067.0,13346.0,15494.0,12033.0,13048.0,13369.0,14865.0,15900.0,16063.0,18907.0,20150.0,21305.0,24050.0,23000.0,26000.0,27700.0,27700.0,23000.0,27000.0,28700.0,28700.0,28700.0,29848.129288435215,31302.545645792467,32731.72647903067,34136.404805510865,35506.09325490724,36798.47214362837,38196.67532360879,39539.08978498782,40833.0285187446,42085.61909759704,43294.70308254041,44177.95372598102,45021.8452935136,45827.15653611049,46600.03525154735,47343.44527208242,48068.538282302376,48767.45266148348,49443.471264121064,50100.808100960756,50742.00969295345,51382.24089713331,52012.387331199636,52631.36880444192,53240.998963865066,53844.24908627696,54414.05060422019,54954.30314592849,55462.17178409891,55942.70496779298,56396.75498047818,56840.59439374927,57256.460080348734,57650.20257508151,58021.007418863555,58366.56011939077,58705.3537971964,59022.344730167046,59317.55976805343,59593.79301643594,59850.23967924196,60089.99379221293,60313.91454027527,60516.3397384747,60701.295757322965,60866.917034284284,61013.89284051402,61142.88720490209,61250.82789096714,61339.915249083126,61407.94252796766,61459.17541456749,61490.16022944145,61497.98074298505,61489.203355397476,61463.268858752424,61416.044538420014,61352.111397290784,61268.860887001145,61169.523202303026,61051.77998868526,60916.988744429706,60768.1034341565,60606.4750208433,60433.176387103806,60248.660484174914,60054.58378442343,59849.21669192618,59636.31172134399,59416.08012511548,59190.14386962743,58955.626097422806,58715.200648431884,58472.04357021025,58224.65177084528,57972.54483920502
Poland,PL,POL,Cement production,kt cement,2691.116441,2668.978044,3293.945355,3404.149189,3815.886213,4036.553571,4492.41208,5058.454079,5315.898418,6595.243266,7359.909152,7543.723067,7675.947349,8757.026991,9573.028687,10043.592309,11131.770685,11602.488419,11830.115833,12175.980381,13080.198183,13984.562644,15550.657199,16764.006257,18499.032393,19800.43491,21300.356456,21697.394512,19175.4676,18440.21194,14227.197011,16102.098943,16197.682179,16697.51491,14999.338806,15800.644123,16087.39383,16984.266083,17124.10431,12500.0,12012.0,11908.0,12228.0,13834.0,13914.0,13959.0,15003.0,14970.0,15555.0,15046.0,11918.0,10948.0,11653.448,12566.265,12646.223,14688.353,17119.936,17207.0,15043.0,15521.0,18552.0,15735.0,14539.0,15357.0,15016.0,15514.0,17229.0,18944.0,18735.0,18732.0,19327.0,18854.0,16607.0,17690.4,17715.89041434873,17740.27263016826,17836.406361039946,17928.778792618432,18017.086596673405,18102.02185107748,18154.305812573653,18200.899738572873,18243.93293192787,18284.156392410077,18322.64331719839,18281.212091158413,18237.344480729218,18193.77687497618,18150.844091071456,18107.252170798307,18049.36191637912,17992.863406619173,17935.50872396477,17880.201885877177,17824.92160587039,17762.55127053348,17698.87227378544,17638.178754780336,17579.82506830061,17524.494476556236,17425.057752666275,17322.971378973038,17219.428482561023,17112.693500210833,17003.694226839834,16890.44952978673,16774.6270444602,16656.770931132505,16536.712729789648,16413.281053465187,16286.818707565619,16157.186935845788,16025.242431894478,15889.95834189219,15751.996944098355,15609.609141184244,15464.88691811835,15318.136479354122,15169.802791691658,15020.236920416999,14867.708927235486,14714.247196643923,14560.279690360408,14405.940448899208,14252.53269834171,14098.767011779382,13946.264359637205,13794.56683988855,13645.893905429311,13498.282644206045,13352.74943082299,13209.325424896915,13068.36541792269,12930.223023386427,12795.271997124644,12663.475259553989,12534.335211998927,12407.789599022914,12283.86346693319,12162.824612573231,12044.456116545822,11928.328920040587,11814.20586908816,11701.795697813437,11590.83798103154,11481.859765477593,11373.404109326217,11266.199930803055,11159.54886175309,11053.548093208929
Portugal,PT,PRT,Cement production,kt cement,640.106984,727.903103,772.018442,779.370999,778.929429,1022.005367,977.890027,1022.005367,1029.357923,1198.466725,1242.582065,1404.33831,1433.748536,1624.37463,1676.382904,1720.498243,1823.434036,1860.196819,2037.169386,2331.32072,2455.753903,2779.266393,3301.297911,3390.128719,3448.349043,3713.04108,4294.58595,5117.37939,5139.43706,5748.918048,5698.231361,5962.923399,6065.859191,5536.475116,5367.366314,5440.89188,5852.63505,5896.750389,5984.981068,7280.0,7473.0,7638.0,7617.0,7977.0,8123.0,8455.0,9395.0,9500.0,10147.0,10343.0,10162.0,9759.0,8567.0,8843.0,8438.0,8340.0,12631.0,6629.0,5318.0,4587.0,5069.0,4090.0,5000.0,5420.0,5620.0,4100.0,3790.0,3960.0,4140.0,4290.0,4500.0,4500.0,4500.0,4500.0,4498.63134848524,4499.863431829736,4500.949260456603,4503.610890620222,4507.022496959637,4506.996150510727,4505.306576890941,4503.481726292635,4500.928513722066,4498.582968981102,4495.881491397247,4473.229595628557,4450.524521501609,4428.161826844268,4405.419820435524,4382.513982117025,4357.523471289864,4333.4562061659835,4309.459630723031,4285.176609643957,4261.22631764632,4236.868443336795,4212.565334552339,4188.751446926503,4165.554255437633,4141.944152740625,4140.411516660531,4138.586821488847,4135.764304995414,4132.244672550472,4128.807723754382,4124.023393825749,4119.554056384738,4114.944558133901,4109.140516855002,4103.814906714823,4097.6675103920015,4091.9246235411592,4085.6429363189363,4079.251032975313,4072.552209921873,4065.863842390708,4059.3675648174253,4053.0750608228827,4046.393830793471,4040.4617780065337,4034.454673710977,4028.858122087963,4024.450865849302,4019.6263554370867,4015.1732910288288,4011.3847167336335,4007.897834763287,4005.7058813746867,4003.8209364399204,4002.3901258858164,4001.198938462276,4000.2041137889773,3999.9626454275403,4000.4205014708537,4000.6613903575403,4001.081303520223,4001.7198918626564,4001.748212429383,4002.344262222555,4002.93242587765,4003.1686024657342,4003.498807415515,4003.3704003466105,4003.3666911421,4003.384984841395,4001.7112571266107,4000.6321727391673,3999.8213443314767,3999.51818498409,3998.7506220903965
Qatar,QA,QAT,Cement production,kt cement,0.0,0.0,0.0,0.0,0.0,0.0,0.0,0.0,0.0,0.0,0.0,0.0,0.0,0.0,0.0,0.0,0.0,0.0,51.467896,257.339481,257.339481,102.935792,102.935792,124.993462,161.756245,169.168536,169.108802,205.943292,235.341909,205.929236,257.339481,227.86162,374.980386,477.774111,316.159934,308.807377,301.358724,301.45482,301.45482,267.0,527.0,544.0,544.0,469.0,475.0,690.0,692.0,986.0,1025.0,1210.0,1240.0,1340.0,1400.0,1400.0,1500.0,1568.0,2400.0,3800.0,4095.0,3780.0,5000.0,5500.0,5335.0,6080.0,6880.0,6700.0,6000.0,5600.0,4500.0,4000.0,4500.0,4800.0,4800.0,4800.0,4817.479550205126,4867.280278110747,4872.180266599374,4910.368633793941,4968.584756799466,5003.137345814766,5048.591875021886,5095.215794929842,5142.928821547769,5192.401725594687,5243.19496988528,5272.584479099623,5302.910311084746,5335.073944540172,5368.618364787275,5403.039862087416,5437.73935942782,5474.18242546378,5512.078342910748,5551.722384528888,5592.524097709906,5630.323124636969,5669.667398166155,5709.800792366912,5751.218505323222,5793.6314085235235,5860.905324506685,5929.01497050396,5998.102411469306,6068.539407113682,6139.623638614441,6209.7434986888475,6280.248211436795,6352.150050042062,6424.887925105495,6498.729546154501,6572.939385568432,6648.231988964937,6724.719067164711,6803.338875635053,6882.914715334342,6967.13659691684,7052.3178033515405,7138.470240092977,7225.644480536746,7313.836795224129,7408.2665472899935,7503.641690731738,7600.227116426167,7697.870545222217,7796.834493155389,7900.809740081888,8005.757229638498,8111.841168722582,8219.112912718587,8327.329532737189,8439.633823955215,8553.916349261783,8669.42040413933,8785.609340007886,8902.87895952667,9023.41522047153,9145.068592588012,9267.94058932297,9392.086244697066,9517.268551172228,9643.896177213941,9771.593098934138,9900.030583874946,10029.375136496736,10159.698630467105,10291.352242847497,10423.734790477187,10556.52965261745,10689.684388068456,10823.144248109676
Republic of Korea,KR,KOR,Cement production,kt cement,7.352557,36.762783,44.149805,58.820453,58.820453,44.11534,95.583236,294.221915,360.275273,433.927607,522.031518,786.723556,779.235598,1242.377018,1610.209894,1882.254488,2441.303463,3573.342505,4830.629683,5823.621879,6874.640416,6484.560814,8176.453131,8845.125584,10131.822988,11874.378901,14197.786785,15131.561473,16410.90632,15609.477651,15616.830208,17888.770196,21278.298786,20410.240493,20425.402221,23403.187642,25660.422517,28990.6517,30468.99453,33600.0,38335.0,42650.0,46893.0,51634.0,55130.0,57260.0,59796.0,46091.0,48157.0,51255.0,52046.0,55514.0,59194.0,54330.0,47197.0,49199.0,52182.0,51653.0,50126.0,47420.06,48249.153,46862.24,47290.598,47047.9,52043.695,56507.193,57399.835,52092.607,50635.456,47518.187,50449.908,51062.17,51116.346,44185.538,43623.98578554924,43089.73346784401,42581.0340870214,42069.44743756849,41576.874710533906,41065.07927680445,40584.934381153595,40104.20200934249,39621.007520208695,39132.77214497814,38642.312400719165,38386.844900570104,38125.157275055004,37856.46183212976,37580.63451041452,37300.737950474795,37036.016186297435,36766.32267631064,36495.95021773404,36222.08299468759,35942.25964802015,35668.83928090569,35391.63464279734,35105.06523009527,34811.77548908051,34510.62779963983,34079.230467553636,33631.80802762218,33169.45780592404,32702.014942331676,32231.919908861306,31763.054329895167,31286.362983608415,30800.624429861327,30310.63098167929,29824.917022433197,29343.27422313233,28871.642150331565,28399.400770158194,27935.097862326336,27476.483336487683,27029.514407847484,26590.15864811141,26156.464261844474,25731.452006687177,25306.670144342163,24892.542776892027,24486.17113965192,24087.12795566925,23696.880148057277,23312.387281496973,22938.05971240858,22569.40061110278,22206.60144692956,21850.54118896898,21500.79068334837,21156.827362461347,20815.72060615745,20481.81446442497,20151.725346078525,19827.70571332143,19506.88426806368,19190.267820186895,18875.98795633473,18566.571250273104,18260.552551708155,17959.776691261966,17663.896360744526,17373.410234166255,17089.69575089477,16813.26824884704,16543.66709239941,16283.649065594036,16031.209693115714,15784.942925771098,15546.664932116624
Republic of Moldova,MD,MDA,Cement production,kt cement,115.682517,134.265705,154.992805,187.995229,226.815284,255.470056,302.413042,354.876872,420.568614,502.201718,570.703762,654.059397,707.704677,765.43184,866.999318,973.17355,1047.155354,1097.758165,1143.411175,1230.783474,1315.394777,1387.159822,1476.988459,1574.916414,1692.515365,1746.273501,1809.864357,1832.387098,1798.854953,1852.158665,1907.552856,1878.643796,1970.763465,2025.884064,2059.627087,2154.438208,2216.863835,2277.03312,2318.811555,2288.0,1800.0,1088.2,960.3,769.1,518.8,494.4,611.8,493.0,462.0,431.9,402.1,477.0,484.4,667.6,772.8,1051.1,1531.0,1775.9,869.4,861.4,1018.0,1051.4,1095.3,1086.2,1122.8,900.2,1116.0,1233.0,1329.0,1235.0,1243.0,1200.0,1200.0,1200.0,1206.9193984409153,1215.2647148275476,1226.3847300702776,1236.96852982324,1246.7503703227287,1254.3088107181081,1259.2381490756356,1263.4898195881426,1266.7422774417655,1269.048978146269,1270.5666247813922,1265.2820070344135,1259.8734036321102,1254.2591382524258,1248.4019117326193,1242.2974345526368,1234.7312787257692,1227.3766283670568,1219.9800713464335,1212.6626270859927,1205.5687855175763,1197.2893047138255,1189.3113442055114,1181.5586952863453,1173.9539884128467,1166.2263292956761,1160.0698361207747,1153.461414408049,1146.6456944178753,1139.4923604954922,1132.0726584546026,1124.3255627842912,1116.271445334582,1108.238913693341,1100.0633922219101,1091.6972961244305,1082.9504249296608,1074.2787698925215,1065.558626462314,1057.000277389901,1048.3487577976616,1039.6901036986033,1031.223950363579,1022.7710722893916,1014.4322406918072,1006.4314221489658,998.3025638581411,990.6139407301919,983.0925301000012,975.844593405162,968.6793006265439,961.6720506428445,954.8927155966327,947.9704002567445,941.2661268885902,934.6506836448146,928.1690954351286,921.7561387516918,915.3984853460204,909.0665862896461,902.8134293930003,896.4586683986762,890.1797425812343,883.9332039786784,877.6042763441328,871.2818101336528,864.9828202503858,858.4968672175705,851.9589502278458,845.3614236064668,838.7519675536366,832.0442374389514,825.3578221552806,818.7106183061719,812.0491339129666,805.4526372916752
Romania,RO,ROU,Cement production,kt cement,1139.831822,1499.921545,1897.186511,1602.857338,1933.914986,2095.47863,2352.81811,2573.58414,2852.791959,3051.310987,3308.650468,3485.111826,4367.188293,4749.75156,5404.129097,5882.045276,6330.551228,7029.044105,7514.559648,8124.327004,8521.364759,9212.753414,9845.073281,11190.591138,11521.456184,13087.276137,13874.274295,14690.685899,15594.772538,15609.768781,14741.875973,14992.143712,13969.602117,14013.97287,12234.654174,14212.491898,14293.122983,14448.022706,13264.012097,9470.0,6692.0,6271.0,6240.0,6676.0,6842.0,6956.0,7298.0,7300.0,6252.0,6058.0,5668.0,5680.0,5992.0,6238.584,7032.1,8252.768,10059.579,10659.0,7797.0,6909.0,8087.0,8223.0,7451.0,7621.0,8356.0,8038.0,8442.0,8951.0,9937.0,10539.0,10676.0,10204.0,10204.0,10204.0,10185.742916652114,10196.04156017273,10191.944461440571,10186.200092848207,10182.580476232957,10165.177707535639,10144.01966483693,10122.136639531693,10100.485749393769,10078.497553283007,10057.599883074357,9997.159362574423,9937.302616785919,9879.152493462962,9822.67681995921,9768.464394509245,9714.516771667753,9661.225924404542,9610.095070701202,9560.90907674432,9512.27231652783,9463.6496991752,9415.371120309035,9368.644438734847,9323.999064491962,9281.914749268046,9219.690635428075,9156.439832463246,9091.877807214769,9027.483395536976,8961.870872280831,8894.08725164996,8825.324276054766,8755.986611363433,8685.971947333861,8615.020686187363,8543.7565232189,8471.607390966697,8399.264566381713,8327.993657767382,8257.063393215967,8186.193615805909,8117.4917633112345,8050.189679183143,7984.735221548189,7919.983415115756,7856.545770584356,7794.330449822083,7733.516245368297,7674.820118976547,7616.737462874782,7559.892315838258,7503.886787835868,7448.666383806274,7394.253812548983,7340.683104326478,7287.630584733389,7235.676175490218,7185.445060608457,7135.446499401629,7086.274898652138,7037.952081199062,6989.586070462393,6942.614727456887,6895.807986739319,6849.028248595396,6802.049381455363,6755.82662185968,6709.322150794064,6662.433075434138,6616.194405079351,6569.391962299291,6522.542236051824,6475.45016437148,6428.022296599896,6380.220053639523
Russian Federation,RU,RUS,Cement production,kt cement,7639.605621,8682.917691,9819.293808,11672.068435,13805.861886,15250.127492,17710.170807,20395.292207,23727.684466,27822.393995,31056.45628,34970.836134,37188.384303,39540.584902,44040.057746,48620.533519,51468.942977,53094.158576,54431.038659,57680.0,60626.0282,62889.351266,65881.119475,69128.610922,73119.0,74602.127353,76471.993442,76588.77069,74388.805533,75792.0,77048.437243,74910.489996,77590.902308,78765.224197,79089.0,81778.084235,83191.364911,84489.830813,85085.304975,83034.0,76193.691555,61700.0,49900.0,37200.0,36500.0,27800.0,26700.0,26000.0,28400.0,32400.0,35300.0,37700.0,41000.0,45700.0,48534.1,54731.2,59934.1,53548.2,44266.2,50392.3,56152.5,61690.6,66548.9,69139.2,62102.6,54935.2,54721.7,53678.9,57676.038,56165.0,59822.146,60666.976,62827.275,65157.994,65167.35088483156,65165.925567225335,65243.30885793887,65320.48002639722,65397.63850834988,65522.57712522792,65656.47594114004,65793.82879023631,65937.48206923984,66088.71725918961,66244.83919513936,66188.26671783841,66136.81429604784,66091.51225435534,66051.93796256348,66015.89105765255,65975.51665432373,65939.64958438366,65909.39887666565,65881.09742008676,65858.56892299071,65827.8087779993,65805.34499394237,65781.58748524563,65761.52927577696,65747.07732604265,65840.71110499203,65920.47820014668,65992.38466550992,66036.03659452406,66071.30899579353,66116.09392937423,66155.22014982892,66188.01374429569,66203.03815302561,66213.2258253646,66239.43677980738,66249.31861983707,66260.71057636058,66259.02264134212,66255.56918342922,66254.35447243562,66256.74471324187,66264.81772947426,66269.9878767168,66265.55292983222,66264.72121681919,66256.76043746578,66268.36505892033,66280.94352597036,66297.86722909154,66319.43305086698,66351.70401989228,66378.50736900495,66409.79943411253,66447.3215020465,66497.35969588534,66550.78381939381,66601.46464339385,66653.61827373576,66703.29210628162,66755.82927082866,66809.50219015041,66870.22297474796,66927.51848524001,66981.50786159157,67036.42930033158,67092.1883092476,67132.8572301519,67180.74335822182,67227.90692285872,67266.60523503146,67292.3887649166,67321.90131146339,67338.49574017103,67351.87864593671
Rwanda,RW,RWA,Cement production,kt cement,0.0,0.0,0.0,0.0,0.0,0.0,0.0,0.0,0.0,0.0,0.0,0.0,0.0,0.0,0.0,0.0,0.0,0.0,0.0,0.0,0.0,0.0,0.0,0.0,0.0,0.0,0.0,0.0,0.0,0.0,0.0,0.0,0.0,0.0,0.0,0.0,66.569255,58.820453,66.526876,60.0,60.0,60.0,60.0,10.0,10.0,42.0,61.0,59.0,66.0,71.0,91.0,101.0,105.105,104.288,101.128,102.589,103.034,103.0,92.0,95.0,94.0,106.0,130.0,140.0,180.0,350.0,390.0,400.0,450.0,490.0,670.0,940.0,940.0,940.0,915.4676784587701,964.753808376871,1023.0010962660166,1083.8200233358345,1148.285836163413,1204.231895671083,1253.7098648100764,1302.2219644856923,1350.532456429146,1398.3085852007962,1445.993124547649,1505.85026726717,1566.4569971932708,1627.016276578719,1687.8919210836464,1748.7270060500048,1810.3236761220053,1872.6258504696825,1935.9046115138765,1999.572069349789,2064.818847291133,2133.412118331614,2203.965857831095,2275.6834581654552,2348.7007407411015,2423.035528447281,2559.039198758864,2691.2435898313447,2819.952759410472,2945.047346218173,3066.72473037355,3210.0467446361017,3347.761867673397,3480.304345333725,3609.8905037012587,3733.751223784317,3874.7875761920363,4011.49026208952,4139.672001063758,4264.253383100957,4383.412427211431,4516.902694693187,4644.164820464738,4769.820562983272,4891.102347198303,5006.311529939329,5136.012606314469,5259.662027828355,5380.188318205329,5496.377205347047,5607.257144656753,5727.259120106903,5840.0100982135855,5951.711588280127,6057.853022924889,6162.257928623934,6272.886551149015,6378.083190249936,6481.089322311801,6579.864462971095,6671.110606664716,6767.916582928337,6863.672185264048,6963.073116814772,7053.28683184191,7149.2593391766095,7235.108516779408,7318.635009009335,7403.062306872326,7487.217110335842,7561.607915499007,7647.5199165532995,7723.349668680827,7795.262705446414,7866.216330257834,7939.630154326042
Réunion,RE,REU,Cement production,kt cement,0.0,0.0,0.0,0.0,0.0,0.0,0.0,0.0,0.0,0.0,0.0,0.0,0.0,0.0,0.0,0.0,0.0,0.0,0.0,0.0,0.0,0.0,0.0,0.0,0.0,0.0,0.0,0.0,0.0,0.0,0.0,0.0,0.0,0.0,0.0,0.0,0.0,0.0,0.0,,,,,321.0,313.0,299.0,299.0,380.0,380.0,380.0,380.0,380.0,380.0,380.0,380.0,400.0,400.0,400.0,380.0,300.0,250.0,350.0,400.0,350.0,250.0,250.0,250.0,260.0,250.0,218.0,242.0,280.0,280.0,280.0,255.50647399640656,251.56787885020566,248.2349071969268,244.5327049839043,240.86232387459646,237.62965840394332,230.6616141137549,224.61134328590066,219.2379356922663,214.43795339229013,210.13363809426806,205.9661496534598,202.34430588082063,199.0825493531635,196.21075596387774,193.57869994554267,189.31404689884815,185.55014408065824,182.23929696383118,179.29054940949774,176.67630102073358,172.68900596710404,169.18886852125442,166.11624422169675,163.32450626965127,160.8128443952028,160.74726261489394,160.63198214169466,160.50406351291508,160.31210017680257,160.10288746618178,159.84670863685014,159.59223766638075,159.25988833179449,158.94205579753705,158.62490640682452,158.26488975867048,157.93885950187442,157.6007034471567,157.2702327573189,156.93976206748107,156.60536330226023,156.26652410399757,155.9457882096744,155.63598261206937,155.37621727912708,155.07785433589885,154.80715870623845,154.56686296432537,154.32520093532253,154.0949815606965,153.89123399843476,153.659648336719,153.46392771110962,153.23404990825605,152.98384858494214,152.72596189674834,152.4747358581171,152.2219727465099,151.98236014814174,151.69885557701474,151.42115772601926,151.10434990707915,150.80410831910245,150.47927356350996,150.1255759931461,149.77990535943462,149.41920556773573,149.03288789310363,148.6072894646407,148.17998317731553,147.73850166143404,147.3006066491632,146.82548031369612,146.32336980820614,145.81562336847088
Saint Helena,SH,SHN,Cement production,kt cement,,,,,,,,,,,,,,,,,,0.0,,,,,,,,,,,,,0.0,0.0,0.0,0.0,0.0,0.0,0.0,0.0,0.0,0.0,0.0,0.0,0.0,0.0,0.0,0.0,0.0,0.0,0.0,0.0,0.0,0.0,0.0,0.0,0.0,0.0,0.0,0.0,0.0,0.0,0.0,0.0,0.0,0.0,0.0,0.0,0.0,0.0,0.0,0.0,0.0,0.0,0.0,0.0,0.49660137599507864,0.48320566716375496,0.4692546869798823,0.4554127647346687,0.4423377875048594,0.4296046262468744,0.4110584815389664,0.39417195985244113,0.37900170367258285,0.3652946879222894,0.35268504882424223,0.3407753768635756,0.3304666154604084,0.32063389598106046,0.31109995628339937,0.3035481442234172,0.29281530482462614,0.283359812377131,0.2750661396740753,0.2668005034510944,0.26026642234547,0.2508910079834443,0.24320596141671777,0.23585488755376915,0.22948126005336128,0.22374432804482217,0.22094262095685796,0.2188693577117644,0.21612368476555952,0.21354611424463243,0.21119268029074245,0.208727178053334,0.20665391480824047,0.20424444671259123,0.20205911518397915,0.19959361294657066,0.19768845212675498,0.19527898403110572,0.19348589149480866,0.19146866239147442,0.18961953571341802,0.18810661388591737,0.1864816237748981,0.1843523263880453,0.18317560941110034,0.1812144144495254,0.18026183403961757,0.17897304877915404,0.17779633180220905,0.17633944411646765,0.1752747954230413,0.17404204430433703,0.17252912247683633,0.17135240549989136,0.17028775680646496,0.16950327882183497,0.16860673255368647,0.1669257083009079,0.16597312789100008,0.1648524450558144,0.16350762565359156,0.1624429769601652,0.16154643069201663,0.16036971371507164,0.15964126987220095,0.15818438218645953,0.15700766520951456,0.15588698237432894,0.15476629953914323,0.15386975327099467,0.15258096801053112,0.15190855830941968,0.15118011446654903,0.1501154657731226,0.1491628853632148,0.14809823666978839
Saint Kitts and Nevis,KN,KNA,Cement production,kt cement,,,,,,,0.0,0.0,0.0,0.0,0.0,0.0,0.0,0.0,0.0,0.0,0.0,0.0,0.0,0.0,0.0,0.0,0.0,0.0,0.0,0.0,0.0,0.0,0.0,0.0,0.0,0.0,0.0,0.0,0.0,0.0,0.0,0.0,0.0,0.0,0.0,0.0,0.0,0.0,0.0,0.0,0.0,0.0,0.0,0.0,0.0,0.0,0.0,0.0,0.0,0.0,0.0,0.0,0.0,0.0,0.0,0.0,0.0,0.0,0.0,0.0,0.0,0.0,0.0,0.0,0.0,0.0,0.0,0.0,13.306234054051917,13.245182033363443,13.178763184096061,13.118535773993184,13.055292889747209,13.015042156610088,12.922774270277047,12.833012223243323,12.746974713047521,12.66812193385424,12.588895273898197,12.389501462604775,12.201286094142755,12.026434413268612,11.860517882482837,11.699643317455179,11.529448681977822,11.36858993574868,11.214191145480411,11.062002686386027,10.922563256545244,10.777549807531143,10.642195362350956,10.51129930562181,10.39185303508297,10.279903716341979,10.222681166189039,10.163141913600754,10.103139320525404,10.04082002501471,9.978964069991084,9.91316972082738,9.852008776534358,9.78621442737065,9.71903005674574,9.65416238855617,9.593464784750218,9.532072170213663,9.468594523485297,9.405116876756932,9.33909085734969,9.270516465263576,9.202637083908062,9.132904340604274,9.062476586569886,8.993902194483772,8.922084418988177,8.850961654223184,8.779143878727591,8.710569486641473,8.636898349197606,8.565080573702009,8.492567787475815,8.422140033441424,8.350090587702296,8.279662833667906,8.211320111825327,8.141819038765071,8.07509800862723,8.006523616541113,7.939570916159736,7.87539825870077,7.807750547588792,7.745199581834563,7.679405232670859,7.617549277647232,7.556156663110676,7.496154070035324,7.434298115011702,7.375222202910485,7.3168413015398714,7.25846040016926,7.200542839285715,7.144941980837515,7.088414441415176,7.031886901992836
Saint Lucia,LC,LCA,Cement production,kt cement,0.0,0.0,0.0,0.0,0.0,0.0,0.0,0.0,0.0,0.0,0.0,0.0,0.0,0.0,0.0,0.0,0.0,0.0,0.0,0.0,0.0,0.0,0.0,0.0,0.0,0.0,0.0,0.0,0.0,0.0,0.0,0.0,0.0,0.0,0.0,0.0,0.0,0.0,0.0,0.0,0.0,0.0,0.0,0.0,0.0,0.0,0.0,0.0,0.0,0.0,0.0,0.0,0.0,0.0,0.0,0.0,0.0,0.0,0.0,0.0,0.0,0.0,0.0,0.0,0.0,0.0,0.0,0.0,0.0,0.0,0.0,0.0,0.0,0.0,51.880554989341015,52.36268104217384,52.651121392465164,52.85202166745473,53.073553425014985,53.36174472906433,53.512383923075184,53.67690047162621,53.85306736750249,54.04042203933737,54.236625574441675,54.05491633535637,53.891894972345526,53.74040554068524,53.601358410347814,53.48063835614441,53.389854282968024,53.30700382521127,53.23803869479996,53.17900179844339,53.119731021118305,53.09053980186635,53.06551782239489,53.03408045349342,52.99930080507453,52.968913635839066,53.273468231700484,53.55022997504771,53.790903825659065,53.999873961108314,54.181504023067795,54.37851542312826,54.55343125514091,54.70011361582379,54.823359416109874,54.91896808842863,55.02251229670622,55.10978478589374,55.17205968423985,55.208865851821436,55.2120358874182,55.218722524114185,55.19019672194165,55.139808476137155,55.06686229701156,54.97081972713167,54.868857923764125,54.743609376566376,54.59528693031267,54.41999124531764,54.22091935062068,54.018513608663774,53.79169044574311,53.55113901269391,53.301534008248,53.031723026320584,52.75316169806021,52.46423437608928,52.172023755831376,51.87272002238836,51.559975437093,51.25155350557284,50.9337226460276,50.6088395941722,50.27446766077562,49.94649029871299,49.624253272996505,49.29032409424005,48.96227499225391,48.63873277595301,48.315296366661244,47.991797360701845,47.67389135506371,47.35847603493724,47.03818425181036,46.71862955221042
Saint Pierre and Miquelon,PM,SPM,Cement production,kt cement,0.0,0.0,0.0,0.0,0.0,0.0,0.0,0.0,0.0,0.0,0.0,0.0,0.0,0.0,0.0,0.0,0.0,0.0,0.0,0.0,0.0,0.0,0.0,0.0,0.0,0.0,0.0,0.0,0.0,0.0,0.0,0.0,0.0,0.0,0.0,0.0,0.0,0.0,0.0,0.0,0.0,0.0,0.0,0.0,0.0,0.0,0.0,0.0,0.0,0.0,0.0,0.0,0.0,0.0,0.0,0.0,0.0,0.0,0.0,0.0,0.0,0.0,0.0,0.0,0.0,0.0,0.0,0.0,0.0,0.0,0.0,0.0,0.0,0.0,1.4574506220943935,1.4303070454764575,1.4015591243306125,1.3755476935111042,1.3505381245695134,1.327211735946812,1.3079023144756237,1.2878829200413677,1.271342405656542,1.2518544184510212,1.2339938649895013,1.2126881142340826,1.1943092177636476,1.175212047859645,1.1572972141892726,1.1377547711859441,1.1214328349232288,1.1022335079611316,1.085266317397811,1.069631650516678,1.0527503436466032,1.033978388521933,1.0165153830243872,0.9991070673596838,0.9822201633347091,0.9633710324147694,0.9501156940489878,0.9364110221792814,0.9211336830458381,0.9060810106643575,0.8908036715309141,0.8773236664131702,0.8618216605277647,0.8454209876345095,0.8328396495246151,0.8189103109029464,0.80520563903324,0.7915009671635336,0.7795936293095265,0.7681356249594441,0.7557789536015121,0.7416249482278809,0.7303916106297609,0.7200569400394906,0.7106209364570698,0.7007355993707242,0.6901762620284915,0.6802909249421458,0.6717535883675746,0.6618682512812291,0.6522075809468459,0.6441195778761994,0.636480908309478,0.6263709044711699,0.6187322349044483,0.6104195650818397,0.6014328950033437,0.5935695586846595,0.5850322221100885,0.578067552799254,0.5688562159687957,0.5609928796501117,0.5542528770912397,0.5457155405166685,0.5396495382136837,0.5306628681351878,0.5232488653204286,0.5144868619938949,0.5084208596909101,0.5012315236281133,0.49426685431727896,0.4859541844946702,0.47764151467206134,0.4706768453612271,0.4632628425464678,0.45652283998759585
Saint Vincent and the Grenadines,VC,VCT,Cement production,kt cement,0.0,0.0,0.0,0.0,0.0,0.0,0.0,0.0,0.0,0.0,0.0,0.0,0.0,0.0,0.0,0.0,0.0,0.0,0.0,0.0,0.0,0.0,0.0,0.0,0.0,0.0,0.0,0.0,0.0,0.0,0.0,0.0,0.0,0.0,0.0,0.0,0.0,0.0,0.0,0.0,0.0,0.0,0.0,0.0,0.0,0.0,0.0,0.0,0.0,0.0,0.0,0.0,0.0,0.0,0.0,0.0,0.0,0.0,0.0,0.0,0.0,0.0,0.0,0.0,0.0,0.0,0.0,0.0,0.0,0.0,0.0,0.0,0.0,0.0,29.354770588370716,29.605636139375832,29.807079413243102,30.014075479927204,30.23108042682475,30.457888660671856,30.561145963943336,30.668229324629916,30.775708806354135,30.88931519846492,31.005458536152837,30.83793264947093,30.688472483920048,30.554446815460718,30.431962273550273,30.322083754285412,30.187949408259865,30.066373785356305,29.95167380985899,29.847762071724162,29.75577252764359,29.64894134133162,29.550552509989533,29.455500446598744,29.369287345206292,29.291493452600843,29.390634592419953,29.477508366903376,29.555177979673722,29.62198136671527,29.67447756112783,29.73675068959636,29.787683081078427,29.83361531493471,29.867921127831526,29.895280564912593,29.926924765414903,29.951296128275274,29.970024640308853,29.98237602047566,29.98672999617152,29.98850066884445,29.98769232453331,29.98274239839418,29.968266209155658,29.948714916957183,29.93003991397387,29.905367587327593,29.87759362932686,29.844290328409958,29.804735861139857,29.76550740454514,29.71809542627509,29.670098233722722,29.615169929530467,29.553728757456238,29.492815775641006,29.42606241154792,29.350648754678286,29.27320395378879,29.189940933413176,29.10328747474264,29.014801230030326,28.91793543414353,28.82135873624453,28.71358423339596,28.609741452009803,28.498155638739135,28.386353532673443,28.26600541994828,28.144712908389263,28.021204332823473,27.89980398946902,27.768284816687267,27.63958936932824,27.50727050935866
Samoa,WS,WSM,Cement production,kt cement,0.0,0.0,0.0,0.0,0.0,0.0,0.0,0.0,0.0,0.0,0.0,0.0,0.0,0.0,0.0,0.0,0.0,0.0,0.0,0.0,0.0,0.0,0.0,0.0,0.0,0.0,0.0,0.0,0.0,0.0,0.0,0.0,0.0,0.0,0.0,0.0,0.0,0.0,0.0,0.0,0.0,0.0,0.0,0.0,0.0,0.0,0.0,0.0,0.0,0.0,0.0,0.0,0.0,0.0,0.0,0.0,0.0,0.0,0.0,0.0,0.0,0.0,0.0,0.0,0.0,0.0,0.0,0.0,0.0,0.0,0.0,0.0,0.0,0.0,55.50612344891062,56.13564553823118,56.601826109482516,57.00898347753557,57.42601792406439,57.98833540308001,58.829973109820536,59.651211349601105,60.445639533333534,61.22615847306841,62.00526307233667,62.950227554829084,63.86792217394556,64.76777893924897,65.65353822104683,66.520020633969,67.5813477756119,68.60501177275525,69.58772564371232,70.52428055501971,71.45057194622507,72.54483659958447,73.57472554519114,74.56256358663067,75.49227865072221,76.40145689582036,78.15211066460873,79.84627563564794,81.46943030576989,83.02972803713396,84.53528847400231,86.22330615295786,87.86196239551118,89.47808928910753,91.08681793040931,92.6557028815232,94.42635115035354,96.14446451537933,97.85412042582115,99.53842609569084,101.19317601376865,103.01349940179044,104.8204535343824,106.57161576859765,108.31581867919685,110.01237864860265,111.82553260755046,113.6422253394375,115.39003700261267,117.08563538840312,118.7257363650736,120.47157532371408,122.1710103054556,123.8213201107871,125.42177832979691,126.96098820568527,128.55249938749853,130.11328779414177,131.6174428633887,133.06780673750293,134.46687395280134,135.9125840140903,137.31147760105353,138.66553242905667,139.98890874089247,141.2520434409337,142.5334670652216,143.793303725829,144.99853516224618,146.14761575475052,147.24547787084973,148.3714417944308,149.44966663674077,150.46088846405235,151.4364278186275,152.38679648568817
Sao Tome and Principe,ST,STP,Cement production,kt cement,0.0,0.0,0.0,0.0,0.0,0.0,0.0,0.0,0.0,0.0,0.0,0.0,0.0,0.0,0.0,0.0,0.0,0.0,0.0,0.0,0.0,0.0,0.0,0.0,0.0,0.0,0.0,0.0,0.0,0.0,0.0,0.0,0.0,0.0,0.0,0.0,0.0,0.0,0.0,0.0,0.0,0.0,0.0,0.0,0.0,0.0,0.0,0.0,0.0,0.0,0.0,0.0,0.0,0.0,0.0,0.0,0.0,0.0,0.0,0.0,0.0,0.0,0.0,0.0,0.0,0.0,0.0,0.0,0.0,0.0,0.0,0.0,0.0,0.0,22.962356092693852,23.63155548800662,24.216349980604782,24.62131979206795,25.036621155742836,25.50642967749958,25.8167038283648,26.156283455010584,26.522754415822643,26.913049550078448,27.323838645952815,27.96931738330513,28.636676425686915,29.3234679591517,30.027259070785945,30.74601027908636,31.460278696336673,32.20201269148969,32.96671742276064,33.75355317479005,34.56662270041855,35.40519129870234,36.28280978859274,37.1948751118218,38.13696548970842,39.10537535673051,41.007561848118975,42.868049087214914,44.688855193364155,46.470378658137044,48.21411126667632,50.251556107498494,52.229686196307085,54.15277106360179,56.0223552798712,57.84199473330053,59.905036700071996,61.89690151046493,63.82528131631616,65.68963035329877,67.4985767763025,69.46344216034724,71.36019671707807,73.20213359357656,74.99706268569119,76.75750101270528,78.6736464656848,80.53461243482838,82.34604292761507,84.10647115406826,85.82493526775525,87.66535608434945,89.45417835257105,91.19669911832514,92.8814324753757,94.51911337647881,96.23993255872942,97.89723587645581,99.5036509507176,101.06431658989762,102.56937925648595,104.12617022509451,105.62495481398882,107.08189477875045,108.49985044633944,109.86576044041486,111.27132920780055,112.62558079790186,113.94626651037565,115.22315498451161,116.46145799188956,117.7297529369377,118.96964891640548,120.1668772318383,121.31997280618008,122.42598982745783
Saudi Arabia,SA,SAU,Cement production,kt cement,,,,,,,,,73.525566,88.230679,103.041585,183.813915,198.414269,257.339481,249.986924,249.986924,323.51249,507.262494,588.204528,676.380444,705.845433,963.134706,963.184914,1058.76815,1124.941159,1102.923316,1264.639734,1801.376366,2198.414422,2911.612412,4735.046447,7154.203512,8124.390052,7146.68501,8220.332866,9330.394319,8595.13866,10947.95677,11440.78398,12000.0,11371.0,15324.0,15300.0,15000.0,15773.0,16437.0,15400.0,15786.0,16313.0,18107.0,20608.0,23287.0,24110.0,25515.0,26063.0,27053.0,30290.0,32888.0,37847.0,42970.0,48363.0,53807.3,55693.0,57218.0,61494.059,55943.0,43034.6,42181.0,44322.414,53417.0,53702.0,52400.0,49000.0,50000.0,49488.98761850096,49996.975914023606,50589.29422743344,51203.78116026713,51824.05385203109,52371.37478205974,52928.09626541444,53485.458305434746,54040.76837335265,54601.09085995813,55163.06321694894,55458.38355383002,55748.32666003467,56041.95783542874,56335.78715891902,56623.6943845614,56919.1553864331,57219.33923205659,57521.44267476378,57829.87909563134,58140.37440387256,58455.45922953849,58775.103847678525,59091.894237687884,59412.55909111494,59734.3933966604,60338.32854342464,60941.44111560334,61542.91121304492,62142.568797768414,62739.725296214616,63366.354435741945,63991.61714689105,64614.2569755822,65236.16402842321,65854.69813564654,66494.87059829119,67132.8584385165,67765.93360796737,68396.12789001549,69021.98871904837,69667.64504951588,70309.24623867695,70946.15279064546,71578.31310571451,72203.63364113355,72844.93558530175,73481.69548969482,74114.21674787322,74741.66821317171,75365.08144769365,75999.10052827136,76630.77330342919,77260.6199294972,77889.62394096034,78519.28341023385,79159.78158458002,79802.5155548536,80445.76332414482,81090.38710969719,81736.76927867113,82394.40606439316,83055.70000664222,83720.02859973248,84386.26248055109,85053.74200005714,85736.78481427264,86422.18386318514,87108.55394535552,87794.64582280249,88479.43280972767,89178.18471387909,89876.45523049703,90571.23729335194,91263.75296747164,91953.11291465393
Senegal,SN,SEN,Cement production,kt cement,,,,,,,,147.051132,169.108802,169.108802,183.813915,183.813915,191.166471,205.871585,183.813915,191.166471,169.108802,198.519028,205.871585,242.634368,242.634368,338.217603,294.102264,330.865047,360.275273,382.332943,330.865047,360.275273,382.332943,389.6855,374.980386,360.275273,397.038056,382.332943,404.390613,360.772205,374.980386,389.6855,382.332943,470.0,503.0,601.0,590.0,685.0,694.0,811.0,854.0,1000.0,1000.0,1341.0,1539.0,1653.0,1694.0,2391.0,2623.2,2883.8,3152.3,3084.0,3320.0,4066.0,4677.0,4689.0,5191.0,4899.0,4615.0,5149.0,5197.0,5412.0,6775.0,7038.0,7500.0,8000.0,8000.0,8000.0,7575.574581800172,7648.763807065726,7739.6164203843355,7819.894872891938,7878.8942980254515,7968.689380412788,7963.221277343107,7968.15091851505,7982.438319486438,8005.084605877124,8034.925377610455,8071.15543135296,8116.088066745474,8168.611227381278,8227.651046154771,8291.913127644311,8288.565876008572,8297.153646418357,8315.65608945778,8343.303029377537,8380.345107801,8359.545971398806,8354.434531102846,8361.214556888675,8379.71289696456,8406.556971207094,8571.212494242387,8732.758474088345,8891.730019315964,9049.119702500031,9204.309459591212,9366.793716194336,9527.204929252943,9684.503994027085,9840.040434850045,9991.408550698725,10148.472832266294,10302.864464577022,10454.805123276048,10603.32934860749,10749.677159300118,10897.898226196303,11043.355764360627,11184.223375808295,11322.651865891225,11458.557362583944,11594.169876960845,11726.869606876553,11856.772952809151,11983.363078451683,12107.097794299309,12231.220781676464,12350.67277771507,12466.443483154613,12579.503435698309,12689.0458507017,12797.904189002622,12904.437389758812,13007.992081779106,13110.35405275705,13208.169995206112,13305.802185428052,13400.521347535312,13491.322954810255,13579.025221693488,13665.017964205552,13748.694793384939,13829.764010901083,13908.141870947593,13984.119922944237,14058.17467101056,14130.144401350439,14199.390469899483,14266.670517644983,14330.22023566096,14391.766193352456
Serbia,RS,SRB,Cement production,kt cement,393.351273,439.652763,439.087802,473.60787,530.482632,524.697339,675.564115,673.600296,761.162411,827.542495,805.153457,871.983477,991.673139,1064.988836,1115.243116,1189.798097,1275.282214,1491.7498,1598.331204,1785.235025,1982.694839,2287.636824,2760.547572,2849.841222,2989.790881,3269.598721,3479.344378,3909.919306,4136.725322,4230.037323,4016.696834,4095.753922,3954.618998,3765.193365,3634.15914,3717.038572,3632.34267,3619.714884,3471.867935,3268.614061,3270.105345,2028.234443,1084.490154,1606.641477,1694.099179,2199.183368,2004.206602,2245.719566,1568.350825,2111.090158,2414.728317,2393.839711,2071.470408,2240.0,2276.0,2565.0,2677.0,2843.0,2166.0,2130.0,2095.0,1831.0,1592.0,1605.0,1654.0,1801.0,1908.0,2093.0,2151.0,2364.0,2610.0,2625.0,2625.0,2625.0,2652.0477193657584,2681.8584587376854,2708.588379412974,2735.066028709372,2761.3255378475483,2783.238037100796,2802.201684019854,2819.552248147349,2835.4872625773387,2850.1120621848904,2863.8758722602443,2864.068780976712,2863.4965900696066,2862.327112286908,2860.894275466456,2858.973931742834,2856.0870704521712,2852.974042080811,2849.6971738411767,2846.7202185183774,2843.6526633796893,2839.858359639112,2835.851679277183,2832.356014280742,2829.234772603434,2826.643046942617,2817.4516943374424,2807.7814004683487,2797.945258100639,2787.8580456616455,2777.249183475153,2766.13688555798,2754.568191335164,2742.579564550449,2730.378598564936,2717.864427612769,2704.887714578933,2691.5746829160253,2677.7956097451356,2663.760728726163,2649.4493559948187,2634.759198425571,2619.9205700109883,2604.7664026553307,2589.403204331276,2573.8962876641294,2558.1690073505015,2542.473230035276,2526.7526138974417,2511.0027260503184,2495.199790688874,2479.4735049119467,2463.7474532823567,2447.9567660139155,2432.157938205668,2416.5309642770535,2401.049739532848,2385.7289898504014,2370.44422454858,2355.302057741731,2340.340758218428,2325.4953420500347,2310.7205936032333,2296.019438442352,2281.471249652537,2266.861947515597,2252.426026410247,2237.971796381653,2223.5480707144256,2209.2529492983767,2194.9776624669526,2180.75795864906,2166.547654623016,2152.3387980493235,2138.201539731542,2124.0046817373786
Seychelles,SC,SYC,Cement production,kt cement,,,,,,,,,,,,,0.0,0.0,0.0,0.0,0.0,0.0,0.0,0.0,0.0,0.0,0.0,0.0,0.0,0.0,0.0,0.0,0.0,0.0,0.0,0.0,0.0,0.0,0.0,0.0,0.0,0.0,0.0,0.0,0.0,0.0,0.0,0.0,0.0,0.0,0.0,0.0,0.0,0.0,0.0,0.0,0.0,0.0,0.0,0.0,0.0,0.0,0.0,0.0,0.0,0.0,0.0,0.0,0.0,0.0,0.0,0.0,0.0,0.0,0.0,0.0,0.0,0.0,12.806494926303534,13.002879397798257,13.231491172614177,13.461096530036665,13.70051038608679,13.96532356181891,14.007800670660185,14.075099536093678,14.165005780191485,14.27442048720893,14.400554159218768,14.496030595797045,14.6137912114041,14.750314759069282,14.903566896036684,15.070867119087325,15.082015953090279,15.121338237189399,15.184079075640094,15.268082609050959,15.373391609386536,15.354514803319683,15.368999355830754,15.41150249134515,15.477989275774478,15.564266355429222,15.881800598059192,16.19276511535867,16.496805603258743,16.793807857374212,17.083607453902136,17.359565495002478,17.628080931186307,17.888783081430415,18.14176246041685,18.38663981704356,18.625825471878027,18.85629223830882,19.078075580451607,19.290382597848655,19.49391957711666,19.685272971312358,19.86798452506155,20.042613413069443,20.20829631672146,20.366170431939224,20.510625497087453,20.64725796751384,20.7759778896351,20.896278869173567,21.009207112813172,21.114486298246476,21.216171700991573,21.312471986440507,21.404436499954226,21.493312049631506,21.578211021112722,21.661045771365902,21.740162218877213,21.817287237927015,21.89235347471985,21.963561072198942,22.033886900558343,22.101015138657132,22.169169635789846,22.233000375620904,22.296128555558578,22.355649563238405,22.413161288869492,22.469562220627203,22.522194748994778,22.56889770198098,22.614765297382238,22.65882923313327,22.70005456624637,22.73923489713876
Sierra Leone,SL,SLE,Cement production,kt cement,0.0,0.0,0.0,0.0,0.0,0.0,0.0,0.0,0.0,0.0,0.0,0.0,0.0,0.0,0.0,0.0,0.0,44.11534,44.11534,29.410226,0.0,0.0,0.0,0.0,0.0,0.0,0.0,0.0,0.0,0.0,0.0,0.0,0.0,0.0,0.0,0.0,0.0,0.0,0.0,,,,,100.0,100.0,160.0,160.0,100.0,45.0,73.0,113.0,144.0,169.109,180.46,172.12,234.44,247.38,254.0,236.24,301.0,311.0,335.0,313.0,336.0,324.0,320.0,310.0,310.0,340.0,330.0,350.0,350.0,350.0,350.0,333.83717766309803,344.3909623583681,356.00431886294564,367.44185215197933,378.9428971499704,390.1666819599704,402.6125132791939,415.0706185116186,427.5941820919735,440.2287260383881,452.9257569677965,473.72946057251323,494.53114661449666,515.3203833119843,536.1378068662762,556.8968099229357,580.7946068351667,604.6707762800387,628.5447077248799,652.4231946735603,676.3920062843508,703.3094929800211,730.3639173698417,757.8204458821999,785.5972684814783,813.742833607835,863.8118255705348,914.0710995715331,964.5581543111917,1015.2667080287972,1066.219867987601,1128.1475447760392,1190.3743614962223,1252.8896177870315,1315.6612820692828,1378.715110807947,1453.9835057859389,1529.649740989413,1605.547410973646,1679.6634903904296,1751.475171347803,1831.8725221682405,1909.1303667607158,1983.3450322318035,2054.51330431253,2122.6359514918627,2196.3840176189797,2266.3269949521023,2332.7533934443272,2395.808351670114,2455.1102039378507,2517.486213119964,2576.7229910940246,2633.6594299419066,2688.534844495302,2741.002004680758,2795.685726495615,2848.459702721883,2898.9521705128373,2947.3758418621987,2993.0714122445343,3040.20571127349,3086.008794489151,3128.8547386910454,3169.68001764224,3208.599480221757,3248.6264758238945,3286.5433391159163,3322.275339099267,3355.4227618224395,3387.706838078093,3419.7666401865204,3449.897344826677,3478.258957203372,3505.768414581618,3531.9672574614765
Singapore,SG,SGP,Cement production,kt cement,0.0,0.0,0.0,0.0,0.0,0.0,0.0,0.0,0.0,0.0,0.0,125.171515,190.960473,198.519028,205.871585,391.814928,470.563622,565.764068,624.967311,727.903103,610.397092,1007.300254,1029.357923,1051.415593,1323.460187,1352.870413,1352.870413,1352.870413,1353.007761,1955.780054,2249.882318,2698.055711,3154.246779,2823.071811,1992.542837,1801.376366,1529.331772,1595.504781,1705.79313,1850.0,2000.0,1900.0,2980.0,3100.0,3200.0,3300.0,3300.0,2340.0,1660.0,1150.0,600.0,200.0,150.0,0.0,0.0,0.0,0.0,0.0,0.0,0.0,0.0,0.0,0.0,0.0,0.0,0.0,0.0,0.0,0.0,0.0,0.0,0.0,0.0,0.0,2473.158321237138,2494.3758015870144,2514.8005399626513,2536.5158150187344,2558.339836394542,2585.1135796223166,2608.361182056293,2633.0725689327637,2658.002743197678,2683.9093911261466,2708.6981488574306,2708.216156728459,2707.5152507410457,2707.6408960669187,2707.9577480255925,2707.6607885642456,2702.060496759429,2696.3609953753453,2691.45197052966,2687.3810416771325,2682.9606356663157,2676.5550296900005,2670.6201944818486,2664.666373871355,2661.323097962577,2657.9016438165636,2652.0352264152116,2646.544879562616,2642.5992709089164,2637.4275697505386,2630.6186378955636,2624.0922676737705,2617.731224050403,2611.524975705441,2603.7944702162267,2596.5472036242722,2587.344140440876,2578.9047570884345,2569.9805050577556,2561.738795201704,2552.153872364058,2540.2593638662065,2527.888100723108,2516.988354091147,2505.240185888752,2492.942948468821,2480.3683084948125,2466.8947760270553,2452.7538726813223,2437.6271450884665,2420.2615234639393,2401.555837705122,2384.1299959453404,2365.260349973696,2345.5838690887226,2324.7190329873247,2302.945749077436,2280.535012360148,2257.672103396079,2234.9448043841758,2212.317055459524,2188.584177421952,2164.3785006666376,2140.5476162076484,2117.080440783075,2092.7947082421756,2069.080857800049,2045.6167941348665,2023.5263592137817,2001.245059329472,1978.5785076259717,1956.7009064490583,1935.0712580622117,1914.1846402456802,1893.5499957033578,1874.3066012842048
Sint Maarten (Dutch part),SX,SXM,Cement production,kt cement,0.0,0.0,0.0,0.0,0.0,0.0,0.0,0.0,0.0,0.0,0.0,0.0,0.0,0.0,0.0,0.0,0.0,0.0,0.0,0.0,0.0,0.0,0.0,0.0,0.0,0.0,0.0,0.0,0.0,0.0,0.0,0.0,0.0,0.0,0.0,0.0,0.0,0.0,0.0,0.0,0.0,0.0,0.0,0.0,0.0,0.0,0.0,0.0,0.0,0.0,0.0,0.0,0.0,0.0,0.0,0.0,0.0,0.0,0.0,0.0,0.0,0.0,0.0,0.0,0.0,0.0,0.0,0.0,0.0,0.0,0.0,0.0,0.0,0.0,12.387231731951795,12.466999383660509,12.525752567611704,12.591944307404807,12.654521118378016,12.73584659505918,12.759385707407978,12.785082122203686,12.818711637507207,12.845560186620716,12.88099344637726,12.7962301902274,12.71808634542556,12.644251886234857,12.57693526580491,12.5089764655229,12.433112890803818,12.354341483114137,12.27276074458747,12.204844612892927,12.14029119459354,12.072741778258774,12.011395711465642,11.953060721716072,11.892018049364852,11.816340771460634,11.82166918706192,11.815877430973565,11.810317345128745,11.811707366589948,11.796417130516692,11.776956830059824,11.756569848628816,11.734329505249537,11.709309118947843,11.684057062402617,11.666218453650487,11.648148174654825,11.627761193223815,11.600655774730313,11.57262367526268,11.545518256769181,11.5042809534201,11.46883540615937,11.436864912551652,11.39887099261205,11.371302233631482,11.340026750754369,11.302959511788902,11.266123943066967,11.225581650448486,11.187124390021811,11.1470454378904,11.098858027235293,11.049512265362512,11.01059166444877,10.96657431817728,10.922556971905783,10.869967826623528,10.823170437429622,10.771971313608569,10.721235530274585,10.666329682556986,10.61165550508292,10.557444668095922,10.494430361854626,10.437207811701686,10.372108473268582,10.309094167027288,10.241446455915305,10.177737138943407,10.112637800510306,10.043600067937122,9.972245632928598,9.901354538407137,9.830926784372748
Slovakia,SK,SVK,Cement production,kt cement,767.154968,814.060628,853.776948,938.626352,1059.623316,1151.2208,1322.722741,1470.187924,1664.828644,1787.518505,1888.78244,2019.132775,1833.745135,1935.896644,2008.277135,2145.203909,2228.939956,2234.391649,2295.104564,2511.980037,2674.363339,2680.68361,2760.614441,2923.005293,3012.115116,3074.543704,3101.633936,3247.330027,3233.580088,3289.241124,3354.993187,3250.170285,3315.29184,3298.779968,3209.202797,3208.80023,3220.313004,3411.249456,3346.105453,3115.573013,2498.370371,2499.661784,2500.0,2700.0,2902.0,2802.0,3136.0,4705.0,4718.0,3045.0,3123.0,3141.0,3147.478,3158.308,3498.685,3592.509,3718.41,4157.0,3011.0,2888.0,3219.0,2915.0,3121.0,3319.0,3466.0,3518.0,3782.0,3913.0,4031.0,4072.0,4165.0,4200.0,4200.0,4200.0,4162.560292979292,4123.457860842273,4104.411624860481,4086.0477065702926,4070.197340356048,4054.3176694132053,4037.990064490882,4021.514753502481,4005.209323768501,3989.137965490504,3973.7253070832435,3944.5730078751426,3915.962162988863,3888.237815323591,3861.646990799079,3836.007505429865,3812.3409407549516,3789.5249361491406,3767.4891176434144,3746.4464408441872,3726.0424057284163,3706.466276281195,3687.1134148548326,3668.90906677623,3651.620462911842,3635.320075385693,3611.288213376479,3587.0795740320223,3562.5924008581114,3537.822848893562,3512.859756134674,3487.4917751059547,3461.5978434488284,3435.2527266191496,3408.3273106444594,3380.929495401035,3353.1684792565284,3325.0685002027417,3296.5287960693477,3267.699247445263,3238.5978348085105,3209.4620089294694,3180.2825312494583,3150.9608363995444,3121.595991571781,3092.4061102550936,3063.587880034254,3035.090903159012,3006.871379385212,2979.159268224773,2951.952468630473,2925.3323803139638,2899.2866376680986,2873.8379930222372,2849.1225677724424,2825.0077269855237,2801.5579749426347,2778.756651286519,2756.5855265212776,2734.972853680299,2713.9333167881473,2693.4382162682755,2673.4779781474485,2654.039892725471,2635.035582719828,2616.353112333552,2598.060750370812,2580.0399775436117,2562.2940924916384,2544.7767805720105,2527.4329336170927,2510.244717519393,2493.209666376896,2476.165692528359,2459.1408673922933,2442.1543516101237
Slovenia,SI,SVN,Cement production,kt cement,205.817145,237.647223,222.133933,243.800807,277.292975,275.328825,349.073117,344.230532,386.232378,412.819907,404.305617,430.487073,483.769406,512.019412,506.679322,513.149095,497.06566,549.026315,567.790345,626.191603,716.326832,836.424523,854.853196,899.540423,967.483726,1029.5604,1070.819431,1130.349842,1167.904124,1202.79705,1381.118895,1340.96976,1349.903782,1339.826597,1304.242573,1302.260326,1287.677845,1256.27453,1229.124576,1125.366553,1007.079385,801.0,707.0,898.0,991.0,1026.0,1113.0,1149.0,1224.0,1300.0,1237.0,1178.0,1370.0,1186.0,1114.0,1269.0,1300.0,1525.0,1082.0,799.0,760.0,745.0,614.0,706.0,600.0,700.0,660.0,880.0,970.0,960.0,920.0,950.0,950.0,950.0,955.7201537597674,963.3206474789857,969.5719832104019,975.9423362866705,982.2516718924322,987.7645449209847,991.8846862218757,995.8510458043615,999.8554128904557,1003.8515216445829,1008.0472087575025,1007.8289538112252,1007.5989934050455,1007.4084242365512,1007.6561241073896,1007.9605615835853,1008.0098519613131,1008.0491832913086,1008.0290450966719,1008.1851672907832,1008.3615475083358,1008.5363161736587,1008.7237189589544,1009.0873281821173,1009.6953203670364,1010.3786092879831,1008.6122159100211,1006.7158053124242,1004.5564793003651,1002.3124298416205,999.8573770938502,997.2322091802154,994.5752196422183,991.6166018453368,988.8774965378435,985.8301649213125,982.508967306535,979.2710939876647,976.0996691771478,972.903195125214,969.5457704074138,966.1577047877507,962.9343664737859,959.7472421232059,956.4291282243519,953.1326143831511,949.9491954629613,946.8420722664687,943.866401658575,940.7758104058989,937.8941853619267,935.0772274977916,932.4148874742575,929.8418465891598,927.2534244229163,924.8917433470424,922.4429725376559,920.2201803936907,918.1174599406368,916.0406404166458,914.0813467286423,912.1094933541877,910.1068247476434,908.2353465204457,906.4553783057745,904.6851700647243,902.7830198821878,901.0418511944513,899.2859184073757,897.5033969214103,895.7552246446849,893.898490930113,892.030629367709,890.1013350253456,888.3008755680441,886.4371305212421
Solomon Islands,SB,SLB,Cement production,kt cement,,0.0,0.0,0.0,0.0,0.0,0.0,0.0,0.0,0.0,0.0,0.0,0.0,0.0,0.0,0.0,0.0,0.0,0.0,0.0,0.0,0.0,0.0,0.0,0.0,0.0,0.0,0.0,0.0,0.0,0.0,0.0,0.0,0.0,0.0,0.0,0.0,0.0,0.0,0.0,0.0,0.0,0.0,0.0,0.0,0.0,0.0,0.0,0.0,0.0,0.0,0.0,0.0,0.0,0.0,0.0,0.0,0.0,0.0,0.0,0.0,0.0,0.0,0.0,0.0,0.0,0.0,0.0,0.0,0.0,0.0,0.0,0.0,0.0,204.7588959266845,208.13375602035333,212.2609896456279,216.4048541979213,220.63713360959918,224.92356869292558,233.31588182297435,241.35097630248117,249.09315988160918,256.54571294728714,263.7457560698249,274.1942760012075,283.8951284845485,293.07735555587533,301.7206425391004,309.93834016046463,321.44920822818546,331.9797623492009,341.70358929054305,350.7559720662902,359.2073775700688,370.44966558334943,380.52991176300645,389.7736840335183,398.26335459955396,406.3211886931563,420.5057324634033,433.8344954801942,446.47016971939195,458.47238853087515,469.9264180274385,483.72369722794286,496.64074827760095,508.81121801726033,520.4067727165585,531.4487501018169,544.2833911504418,556.3455727737348,567.6803805713853,578.385103805387,588.4761931218102,599.7009951072521,610.1424118998632,619.9637597271194,629.2331620362295,637.9905824402462,647.4009222898306,656.2404683517807,664.5268952780514,672.3496268756625,679.6807056732315,687.4278308690997,694.7693179195655,701.6498548536026,708.1322260249982,714.2461369381798,720.5773912279043,726.5227212828588,732.1385836601046,737.450172883074,742.5017917997117,747.5575779015714,752.3400442392187,756.850978983153,761.1422911823023,765.2006741682766,769.2602414805028,773.0838838102944,776.726881524137,780.1140026419613,783.2264103879007,786.354045152988,789.1905782783413,791.8731976039842,794.3326055336354,796.6779989105025
Somalia,SO,SOM,Cement production,kt cement,0.0,0.0,0.0,0.0,0.0,0.0,0.0,0.0,0.0,0.0,0.0,0.0,0.0,0.0,0.0,0.0,0.0,0.0,0.0,0.0,0.0,0.0,0.0,0.0,0.0,0.0,0.0,0.0,0.0,0.0,0.0,0.0,0.0,0.0,0.0,0.0,0.0,51.467896,51.467896,40.0,10.0,25.0,25.0,25.0,25.0,0.0,0.0,0.0,0.0,0.0,0.0,0.0,0.0,0.0,0.0,0.0,0.0,0.0,0.0,0.0,0.0,0.0,0.0,0.0,0.0,0.0,0.0,0.0,0.0,0.0,0.0,0.0,0.0,0.0,1851.1549176890592,1890.5987181504902,1934.8376361460523,1981.616838856563,2034.3696659107213,2084.8611208427546,2162.7235592613274,2240.1658737906064,2317.3889682614035,2394.6119652370116,2471.492574530875,2620.355029038159,2768.0396712188567,2914.518863994234,3060.436817660735,3205.870772802475,3413.341253126303,3618.9465071849086,3823.3089973256765,4026.4078224559294,4223.163368087827,4473.686912161563,4705.667706897033,4922.277332313806,5125.784853048059,5317.618243857512,5659.3093760368965,5980.089829261561,6282.092410584367,6569.736971215541,6851.699128334857,7191.769175203877,7516.309058173918,7827.707571924872,8126.4306738861105,8423.855138422405,8769.624956026253,9094.411912205353,9405.412247025557,9706.346798968305,9999.723425879425,10329.16582171788,10640.036876241937,10938.380737791045,11225.584640806794,11508.009501031043,11824.14699534907,12128.688487517136,12421.746779025103,12708.300844201553,12987.911387086031,13279.284372974962,13563.993730844808,13846.527857005316,14119.490752611973,14386.103643568704,14664.357685888333,14922.470944754776,15185.340752160791,15438.688498153424,15685.861666159575,15953.51415744978,16207.578753210179,16442.336225947078,16667.354633254494,16882.948654480293,17122.58287702265,17351.308771059827,17565.797400450614,17770.489296349348,17966.70622632836,18167.812497990948,18363.182498811602,18541.350315499014,18713.87917830633,18883.055285610368
South Africa,ZA,ZAF,Cement production,kt cement,1955.890053,2021.953064,2124.888856,2161.544478,2338.112997,2477.811573,2529.176115,2720.44594,2646.920374,2705.639519,2595.452478,2661.71777,2882.298422,3455.7016,3882.149882,3985.199528,4007.143344,4411.651114,5102.674277,5749.699257,5852.63505,6109.844062,6860.080266,7301.088699,7175.953153,7051.101775,6573.185596,6823.17252,6896.698086,7198.152907,8095.280153,8007.038716,7896.645783,8183.39549,7036.396661,6712.958574,6734.866781,8484.850311,8028.991802,7810.0,7427.0,7028.0,7356.0,7905.0,9071.0,9000.0,9797.0,8738.0,8068.0,7971.0,8036.0,8525.0,8973.431,10297.433,11463.546,12657.529,13651.416,13473.0,11784.0,10870.0,11234.0,11560.0,12168.0,12068.0,12992.0,14457.0,14134.0,13680.0,12726.0,10800.0,12500.0,12000.0,12000.0,12000.0,11069.802216932809,11019.579406295488,10992.328610350702,10948.844643188862,10907.139218706774,10895.368758882869,10861.269954302838,10849.901549138953,10856.35923410597,10876.38583822808,10907.597537286563,11033.331360765367,11164.864127199065,11300.559018488146,11439.482225467478,11580.453853373945,11671.969719174229,11769.553187535623,11871.569112983347,11977.618213343003,12088.811432553182,12132.681136451996,12188.5111585591,12253.400012987247,12324.607507732435,12401.661798638315,12687.911829765866,12964.048441391322,13231.24715388462,13491.633981635814,13746.778381750808,14017.584018629675,14280.473626546409,14537.082181305981,14787.61084091956,15031.403481280786,15284.971487984822,15531.112153182161,15771.537156887625,16006.109950080434,16234.366325481864,16465.510987557063,16691.226879452883,16910.184609022082,17123.151592030423,17330.65423326922,17543.636158737107,17751.265981641794,17949.062623522488,18141.709168669786,18330.797570307528,18520.244725953344,18704.07639350652,18885.69105921836,19063.282548829517,19236.371405276856,19412.508364100326,19585.35983880419,19754.438750463105,19920.951087722664,20082.65412000018,20243.54824487951,20405.44496698056,20564.227774133295,20720.02522036634,20873.097423085812,21025.261322240967,21177.924335736392,21324.845696069828,21470.089032682677,21612.980250187433,21752.33757827063,21888.15361094554,22020.998684830414,22154.837988889052,22287.589835656672
South Sudan,SS,SSD,Cement production,kt cement,0.0,0.0,0.0,0.0,0.0,0.0,0.0,0.0,0.0,0.0,0.0,0.0,0.0,0.0,0.0,0.0,0.0,0.0,0.0,0.0,0.0,0.0,0.0,0.0,0.0,0.0,0.0,0.0,0.0,0.0,0.0,0.0,0.0,0.0,0.0,0.0,0.0,0.0,0.0,0.0,0.0,0.0,0.0,0.0,0.0,0.0,0.0,0.0,0.0,0.0,0.0,0.0,0.0,0.0,0.0,0.0,0.0,0.0,0.0,0.0,0.0,0.0,0.0,0.0,0.0,0.0,0.0,0.0,0.0,0.0,0.0,0.0,0.0,0.0,1166.2335013095076,1214.5672714301804,1263.1918616419414,1307.905839930555,1350.706044776241,1394.0910933739008,1420.1994321167458,1447.3267229367684,1475.595840330694,1504.8985121570895,1534.9699776800696,1573.260143330832,1612.7541567469402,1653.3432366489105,1694.8683160914718,1737.2787589856741,1785.3640382962305,1834.7409301550092,1885.2596033990114,1936.9688088567466,1990.008677201663,2054.3209139320543,2118.2244802375885,2180.533003171747,2241.205626565244,2300.260783151676,2418.082765631865,2530.9296362358427,2639.386533201543,2742.968947062163,2842.727983371389,2959.5723403664474,3070.150089900447,3175.1248778912764,3274.4041503777,3371.2373105068536,3482.035742910781,3588.5058028026906,3691.47067234722,3790.6827627100615,3886.551281795471,3995.928156829543,4099.584560224736,4199.453591382162,4296.377566152926,4387.059443567236,4488.166004655779,4586.378197490827,4679.676276114461,4768.9099653294425,4854.698435659268,4946.624503697354,5032.291966112066,5116.423322177613,5195.634062189234,5272.177648796416,5353.180270208963,5430.702700645646,5505.36793544695,5575.940213565425,5644.280132974503,5713.882906361353,5781.950619680778,5843.551471803001,5904.280987204127,5961.659046677448,6020.14964866085,6075.008950194665,6127.3277597491715,6174.826041965167,6217.825619643518,6267.3428355520355,6314.654122341457,6356.747365646061,6400.786009511216,6439.73035763773
Spain,ES,ESP,Cement production,kt cement,2742.806984,2963.080308,3257.489043,3808.975503,4330.655834,4727.693891,4970.328258,5323.250975,5727.641588,5734.994144,6625.106089,7293.736142,7749.594651,8499.555424,9690.669592,12072.897929,13469.883682,14955.664586,16314.705571,16697.132393,17160.867093,19572.010776,22366.477162,22234.131143,24094.814382,25197.211451,27991.182957,30234.2657,27909.802517,28005.888071,28747.987725,29564.630069,30638.103332,25432.493262,24197.704699,24035.044772,23013.502142,25403.551071,27374.011048,28100.0,25119.0,24616.107,22838.228,25130.751,26421.841,25406.17,27933.154,32449.065,35781.978,37784.543,40510.437,42387.66,44746.757,46593.482,50311.973,54048.27,54720.445,42083.407,29504.573595,26161.660109,22178.23656,15938.965402,13731.8764,14554.03887,15076.97544,15055.569445,16081.82289,16568.441361,17464.538165,16176.86565,18476.941119,18444.161353,17973.978516,17980.354687,18018.36360265382,18062.049964234844,18092.3211535542,18129.711425357615,18171.804518166937,18178.02335377006,18206.241518487834,18232.123432052078,18256.933423643823,18280.37575712647,18302.40959985011,18252.15689871767,18199.90899535698,18146.390020084455,18091.772486873728,18035.280182568076,17976.303482314568,17915.054151713943,17851.590816375265,17789.19993624603,17722.869725936627,17654.283480627088,17584.182726544714,17512.203379174585,17438.7861681828,17361.10262949422,17377.309397770878,17388.196237193766,17389.79696420502,17383.60604132276,17373.612587726875,17359.227633786653,17333.93761185854,17305.734273199996,17274.50182715149,17236.73803240324,17193.367291925504,17143.05871165843,17089.053937130928,17033.916989507186,16974.646548070334,16910.91721600124,16845.326691494814,16779.785671842,16712.09863686521,16646.453937840255,16574.9517787238,16506.375209265127,16436.94199184509,16370.776881168882,16305.650320313433,16241.790033707588,16180.522183431674,16123.299600765016,16069.39861923778,16016.432245397791,15964.744670876842,15914.42155564852,15867.001559540084,15819.503742956342,15773.665234545668,15726.949535665506,15682.518092210923,15638.210217437974,15591.768795235968,15543.866952967943,15494.868872466317,15447.86950475132,15401.00487828306,15353.15840843772,15304.619581391844,15251.378561456186,15198.725236679755,15143.042603113443,15085.737805707533,15027.387815229607
Sri Lanka,LK,LKA,Cement production,kt cement,66.173009,58.709471,66.173009,80.878123,73.363971,88.230679,51.549333,80.726381,95.75392,88.230679,80.878123,88.230679,73.525566,73.525566,88.230679,80.878123,191.166471,220.576698,279.397151,323.51249,382.332943,382.332943,418.679543,469.976152,389.6855,426.448283,352.479903,573.499414,595.557084,573.499414,640.254473,647.02498,507.326405,499.973848,595.557084,595.557084,595.557084,397.038056,397.038056,400.0,400.0,817.0,676.0,925.0,894.0,928.0,965.0,874.0,976.0,1008.0,1108.0,1018.0,1164.0,1400.0,1500.0,1600.0,1700.0,1800.0,1900.0,1737.0,1984.0,2066.0,1929.0,1885.0,2287.0,2695.0,2819.0,2841.0,3397.0,3937.0,4396.0,5912.0,5912.0,5912.0,5912.365006451859,6096.3946755788065,6272.5316619150735,6442.110932231458,6606.180207937142,6799.543716077578,6991.080649083878,7184.787306540006,7380.43693102169,7577.373597579406,7776.670928821263,7788.632763337661,7806.140099452331,7829.104552733319,7855.097549223396,7883.932863199576,7905.664113121269,7930.745862762154,7958.3346824331,7988.45666001591,8020.290407885744,8049.462985314192,8080.3245547024,8112.599737923652,8145.757894049346,8179.755032677058,8265.573989776472,8347.447663976807,8425.585311494859,8499.470152230107,8570.703501621423,8644.837662108817,8713.80928434585,8779.23466666795,8840.91582405734,8899.264196073427,8958.927323817474,9016.310085626219,9070.25996204769,9121.2113776615,9168.876059778557,9216.010711085462,9261.480279656334,9303.448642740239,9343.953111565017,9382.402064774302,9420.266023961058,9455.75797346545,9488.837243741204,9518.535012869046,9544.879862614587,9571.855323018686,9596.18287101542,9617.890230479008,9636.930364227119,9652.207046078978,9667.085026985313,9679.184053571631,9689.70798099882,9697.476467398646,9703.233317650296,9706.467062709024,9707.884234399338,9707.684921281421,9705.56231199072,9701.197173919249,9694.648974110622,9687.54883088461,9678.586306668825,9667.772591861352,9655.417993143954,9641.27267692626,9625.442938796596,9608.428573549445,9589.411817095055,9569.97707391459
State of Palestine,PS,PSE,Cement production,kt cement,,,,,,,,,,,,,,,,,,,,,,,,,,,,,,,,,,,,,,,,0.0,0.0,0.0,0.0,0.0,0.0,0.0,0.0,0.0,0.0,0.0,0.0,0.0,0.0,0.0,0.0,0.0,0.0,0.0,0.0,0.0,0.0,0.0,0.0,0.0,0.0,0.0,0.0,0.0,0.0,0.0,0.0,0.0,0.0,0.0,3846.7185599906916,3911.7836302946657,3984.7696301385317,4058.702378666744,4135.767814533209,4217.292817999964,4302.1247221297945,4387.616855249806,4473.271155411844,4561.728060308087,4650.112302640559,4713.776398886404,4775.051920835866,4837.09912719017,4898.390907310185,4962.2234277968,5021.528923252241,5081.049185615349,5140.093048347051,5198.199126517732,5255.555480903617,5309.025923748314,5359.986326317149,5409.445059308932,5457.415184662364,5505.246987195046,5576.615257781633,5645.996450892625,5714.173990343048,5780.405754159173,5843.583804058666,5905.697184271468,5969.252195420866,6032.004770796553,6092.036669325091,6153.000809414267,6215.265629711812,6276.9351790269,6334.687609266873,6393.288366215333,6450.564186318469,6506.8022157109945,6559.780021980416,6614.912079844955,6665.816271447504,6717.269187512959,6767.873121285148,6818.538024442102,6864.534508363264,6908.619307058813,6951.293942887322,6994.639241948274,7035.520853396794,7073.675887735124,7109.057142858928,7141.396484592184,7175.241704570715,7209.042344784041,7238.631508354939,7265.180069704853,7290.958318935395,7314.091283568767,7336.3765770784385,7356.19883856046,7376.980876163985,7394.516457924838,7412.343119329095,7429.427003174844,7445.557666746917,7460.815746973553,7473.523602396477,7486.938178214879,7497.922501244753,7509.439814702756,7518.480328852679,7525.231540942304
Sudan,SD,SDN,Cement production,kt cement,0.0,0.0,0.0,0.0,66.56955,66.607042,59.278953,88.565287,103.625735,118.094373,81.518316,103.709139,118.502533,89.010661,81.645452,103.74603,133.554906,148.34998,170.663789,155.892683,192.944986,163.33209,207.791605,304.032615,215.07769,133.599794,148.418371,192.776024,185.400712,185.423729,148.405019,185.433573,200.239759,177.994998,192.861721,148.449139,126.164302,141.068612,148.414634,170.735946,170.716772,252.072075,251.740726,163.257113,392.259688,384.946029,281.807832,200.327451,229.976192,148.510398,193.029395,207.92757,274.696041,311.865987,334.087385,200.592693,326.784571,252.595126,630.728655,1936.100814,3004.122511,3507.169496,3536.579722,3477.759269,3705.688524,4014.495901,4014.495901,4014.495901,4014.495901,,,,,,5193.688776481644,5834.913566785215,6150.109227275458,6397.353670250086,6572.474238498751,6740.0642031210655,6816.647499673723,6901.366846136145,6993.396216441912,7091.800789109335,7195.767986406858,7318.277604276614,7448.378267478342,7584.751973112578,7726.971047973839,7873.994477177368,7984.020511658193,8103.448932822028,8231.070653140987,8366.117191155261,8509.26250819215,8628.108606659795,8759.517711628521,8901.688000617054,9053.113317003395,9211.799146798825,9566.867942759414,9918.067565370857,10265.500232335793,10609.355306789668,10949.711976782586,11356.695270842698,11757.297132681575,12151.749221193515,12540.266907817631,12922.913592929908,13374.752184250428,13816.761129333188,14249.756967661311,14673.464288347903,15088.353196608114,15560.67786963956,16021.0225906259,16469.22999292054,16903.85380956775,17328.103682326262,17800.733906864214,18259.145347455946,18707.381947480862,19146.17141934915,19576.558410329915,20049.394266569194,20509.86708980593,20960.78400245434,21402.33890076487,21832.330372043445,22298.336612439194,22751.629405818632,23195.266284783836,23629.660363055908,24054.79668127917,24505.61420794177,24944.52385175252,25371.422866388264,25784.965101897393,26186.77067475205,26607.579392952943,27014.489503836965,27412.192563538443,27794.92107701534,28160.22440611818,28543.58691224087,28912.85638370948,29273.784988307787,29624.435968160637,29963.959559744115
Suriname,SR,SUR,Cement production,kt cement,0.0,0.0,0.0,0.0,0.0,0.0,0.0,0.0,0.0,0.0,0.0,0.0,0.0,0.0,0.0,0.0,0.0,0.0,0.0,0.0,51.467896,58.820453,58.820453,44.11534,29.410226,51.467896,44.11534,58.820453,58.820453,66.070891,73.658524,73.525566,73.525566,51.467896,51.467896,51.467896,51.467896,51.467896,51.467896,50.0,50.0,50.0,50.0,60.0,60.0,60.0,60.0,60.0,60.0,60.0,65.0,65.0,65.0,65.0,65.0,65.0,65.0,65.0,49.0,45.0,74.0,114.0,131.0,70.0,70.0,20.0,30.0,30.0,50.0,50.0,50.0,50.0,50.0,50.0,51.29275809176559,52.64773962672595,54.02969049228994,55.47255140204109,56.98666538433998,58.5428328162955,60.1400973172107,61.753998631420025,63.38371078971182,65.03167420461074,66.70368172781805,68.11882186198781,69.55443738877526,71.01380720187079,72.49217576919084,73.9932429825595,75.71908811293378,77.47212853256866,79.25084238162195,81.05810163590519,82.89083379984132,84.9365974735559,87.01869900317027,89.1286997909208,91.27113272396691,93.4493926164573,96.38916289005762,99.34106418173597,102.30099800111377,105.27202843088234,108.2491510375002,111.46250803422652,114.6900740476527,117.92313873734031,121.17583552346228,124.43147972422382,127.790987141889,131.07903488495307,134.28961782693298,137.42432757176408,140.4825435142109,143.55309873599194,146.5392606174752,149.44559508249438,152.26814163910973,155.00519540704798,157.73828948428937,160.38321908774492,162.94206568783255,165.408655413687,167.80018232422452,170.12068200489742,172.36655538746183,174.52141367371215,176.59410412323487,178.58439336202704,180.49147892032406,182.30969293907134,184.0586265969172,185.74153469292452,187.37309595902946,188.95234122341222,190.4788294301476,191.9508351631126,193.3401715165659,194.67381290073203,196.00127450042382,197.25264894554363,198.44931407168335,199.59132079673398,200.70803404691867,201.78923544444655,202.8442240785274,203.83757203401424,204.79931931041673,205.71018336127432
Sweden,SE,SWE,Cement production,kt cement,2036.658177,2117.536299,2352.81811,2463.106459,2551.576207,2492.516686,2448.401346,2507.440122,2823.381732,2808.676619,3043.729956,3073.368657,3301.516555,3624.810401,3771.640698,3756.966636,3896.854995,3911.560109,3955.675448,4073.316354,3948.322892,3874.797326,4213.014929,3308.802345,3117.625443,2867.497072,2617.510148,2352.81811,2389.580893,2448.276236,2316.055327,2301.350214,2242.529761,2389.580893,2124.888856,2051.36329,2249.74417,2249.882318,2433.696233,2480.0,2395.0,2289.0,2162.0,2153.0,2539.0,2447.0,2253.0,2252.0,2298.0,2651.0,2645.0,2642.0,2476.0,2588.0,2709.0,2952.0,2950.0,2934.0,1586.0,1796.0,2064.0,2141.0,2560.0,2500.0,2840.0,2840.0,3020.0,3256.0,2700.0,2800.0,2800.0,2900.0,2900.0,2900.0,2936.690619248782,2973.882388009567,3011.2017741427603,3047.3458534377064,3084.1230639350415,3124.226678839026,3153.9446961586614,3182.7162490303313,3210.920612727454,3238.6979038293443,3266.020273242955,3274.344082732047,3282.510360557009,3290.309211842319,3297.9753817584087,3305.7244615678433,3311.2746786985185,3316.560871589367,3322.237716386102,3328.0464320613282,3333.8540801469953,3339.158339608197,3344.456691611283,3349.8422223176444,3355.188040887854,3360.7219816182924,3384.6620536406363,3407.8338518409546,3430.3844864686193,3452.139607825599,3473.0860128775867,3494.865236842999,3516.013894249648,3536.8412116866784,3557.0498637406936,3576.6677762785253,3596.717822981016,3616.5901023161528,3635.5808672730695,3654.3527863202444,3672.9282122571917,3691.032982606611,3708.670902163164,3726.1499868856445,3743.4290990341606,3760.899315009489,3777.5227403084273,3794.1340873494055,3810.246191826674,3825.951694258362,3841.490466174932,3856.263050682733,3870.7657095556347,3884.6865948580307,3898.4116915666705,3911.5719845794206,3923.101031189418,3934.5705770306095,3945.057641299516,3955.7381191622403,3965.958750340491,3975.193465007988,3983.760213645757,3993.0370682184807,4002.471811331068,4011.7386418824476,4020.63614493312,4029.556755054118,4038.2470871510372,4046.8878318012903,4055.258668646094,4062.962210675678,4070.897836802884,4078.886771873583,4086.0378650367793,4093.2168329666906
Switzerland,CH,CHE,Cement production,kt cement,1316.499679,1381.829798,1580.799668,1815.553548,2117.536299,2382.228337,2507.221799,2183.709309,2683.683157,3036.605874,3602.752732,3727.746194,3580.695062,4323.303278,4036.066241,4323.806163,4176.722498,4323.303278,4536.090795,4794.303182,5220.315182,5712.936474,5757.051814,5249.725409,3764.508977,3543.932279,3646.868071,3698.014764,3933.256399,4250.162168,4345.360948,4102.315897,4094.999264,4183.996353,4257.130269,4389.476287,4617.405542,4962.975702,5463.457165,5210.0,4700.0,4260.0,4000.0,4370.0,4024.0,3638.0,3568.0,3600.0,3548.0,3771.0,3950.0,3771.0,3613.0,3851.0,4022.0,4040.0,4000.0,4102.0,4163.0,4527.0,4750.0,4430.0,4740.0,4790.0,4390.0,4710.0,4580.0,4290.0,4210.0,4150.0,4180.0,4150.0,4150.0,4150.0,4154.23259247402,4169.263011767101,4178.146326779036,4193.597227615574,4204.014464863131,4208.1449077478155,4211.357558896613,4214.788889856123,4217.1004699891355,4219.444595291236,4222.229250066024,4203.891747628603,4185.5963556335255,4167.565835493643,4149.450947741439,4132.016542947463,4114.544294832027,4096.093588468093,4079.418486328567,4062.7150037556094,4046.544755290245,4030.3910740516976,4015.035529203252,4000.7797985075895,3987.1545779580288,3973.273788213439,3980.4981350072835,3987.0206627348707,3993.4409239749625,3998.0403939522234,4001.774641570638,4005.4754649977694,4009.4877542092995,4013.9415820410263,4017.3720096221723,4020.00254461081,4023.4880704551083,4025.8453312356733,4028.422372817351,4031.161066637881,4033.4529379473274,4035.3617706354116,4037.2502687847837,4040.5573748050633,4043.3929927105164,4046.2268807164064,4047.817662500161,4049.7348728471143,4052.270323485758,4054.2532294925836,4055.505293014141,4058.2160084332268,4061.05607608501,4062.819966355845,4064.8487323642103,4066.5361267249614,4068.073746394455,4069.567987323605,4071.2240916036553,4073.1497181617906,4075.275056028989,4076.932046706554,4079.497568909564,4082.8130596172055,4085.4548283885497,4088.7159522308893,4092.2197963033295,4096.050541670504,4099.7275189563625,4103.319460186286,4107.642045491602,4112.024092921514,4115.7058766936725,4120.778990505416,4125.449240388687,4130.671764308404
Syrian Arab Republic,SY,SYR,Cement production,kt cement,66.173009,154.403688,220.576698,251.579198,264.692037,323.51249,316.159934,389.6855,449.244842,485.268735,536.736631,609.564755,683.787763,632.319867,676.435207,617.614754,602.909641,919.069574,933.774688,963.715594,911.717018,1007.776068,845.151462,963.184914,992.59514,1109.94022,1396.636507,1433.748536,1845.191625,1992.542837,2316.055327,2595.841193,3625.285849,4278.71379,4293.893052,4197.818843,3867.053327,3330.708138,3499.445685,3500.0,3500.0,3700.0,4500.0,4500.0,4463.0,4500.0,4840.0,4607.0,5134.0,4631.0,5005.0,4679.0,4824.0,4757.0,4700.0,4804.0,5104.0,5336.0,5176.0,6000.0,5000.0,6000.0,4000.0,1850.0,1850.0,2450.0,2120.0,1793.0,2065.0,2431.0,3360.0,3000.0,3000.0,3000.0,3058.2003855101907,3164.844459564435,3260.9890444448583,3354.8240866072333,3444.53146108955,3536.222061450083,3621.904875872324,3704.8800088115677,3782.3638499012695,3858.7541527161166,3930.232460287112,3976.7128207957066,4016.6984531736525,4056.66441932005,4091.952210180881,4123.36058995794,4150.718987173999,4175.216137637119,4198.108934113327,4218.6612902274655,4236.891556169044,4255.1450222647245,4270.879528105417,4284.465053453906,4299.975888306367,4317.6037619700965,4353.956707137326,4388.9648658012,4422.996385026153,4461.597447948008,4499.2771680607475,4533.667656486263,4568.612143719548,4600.341854686243,4632.1640326314155,4667.397852023161,4699.5247350487725,4728.088656597275,4756.158235453151,4783.995499629855,4812.1971250021425,4840.333702264262,4863.986548856649,4885.823784529222,4906.359140212027,4922.980710571344,4939.150385858429,4955.383503129506,4970.755622046407,4982.870746522919,4993.844833073961,5004.378382159309,5013.825386885906,5018.949503007072,5023.177171274866,5029.623473409609,5040.773086607139,5048.298820256134,5055.126577357917,5058.310951950442,5062.23598015717,5066.066935259241,5063.884898124472,5063.0247028333815,5063.6135775238545,5063.7238266135755,5060.17119023332,5058.745523804623,5055.431282438356,5052.162471498238,5046.571202106158,5043.4519903471,5037.315441117925,5030.245158963412,5023.501952932518,5015.614382000501
Tajikistan,TJ,TJK,Cement production,kt cement,48.770996,55.55599,62.967955,75.017204,88.930327,98.453863,114.592068,132.261629,154.216566,181.234768,202.754211,228.820316,243.874322,259.879293,290.098789,320.986548,340.550143,352.087738,361.758508,384.206755,406.607501,424.680563,447.92759,473.215452,503.939429,509.065226,516.625425,512.231433,492.507309,496.716073,504.969525,490.976237,508.563455,516.280096,518.422075,534.62551,542.417978,549.41571,551.810189,537.065607,505.768314,400.0,300.0,200.0,100.0,50.0,36.0,18.0,30.0,50.0,70.0,100.0,166.3,193.6,253.1,281.5,313.1,190.0,195.0,288.0,299.0,232.0,384.0,1150.0,1418.0,1361.0,3117.0,3844.0,4202.0,4243.0,4200.0,4000.0,4000.0,4000.0,4118.54008336345,4240.375523352625,4356.372461173995,4474.202703350505,4593.239874128709,4710.0484601373955,4835.322870475845,4960.519175387469,5085.418484463155,5210.120211003574,5335.279319555426,5455.273057369977,5574.8758592365775,5692.524102913313,5807.970217407195,5921.930767528334,6043.186385409796,6161.844127230178,6278.065312947577,6390.869522295482,6501.869568045022,6618.51404142323,6731.898296432956,6843.025224455927,6952.097416570661,7058.559301704943,7183.850245864256,7305.414381846479,7424.883348719934,7539.845198214668,7653.347537342526,7773.399234330688,7891.049396622573,8006.923590846308,8120.3067315053595,8231.33399189732,8347.298535548254,8458.236760341542,8567.21972051341,8674.214352920217,8777.415843592697,8881.775841756269,8984.251669107598,9082.514118281124,9177.079426480725,9269.358118696067,9361.273351252199,9449.214235613408,9532.89379211081,9612.609813998724,9689.462436580036,9766.06917068127,9840.532650470841,9909.84100606059,9976.191943887547,10039.303886112733,10103.285108423133,10163.044572497352,10221.414655648421,10278.948838401631,10333.799597935462,10387.128839238805,10437.4923986922,10487.059159740036,10533.434251993544,10577.533942596596,10620.84272086799,10662.738465302875,10702.38736718517,10736.605283535637,10770.0967052171,10801.381847857394,10830.41920158873,10855.84988257311,10878.402431233942,10897.810872085582
Thailand,TH,THA,Cement production,kt cement,308.807377,249.272676,286.749707,383.016902,382.332943,396.483534,404.898004,455.858509,507.326405,529.384075,808.781225,963.184914,992.59514,1058.2494,1249.319798,1485.216432,1734.680547,2367.523224,2404.286007,2624.862704,2779.795979,3374.823477,3705.688524,3918.320058,3977.135592,4463.001853,5109.444229,5087.437172,5257.077965,5337.956088,6264.378219,6609.309057,7263.698491,8241.558564,7918.703453,7911.350896,9850.367,11514.41,15024.649,18059.121,19164.946,21723.249,26299.939,29929.089,33860.907,38873.866,37115.268,22722.0,25354.32,25498.912,27912.584,31678.811,32530.155,35626.12,37871.724,39408.163,35668.235,31650.87,31180.734,28840.0,30290.0,31760.0,35854.0,36150.0,36216.0,34860.0,39067.0,39221.0,40261.0,38616.0,37874.295599,36928.697658,36489.26875,35099.15799,34834.959727772984,34876.55770768864,34921.4405089352,34971.663430086635,35021.96310974163,35165.908448921386,35288.51577108632,35415.03882400927,35542.260723366504,35671.105883135366,35795.877623540735,35658.09962833326,35527.371911278955,35399.51206091646,35275.93812468838,35157.94979516455,35023.59573389474,34891.76502429691,34766.106338479105,34646.12693324024,34533.26596620305,34410.493852755855,34292.88805536598,34180.36792012692,34072.55895234137,33967.40293866852,33834.42036968767,33692.29862090272,33540.52191498033,33383.47863838779,33217.87132608895,33043.95992922877,32863.64287929287,32679.073911124065,32491.190121672185,32300.59274641669,32104.304616640162,31908.432587380095,31710.070671842048,31512.20454584024,31313.71719153631,31110.400598173743,30909.9727001174,30708.445673397975,30505.99432572831,30304.90133695764,30101.449217636808,29900.49275704625,29699.781425747064,29499.41359565311,29299.49839593562,29100.595012759626,28902.299971289896,28704.61253848401,28507.52735032266,28309.929269547756,28113.336517334745,27918.39553859578,27722.50852134321,27527.41244458033,27332.11587856793,27138.53261069509,26946.276500261254,26755.213001012944,26565.862206096943,26374.597109865015,26185.037906979767,25997.266402348363,25809.482392825605,25624.097879460547,25440.19444353586,25257.83659465635,25077.53278455077,24899.986832303784,24724.536931483544,24551.523720025394
Timor-Leste,TL,TLS,Cement production,kt cement,,,,,,,,,,,,,,,,,,,,,,,,,,,,,,,,,,,,,,,,,,,,,,,,,,,,0.0,0.0,0.0,0.0,0.0,0.0,0.0,0.0,0.0,0.0,0.0,0.0,0.0,0.0,0.0,0.0,0.0,0.0,0.0,0.0,0.0,0.0,0.0,595.6590618434125,604.6818251013368,613.9399552147487,623.7842749599047,633.9823061272598,646.1592894876594,661.330791174428,675.8904451426278,690.0468885278166,704.3424523882329,719.1980213369736,732.4754575319865,744.4872700363786,756.5375205866789,768.3033134308424,780.4787773376274,793.9790190580645,807.2629130343472,821.2081577831591,834.9192899767462,846.9250967596157,861.2590679854183,875.0493856760493,889.0471018848782,903.1051214942261,915.9510472665054,930.8654195890049,942.5274828334876,954.7558922648137,967.7576669988866,977.0532939332327,989.1237577112472,1001.3523512371956,1012.1382804446803,1022.2674413769498,1031.5551182172126,1040.231230319343,1047.5350477126865,1055.1058874647538,1063.0712856075656,1070.292145637981,1077.5743295758598,1085.1880462917097,1091.6511845852522,1097.8339296314302,1103.3219871249717,1107.4602042185754,1114.0229454479215,1118.2898276468018,1120.7017656864716,1123.5685516429962,1125.5266518928383,1127.7720873878723,1129.0530698829727,1129.3374710635899,1131.2688102720863,1131.2740974070555,1130.6841143478289,1130.6227589318185,1129.028871059284,1127.0798231300412,1125.2889556532907,1124.755708330911,1121.6203009744586,1119.2822867673674,1115.9083013748268,1113.3578180171132,1110.4128707419447,1108.1144107012872,1105.9504886620584,1102.8577599857117,1099.0627646291741,1095.3436636597303,1092.3176164806275,1089.1898142978043,1086.9603357382819
Togo,TG,TGO,Cement production,kt cement,0.0,0.0,0.0,0.0,0.0,0.0,0.0,0.0,0.0,0.0,0.0,0.0,0.0,0.0,0.0,0.0,0.0,0.0,0.0,0.0,0.0,117.640906,117.640906,132.346019,0.0,0.0,0.0,0.0,0.0,301.45482,286.749707,279.397151,235.281811,242.634368,286.749707,345.57016,367.62783,374.980386,389.6855,399.0,388.0,350.0,350.0,286.0,350.0,413.0,421.0,500.0,600.0,700.0,800.0,800.0,800.0,800.0,800.0,800.0,996.0,1265.0,1179.0,1185.0,1200.0,1605.0,1800.0,1700.0,1460.0,1470.0,1370.0,1111.0,1650.0,1550.0,1650.0,1700.0,1700.0,1700.0,1631.6465372952036,1693.446837317777,1761.1499523610444,1828.7520880940924,1896.9067599072484,1961.303804944646,2021.5010911946029,2077.6491906422493,2130.6324364566376,2181.048017288254,2229.3286462430974,2290.8347354629286,2349.4611743196674,2405.9130288825363,2460.648091124778,2514.1207384644504,2556.924349021024,2599.4050890752987,2642.155926473851,2685.771430695423,2730.1877779473307,2765.426205612161,2802.183725679204,2840.045078034674,2879.330068384708,2919.9900431036413,3016.3667011369425,3110.779914021212,3202.2829347530906,3291.388161554535,3378.612778593482,3477.2464835431288,3572.2108443507595,3664.5735110364762,3754.3042349434745,3841.703958972269,3938.9145553665176,4034.09460231933,4127.593129707522,4220.139859925724,4310.297347460403,4408.5239083703855,4505.293388474968,4599.612284924323,4693.184039400133,4784.291404649014,4881.072463355496,4975.95986898311,5068.8797127463495,5160.874335662958,5251.180906600578,5347.2937763341615,5440.0774605687775,5529.578323140845,5616.954956009059,5705.521570888371,5797.942715218258,5888.166174331115,5975.528800974365,6060.8441812491865,6143.575548238493,6229.439350551608,6314.15556892501,6393.207160101328,6472.696412523477,6549.964702740356,6628.748558225188,6706.41135997733,6780.802336436123,6852.708307495896,6926.336899964993,6998.872485060174,7070.443610165345,7140.205675063969,7208.008749939066,7274.820296077551
Tonga,TO,TON,Cement production,kt cement,0.0,0.0,0.0,0.0,0.0,0.0,0.0,0.0,0.0,0.0,0.0,0.0,0.0,0.0,0.0,0.0,0.0,0.0,0.0,0.0,0.0,0.0,0.0,0.0,0.0,0.0,0.0,0.0,0.0,0.0,0.0,0.0,0.0,0.0,0.0,0.0,0.0,0.0,0.0,0.0,0.0,0.0,0.0,0.0,0.0,0.0,0.0,0.0,0.0,0.0,0.0,0.0,0.0,0.0,0.0,0.0,0.0,0.0,0.0,0.0,0.0,0.0,0.0,0.0,0.0,0.0,0.0,0.0,0.0,0.0,0.0,0.0,0.0,0.0,26.234939771427108,26.37601575691862,26.432460307356713,26.44152909397832,26.41273482358368,26.41695916239751,26.61095010696433,26.790769914196957,26.965235906080853,27.130362072816727,27.293383649098114,27.503857766133137,27.703424410606807,27.89861922568933,28.09122356557508,28.268289857274112,28.51327717831862,28.742178929828185,28.95327047963964,29.15741282952542,29.357343455189856,29.605649235555287,29.831760576995958,30.036068336502765,30.220106427258393,30.38869416943703,30.881051273366584,31.342558265733427,31.77864723182203,32.19815522147548,32.60345265965963,33.066102821442904,33.509204567727004,33.941108784281994,34.358598656771775,34.76642669912386,35.22852702468853,35.679970660408074,36.11690429182089,36.5435350371492,36.9598129060106,37.406319884586296,37.85116138094441,38.27955040386526,38.695340792950695,39.093701827735366,39.52577915787401,39.95057626407273,40.36220797060647,40.754840566570756,41.135281157623474,41.53659837862322,41.93234677704994,42.30363191373584,42.66463749367358,43.01160711741734,43.36920299026629,43.701454454587115,44.02306914831577,44.33287016452342,44.616493498035545,44.90492375676277,45.17245975635244,45.43453146552434,45.68542531492753,45.91229406234405,46.14503913089757,46.35710535698827,46.55847600280489,46.74214560480031,46.92097568648658,47.1019623071542,47.257643724888545,47.40786571006379,47.55693933384958,47.690923283191296
Trinidad and Tobago,TT,TTO,Cement production,kt cement,0.0,0.0,0.0,22.05767,125.161917,139.521068,132.157223,146.896341,176.461358,176.71237,95.583236,161.756245,161.756245,176.461358,191.031657,213.224141,191.166471,213.224141,242.634368,272.155497,257.339481,286.749707,249.986924,242.634368,257.339481,235.281811,213.272491,220.576698,213.270901,183.774128,139.728261,191.204522,389.6855,404.390613,330.865047,323.580742,323.51249,360.358555,382.246108,438.0,485.0,482.0,528.0,583.0,559.0,617.0,653.0,690.0,688.0,743.0,697.0,744.0,765.6,768.4,686.4,883.0,901.8,958.0,870.0,791.0,827.0,654.0,802.0,837.0,840.0,721.0,670.0,663.0,678.0,632.0,723.0,707.0,707.0,707.0,707.4316786846304,705.5754118366831,705.0568080311168,705.3654862516017,705.7223391698657,704.8477069872346,701.2201528341963,697.8467756385442,694.6696297789471,691.7232104905121,688.9906610794783,680.0250857183365,671.5969767386985,663.653751079616,656.1630732826562,649.0563750869821,641.3750360069156,634.1348525914489,627.2999538113462,620.811631001181,614.6577023450149,608.3530228415793,602.4151017869408,596.7529334844971,591.3602582388813,586.2061494587132,584.5982135133498,582.8184824152017,580.8930550029041,578.8249480161044,576.5833587399895,574.3707923214449,572.0150944307989,569.488272687884,566.8337381505474,564.0104854322038,561.1376350199632,558.1056456909045,554.9311017992661,551.6097857351048,548.1391405877463,544.5620125007806,540.8895372528212,537.1232404783239,533.2364664380199,529.2721930537565,525.2648051352004,521.2133825135033,517.1080166069038,513.0060356747495,508.88245816278794,504.7719051831022,500.6759050263076,496.58307681377295,492.5393817481643,488.5216076114815,484.5973414782164,480.68526033764584,476.83673384415033,473.02450533988633,469.27201951377896,465.5846500796677,461.92597893288774,458.300048852099,454.70779582980515,451.11151271715084,447.56096459950356,444.0129838857488,440.4950780439845,436.97327035480174,433.4692804719119,429.95601120862347,426.46257206417965,422.9799832557927,419.50530630011696,416.0213391092288
Tunisia,TN,TUN,Cement production,kt cement,183.813915,205.871585,227.929254,287.498401,382.332943,360.275273,404.390613,344.697508,440.13925,405.251018,330.865047,361.012032,360.275273,455.858509,456.537881,477.916179,470.563622,506.809779,602.337077,544.622609,580.346882,625.451406,522.031518,536.736631,617.614754,478.216001,573.499414,882.306791,1382.28064,1779.318696,2021.953064,1780.00384,2852.791959,2779.266393,3058.663544,2986.04559,3404.233704,3227.772345,3263.630825,3300.0,4009.0,3999.0,4269.0,4606.0,4938.0,4567.0,4424.0,4588.0,4864.0,5657.0,5721.0,6022.0,6038.0,6661.5,6691.0,6932.0,7052.0,7559.0,7514.0,8070.0,7055.0,7241.0,7504.0,9127.0,9507.0,8992.0,8104.0,7822.0,8096.0,7161.0,8499.0,7889.0,7889.0,7889.0,7879.557487203456,7870.622010710164,7860.439737530508,7844.183350878348,7826.113508240376,7808.550578682757,7775.728735610857,7747.220313921193,7722.230865498944,7700.803037942232,7680.336200641646,7653.6145854667175,7631.426490109107,7611.90306844156,7594.8561179780245,7580.159957586836,7559.252698314417,7541.752419541085,7528.358819713829,7517.960055852112,7510.190978930951,7497.727531185726,7488.236247152412,7481.217212129477,7475.112151100036,7470.312672212952,7466.649143047289,7460.380198571897,7451.921792584073,7441.550535442053,7427.871174282497,7411.200553116557,7391.798031303461,7370.382152052222,7347.455422477027,7323.050423149017,7295.01450450923,7266.193480465535,7235.901169921229,7204.622173329201,7172.717381880902,7138.615350693102,7104.561634103538,7069.752973074663,7034.488869190456,6998.779009453318,6962.938968191618,6926.8413157151,6891.551801976557,6855.56265491039,6820.48222072943,6784.850971846276,6750.029590901829,6714.114732689801,6677.167163191806,6640.500492337385,6604.224119438769,6568.7341434448135,6532.240347187725,6495.39232904875,6458.710115033631,6421.593832414188,6383.363575631581,6344.892669229797,6306.478386484832,6266.9433323596095,6226.86410189237,6186.194093344264,6144.949182062867,6103.093449352193,6060.215766642292,6017.103640555545,5973.399298441904,5930.229025054246,5885.966052199154,5840.977460828372
Turkmenistan,TM,TKM,Cement production,kt cement,135.490455,154.339814,174.930955,208.404914,247.05689,273.514175,318.34764,367.435357,428.428259,503.487387,563.270441,635.684555,677.506014,721.969343,805.92197,891.731095,946.08062,978.133152,1004.99947,1067.362832,1129.59423,1179.80291,1244.385358,1314.63744,1399.991565,1414.231515,1435.234464,1423.027538,1368.232048,1379.924394,1402.853269,1363.978586,1412.837546,1434.275107,1440.225729,1485.240409,1506.888625,1526.328988,1532.981077,1492.019231,1405.07238,1100.0,1100.0,700.0,437.0,451.0,450.0,450.0,450.0,450.0,450.0,450.0,450.0,550.0,650.0,920.6,941.0,1025.0,1100.0,1150.0,1950.0,2370.0,2650.0,2900.0,3300.0,3500.0,3600.0,2700.0,2400.0,1900.0,2000.0,2100.0,2100.0,2100.0,2146.0279710907926,2193.777761385507,2238.204685903141,2283.113289487185,2328.0551469504417,2368.8831462954786,2415.741902201314,2462.58238352244,2508.907391015648,2555.048991943045,2601.1915409272106,2635.3921411378033,2669.5717172389004,2703.7514331363686,2737.699587936825,2771.5526367710017,2802.709402341315,2833.775312623567,2864.4744688921355,2895.090552750401,2925.358170925709,2956.057304796338,2986.497985110699,3016.785378605024,3046.9680578029256,3077.0644899842787,3112.2607548031615,3146.622040166283,3180.154011107524,3212.8686811879656,3244.650237428081,3279.0915305714925,3312.5772902278536,3345.1728714913165,3376.8977283653558,3407.6782840355977,3440.5115330133153,3472.517690512292,3503.6892299968404,3534.0454151680706,3563.6154941372915,3593.3287911075768,3622.345386798957,3650.6222184165536,3678.144465530776,3704.957880531386,3731.2764836583938,3756.8802324528724,3781.719162076193,3805.6790404634676,3828.802687796422,3852.375819708918,3875.005166988755,3896.710371785711,3917.542328108615,3937.3988013509293,3957.890447128107,3977.4441454811554,3996.015433860094,4013.896058091783,4030.942908067055,4049.033135322902,4066.2466992569807,4082.5555412604913,4098.047631410886,4112.784470737824,4128.165591438092,4142.7945593973745,4156.478083750069,4169.268065434466,4181.207840144165,4193.275725643076,4204.533627597759,4214.822048611585,4224.195930672704,4232.69134939437
Turks and Caicos Islands,TC,TCA,Cement production,kt cement,,,,,,,,,,,,,,,,,,,,,,,,,,,,,,,,,,,,,,,,0.0,0.0,0.0,0.0,0.0,0.0,0.0,0.0,0.0,0.0,0.0,0.0,0.0,0.0,0.0,0.0,0.0,0.0,0.0,0.0,0.0,0.0,0.0,0.0,0.0,0.0,0.0,0.0,0.0,0.0,0.0,0.0,0.0,0.0,0.0,13.254011562616952,13.259284654778863,13.252472107759317,13.253945008258768,13.265379336979468,13.290371508604407,13.26572576717169,13.248860315786086,13.238034263877207,13.234631924477407,13.230975293402636,13.112310474981568,12.999574215760816,12.892461409166227,12.794077781134119,12.703176067895027,12.587713279731004,12.484623539937406,12.39542970551816,12.309950227663853,12.2236347043574,12.135131977988623,12.046836617827541,11.967605011953273,11.890852782148539,11.815414090486495,11.80939066415461,11.796648800760229,11.767690020318456,11.749156400835723,11.725062695508168,11.687763786299167,11.645136461488878,11.601582455704454,11.553858385536412,11.506829326098972,11.458410245200332,11.400261014073257,11.337710048319027,11.27863413621781,11.220948245577802,11.150057151056343,11.089127877006856,11.030515305392708,10.965184296716073,10.902633330961844,10.839850694964083,10.776141377992184,10.706176964444865,10.63551754016694,10.565089786132551,10.491186978445146,10.420759224410759,10.350099800132837,10.279440375854913,10.215036048152411,10.148083347771037,10.077887263980177,10.009312871894064,9.943518522730354,9.8821259081938,9.821196634144314,9.756328965954745,9.69632637287939,9.633312066638096,9.570529430640333,9.511221848295586,9.452377606437905,9.391216662144881,9.336542484670817,9.278624923787273,9.219085671198988,9.16093644007191,9.102092198214232,9.044637977817754,8.987878768151882
Tuvalu,TV,TUV,Cement production,kt cement,,,,,,,,,,,,,,,,,,,,,,,,,,,,,,,,,,,,,,,,0.0,0.0,0.0,0.0,0.0,0.0,0.0,0.0,0.0,0.0,0.0,0.0,0.0,0.0,0.0,0.0,0.0,0.0,0.0,0.0,0.0,0.0,0.0,0.0,0.0,0.0,0.0,0.0,0.0,0.0,0.0,0.0,0.0,0.0,0.0,2.3605737935291495,2.3045453129830236,2.2567358405602955,2.214187047403275,2.1771090022121156,2.1433505155329615,2.1095441331328737,2.083620899258292,2.0600817186206126,2.0402512257164247,2.025071629616057,2.0046428736850617,1.9866575243360787,1.972733417397729,1.9620351582019873,1.9546389276609955,1.942947944761198,1.9341047378158711,1.928830628429098,1.9243259638433987,1.9198346918158111,1.9131328523921947,1.9082022741406253,1.9065466483350795,1.9028530242969164,1.9000883856128947,1.9127582404615653,1.9267925412170148,1.93790302931508,1.9513525675390528,1.9626579764809435,1.975132910485788,1.9881926070221094,1.9985234117448714,2.0108034249058906,2.0244478839736892,2.035558372071754,2.049202831139553,2.0605082400814427,2.072983174086288,2.085847949778784,2.096568596189197,2.109238451037867,2.1224930684180148,2.135942606641988,2.1495870657097864,2.161087395495503,2.17570645878243,2.187206788568146,2.202215693542725,2.2148855483913956,2.22599603648946,2.2373014454313505,2.2489966960608925,2.258742738252177,2.269658305506416,2.2819383186674354,2.2897351524204623,2.2977269070173167,2.3053288199265185,2.313905337054849,2.3218970916517025,2.3287193211856025,2.333982183968896,2.340999334346621,2.3472368013490432,2.3532793475076406,2.358542210290934,2.364389835605705,2.3682882524822193,2.3717968276710812,2.374720640328467,2.379203819736458,2.3834920783006233,2.387585416020963,2.3889498619277423
Türkiye,TR,TUR,Cement production,kt cement,396.895288,455.858509,529.384075,706.037971,823.707885,970.537471,1264.639734,1514.972701,1734.833771,2036.658177,2029.30562,2323.407884,2698.38827,2941.022638,3330.26226,3867.444769,4249.3129,4727.216539,5793.267184,6374.666568,7543.723067,8425.45619,8948.061376,8933.356263,10690.617289,12344.942523,13830.158955,15344.785614,13778.691059,12874.326598,15043.330793,15779.251627,13594.326566,15733.868837,17579.962819,19998.953939,21976.171322,22675.284539,23792.873142,24500.0,26091.0,28607.0,31241.0,29493.0,33153.0,35214.0,36035.0,38200.0,34258.0,35825.0,30125.0,32577.0,35076.902,38795.797,42786.835,47499.159,49552.551,51432.0,53973.0,62737.0,63405.0,63879.0,71337.0,71239.0,71419.0,75403.0,80552.257,72544.43,56966.272,72299.053854,77384.841996,74730.42,80876.071,84663.621,84316.35230387359,84111.07999416426,83822.79755723331,83527.88517173303,83220.06717163858,82945.18944060794,82713.57697378074,82488.63740610173,82273.42491921721,82079.80754661332,81903.01111011488,81500.63008763535,81120.04133046363,80754.72768723527,80398.90520349548,80058.29396327205,79757.69839527906,79468.09934917188,79188.74835224806,78913.67850607731,78644.18215626554,78395.10552724818,78156.5739064726,77913.30758126908,77666.42668326644,77414.15253157697,76987.4270588914,76544.35220642679,76073.36939778342,75588.08279296891,75079.24627528335,74575.61449422437,74035.61270587493,73480.18279538381,72919.7815840647,72339.41944098906,71787.5216871248,71228.04990994086,70654.98057110398,70077.28458518567,69491.14132559301,68928.56002149473,68365.14035186086,67802.84491838253,67230.95951749654,66651.47940633573,66081.00408035793,65506.578463805185,64923.83394052276,64340.773973464995,63742.27627329192,63161.791567901615,62573.85488330292,61987.35304477041,61399.867346130675,60811.384777648025,60222.93774652134,59635.93098883898,59040.48819064266,58447.35897288949,57857.62925224956,57260.37512813206,56665.08566009593,56073.609694345076,55476.13327834979,54876.82212828012,54276.86296813365,53684.74441637013,53097.08321807725,52507.698148109834,51931.82176388657,51362.934454496986,50799.21701790947,50234.11437513536,49677.73484599005,49117.40086061799
Uganda,UG,UGA,Cement production,kt cement,0.0,0.0,22.05767,44.11534,51.467896,58.820453,88.230679,102.935792,80.878123,73.525566,66.173009,58.820453,51.467896,73.525566,132.346019,117.640906,139.698575,154.403688,176.461358,191.166471,205.871585,169.108802,139.698575,154.403688,95.583236,88.230679,80.878123,80.878123,51.467896,7.352557,7.352557,14.705113,22.05767,22.05767,22.05767,14.705113,7.352557,14.705113,14.705113,27.0,50.0,50.0,50.0,36.0,85.0,250.0,290.0,321.0,347.0,367.0,431.0,506.0,507.068,558.988,630.0,630.0,650.0,1193.0,1162.241,1347.0,1666.0,1780.0,2023.0,2141.0,2331.0,2494.0,2511.0,2557.0,3072.0,3738.0,4605.0,4400.0,4400.0,4400.0,4320.285423680882,4803.384265657783,5028.146379902668,5250.444145895695,5472.262099666876,5715.338213465701,5957.86741484846,6197.780791820224,6436.181547949434,6673.593216084028,6910.13794636512,7196.687067109909,7484.571951763325,7773.434186809424,8063.709197662983,8355.272887662544,8647.309071280697,8942.79352126016,9241.372181644354,9542.329942069688,9839.003428856651,10137.373824468448,10429.291556674736,10715.477664226817,10996.52587269988,11272.552412867208,11798.941966599505,12307.293499250332,12798.944807238362,13274.863263571822,13735.704104357368,14268.061786447597,14777.70522730005,15266.576589414592,15737.792294313633,16196.972161856878,16724.421716042394,17236.01889975428,17731.27453680974,18210.78975423631,18676.286244295112,19196.218647958416,19697.41177404051,20179.98668233181,20645.410258854685,21093.807963161606,21588.9142095295,22061.77143848867,22516.093612170345,22950.701980944,23368.979799234545,23820.539856980908,24251.63774430931,24663.55016360733,25061.861596591883,25442.954729579928,25855.811378569422,26249.267852622004,26627.630051098808,26990.17453519971,27335.703748656884,27702.66426935159,28052.205756823878,28387.363553932562,28705.90212646056,29010.040453430705,29328.575280329773,29628.54470419397,29914.011692882134,30182.83477492464,30434.542246168465,30700.002917553047,30944.54516047725,31174.52536784549,31389.550489118712,31593.381090754097
Ukraine,UA,UKR,Cement production,kt cement,2012.919723,2291.183456,2594.856389,3089.014994,3659.10661,4047.851671,4707.753034,5429.513179,6325.962124,7428.587222,8304.32551,9364.820354,9973.370405,10619.869195,11845.83378,13097.228018,13885.037904,14344.682963,14727.650327,15629.85562,16472.687035,17134.046803,17997.956817,18936.572405,20084.314263,20454.915872,20930.079284,20924.62975,20287.415487,20633.418354,20994.355896,20430.179634,21180.250841,21520.159351,21628.064159,22367.81659,22758.829884,23118.575103,23286.061983,22729.1,21744.5,20100.0,15000.0,11400.0,7600.0,5017.0,5098.0,5591.0,5828.0,5311.0,5800.0,7142.0,8923.0,10635.0,12183.0,13732.0,15000.0,14918.0,9496.0,9457.0,10515.0,9843.0,9857.0,8636.0,8511.0,9023.0,9003.0,8926.866157,8921.6,9534.239147,10780.5,5400.0,5400.0,5400.0,5534.70221119828,5851.415669000838,6155.305286809725,6463.912814266752,6783.554312696231,7113.352540502216,7466.442274527825,7823.999383909101,8178.861678913856,8517.712073072638,8840.567112104529,9113.614747800431,9367.716210282983,9603.68645798258,9822.67552097422,10024.380708842042,10203.413263858434,10367.410634817059,10516.558845617192,10652.612425619247,10780.154560235094,10899.474951142778,11009.543916267561,11113.807946716464,11211.840869120446,11303.928940355165,11366.511912050546,11419.19909959619,11462.474892630402,11496.358587253222,11521.306483192837,11542.59482822759,11555.027396952131,11558.55155312755,11553.443394957749,11540.655913975068,11522.278318532919,11496.25576873789,11464.584853565942,11427.7860262416,11385.983781823796,11339.590157477063,11288.855444141338,11233.873464159386,11174.967451654018,11112.00758901337,11044.392389080842,10973.436779943084,10899.53237780905,10821.83321003477,10741.025022096639,10657.101293345646,10570.494443855056,10481.579915365415,10390.296782504418,10296.938857495656,10202.194305689005,10105.749587076598,10007.490649383632,9908.06603480698,9807.216328573197,9707.1591794661,9605.917716299738,9503.936349541305,9401.656816070725,9298.95586187011,9196.132427391694,9092.991743741828,8989.20005769669,8884.857166761454,8780.351979336849,8676.03945952701,8571.242576426572,8466.092470922536,8360.976305380656,8255.772750808112
United Arab Emirates,AE,ARE,Cement production,kt cement,,,,,,,,,0.0,0.0,0.0,0.0,0.0,0.0,0.0,0.0,0.0,0.0,0.0,0.0,0.0,0.0,0.0,0.0,0.0,198.50067,198.537799,1242.582065,1272.11972,1720.327305,1720.327083,2220.472092,2066.068403,4007.143344,4205.353496,2742.290716,3102.778883,3286.592798,3389.52859,3260.0,3473.0,3800.0,4000.0,5000.0,5918.0,6000.0,5250.0,7066.0,7069.0,6100.0,6100.0,7000.0,8000.0,9000.0,10000.0,13000.0,16000.0,21885.0,18997.0,18000.0,16000.0,15000.0,15700.0,20500.0,20500.0,16900.0,17400.0,17200.0,16100.0,14900.0,15000.0,15200.0,15200.0,15200.0,15337.245923986033,15577.307161865028,15719.685088090017,15827.93129778088,15917.42311972561,16012.918250704493,16123.283720705924,16241.326015207609,16365.72502225164,16497.34517647381,16634.443258007042,16712.64899663469,16792.643968518703,16876.645930311395,16963.556946613466,17050.76147339188,17151.35839097453,17255.222302179824,17361.306423294674,17470.800832576275,17582.116716246288,17703.13442812485,17830.479473480136,17963.991436765857,18101.1354863738,18241.583365680464,18472.757729622743,18704.995072300495,18939.47762110412,19177.170731983762,19419.035167890186,19669.96043859683,19924.174097503495,20182.59313809588,20445.18726265752,20711.513896899778,20990.30012005761,21274.84682154982,21565.819714386467,21862.477178298155,22164.954470099998,22486.61738232615,22813.15089372444,23145.148768115272,23481.88483719245,23823.414433143873,24183.85413283747,24548.757768588242,24916.411980329776,25287.898486804475,25660.425194140185,26043.9669943989,26429.218827119275,26815.781920788464,27202.837459155795,27590.636527243292,27983.04724940934,28376.20026523167,28769.696167533682,29163.57356337921,29557.167349759715,29949.106797124095,30342.215757892296,30737.07543559114,31133.462949137964,31532.047187191096,31924.367454840798,32318.97981011837,32716.322160931195,33116.98750725758,33521.34635207208,33921.72767067244,34326.42982260212,34735.53605678718,35150.02824629534,35569.2522248876
United Kingdom,GB,GBR,Cement production,kt cement,10389.232336,11315.50614,11396.462722,12153.776052,12720.003732,12969.909834,12153.776052,11852.321231,12786.095919,13499.293909,14374.248143,14249.254681,14058.08821,16962.45031,16962.348065,16771.181593,17572.501509,17874.173069,17418.105005,17057.931301,17697.603724,18043.275914,19984.248825,17785.834403,16888.822499,15778.586453,15454.980249,15918.188559,16138.953496,14808.048982,12727.275466,12962.47062,13396.268103,13477.236239,13337.450304,13410.976767,14308.075134,16506.383451,16844.813344,14700.0,12297.0,11006.0,11039.0,12307.0,11805.0,12214.0,12638.0,12409.0,12697.0,12702.0,11090.0,11089.0,11215.0,11405.0,11216.0,11469.0,11887.0,10073.0,7623.0,7883.0,8529.0,7952.0,8203.0,8958.0,9235.0,9370.0,9359.0,9197.0,9079.0,8046.0,9008.0,8393.0,7689.0,7283.0,7353.712614787914,7439.604059959334,7529.635589701169,7616.538352370894,7700.041990079283,7809.536274113325,7937.2328666937565,8066.235636975198,8195.836552109942,8326.128983088873,8457.38094768725,8578.212272265786,8698.705869494526,8818.80796013838,8938.310558539491,9057.89792072462,9198.467404066252,9338.221773316922,9477.813895921787,9617.555996289168,9757.30444505105,9909.635039979106,10062.052276285815,10214.861262392897,10367.907113667992,10522.08669251596,10741.769779070128,10962.053232544535,11182.977720568962,11404.618236192904,11626.787000410231,11861.82284438869,12097.456602802224,12333.804510479278,12570.678620401075,12808.384808484812,13056.564779728065,13305.230048448098,13552.873747994423,13796.75499757677,14036.657607936017,14271.405485862851,14502.20714956461,14729.133190209992,14952.184944470995,15171.365059358493,15380.662763572796,15586.384535578563,15788.503019537851,15986.763813135425,16181.34028643258,16363.375567641699,16542.433273685052,16717.834755068427,16889.968986231364,17058.50192341057,17214.331782559708,17367.506184523158,17517.19575262266,17663.563019586996,17806.992446364595,17938.395912170472,18066.677999615105,18192.176343604566,18315.050009191906,18434.61970685925,18542.818636112803,18648.500953524723,18751.669374138724,18852.19578080881,18950.61427118291,19035.7238103758,19118.751003877263,19199.71128130213,19278.30808494648,19353.86820369916
United Republic of Tanzania,TZ,TZA,Cement production,kt cement,0.0,0.0,0.0,0.0,0.0,0.0,0.0,0.0,0.0,0.0,0.0,0.0,0.0,0.0,0.0,51.330648,147.051132,154.062087,169.108802,169.108802,176.461358,235.281811,316.159934,294.102264,265.117587,242.634368,257.339481,227.550634,279.397151,302.042452,389.6855,397.038056,419.095726,367.62783,301.45482,301.45482,301.45482,191.166471,536.736631,540.0,540.0,540.0,540.0,315.0,596.0,726.0,621.0,778.0,833.0,833.0,900.0,1026.0,1186.3,1280.9,1366.0,1369.9,1629.9,1756.0,1941.0,2312.0,2409.0,2581.0,2346.0,2809.0,3135.0,4071.0,4200.0,4459.0,6514.0,6496.0,6531.0,7598.0,7598.0,7598.0,7339.326361097135,7673.808749120777,8056.825178510103,8446.774512395168,8857.252164261068,9267.528354166554,9674.353936346817,10075.509345272025,10473.078042960984,10867.828029387736,11259.892094132936,11751.070611089379,12242.572759329249,12734.715491362465,13227.547897868557,13721.108256757983,14217.092996318659,14699.161710228576,15169.39525486464,15630.907889211847,16088.152200359418,16542.34349992293,16990.424755265776,17434.030082135592,17874.164890697477,18310.81430780319,19157.0636205667,19980.060803157136,20782.221793592445,21566.043078983646,22334.618265574107,23229.991401352334,24100.988506088255,24956.449457941857,25798.748856538685,26629.03332859283,27586.493372407767,28525.79459549169,29448.80528868644,30355.917877376316,31248.926734361426,32255.206904279446,33235.402286805205,34196.48498506699,35140.2845266931,36069.0901634627,37097.182097072066,38102.3409722288,39085.984119969944,40052.46540144891,41003.21506640337,42033.27584775834,43042.0981577617,44028.38876311314,44995.600267595364,45949.559452330635,46971.79987463748,47975.846845888096,48962.52182921944,49934.00415464073,50893.07285000715,51919.43677963804,52926.572961535494,53912.86888384156,54884.236939308714,55837.9021858995,56842.3530357751,57830.95537248862,58800.92625675185,59752.651356597875,60684.94812643198,61658.68986741567,62615.93436327953,63556.72204616445,64477.29909682572,65382.96042129942
United States of America,US,USA,Cement production,kt cement,41825.0,42394.0,45021.0,46434.0,52994.0,56153.0,52574.0,54831.0,59764.0,56063.0,56718.0,58908.0,61733.0,64379.0,65078.0,67146.0,64449.0,68791.0,71086.0,67427.0,71054.0,74931.0,77576.0,73688.0,61815.0,66179.0,70939.0,76190.0,76649.0,68242.0,65054.0,57475.0,63884.0,70488.0,70665.0,71473.0,70940.0,69733.0,70025.0,71400.0,68465.0,70883.0,75117.0,79353.0,78320.0,80818.0,84255.0,85522.0,87777.0,89510.0,90450.0,91266.0,94328.695,99014.588,100902.712,99712.374,96849.651,87610.0,64843.0,67202.0,68639.0,74934.0,77415.0,83124.0,84940.0,85153.0,86799.0,87000.0,88100.0,89800.0,91300.0,91600.0,90000.0,86000.0,86738.96933565942,87511.7802721577,88310.83731408435,89110.63054312064,89920.11598729469,90680.56012103097,91411.11806802108,92142.2496131076,92875.73095511248,93612.71456805721,94348.4938650269,94685.7916995665,95022.08872142417,95359.28692014613,95697.4683463461,96037.59441679895,96372.0879756786,96706.5590640818,97041.84477938002,97377.6287939724,97713.18621399833,98046.66976337314,98382.99505217373,98719.99296938587,99056.28588123522,99396.32578153035,100145.02243246268,100886.55298274066,101618.09818599415,102343.93052673712,103057.60103616174,103781.48968871411,104501.61185357682,105222.1380071976,105942.05813166467,106654.44384690859,107377.60090294345,108101.97783522517,108823.39757876913,109541.56206339815,110253.06767490837,110957.84760523145,111662.69942587102,112367.02688318798,113065.5340867398,113763.7804694974,114441.50706758385,115120.09661003403,115785.66363664492,116448.11072096102,117101.51263793181,117745.48407958173,118377.69290271621,119000.4768219973,119617.58420911097,120223.08196241134,120809.93581701996,121406.32285389476,121987.66143613323,122564.00976809303,123134.90197074339,123684.54350202967,124239.29195151686,124791.51465844695,125348.77331141094,125898.63452290892,126434.7876406587,126972.61767757079,127508.2719142369,128037.8526898706,128567.30353375613,129078.08201132131,129577.28254860477,130075.27420912508,130560.67554850245,131044.26720041876
Uruguay,UY,URY,Cement production,kt cement,301.45482,301.45482,294.102264,294.102264,264.692037,338.525915,419.095726,433.800839,419.095726,411.743169,389.6855,374.637939,338.504959,404.390613,419.095726,470.563622,419.095726,514.678962,462.907718,499.973848,455.858509,463.211065,515.00595,544.089188,639.672424,676.435207,683.787763,683.787763,683.787763,808.781225,742.608216,661.730094,404.390613,330.865047,315.808645,337.827952,404.390613,433.800839,558.794301,500.0,500.0,500.0,500.0,707.0,600.0,685.0,781.0,872.0,789.0,700.0,1015.0,1000.0,1050.0,620.0,620.0,620.0,620.0,620.0,1050.0,834.0,968.0,872.0,850.0,830.0,902.0,742.0,817.0,812.0,737.0,825.0,900.0,900.0,900.0,900.0,914.4402006889875,926.1021224758026,935.7925610654821,944.8357010768693,953.4034269516236,963.2112560817455,967.973839159931,972.7895980091836,977.7911216197493,982.9938402761587,988.4438541210532,983.7030135337855,979.5639203905932,975.9629743948627,972.8508586343053,970.1664300924651,965.9901986057263,962.3461713292833,959.1948844878071,956.4618795503732,954.0925535864249,950.865836274494,948.0974147736964,945.6860806810063,943.5928163386842,941.7919025502648,945.1511684809007,948.2446994382348,951.0744307182308,953.629649271658,955.8990451378202,957.5993918335375,959.0443474539472,960.2552722267374,961.2289937411564,961.961301564024,962.299483267896,962.4571686501063,962.4355932322158,962.2493736245478,961.891954536542,960.9110194506142,959.7792167450036,958.4901935649286,957.029404730373,955.3912801785534,953.2166864343088,950.934598941649,948.5234418995124,945.9992940390595,943.3171547455283,940.136763427951,936.8195378191496,933.370544281695,929.785050884643,926.0556287637382,921.9150643031417,917.6513427357659,913.2596560751692,908.7432602933787,904.1140165932314,899.1560826596178,894.0902785914185,888.9270033374195,883.6704780232145,878.323047097484,872.7480569872079,867.0980129069171,861.4227623978597,855.7133585974989,849.999848622537,844.1479174442002,838.3077185750403,832.467440046378,826.6296143757438,820.824983591436
Uzbekistan,UZ,UZB,Cement production,kt cement,724.3396,825.10934,935.190736,1114.144406,1320.780048,1462.222181,1701.904413,1964.330113,2290.401598,2691.671927,3011.275502,3398.405431,3621.985303,3859.688765,4308.504237,4767.244655,5057.800276,5229.154918,5372.783765,5706.181812,6038.874368,6307.2928,6652.554205,7028.125789,7484.433748,7560.561323,7672.844275,7607.585356,7314.645583,7377.153526,7499.73258,7291.906336,7553.109088,7667.715498,7699.527854,7940.178871,8055.911454,8159.840725,8195.403172,7976.418834,7511.596072,5900.0,5300.0,4800.0,3400.0,3300.0,3300.0,3400.0,4471.0,3521.0,4000.0,4000.0,4804.8,5067.8,5068.0,5700.0,6500.0,6600.0,6850.0,6872.0,6698.0,6800.0,6990.0,7350.0,8350.0,8470.0,8930.0,9200.0,10990.0,12540.0,14200.0,14600.0,14600.0,14600.0,15072.88583213883,15557.757230061734,16019.577529268694,16485.347026632156,16953.02951333887,17390.689169202873,17833.723732400733,18269.90916555482,18697.39918180813,19118.616211451645,19534.109185884743,19888.988342482346,20237.7251521989,20582.585539202923,20923.29933489004,21261.125245123843,21597.29286484796,21934.069966873172,22269.333918193217,22605.208162626684,22940.118991795105,23276.793095137084,23612.206658922398,23947.53142721203,24282.82132711222,24619.173314636544,24999.95858663914,25376.70221102713,25748.035133940357,26114.28228831291,26474.847094383065,26841.821179858187,27201.75059970171,27556.51946476361,27904.78623765442,28246.99888539663,28592.524686944176,28930.593568113105,29263.00627925833,29589.294809316252,29909.849548021073,30231.15492227354,30547.658525024865,30858.729702097007,31165.975660198816,31469.250657773468,31773.09166920028,32074.338843537742,32370.628006611583,32664.884433684758,32955.42113887981,33247.20044556638,33535.983414897375,33825.54680827235,34108.4790910819,34386.660366805314,34666.03295966719,34942.80812246579,35212.70956224358,35482.03301242709,35747.67044361255,36011.95649930148,36270.47147950888,36525.411843335205,36774.5692890973,37019.62622157955,37261.483946674605,37496.55390065753,37726.00134619616,37950.09017419417,38168.285949094534,38380.948878981464,38586.57205150243,38787.53691149089,38979.44410414218,39163.99850268357
Vanuatu,VU,VUT,Cement production,kt cement,,,,,,,,,,,,0.0,0.0,0.0,0.0,0.0,0.0,0.0,0.0,0.0,0.0,0.0,0.0,0.0,0.0,0.0,0.0,0.0,0.0,0.0,0.0,0.0,0.0,0.0,0.0,0.0,0.0,0.0,0.0,0.0,0.0,0.0,0.0,0.0,0.0,0.0,0.0,0.0,0.0,0.0,0.0,0.0,0.0,0.0,0.0,0.0,0.0,0.0,0.0,0.0,0.0,0.0,0.0,0.0,0.0,0.0,0.0,0.0,0.0,0.0,0.0,0.0,0.0,0.0,81.31488891054853,82.31145563501912,83.59915256612855,84.5493205129824,85.51935215624913,87.21028156415395,90.89164769690684,94.3788233287956,97.70241063443095,100.88652543980947,103.94691308100091,107.90682468609249,111.60820732991178,115.15038858364998,118.53101297606304,121.78847950500575,126.06465149803839,130.06268370544765,133.83048812828082,137.40587820068097,140.82147987526264,145.19355913569527,149.2358545631252,153.02998600361627,156.56497409527455,159.93185519808705,165.65223178017607,171.1148570091404,176.36997879571146,181.44979182654043,186.366283735187,192.2824200633137,197.90684131117655,203.30239169442598,208.49716388703627,213.5140743228437,219.3936575703064,224.97881622914255,230.34827206636353,235.52129243969603,240.52254757778226,246.16897256735746,251.5493245641007,256.6635024736758,261.5504392076565,266.2444803731741,271.3707972732182,276.2557218852811,280.92478216689204,285.39930638891883,289.68871846421575,294.2358467808451,298.5791710445762,302.7266506123428,306.7490228477145,310.6147589288988,314.61475014564326,318.4583390783253,322.1563473493528,325.74219169279183,329.22629496920615,332.7817305342098,336.17294070123785,339.4649691383623,342.6481976360874,345.7155348062506,348.8264186165183,351.8269480252811,354.7444414972847,357.59530834538265,360.3488935276073,363.0872520474392,365.69365296358603,368.2406051246843,370.6904727444915,373.05733061258036
Venezuela (Bolivarian Republic of),VE,VEN,Cement production,kt cement,617.614754,838.191452,985.242584,1213.085034,1279.344848,1448.372023,1750.000609,1617.453634,1875.00737,1485.216432,1514.626659,1536.788482,1580.799668,1852.964304,2110.311046,2110.183743,2250.007681,2441.185176,2139.480264,2646.790202,2801.159878,2984.96306,3411.58626,3492.634847,3499.816939,3536.353584,3139.722318,3426.291373,3977.733118,4845.334796,4874.939398,5433.326018,4441.119106,4779.161787,5293.840748,5749.699257,6109.97453,6198.20521,4507.117193,5230.0,6337.0,6585.0,6842.0,6927.0,7672.0,7556.0,8145.0,8202.0,8500.0,8600.0,8700.0,7000.0,7700.0,5000.0,5800.0,11000.0,8000.0,8044.0,7900.0,7120.0,7760.0,8440.0,8846.0,7940.0,8210.0,5790.0,5410.0,2010.0,1500.0,1400.0,2500.0,2600.0,2600.0,2600.0,2650.733879440245,2973.6806213602113,3292.5835931925208,3612.2174464718246,3933.4969070326015,4260.91511195155,4632.244900104831,5004.661074291003,5378.648266614342,5754.524015795502,6122.02242717663,6363.455120984765,6587.240831116429,6794.5190972892915,6986.689465636974,7165.00055844483,7245.492852116317,7323.081011020953,7398.535690154958,7471.262291180482,7541.626584705725,7528.28861265818,7519.165704932277,7514.560425441026,7512.687189841759,7513.8971658085775,7518.192670497383,7521.153664062063,7524.773068585462,7527.357813818644,7529.687206687596,7531.191016663615,7531.948897560213,7531.668194400814,7531.561708181679,7530.818046891016,7529.968722160177,7529.052128740818,7527.809030281019,7526.364586494415,7524.992613387882,7522.67701426193,7519.775792453693,7516.371091042844,7513.204760748147,7509.543689679652,7505.692717645369,7501.64338420064,7497.447884460265,7493.141757854771,7489.320377891096,7484.492881638962,7479.690368645405,7474.175553977075,7468.113775497419,7461.843430931437,7455.392369746972,7448.866931935121,7441.861228098932,7434.701496959084,7427.108761502814,7421.251362495661,7414.392757295186,7407.031339524456,7399.40926382776,7390.667067066139,7385.349539385129,7379.619453782607,7373.368978538968,7365.59404576336,7357.546686556875,7347.776278591646,7336.832657638479,7325.8211223078215,7313.804181486451,7302.217585886981
Viet Nam,VN,VNM,Cement production,kt cement,213.224141,227.929254,294.102264,257.339481,301.45482,198.519028,161.550448,301.45482,382.332943,404.390613,455.858509,463.211065,492.621292,720.550546,948.479801,882.475331,933.774688,639.672424,742.608216,786.723556,764.665886,499.973848,764.665886,698.35868,698.375404,742.608216,845.544008,845.544008,727.903103,639.672424,544.089188,801.268831,926.422131,1095.530933,1294.049961,1526.0,1665.0,1956.089464,1992.542837,2500.0,3000.0,4000.0,4200.0,4700.0,5828.0,6586.0,8019.0,9738.0,10489.0,13298.0,16073.0,21121.0,24127.0,26153.0,30808.0,32690.0,37102.0,40009.0,48810.0,55801.0,58271.0,56353.0,57516.0,60982.0,67645.0,74457.0,81488.0,89121.0,105533.0,112283.0,111199.0,117626.0,110000.0,110000.0,107815.83931347182,106695.38315788095,105602.49203853607,104528.07595112396,103506.85575743913,102652.18970506327,101718.05772652036,100896.44399094772,100184.73195866958,99563.3195109383,99025.25375316583,97944.2580693932,96937.6337298124,96009.95877600252,95145.50967424756,94342.8791058335,93596.54276595304,92900.89410246935,92237.95448546666,91604.27781405332,90997.2204736573,90434.20708299677,89885.9988657804,89357.97182311756,88842.95151022205,88343.50200129264,87811.84706371881,87250.25392488501,86675.21618802247,86090.04663224415,85490.92479961339,84900.90871658323,84309.37256144405,83706.29780035568,83092.17212385163,82477.47014471,81882.25133708116,81289.12145731185,80702.64053849368,80127.59171683408,79565.13854285068,79023.46562746745,78482.54272417341,77949.47379367509,77426.99003861239,76910.04986887098,76411.18753629338,75916.6209439777,75415.00473403769,74913.93994316949,74417.238171324,73937.88929904798,73461.0244876183,72975.98664425315,72496.2245357542,72012.3195956637,71542.77301289662,71073.66390427586,70607.75614420116,70150.37943210275,69702.18648886972,69262.87374166328,68824.84030364963,68389.42507567872,67963.32889611619,67538.40687741303,67115.84737874806,66700.10186043616,66289.37264656177,65879.60177147438,65474.00765736406,65067.402394753306,64653.57725427598,64242.013754818574,63821.53098198508,63400.09778135704
Wallis and Futuna Islands,WF,WLF,Cement production,kt cement,,,,,,,,,,,,,,,,,,,,,,,,,,,,,,,,,,,,,,,,,,,,,,,,,,,0.0,0.0,0.0,0.0,0.0,0.0,0.0,0.0,0.0,0.0,0.0,0.0,0.0,0.0,0.0,0.0,0.0,0.0,0.0,0.0,0.0,0.0,0.0,0.0,2.7730077969782507,2.728513150286589,2.6858164190159237,2.6467337406683953,2.608335344597062,2.569516538901358,2.534866764275491,2.500437705066797,2.4673712096599965,2.4387928855954724,2.413120114792039,2.3785751448365544,2.347125495140613,2.31667254001448,2.291998062509225,2.265657798593785,2.233085788712002,2.2051271210265835,2.177859520859107,2.150838383343424,2.124306881569154,2.093960173428314,2.0666855167076736,2.037232548194952,2.0082067295983475,1.9837094276141185,1.9722090978284026,1.959344322135906,1.9499881216322728,1.9332249290632628,1.919385549151639,1.9069106151467938,1.8907321851092609,1.8770877260414625,1.8611042168477552,1.8435613409034426,1.8305016443671207,1.8147130560172395,1.7997041510426603,1.7856698502872106,1.7716355495317604,1.7583809321516126,1.7445415522399883,1.7316767765474923,1.7199815259179503,1.7075065919131054,1.6946418162206103,1.6839211698101961,1.6708614732738745,1.6607255893949389,1.6515643097351314,1.640648742480892,1.6320722253525612,1.6223261831612767,1.6114106159070372,1.6028340987787069,1.5942575816503761,1.585096301990568,1.5747654972678065,1.5644346925450443,1.5539089669784567,1.5443578456309974,1.5303235448755474,1.5192130567774824,1.508492410367069,1.4946530304554446,1.4812034922314719,1.4683387165389759,1.4537196532520484,1.4402701150280754,1.4252612100534965,1.4102523050789182,1.3958281626358164,1.3808192576612375,1.3648357484675306,1.3478776350546948
Yemen,YE,YEM,Cement production,kt cement,0.0,0.0,0.0,0.0,0.0,0.0,0.0,0.0,0.0,0.0,0.0,0.0,0.0,0.0,0.0,0.0,0.0,0.0,0.0,0.0,0.0,0.0,14.705113,58.820453,58.820453,58.820453,58.820453,66.173009,88.230679,80.878123,80.878123,235.281811,852.896565,1389.633196,1396.985753,1161.703942,757.313329,647.02498,698.492877,828.0,850.0,800.0,800.0,800.0,1088.0,1028.0,1235.0,1201.0,1454.0,1400.0,1493.0,1561.0,1541.0,1546.3,1550.0,1470.0,1728.0,2111.0,2118.0,1864.0,2800.0,2760.0,3300.0,3190.0,2530.0,1400.0,1920.0,1880.0,1900.0,1700.0,1800.0,1950.0,1950.0,1950.0,1932.6323842861848,2081.287211443852,2229.770509563675,2376.8801347877943,2521.736988238317,2666.6966410837945,2861.1181130533464,3056.185951453525,3251.617715281668,3447.5911581976543,3643.87401881687,3902.2975653549297,4158.290816519182,4412.520687352048,4664.565185567324,4914.0620442228565,5254.858881708396,5592.629632299319,5927.198478339114,6259.102772431954,6589.438741976733,7019.8463856729295,7448.97419024152,7876.03375321313,8301.6747034123,8725.83632233548,9307.511901038482,9891.450449146616,10477.495172000848,11065.579662852753,11655.484920290977,12385.153120600538,13117.740095988895,13853.12940285777,14591.137468917996,15331.814278566675,16214.33886241682,17070.55082683032,17900.92881686295,18706.076447613894,19486.577180970802,20358.822371754763,21197.673720867057,22004.62115042369,22781.43527215539,23529.637001539337,24329.734481922926,25095.970700197377,25829.790889256412,26533.13956369001,27213.54143458041,27930.633921375756,28627.682290891866,29304.459266031037,29963.225230279906,30604.46895523464,31268.99503324767,31914.500037631347,32540.565521886878,33149.37549247186,33740.75780536566,34348.502520904985,34936.203613615224,35505.82851214173,36057.70388423085,36592.11363587005,37135.40889365387,37660.61466674366,38167.84889682337,38655.90540698188,39126.848270833216,39601.82286352563,40059.74269109562,40499.0092545657,40923.2067584303,41332.23421390279
Zambia,ZM,ZMB,Cement production,kt cement,56.701193,83.908209,108.950749,133.778774,165.806808,196.974603,229.479349,273.916447,203.090061,206.664654,153.090727,141.413641,136.892599,154.403688,220.576698,220.576698,301.22435,337.946596,330.865047,176.461358,470.108971,485.268735,411.414563,441.153396,448.505952,382.332943,397.038056,124.993462,198.721186,161.756245,147.051132,154.403688,154.403688,242.634368,316.159934,330.865047,374.472283,404.863032,382.332943,437.0,367.0,347.0,350.0,280.0,312.0,348.0,384.0,351.0,300.0,380.0,215.0,230.0,350.0,390.0,435.0,550.0,540.0,560.0,880.0,1127.0,1200.0,1600.0,1810.0,1900.0,1800.0,2000.0,2210.0,2751.0,2480.0,2797.0,2732.0,2272.0,2272.0,2272.0,2208.466474842061,2299.74272810533,2392.2088150735517,2471.8274992464812,2549.2162380241652,2626.7717730177283,2694.206425694734,2762.6418012571917,2832.198962731939,2902.7868795606278,2974.2739670983815,3066.33314957695,3159.9162618835953,3254.84168730709,3351.0337436087593,3448.330849671287,3542.4577313812015,3638.9935275218027,3737.5776950854124,3838.188537844089,3941.333986560987,4046.8077542467818,4156.156945152473,4265.613826773136,4375.090764776643,4484.5056036874375,4696.72620946345,4904.379679902121,5107.712098905247,5306.98026054847,5502.462246137204,5731.375184152941,5954.116055932334,6171.120470904465,6382.881117483033,6589.6784249036255,6825.539622345365,7053.895819797211,7275.457437158975,7490.579304891588,7700.0415409386915,7933.495856757906,8161.754728533765,8385.392353867006,8604.57907492936,8819.932820664519,9056.44220241242,9287.327626844886,9513.043818744341,9733.756669958386,9949.48340240816,10181.64762458741,10407.841144692204,10629.001810871669,10844.714843955973,11055.14010492671,11278.826996338446,11496.425588938228,11708.29152114957,11915.046941804418,12116.74018278694,12327.06445866726,12532.059709475854,12731.895386066513,12925.038194344901,13114.587815738176,13310.652791379202,13502.958619216497,13690.631418988844,13873.626151947365,14053.622982345378,14238.273226821115,14417.89099398424,14593.937197333891,14765.396193527904,14932.648499355262
Zimbabwe,ZW,ZWE,Cement production,kt cement,100.620222,148.548989,192.04818,235.485442,292.555726,343.531802,399.804693,465.413663,351.14769,354.490722,257.643319,235.355169,226.260045,250.192,249.811248,249.986924,0.0,338.217603,382.332943,477.916179,558.560006,624.967311,676.435207,757.313329,669.08265,536.736631,492.621292,411.58081,397.038056,470.563622,588.204528,573.499414,580.851971,647.264176,698.492877,749.960773,808.975878,772.018442,720.550546,700.0,865.0,900.0,1000.0,1070.0,968.0,1000.0,1100.0,1100.0,1000.0,1000.0,800.0,600.0,400.0,500.0,600.0,700.0,400.0,400.0,700.0,800.0,1000.0,1480.0,1190.0,1280.0,1510.0,1190.0,1210.0,1440.0,1220.0,1280.0,1400.0,1000.0,1000.0,1000.0,969.3453285505326,997.0553188374753,1016.1926227011114,1034.1271357184867,1052.4977653247643,1070.28304795625,1084.323520793317,1099.451075404785,1115.5392300733815,1132.5021910033051,1150.3108971109643,1169.0823362002286,1189.1043417967692,1210.1117818569292,1231.9878815262161,1254.6325748557538,1268.7861326320794,1284.4648705187165,1301.6463228224143,1319.9912598247868,1339.7663069161692,1353.7681576821037,1369.8820039865636,1387.812212425905,1407.2642285937154,1428.1204525009177,1477.1490326893133,1526.216754834703,1575.4126435057024,1624.6533539217796,1674.0557256503569,1731.5406021076205,1789.203621537419,1846.896652136031,1904.7384382330138,1962.6968355089962,2030.993871930647,2099.3626847600945,2167.8553796769247,2236.4866918033986,2305.3504392254117,2386.1078055139533,2467.12652732926,2548.267989221623,2629.6370082096437,2711.1601558260713,2807.825760088635,2904.7434290880387,3001.749978744306,3099.008721137503,3196.6117026291968,3312.170514640585,3428.011385976449,3544.2316589727307,3660.862102969565,3777.504905528047,3912.093060733676,4043.7718628731386,4172.519410911213,4298.237875224113,4420.951030549494,4560.974281857329,4696.691107897026,4828.148905725788,4955.023013305806,5077.907025671798,5216.056464731275,5348.084526226752,5474.818629155559,5595.552240557041,5712.17618618705,5840.915575621763,5962.403195963776,6078.923336399301,6191.394337386285,6299.53766524011
