Country,ISO2,ISO3,OMNIARegion,ZijieRegion,Metric,Unit,Scrap2019_kt,ShareWeight2019,RegionShare2019,AllocationMethod2019,SecondaryEstimate2024Country,SecondaryEstimate2024_kt,RegionShare2024,AllocationMethod2024,Trend2019_2024Slope_kt_per_year,Trend2025Unclipped_kt,AlignmentFactor_vs_old_2025,BoundaryAlignmentMethod,2019,2020,2021,2022,2023,2024,2025,2026,2027,2028,2029,2030,2031,2032,2033,2034,2035,2036,2037,2038,2039,2040,2041,2042,2043,2044,2045,2046,2047,2048,2049,2050
Ethiopia,ET,ETH,AFE,Rest of World,Aluminium scrap,kt,0.0,0.0,0.0,No 2019 secondary producer share; assigned zero,,0.0,0.0,No 2024 secondary production estimate; assigned zero share,0.0,0.0,,Existing values retained through 2024; 2025 extrapolated using a country-level OLS linear trend fitted over 2019-2024 and floored at zero; Zijie regional growth indexed to 2025 thereafter,0.0,0.0,0.0,0.0,0.0,0.0,0.0,0.0,0.0,0.0,0.0,0.0,0.0,0.0,0.0,0.0,0.0,0.0,0.0,0.0,0.0,0.0,0.0,0.0,0.0,0.0,0.0,0.0,0.0,0.0,0.0,0.0
Kenya,KE,KEN,AFE,Rest of World,Aluminium scrap,kt,0.0,0.0,0.0,No 2019 secondary producer share; assigned zero,,0.0,0.0,No 2024 secondary production estimate; assigned zero share,0.0,0.0,,Existing values retained through 2024; 2025 extrapolated using a country-level OLS linear trend fitted over 2019-2024 and floored at zero; Zijie regional growth indexed to 2025 thereafter,0.0,0.0,0.0,0.0,0.0,0.0,0.0,0.0,0.0,0.0,0.0,0.0,0.0,0.0,0.0,0.0,0.0,0.0,0.0,0.0,0.0,0.0,0.0,0.0,0.0,0.0,0.0,0.0,0.0,0.0,0.0,0.0
Sudan,SD,SDN,AFE,Rest of World,Aluminium scrap,kt,0.0,0.0,0.0,No 2019 secondary producer share; assigned zero,,0.0,0.0,No 2024 secondary production estimate; assigned zero share,0.0,0.0,,Existing values retained through 2024; 2025 extrapolated using a country-level OLS linear trend fitted over 2019-2024 and floored at zero; Zijie regional growth indexed to 2025 thereafter,0.0,0.0,0.0,0.0,0.0,0.0,0.0,0.0,0.0,0.0,0.0,0.0,0.0,0.0,0.0,0.0,0.0,0.0,0.0,0.0,0.0,0.0,0.0,0.0,0.0,0.0,0.0,0.0,0.0,0.0,0.0,0.0
Mauritius,MU,MUS,AFE,Rest of World,Aluminium scrap,kt,0.0,0.0,0.0,No 2019 secondary producer share; assigned zero,,0.0,0.0,No 2024 secondary production estimate; assigned zero share,0.0,0.0,,Existing values retained through 2024; 2025 extrapolated using a country-level OLS linear trend fitted over 2019-2024 and floored at zero; Zijie regional growth indexed to 2025 thereafter,0.0,0.0,0.0,0.0,0.0,0.0,0.0,0.0,0.0,0.0,0.0,0.0,0.0,0.0,0.0,0.0,0.0,0.0,0.0,0.0,0.0,0.0,0.0,0.0,0.0,0.0,0.0,0.0,0.0,0.0,0.0,0.0
Eritrea,ER,ERI,AFE,Rest of World,Aluminium scrap,kt,0.0,0.0,0.0,No 2019 secondary producer share; assigned zero,,0.0,0.0,No 2024 secondary production estimate; assigned zero share,0.0,0.0,,Existing values retained through 2024; 2025 extrapolated using a country-level OLS linear trend fitted over 2019-2024 and floored at zero; Zijie regional growth indexed to 2025 thereafter,0.0,0.0,0.0,0.0,0.0,0.0,0.0,0.0,0.0,0.0,0.0,0.0,0.0,0.0,0.0,0.0,0.0,0.0,0.0,0.0,0.0,0.0,0.0,0.0,0.0,0.0,0.0,0.0,0.0,0.0,0.0,0.0
South Sudan,SS,SSD,AFE,Rest of World,Aluminium scrap,kt,0.0,0.0,0.0,No 2019 secondary producer share; assigned zero,,0.0,0.0,No 2024 secondary production estimate; assigned zero share,0.0,0.0,,Existing values retained through 2024; 2025 extrapolated using a country-level OLS linear trend fitted over 2019-2024 and floored at zero; Zijie regional growth indexed to 2025 thereafter,0.0,0.0,0.0,0.0,0.0,0.0,0.0,0.0,0.0,0.0,0.0,0.0,0.0,0.0,0.0,0.0,0.0,0.0,0.0,0.0,0.0,0.0,0.0,0.0,0.0,0.0,0.0,0.0,0.0,0.0,0.0,0.0
Burundi,BI,BDI,AFE,Rest of World,Aluminium scrap,kt,0.0,0.0,0.0,No 2019 secondary producer share; assigned zero,,0.0,0.0,No 2024 secondary production estimate; assigned zero share,0.0,0.0,,Existing values retained through 2024; 2025 extrapolated using a country-level OLS linear trend fitted over 2019-2024 and floored at zero; Zijie regional growth indexed to 2025 thereafter,0.0,0.0,0.0,0.0,0.0,0.0,0.0,0.0,0.0,0.0,0.0,0.0,0.0,0.0,0.0,0.0,0.0,0.0,0.0,0.0,0.0,0.0,0.0,0.0,0.0,0.0,0.0,0.0,0.0,0.0,0.0,0.0
Comoros,KM,COM,AFE,Rest of World,Aluminium scrap,kt,0.0,0.0,0.0,No 2019 secondary producer share; assigned zero,,0.0,0.0,No 2024 secondary production estimate; assigned zero share,0.0,0.0,,Existing values retained through 2024; 2025 extrapolated using a country-level OLS linear trend fitted over 2019-2024 and floored at zero; Zijie regional growth indexed to 2025 thereafter,0.0,0.0,0.0,0.0,0.0,0.0,0.0,0.0,0.0,0.0,0.0,0.0,0.0,0.0,0.0,0.0,0.0,0.0,0.0,0.0,0.0,0.0,0.0,0.0,0.0,0.0,0.0,0.0,0.0,0.0,0.0,0.0
Djibouti,DJ,DJI,AFE,Rest of World,Aluminium scrap,kt,0.0,0.0,0.0,No 2019 secondary producer share; assigned zero,,0.0,0.0,No 2024 secondary production estimate; assigned zero share,0.0,0.0,,Existing values retained through 2024; 2025 extrapolated using a country-level OLS linear trend fitted over 2019-2024 and floored at zero; Zijie regional growth indexed to 2025 thereafter,0.0,0.0,0.0,0.0,0.0,0.0,0.0,0.0,0.0,0.0,0.0,0.0,0.0,0.0,0.0,0.0,0.0,0.0,0.0,0.0,0.0,0.0,0.0,0.0,0.0,0.0,0.0,0.0,0.0,0.0,0.0,0.0
Madagascar,MG,MDG,AFE,Rest of World,Aluminium scrap,kt,0.0,0.0,0.0,No 2019 secondary producer share; assigned zero,,0.0,0.0,No 2024 secondary production estimate; assigned zero share,0.0,0.0,,Existing values retained through 2024; 2025 extrapolated using a country-level OLS linear trend fitted over 2019-2024 and floored at zero; Zijie regional growth indexed to 2025 thereafter,0.0,0.0,0.0,0.0,0.0,0.0,0.0,0.0,0.0,0.0,0.0,0.0,0.0,0.0,0.0,0.0,0.0,0.0,0.0,0.0,0.0,0.0,0.0,0.0,0.0,0.0,0.0,0.0,0.0,0.0,0.0,0.0
Reunion,RE,REU,AFE,Rest of World,Aluminium scrap,kt,0.0,0.0,0.0,No 2019 secondary producer share; assigned zero,,0.0,0.0,No 2024 secondary production estimate; assigned zero share,0.0,0.0,,Existing values retained through 2024; 2025 extrapolated using a country-level OLS linear trend fitted over 2019-2024 and floored at zero; Zijie regional growth indexed to 2025 thereafter,0.0,0.0,0.0,0.0,0.0,0.0,0.0,0.0,0.0,0.0,0.0,0.0,0.0,0.0,0.0,0.0,0.0,0.0,0.0,0.0,0.0,0.0,0.0,0.0,0.0,0.0,0.0,0.0,0.0,0.0,0.0,0.0
Rwanda,RW,RWA,AFE,Rest of World,Aluminium scrap,kt,0.0,0.0,0.0,No 2019 secondary producer share; assigned zero,,0.0,0.0,No 2024 secondary production estimate; assigned zero share,0.0,0.0,,Existing values retained through 2024; 2025 extrapolated using a country-level OLS linear trend fitted over 2019-2024 and floored at zero; Zijie regional growth indexed to 2025 thereafter,0.0,0.0,0.0,0.0,0.0,0.0,0.0,0.0,0.0,0.0,0.0,0.0,0.0,0.0,0.0,0.0,0.0,0.0,0.0,0.0,0.0,0.0,0.0,0.0,0.0,0.0,0.0,0.0,0.0,0.0,0.0,0.0
Somalia,SO,SOM,AFE,Rest of World,Aluminium scrap,kt,0.0,0.0,0.0,No 2019 secondary producer share; assigned zero,,0.0,0.0,No 2024 secondary production estimate; assigned zero share,0.0,0.0,,Existing values retained through 2024; 2025 extrapolated using a country-level OLS linear trend fitted over 2019-2024 and floored at zero; Zijie regional growth indexed to 2025 thereafter,0.0,0.0,0.0,0.0,0.0,0.0,0.0,0.0,0.0,0.0,0.0,0.0,0.0,0.0,0.0,0.0,0.0,0.0,0.0,0.0,0.0,0.0,0.0,0.0,0.0,0.0,0.0,0.0,0.0,0.0,0.0,0.0
Uganda,UG,UGA,AFE,Rest of World,Aluminium scrap,kt,0.0,0.0,0.0,No 2019 secondary producer share; assigned zero,,0.0,0.0,No 2024 secondary production estimate; assigned zero share,0.0,0.0,,Existing values retained through 2024; 2025 extrapolated using a country-level OLS linear trend fitted over 2019-2024 and floored at zero; Zijie regional growth indexed to 2025 thereafter,0.0,0.0,0.0,0.0,0.0,0.0,0.0,0.0,0.0,0.0,0.0,0.0,0.0,0.0,0.0,0.0,0.0,0.0,0.0,0.0,0.0,0.0,0.0,0.0,0.0,0.0,0.0,0.0,0.0,0.0,0.0,0.0
Seychelles,SC,SYC,AFE,Rest of World,Aluminium scrap,kt,0.0,0.0,0.0,No 2019 secondary producer share; assigned zero,,0.0,0.0,No 2024 secondary production estimate; assigned zero share,0.0,0.0,,Existing values retained through 2024; 2025 extrapolated using a country-level OLS linear trend fitted over 2019-2024 and floored at zero; Zijie regional growth indexed to 2025 thereafter,0.0,0.0,0.0,0.0,0.0,0.0,0.0,0.0,0.0,0.0,0.0,0.0,0.0,0.0,0.0,0.0,0.0,0.0,0.0,0.0,0.0,0.0,0.0,0.0,0.0,0.0,0.0,0.0,0.0,0.0,0.0,0.0
United Republic of Tanzania,TZ,TZA,AFE,Other main producer,Aluminium scrap,kt,0.0,0.0,0.0,No 2019 secondary producer share; assigned zero,,0.0,0.0,No 2024 secondary production estimate; assigned zero share,0.0,0.0,,Existing values retained through 2024; 2025 extrapolated using a country-level OLS linear trend fitted over 2019-2024 and floored at zero; Zijie regional growth indexed to 2025 thereafter,0.0,0.0,0.0,0.0,0.0,0.0,0.0,0.0,0.0,0.0,0.0,0.0,0.0,0.0,0.0,0.0,0.0,0.0,0.0,0.0,0.0,0.0,0.0,0.0,0.0,0.0,0.0,0.0,0.0,0.0,0.0,0.0
Egypt,EG,EGY,AFN,Other main producer,Aluminium scrap,kt,54.04801773473743,40.0,0.0312067227564295,Scrap allocated using OMNIA-controlled 2019 secondary country share,Egypt,80.0,0.1286173633440514,Zijie 2024 regional total allocated using country shares from secondary_aluminium_production_estimates_2024.xlsx,46.00004399729775,330.048281718524,1.0118997822544074,Existing values retained through 2024; 2025 extrapolated using a country-level OLS linear trend fitted over 2019-2024 and floored at zero; Zijie regional growth indexed to 2025 thereafter,54.04801773473743,100.0480617320352,146.04810572933297,192.0481497266307,238.04819372392848,284.0482377212262,330.048281718524,336.9891007826302,343.94940718792645,350.02641581958784,355.91447127649803,361.8531516459257,368.15612897121986,375.1622800318706,382.985296798152,391.66780280066604,401.1371292902658,411.1730339086818,421.56553338087696,432.25322163146,443.2274790751968,454.52016569652125,466.1864713215021,478.1688968406487,490.4533109285256,503.06666707218585,515.976304354154,529.1420536290115,542.4622278118904,555.8983712808788,569.4989842675539,583.4324432541066
Algeria,DZ,DZA,AFN,Rest of World,Aluminium scrap,kt,0.0,0.0,0.0,No 2019 secondary producer share; assigned zero,,0.0,0.0,No 2024 secondary production estimate; assigned zero share,0.0,0.0,,Existing values retained through 2024; 2025 extrapolated using a country-level OLS linear trend fitted over 2019-2024 and floored at zero; Zijie regional growth indexed to 2025 thereafter,0.0,0.0,0.0,0.0,0.0,0.0,0.0,0.0,0.0,0.0,0.0,0.0,0.0,0.0,0.0,0.0,0.0,0.0,0.0,0.0,0.0,0.0,0.0,0.0,0.0,0.0,0.0,0.0,0.0,0.0,0.0,0.0
Morocco,MA,MAR,AFN,Rest of World,Aluminium scrap,kt,0.0,0.0,0.0,No 2019 secondary producer share; assigned zero,,0.0,0.0,No 2024 secondary production estimate; assigned zero share,0.0,0.0,,Existing values retained through 2024; 2025 extrapolated using a country-level OLS linear trend fitted over 2019-2024 and floored at zero; Zijie regional growth indexed to 2025 thereafter,0.0,0.0,0.0,0.0,0.0,0.0,0.0,0.0,0.0,0.0,0.0,0.0,0.0,0.0,0.0,0.0,0.0,0.0,0.0,0.0,0.0,0.0,0.0,0.0,0.0,0.0,0.0,0.0,0.0,0.0,0.0,0.0
Libya,LY,LBY,AFN,Rest of World,Aluminium scrap,kt,0.0,0.0,0.0,No 2019 secondary producer share; assigned zero,,0.0,0.0,No 2024 secondary production estimate; assigned zero share,0.0,0.0,,Existing values retained through 2024; 2025 extrapolated using a country-level OLS linear trend fitted over 2019-2024 and floored at zero; Zijie regional growth indexed to 2025 thereafter,0.0,0.0,0.0,0.0,0.0,0.0,0.0,0.0,0.0,0.0,0.0,0.0,0.0,0.0,0.0,0.0,0.0,0.0,0.0,0.0,0.0,0.0,0.0,0.0,0.0,0.0,0.0,0.0,0.0,0.0,0.0,0.0
Tunisia,TN,TUN,AFN,Rest of World,Aluminium scrap,kt,0.0,0.0,0.0,No 2019 secondary producer share; assigned zero,,0.0,0.0,No 2024 secondary production estimate; assigned zero share,0.0,0.0,,Existing values retained through 2024; 2025 extrapolated using a country-level OLS linear trend fitted over 2019-2024 and floored at zero; Zijie regional growth indexed to 2025 thereafter,0.0,0.0,0.0,0.0,0.0,0.0,0.0,0.0,0.0,0.0,0.0,0.0,0.0,0.0,0.0,0.0,0.0,0.0,0.0,0.0,0.0,0.0,0.0,0.0,0.0,0.0,0.0,0.0,0.0,0.0,0.0,0.0
Democratic Republic of the Congo,CD,COD,AFW,Rest of World,Aluminium scrap,kt,0.0,0.0,0.0,No 2019 secondary producer share; assigned zero,,0.0,0.0,No 2024 secondary production estimate; assigned zero share,0.0,0.0,,Existing values retained through 2024; 2025 extrapolated using a country-level OLS linear trend fitted over 2019-2024 and floored at zero; Zijie regional growth indexed to 2025 thereafter,0.0,0.0,0.0,0.0,0.0,0.0,0.0,0.0,0.0,0.0,0.0,0.0,0.0,0.0,0.0,0.0,0.0,0.0,0.0,0.0,0.0,0.0,0.0,0.0,0.0,0.0,0.0,0.0,0.0,0.0,0.0,0.0
Cote d'Ivoire,CI,CIV,AFW,Rest of World,Aluminium scrap,kt,0.0,0.0,0.0,No 2019 secondary producer share; assigned zero,,0.0,0.0,No 2024 secondary production estimate; assigned zero share,0.0,0.0,,Existing values retained through 2024; 2025 extrapolated using a country-level OLS linear trend fitted over 2019-2024 and floored at zero; Zijie regional growth indexed to 2025 thereafter,0.0,0.0,0.0,0.0,0.0,0.0,0.0,0.0,0.0,0.0,0.0,0.0,0.0,0.0,0.0,0.0,0.0,0.0,0.0,0.0,0.0,0.0,0.0,0.0,0.0,0.0,0.0,0.0,0.0,0.0,0.0,0.0
Ghana,GH,GHA,AFW,Rest of World,Aluminium scrap,kt,28.741020419678797,3.75,0.1328613821843777,Scrap allocated using OMNIA-controlled 2019 secondary country share,Ghana,2.0,0.3333333333333333,Zijie 2024 regional total allocated using country shares from secondary_aluminium_production_estimates_2024.xlsx,96.64577283928423,608.6156574553842,0.9832507454922659,Existing values retained through 2024; 2025 extrapolated using a country-level OLS linear trend fitted over 2019-2024 and floored at zero; Zijie regional growth indexed to 2025 thereafter,28.741020419678797,125.38679325896302,222.0325660982473,318.6783389375315,415.32411177681576,511.9698846161,608.6156574553842,691.0448854819834,772.840179631575,854.6231342708927,937.6664212757763,1022.3884541440223,1108.675171495835,1195.8409984790926,1282.8009751479756,1368.3974764762017,1451.8973583805764,1533.5738619385072,1614.8115924480662,1698.0755259577913,1786.584380725034,1883.3268730827674,1990.3204660831832,2108.8664809455104,2239.407165448565,2381.1253340074854,2532.581498977648,2692.4171155206786,2859.157399639325,3031.6814451561813,3209.332466849568,3391.3245857390352
Cameroon,CM,CMR,AFW,Other main producer,Aluminium scrap,kt,8.445002771052724,6.25,0.0048760504306921,Scrap allocated using OMNIA-controlled 2019 secondary country share,Cameroon,2.0,0.0032154340836012,Zijie 2024 regional total allocated using country shares from secondary_aluminium_production_estimates_2024.xlsx,-0.2687593656044139,6.832446577426241,0.8379078561431516,Existing values retained through 2024; 2025 extrapolated using a country-level OLS linear trend fitted over 2019-2024 and floored at zero; Zijie regional growth indexed to 2025 thereafter,8.445002771052724,8.17624340544831,7.907484039843897,7.638724674239483,7.369965308635069,7.101205943030656,6.832446577426241,6.976130935400057,7.120218707737747,7.2460210194788965,7.367911744510973,7.490850473818248,7.6213306436575445,7.7663674624709165,7.928314508071692,8.108054145289232,8.304082032565358,8.511838854701917,8.726977673422567,8.948227299774421,9.17540929666541,9.409183208936879,9.650691540759032,9.898743982666241,10.15304799707702,10.41416155768967,10.68140853926378,10.953957386068465,11.2297030376824,11.507849410632732,11.78940052542071,12.077842003342328
Gabon,GA,GAB,AFW,Rest of World,Aluminium scrap,kt,0.0,0.0,0.0,No 2019 secondary producer share; assigned zero,,0.0,0.0,No 2024 secondary production estimate; assigned zero share,0.0,0.0,,Existing values retained through 2024; 2025 extrapolated using a country-level OLS linear trend fitted over 2019-2024 and floored at zero; Zijie regional growth indexed to 2025 thereafter,0.0,0.0,0.0,0.0,0.0,0.0,0.0,0.0,0.0,0.0,0.0,0.0,0.0,0.0,0.0,0.0,0.0,0.0,0.0,0.0,0.0,0.0,0.0,0.0,0.0,0.0,0.0,0.0,0.0,0.0,0.0,0.0
Benin,BJ,BEN,AFW,Rest of World,Aluminium scrap,kt,0.0,0.0,0.0,No 2019 secondary producer share; assigned zero,,0.0,0.0,No 2024 secondary production estimate; assigned zero share,0.0,0.0,,Existing values retained through 2024; 2025 extrapolated using a country-level OLS linear trend fitted over 2019-2024 and floored at zero; Zijie regional growth indexed to 2025 thereafter,0.0,0.0,0.0,0.0,0.0,0.0,0.0,0.0,0.0,0.0,0.0,0.0,0.0,0.0,0.0,0.0,0.0,0.0,0.0,0.0,0.0,0.0,0.0,0.0,0.0,0.0,0.0,0.0,0.0,0.0,0.0,0.0
Senegal,SN,SEN,AFW,Rest of World,Aluminium scrap,kt,0.0,0.0,0.0,No 2019 secondary producer share; assigned zero,,0.0,0.0,No 2024 secondary production estimate; assigned zero share,0.0,0.0,,Existing values retained through 2024; 2025 extrapolated using a country-level OLS linear trend fitted over 2019-2024 and floored at zero; Zijie regional growth indexed to 2025 thereafter,0.0,0.0,0.0,0.0,0.0,0.0,0.0,0.0,0.0,0.0,0.0,0.0,0.0,0.0,0.0,0.0,0.0,0.0,0.0,0.0,0.0,0.0,0.0,0.0,0.0,0.0,0.0,0.0,0.0,0.0,0.0,0.0
Togo,TG,TGO,AFW,Rest of World,Aluminium scrap,kt,0.0,0.0,0.0,No 2019 secondary producer share; assigned zero,,0.0,0.0,No 2024 secondary production estimate; assigned zero share,0.0,0.0,,Existing values retained through 2024; 2025 extrapolated using a country-level OLS linear trend fitted over 2019-2024 and floored at zero; Zijie regional growth indexed to 2025 thereafter,0.0,0.0,0.0,0.0,0.0,0.0,0.0,0.0,0.0,0.0,0.0,0.0,0.0,0.0,0.0,0.0,0.0,0.0,0.0,0.0,0.0,0.0,0.0,0.0,0.0,0.0,0.0,0.0,0.0,0.0,0.0,0.0
Niger,NE,NER,AFW,Rest of World,Aluminium scrap,kt,0.0,0.0,0.0,No 2019 secondary producer share; assigned zero,,0.0,0.0,No 2024 secondary production estimate; assigned zero share,0.0,0.0,,Existing values retained through 2024; 2025 extrapolated using a country-level OLS linear trend fitted over 2019-2024 and floored at zero; Zijie regional growth indexed to 2025 thereafter,0.0,0.0,0.0,0.0,0.0,0.0,0.0,0.0,0.0,0.0,0.0,0.0,0.0,0.0,0.0,0.0,0.0,0.0,0.0,0.0,0.0,0.0,0.0,0.0,0.0,0.0,0.0,0.0,0.0,0.0,0.0,0.0
Congo,CG,COG,AFW,Rest of World,Aluminium scrap,kt,0.0,0.0,0.0,No 2019 secondary producer share; assigned zero,,0.0,0.0,No 2024 secondary production estimate; assigned zero share,0.0,0.0,,Existing values retained through 2024; 2025 extrapolated using a country-level OLS linear trend fitted over 2019-2024 and floored at zero; Zijie regional growth indexed to 2025 thereafter,0.0,0.0,0.0,0.0,0.0,0.0,0.0,0.0,0.0,0.0,0.0,0.0,0.0,0.0,0.0,0.0,0.0,0.0,0.0,0.0,0.0,0.0,0.0,0.0,0.0,0.0,0.0,0.0,0.0,0.0,0.0,0.0
Burkina Faso,BF,BFA,AFW,Rest of World,Aluminium scrap,kt,0.0,0.0,0.0,No 2019 secondary producer share; assigned zero,,0.0,0.0,No 2024 secondary production estimate; assigned zero share,0.0,0.0,,Existing values retained through 2024; 2025 extrapolated using a country-level OLS linear trend fitted over 2019-2024 and floored at zero; Zijie regional growth indexed to 2025 thereafter,0.0,0.0,0.0,0.0,0.0,0.0,0.0,0.0,0.0,0.0,0.0,0.0,0.0,0.0,0.0,0.0,0.0,0.0,0.0,0.0,0.0,0.0,0.0,0.0,0.0,0.0,0.0,0.0,0.0,0.0,0.0,0.0
Cabo Verde,CV,CPV,AFW,Rest of World,Aluminium scrap,kt,0.0,0.0,0.0,No 2019 secondary producer share; assigned zero,,0.0,0.0,No 2024 secondary production estimate; assigned zero share,0.0,0.0,,Existing values retained through 2024; 2025 extrapolated using a country-level OLS linear trend fitted over 2019-2024 and floored at zero; Zijie regional growth indexed to 2025 thereafter,0.0,0.0,0.0,0.0,0.0,0.0,0.0,0.0,0.0,0.0,0.0,0.0,0.0,0.0,0.0,0.0,0.0,0.0,0.0,0.0,0.0,0.0,0.0,0.0,0.0,0.0,0.0,0.0,0.0,0.0,0.0,0.0
Central African Republic,CF,CAF,AFW,Rest of World,Aluminium scrap,kt,0.0,0.0,0.0,No 2019 secondary producer share; assigned zero,,0.0,0.0,No 2024 secondary production estimate; assigned zero share,0.0,0.0,,Existing values retained through 2024; 2025 extrapolated using a country-level OLS linear trend fitted over 2019-2024 and floored at zero; Zijie regional growth indexed to 2025 thereafter,0.0,0.0,0.0,0.0,0.0,0.0,0.0,0.0,0.0,0.0,0.0,0.0,0.0,0.0,0.0,0.0,0.0,0.0,0.0,0.0,0.0,0.0,0.0,0.0,0.0,0.0,0.0,0.0,0.0,0.0,0.0,0.0
Chad,TD,TCD,AFW,Rest of World,Aluminium scrap,kt,0.0,0.0,0.0,No 2019 secondary producer share; assigned zero,,0.0,0.0,No 2024 secondary production estimate; assigned zero share,0.0,0.0,,Existing values retained through 2024; 2025 extrapolated using a country-level OLS linear trend fitted over 2019-2024 and floored at zero; Zijie regional growth indexed to 2025 thereafter,0.0,0.0,0.0,0.0,0.0,0.0,0.0,0.0,0.0,0.0,0.0,0.0,0.0,0.0,0.0,0.0,0.0,0.0,0.0,0.0,0.0,0.0,0.0,0.0,0.0,0.0,0.0,0.0,0.0,0.0,0.0,0.0
Equatorial Guinea,GQ,GNQ,AFW,Rest of World,Aluminium scrap,kt,0.0,0.0,0.0,No 2019 secondary producer share; assigned zero,,0.0,0.0,No 2024 secondary production estimate; assigned zero share,0.0,0.0,,Existing values retained through 2024; 2025 extrapolated using a country-level OLS linear trend fitted over 2019-2024 and floored at zero; Zijie regional growth indexed to 2025 thereafter,0.0,0.0,0.0,0.0,0.0,0.0,0.0,0.0,0.0,0.0,0.0,0.0,0.0,0.0,0.0,0.0,0.0,0.0,0.0,0.0,0.0,0.0,0.0,0.0,0.0,0.0,0.0,0.0,0.0,0.0,0.0,0.0
Gambia,GM,GMB,AFW,Rest of World,Aluminium scrap,kt,0.0,0.0,0.0,No 2019 secondary producer share; assigned zero,,0.0,0.0,No 2024 secondary production estimate; assigned zero share,0.0,0.0,,Existing values retained through 2024; 2025 extrapolated using a country-level OLS linear trend fitted over 2019-2024 and floored at zero; Zijie regional growth indexed to 2025 thereafter,0.0,0.0,0.0,0.0,0.0,0.0,0.0,0.0,0.0,0.0,0.0,0.0,0.0,0.0,0.0,0.0,0.0,0.0,0.0,0.0,0.0,0.0,0.0,0.0,0.0,0.0,0.0,0.0,0.0,0.0,0.0,0.0
Guinea,GN,GIN,AFW,Other main producer,Aluminium scrap,kt,0.0,0.0,0.0,No 2019 secondary producer share; assigned zero,,0.0,0.0,No 2024 secondary production estimate; assigned zero share,0.0,0.0,,Existing values retained through 2024; 2025 extrapolated using a country-level OLS linear trend fitted over 2019-2024 and floored at zero; Zijie regional growth indexed to 2025 thereafter,0.0,0.0,0.0,0.0,0.0,0.0,0.0,0.0,0.0,0.0,0.0,0.0,0.0,0.0,0.0,0.0,0.0,0.0,0.0,0.0,0.0,0.0,0.0,0.0,0.0,0.0,0.0,0.0,0.0,0.0,0.0,0.0
Guinea-Bissau,GW,GNB,AFW,Rest of World,Aluminium scrap,kt,0.0,0.0,0.0,No 2019 secondary producer share; assigned zero,,0.0,0.0,No 2024 secondary production estimate; assigned zero share,0.0,0.0,,Existing values retained through 2024; 2025 extrapolated using a country-level OLS linear trend fitted over 2019-2024 and floored at zero; Zijie regional growth indexed to 2025 thereafter,0.0,0.0,0.0,0.0,0.0,0.0,0.0,0.0,0.0,0.0,0.0,0.0,0.0,0.0,0.0,0.0,0.0,0.0,0.0,0.0,0.0,0.0,0.0,0.0,0.0,0.0,0.0,0.0,0.0,0.0,0.0,0.0
Liberia,LR,LBR,AFW,Rest of World,Aluminium scrap,kt,0.0,0.0,0.0,No 2019 secondary producer share; assigned zero,,0.0,0.0,No 2024 secondary production estimate; assigned zero share,0.0,0.0,,Existing values retained through 2024; 2025 extrapolated using a country-level OLS linear trend fitted over 2019-2024 and floored at zero; Zijie regional growth indexed to 2025 thereafter,0.0,0.0,0.0,0.0,0.0,0.0,0.0,0.0,0.0,0.0,0.0,0.0,0.0,0.0,0.0,0.0,0.0,0.0,0.0,0.0,0.0,0.0,0.0,0.0,0.0,0.0,0.0,0.0,0.0,0.0,0.0,0.0
Malawi,MW,MWI,AFW,Rest of World,Aluminium scrap,kt,0.0,0.0,0.0,No 2019 secondary producer share; assigned zero,,0.0,0.0,No 2024 secondary production estimate; assigned zero share,0.0,0.0,,Existing values retained through 2024; 2025 extrapolated using a country-level OLS linear trend fitted over 2019-2024 and floored at zero; Zijie regional growth indexed to 2025 thereafter,0.0,0.0,0.0,0.0,0.0,0.0,0.0,0.0,0.0,0.0,0.0,0.0,0.0,0.0,0.0,0.0,0.0,0.0,0.0,0.0,0.0,0.0,0.0,0.0,0.0,0.0,0.0,0.0,0.0,0.0,0.0,0.0
Mali,ML,MLI,AFW,Rest of World,Aluminium scrap,kt,0.0,0.0,0.0,No 2019 secondary producer share; assigned zero,,0.0,0.0,No 2024 secondary production estimate; assigned zero share,0.0,0.0,,Existing values retained through 2024; 2025 extrapolated using a country-level OLS linear trend fitted over 2019-2024 and floored at zero; Zijie regional growth indexed to 2025 thereafter,0.0,0.0,0.0,0.0,0.0,0.0,0.0,0.0,0.0,0.0,0.0,0.0,0.0,0.0,0.0,0.0,0.0,0.0,0.0,0.0,0.0,0.0,0.0,0.0,0.0,0.0,0.0,0.0,0.0,0.0,0.0,0.0
Mauritania,MR,MRT,AFW,Rest of World,Aluminium scrap,kt,0.0,0.0,0.0,No 2019 secondary producer share; assigned zero,,0.0,0.0,No 2024 secondary production estimate; assigned zero share,0.0,0.0,,Existing values retained through 2024; 2025 extrapolated using a country-level OLS linear trend fitted over 2019-2024 and floored at zero; Zijie regional growth indexed to 2025 thereafter,0.0,0.0,0.0,0.0,0.0,0.0,0.0,0.0,0.0,0.0,0.0,0.0,0.0,0.0,0.0,0.0,0.0,0.0,0.0,0.0,0.0,0.0,0.0,0.0,0.0,0.0,0.0,0.0,0.0,0.0,0.0,0.0
Sao Tome and Principe,ST,STP,AFW,Rest of World,Aluminium scrap,kt,0.0,0.0,0.0,No 2019 secondary producer share; assigned zero,,0.0,0.0,No 2024 secondary production estimate; assigned zero share,0.0,0.0,,Existing values retained through 2024; 2025 extrapolated using a country-level OLS linear trend fitted over 2019-2024 and floored at zero; Zijie regional growth indexed to 2025 thereafter,0.0,0.0,0.0,0.0,0.0,0.0,0.0,0.0,0.0,0.0,0.0,0.0,0.0,0.0,0.0,0.0,0.0,0.0,0.0,0.0,0.0,0.0,0.0,0.0,0.0,0.0,0.0,0.0,0.0,0.0,0.0,0.0
Sierra Leone,SL,SLE,AFW,Other main producer,Aluminium scrap,kt,0.0,0.0,0.0,No 2019 secondary producer share; assigned zero,,0.0,0.0,No 2024 secondary production estimate; assigned zero share,0.0,0.0,,Existing values retained through 2024; 2025 extrapolated using a country-level OLS linear trend fitted over 2019-2024 and floored at zero; Zijie regional growth indexed to 2025 thereafter,0.0,0.0,0.0,0.0,0.0,0.0,0.0,0.0,0.0,0.0,0.0,0.0,0.0,0.0,0.0,0.0,0.0,0.0,0.0,0.0,0.0,0.0,0.0,0.0,0.0,0.0,0.0,0.0,0.0,0.0,0.0,0.0
Angola,AO,AGO,AFZ,Rest of World,Aluminium scrap,kt,0.0,0.0,0.0,No 2019 secondary producer share; assigned zero,,0.0,0.0,No 2024 secondary production estimate; assigned zero share,0.0,0.0,,Existing values retained through 2024; 2025 extrapolated using a country-level OLS linear trend fitted over 2019-2024 and floored at zero; Zijie regional growth indexed to 2025 thereafter,0.0,0.0,0.0,0.0,0.0,0.0,0.0,0.0,0.0,0.0,0.0,0.0,0.0,0.0,0.0,0.0,0.0,0.0,0.0,0.0,0.0,0.0,0.0,0.0,0.0,0.0,0.0,0.0,0.0,0.0,0.0,0.0
Mozambique,MZ,MOZ,AFZ,Rest of World,Aluminium scrap,kt,168.8889915456944,22.03588143525741,0.7807247107038319,Scrap allocated using OMNIA-controlled 2019 secondary country share,Mozambique,2.0,0.3333333333333333,Zijie 2024 regional total allocated using country shares from secondary_aluminium_production_estimates_2024.xlsx,68.61617861408111,580.5860632301811,0.937967455323549,Existing values retained through 2024; 2025 extrapolated using a country-level OLS linear trend fitted over 2019-2024 and floored at zero; Zijie regional growth indexed to 2025 thereafter,168.8889915456944,237.50517015977556,306.12134877385665,374.73752738793775,443.3537060020189,511.9698846161,580.5860632301811,659.2190402310636,737.2472789714502,815.263746493656,894.4825021882446,975.3026896567847,1057.6155005788678,1140.7669340270327,1223.7219975294472,1305.3763801002324,1385.0307023661687,1462.945621376581,1540.4419748872638,1619.871215284377,1704.3038238130073,1796.5908724569533,1898.656910670105,2011.743327750314,2136.272003900184,2271.4633887485866,2415.9442897816234,2568.4187294972817,2727.4798445909623,2892.0583518511353,3061.5277140838084,3235.1382457068808
Zimbabwe,ZW,ZWE,AFZ,Other main producer,Aluminium scrap,kt,0.0,0.0,0.0,No 2019 secondary producer share; assigned zero,,0.0,0.0,No 2024 secondary production estimate; assigned zero share,0.0,0.0,,Existing values retained through 2024; 2025 extrapolated using a country-level OLS linear trend fitted over 2019-2024 and floored at zero; Zijie regional growth indexed to 2025 thereafter,0.0,0.0,0.0,0.0,0.0,0.0,0.0,0.0,0.0,0.0,0.0,0.0,0.0,0.0,0.0,0.0,0.0,0.0,0.0,0.0,0.0,0.0,0.0,0.0,0.0,0.0,0.0,0.0,0.0,0.0,0.0,0.0
Zambia,ZM,ZMB,AFZ,Rest of World,Aluminium scrap,kt,0.0,0.0,0.0,No 2019 secondary producer share; assigned zero,,0.0,0.0,No 2024 secondary production estimate; assigned zero share,0.0,0.0,,Existing values retained through 2024; 2025 extrapolated using a country-level OLS linear trend fitted over 2019-2024 and floored at zero; Zijie regional growth indexed to 2025 thereafter,0.0,0.0,0.0,0.0,0.0,0.0,0.0,0.0,0.0,0.0,0.0,0.0,0.0,0.0,0.0,0.0,0.0,0.0,0.0,0.0,0.0,0.0,0.0,0.0,0.0,0.0,0.0,0.0,0.0,0.0,0.0,0.0
Botswana,BW,BWA,AFZ,Rest of World,Aluminium scrap,kt,0.0,0.0,0.0,No 2019 secondary producer share; assigned zero,,0.0,0.0,No 2024 secondary production estimate; assigned zero share,0.0,0.0,,Existing values retained through 2024; 2025 extrapolated using a country-level OLS linear trend fitted over 2019-2024 and floored at zero; Zijie regional growth indexed to 2025 thereafter,0.0,0.0,0.0,0.0,0.0,0.0,0.0,0.0,0.0,0.0,0.0,0.0,0.0,0.0,0.0,0.0,0.0,0.0,0.0,0.0,0.0,0.0,0.0,0.0,0.0,0.0,0.0,0.0,0.0,0.0,0.0,0.0
Namibia,,NAM,AFZ,Rest of World,Aluminium scrap,kt,0.0,0.0,0.0,No 2019 secondary producer share; assigned zero,,0.0,0.0,No 2024 secondary production estimate; assigned zero share,0.0,0.0,,Existing values retained through 2024; 2025 extrapolated using a country-level OLS linear trend fitted over 2019-2024 and floored at zero; Zijie regional growth indexed to 2025 thereafter,0.0,0.0,0.0,0.0,0.0,0.0,0.0,0.0,0.0,0.0,0.0,0.0,0.0,0.0,0.0,0.0,0.0,0.0,0.0,0.0,0.0,0.0,0.0,0.0,0.0,0.0,0.0,0.0,0.0,0.0,0.0,0.0
South Africa,ZA,ZAF,AFZ,Other main producer,Aluminium scrap,kt,37.785129403087694,27.96411856474259,0.0218167123794461,Scrap allocated using OMNIA-controlled 2019 secondary country share,South Africa,180.0,0.2893890675241157,Zijie 2024 regional total allocated using country shares from secondary_aluminium_production_estimates_2024.xlsx,120.26468109393427,759.3732159666932,1.034743681723042,Existing values retained through 2024; 2025 extrapolated using a country-level OLS linear trend fitted over 2019-2024 and floored at zero; Zijie regional growth indexed to 2025 thereafter,37.785129403087694,158.04981049702195,278.3144915909562,398.57917268489047,518.8438537788247,639.108534872759,759.3732159666932,775.3426131309793,791.3568466594272,805.3387936765537,818.8859983001407,832.5496804355216,847.0515349422379,863.1712475938921,881.1704002313198,901.1470608321533,922.934033550219,946.0245860158761,969.9355899000393,994.5257624524788,1019.7752717803413,1045.7574211552394,1072.5991910161938,1100.168287737975,1128.4321980471136,1157.452936373857,1187.1553566643893,1217.4470379765983,1248.0940192419507,1279.0078219835054,1310.3000352591916,1342.3580587249287
Eswatini,SZ,SWZ,AFZ,Rest of World,Aluminium scrap,kt,0.0,0.0,0.0,No 2019 secondary producer share; assigned zero,,0.0,0.0,No 2024 secondary production estimate; assigned zero share,0.0,0.0,,Existing values retained through 2024; 2025 extrapolated using a country-level OLS linear trend fitted over 2019-2024 and floored at zero; Zijie regional growth indexed to 2025 thereafter,0.0,0.0,0.0,0.0,0.0,0.0,0.0,0.0,0.0,0.0,0.0,0.0,0.0,0.0,0.0,0.0,0.0,0.0,0.0,0.0,0.0,0.0,0.0,0.0,0.0,0.0,0.0,0.0,0.0,0.0,0.0,0.0
Lesotho,LS,LSO,AFZ,Rest of World,Aluminium scrap,kt,0.0,0.0,0.0,No 2019 secondary producer share; assigned zero,,0.0,0.0,No 2024 secondary production estimate; assigned zero share,0.0,0.0,,Existing values retained through 2024; 2025 extrapolated using a country-level OLS linear trend fitted over 2019-2024 and floored at zero; Zijie regional growth indexed to 2025 thereafter,0.0,0.0,0.0,0.0,0.0,0.0,0.0,0.0,0.0,0.0,0.0,0.0,0.0,0.0,0.0,0.0,0.0,0.0,0.0,0.0,0.0,0.0,0.0,0.0,0.0,0.0,0.0,0.0,0.0,0.0,0.0,0.0
Nigeria,NG,NGA,NIG,Rest of World,Aluminium scrap,kt,0.0,0.0,0.0,No 2019 secondary producer share; assigned zero,,0.0,0.0,No 2024 secondary production estimate; assigned zero share,0.0,0.0,,Existing values retained through 2024; 2025 extrapolated using a country-level OLS linear trend fitted over 2019-2024 and floored at zero; Zijie regional growth indexed to 2025 thereafter,0.0,0.0,0.0,0.0,0.0,0.0,0.0,0.0,0.0,0.0,0.0,0.0,0.0,0.0,0.0,0.0,0.0,0.0,0.0,0.0,0.0,0.0,0.0,0.0,0.0,0.0,0.0,0.0,0.0,0.0,0.0,0.0
Russian Federation,RU,RUS,RUS,Other main producer,Aluminium scrap,kt,432.3841418778994,320.0,0.2496537820514366,Scrap allocated using OMNIA-controlled 2019 secondary country share,Russian Federation,300.0,0.4823151125401929,Zijie 2024 regional total allocated using country shares from secondary_aluminium_production_estimates_2024.xlsx,126.5593499153398,1191.740241369938,0.9743396204272154,Existing values retained through 2024; 2025 extrapolated using a country-level OLS linear trend fitted over 2019-2024 and floored at zero; Zijie regional growth indexed to 2025 thereafter,432.3841418778994,558.9434917932392,685.502841708579,812.0621916239188,938.6215415392586,1065.1808914545984,1191.740241369938,1216.8021909237837,1241.9345054817204,1263.877403338343,1285.1380279805342,1306.5814493491582,1329.3402762695218,1354.6381269737253,1382.8855210845063,1414.2363638922764,1448.428262658017,1484.6659650027811,1522.1912621045951,1560.7824285518695,1600.4083406964705,1641.1840387541554,1683.3088024675665,1726.5750137201476,1770.9316470404203,1816.4760262350692,1863.0902190746845,1910.6291825770481,1958.725744428965,2007.241048848787,2056.35022075274,2106.661234914946
Kazakhstan,KZ,KAZ,ASC,Other main producer,Aluminium scrap,kt,8.568588177458373,6.341463414634147,0.0049474072662632,Scrap allocated using OMNIA-controlled 2019 secondary country share,Kazakhstan,30.0,0.0482315112540192,Zijie 2024 regional total allocated using country shares from secondary_aluminium_production_estimates_2024.xlsx,19.589900193600293,126.10798933906011,1.0310301372739954,Existing values retained through 2024; 2025 extrapolated using a country-level OLS linear trend fitted over 2019-2024 and floored at zero; Zijie regional growth indexed to 2025 thereafter,8.568588177458373,28.158488371058663,47.74838856465895,67.33828875825924,86.92818895185954,106.51808914545984,126.10798933906011,128.7600035594739,131.41946368871723,133.74142499614953,135.99118927585295,138.2602968040496,140.66859838103042,143.345575272605,146.33466798905445,149.65216253470146,153.2702929421094,157.10490691445656,161.07577204310306,165.1594257102146,169.3525744626118,173.66739166643484,178.12496477580194,182.70332398360208,187.39706985849125,192.21650104538358,197.1491381500178,202.17963296292652,207.26913191472383,212.40294151531526,217.59959319487479,222.9234218425602
Uzbekistan,UZ,UZB,ASC,Rest of World,Aluminium scrap,kt,0.0,0.0,0.0,No 2019 secondary producer share; assigned zero,,0.0,0.0,No 2024 secondary production estimate; assigned zero share,0.0,0.0,,Existing values retained through 2024; 2025 extrapolated using a country-level OLS linear trend fitted over 2019-2024 and floored at zero; Zijie regional growth indexed to 2025 thereafter,0.0,0.0,0.0,0.0,0.0,0.0,0.0,0.0,0.0,0.0,0.0,0.0,0.0,0.0,0.0,0.0,0.0,0.0,0.0,0.0,0.0,0.0,0.0,0.0,0.0,0.0,0.0,0.0,0.0,0.0,0.0,0.0
Turkmenistan,TM,TKM,ASC,Rest of World,Aluminium scrap,kt,0.0,0.0,0.0,No 2019 secondary producer share; assigned zero,,0.0,0.0,No 2024 secondary production estimate; assigned zero share,0.0,0.0,,Existing values retained through 2024; 2025 extrapolated using a country-level OLS linear trend fitted over 2019-2024 and floored at zero; Zijie regional growth indexed to 2025 thereafter,0.0,0.0,0.0,0.0,0.0,0.0,0.0,0.0,0.0,0.0,0.0,0.0,0.0,0.0,0.0,0.0,0.0,0.0,0.0,0.0,0.0,0.0,0.0,0.0,0.0,0.0,0.0,0.0,0.0,0.0,0.0,0.0
Azerbaijan,AZ,AZE,ASC,Other main producer,Aluminium scrap,kt,1.647805418741995,1.2195121951219512,0.0009514244742813,Scrap allocated using OMNIA-controlled 2019 secondary country share,Azerbaijan,5.0,0.0080385852090032,Zijie 2024 regional total allocated using country shares from secondary_aluminium_production_estimates_2024.xlsx,3.2210418877669285,20.974056745343564,1.0288746043140418,Existing values retained through 2024; 2025 extrapolated using a country-level OLS linear trend fitted over 2019-2024 and floored at zero; Zijie regional growth indexed to 2025 thereafter,1.647805418741995,4.868847306508924,8.089889194275852,11.31093108204278,14.53197296980971,17.753014857576638,20.974056745343564,21.415135038954798,21.857451722894282,22.243636202385407,22.617813000488802,22.99520693331667,23.3957513730483,23.8409814137787,24.33812200400208,24.88988180302392,25.49164282446875,26.129409007832884,26.789836241450992,27.469022264408213,28.166419315422846,28.884052047124314,29.625427687417904,30.38689225701614,31.16754773209043,31.969106964966482,32.78949440496146,33.62615736514414,34.47263378888092,35.326479881003515,36.1907777560558,37.076227478506134
Mongolia,MN,MNG,ASC,Rest of World,Aluminium scrap,kt,0.0,0.0,0.0,No 2019 secondary producer share; assigned zero,,0.0,0.0,No 2024 secondary production estimate; assigned zero share,0.0,0.0,,Existing values retained through 2024; 2025 extrapolated using a country-level OLS linear trend fitted over 2019-2024 and floored at zero; Zijie regional growth indexed to 2025 thereafter,0.0,0.0,0.0,0.0,0.0,0.0,0.0,0.0,0.0,0.0,0.0,0.0,0.0,0.0,0.0,0.0,0.0,0.0,0.0,0.0,0.0,0.0,0.0,0.0,0.0,0.0,0.0,0.0,0.0,0.0,0.0,0.0
Georgia,GE,GEO,ASC,Rest of World,Aluminium scrap,kt,0.0,0.0,0.0,No 2019 secondary producer share; assigned zero,,0.0,0.0,No 2024 secondary production estimate; assigned zero share,0.0,0.0,,Existing values retained through 2024; 2025 extrapolated using a country-level OLS linear trend fitted over 2019-2024 and floored at zero; Zijie regional growth indexed to 2025 thereafter,0.0,0.0,0.0,0.0,0.0,0.0,0.0,0.0,0.0,0.0,0.0,0.0,0.0,0.0,0.0,0.0,0.0,0.0,0.0,0.0,0.0,0.0,0.0,0.0,0.0,0.0,0.0,0.0,0.0,0.0,0.0,0.0
Kyrgyzstan,KG,KGZ,ASC,Rest of World,Aluminium scrap,kt,0.0,0.0,0.0,No 2019 secondary producer share; assigned zero,,0.0,0.0,No 2024 secondary production estimate; assigned zero share,0.0,0.0,,Existing values retained through 2024; 2025 extrapolated using a country-level OLS linear trend fitted over 2019-2024 and floored at zero; Zijie regional growth indexed to 2025 thereafter,0.0,0.0,0.0,0.0,0.0,0.0,0.0,0.0,0.0,0.0,0.0,0.0,0.0,0.0,0.0,0.0,0.0,0.0,0.0,0.0,0.0,0.0,0.0,0.0,0.0,0.0,0.0,0.0,0.0,0.0,0.0,0.0
Armenia,AM,ARM,ASC,Rest of World,Aluminium scrap,kt,0.0,0.0,0.0,No 2019 secondary producer share; assigned zero,,0.0,0.0,No 2024 secondary production estimate; assigned zero share,0.0,0.0,,Existing values retained through 2024; 2025 extrapolated using a country-level OLS linear trend fitted over 2019-2024 and floored at zero; Zijie regional growth indexed to 2025 thereafter,0.0,0.0,0.0,0.0,0.0,0.0,0.0,0.0,0.0,0.0,0.0,0.0,0.0,0.0,0.0,0.0,0.0,0.0,0.0,0.0,0.0,0.0,0.0,0.0,0.0,0.0,0.0,0.0,0.0,0.0,0.0,0.0
Tajikistan,TJ,TJK,ASC,Rest of World,Aluminium scrap,kt,18.693346614425234,2.4390243902439024,0.0864139071117904,Scrap allocated using OMNIA-controlled 2019 secondary country share,Tajikistan,2.0,0.3333333333333333,Zijie 2024 regional total allocated using country shares from secondary_aluminium_production_estimates_2024.xlsx,98.65530760033494,610.6251922164349,0.9864972550548967,Existing values retained through 2024; 2025 extrapolated using a country-level OLS linear trend fitted over 2019-2024 and floored at zero; Zijie regional growth indexed to 2025 thereafter,18.693346614425234,117.3486542147602,216.00396181509512,314.65926941543006,413.31457701576505,511.9698846161,610.6251922164349,693.3265860951889,775.3919529661613,857.4449395841111,940.762419948735,1025.76418908073,1112.335808991015,1199.7894411878797,1287.036543391237,1372.915668314069,1456.691251168912,1538.6374352239682,1620.1433974843342,1703.6822528871785,1792.4833472938992,1889.5452652182971,1996.8921309972068,2115.8295625684727,2246.8012679301382,2388.987363303794,2540.943608126578,2701.3069718998395,2868.597801166149,3041.6914887261178,3219.929080776438,3402.5221035116506
Afghanistan,AF,AFG,ASC,Rest of World,Aluminium scrap,kt,0.0,0.0,0.0,No 2019 secondary producer share; assigned zero,,0.0,0.0,No 2024 secondary production estimate; assigned zero share,0.0,0.0,,Existing values retained through 2024; 2025 extrapolated using a country-level OLS linear trend fitted over 2019-2024 and floored at zero; Zijie regional growth indexed to 2025 thereafter,0.0,0.0,0.0,0.0,0.0,0.0,0.0,0.0,0.0,0.0,0.0,0.0,0.0,0.0,0.0,0.0,0.0,0.0,0.0,0.0,0.0,0.0,0.0,0.0,0.0,0.0,0.0,0.0,0.0,0.0,0.0,0.0
Thailand,TH,THA,ASE,Other Asia,Aluminium scrap,kt,192.31438259874264,290.0,0.0779569892473118,Scrap allocated using OMNIA-controlled 2019 secondary country share,Thailand,571.0,0.1196814085097463,Zijie 2024 regional total allocated using country shares from secondary_aluminium_production_estimates_2024.xlsx,90.96486979719333,738.1036013819025,1.049420067887045,Existing values retained through 2024; 2025 extrapolated using a country-level OLS linear trend fitted over 2019-2024 and floored at zero; Zijie regional growth indexed to 2025 thereafter,192.31438259874264,283.279252395936,374.2441221931293,465.2089919903226,556.173861787516,647.1387315847094,738.1036013819025,806.331995404427,878.5469401543157,955.1696258819977,1036.3602992328342,1122.2608588195162,1212.646915858184,1307.1036912496563,1405.3057821383102,1506.9815992333429,1612.00291166488,1720.4790432544614,1832.6314489357742,1948.9281534567965,2069.963895585814,2196.1345813817375,2327.8972422666366,2465.3697251563267,2608.3622502066214,2756.743447096532,2910.1895253929047,3068.1482926044346,3230.024105916678,3395.4974819635677,3564.378548543211,3736.461587953123
Malaysia,MY,MYS,ASE,Other Asia,Aluminium scrap,kt,0.0,0.0,0.0,No 2019 secondary producer share; assigned zero,Malaysia,650.0,0.1362397820163488,Zijie 2024 regional total allocated using country shares from secondary_aluminium_production_estimates_2024.xlsx,147.33456235728937,884.0073741437362,1.1041057711039315,Existing values retained through 2024; 2025 extrapolated using a country-level OLS linear trend fitted over 2019-2024 and floored at zero; Zijie regional growth indexed to 2025 thereafter,0.0,147.33456235728937,294.66912471457874,442.00368707186806,589.3382494291575,736.6728117864468,884.0073741437362,965.7227367689467,1052.2126869097717,1143.9816731105614,1241.2216185863167,1344.102471593305,1452.3554875552425,1565.483896395909,1683.0979716278578,1804.8724378624327,1930.6537163413816,2060.5727413457857,2194.8947436563294,2334.180264269858,2479.141606250427,2630.252935927653,2788.0616278795346,2952.7088242741984,3123.967230757016,3301.679508531265,3485.4578622657095,3674.640945459199,3868.5153722952446,4066.698505904186,4268.962941316985,4475.062295823073
Singapore,SG,SGP,ASE,Other Asia,Aluminium scrap,kt,0.0,0.0,0.0,No 2019 secondary producer share; assigned zero,,0.0,0.0,No 2024 secondary production estimate; assigned zero share,0.0,0.0,,Existing values retained through 2024; 2025 extrapolated using a country-level OLS linear trend fitted over 2019-2024 and floored at zero; Zijie regional growth indexed to 2025 thereafter,0.0,0.0,0.0,0.0,0.0,0.0,0.0,0.0,0.0,0.0,0.0,0.0,0.0,0.0,0.0,0.0,0.0,0.0,0.0,0.0,0.0,0.0,0.0,0.0,0.0,0.0,0.0,0.0,0.0,0.0,0.0,0.0
Myanmar,MM,MMR,ASE,Rest of World,Aluminium scrap,kt,0.0,0.0,0.0,No 2019 secondary producer share; assigned zero,,0.0,0.0,No 2024 secondary production estimate; assigned zero share,0.0,0.0,,Existing values retained through 2024; 2025 extrapolated using a country-level OLS linear trend fitted over 2019-2024 and floored at zero; Zijie regional growth indexed to 2025 thereafter,0.0,0.0,0.0,0.0,0.0,0.0,0.0,0.0,0.0,0.0,0.0,0.0,0.0,0.0,0.0,0.0,0.0,0.0,0.0,0.0,0.0,0.0,0.0,0.0,0.0,0.0,0.0,0.0,0.0,0.0,0.0,0.0
Cambodia,KH,KHM,ASE,Rest of World,Aluminium scrap,kt,0.0,0.0,0.0,No 2019 secondary producer share; assigned zero,,0.0,0.0,No 2024 secondary production estimate; assigned zero share,0.0,0.0,,Existing values retained through 2024; 2025 extrapolated using a country-level OLS linear trend fitted over 2019-2024 and floored at zero; Zijie regional growth indexed to 2025 thereafter,0.0,0.0,0.0,0.0,0.0,0.0,0.0,0.0,0.0,0.0,0.0,0.0,0.0,0.0,0.0,0.0,0.0,0.0,0.0,0.0,0.0,0.0,0.0,0.0,0.0,0.0,0.0,0.0,0.0,0.0,0.0,0.0
Brunei Darussalam,BN,BRN,ASE,Rest of World,Aluminium scrap,kt,0.0,0.0,0.0,No 2019 secondary producer share; assigned zero,,0.0,0.0,No 2024 secondary production estimate; assigned zero share,0.0,0.0,,Existing values retained through 2024; 2025 extrapolated using a country-level OLS linear trend fitted over 2019-2024 and floored at zero; Zijie regional growth indexed to 2025 thereafter,0.0,0.0,0.0,0.0,0.0,0.0,0.0,0.0,0.0,0.0,0.0,0.0,0.0,0.0,0.0,0.0,0.0,0.0,0.0,0.0,0.0,0.0,0.0,0.0,0.0,0.0,0.0,0.0,0.0,0.0,0.0,0.0
Lao People's Democratic Republic,LA,LAO,ASE,Rest of World,Aluminium scrap,kt,0.0,0.0,0.0,No 2019 secondary producer share; assigned zero,,0.0,0.0,No 2024 secondary production estimate; assigned zero share,0.0,0.0,,Existing values retained through 2024; 2025 extrapolated using a country-level OLS linear trend fitted over 2019-2024 and floored at zero; Zijie regional growth indexed to 2025 thereafter,0.0,0.0,0.0,0.0,0.0,0.0,0.0,0.0,0.0,0.0,0.0,0.0,0.0,0.0,0.0,0.0,0.0,0.0,0.0,0.0,0.0,0.0,0.0,0.0,0.0,0.0,0.0,0.0,0.0,0.0,0.0,0.0
Democratic People's Republic of Korea,KP,PRK,ASE,Rest of World,Aluminium scrap,kt,0.0,0.0,0.0,No 2019 secondary producer share; assigned zero,,0.0,0.0,No 2024 secondary production estimate; assigned zero share,0.0,0.0,,Existing values retained through 2024; 2025 extrapolated using a country-level OLS linear trend fitted over 2019-2024 and floored at zero; Zijie regional growth indexed to 2025 thereafter,0.0,0.0,0.0,0.0,0.0,0.0,0.0,0.0,0.0,0.0,0.0,0.0,0.0,0.0,0.0,0.0,0.0,0.0,0.0,0.0,0.0,0.0,0.0,0.0,0.0,0.0,0.0,0.0,0.0,0.0,0.0,0.0
Cook Islands,CK,COK,ASE,Rest of World,Aluminium scrap,kt,0.0,0.0,0.0,No 2019 secondary producer share; assigned zero,,0.0,0.0,No 2024 secondary production estimate; assigned zero share,0.0,0.0,,Existing values retained through 2024; 2025 extrapolated using a country-level OLS linear trend fitted over 2019-2024 and floored at zero; Zijie regional growth indexed to 2025 thereafter,0.0,0.0,0.0,0.0,0.0,0.0,0.0,0.0,0.0,0.0,0.0,0.0,0.0,0.0,0.0,0.0,0.0,0.0,0.0,0.0,0.0,0.0,0.0,0.0,0.0,0.0,0.0,0.0,0.0,0.0,0.0,0.0
Timor-Leste,TL,TLS,ASE,Rest of World,Aluminium scrap,kt,0.0,0.0,0.0,No 2019 secondary producer share; assigned zero,,0.0,0.0,No 2024 secondary production estimate; assigned zero share,0.0,0.0,,Existing values retained through 2024; 2025 extrapolated using a country-level OLS linear trend fitted over 2019-2024 and floored at zero; Zijie regional growth indexed to 2025 thereafter,0.0,0.0,0.0,0.0,0.0,0.0,0.0,0.0,0.0,0.0,0.0,0.0,0.0,0.0,0.0,0.0,0.0,0.0,0.0,0.0,0.0,0.0,0.0,0.0,0.0,0.0,0.0,0.0,0.0,0.0,0.0,0.0
Fiji,FJ,FJI,ASE,Other main producer,Aluminium scrap,kt,0.0,0.0,0.0,No 2019 secondary producer share; assigned zero,,0.0,0.0,No 2024 secondary production estimate; assigned zero share,0.0,0.0,,Existing values retained through 2024; 2025 extrapolated using a country-level OLS linear trend fitted over 2019-2024 and floored at zero; Zijie regional growth indexed to 2025 thereafter,0.0,0.0,0.0,0.0,0.0,0.0,0.0,0.0,0.0,0.0,0.0,0.0,0.0,0.0,0.0,0.0,0.0,0.0,0.0,0.0,0.0,0.0,0.0,0.0,0.0,0.0,0.0,0.0,0.0,0.0,0.0,0.0
French Polynesia,PF,PYF,ASE,Rest of World,Aluminium scrap,kt,0.0,0.0,0.0,No 2019 secondary producer share; assigned zero,,0.0,0.0,No 2024 secondary production estimate; assigned zero share,0.0,0.0,,Existing values retained through 2024; 2025 extrapolated using a country-level OLS linear trend fitted over 2019-2024 and floored at zero; Zijie regional growth indexed to 2025 thereafter,0.0,0.0,0.0,0.0,0.0,0.0,0.0,0.0,0.0,0.0,0.0,0.0,0.0,0.0,0.0,0.0,0.0,0.0,0.0,0.0,0.0,0.0,0.0,0.0,0.0,0.0,0.0,0.0,0.0,0.0,0.0,0.0
Kiribati,KI,KIR,ASE,Rest of World,Aluminium scrap,kt,0.0,0.0,0.0,No 2019 secondary producer share; assigned zero,,0.0,0.0,No 2024 secondary production estimate; assigned zero share,0.0,0.0,,Existing values retained through 2024; 2025 extrapolated using a country-level OLS linear trend fitted over 2019-2024 and floored at zero; Zijie regional growth indexed to 2025 thereafter,0.0,0.0,0.0,0.0,0.0,0.0,0.0,0.0,0.0,0.0,0.0,0.0,0.0,0.0,0.0,0.0,0.0,0.0,0.0,0.0,0.0,0.0,0.0,0.0,0.0,0.0,0.0,0.0,0.0,0.0,0.0,0.0
New Caledonia,NC,NCL,ASE,Rest of World,Aluminium scrap,kt,0.0,0.0,0.0,No 2019 secondary producer share; assigned zero,,0.0,0.0,No 2024 secondary production estimate; assigned zero share,0.0,0.0,,Existing values retained through 2024; 2025 extrapolated using a country-level OLS linear trend fitted over 2019-2024 and floored at zero; Zijie regional growth indexed to 2025 thereafter,0.0,0.0,0.0,0.0,0.0,0.0,0.0,0.0,0.0,0.0,0.0,0.0,0.0,0.0,0.0,0.0,0.0,0.0,0.0,0.0,0.0,0.0,0.0,0.0,0.0,0.0,0.0,0.0,0.0,0.0,0.0,0.0
Palau,PW,PLW,ASE,Rest of World,Aluminium scrap,kt,0.0,0.0,0.0,No 2019 secondary producer share; assigned zero,,0.0,0.0,No 2024 secondary production estimate; assigned zero share,0.0,0.0,,Existing values retained through 2024; 2025 extrapolated using a country-level OLS linear trend fitted over 2019-2024 and floored at zero; Zijie regional growth indexed to 2025 thereafter,0.0,0.0,0.0,0.0,0.0,0.0,0.0,0.0,0.0,0.0,0.0,0.0,0.0,0.0,0.0,0.0,0.0,0.0,0.0,0.0,0.0,0.0,0.0,0.0,0.0,0.0,0.0,0.0,0.0,0.0,0.0,0.0
Papua New Guinea,PG,PNG,ASE,Rest of World,Aluminium scrap,kt,0.0,0.0,0.0,No 2019 secondary producer share; assigned zero,,0.0,0.0,No 2024 secondary production estimate; assigned zero share,0.0,0.0,,Existing values retained through 2024; 2025 extrapolated using a country-level OLS linear trend fitted over 2019-2024 and floored at zero; Zijie regional growth indexed to 2025 thereafter,0.0,0.0,0.0,0.0,0.0,0.0,0.0,0.0,0.0,0.0,0.0,0.0,0.0,0.0,0.0,0.0,0.0,0.0,0.0,0.0,0.0,0.0,0.0,0.0,0.0,0.0,0.0,0.0,0.0,0.0,0.0,0.0
American Samoa,AS,ASM,ASE,Rest of World,Aluminium scrap,kt,0.0,0.0,0.0,No 2019 secondary producer share; assigned zero,,0.0,0.0,No 2024 secondary production estimate; assigned zero share,0.0,0.0,,Existing values retained through 2024; 2025 extrapolated using a country-level OLS linear trend fitted over 2019-2024 and floored at zero; Zijie regional growth indexed to 2025 thereafter,0.0,0.0,0.0,0.0,0.0,0.0,0.0,0.0,0.0,0.0,0.0,0.0,0.0,0.0,0.0,0.0,0.0,0.0,0.0,0.0,0.0,0.0,0.0,0.0,0.0,0.0,0.0,0.0,0.0,0.0,0.0,0.0
Solomon Islands,SB,SLB,ASE,Rest of World,Aluminium scrap,kt,0.0,0.0,0.0,No 2019 secondary producer share; assigned zero,,0.0,0.0,No 2024 secondary production estimate; assigned zero share,0.0,0.0,,Existing values retained through 2024; 2025 extrapolated using a country-level OLS linear trend fitted over 2019-2024 and floored at zero; Zijie regional growth indexed to 2025 thereafter,0.0,0.0,0.0,0.0,0.0,0.0,0.0,0.0,0.0,0.0,0.0,0.0,0.0,0.0,0.0,0.0,0.0,0.0,0.0,0.0,0.0,0.0,0.0,0.0,0.0,0.0,0.0,0.0,0.0,0.0,0.0,0.0
Tonga,TO,TON,ASE,Rest of World,Aluminium scrap,kt,0.0,0.0,0.0,No 2019 secondary producer share; assigned zero,,0.0,0.0,No 2024 secondary production estimate; assigned zero share,0.0,0.0,,Existing values retained through 2024; 2025 extrapolated using a country-level OLS linear trend fitted over 2019-2024 and floored at zero; Zijie regional growth indexed to 2025 thereafter,0.0,0.0,0.0,0.0,0.0,0.0,0.0,0.0,0.0,0.0,0.0,0.0,0.0,0.0,0.0,0.0,0.0,0.0,0.0,0.0,0.0,0.0,0.0,0.0,0.0,0.0,0.0,0.0,0.0,0.0,0.0,0.0
Vanuatu,VU,VUT,ASE,Rest of World,Aluminium scrap,kt,0.0,0.0,0.0,No 2019 secondary producer share; assigned zero,,0.0,0.0,No 2024 secondary production estimate; assigned zero share,0.0,0.0,,Existing values retained through 2024; 2025 extrapolated using a country-level OLS linear trend fitted over 2019-2024 and floored at zero; Zijie regional growth indexed to 2025 thereafter,0.0,0.0,0.0,0.0,0.0,0.0,0.0,0.0,0.0,0.0,0.0,0.0,0.0,0.0,0.0,0.0,0.0,0.0,0.0,0.0,0.0,0.0,0.0,0.0,0.0,0.0,0.0,0.0,0.0,0.0,0.0,0.0
Niue,NU,NIU,ASE,Rest of World,Aluminium scrap,kt,0.0,0.0,0.0,No 2019 secondary producer share; assigned zero,,0.0,0.0,No 2024 secondary production estimate; assigned zero share,0.0,0.0,,Existing values retained through 2024; 2025 extrapolated using a country-level OLS linear trend fitted over 2019-2024 and floored at zero; Zijie regional growth indexed to 2025 thereafter,0.0,0.0,0.0,0.0,0.0,0.0,0.0,0.0,0.0,0.0,0.0,0.0,0.0,0.0,0.0,0.0,0.0,0.0,0.0,0.0,0.0,0.0,0.0,0.0,0.0,0.0,0.0,0.0,0.0,0.0,0.0,0.0
Samoa,WS,WSM,ASE,Rest of World,Aluminium scrap,kt,0.0,0.0,0.0,No 2019 secondary producer share; assigned zero,,0.0,0.0,No 2024 secondary production estimate; assigned zero share,0.0,0.0,,Existing values retained through 2024; 2025 extrapolated using a country-level OLS linear trend fitted over 2019-2024 and floored at zero; Zijie regional growth indexed to 2025 thereafter,0.0,0.0,0.0,0.0,0.0,0.0,0.0,0.0,0.0,0.0,0.0,0.0,0.0,0.0,0.0,0.0,0.0,0.0,0.0,0.0,0.0,0.0,0.0,0.0,0.0,0.0,0.0,0.0,0.0,0.0,0.0,0.0
Wallis and Futuna Islands,WF,WLF,ASE,Rest of World,Aluminium scrap,kt,0.0,0.0,0.0,No 2019 secondary producer share; assigned zero,,0.0,0.0,No 2024 secondary production estimate; assigned zero share,0.0,0.0,,Existing values retained through 2024; 2025 extrapolated using a country-level OLS linear trend fitted over 2019-2024 and floored at zero; Zijie regional growth indexed to 2025 thereafter,0.0,0.0,0.0,0.0,0.0,0.0,0.0,0.0,0.0,0.0,0.0,0.0,0.0,0.0,0.0,0.0,0.0,0.0,0.0,0.0,0.0,0.0,0.0,0.0,0.0,0.0,0.0,0.0,0.0,0.0,0.0,0.0
Micronesia (Federated States of),FM,FSM,ASE,Rest of World,Aluminium scrap,kt,0.0,0.0,0.0,No 2019 secondary producer share; assigned zero,,0.0,0.0,No 2024 secondary production estimate; assigned zero share,0.0,0.0,,Existing values retained through 2024; 2025 extrapolated using a country-level OLS linear trend fitted over 2019-2024 and floored at zero; Zijie regional growth indexed to 2025 thereafter,0.0,0.0,0.0,0.0,0.0,0.0,0.0,0.0,0.0,0.0,0.0,0.0,0.0,0.0,0.0,0.0,0.0,0.0,0.0,0.0,0.0,0.0,0.0,0.0,0.0,0.0,0.0,0.0,0.0,0.0,0.0,0.0
Nauru,NR,NRU,ASE,Rest of World,Aluminium scrap,kt,0.0,0.0,0.0,No 2019 secondary producer share; assigned zero,,0.0,0.0,No 2024 secondary production estimate; assigned zero share,0.0,0.0,,Existing values retained through 2024; 2025 extrapolated using a country-level OLS linear trend fitted over 2019-2024 and floored at zero; Zijie regional growth indexed to 2025 thereafter,0.0,0.0,0.0,0.0,0.0,0.0,0.0,0.0,0.0,0.0,0.0,0.0,0.0,0.0,0.0,0.0,0.0,0.0,0.0,0.0,0.0,0.0,0.0,0.0,0.0,0.0,0.0,0.0,0.0,0.0,0.0,0.0
Tuvalu,TV,TUV,ASE,Rest of World,Aluminium scrap,kt,0.0,0.0,0.0,No 2019 secondary producer share; assigned zero,,0.0,0.0,No 2024 secondary production estimate; assigned zero share,0.0,0.0,,Existing values retained through 2024; 2025 extrapolated using a country-level OLS linear trend fitted over 2019-2024 and floored at zero; Zijie regional growth indexed to 2025 thereafter,0.0,0.0,0.0,0.0,0.0,0.0,0.0,0.0,0.0,0.0,0.0,0.0,0.0,0.0,0.0,0.0,0.0,0.0,0.0,0.0,0.0,0.0,0.0,0.0,0.0,0.0,0.0,0.0,0.0,0.0,0.0,0.0
Northern Mariana Islands,MP,MNP,ASE,Rest of World,Aluminium scrap,kt,0.0,0.0,0.0,No 2019 secondary producer share; assigned zero,,0.0,0.0,No 2024 secondary production estimate; assigned zero share,0.0,0.0,,Existing values retained through 2024; 2025 extrapolated using a country-level OLS linear trend fitted over 2019-2024 and floored at zero; Zijie regional growth indexed to 2025 thereafter,0.0,0.0,0.0,0.0,0.0,0.0,0.0,0.0,0.0,0.0,0.0,0.0,0.0,0.0,0.0,0.0,0.0,0.0,0.0,0.0,0.0,0.0,0.0,0.0,0.0,0.0,0.0,0.0,0.0,0.0,0.0,0.0
China,CN,CHN,CHN,China,Aluminium scrap,kt,12867.456017550345,10610.0,1.0,Scrap allocated using OMNIA-controlled 2019 secondary country share,China,15840.0,1.0,Zijie 2024 regional total allocated using country shares from secondary_aluminium_production_estimates_2024.xlsx,1795.5341709028971,23640.661042967724,1.0211095543355446,Existing values retained through 2024; 2025 extrapolated using a country-level OLS linear trend fitted over 2019-2024 and floored at zero; Zijie regional growth indexed to 2025 thereafter,12867.456017550345,14662.99018845324,16458.52435935614,18254.058530259037,20049.59270116193,21845.12687206483,23640.661042967724,25505.13588560485,27433.528034573144,29393.220577937118,31364.23393067071,33306.890347006934,35176.991399716106,36941.768820179335,38585.68964757739,40109.32251247041,41524.28631536691,42841.4165601004,44068.35066429916,45203.54122205913,46229.95427001835,47130.58831562099,47894.20048728861,48514.78456671788,48998.74167711481,49357.40606985826,49607.04897774528,49771.06221427372,49877.29222748622,49944.69016844021,49986.602956541705,50016.60232113377
"China, Hong Kong Special Administrative Region",HK,HKG,CHN,Rest of World,Aluminium scrap,kt,0.0,0.0,0.0,No 2019 secondary producer share; assigned zero,,0.0,0.0,No 2024 secondary production estimate; assigned zero share,0.0,0.0,,Existing values retained through 2024; 2025 extrapolated using a country-level OLS linear trend fitted over 2019-2024 and floored at zero; Zijie regional growth indexed to 2025 thereafter,0.0,0.0,0.0,0.0,0.0,0.0,0.0,0.0,0.0,0.0,0.0,0.0,0.0,0.0,0.0,0.0,0.0,0.0,0.0,0.0,0.0,0.0,0.0,0.0,0.0,0.0,0.0,0.0,0.0,0.0,0.0,0.0
"China, Macao Special Administrative Region",MO,MAC,CHN,Rest of World,Aluminium scrap,kt,0.0,0.0,0.0,No 2019 secondary producer share; assigned zero,,0.0,0.0,No 2024 secondary production estimate; assigned zero share,0.0,0.0,,Existing values retained through 2024; 2025 extrapolated using a country-level OLS linear trend fitted over 2019-2024 and floored at zero; Zijie regional growth indexed to 2025 thereafter,0.0,0.0,0.0,0.0,0.0,0.0,0.0,0.0,0.0,0.0,0.0,0.0,0.0,0.0,0.0,0.0,0.0,0.0,0.0,0.0,0.0,0.0,0.0,0.0,0.0,0.0,0.0,0.0,0.0,0.0,0.0,0.0
Indonesia,ID,IDN,IDN,Other Asia,Aluminium scrap,kt,26.52612173775761,40.0,0.010752688172043,Scrap allocated using OMNIA-controlled 2019 secondary country share,Indonesia,300.0,0.0628798993921609,Zijie 2024 regional total allocated using country shares from secondary_aluminium_production_estimates_2024.xlsx,62.69534289427434,402.6981791034036,1.0897492025812454,Existing values retained through 2024; 2025 extrapolated using a country-level OLS linear trend fitted over 2019-2024 and floored at zero; Zijie regional growth indexed to 2025 thereafter,26.52612173775761,89.22146463203195,151.9168075263063,214.61215042058063,277.307493314855,340.00283620912927,402.6981791034036,439.92256059209933,479.3219439583192,521.1261242424698,565.4225295944391,612.2885777545563,661.601845590754,713.1360358899341,766.7136137678484,822.1864042085973,879.4844463859413,938.6673857260563,999.856044696659,1063.3057705327894,1129.3410437255095,1198.17786464214,1270.0655827251114,1345.068493472133,1423.0830558660068,1504.037596243373,1587.755459433334,1673.9353775510742,1762.2523768715996,1852.5321520947762,1944.6711118144362,2038.5570195585653
Philippines,PH,PHL,IDN,Rest of World,Aluminium scrap,kt,0.0,0.0,0.0,No 2019 secondary producer share; assigned zero,,0.0,0.0,No 2024 secondary production estimate; assigned zero share,0.0,0.0,,Existing values retained through 2024; 2025 extrapolated using a country-level OLS linear trend fitted over 2019-2024 and floored at zero; Zijie regional growth indexed to 2025 thereafter,0.0,0.0,0.0,0.0,0.0,0.0,0.0,0.0,0.0,0.0,0.0,0.0,0.0,0.0,0.0,0.0,0.0,0.0,0.0,0.0,0.0,0.0,0.0,0.0,0.0,0.0,0.0,0.0,0.0,0.0,0.0,0.0
Viet Nam,VN,VNM,IDN,Other Asia,Aluminium scrap,kt,0.0,0.0,0.0,No 2019 secondary producer share; assigned zero,Vietnam,300.0,0.0628798993921609,Zijie 2024 regional total allocated using country shares from secondary_aluminium_production_estimates_2024.xlsx,68.00056724182585,408.00340345095515,1.1041057711039313,Existing values retained through 2024; 2025 extrapolated using a country-level OLS linear trend fitted over 2019-2024 and floored at zero; Zijie regional growth indexed to 2025 thereafter,0.0,68.00056724182586,136.00113448365173,204.00170172547757,272.00226896730345,340.00283620912927,408.00340345095515,445.7181862010523,485.63662472758693,527.9915414356436,572.8715162706077,620.3549868892176,670.3179173331888,722.531029105804,776.8144484436266,833.0180482441997,891.0709460037145,951.0335729288241,1013.028343225998,1077.3139681245498,1144.2192028848121,1213.9628935050705,1286.797674405939,1362.7886881265529,1441.8310295801612,1523.8520808605838,1608.6728595072505,1695.9881286734762,1785.4686333670359,1876.9377719557779,1970.2905883001465,2065.413367302957
India,IN,IND,IND,Other Asia,Aluminium scrap,kt,921.7827303870768,1390.0,0.3736559139784946,Scrap allocated using OMNIA-controlled 2019 secondary country share,India,1700.0,0.3563194298889122,Zijie 2024 regional total allocated using country shares from secondary_aluminium_production_estimates_2024.xlsx,200.98000162626448,2127.6627401446635,1.0160662258986364,Existing values retained through 2024; 2025 extrapolated using a country-level OLS linear trend fitted over 2019-2024 and floored at zero; Zijie regional growth indexed to 2025 thereafter,921.7827303870768,1122.7627320133413,1323.7427336396058,1524.72273526587,1725.702736892135,1926.6827385183992,2127.6627401446635,2324.3383985615137,2532.5057167242717,2753.378820672522,2987.419638536586,3235.037208276086,3495.584705171796,3767.866484014742,4050.9445361972575,4344.035976479951,4646.771165636762,4959.465241300488,5282.75657105279,5617.994286392109,5966.8927855615,6330.593310208565,6710.413302391562,7106.692468476037,7518.883747720721,7946.6084510952305,8388.933217972486,8844.266294312896,9310.890675863458,9787.885417579599,10274.70319248906,10770.750997265823
Bangladesh,BD,BGD,ASO,Rest of World,Aluminium scrap,kt,0.0,0.0,0.0,No 2019 secondary producer share; assigned zero,,0.0,0.0,No 2024 secondary production estimate; assigned zero share,0.0,0.0,,Existing values retained through 2024; 2025 extrapolated using a country-level OLS linear trend fitted over 2019-2024 and floored at zero; Zijie regional growth indexed to 2025 thereafter,0.0,0.0,0.0,0.0,0.0,0.0,0.0,0.0,0.0,0.0,0.0,0.0,0.0,0.0,0.0,0.0,0.0,0.0,0.0,0.0,0.0,0.0,0.0,0.0,0.0,0.0,0.0,0.0,0.0,0.0,0.0,0.0
Nepal,NP,NPL,ASO,Rest of World,Aluminium scrap,kt,0.0,0.0,0.0,No 2019 secondary producer share; assigned zero,,0.0,0.0,No 2024 secondary production estimate; assigned zero share,0.0,0.0,,Existing values retained through 2024; 2025 extrapolated using a country-level OLS linear trend fitted over 2019-2024 and floored at zero; Zijie regional growth indexed to 2025 thereafter,0.0,0.0,0.0,0.0,0.0,0.0,0.0,0.0,0.0,0.0,0.0,0.0,0.0,0.0,0.0,0.0,0.0,0.0,0.0,0.0,0.0,0.0,0.0,0.0,0.0,0.0,0.0,0.0,0.0,0.0,0.0,0.0
Sri Lanka,LK,LKA,ASO,Rest of World,Aluminium scrap,kt,0.0,0.0,0.0,No 2019 secondary producer share; assigned zero,,0.0,0.0,No 2024 secondary production estimate; assigned zero share,0.0,0.0,,Existing values retained through 2024; 2025 extrapolated using a country-level OLS linear trend fitted over 2019-2024 and floored at zero; Zijie regional growth indexed to 2025 thereafter,0.0,0.0,0.0,0.0,0.0,0.0,0.0,0.0,0.0,0.0,0.0,0.0,0.0,0.0,0.0,0.0,0.0,0.0,0.0,0.0,0.0,0.0,0.0,0.0,0.0,0.0,0.0,0.0,0.0,0.0,0.0,0.0
Pakistan,PK,PAK,ASO,Other Asia,Aluminium scrap,kt,0.0,0.0,0.0,No 2019 secondary producer share; assigned zero,,0.0,0.0,No 2024 secondary production estimate; assigned zero share,0.0,0.0,,Existing values retained through 2024; 2025 extrapolated using a country-level OLS linear trend fitted over 2019-2024 and floored at zero; Zijie regional growth indexed to 2025 thereafter,0.0,0.0,0.0,0.0,0.0,0.0,0.0,0.0,0.0,0.0,0.0,0.0,0.0,0.0,0.0,0.0,0.0,0.0,0.0,0.0,0.0,0.0,0.0,0.0,0.0,0.0,0.0,0.0,0.0,0.0,0.0,0.0
Bhutan,BT,BTN,ASO,Rest of World,Aluminium scrap,kt,0.0,0.0,0.0,No 2019 secondary producer share; assigned zero,,0.0,0.0,No 2024 secondary production estimate; assigned zero share,0.0,0.0,,Existing values retained through 2024; 2025 extrapolated using a country-level OLS linear trend fitted over 2019-2024 and floored at zero; Zijie regional growth indexed to 2025 thereafter,0.0,0.0,0.0,0.0,0.0,0.0,0.0,0.0,0.0,0.0,0.0,0.0,0.0,0.0,0.0,0.0,0.0,0.0,0.0,0.0,0.0,0.0,0.0,0.0,0.0,0.0,0.0,0.0,0.0,0.0,0.0,0.0
Maldives,MV,MDV,ASO,Rest of World,Aluminium scrap,kt,0.0,0.0,0.0,No 2019 secondary producer share; assigned zero,,0.0,0.0,No 2024 secondary production estimate; assigned zero share,0.0,0.0,,Existing values retained through 2024; 2025 extrapolated using a country-level OLS linear trend fitted over 2019-2024 and floored at zero; Zijie regional growth indexed to 2025 thereafter,0.0,0.0,0.0,0.0,0.0,0.0,0.0,0.0,0.0,0.0,0.0,0.0,0.0,0.0,0.0,0.0,0.0,0.0,0.0,0.0,0.0,0.0,0.0,0.0,0.0,0.0,0.0,0.0,0.0,0.0,0.0,0.0
Japan,JP,JPN,JPN,Japan,Aluminium scrap,kt,1965.726345328852,1320.0,1.0,Scrap allocated using OMNIA-controlled 2019 secondary country share,Japan,695.0,1.0,Zijie 2024 regional total allocated using country shares from secondary_aluminium_production_estimates_2024.xlsx,-9.672144734988615,1907.6934769189204,0.8857495894780288,Existing values retained through 2024; 2025 extrapolated using a country-level OLS linear trend fitted over 2019-2024 and floored at zero; Zijie regional growth indexed to 2025 thereafter,1965.726345328852,1956.0542005938632,1946.3820558588748,1936.709911123886,1927.0377663888976,1917.365621653909,1907.6934769189204,1839.690265431875,1780.3141400424406,1728.98813183656,1684.8267560167385,1646.9032228889068,1614.7336195846417,1588.432528843979,1568.0752422878388,1553.5500457060878,1544.9297390870977,1542.8966066464377,1547.0865157772248,1557.0701346832514,1571.9956090455682,1590.6599250777779,1611.7934769738613,1634.9957972348607,1658.8879510553759,1681.3403717476037,1701.2134138579888,1717.7632006243746,1730.4784903750021,1738.6608474256332,1741.8279749449966,1740.1638560906692
"Taiwan, Province of China",TW,TWN,SKT,Other Asia,Aluminium scrap,kt,0.0,0.0,0.0,No 2019 secondary producer share; assigned zero,Taiwan,350.0,0.0733598826241878,Zijie 2024 regional total allocated using country shares from secondary_aluminium_production_estimates_2024.xlsx,79.3339951154635,476.00397069278097,1.1041057711039313,Existing values retained through 2024; 2025 extrapolated using a country-level OLS linear trend fitted over 2019-2024 and floored at zero; Zijie regional growth indexed to 2025 thereafter,0.0,79.3339951154635,158.667990230927,238.00198534639048,317.335980461854,396.6699755773175,476.00397069278097,520.0045505678943,566.5760621821847,615.9901316749175,668.3501023157088,723.7474847040871,782.0375702220535,842.9528672901047,906.2835231842311,971.8543896182329,1039.582770337667,1109.5391684169613,1181.866400430331,1256.866296145308,1334.9224033656142,1416.2900424225822,1501.2639534735954,1589.920136147645,1682.1362011768545,1777.827427670681,1876.7850027584586,1978.652816785722,2083.0467389282085,2189.7607339484075,2298.6723530168374,2409.648928520116
Republic of Korea,KR,KOR,SKT,Other Asia,Aluminium scrap,kt,1326.3060868878802,2000.0,0.5376344086021505,Scrap allocated using OMNIA-controlled 2019 secondary country share,Republic of Korea,900.0,0.1886396981764829,Zijie 2024 regional total allocated using country shares from secondary_aluminium_production_estimates_2024.xlsx,-61.2595156520985,958.7489929752893,0.8648296290591654,Existing values retained through 2024; 2025 extrapolated using a country-level OLS linear trend fitted over 2019-2024 and floored at zero; Zijie regional growth indexed to 2025 thereafter,1326.3060868878802,1265.0465712357816,1203.7870555836832,1142.527539931585,1081.2680242794863,1020.0085086273878,958.7489929752893,1047.3732781555084,1141.1758357193735,1240.7037646482383,1346.1652150033954,1457.744503934588,1575.1501648778303,1697.8434265239152,1825.4016115419693,1957.471942952484,2093.8878571224814,2234.7913586480818,2380.4701032110415,2531.5320247856307,2688.749650689302,2852.6372373686877,3023.788439176438,3202.3563316586583,3388.094403032774,3580.8320117212093,3780.148574825926,3985.3268299003307,4195.593075329294,4410.532322817251,4629.897940614921,4853.422714689306
Australia,AU,AUS,ANZ,Other main producer,Aluminium scrap,kt,971.7951757198496,719.2087454450807,0.5611036980776043,Scrap allocated using OMNIA-controlled 2019 secondary country share,Australia,5.0,0.0080385852090032,Zijie 2024 regional total allocated using country shares from secondary_aluminium_production_estimates_2024.xlsx,-190.8084321724546,-173.05541731487796,0.0,Existing values retained through 2024; 2025 extrapolated using a country-level OLS linear trend fitted over 2019-2024 and floored at zero; Zijie regional growth indexed to 2025 thereafter,971.7951757198496,780.986743547395,590.1783113749404,399.3698792024859,208.5614470300312,17.753014857576638,0.0,0.0,0.0,0.0,0.0,0.0,0.0,0.0,0.0,0.0,0.0,0.0,0.0,0.0,0.0,0.0,0.0,0.0,0.0,0.0,0.0,0.0,0.0,0.0,0.0,0.0
New Zealand,NZ,NZL,ANZ,Other main producer,Aluminium scrap,kt,217.26121444437405,160.79125455491933,0.1254442025638465,Scrap allocated using OMNIA-controlled 2019 secondary country share,New Zealand,20.0,0.0321543408360128,Zijie 2024 regional total allocated using country shares from secondary_aluminium_production_estimates_2024.xlsx,-29.249831002813494,41.762228427493056,0.5121576713831107,Existing values retained through 2024; 2025 extrapolated using a country-level OLS linear trend fitted over 2019-2024 and floored at zero; Zijie regional growth indexed to 2025 thereafter,217.26121444437405,188.01138344156053,158.76155243874706,129.51172143593357,100.26189043312004,71.01205943030655,41.762228427493056,42.640475906073505,43.52118918992942,44.29013554320185,45.03517295319795,45.786616120405284,46.58415512730953,47.47066930477751,48.46054451783551,49.55917407928043,50.7573629438128,52.02724303216988,53.34224438479185,54.69459706409874,56.0832104021264,57.51211576040985,58.98829651153677,60.50447708075661,62.05886937925477,63.65488393132599,65.28838803041845,66.95429892616009,68.63974977602638,70.33987464810495,72.06081045587824,73.82386249769368
United States of America,US,USA,USA,North America,Aluminium scrap,kt,4627.70895309444,3870.0,0.6935483870967742,Scrap allocated using OMNIA-controlled 2019 secondary country share,United States,3600.0,0.8888888888888888,Zijie 2024 regional total allocated using country shares from secondary_aluminium_production_estimates_2024.xlsx,336.78268877740277,6648.405085758857,1.0577181405570093,Existing values retained through 2024; 2025 extrapolated using a country-level OLS linear trend fitted over 2019-2024 and floored at zero; Zijie regional growth indexed to 2025 thereafter,4627.70895309444,4964.491641871842,5301.274330649245,5638.057019426648,5974.839708204051,6311.622396981454,6648.405085758857,6733.035066923655,6826.55393927368,6931.364076119891,7042.383854397878,7158.873992649118,7283.21163364911,7413.351796502007,7548.733884959954,7690.1109297031435,7835.593739141476,7984.335609451042,8137.566986877677,8293.10475915916,8447.363385202352,8600.505585928786,8753.71457602635,8906.390525120247,9055.002782922105,9198.238281825363,9338.738720194373,9474.032218243103,9605.334167946845,9732.677445294512,9854.108974438295,9972.164345953954
Canada,CA,CAN,CAN,North America,Aluminium scrap,kt,2044.8016304370776,1710.0,0.3064516129032258,Scrap allocated using OMNIA-controlled 2019 secondary country share,Canada,450.0,0.1111111111111111,Zijie 2024 regional total allocated using country shares from secondary_aluminium_production_estimates_2024.xlsx,-251.16976616287917,537.7830334598027,0.6844623488934526,Existing values retained through 2024; 2025 extrapolated using a country-level OLS linear trend fitted over 2019-2024 and floored at zero; Zijie regional growth indexed to 2025 thereafter,2044.8016304370776,1793.6318642741985,1542.4620981113194,1291.2923319484405,1040.122565785561,788.9527996226817,537.7830334598027,544.6286704818218,552.1933212829389,560.6713115081778,569.6515936008349,579.0743678013864,589.1319188813353,599.658830321178,610.6097560346234,622.0456079423892,633.8135711706814,645.8451566691201,658.2398940400776,670.8211934519153,683.2990239662664,695.6865479205128,708.0794744021542,720.4292837144577,732.4503849829692,744.0365654436517,755.4015095127743,766.345269234017,776.9661564844222,787.2668305708185,797.0893090838214,806.6386934836843
Argentina,AR,ARG,LAM,South America,Aluminium scrap,kt,300.27183184829784,255.2183908045977,0.1772349936143039,Scrap allocated using OMNIA-controlled 2019 secondary country share,Argentina,100.0,0.0566572237960339,Zijie 2024 regional total allocated using country shares from secondary_aluminium_production_estimates_2024.xlsx,-35.50084684881714,87.266750755395,0.6821434010334844,Existing values retained through 2024; 2025 extrapolated using a country-level OLS linear trend fitted over 2019-2024 and floored at zero; Zijie regional growth indexed to 2025 thereafter,300.27183184829784,264.7709849994807,229.2701381506636,193.7692913018464,158.26844445302928,122.76759760421211,87.266750755395,91.12079036036049,94.84178042708935,98.47034059593507,102.06244123396533,105.66551026595528,109.29591110043236,112.95667780554027,116.63247651160047,120.30904093361981,123.95515527855181,127.54754845183022,131.09605044925792,134.62391545340566,138.15319263774072,141.71156116028274,145.31569195877805,148.97536587342353,152.69302267190034,156.45180100851815,160.23209156761655,164.0091293419287,167.76441245676793,171.47261968802474,175.11604140245814,178.70588541670196
Venezuela (Bolivarian Republic of),VE,VEN,LAM,South America,Aluminium scrap,kt,5.625701767649608,4.781609195402298,0.0033205619412515,Scrap allocated using OMNIA-controlled 2019 secondary country share,Venezuela,15.0,0.0084985835694051,Zijie 2024 regional total allocated using country shares from secondary_aluminium_production_estimates_2024.xlsx,2.5578875745964424,20.973027215228264,1.0929410488128493,Existing values retained through 2024; 2025 extrapolated using a country-level OLS linear trend fitted over 2019-2024 and floored at zero; Zijie regional growth indexed to 2025 thereafter,5.625701767649608,8.183589342246052,10.741476916842494,13.299364491438936,15.85725206603538,18.41513964063182,20.973027215228264,21.89927778401676,22.79355223862368,23.66561279450028,24.528910944014456,25.39484515391856,26.26734808137479,27.147148911246795,28.030562417909703,28.914159950922976,29.790439343981113,30.65380779919211,31.50662778299037,32.35448802876751,33.202687667191285,34.05787889660086,34.92406828339216,35.80360648031506,36.6970798425797,37.60043604259293,38.508962326557274,39.41670686096343,40.31922304595546,41.21042537109815,42.086057637819636,42.94881344753454
Colombia,CO,COL,LAM,Rest of World,Aluminium scrap,kt,0.0,0.0,0.0,No 2019 secondary producer share; assigned zero,,0.0,0.0,No 2024 secondary production estimate; assigned zero share,0.0,0.0,,Existing values retained through 2024; 2025 extrapolated using a country-level OLS linear trend fitted over 2019-2024 and floored at zero; Zijie regional growth indexed to 2025 thereafter,0.0,0.0,0.0,0.0,0.0,0.0,0.0,0.0,0.0,0.0,0.0,0.0,0.0,0.0,0.0,0.0,0.0,0.0,0.0,0.0,0.0,0.0,0.0,0.0,0.0,0.0,0.0,0.0,0.0,0.0,0.0,0.0
Peru,PE,PER,LAM,Rest of World,Aluminium scrap,kt,0.0,0.0,0.0,No 2019 secondary producer share; assigned zero,,0.0,0.0,No 2024 secondary production estimate; assigned zero share,0.0,0.0,,Existing values retained through 2024; 2025 extrapolated using a country-level OLS linear trend fitted over 2019-2024 and floored at zero; Zijie regional growth indexed to 2025 thereafter,0.0,0.0,0.0,0.0,0.0,0.0,0.0,0.0,0.0,0.0,0.0,0.0,0.0,0.0,0.0,0.0,0.0,0.0,0.0,0.0,0.0,0.0,0.0,0.0,0.0,0.0,0.0,0.0,0.0,0.0,0.0,0.0
Trinidad and Tobago,TT,TTO,LAM,Rest of World,Aluminium scrap,kt,0.0,0.0,0.0,No 2019 secondary producer share; assigned zero,,0.0,0.0,No 2024 secondary production estimate; assigned zero share,0.0,0.0,,Existing values retained through 2024; 2025 extrapolated using a country-level OLS linear trend fitted over 2019-2024 and floored at zero; Zijie regional growth indexed to 2025 thereafter,0.0,0.0,0.0,0.0,0.0,0.0,0.0,0.0,0.0,0.0,0.0,0.0,0.0,0.0,0.0,0.0,0.0,0.0,0.0,0.0,0.0,0.0,0.0,0.0,0.0,0.0,0.0,0.0,0.0,0.0,0.0,0.0
Ecuador,EC,ECU,LAM,Rest of World,Aluminium scrap,kt,0.0,0.0,0.0,No 2019 secondary producer share; assigned zero,,0.0,0.0,No 2024 secondary production estimate; assigned zero share,0.0,0.0,,Existing values retained through 2024; 2025 extrapolated using a country-level OLS linear trend fitted over 2019-2024 and floored at zero; Zijie regional growth indexed to 2025 thereafter,0.0,0.0,0.0,0.0,0.0,0.0,0.0,0.0,0.0,0.0,0.0,0.0,0.0,0.0,0.0,0.0,0.0,0.0,0.0,0.0,0.0,0.0,0.0,0.0,0.0,0.0,0.0,0.0,0.0,0.0,0.0,0.0
Guatemala,GT,GTM,LAM,Rest of World,Aluminium scrap,kt,0.0,0.0,0.0,No 2019 secondary producer share; assigned zero,,0.0,0.0,No 2024 secondary production estimate; assigned zero share,0.0,0.0,,Existing values retained through 2024; 2025 extrapolated using a country-level OLS linear trend fitted over 2019-2024 and floored at zero; Zijie regional growth indexed to 2025 thereafter,0.0,0.0,0.0,0.0,0.0,0.0,0.0,0.0,0.0,0.0,0.0,0.0,0.0,0.0,0.0,0.0,0.0,0.0,0.0,0.0,0.0,0.0,0.0,0.0,0.0,0.0,0.0,0.0,0.0,0.0,0.0,0.0
Cuba,CU,CUB,LAM,Rest of World,Aluminium scrap,kt,0.0,0.0,0.0,No 2019 secondary producer share; assigned zero,,0.0,0.0,No 2024 secondary production estimate; assigned zero share,0.0,0.0,,Existing values retained through 2024; 2025 extrapolated using a country-level OLS linear trend fitted over 2019-2024 and floored at zero; Zijie regional growth indexed to 2025 thereafter,0.0,0.0,0.0,0.0,0.0,0.0,0.0,0.0,0.0,0.0,0.0,0.0,0.0,0.0,0.0,0.0,0.0,0.0,0.0,0.0,0.0,0.0,0.0,0.0,0.0,0.0,0.0,0.0,0.0,0.0,0.0,0.0
Bolivia (Plurinational State of),BO,BOL,LAM,Rest of World,Aluminium scrap,kt,0.0,0.0,0.0,No 2019 secondary producer share; assigned zero,,0.0,0.0,No 2024 secondary production estimate; assigned zero share,0.0,0.0,,Existing values retained through 2024; 2025 extrapolated using a country-level OLS linear trend fitted over 2019-2024 and floored at zero; Zijie regional growth indexed to 2025 thereafter,0.0,0.0,0.0,0.0,0.0,0.0,0.0,0.0,0.0,0.0,0.0,0.0,0.0,0.0,0.0,0.0,0.0,0.0,0.0,0.0,0.0,0.0,0.0,0.0,0.0,0.0,0.0,0.0,0.0,0.0,0.0,0.0
Dominican Republic,DO,DOM,LAM,South America,Aluminium scrap,kt,0.0,0.0,0.0,No 2019 secondary producer share; assigned zero,,0.0,0.0,No 2024 secondary production estimate; assigned zero share,0.0,0.0,,Existing values retained through 2024; 2025 extrapolated using a country-level OLS linear trend fitted over 2019-2024 and floored at zero; Zijie regional growth indexed to 2025 thereafter,0.0,0.0,0.0,0.0,0.0,0.0,0.0,0.0,0.0,0.0,0.0,0.0,0.0,0.0,0.0,0.0,0.0,0.0,0.0,0.0,0.0,0.0,0.0,0.0,0.0,0.0,0.0,0.0,0.0,0.0,0.0,0.0
Honduras,HN,HND,LAM,Rest of World,Aluminium scrap,kt,0.0,0.0,0.0,No 2019 secondary producer share; assigned zero,,0.0,0.0,No 2024 secondary production estimate; assigned zero share,0.0,0.0,,Existing values retained through 2024; 2025 extrapolated using a country-level OLS linear trend fitted over 2019-2024 and floored at zero; Zijie regional growth indexed to 2025 thereafter,0.0,0.0,0.0,0.0,0.0,0.0,0.0,0.0,0.0,0.0,0.0,0.0,0.0,0.0,0.0,0.0,0.0,0.0,0.0,0.0,0.0,0.0,0.0,0.0,0.0,0.0,0.0,0.0,0.0,0.0,0.0,0.0
Paraguay,PY,PRY,LAM,Rest of World,Aluminium scrap,kt,0.0,0.0,0.0,No 2019 secondary producer share; assigned zero,,0.0,0.0,No 2024 secondary production estimate; assigned zero share,0.0,0.0,,Existing values retained through 2024; 2025 extrapolated using a country-level OLS linear trend fitted over 2019-2024 and floored at zero; Zijie regional growth indexed to 2025 thereafter,0.0,0.0,0.0,0.0,0.0,0.0,0.0,0.0,0.0,0.0,0.0,0.0,0.0,0.0,0.0,0.0,0.0,0.0,0.0,0.0,0.0,0.0,0.0,0.0,0.0,0.0,0.0,0.0,0.0,0.0,0.0,0.0
Uruguay,UY,URY,LAM,Rest of World,Aluminium scrap,kt,0.0,0.0,0.0,No 2019 secondary producer share; assigned zero,,0.0,0.0,No 2024 secondary production estimate; assigned zero share,0.0,0.0,,Existing values retained through 2024; 2025 extrapolated using a country-level OLS linear trend fitted over 2019-2024 and floored at zero; Zijie regional growth indexed to 2025 thereafter,0.0,0.0,0.0,0.0,0.0,0.0,0.0,0.0,0.0,0.0,0.0,0.0,0.0,0.0,0.0,0.0,0.0,0.0,0.0,0.0,0.0,0.0,0.0,0.0,0.0,0.0,0.0,0.0,0.0,0.0,0.0,0.0
Costa Rica,CR,CRI,LAM,Rest of World,Aluminium scrap,kt,0.0,0.0,0.0,No 2019 secondary producer share; assigned zero,,0.0,0.0,No 2024 secondary production estimate; assigned zero share,0.0,0.0,,Existing values retained through 2024; 2025 extrapolated using a country-level OLS linear trend fitted over 2019-2024 and floored at zero; Zijie regional growth indexed to 2025 thereafter,0.0,0.0,0.0,0.0,0.0,0.0,0.0,0.0,0.0,0.0,0.0,0.0,0.0,0.0,0.0,0.0,0.0,0.0,0.0,0.0,0.0,0.0,0.0,0.0,0.0,0.0,0.0,0.0,0.0,0.0,0.0,0.0
El Salvador,SV,SLV,LAM,Rest of World,Aluminium scrap,kt,0.0,0.0,0.0,No 2019 secondary producer share; assigned zero,,0.0,0.0,No 2024 secondary production estimate; assigned zero share,0.0,0.0,,Existing values retained through 2024; 2025 extrapolated using a country-level OLS linear trend fitted over 2019-2024 and floored at zero; Zijie regional growth indexed to 2025 thereafter,0.0,0.0,0.0,0.0,0.0,0.0,0.0,0.0,0.0,0.0,0.0,0.0,0.0,0.0,0.0,0.0,0.0,0.0,0.0,0.0,0.0,0.0,0.0,0.0,0.0,0.0,0.0,0.0,0.0,0.0,0.0,0.0
Haiti,HT,HTI,LAM,South America,Aluminium scrap,kt,0.0,0.0,0.0,No 2019 secondary producer share; assigned zero,,0.0,0.0,No 2024 secondary production estimate; assigned zero share,0.0,0.0,,Existing values retained through 2024; 2025 extrapolated using a country-level OLS linear trend fitted over 2019-2024 and floored at zero; Zijie regional growth indexed to 2025 thereafter,0.0,0.0,0.0,0.0,0.0,0.0,0.0,0.0,0.0,0.0,0.0,0.0,0.0,0.0,0.0,0.0,0.0,0.0,0.0,0.0,0.0,0.0,0.0,0.0,0.0,0.0,0.0,0.0,0.0,0.0,0.0,0.0
Panama,PA,PAN,LAM,Rest of World,Aluminium scrap,kt,0.0,0.0,0.0,No 2019 secondary producer share; assigned zero,,0.0,0.0,No 2024 secondary production estimate; assigned zero share,0.0,0.0,,Existing values retained through 2024; 2025 extrapolated using a country-level OLS linear trend fitted over 2019-2024 and floored at zero; Zijie regional growth indexed to 2025 thereafter,0.0,0.0,0.0,0.0,0.0,0.0,0.0,0.0,0.0,0.0,0.0,0.0,0.0,0.0,0.0,0.0,0.0,0.0,0.0,0.0,0.0,0.0,0.0,0.0,0.0,0.0,0.0,0.0,0.0,0.0,0.0,0.0
Nicaragua,NI,NIC,LAM,Rest of World,Aluminium scrap,kt,0.0,0.0,0.0,No 2019 secondary producer share; assigned zero,,0.0,0.0,No 2024 secondary production estimate; assigned zero share,0.0,0.0,,Existing values retained through 2024; 2025 extrapolated using a country-level OLS linear trend fitted over 2019-2024 and floored at zero; Zijie regional growth indexed to 2025 thereafter,0.0,0.0,0.0,0.0,0.0,0.0,0.0,0.0,0.0,0.0,0.0,0.0,0.0,0.0,0.0,0.0,0.0,0.0,0.0,0.0,0.0,0.0,0.0,0.0,0.0,0.0,0.0,0.0,0.0,0.0,0.0,0.0
Jamaica,JM,JAM,LAM,South America,Aluminium scrap,kt,0.0,0.0,0.0,No 2019 secondary producer share; assigned zero,,0.0,0.0,No 2024 secondary production estimate; assigned zero share,0.0,0.0,,Existing values retained through 2024; 2025 extrapolated using a country-level OLS linear trend fitted over 2019-2024 and floored at zero; Zijie regional growth indexed to 2025 thereafter,0.0,0.0,0.0,0.0,0.0,0.0,0.0,0.0,0.0,0.0,0.0,0.0,0.0,0.0,0.0,0.0,0.0,0.0,0.0,0.0,0.0,0.0,0.0,0.0,0.0,0.0,0.0,0.0,0.0,0.0,0.0,0.0
Curaçao,CW,CUW,LAM,Rest of World,Aluminium scrap,kt,0.0,0.0,0.0,No 2019 secondary producer share; assigned zero,,0.0,0.0,No 2024 secondary production estimate; assigned zero share,0.0,0.0,,Existing values retained through 2024; 2025 extrapolated using a country-level OLS linear trend fitted over 2019-2024 and floored at zero; Zijie regional growth indexed to 2025 thereafter,0.0,0.0,0.0,0.0,0.0,0.0,0.0,0.0,0.0,0.0,0.0,0.0,0.0,0.0,0.0,0.0,0.0,0.0,0.0,0.0,0.0,0.0,0.0,0.0,0.0,0.0,0.0,0.0,0.0,0.0,0.0,0.0
Suriname,SR,SUR,LAM,South America,Aluminium scrap,kt,0.0,0.0,0.0,No 2019 secondary producer share; assigned zero,,0.0,0.0,No 2024 secondary production estimate; assigned zero share,0.0,0.0,,Existing values retained through 2024; 2025 extrapolated using a country-level OLS linear trend fitted over 2019-2024 and floored at zero; Zijie regional growth indexed to 2025 thereafter,0.0,0.0,0.0,0.0,0.0,0.0,0.0,0.0,0.0,0.0,0.0,0.0,0.0,0.0,0.0,0.0,0.0,0.0,0.0,0.0,0.0,0.0,0.0,0.0,0.0,0.0,0.0,0.0,0.0,0.0,0.0,0.0
Antigua and Barbuda,AG,ATG,LAM,Rest of World,Aluminium scrap,kt,0.0,0.0,0.0,No 2019 secondary producer share; assigned zero,,0.0,0.0,No 2024 secondary production estimate; assigned zero share,0.0,0.0,,Existing values retained through 2024; 2025 extrapolated using a country-level OLS linear trend fitted over 2019-2024 and floored at zero; Zijie regional growth indexed to 2025 thereafter,0.0,0.0,0.0,0.0,0.0,0.0,0.0,0.0,0.0,0.0,0.0,0.0,0.0,0.0,0.0,0.0,0.0,0.0,0.0,0.0,0.0,0.0,0.0,0.0,0.0,0.0,0.0,0.0,0.0,0.0,0.0,0.0
Aruba,AW,ABW,LAM,Rest of World,Aluminium scrap,kt,0.0,0.0,0.0,No 2019 secondary producer share; assigned zero,,0.0,0.0,No 2024 secondary production estimate; assigned zero share,0.0,0.0,,Existing values retained through 2024; 2025 extrapolated using a country-level OLS linear trend fitted over 2019-2024 and floored at zero; Zijie regional growth indexed to 2025 thereafter,0.0,0.0,0.0,0.0,0.0,0.0,0.0,0.0,0.0,0.0,0.0,0.0,0.0,0.0,0.0,0.0,0.0,0.0,0.0,0.0,0.0,0.0,0.0,0.0,0.0,0.0,0.0,0.0,0.0,0.0,0.0,0.0
Bahamas,BS,BHS,LAM,Rest of World,Aluminium scrap,kt,0.0,0.0,0.0,No 2019 secondary producer share; assigned zero,,0.0,0.0,No 2024 secondary production estimate; assigned zero share,0.0,0.0,,Existing values retained through 2024; 2025 extrapolated using a country-level OLS linear trend fitted over 2019-2024 and floored at zero; Zijie regional growth indexed to 2025 thereafter,0.0,0.0,0.0,0.0,0.0,0.0,0.0,0.0,0.0,0.0,0.0,0.0,0.0,0.0,0.0,0.0,0.0,0.0,0.0,0.0,0.0,0.0,0.0,0.0,0.0,0.0,0.0,0.0,0.0,0.0,0.0,0.0
Barbados,BB,BRB,LAM,Rest of World,Aluminium scrap,kt,0.0,0.0,0.0,No 2019 secondary producer share; assigned zero,,0.0,0.0,No 2024 secondary production estimate; assigned zero share,0.0,0.0,,Existing values retained through 2024; 2025 extrapolated using a country-level OLS linear trend fitted over 2019-2024 and floored at zero; Zijie regional growth indexed to 2025 thereafter,0.0,0.0,0.0,0.0,0.0,0.0,0.0,0.0,0.0,0.0,0.0,0.0,0.0,0.0,0.0,0.0,0.0,0.0,0.0,0.0,0.0,0.0,0.0,0.0,0.0,0.0,0.0,0.0,0.0,0.0,0.0,0.0
Belize,BZ,BLZ,LAM,Rest of World,Aluminium scrap,kt,0.0,0.0,0.0,No 2019 secondary producer share; assigned zero,,0.0,0.0,No 2024 secondary production estimate; assigned zero share,0.0,0.0,,Existing values retained through 2024; 2025 extrapolated using a country-level OLS linear trend fitted over 2019-2024 and floored at zero; Zijie regional growth indexed to 2025 thereafter,0.0,0.0,0.0,0.0,0.0,0.0,0.0,0.0,0.0,0.0,0.0,0.0,0.0,0.0,0.0,0.0,0.0,0.0,0.0,0.0,0.0,0.0,0.0,0.0,0.0,0.0,0.0,0.0,0.0,0.0,0.0,0.0
Bermuda,BM,BMU,LAM,Rest of World,Aluminium scrap,kt,0.0,0.0,0.0,No 2019 secondary producer share; assigned zero,,0.0,0.0,No 2024 secondary production estimate; assigned zero share,0.0,0.0,,Existing values retained through 2024; 2025 extrapolated using a country-level OLS linear trend fitted over 2019-2024 and floored at zero; Zijie regional growth indexed to 2025 thereafter,0.0,0.0,0.0,0.0,0.0,0.0,0.0,0.0,0.0,0.0,0.0,0.0,0.0,0.0,0.0,0.0,0.0,0.0,0.0,0.0,0.0,0.0,0.0,0.0,0.0,0.0,0.0,0.0,0.0,0.0,0.0,0.0
British Virgin Islands,VG,VGB,LAM,Rest of World,Aluminium scrap,kt,0.0,0.0,0.0,No 2019 secondary producer share; assigned zero,,0.0,0.0,No 2024 secondary production estimate; assigned zero share,0.0,0.0,,Existing values retained through 2024; 2025 extrapolated using a country-level OLS linear trend fitted over 2019-2024 and floored at zero; Zijie regional growth indexed to 2025 thereafter,0.0,0.0,0.0,0.0,0.0,0.0,0.0,0.0,0.0,0.0,0.0,0.0,0.0,0.0,0.0,0.0,0.0,0.0,0.0,0.0,0.0,0.0,0.0,0.0,0.0,0.0,0.0,0.0,0.0,0.0,0.0,0.0
Cayman Islands,KY,CYM,LAM,Rest of World,Aluminium scrap,kt,0.0,0.0,0.0,No 2019 secondary producer share; assigned zero,,0.0,0.0,No 2024 secondary production estimate; assigned zero share,0.0,0.0,,Existing values retained through 2024; 2025 extrapolated using a country-level OLS linear trend fitted over 2019-2024 and floored at zero; Zijie regional growth indexed to 2025 thereafter,0.0,0.0,0.0,0.0,0.0,0.0,0.0,0.0,0.0,0.0,0.0,0.0,0.0,0.0,0.0,0.0,0.0,0.0,0.0,0.0,0.0,0.0,0.0,0.0,0.0,0.0,0.0,0.0,0.0,0.0,0.0,0.0
Dominica,DM,DMA,LAM,Rest of World,Aluminium scrap,kt,0.0,0.0,0.0,No 2019 secondary producer share; assigned zero,,0.0,0.0,No 2024 secondary production estimate; assigned zero share,0.0,0.0,,Existing values retained through 2024; 2025 extrapolated using a country-level OLS linear trend fitted over 2019-2024 and floored at zero; Zijie regional growth indexed to 2025 thereafter,0.0,0.0,0.0,0.0,0.0,0.0,0.0,0.0,0.0,0.0,0.0,0.0,0.0,0.0,0.0,0.0,0.0,0.0,0.0,0.0,0.0,0.0,0.0,0.0,0.0,0.0,0.0,0.0,0.0,0.0,0.0,0.0
Falkland Islands (Malvinas),FK,FLK,LAM,Rest of World,Aluminium scrap,kt,0.0,0.0,0.0,No 2019 secondary producer share; assigned zero,,0.0,0.0,No 2024 secondary production estimate; assigned zero share,0.0,0.0,,Existing values retained through 2024; 2025 extrapolated using a country-level OLS linear trend fitted over 2019-2024 and floored at zero; Zijie regional growth indexed to 2025 thereafter,0.0,0.0,0.0,0.0,0.0,0.0,0.0,0.0,0.0,0.0,0.0,0.0,0.0,0.0,0.0,0.0,0.0,0.0,0.0,0.0,0.0,0.0,0.0,0.0,0.0,0.0,0.0,0.0,0.0,0.0,0.0,0.0
Guyana,GY,GUY,LAM,South America,Aluminium scrap,kt,0.0,0.0,0.0,No 2019 secondary producer share; assigned zero,,0.0,0.0,No 2024 secondary production estimate; assigned zero share,0.0,0.0,,Existing values retained through 2024; 2025 extrapolated using a country-level OLS linear trend fitted over 2019-2024 and floored at zero; Zijie regional growth indexed to 2025 thereafter,0.0,0.0,0.0,0.0,0.0,0.0,0.0,0.0,0.0,0.0,0.0,0.0,0.0,0.0,0.0,0.0,0.0,0.0,0.0,0.0,0.0,0.0,0.0,0.0,0.0,0.0,0.0,0.0,0.0,0.0,0.0,0.0
Grenada,GD,GRD,LAM,Rest of World,Aluminium scrap,kt,0.0,0.0,0.0,No 2019 secondary producer share; assigned zero,,0.0,0.0,No 2024 secondary production estimate; assigned zero share,0.0,0.0,,Existing values retained through 2024; 2025 extrapolated using a country-level OLS linear trend fitted over 2019-2024 and floored at zero; Zijie regional growth indexed to 2025 thereafter,0.0,0.0,0.0,0.0,0.0,0.0,0.0,0.0,0.0,0.0,0.0,0.0,0.0,0.0,0.0,0.0,0.0,0.0,0.0,0.0,0.0,0.0,0.0,0.0,0.0,0.0,0.0,0.0,0.0,0.0,0.0,0.0
Guadeloupe,GP,GLP,LAM,Rest of World,Aluminium scrap,kt,0.0,0.0,0.0,No 2019 secondary producer share; assigned zero,,0.0,0.0,No 2024 secondary production estimate; assigned zero share,0.0,0.0,,Existing values retained through 2024; 2025 extrapolated using a country-level OLS linear trend fitted over 2019-2024 and floored at zero; Zijie regional growth indexed to 2025 thereafter,0.0,0.0,0.0,0.0,0.0,0.0,0.0,0.0,0.0,0.0,0.0,0.0,0.0,0.0,0.0,0.0,0.0,0.0,0.0,0.0,0.0,0.0,0.0,0.0,0.0,0.0,0.0,0.0,0.0,0.0,0.0,0.0
Cooperative Republic of Guyana,GY,GUY,LAM,South America,Aluminium scrap,kt,0.0,0.0,0.0,No 2019 secondary producer share; assigned zero,,0.0,0.0,No 2024 secondary production estimate; assigned zero share,0.0,0.0,,Existing values retained through 2024; 2025 extrapolated using a country-level OLS linear trend fitted over 2019-2024 and floored at zero; Zijie regional growth indexed to 2025 thereafter,0.0,0.0,0.0,0.0,0.0,0.0,0.0,0.0,0.0,0.0,0.0,0.0,0.0,0.0,0.0,0.0,0.0,0.0,0.0,0.0,0.0,0.0,0.0,0.0,0.0,0.0,0.0,0.0,0.0,0.0,0.0,0.0
Martinique,MQ,MTQ,LAM,Rest of World,Aluminium scrap,kt,0.0,0.0,0.0,No 2019 secondary producer share; assigned zero,,0.0,0.0,No 2024 secondary production estimate; assigned zero share,0.0,0.0,,Existing values retained through 2024; 2025 extrapolated using a country-level OLS linear trend fitted over 2019-2024 and floored at zero; Zijie regional growth indexed to 2025 thereafter,0.0,0.0,0.0,0.0,0.0,0.0,0.0,0.0,0.0,0.0,0.0,0.0,0.0,0.0,0.0,0.0,0.0,0.0,0.0,0.0,0.0,0.0,0.0,0.0,0.0,0.0,0.0,0.0,0.0,0.0,0.0,0.0
Montserrat,MS,MSR,LAM,Rest of World,Aluminium scrap,kt,0.0,0.0,0.0,No 2019 secondary producer share; assigned zero,,0.0,0.0,No 2024 secondary production estimate; assigned zero share,0.0,0.0,,Existing values retained through 2024; 2025 extrapolated using a country-level OLS linear trend fitted over 2019-2024 and floored at zero; Zijie regional growth indexed to 2025 thereafter,0.0,0.0,0.0,0.0,0.0,0.0,0.0,0.0,0.0,0.0,0.0,0.0,0.0,0.0,0.0,0.0,0.0,0.0,0.0,0.0,0.0,0.0,0.0,0.0,0.0,0.0,0.0,0.0,0.0,0.0,0.0,0.0
Puerto Rico,PR,PRI,LAM,Rest of World,Aluminium scrap,kt,0.0,0.0,0.0,No 2019 secondary producer share; assigned zero,,0.0,0.0,No 2024 secondary production estimate; assigned zero share,0.0,0.0,,Existing values retained through 2024; 2025 extrapolated using a country-level OLS linear trend fitted over 2019-2024 and floored at zero; Zijie regional growth indexed to 2025 thereafter,0.0,0.0,0.0,0.0,0.0,0.0,0.0,0.0,0.0,0.0,0.0,0.0,0.0,0.0,0.0,0.0,0.0,0.0,0.0,0.0,0.0,0.0,0.0,0.0,0.0,0.0,0.0,0.0,0.0,0.0,0.0,0.0
"Bonaire, Sint Eustatius and Saba",BQ,BES,LAM,Rest of World,Aluminium scrap,kt,0.0,0.0,0.0,No 2019 secondary producer share; assigned zero,,0.0,0.0,No 2024 secondary production estimate; assigned zero share,0.0,0.0,,Existing values retained through 2024; 2025 extrapolated using a country-level OLS linear trend fitted over 2019-2024 and floored at zero; Zijie regional growth indexed to 2025 thereafter,0.0,0.0,0.0,0.0,0.0,0.0,0.0,0.0,0.0,0.0,0.0,0.0,0.0,0.0,0.0,0.0,0.0,0.0,0.0,0.0,0.0,0.0,0.0,0.0,0.0,0.0,0.0,0.0,0.0,0.0,0.0,0.0
Saint Kitts and Nevis,KN,KNA,LAM,Rest of World,Aluminium scrap,kt,0.0,0.0,0.0,No 2019 secondary producer share; assigned zero,,0.0,0.0,No 2024 secondary production estimate; assigned zero share,0.0,0.0,,Existing values retained through 2024; 2025 extrapolated using a country-level OLS linear trend fitted over 2019-2024 and floored at zero; Zijie regional growth indexed to 2025 thereafter,0.0,0.0,0.0,0.0,0.0,0.0,0.0,0.0,0.0,0.0,0.0,0.0,0.0,0.0,0.0,0.0,0.0,0.0,0.0,0.0,0.0,0.0,0.0,0.0,0.0,0.0,0.0,0.0,0.0,0.0,0.0,0.0
Saint Lucia,LC,LCA,LAM,Rest of World,Aluminium scrap,kt,0.0,0.0,0.0,No 2019 secondary producer share; assigned zero,,0.0,0.0,No 2024 secondary production estimate; assigned zero share,0.0,0.0,,Existing values retained through 2024; 2025 extrapolated using a country-level OLS linear trend fitted over 2019-2024 and floored at zero; Zijie regional growth indexed to 2025 thereafter,0.0,0.0,0.0,0.0,0.0,0.0,0.0,0.0,0.0,0.0,0.0,0.0,0.0,0.0,0.0,0.0,0.0,0.0,0.0,0.0,0.0,0.0,0.0,0.0,0.0,0.0,0.0,0.0,0.0,0.0,0.0,0.0
Saint Pierre and Miquelon,PM,SPM,LAM,Rest of World,Aluminium scrap,kt,0.0,0.0,0.0,No 2019 secondary producer share; assigned zero,,0.0,0.0,No 2024 secondary production estimate; assigned zero share,0.0,0.0,,Existing values retained through 2024; 2025 extrapolated using a country-level OLS linear trend fitted over 2019-2024 and floored at zero; Zijie regional growth indexed to 2025 thereafter,0.0,0.0,0.0,0.0,0.0,0.0,0.0,0.0,0.0,0.0,0.0,0.0,0.0,0.0,0.0,0.0,0.0,0.0,0.0,0.0,0.0,0.0,0.0,0.0,0.0,0.0,0.0,0.0,0.0,0.0,0.0,0.0
Saint Vincent and the Grenadines,VC,VCT,LAM,Rest of World,Aluminium scrap,kt,0.0,0.0,0.0,No 2019 secondary producer share; assigned zero,,0.0,0.0,No 2024 secondary production estimate; assigned zero share,0.0,0.0,,Existing values retained through 2024; 2025 extrapolated using a country-level OLS linear trend fitted over 2019-2024 and floored at zero; Zijie regional growth indexed to 2025 thereafter,0.0,0.0,0.0,0.0,0.0,0.0,0.0,0.0,0.0,0.0,0.0,0.0,0.0,0.0,0.0,0.0,0.0,0.0,0.0,0.0,0.0,0.0,0.0,0.0,0.0,0.0,0.0,0.0,0.0,0.0,0.0,0.0
Saint Martin,MF,MAF,LAM,Rest of World,Aluminium scrap,kt,0.0,0.0,0.0,No 2019 secondary producer share; assigned zero,,0.0,0.0,No 2024 secondary production estimate; assigned zero share,0.0,0.0,,Existing values retained through 2024; 2025 extrapolated using a country-level OLS linear trend fitted over 2019-2024 and floored at zero; Zijie regional growth indexed to 2025 thereafter,0.0,0.0,0.0,0.0,0.0,0.0,0.0,0.0,0.0,0.0,0.0,0.0,0.0,0.0,0.0,0.0,0.0,0.0,0.0,0.0,0.0,0.0,0.0,0.0,0.0,0.0,0.0,0.0,0.0,0.0,0.0,0.0
Turks and Caicos Islands,TC,TCA,LAM,Rest of World,Aluminium scrap,kt,0.0,0.0,0.0,No 2019 secondary producer share; assigned zero,,0.0,0.0,No 2024 secondary production estimate; assigned zero share,0.0,0.0,,Existing values retained through 2024; 2025 extrapolated using a country-level OLS linear trend fitted over 2019-2024 and floored at zero; Zijie regional growth indexed to 2025 thereafter,0.0,0.0,0.0,0.0,0.0,0.0,0.0,0.0,0.0,0.0,0.0,0.0,0.0,0.0,0.0,0.0,0.0,0.0,0.0,0.0,0.0,0.0,0.0,0.0,0.0,0.0,0.0,0.0,0.0,0.0,0.0,0.0
Sint Maarten (Dutch part),SX,SXM,LAM,Rest of World,Aluminium scrap,kt,0.0,0.0,0.0,No 2019 secondary producer share; assigned zero,,0.0,0.0,No 2024 secondary production estimate; assigned zero share,0.0,0.0,,Existing values retained through 2024; 2025 extrapolated using a country-level OLS linear trend fitted over 2019-2024 and floored at zero; Zijie regional growth indexed to 2025 thereafter,0.0,0.0,0.0,0.0,0.0,0.0,0.0,0.0,0.0,0.0,0.0,0.0,0.0,0.0,0.0,0.0,0.0,0.0,0.0,0.0,0.0,0.0,0.0,0.0,0.0,0.0,0.0,0.0,0.0,0.0,0.0,0.0
Anguilla,AI,AIA,LAM,Rest of World,Aluminium scrap,kt,0.0,0.0,0.0,No 2019 secondary producer share; assigned zero,,0.0,0.0,No 2024 secondary production estimate; assigned zero share,0.0,0.0,,Existing values retained through 2024; 2025 extrapolated using a country-level OLS linear trend fitted over 2019-2024 and floored at zero; Zijie regional growth indexed to 2025 thereafter,0.0,0.0,0.0,0.0,0.0,0.0,0.0,0.0,0.0,0.0,0.0,0.0,0.0,0.0,0.0,0.0,0.0,0.0,0.0,0.0,0.0,0.0,0.0,0.0,0.0,0.0,0.0,0.0,0.0,0.0,0.0,0.0
Brazil,BR,BRA,BRA,South America,Aluminium scrap,kt,1376.5389012717635,1170.0,0.8125,Scrap allocated using OMNIA-controlled 2019 secondary country share,Brazil,1000.0,0.56657223796034,Zijie 2024 regional total allocated using country shares from secondary_aluminium_production_estimates_2024.xlsx,-29.772585045928437,1197.903390996193,0.9363725430022036,Existing values retained through 2024; 2025 extrapolated using a country-level OLS linear trend fitted over 2019-2024 and floored at zero; Zijie regional growth indexed to 2025 thereafter,1376.5389012717635,1346.766316225835,1316.9937311799065,1287.2211461339782,1257.4485610880497,1227.6759760421212,1197.903390996193,1250.807470406258,1301.8851899296023,1351.6941319730333,1401.0025970854465,1450.4616244246452,1500.2958331312948,1550.546871605116,1601.0042530991407,1651.4721455121125,1701.522052262925,1750.8345329822298,1799.5445232004988,1847.9712311375317,1896.4173239539195,1945.2627511374646,1994.7363532567053,2044.9723910872199,2096.0043551159724,2147.6007910604967,2199.4925234843136,2251.3396052033445,2302.8880625307593,2353.790313140388,2403.803258377485,2453.080747003864
Mexico,MX,MEX,MEX,South America,Aluminium scrap,kt,11.765289754459518,10.0,0.0069444444444444,Scrap allocated using OMNIA-controlled 2019 secondary country share,Mexico,650.0,0.3682719546742209,Zijie 2024 regional total allocated using country shares from secondary_aluminium_production_estimates_2024.xlsx,157.24481893458386,955.2342033619627,1.148744338698792,Existing values retained through 2024; 2025 extrapolated using a country-level OLS linear trend fitted over 2019-2024 and floored at zero; Zijie regional growth indexed to 2025 thereafter,11.765289754459518,169.0101086890434,326.2549276236272,483.49974655821103,640.744565492795,797.9893844273788,955.2342033619627,997.4210662840599,1038.1515501320537,1077.8702832375602,1117.1899251591738,1156.6296286732672,1196.3685099652573,1236.4397803744123,1276.6755931932512,1316.9197876473395,1356.8306712484734,1396.1535153023117,1434.9959203340084,1473.6124299168093,1512.2443974237858,1551.19480283565,1590.6461285961675,1630.7054371662737,1671.3994345882718,1712.5435541860938,1753.9231496155007,1795.267139602318,1836.3730000079236,1876.9635611298718,1916.8449708165194,1956.1399114148194
Chile,CL,CHL,CHL,Rest of World,Aluminium scrap,kt,0.0,0.0,0.0,No 2019 secondary producer share; assigned zero,,0.0,0.0,No 2024 secondary production estimate; assigned zero share,0.0,0.0,,Existing values retained through 2024; 2025 extrapolated using a country-level OLS linear trend fitted over 2019-2024 and floored at zero; Zijie regional growth indexed to 2025 thereafter,0.0,0.0,0.0,0.0,0.0,0.0,0.0,0.0,0.0,0.0,0.0,0.0,0.0,0.0,0.0,0.0,0.0,0.0,0.0,0.0,0.0,0.0,0.0,0.0,0.0,0.0,0.0,0.0,0.0,0.0,0.0,0.0
Ukraine,UA,UKR,ENE,Europe,Aluminium scrap,kt,0.0,0.0,0.0,No 2019 secondary producer share; assigned zero,,0.0,0.0,No 2024 secondary production estimate; assigned zero share,0.0,0.0,,Existing values retained through 2024; 2025 extrapolated using a country-level OLS linear trend fitted over 2019-2024 and floored at zero; Zijie regional growth indexed to 2025 thereafter,0.0,0.0,0.0,0.0,0.0,0.0,0.0,0.0,0.0,0.0,0.0,0.0,0.0,0.0,0.0,0.0,0.0,0.0,0.0,0.0,0.0,0.0,0.0,0.0,0.0,0.0,0.0,0.0,0.0,0.0,0.0,0.0
Belarus,BY,BLR,ENE,Rest of World,Aluminium scrap,kt,0.0,0.0,0.0,No 2019 secondary producer share; assigned zero,,0.0,0.0,No 2024 secondary production estimate; assigned zero share,0.0,0.0,,Existing values retained through 2024; 2025 extrapolated using a country-level OLS linear trend fitted over 2019-2024 and floored at zero; Zijie regional growth indexed to 2025 thereafter,0.0,0.0,0.0,0.0,0.0,0.0,0.0,0.0,0.0,0.0,0.0,0.0,0.0,0.0,0.0,0.0,0.0,0.0,0.0,0.0,0.0,0.0,0.0,0.0,0.0,0.0,0.0,0.0,0.0,0.0,0.0,0.0
Serbia,RS,SRB,ENE,Europe,Aluminium scrap,kt,69.11570390683897,50.0,0.0080775444264943,Scrap allocated using OMNIA-controlled 2019 secondary country share,Serbia,50.0,0.0079436950892076,Zijie 2024 regional total allocated using country shares from secondary_aluminium_production_estimates_2024.xlsx,1.1466490181813014,75.9955980159268,1.0223506440094638,Existing values retained through 2024; 2025 extrapolated using a country-level OLS linear trend fitted over 2019-2024 and floored at zero; Zijie regional growth indexed to 2025 thereafter,69.11570390683897,70.26235292502028,71.40900194320159,72.55565096138288,73.70229997956419,74.8489489977455,75.9955980159268,77.44761911852241,78.98918623006112,80.78890375051981,82.77855061188386,84.96059491884661,87.3082711865837,89.78506661368903,92.33814667282468,94.89923899983947,97.41168352013705,99.83080279735937,102.13010741308604,104.28633853586534,106.2851787633609,108.13037728340139,109.8283046134266,111.37614698082908,112.7726554186925,114.04048604188995,115.2068430839406,116.29852695065355,117.33824607829115,118.3489744341406,119.35436393587337,120.37577583232527
Bosnia and Herzegovina,BA,BIH,ENE,Rest of World,Aluminium scrap,kt,0.0,0.0,0.0,No 2019 secondary producer share; assigned zero,,0.0,0.0,No 2024 secondary production estimate; assigned zero share,0.0,0.0,,Existing values retained through 2024; 2025 extrapolated using a country-level OLS linear trend fitted over 2019-2024 and floored at zero; Zijie regional growth indexed to 2025 thereafter,0.0,0.0,0.0,0.0,0.0,0.0,0.0,0.0,0.0,0.0,0.0,0.0,0.0,0.0,0.0,0.0,0.0,0.0,0.0,0.0,0.0,0.0,0.0,0.0,0.0,0.0,0.0,0.0,0.0,0.0,0.0,0.0
Republic of Moldova,MD,MDA,ENE,Europe,Aluminium scrap,kt,0.0,0.0,0.0,No 2019 secondary producer share; assigned zero,,0.0,0.0,No 2024 secondary production estimate; assigned zero share,0.0,0.0,,Existing values retained through 2024; 2025 extrapolated using a country-level OLS linear trend fitted over 2019-2024 and floored at zero; Zijie regional growth indexed to 2025 thereafter,0.0,0.0,0.0,0.0,0.0,0.0,0.0,0.0,0.0,0.0,0.0,0.0,0.0,0.0,0.0,0.0,0.0,0.0,0.0,0.0,0.0,0.0,0.0,0.0,0.0,0.0,0.0,0.0,0.0,0.0,0.0,0.0
Republic of North Macedonia,MK,MKD,ENE,Europe,Aluminium scrap,kt,0.0,0.0,0.0,No 2019 secondary producer share; assigned zero,,0.0,0.0,No 2024 secondary production estimate; assigned zero share,0.0,0.0,,Existing values retained through 2024; 2025 extrapolated using a country-level OLS linear trend fitted over 2019-2024 and floored at zero; Zijie regional growth indexed to 2025 thereafter,0.0,0.0,0.0,0.0,0.0,0.0,0.0,0.0,0.0,0.0,0.0,0.0,0.0,0.0,0.0,0.0,0.0,0.0,0.0,0.0,0.0,0.0,0.0,0.0,0.0,0.0,0.0,0.0,0.0,0.0,0.0,0.0
Kosovo,XK,XKX,ENE,Rest of World,Aluminium scrap,kt,0.0,0.0,0.0,No 2019 secondary producer share; assigned zero,,0.0,0.0,No 2024 secondary production estimate; assigned zero share,0.0,0.0,,Existing values retained through 2024; 2025 extrapolated using a country-level OLS linear trend fitted over 2019-2024 and floored at zero; Zijie regional growth indexed to 2025 thereafter,0.0,0.0,0.0,0.0,0.0,0.0,0.0,0.0,0.0,0.0,0.0,0.0,0.0,0.0,0.0,0.0,0.0,0.0,0.0,0.0,0.0,0.0,0.0,0.0,0.0,0.0,0.0,0.0,0.0,0.0,0.0,0.0
Albania,AL,ALB,ENE,Rest of World,Aluminium scrap,kt,0.0,0.0,0.0,No 2019 secondary producer share; assigned zero,,0.0,0.0,No 2024 secondary production estimate; assigned zero share,0.0,0.0,,Existing values retained through 2024; 2025 extrapolated using a country-level OLS linear trend fitted over 2019-2024 and floored at zero; Zijie regional growth indexed to 2025 thereafter,0.0,0.0,0.0,0.0,0.0,0.0,0.0,0.0,0.0,0.0,0.0,0.0,0.0,0.0,0.0,0.0,0.0,0.0,0.0,0.0,0.0,0.0,0.0,0.0,0.0,0.0,0.0,0.0,0.0,0.0,0.0,0.0
Montenegro,ME,MNE,ENE,Europe,Aluminium scrap,kt,0.0,0.0,0.0,No 2019 secondary producer share; assigned zero,,0.0,0.0,No 2024 secondary production estimate; assigned zero share,0.0,0.0,,Existing values retained through 2024; 2025 extrapolated using a country-level OLS linear trend fitted over 2019-2024 and floored at zero; Zijie regional growth indexed to 2025 thereafter,0.0,0.0,0.0,0.0,0.0,0.0,0.0,0.0,0.0,0.0,0.0,0.0,0.0,0.0,0.0,0.0,0.0,0.0,0.0,0.0,0.0,0.0,0.0,0.0,0.0,0.0,0.0,0.0,0.0,0.0,0.0,0.0
Norway,NO,NOR,ENW,Europe,Aluminium scrap,kt,0.0,0.0,0.0,No 2019 secondary producer share; assigned zero,,0.0,0.0,No 2024 secondary production estimate; assigned zero share,0.0,0.0,,Existing values retained through 2024; 2025 extrapolated using a country-level OLS linear trend fitted over 2019-2024 and floored at zero; Zijie regional growth indexed to 2025 thereafter,0.0,0.0,0.0,0.0,0.0,0.0,0.0,0.0,0.0,0.0,0.0,0.0,0.0,0.0,0.0,0.0,0.0,0.0,0.0,0.0,0.0,0.0,0.0,0.0,0.0,0.0,0.0,0.0,0.0,0.0,0.0,0.0
Svalbard and Jan Mayen Islands,SJ,SJM,ENW,Rest of World,Aluminium scrap,kt,0.0,0.0,0.0,No 2019 secondary producer share; assigned zero,,0.0,0.0,No 2024 secondary production estimate; assigned zero share,0.0,0.0,,Existing values retained through 2024; 2025 extrapolated using a country-level OLS linear trend fitted over 2019-2024 and floored at zero; Zijie regional growth indexed to 2025 thereafter,0.0,0.0,0.0,0.0,0.0,0.0,0.0,0.0,0.0,0.0,0.0,0.0,0.0,0.0,0.0,0.0,0.0,0.0,0.0,0.0,0.0,0.0,0.0,0.0,0.0,0.0,0.0,0.0,0.0,0.0,0.0,0.0
Switzerland,CH,CHE,ENW,Europe,Aluminium scrap,kt,0.0,0.0,0.0,No 2019 secondary producer share; assigned zero,,0.0,0.0,No 2024 secondary production estimate; assigned zero share,0.0,0.0,,Existing values retained through 2024; 2025 extrapolated using a country-level OLS linear trend fitted over 2019-2024 and floored at zero; Zijie regional growth indexed to 2025 thereafter,0.0,0.0,0.0,0.0,0.0,0.0,0.0,0.0,0.0,0.0,0.0,0.0,0.0,0.0,0.0,0.0,0.0,0.0,0.0,0.0,0.0,0.0,0.0,0.0,0.0,0.0,0.0,0.0,0.0,0.0,0.0,0.0
Liechtenstein,LI,LIE,ENW,Rest of World,Aluminium scrap,kt,0.0,0.0,0.0,No 2019 secondary producer share; assigned zero,,0.0,0.0,No 2024 secondary production estimate; assigned zero share,0.0,0.0,,Existing values retained through 2024; 2025 extrapolated using a country-level OLS linear trend fitted over 2019-2024 and floored at zero; Zijie regional growth indexed to 2025 thereafter,0.0,0.0,0.0,0.0,0.0,0.0,0.0,0.0,0.0,0.0,0.0,0.0,0.0,0.0,0.0,0.0,0.0,0.0,0.0,0.0,0.0,0.0,0.0,0.0,0.0,0.0,0.0,0.0,0.0,0.0,0.0,0.0
Iceland,IS,ISL,ENW,Europe,Aluminium scrap,kt,0.0,0.0,0.0,No 2019 secondary producer share; assigned zero,,0.0,0.0,No 2024 secondary production estimate; assigned zero share,0.0,0.0,,Existing values retained through 2024; 2025 extrapolated using a country-level OLS linear trend fitted over 2019-2024 and floored at zero; Zijie regional growth indexed to 2025 thereafter,0.0,0.0,0.0,0.0,0.0,0.0,0.0,0.0,0.0,0.0,0.0,0.0,0.0,0.0,0.0,0.0,0.0,0.0,0.0,0.0,0.0,0.0,0.0,0.0,0.0,0.0,0.0,0.0,0.0,0.0,0.0,0.0
United Kingdom of Great Britain and Northern Ireland,GB,GBR,ENW,UK,Aluminium scrap,kt,268.7684486005528,1110.0,1.0,Scrap allocated using OMNIA-controlled 2019 secondary country share,United Kingdom,270.0,1.0,Zijie 2024 regional total allocated using country shares from secondary_aluminium_production_estimates_2024.xlsx,19.401857059350057,385.1795909566531,0.9269458135943907,Existing values retained through 2024; 2025 extrapolated using a country-level OLS linear trend fitted over 2019-2024 and floored at zero; Zijie regional growth indexed to 2025 thereafter,268.7684486005528,288.17030565990285,307.5721627192529,326.9740197786029,346.37587683795306,365.7777338973031,385.1795909566531,401.54741346186626,415.97767914004476,428.26485773000496,438.1949877602183,446.9629602048761,454.5991635104538,461.5320955832815,469.0132409661904,476.63826871562776,484.7542711744999,493.45333626277454,502.26921148346275,511.5717325471736,520.7734350703967,529.6344074759457,538.3474307123811,546.7655550699313,555.1073284456298,563.0757916950274,570.6991756046899,578.2295334039401,585.5024142936833,592.3038903798024,598.3564070205639,603.7360243179405
Gibraltar,GI,GIB,ENW,Rest of World,Aluminium scrap,kt,0.0,0.0,0.0,No 2019 secondary producer share; assigned zero,,0.0,0.0,No 2024 secondary production estimate; assigned zero share,0.0,0.0,,Existing values retained through 2024; 2025 extrapolated using a country-level OLS linear trend fitted over 2019-2024 and floored at zero; Zijie regional growth indexed to 2025 thereafter,0.0,0.0,0.0,0.0,0.0,0.0,0.0,0.0,0.0,0.0,0.0,0.0,0.0,0.0,0.0,0.0,0.0,0.0,0.0,0.0,0.0,0.0,0.0,0.0,0.0,0.0,0.0,0.0,0.0,0.0,0.0,0.0
Saint Helena,SH ,SHN,ENW,Rest of World,Aluminium scrap,kt,0.0,0.0,0.0,No 2019 secondary producer share; assigned zero,,0.0,0.0,No 2024 secondary production estimate; assigned zero share,0.0,0.0,,Existing values retained through 2024; 2025 extrapolated using a country-level OLS linear trend fitted over 2019-2024 and floored at zero; Zijie regional growth indexed to 2025 thereafter,0.0,0.0,0.0,0.0,0.0,0.0,0.0,0.0,0.0,0.0,0.0,0.0,0.0,0.0,0.0,0.0,0.0,0.0,0.0,0.0,0.0,0.0,0.0,0.0,0.0,0.0,0.0,0.0,0.0,0.0,0.0,0.0
Liechtenstein,LI,LIE,ENW,Rest of World,Aluminium scrap,kt,0.0,0.0,0.0,No 2019 secondary producer share; assigned zero,,0.0,0.0,No 2024 secondary production estimate; assigned zero share,0.0,0.0,,Existing values retained through 2024; 2025 extrapolated using a country-level OLS linear trend fitted over 2019-2024 and floored at zero; Zijie regional growth indexed to 2025 thereafter,0.0,0.0,0.0,0.0,0.0,0.0,0.0,0.0,0.0,0.0,0.0,0.0,0.0,0.0,0.0,0.0,0.0,0.0,0.0,0.0,0.0,0.0,0.0,0.0,0.0,0.0,0.0,0.0,0.0,0.0,0.0,0.0
Poland,PL,POL,EUE,Europe,Aluminium scrap,kt,34.37755011714078,24.869565217391305,0.0040177003582215,Scrap allocated using OMNIA-controlled 2019 secondary country share,Poland,450.0,0.0714932558028692,Zijie 2024 regional total allocated using country shares from secondary_aluminium_production_estimates_2024.xlsx,127.85259817251374,801.4931391522232,1.198032880813431,Existing values retained through 2024; 2025 extrapolated using a country-level OLS linear trend fitted over 2019-2024 and floored at zero; Zijie regional growth indexed to 2025 thereafter,34.37755011714078,162.23014828965452,290.0827464621683,417.935344634682,545.7879428071958,673.6405409797095,801.4931391522232,816.8069860330744,833.0652364541323,852.0460890655872,873.0300453782259,896.0431354389196,920.8030751021015,946.9247794341404,973.8510252237285,1000.8617729831917,1027.3594530869402,1052.8728716809783,1077.122656174282,1099.8635055978489,1120.9444204195654,1140.404941723396,1158.312256637992,1174.6366895045144,1189.3650680019261,1202.7363365047001,1215.0374064536406,1226.5509302910375,1237.5164042027268,1248.1761248169414,1258.7795388152838,1269.5519341727504
Czechia,CZ,CZE,EUE,Europe,Aluminium scrap,kt,174.53217751779167,126.2608695652174,0.020397555664817,Scrap allocated using OMNIA-controlled 2019 secondary country share,Czechia,80.0,0.0127099121427323,Zijie 2024 regional total allocated using country shares from secondary_aluminium_production_estimates_2024.xlsx,-10.954771824279769,108.80354657211305,0.9148175915169562,Existing values retained through 2024; 2025 extrapolated using a country-level OLS linear trend fitted over 2019-2024 and floored at zero; Zijie regional growth indexed to 2025 thereafter,174.53217751779167,163.57740569351188,152.62263386923212,141.66786204495236,130.71309022067257,119.7583183963928,108.80354657211305,110.88241758286347,113.08949237921139,115.66616332024189,118.51475772036905,121.63880918615631,124.99999734444205,128.54604650568655,132.20131302596948,135.8680507785882,139.46513905094784,142.92861277593377,146.22054682701213,149.30764133659662,152.16939795751233,154.81118443398617,157.24212149023177,159.4581806239815,161.4575736786368,163.27273760731205,164.9426209434215,166.50559405679888,167.9941688095382,169.44123722676906,170.88066196097495,172.3430260945084
Romania,RO,ROU,EUE,Europe,Aluminium scrap,kt,21.155415456702016,15.304347826086955,0.0024724309896747,Scrap allocated using OMNIA-controlled 2019 secondary country share,Romania,80.0,0.0127099121427323,Zijie 2024 regional total allocated using country shares from secondary_aluminium_production_estimates_2024.xlsx,19.72058058793816,139.47889898433095,1.1727352136606408,Existing values retained through 2024; 2025 extrapolated using a country-level OLS linear trend fitted over 2019-2024 and floored at zero; Zijie regional growth indexed to 2025 thereafter,21.155415456702016,40.875996044640175,60.59657663257833,80.31715722051648,100.03773780845464,119.7583183963928,139.47889898433095,142.14387314046044,144.97319600969837,148.27631651654377,151.9280247843375,155.9328506613101,160.24166998170003,164.78746879375328,169.47327698480746,174.17379053158393,178.78501808422294,183.22496068758304,187.44500085575086,191.402450376682,195.0710317347528,198.4576260205011,201.57392539481074,204.4147655861249,206.9778542967986,209.30477354000448,211.4454527411044,213.44908015826306,215.35733383297526,217.2123791504235,219.0576257754017,220.93227918225762
Hungary,HU,HUN,EUE,Europe,Aluminium scrap,kt,0.0,0.0,0.0,No 2019 secondary producer share; assigned zero,Hungary,100.0,0.0158873901784153,Zijie 2024 regional total allocated using country shares from secondary_aluminium_production_estimates_2024.xlsx,29.939579599098195,179.6374775945892,1.2083100580942523,Existing values retained through 2024; 2025 extrapolated using a country-level OLS linear trend fitted over 2019-2024 and floored at zero; Zijie regional growth indexed to 2025 thereafter,0.0,29.9395795990982,59.8791591981964,89.81873879729459,119.7583183963928,149.697897995491,179.6374775945892,183.06974755619572,186.7136852932414,190.96783585193864,195.6709390948992,200.8288290982159,206.3782379318247,212.23285707634105,218.26779691356762,224.32167605292744,230.2605620937744,235.97884705114245,241.41391555740213,246.51078866741895,251.23562307831006,255.59728107502553,259.6108212098202,263.26959232095675,266.5706421155089,269.5675248444353,272.32454554667066,274.9050546980813,277.36273022629445,279.7518777179698,282.128405290705,284.5428064067443
Bulgaria,BG,BGR,EUE,Europe,Aluminium scrap,kt,47.59968477757954,34.434782608695656,0.0055629697267682,Scrap allocated using OMNIA-controlled 2019 secondary country share,Bulgaria,20.0,0.003177478035683,Zijie 2024 regional total allocated using country shares from secondary_aluminium_production_estimates_2024.xlsx,-3.532021035696267,26.407558563401942,0.8881364581917476,Existing values retained through 2024; 2025 extrapolated using a country-level OLS linear trend fitted over 2019-2024 and floored at zero; Zijie regional growth indexed to 2025 thereafter,47.59968477757954,44.06766374188327,40.535642706187005,37.00362167049074,33.47160063479447,29.9395795990982,26.407558563401942,26.912118476122846,27.447794552635084,28.073174799121634,28.764553212920667,29.522787430802346,30.33857676790557,31.199233463799224,32.086398154108636,32.97634701137993,33.84939133946261,34.690006265233905,35.488987033596004,36.23825147966419,36.93282447789773,37.57400882608668,38.16401820261194,38.70187485525029,39.18714478298261,39.62770071391356,40.03299579281186,40.41234283916186,40.773632762123256,41.124848739701214,41.474209529525815,41.82913790928876
Slovakia,SK,SVK,EUE,Europe,Aluminium scrap,kt,0.0,0.0,0.0,No 2019 secondary producer share; assigned zero,,0.0,0.0,No 2024 secondary production estimate; assigned zero share,0.0,0.0,,Existing values retained through 2024; 2025 extrapolated using a country-level OLS linear trend fitted over 2019-2024 and floored at zero; Zijie regional growth indexed to 2025 thereafter,0.0,0.0,0.0,0.0,0.0,0.0,0.0,0.0,0.0,0.0,0.0,0.0,0.0,0.0,0.0,0.0,0.0,0.0,0.0,0.0,0.0,0.0,0.0,0.0,0.0,0.0,0.0,0.0,0.0,0.0,0.0,0.0
Croatia,HR,HRV,EUE,Europe,Aluminium scrap,kt,0.0,0.0,0.0,No 2019 secondary producer share; assigned zero,,0.0,0.0,No 2024 secondary production estimate; assigned zero share,0.0,0.0,,Existing values retained through 2024; 2025 extrapolated using a country-level OLS linear trend fitted over 2019-2024 and floored at zero; Zijie regional growth indexed to 2025 thereafter,0.0,0.0,0.0,0.0,0.0,0.0,0.0,0.0,0.0,0.0,0.0,0.0,0.0,0.0,0.0,0.0,0.0,0.0,0.0,0.0,0.0,0.0,0.0,0.0,0.0,0.0,0.0,0.0,0.0,0.0,0.0,0.0
Lithuania,LT,LTU,EUE,Europe,Aluminium scrap,kt,0.0,0.0,0.0,No 2019 secondary producer share; assigned zero,,0.0,0.0,No 2024 secondary production estimate; assigned zero share,0.0,0.0,,Existing values retained through 2024; 2025 extrapolated using a country-level OLS linear trend fitted over 2019-2024 and floored at zero; Zijie regional growth indexed to 2025 thereafter,0.0,0.0,0.0,0.0,0.0,0.0,0.0,0.0,0.0,0.0,0.0,0.0,0.0,0.0,0.0,0.0,0.0,0.0,0.0,0.0,0.0,0.0,0.0,0.0,0.0,0.0,0.0,0.0,0.0,0.0,0.0,0.0
Slovenia,SI,SVN,EUE,Europe,Aluminium scrap,kt,26.44426932087752,19.13043478260869,0.0030905387370934,Scrap allocated using OMNIA-controlled 2019 secondary country share,Slovenia,70.0,0.0111211731248907,Zijie 2024 regional total allocated using country shares from secondary_aluminium_production_estimates_2024.xlsx,15.668851855193237,120.45738045203694,1.1574888517605213,Existing values retained through 2024; 2025 extrapolated using a country-level OLS linear trend fitted over 2019-2024 and floored at zero; Zijie regional growth indexed to 2025 thereafter,26.44426932087752,42.11312117607076,57.78197303126399,73.45082488645723,89.11967674165047,104.7885285968437,120.45738045203694,122.75891715871684,125.20238942415055,128.05504489009812,131.20874925195213,134.66741459717286,138.38861609757765,142.3144788692893,146.36125715693908,150.42073534860168,154.40310397714637,158.23754674413607,161.88207640246793,165.29982637062682,168.468102744948,171.39284820311875,174.0841603805674,176.53757928636912,178.7511252363456,180.760709471675,182.6094522623793,184.33983378840446,185.98784822333076,187.58991062263846,189.18351063204065,190.80250705579874
Estonia,EE,EST,EUE,Europe,Aluminium scrap,kt,0.0,0.0,0.0,No 2019 secondary producer share; assigned zero,,0.0,0.0,No 2024 secondary production estimate; assigned zero share,0.0,0.0,,Existing values retained through 2024; 2025 extrapolated using a country-level OLS linear trend fitted over 2019-2024 and floored at zero; Zijie regional growth indexed to 2025 thereafter,0.0,0.0,0.0,0.0,0.0,0.0,0.0,0.0,0.0,0.0,0.0,0.0,0.0,0.0,0.0,0.0,0.0,0.0,0.0,0.0,0.0,0.0,0.0,0.0,0.0,0.0,0.0,0.0,0.0,0.0,0.0,0.0
Latvia,LV,LVA,EUE,Europe,Aluminium scrap,kt,0.0,0.0,0.0,No 2019 secondary producer share; assigned zero,,0.0,0.0,No 2024 secondary production estimate; assigned zero share,0.0,0.0,,Existing values retained through 2024; 2025 extrapolated using a country-level OLS linear trend fitted over 2019-2024 and floored at zero; Zijie regional growth indexed to 2025 thereafter,0.0,0.0,0.0,0.0,0.0,0.0,0.0,0.0,0.0,0.0,0.0,0.0,0.0,0.0,0.0,0.0,0.0,0.0,0.0,0.0,0.0,0.0,0.0,0.0,0.0,0.0,0.0,0.0,0.0,0.0,0.0,0.0
Germany,DE,DEU,EUW,Europe,Aluminium scrap,kt,1637.2343367022638,1184.4155844155846,0.1913433900509829,Scrap allocated using OMNIA-controlled 2019 secondary country share,Germany,2741.3,0.4355210269609011,Zijie 2024 regional total allocated using country shares from secondary_aluminium_production_estimates_2024.xlsx,493.2868282096263,4596.955305960022,1.127963788765535,Existing values retained through 2024; 2025 extrapolated using a country-level OLS linear trend fitted over 2019-2024 and floored at zero; Zijie regional growth indexed to 2025 thereafter,1637.2343367022638,2130.52116491189,2623.807993121516,3117.094821331142,3610.381649540769,4103.668477750395,4596.955305960022,4684.78771054935,4778.036731517594,4886.901208156989,5007.254464597149,5139.2457958928135,5281.256164353742,5431.076919471995,5585.512113493689,5740.431967657569,5892.409127783233,6038.74106657325,6177.825445527251,6308.255343567649,6429.164704497033,6540.780315778518,6643.487528468102,6737.116138142696,6821.590595096227,6898.28136222651,6968.834017026001,7034.8697095468415,7097.762067595002,7158.900780883799,7219.7165481809825,7281.501506251597
Netherlands,NL,NLD,EUW,Europe,Aluminium scrap,kt,0.0,0.0,0.0,No 2019 secondary producer share; assigned zero,Netherlands,180.0,0.0285973023211477,Zijie 2024 regional total allocated using country shares from secondary_aluminium_production_estimates_2024.xlsx,53.89124327837676,323.3474596702606,1.2083100580942525,Existing values retained through 2024; 2025 extrapolated using a country-level OLS linear trend fitted over 2019-2024 and floored at zero; Zijie regional growth indexed to 2025 thereafter,0.0,53.89124327837676,107.78248655675353,161.67372983513027,215.56497311350705,269.4562163918838,323.3474596702606,329.5255456011523,336.0846335278346,343.7421045334896,352.2076903708186,361.49189237678866,371.4808282772845,382.019142737414,392.8820344444218,403.7790168952695,414.46901176879396,424.7619246920565,434.5450480033239,443.71941960135416,452.22412154095815,460.075105935046,467.29947817767635,473.8852661777222,479.8271558079161,485.2215447199836,490.18418198400724,494.8290984565464,499.25291440733,503.55337989234573,507.8311295232691,512.1770515321399
Belgium,BE,BEL,EUW,Europe,Aluminium scrap,kt,0.0,0.0,0.0,No 2019 secondary producer share; assigned zero,Belgium,490.0,0.0778482118742354,Zijie 2024 regional total allocated using country shares from secondary_aluminium_production_estimates_2024.xlsx,146.70394003558118,880.2236402134872,1.2083100580942525,Existing values retained through 2024; 2025 extrapolated using a country-level OLS linear trend fitted over 2019-2024 and floored at zero; Zijie regional growth indexed to 2025 thereafter,0.0,146.7039400355812,293.4078800711624,440.1118201067436,586.8157601423248,733.519700177906,880.2236402134872,897.0417630253592,914.8970579368831,935.7423956744996,958.7876015650062,984.061262581258,1011.2533658659412,1039.9409996740712,1069.5122048764815,1099.1762126593446,1128.2767542594947,1156.2963505505982,1182.9281862312707,1207.902864470353,1231.0545530837194,1252.4266772676253,1272.093023928119,1290.0210023726881,1306.1961463659939,1320.8808717377333,1334.3902731786864,1347.0347680205984,1359.0773781088428,1370.7842008180523,1382.429185924455,1394.2597513930473
Sweden,SE,SWE,EUW,Europe,Aluminium scrap,kt,0.0,0.0,0.0,No 2019 secondary producer share; assigned zero,,0.0,0.0,No 2024 secondary production estimate; assigned zero share,0.0,0.0,,Existing values retained through 2024; 2025 extrapolated using a country-level OLS linear trend fitted over 2019-2024 and floored at zero; Zijie regional growth indexed to 2025 thereafter,0.0,0.0,0.0,0.0,0.0,0.0,0.0,0.0,0.0,0.0,0.0,0.0,0.0,0.0,0.0,0.0,0.0,0.0,0.0,0.0,0.0,0.0,0.0,0.0,0.0,0.0,0.0,0.0,0.0,0.0,0.0,0.0
Austria,AT,AUT,EUW,Europe,Aluminium scrap,kt,1016.8086933203532,735.5844155844156,0.1188343159263999,Scrap allocated using OMNIA-controlled 2019 secondary country share,Austria,369.0,0.0586244697583527,Zijie 2024 regional total allocated using country shares from secondary_aluminium_production_estimates_2024.xlsx,-92.8846899433983,459.50055365996343,0.837608575893766,Existing values retained through 2024; 2025 extrapolated using a country-level OLS linear trend fitted over 2019-2024 and floored at zero; Zijie regional growth indexed to 2025 thereafter,1016.8086933203532,923.9240033769548,831.0393134335566,738.1546234901584,645.2699335467601,552.3852436033618,459.50055365996343,468.2800687633093,477.60101576220757,488.48284600859876,500.51306694577715,513.7066017469616,527.9016153135825,542.8773362733524,558.3143054049747,573.7997199942638,588.9909899922277,603.6179772951001,617.5205160150124,630.5579737178689,642.6437815171514,653.8006085401252,664.0669735479702,673.4258633174899,681.8697260824696,689.5355500053788,696.5878230393399,703.1885914295186,709.4751596949621,715.5864378641966,721.6654351318185,727.8413103691732
Finland,FI,FIN,EUW,Europe,Aluminium scrap,kt,0.0,0.0,0.0,No 2019 secondary producer share; assigned zero,,0.0,0.0,No 2024 secondary production estimate; assigned zero share,0.0,0.0,,Existing values retained through 2024; 2025 extrapolated using a country-level OLS linear trend fitted over 2019-2024 and floored at zero; Zijie regional growth indexed to 2025 thereafter,0.0,0.0,0.0,0.0,0.0,0.0,0.0,0.0,0.0,0.0,0.0,0.0,0.0,0.0,0.0,0.0,0.0,0.0,0.0,0.0,0.0,0.0,0.0,0.0,0.0,0.0,0.0,0.0,0.0,0.0,0.0,0.0
Denmark,DK,DNK,EUW,Europe,Aluminium scrap,kt,0.0,0.0,0.0,No 2019 secondary producer share; assigned zero,,0.0,0.0,No 2024 secondary production estimate; assigned zero share,0.0,0.0,,Existing values retained through 2024; 2025 extrapolated using a country-level OLS linear trend fitted over 2019-2024 and floored at zero; Zijie regional growth indexed to 2025 thereafter,0.0,0.0,0.0,0.0,0.0,0.0,0.0,0.0,0.0,0.0,0.0,0.0,0.0,0.0,0.0,0.0,0.0,0.0,0.0,0.0,0.0,0.0,0.0,0.0,0.0,0.0,0.0,0.0,0.0,0.0,0.0,0.0
Ireland,IE,IRL,EUW,Europe,Aluminium scrap,kt,0.0,0.0,0.0,No 2019 secondary producer share; assigned zero,,0.0,0.0,No 2024 secondary production estimate; assigned zero share,0.0,0.0,,Existing values retained through 2024; 2025 extrapolated using a country-level OLS linear trend fitted over 2019-2024 and floored at zero; Zijie regional growth indexed to 2025 thereafter,0.0,0.0,0.0,0.0,0.0,0.0,0.0,0.0,0.0,0.0,0.0,0.0,0.0,0.0,0.0,0.0,0.0,0.0,0.0,0.0,0.0,0.0,0.0,0.0,0.0,0.0,0.0,0.0,0.0,0.0,0.0,0.0
Luxembourg,LU,LUX,EUW,Europe,Aluminium scrap,kt,0.0,0.0,0.0,No 2019 secondary producer share; assigned zero,,0.0,0.0,No 2024 secondary production estimate; assigned zero share,0.0,0.0,,Existing values retained through 2024; 2025 extrapolated using a country-level OLS linear trend fitted over 2019-2024 and floored at zero; Zijie regional growth indexed to 2025 thereafter,0.0,0.0,0.0,0.0,0.0,0.0,0.0,0.0,0.0,0.0,0.0,0.0,0.0,0.0,0.0,0.0,0.0,0.0,0.0,0.0,0.0,0.0,0.0,0.0,0.0,0.0,0.0,0.0,0.0,0.0,0.0,0.0
Greenland,GL,GRL,EUW,Rest of World,Aluminium scrap,kt,0.0,0.0,0.0,No 2019 secondary producer share; assigned zero,,0.0,0.0,No 2024 secondary production estimate; assigned zero share,0.0,0.0,,Existing values retained through 2024; 2025 extrapolated using a country-level OLS linear trend fitted over 2019-2024 and floored at zero; Zijie regional growth indexed to 2025 thereafter,0.0,0.0,0.0,0.0,0.0,0.0,0.0,0.0,0.0,0.0,0.0,0.0,0.0,0.0,0.0,0.0,0.0,0.0,0.0,0.0,0.0,0.0,0.0,0.0,0.0,0.0,0.0,0.0,0.0,0.0,0.0,0.0
Faroe Islands,FO,FRO,EUW,Rest of World,Aluminium scrap,kt,0.0,0.0,0.0,No 2019 secondary producer share; assigned zero,,0.0,0.0,No 2024 secondary production estimate; assigned zero share,0.0,0.0,,Existing values retained through 2024; 2025 extrapolated using a country-level OLS linear trend fitted over 2019-2024 and floored at zero; Zijie regional growth indexed to 2025 thereafter,0.0,0.0,0.0,0.0,0.0,0.0,0.0,0.0,0.0,0.0,0.0,0.0,0.0,0.0,0.0,0.0,0.0,0.0,0.0,0.0,0.0,0.0,0.0,0.0,0.0,0.0,0.0,0.0,0.0,0.0,0.0,0.0
Andorra,AD,AND,EUW,Rest of World,Aluminium scrap,kt,0.0,0.0,0.0,No 2019 secondary producer share; assigned zero,,0.0,0.0,No 2024 secondary production estimate; assigned zero share,0.0,0.0,,Existing values retained through 2024; 2025 extrapolated using a country-level OLS linear trend fitted over 2019-2024 and floored at zero; Zijie regional growth indexed to 2025 thereafter,0.0,0.0,0.0,0.0,0.0,0.0,0.0,0.0,0.0,0.0,0.0,0.0,0.0,0.0,0.0,0.0,0.0,0.0,0.0,0.0,0.0,0.0,0.0,0.0,0.0,0.0,0.0,0.0,0.0,0.0,0.0,0.0
France,FR,FRA,EUM,Europe,Aluminium scrap,kt,1008.0816676890432,729.2710706150342,0.1178143894370006,Scrap allocated using OMNIA-controlled 2019 secondary country share,France,140.0,0.0222423462497815,Zijie 2024 regional total allocated using country shares from secondary_aluminium_production_estimates_2024.xlsx,-159.70092209907114,49.876135094616416,0.23963276523312427,Existing values retained through 2024; 2025 extrapolated using a country-level OLS linear trend fitted over 2019-2024 and floored at zero; Zijie regional growth indexed to 2025 thereafter,1008.0816676890432,848.3807455899721,688.6798234909008,528.9789013918298,369.2779792927586,209.5770571936874,49.876135094616416,50.82910082636991,51.84083586787072,53.02199578405078,54.327806886783016,55.75988900045629,57.30067585844693,58.92620400151311,60.60179797354994,62.28265042062464,63.93157516868476,65.5192502844914,67.02829068461595,68.4434315293846,69.75527626542087,70.96628549575337,72.08064020976497,73.09649372019537,74.01302632637409,74.84510730330693,75.61059086967985,76.32706621086183,77.0094369405407,77.67278094119902,78.33262103615587,79.00297667601816
Monaco,MC,MCO,EUM,Rest of World,Aluminium scrap,kt,0.0,0.0,0.0,No 2019 secondary producer share; assigned zero,,0.0,0.0,No 2024 secondary production estimate; assigned zero share,0.0,0.0,,Existing values retained through 2024; 2025 extrapolated using a country-level OLS linear trend fitted over 2019-2024 and floored at zero; Zijie regional growth indexed to 2025 thereafter,0.0,0.0,0.0,0.0,0.0,0.0,0.0,0.0,0.0,0.0,0.0,0.0,0.0,0.0,0.0,0.0,0.0,0.0,0.0,0.0,0.0,0.0,0.0,0.0,0.0,0.0,0.0,0.0,0.0,0.0,0.0,0.0
Italy,IT,ITA,EUM,Europe,Aluminium scrap,kt,3650.316775631904,2640.728929384966,0.4266121049087182,Scrap allocated using OMNIA-controlled 2019 secondary country share,Italy,1000.0,0.1588739017841539,Zijie 2024 regional total allocated using country shares from secondary_aluminium_production_estimates_2024.xlsx,-430.6675591353986,1066.311420819512,0.7172416536290742,Existing values retained through 2024; 2025 extrapolated using a country-level OLS linear trend fitted over 2019-2024 and floored at zero; Zijie regional growth indexed to 2025 thereafter,3650.316775631904,3219.649216496505,2788.9816573611065,2358.314098225708,1927.646539090309,1496.97897995491,1066.311420819512,1086.6850572588771,1108.3151339989665,1133.567377502753,1161.4845625379385,1192.1013196395927,1225.0420962376047,1259.794572958723,1295.6174166022765,1331.552682188275,1366.8053593973843,1400.7485690170545,1433.0106320273164,1463.2651985044986,1491.3113777387919,1517.201775432433,1541.0257777561994,1562.7439040303511,1582.3386297176535,1600.1278478891695,1616.4932672971624,1631.8109304959764,1646.3994646899193,1660.5812228091531,1674.688070258988,1689.0197315523085
San Marino,SM,SMR,EUM,Rest of World,Aluminium scrap,kt,0.0,0.0,0.0,No 2019 secondary producer share; assigned zero,,0.0,0.0,No 2024 secondary production estimate; assigned zero share,0.0,0.0,,Existing values retained through 2024; 2025 extrapolated using a country-level OLS linear trend fitted over 2019-2024 and floored at zero; Zijie regional growth indexed to 2025 thereafter,0.0,0.0,0.0,0.0,0.0,0.0,0.0,0.0,0.0,0.0,0.0,0.0,0.0,0.0,0.0,0.0,0.0,0.0,0.0,0.0,0.0,0.0,0.0,0.0,0.0,0.0,0.0,0.0,0.0,0.0,0.0,0.0
Spain,ES,ESP,EUM,Europe,Aluminium scrap,kt,0.0,0.0,0.0,No 2019 secondary producer share; assigned zero,Spain,154.0,0.0244665808747597,Zijie 2024 regional total allocated using country shares from secondary_aluminium_production_estimates_2024.xlsx,46.10695258261122,276.64171549566737,1.2083100580942523,Existing values retained through 2024; 2025 extrapolated using a country-level OLS linear trend fitted over 2019-2024 and floored at zero; Zijie regional growth indexed to 2025 thereafter,0.0,46.10695258261123,92.21390516522246,138.32085774783368,184.4278103304449,230.5347629130561,276.64171549566737,281.9274112365414,287.5390753515918,294.0904672119855,301.3332462061448,309.2763968112525,317.82248641501,326.83859989756525,336.1324072468941,345.4553811215083,354.6012656244126,363.4074244587594,371.7774299583993,379.62661454782517,386.9028595405975,393.6198128555393,399.8006646631231,405.43517217427336,410.51878885788375,415.1339882604304,419.3798001418728,423.3537842350452,427.13860454849345,430.8178916856735,434.47774414768577,438.19592186638624
Greece,GR,GRC,EUM,Europe,Aluminium scrap,kt,0.0,0.0,0.0,No 2019 secondary producer share; assigned zero,,0.0,0.0,No 2024 secondary production estimate; assigned zero share,0.0,0.0,,Existing values retained through 2024; 2025 extrapolated using a country-level OLS linear trend fitted over 2019-2024 and floored at zero; Zijie regional growth indexed to 2025 thereafter,0.0,0.0,0.0,0.0,0.0,0.0,0.0,0.0,0.0,0.0,0.0,0.0,0.0,0.0,0.0,0.0,0.0,0.0,0.0,0.0,0.0,0.0,0.0,0.0,0.0,0.0,0.0,0.0,0.0,0.0,0.0,0.0
Portugal,PT,PRT,EUM,Europe,Aluminium scrap,kt,0.0,0.0,0.0,No 2019 secondary producer share; assigned zero,,0.0,0.0,No 2024 secondary production estimate; assigned zero share,0.0,0.0,,Existing values retained through 2024; 2025 extrapolated using a country-level OLS linear trend fitted over 2019-2024 and floored at zero; Zijie regional growth indexed to 2025 thereafter,0.0,0.0,0.0,0.0,0.0,0.0,0.0,0.0,0.0,0.0,0.0,0.0,0.0,0.0,0.0,0.0,0.0,0.0,0.0,0.0,0.0,0.0,0.0,0.0,0.0,0.0,0.0,0.0,0.0,0.0,0.0,0.0
Cyprus,CY,CYP,EUM,Europe,Aluminium scrap,kt,0.0,0.0,0.0,No 2019 secondary producer share; assigned zero,,0.0,0.0,No 2024 secondary production estimate; assigned zero share,0.0,0.0,,Existing values retained through 2024; 2025 extrapolated using a country-level OLS linear trend fitted over 2019-2024 and floored at zero; Zijie regional growth indexed to 2025 thereafter,0.0,0.0,0.0,0.0,0.0,0.0,0.0,0.0,0.0,0.0,0.0,0.0,0.0,0.0,0.0,0.0,0.0,0.0,0.0,0.0,0.0,0.0,0.0,0.0,0.0,0.0,0.0,0.0,0.0,0.0,0.0,0.0
Malta,MT,MLT,EUM,Europe,Aluminium scrap,kt,0.0,0.0,0.0,No 2019 secondary producer share; assigned zero,,0.0,0.0,No 2024 secondary production estimate; assigned zero share,0.0,0.0,,Existing values retained through 2024; 2025 extrapolated using a country-level OLS linear trend fitted over 2019-2024 and floored at zero; Zijie regional growth indexed to 2025 thereafter,0.0,0.0,0.0,0.0,0.0,0.0,0.0,0.0,0.0,0.0,0.0,0.0,0.0,0.0,0.0,0.0,0.0,0.0,0.0,0.0,0.0,0.0,0.0,0.0,0.0,0.0,0.0,0.0,0.0,0.0,0.0,0.0
Iran (Islamic Republic of),IR,IRN,MEA,Middle East,Aluminium scrap,kt,40.51657874278444,27.588455894342086,0.0586988423283874,Scrap allocated using OMNIA-controlled 2019 secondary country share,Iran,150.0,0.7894736842105263,Zijie 2024 regional total allocated using country shares from secondary_aluminium_production_estimates_2024.xlsx,141.58904658431433,890.0508582486705,1.042744016201706,Existing values retained through 2024; 2025 extrapolated using a country-level OLS linear trend fitted over 2019-2024 and floored at zero; Zijie regional growth indexed to 2025 thereafter,40.51657874278444,182.1056253270988,323.6946719114131,465.2837184957274,606.8727650800417,748.4618116643561,890.0508582486705,923.5229724478635,954.6048526385233,983.106471248235,1009.580472589442,1035.1317025794385,1062.496688917942,1093.7719356785617,1129.7394584271378,1171.8472965855758,1220.5963638497658,1275.7271287391557,1336.4181267308268,1401.4627496524395,1469.4871147878682,1539.2797086524586,1609.66837395916,1679.5228928709384,1748.2751568935405,1815.631894849126,1881.3851708728612,1945.6573994634,2008.6831126680577,2070.5691581084284,2131.3190332086006,2191.207415049499
Saudi Arabia,SA,SAU,MEA,Middle East,Aluminium scrap,kt,88.91138112999919,60.54133376813958,0.1288113484428501,Scrap allocated using OMNIA-controlled 2019 secondary country share,Saudi Arabia,20.0,0.1052631578947368,Zijie 2024 regional total allocated using country shares from secondary_aluminium_production_estimates_2024.xlsx,2.176705418382991,101.97161364029714,0.8959905686322978,Existing values retained through 2024; 2025 extrapolated using a country-level OLS linear trend fitted over 2019-2024 and floored at zero; Zijie regional growth indexed to 2025 thereafter,88.91138112999919,91.08808654838218,93.26479196676516,95.44149738514815,97.61820280353116,99.79490822191414,101.97161364029714,105.80645685763876,109.36745502829663,112.63283701636794,115.6659183411702,118.59327932108214,121.72843928224728,125.31159113207993,129.43232906444166,134.2565524940659,139.84165025147965,146.15788825618955,153.11115271438936,160.56320457914742,168.35664044343648,176.35265926703252,184.4169689823609,192.42008245333358,200.2969124556139,208.01385940895162,215.54710045482773,222.9106604142342,230.1314092251004,237.2215882377791,244.181598146202,251.04290823654796
United Arab Emirates,AE,ARE,MEA,Middle East,Aluminium scrap,kt,292.61973536455423,199.24995923691503,0.4239360834827979,Scrap allocated using OMNIA-controlled 2019 secondary country share,United Arab Emirates,5.0,0.0263157894736842,Zijie 2024 regional total allocated using country shares from secondary_aluminium_production_estimates_2024.xlsx,-53.534201661815146,-28.585474606336646,0.0,Existing values retained through 2024; 2025 extrapolated using a country-level OLS linear trend fitted over 2019-2024 and floored at zero; Zijie regional growth indexed to 2025 thereafter,292.61973536455423,239.0855337027391,185.55133204092397,132.0171303791088,78.48292871729365,24.948727055478532,0.0,0.0,0.0,0.0,0.0,0.0,0.0,0.0,0.0,0.0,0.0,0.0,0.0,0.0,0.0,0.0,0.0,0.0,0.0,0.0,0.0,0.0,0.0,0.0,0.0,0.0
Iraq,IQ,IRQ,MEA,Rest of World,Aluminium scrap,kt,0.0,0.0,0.0,No 2019 secondary producer share; assigned zero,,0.0,0.0,No 2024 secondary production estimate; assigned zero share,0.0,0.0,,Existing values retained through 2024; 2025 extrapolated using a country-level OLS linear trend fitted over 2019-2024 and floored at zero; Zijie regional growth indexed to 2025 thereafter,0.0,0.0,0.0,0.0,0.0,0.0,0.0,0.0,0.0,0.0,0.0,0.0,0.0,0.0,0.0,0.0,0.0,0.0,0.0,0.0,0.0,0.0,0.0,0.0,0.0,0.0,0.0,0.0,0.0,0.0,0.0,0.0
Qatar,QA,QAT,MEA,Middle East,Aluminium scrap,kt,70.56637464368289,48.049894015979135,0.1022338170552747,Scrap allocated using OMNIA-controlled 2019 secondary country share,Qatar,5.0,0.0263157894736842,Zijie 2024 regional total allocated using country shares from secondary_aluminium_production_estimates_2024.xlsx,-9.12352951764087,15.825197537837656,0.5562029366589234,Existing values retained through 2024; 2025 extrapolated using a country-level OLS linear trend fitted over 2019-2024 and floored at zero; Zijie regional growth indexed to 2025 thereafter,70.56637464368289,61.442845126042016,52.31931560840115,43.19578609076028,34.072256573119404,24.948727055478532,15.825197537837656,16.420335236208704,16.972974323409236,17.479736089286643,17.95044660763382,18.404750154649154,18.89130247962434,19.447379644703755,20.086885968604026,20.83556774400253,21.702331268908434,22.682562046398374,23.761654351164584,24.91815456344919,26.127634904575263,27.368554537817882,28.62007238377009,29.86209305084152,31.08451551046603,32.28212537036653,33.45122550907439,34.59399246920484,35.71459625513833,36.81493662878454,37.89507577471028,38.959897480200816
Kuwait,KW,KWT,MEA,Rest of World,Aluminium scrap,kt,0.0,0.0,0.0,No 2019 secondary producer share; assigned zero,,0.0,0.0,No 2024 secondary production estimate; assigned zero share,0.0,0.0,,Existing values retained through 2024; 2025 extrapolated using a country-level OLS linear trend fitted over 2019-2024 and floored at zero; Zijie regional growth indexed to 2025 thereafter,0.0,0.0,0.0,0.0,0.0,0.0,0.0,0.0,0.0,0.0,0.0,0.0,0.0,0.0,0.0,0.0,0.0,0.0,0.0,0.0,0.0,0.0,0.0,0.0,0.0,0.0,0.0,0.0,0.0,0.0,0.0,0.0
Oman,OM,OMN,MEA,Middle East,Aluminium scrap,kt,44.00550635674644,29.96412848524377,0.0637534648622207,Scrap allocated using OMNIA-controlled 2019 secondary country share,Oman,5.0,0.0263157894736842,Zijie 2024 regional total allocated using country shares from secondary_aluminium_production_estimates_2024.xlsx,-3.8113558602535793,21.13737119522496,0.7429081314103005,Existing values retained through 2024; 2025 extrapolated using a country-level OLS linear trend fitted over 2019-2024 and floored at zero; Zijie regional growth indexed to 2025 thereafter,44.00550635674644,40.19415049649286,36.38279463623928,32.5714387759857,28.760082915732117,24.948727055478532,21.13737119522496,21.932283638666068,22.670431614084265,23.347302252020206,23.9760200249271,24.582823364070926,25.232700692572532,25.975440833627232,26.829615482484147,27.829613400731972,28.987330536370397,30.29660340650355,31.737923462396566,33.282635572053834,34.89811208427956,36.5555813732775,38.22720646383891,39.88614637970785,41.51890939733738,43.11853076669168,44.68007232326132,46.206441227545895,47.70320726344633,49.17290790151055,50.615626200308185,52.037885327998126
Bahrain,BH,BHR,MEA,Middle East,Aluminium scrap,kt,153.62536106639098,104.6062285993804,0.2225664438284689,Scrap allocated using OMNIA-controlled 2019 secondary country share,Bahrain,5.0,0.0263157894736842,Zijie 2024 regional total allocated using country shares from secondary_aluminium_production_estimates_2024.xlsx,-25.735326802182485,-0.7865997467039278,0.0,Existing values retained through 2024; 2025 extrapolated using a country-level OLS linear trend fitted over 2019-2024 and floored at zero; Zijie regional growth indexed to 2025 thereafter,153.62536106639098,127.8900342642085,102.154707462026,76.41938065984353,50.68405385766103,24.948727055478532,0.0,0.0,0.0,0.0,0.0,0.0,0.0,0.0,0.0,0.0,0.0,0.0,0.0,0.0,0.0,0.0,0.0,0.0,0.0,0.0,0.0,0.0,0.0,0.0,0.0,0.0
Yemen,YE,YEM,MEA,Rest of World,Aluminium scrap,kt,0.0,0.0,0.0,No 2019 secondary producer share; assigned zero,,0.0,0.0,No 2024 secondary production estimate; assigned zero share,0.0,0.0,,Existing values retained through 2024; 2025 extrapolated using a country-level OLS linear trend fitted over 2019-2024 and floored at zero; Zijie regional growth indexed to 2025 thereafter,0.0,0.0,0.0,0.0,0.0,0.0,0.0,0.0,0.0,0.0,0.0,0.0,0.0,0.0,0.0,0.0,0.0,0.0,0.0,0.0,0.0,0.0,0.0,0.0,0.0,0.0,0.0,0.0,0.0,0.0,0.0,0.0
Turkey,TR,TUR,MDA,Europe,Aluminium scrap,kt,870.8578692261711,630.0,0.1017770597738287,Scrap allocated using OMNIA-controlled 2019 secondary country share,Turkey,370.0,0.0587833436601369,Zijie 2024 regional total allocated using country shares from secondary_aluminium_production_estimates_2024.xlsx,-63.3951293285709,490.48709325474556,0.8916764611390717,Existing values retained through 2024; 2025 extrapolated using a country-level OLS linear trend fitted over 2019-2024 and floored at zero; Zijie regional growth indexed to 2025 thereafter,870.8578692261711,807.4627398976003,744.0676105690293,680.6724812404584,617.2773519118875,553.8822225833167,490.48709325474556,499.85865724727324,509.80816473634223,521.4238140415088,534.2652960629986,548.3485403221058,563.5007983282101,579.4864109339946,595.9643761023148,612.4940536603657,628.709750909913,644.3231129137573,659.1631729556382,673.0798150166138,685.980632414741,697.8898229757908,708.8485029836423,718.8385119239585,727.8517887752021,736.0345595322812,743.5624044363075,750.6082973632231,757.3188019981027,763.8421958034498,770.3311318361709,776.9234788297628
Israel,IL,ISR,MDA,Rest of World,Aluminium scrap,kt,0.0,0.0,0.0,No 2019 secondary producer share; assigned zero,,0.0,0.0,No 2024 secondary production estimate; assigned zero share,0.0,0.0,,Existing values retained through 2024; 2025 extrapolated using a country-level OLS linear trend fitted over 2019-2024 and floored at zero; Zijie regional growth indexed to 2025 thereafter,0.0,0.0,0.0,0.0,0.0,0.0,0.0,0.0,0.0,0.0,0.0,0.0,0.0,0.0,0.0,0.0,0.0,0.0,0.0,0.0,0.0,0.0,0.0,0.0,0.0,0.0,0.0,0.0,0.0,0.0,0.0,0.0
Syrian Arab Republic,SY,SYR,MDA,Rest of World,Aluminium scrap,kt,0.0,0.0,0.0,No 2019 secondary producer share; assigned zero,,0.0,0.0,No 2024 secondary production estimate; assigned zero share,0.0,0.0,,Existing values retained through 2024; 2025 extrapolated using a country-level OLS linear trend fitted over 2019-2024 and floored at zero; Zijie regional growth indexed to 2025 thereafter,0.0,0.0,0.0,0.0,0.0,0.0,0.0,0.0,0.0,0.0,0.0,0.0,0.0,0.0,0.0,0.0,0.0,0.0,0.0,0.0,0.0,0.0,0.0,0.0,0.0,0.0,0.0,0.0,0.0,0.0,0.0,0.0
Jordan,JO,JOR,MDA,Rest of World,Aluminium scrap,kt,0.0,0.0,0.0,No 2019 secondary producer share; assigned zero,,0.0,0.0,No 2024 secondary production estimate; assigned zero share,0.0,0.0,,Existing values retained through 2024; 2025 extrapolated using a country-level OLS linear trend fitted over 2019-2024 and floored at zero; Zijie regional growth indexed to 2025 thereafter,0.0,0.0,0.0,0.0,0.0,0.0,0.0,0.0,0.0,0.0,0.0,0.0,0.0,0.0,0.0,0.0,0.0,0.0,0.0,0.0,0.0,0.0,0.0,0.0,0.0,0.0,0.0,0.0,0.0,0.0,0.0,0.0
Lebanon,LB,LBN,MDA,Rest of World,Aluminium scrap,kt,0.0,0.0,0.0,No 2019 secondary producer share; assigned zero,,0.0,0.0,No 2024 secondary production estimate; assigned zero share,0.0,0.0,,Existing values retained through 2024; 2025 extrapolated using a country-level OLS linear trend fitted over 2019-2024 and floored at zero; Zijie regional growth indexed to 2025 thereafter,0.0,0.0,0.0,0.0,0.0,0.0,0.0,0.0,0.0,0.0,0.0,0.0,0.0,0.0,0.0,0.0,0.0,0.0,0.0,0.0,0.0,0.0,0.0,0.0,0.0,0.0,0.0,0.0,0.0,0.0,0.0,0.0
State of Palestine,PS,PSE,MDA,Rest of World,Aluminium scrap,kt,0.0,0.0,0.0,No 2019 secondary producer share; assigned zero,,0.0,0.0,No 2024 secondary production estimate; assigned zero share,0.0,0.0,,Existing values retained through 2024; 2025 extrapolated using a country-level OLS linear trend fitted over 2019-2024 and floored at zero; Zijie regional growth indexed to 2025 thereafter,0.0,0.0,0.0,0.0,0.0,0.0,0.0,0.0,0.0,0.0,0.0,0.0,0.0,0.0,0.0,0.0,0.0,0.0,0.0,0.0,0.0,0.0,0.0,0.0,0.0,0.0,0.0,0.0,0.0,0.0,0.0,0.0
