Country,ISO2,ISO3,OMNIARegion,ZijieRegion,Metric,Unit,OMNIA2019_kt,BGSRecordPresent,BGS_Country,EstimatedYears,BGSNotes,AlignmentFactor_vs_old_2025,HistoricalSource2019,HistoricalSource2020_2024,ProjectionMethod2025_2050,2019,2020,2021,2022,2023,2024,2025,2026,2027,2028,2029,2030,2031,2032,2033,2034,2035,2036,2037,2038,2039,2040,2041,2042,2043,2044,2045,2046,2047,2048,2049,2050
Ethiopia,ET,ETH,AFE,Rest of World,Primary aluminium ingot production,kt,0.0,False,,,,,OMNIA INF_Data,"British Geological Survey, World Mineral Production 2020-24, Production of primary aluminium",BGS 2024 country value rebased to a synthetic Zijie 2024 regional value linearly back-extrapolated from Zijie 2025-2026; Zijie regional trajectory applied from 2025 onward,0.0,0.0,0.0,0.0,0.0,0.0,0.0,0.0,0.0,0.0,0.0,0.0,0.0,0.0,0.0,0.0,0.0,0.0,0.0,0.0,0.0,0.0,0.0,0.0,0.0,0.0,0.0,0.0,0.0,0.0,0.0,0.0
Kenya,KE,KEN,AFE,Rest of World,Primary aluminium ingot production,kt,0.0,False,,,,,OMNIA INF_Data,"British Geological Survey, World Mineral Production 2020-24, Production of primary aluminium",BGS 2024 country value rebased to a synthetic Zijie 2024 regional value linearly back-extrapolated from Zijie 2025-2026; Zijie regional trajectory applied from 2025 onward,0.0,0.0,0.0,0.0,0.0,0.0,0.0,0.0,0.0,0.0,0.0,0.0,0.0,0.0,0.0,0.0,0.0,0.0,0.0,0.0,0.0,0.0,0.0,0.0,0.0,0.0,0.0,0.0,0.0,0.0,0.0,0.0
Sudan,SD,SDN,AFE,Rest of World,Primary aluminium ingot production,kt,0.0,False,,,,,OMNIA INF_Data,"British Geological Survey, World Mineral Production 2020-24, Production of primary aluminium",BGS 2024 country value rebased to a synthetic Zijie 2024 regional value linearly back-extrapolated from Zijie 2025-2026; Zijie regional trajectory applied from 2025 onward,0.0,0.0,0.0,0.0,0.0,0.0,0.0,0.0,0.0,0.0,0.0,0.0,0.0,0.0,0.0,0.0,0.0,0.0,0.0,0.0,0.0,0.0,0.0,0.0,0.0,0.0,0.0,0.0,0.0,0.0,0.0,0.0
Mauritius,MU,MUS,AFE,Rest of World,Primary aluminium ingot production,kt,0.0,False,,,,,OMNIA INF_Data,"British Geological Survey, World Mineral Production 2020-24, Production of primary aluminium",BGS 2024 country value rebased to a synthetic Zijie 2024 regional value linearly back-extrapolated from Zijie 2025-2026; Zijie regional trajectory applied from 2025 onward,0.0,0.0,0.0,0.0,0.0,0.0,0.0,0.0,0.0,0.0,0.0,0.0,0.0,0.0,0.0,0.0,0.0,0.0,0.0,0.0,0.0,0.0,0.0,0.0,0.0,0.0,0.0,0.0,0.0,0.0,0.0,0.0
Eritrea,ER,ERI,AFE,Rest of World,Primary aluminium ingot production,kt,0.0,False,,,,,OMNIA INF_Data,"British Geological Survey, World Mineral Production 2020-24, Production of primary aluminium",BGS 2024 country value rebased to a synthetic Zijie 2024 regional value linearly back-extrapolated from Zijie 2025-2026; Zijie regional trajectory applied from 2025 onward,0.0,0.0,0.0,0.0,0.0,0.0,0.0,0.0,0.0,0.0,0.0,0.0,0.0,0.0,0.0,0.0,0.0,0.0,0.0,0.0,0.0,0.0,0.0,0.0,0.0,0.0,0.0,0.0,0.0,0.0,0.0,0.0
South Sudan,SS,SSD,AFE,Rest of World,Primary aluminium ingot production,kt,0.0,False,,,,,OMNIA INF_Data,"British Geological Survey, World Mineral Production 2020-24, Production of primary aluminium",BGS 2024 country value rebased to a synthetic Zijie 2024 regional value linearly back-extrapolated from Zijie 2025-2026; Zijie regional trajectory applied from 2025 onward,0.0,0.0,0.0,0.0,0.0,0.0,0.0,0.0,0.0,0.0,0.0,0.0,0.0,0.0,0.0,0.0,0.0,0.0,0.0,0.0,0.0,0.0,0.0,0.0,0.0,0.0,0.0,0.0,0.0,0.0,0.0,0.0
Burundi,BI,BDI,AFE,Rest of World,Primary aluminium ingot production,kt,0.0,False,,,,,OMNIA INF_Data,"British Geological Survey, World Mineral Production 2020-24, Production of primary aluminium",BGS 2024 country value rebased to a synthetic Zijie 2024 regional value linearly back-extrapolated from Zijie 2025-2026; Zijie regional trajectory applied from 2025 onward,0.0,0.0,0.0,0.0,0.0,0.0,0.0,0.0,0.0,0.0,0.0,0.0,0.0,0.0,0.0,0.0,0.0,0.0,0.0,0.0,0.0,0.0,0.0,0.0,0.0,0.0,0.0,0.0,0.0,0.0,0.0,0.0
Comoros,KM,COM,AFE,Rest of World,Primary aluminium ingot production,kt,0.0,False,,,,,OMNIA INF_Data,"British Geological Survey, World Mineral Production 2020-24, Production of primary aluminium",BGS 2024 country value rebased to a synthetic Zijie 2024 regional value linearly back-extrapolated from Zijie 2025-2026; Zijie regional trajectory applied from 2025 onward,0.0,0.0,0.0,0.0,0.0,0.0,0.0,0.0,0.0,0.0,0.0,0.0,0.0,0.0,0.0,0.0,0.0,0.0,0.0,0.0,0.0,0.0,0.0,0.0,0.0,0.0,0.0,0.0,0.0,0.0,0.0,0.0
Djibouti,DJ,DJI,AFE,Rest of World,Primary aluminium ingot production,kt,0.0,False,,,,,OMNIA INF_Data,"British Geological Survey, World Mineral Production 2020-24, Production of primary aluminium",BGS 2024 country value rebased to a synthetic Zijie 2024 regional value linearly back-extrapolated from Zijie 2025-2026; Zijie regional trajectory applied from 2025 onward,0.0,0.0,0.0,0.0,0.0,0.0,0.0,0.0,0.0,0.0,0.0,0.0,0.0,0.0,0.0,0.0,0.0,0.0,0.0,0.0,0.0,0.0,0.0,0.0,0.0,0.0,0.0,0.0,0.0,0.0,0.0,0.0
Madagascar,MG,MDG,AFE,Rest of World,Primary aluminium ingot production,kt,0.0,False,,,,,OMNIA INF_Data,"British Geological Survey, World Mineral Production 2020-24, Production of primary aluminium",BGS 2024 country value rebased to a synthetic Zijie 2024 regional value linearly back-extrapolated from Zijie 2025-2026; Zijie regional trajectory applied from 2025 onward,0.0,0.0,0.0,0.0,0.0,0.0,0.0,0.0,0.0,0.0,0.0,0.0,0.0,0.0,0.0,0.0,0.0,0.0,0.0,0.0,0.0,0.0,0.0,0.0,0.0,0.0,0.0,0.0,0.0,0.0,0.0,0.0
Reunion,RE,REU,AFE,Rest of World,Primary aluminium ingot production,kt,0.0,False,,,,,OMNIA INF_Data,"British Geological Survey, World Mineral Production 2020-24, Production of primary aluminium",BGS 2024 country value rebased to a synthetic Zijie 2024 regional value linearly back-extrapolated from Zijie 2025-2026; Zijie regional trajectory applied from 2025 onward,0.0,0.0,0.0,0.0,0.0,0.0,0.0,0.0,0.0,0.0,0.0,0.0,0.0,0.0,0.0,0.0,0.0,0.0,0.0,0.0,0.0,0.0,0.0,0.0,0.0,0.0,0.0,0.0,0.0,0.0,0.0,0.0
Rwanda,RW,RWA,AFE,Rest of World,Primary aluminium ingot production,kt,0.0,False,,,,,OMNIA INF_Data,"British Geological Survey, World Mineral Production 2020-24, Production of primary aluminium",BGS 2024 country value rebased to a synthetic Zijie 2024 regional value linearly back-extrapolated from Zijie 2025-2026; Zijie regional trajectory applied from 2025 onward,0.0,0.0,0.0,0.0,0.0,0.0,0.0,0.0,0.0,0.0,0.0,0.0,0.0,0.0,0.0,0.0,0.0,0.0,0.0,0.0,0.0,0.0,0.0,0.0,0.0,0.0,0.0,0.0,0.0,0.0,0.0,0.0
Somalia,SO,SOM,AFE,Rest of World,Primary aluminium ingot production,kt,0.0,False,,,,,OMNIA INF_Data,"British Geological Survey, World Mineral Production 2020-24, Production of primary aluminium",BGS 2024 country value rebased to a synthetic Zijie 2024 regional value linearly back-extrapolated from Zijie 2025-2026; Zijie regional trajectory applied from 2025 onward,0.0,0.0,0.0,0.0,0.0,0.0,0.0,0.0,0.0,0.0,0.0,0.0,0.0,0.0,0.0,0.0,0.0,0.0,0.0,0.0,0.0,0.0,0.0,0.0,0.0,0.0,0.0,0.0,0.0,0.0,0.0,0.0
Uganda,UG,UGA,AFE,Rest of World,Primary aluminium ingot production,kt,0.0,False,,,,,OMNIA INF_Data,"British Geological Survey, World Mineral Production 2020-24, Production of primary aluminium",BGS 2024 country value rebased to a synthetic Zijie 2024 regional value linearly back-extrapolated from Zijie 2025-2026; Zijie regional trajectory applied from 2025 onward,0.0,0.0,0.0,0.0,0.0,0.0,0.0,0.0,0.0,0.0,0.0,0.0,0.0,0.0,0.0,0.0,0.0,0.0,0.0,0.0,0.0,0.0,0.0,0.0,0.0,0.0,0.0,0.0,0.0,0.0,0.0,0.0
Seychelles,SC,SYC,AFE,Rest of World,Primary aluminium ingot production,kt,0.0,False,,,,,OMNIA INF_Data,"British Geological Survey, World Mineral Production 2020-24, Production of primary aluminium",BGS 2024 country value rebased to a synthetic Zijie 2024 regional value linearly back-extrapolated from Zijie 2025-2026; Zijie regional trajectory applied from 2025 onward,0.0,0.0,0.0,0.0,0.0,0.0,0.0,0.0,0.0,0.0,0.0,0.0,0.0,0.0,0.0,0.0,0.0,0.0,0.0,0.0,0.0,0.0,0.0,0.0,0.0,0.0,0.0,0.0,0.0,0.0,0.0,0.0
United Republic of Tanzania,TZ,TZA,AFE,Other main producer,Primary aluminium ingot production,kt,0.0,False,,,,,OMNIA INF_Data,"British Geological Survey, World Mineral Production 2020-24, Production of primary aluminium",BGS 2024 country value rebased to a synthetic Zijie 2024 regional value linearly back-extrapolated from Zijie 2025-2026; Zijie regional trajectory applied from 2025 onward,0.0,0.0,0.0,0.0,0.0,0.0,0.0,0.0,0.0,0.0,0.0,0.0,0.0,0.0,0.0,0.0,0.0,0.0,0.0,0.0,0.0,0.0,0.0,0.0,0.0,0.0,0.0,0.0,0.0,0.0,0.0,0.0
Egypt,EG,EGY,AFN,Other main producer,Primary aluminium ingot production,kt,300.0,True,Egypt,2021;2022,Years ended 30 June of the stated year,0.6069302082235057,OMNIA INF_Data,"British Geological Survey, World Mineral Production 2020-24, Production of primary aluminium",BGS 2024 country value rebased to a synthetic Zijie 2024 regional value linearly back-extrapolated from Zijie 2025-2026; Zijie regional trajectory applied from 2025 onward,300.0,268.0,260.0,260.0,310.0,305.0,292.0039126564389,279.00782531287786,274.9618568748196,269.96855353221946,265.8838288291889,262.5703224840142,260.1265935288773,258.76591346567983,258.22611644576153,258.4274911603176,259.28905886206377,260.516351840034,261.9096260588139,263.5767354570414,265.5401565479225,267.7852537230889,270.3217138926407,272.8719206481948,275.4252885141906,278.1534757061847,281.0485926242733,284.0728852932983,286.9622894138838,289.6184425579165,292.1387055621321,294.9026723618409
Algeria,DZ,DZA,AFN,Rest of World,Primary aluminium ingot production,kt,0.0,False,,,,,OMNIA INF_Data,"British Geological Survey, World Mineral Production 2020-24, Production of primary aluminium",BGS 2024 country value rebased to a synthetic Zijie 2024 regional value linearly back-extrapolated from Zijie 2025-2026; Zijie regional trajectory applied from 2025 onward,0.0,0.0,0.0,0.0,0.0,0.0,0.0,0.0,0.0,0.0,0.0,0.0,0.0,0.0,0.0,0.0,0.0,0.0,0.0,0.0,0.0,0.0,0.0,0.0,0.0,0.0,0.0,0.0,0.0,0.0,0.0,0.0
Morocco,MA,MAR,AFN,Rest of World,Primary aluminium ingot production,kt,0.0,False,,,,,OMNIA INF_Data,"British Geological Survey, World Mineral Production 2020-24, Production of primary aluminium",BGS 2024 country value rebased to a synthetic Zijie 2024 regional value linearly back-extrapolated from Zijie 2025-2026; Zijie regional trajectory applied from 2025 onward,0.0,0.0,0.0,0.0,0.0,0.0,0.0,0.0,0.0,0.0,0.0,0.0,0.0,0.0,0.0,0.0,0.0,0.0,0.0,0.0,0.0,0.0,0.0,0.0,0.0,0.0,0.0,0.0,0.0,0.0,0.0,0.0
Libya,LY,LBY,AFN,Rest of World,Primary aluminium ingot production,kt,0.0,False,,,,,OMNIA INF_Data,"British Geological Survey, World Mineral Production 2020-24, Production of primary aluminium",BGS 2024 country value rebased to a synthetic Zijie 2024 regional value linearly back-extrapolated from Zijie 2025-2026; Zijie regional trajectory applied from 2025 onward,0.0,0.0,0.0,0.0,0.0,0.0,0.0,0.0,0.0,0.0,0.0,0.0,0.0,0.0,0.0,0.0,0.0,0.0,0.0,0.0,0.0,0.0,0.0,0.0,0.0,0.0,0.0,0.0,0.0,0.0,0.0,0.0
Tunisia,TN,TUN,AFN,Rest of World,Primary aluminium ingot production,kt,0.0,False,,,,,OMNIA INF_Data,"British Geological Survey, World Mineral Production 2020-24, Production of primary aluminium",BGS 2024 country value rebased to a synthetic Zijie 2024 regional value linearly back-extrapolated from Zijie 2025-2026; Zijie regional trajectory applied from 2025 onward,0.0,0.0,0.0,0.0,0.0,0.0,0.0,0.0,0.0,0.0,0.0,0.0,0.0,0.0,0.0,0.0,0.0,0.0,0.0,0.0,0.0,0.0,0.0,0.0,0.0,0.0,0.0,0.0,0.0,0.0,0.0,0.0
Democratic Republic of the Congo,CD,COD,AFW,Rest of World,Primary aluminium ingot production,kt,0.0,False,,,,,OMNIA INF_Data,"British Geological Survey, World Mineral Production 2020-24, Production of primary aluminium",BGS 2024 country value rebased to a synthetic Zijie 2024 regional value linearly back-extrapolated from Zijie 2025-2026; Zijie regional trajectory applied from 2025 onward,0.0,0.0,0.0,0.0,0.0,0.0,0.0,0.0,0.0,0.0,0.0,0.0,0.0,0.0,0.0,0.0,0.0,0.0,0.0,0.0,0.0,0.0,0.0,0.0,0.0,0.0,0.0,0.0,0.0,0.0,0.0,0.0
Cote d'Ivoire,CI,CIV,AFW,Rest of World,Primary aluminium ingot production,kt,0.0,False,,,,,OMNIA INF_Data,"British Geological Survey, World Mineral Production 2020-24, Production of primary aluminium",BGS 2024 country value rebased to a synthetic Zijie 2024 regional value linearly back-extrapolated from Zijie 2025-2026; Zijie regional trajectory applied from 2025 onward,0.0,0.0,0.0,0.0,0.0,0.0,0.0,0.0,0.0,0.0,0.0,0.0,0.0,0.0,0.0,0.0,0.0,0.0,0.0,0.0,0.0,0.0,0.0,0.0,0.0,0.0,0.0,0.0,0.0,0.0,0.0,0.0
Ghana,GH,GHA,AFW,Rest of World,Primary aluminium ingot production,kt,42.0,True,Ghana,,Exports,1.190142174703103,OMNIA INF_Data,"British Geological Survey, World Mineral Production 2020-24, Production of primary aluminium",BGS 2024 country value rebased to a synthetic Zijie 2024 regional value linearly back-extrapolated from Zijie 2025-2026; Zijie regional trajectory applied from 2025 onward,42.0,37.566,39.239,55.592,48.314,35.084,37.79837172045506,40.51274344091012,43.265422922455656,46.060478863105736,48.95913075011357,51.95973495316799,55.06506117541075,58.27144799867311,61.56315209728946,64.90505208335874,68.24954083123275,71.56678133391662,74.83188932387021,78.05013747918609,81.27776722180892,84.55057723239925,87.85188330218685,91.21012385318818,94.66580149530151,98.17238712347601,101.67306236219937,105.16616700298253,108.61529135056624,112.00431224739997,115.33618364378033,118.53340957377824
Cameroon,CM,CMR,AFW,Other main producer,Primary aluminium ingot production,kt,70.0,True,Cameroon,,,0.24390918906593345,OMNIA INF_Data,"British Geological Survey, World Mineral Production 2020-24, Production of primary aluminium",BGS 2024 country value rebased to a synthetic Zijie 2024 regional value linearly back-extrapolated from Zijie 2025-2026; Zijie regional trajectory applied from 2025 onward,70.0,61.7,47.3,62.8,62.2,28.6,27.381350498275914,26.162700996551823,25.783308546294563,25.31508403613599,24.93205739185181,24.621348272271494,24.3921986063144,24.264606967601452,24.21398993556977,24.232872941590436,24.313662568705,24.42874643483598,24.5593944435478,24.71572011170946,24.89983107301831,25.110354939279816,25.34820005681811,25.587334198486467,25.82676475903558,26.08258821376027,26.354064750997434,26.637654161928957,26.90859500733468,27.157663793955454,27.393990095334356,27.65316862147099
Gabon,GA,GAB,AFW,Rest of World,Primary aluminium ingot production,kt,0.0,False,,,,,OMNIA INF_Data,"British Geological Survey, World Mineral Production 2020-24, Production of primary aluminium",BGS 2024 country value rebased to a synthetic Zijie 2024 regional value linearly back-extrapolated from Zijie 2025-2026; Zijie regional trajectory applied from 2025 onward,0.0,0.0,0.0,0.0,0.0,0.0,0.0,0.0,0.0,0.0,0.0,0.0,0.0,0.0,0.0,0.0,0.0,0.0,0.0,0.0,0.0,0.0,0.0,0.0,0.0,0.0,0.0,0.0,0.0,0.0,0.0,0.0
Benin,BJ,BEN,AFW,Rest of World,Primary aluminium ingot production,kt,0.0,False,,,,,OMNIA INF_Data,"British Geological Survey, World Mineral Production 2020-24, Production of primary aluminium",BGS 2024 country value rebased to a synthetic Zijie 2024 regional value linearly back-extrapolated from Zijie 2025-2026; Zijie regional trajectory applied from 2025 onward,0.0,0.0,0.0,0.0,0.0,0.0,0.0,0.0,0.0,0.0,0.0,0.0,0.0,0.0,0.0,0.0,0.0,0.0,0.0,0.0,0.0,0.0,0.0,0.0,0.0,0.0,0.0,0.0,0.0,0.0,0.0,0.0
Senegal,SN,SEN,AFW,Rest of World,Primary aluminium ingot production,kt,0.0,False,,,,,OMNIA INF_Data,"British Geological Survey, World Mineral Production 2020-24, Production of primary aluminium",BGS 2024 country value rebased to a synthetic Zijie 2024 regional value linearly back-extrapolated from Zijie 2025-2026; Zijie regional trajectory applied from 2025 onward,0.0,0.0,0.0,0.0,0.0,0.0,0.0,0.0,0.0,0.0,0.0,0.0,0.0,0.0,0.0,0.0,0.0,0.0,0.0,0.0,0.0,0.0,0.0,0.0,0.0,0.0,0.0,0.0,0.0,0.0,0.0,0.0
Togo,TG,TGO,AFW,Rest of World,Primary aluminium ingot production,kt,0.0,False,,,,,OMNIA INF_Data,"British Geological Survey, World Mineral Production 2020-24, Production of primary aluminium",BGS 2024 country value rebased to a synthetic Zijie 2024 regional value linearly back-extrapolated from Zijie 2025-2026; Zijie regional trajectory applied from 2025 onward,0.0,0.0,0.0,0.0,0.0,0.0,0.0,0.0,0.0,0.0,0.0,0.0,0.0,0.0,0.0,0.0,0.0,0.0,0.0,0.0,0.0,0.0,0.0,0.0,0.0,0.0,0.0,0.0,0.0,0.0,0.0,0.0
Niger,NE,NER,AFW,Rest of World,Primary aluminium ingot production,kt,0.0,False,,,,,OMNIA INF_Data,"British Geological Survey, World Mineral Production 2020-24, Production of primary aluminium",BGS 2024 country value rebased to a synthetic Zijie 2024 regional value linearly back-extrapolated from Zijie 2025-2026; Zijie regional trajectory applied from 2025 onward,0.0,0.0,0.0,0.0,0.0,0.0,0.0,0.0,0.0,0.0,0.0,0.0,0.0,0.0,0.0,0.0,0.0,0.0,0.0,0.0,0.0,0.0,0.0,0.0,0.0,0.0,0.0,0.0,0.0,0.0,0.0,0.0
Congo,CG,COG,AFW,Rest of World,Primary aluminium ingot production,kt,0.0,False,,,,,OMNIA INF_Data,"British Geological Survey, World Mineral Production 2020-24, Production of primary aluminium",BGS 2024 country value rebased to a synthetic Zijie 2024 regional value linearly back-extrapolated from Zijie 2025-2026; Zijie regional trajectory applied from 2025 onward,0.0,0.0,0.0,0.0,0.0,0.0,0.0,0.0,0.0,0.0,0.0,0.0,0.0,0.0,0.0,0.0,0.0,0.0,0.0,0.0,0.0,0.0,0.0,0.0,0.0,0.0,0.0,0.0,0.0,0.0,0.0,0.0
Burkina Faso,BF,BFA,AFW,Rest of World,Primary aluminium ingot production,kt,0.0,False,,,,,OMNIA INF_Data,"British Geological Survey, World Mineral Production 2020-24, Production of primary aluminium",BGS 2024 country value rebased to a synthetic Zijie 2024 regional value linearly back-extrapolated from Zijie 2025-2026; Zijie regional trajectory applied from 2025 onward,0.0,0.0,0.0,0.0,0.0,0.0,0.0,0.0,0.0,0.0,0.0,0.0,0.0,0.0,0.0,0.0,0.0,0.0,0.0,0.0,0.0,0.0,0.0,0.0,0.0,0.0,0.0,0.0,0.0,0.0,0.0,0.0
Cabo Verde,CV,CPV,AFW,Rest of World,Primary aluminium ingot production,kt,0.0,False,,,,,OMNIA INF_Data,"British Geological Survey, World Mineral Production 2020-24, Production of primary aluminium",BGS 2024 country value rebased to a synthetic Zijie 2024 regional value linearly back-extrapolated from Zijie 2025-2026; Zijie regional trajectory applied from 2025 onward,0.0,0.0,0.0,0.0,0.0,0.0,0.0,0.0,0.0,0.0,0.0,0.0,0.0,0.0,0.0,0.0,0.0,0.0,0.0,0.0,0.0,0.0,0.0,0.0,0.0,0.0,0.0,0.0,0.0,0.0,0.0,0.0
Central African Republic,CF,CAF,AFW,Rest of World,Primary aluminium ingot production,kt,0.0,False,,,,,OMNIA INF_Data,"British Geological Survey, World Mineral Production 2020-24, Production of primary aluminium",BGS 2024 country value rebased to a synthetic Zijie 2024 regional value linearly back-extrapolated from Zijie 2025-2026; Zijie regional trajectory applied from 2025 onward,0.0,0.0,0.0,0.0,0.0,0.0,0.0,0.0,0.0,0.0,0.0,0.0,0.0,0.0,0.0,0.0,0.0,0.0,0.0,0.0,0.0,0.0,0.0,0.0,0.0,0.0,0.0,0.0,0.0,0.0,0.0,0.0
Chad,TD,TCD,AFW,Rest of World,Primary aluminium ingot production,kt,0.0,False,,,,,OMNIA INF_Data,"British Geological Survey, World Mineral Production 2020-24, Production of primary aluminium",BGS 2024 country value rebased to a synthetic Zijie 2024 regional value linearly back-extrapolated from Zijie 2025-2026; Zijie regional trajectory applied from 2025 onward,0.0,0.0,0.0,0.0,0.0,0.0,0.0,0.0,0.0,0.0,0.0,0.0,0.0,0.0,0.0,0.0,0.0,0.0,0.0,0.0,0.0,0.0,0.0,0.0,0.0,0.0,0.0,0.0,0.0,0.0,0.0,0.0
Equatorial Guinea,GQ,GNQ,AFW,Rest of World,Primary aluminium ingot production,kt,0.0,False,,,,,OMNIA INF_Data,"British Geological Survey, World Mineral Production 2020-24, Production of primary aluminium",BGS 2024 country value rebased to a synthetic Zijie 2024 regional value linearly back-extrapolated from Zijie 2025-2026; Zijie regional trajectory applied from 2025 onward,0.0,0.0,0.0,0.0,0.0,0.0,0.0,0.0,0.0,0.0,0.0,0.0,0.0,0.0,0.0,0.0,0.0,0.0,0.0,0.0,0.0,0.0,0.0,0.0,0.0,0.0,0.0,0.0,0.0,0.0,0.0,0.0
Gambia,GM,GMB,AFW,Rest of World,Primary aluminium ingot production,kt,0.0,False,,,,,OMNIA INF_Data,"British Geological Survey, World Mineral Production 2020-24, Production of primary aluminium",BGS 2024 country value rebased to a synthetic Zijie 2024 regional value linearly back-extrapolated from Zijie 2025-2026; Zijie regional trajectory applied from 2025 onward,0.0,0.0,0.0,0.0,0.0,0.0,0.0,0.0,0.0,0.0,0.0,0.0,0.0,0.0,0.0,0.0,0.0,0.0,0.0,0.0,0.0,0.0,0.0,0.0,0.0,0.0,0.0,0.0,0.0,0.0,0.0,0.0
Guinea,GN,GIN,AFW,Other main producer,Primary aluminium ingot production,kt,0.0,False,,,,,OMNIA INF_Data,"British Geological Survey, World Mineral Production 2020-24, Production of primary aluminium",BGS 2024 country value rebased to a synthetic Zijie 2024 regional value linearly back-extrapolated from Zijie 2025-2026; Zijie regional trajectory applied from 2025 onward,0.0,0.0,0.0,0.0,0.0,0.0,0.0,0.0,0.0,0.0,0.0,0.0,0.0,0.0,0.0,0.0,0.0,0.0,0.0,0.0,0.0,0.0,0.0,0.0,0.0,0.0,0.0,0.0,0.0,0.0,0.0,0.0
Guinea-Bissau,GW,GNB,AFW,Rest of World,Primary aluminium ingot production,kt,0.0,False,,,,,OMNIA INF_Data,"British Geological Survey, World Mineral Production 2020-24, Production of primary aluminium",BGS 2024 country value rebased to a synthetic Zijie 2024 regional value linearly back-extrapolated from Zijie 2025-2026; Zijie regional trajectory applied from 2025 onward,0.0,0.0,0.0,0.0,0.0,0.0,0.0,0.0,0.0,0.0,0.0,0.0,0.0,0.0,0.0,0.0,0.0,0.0,0.0,0.0,0.0,0.0,0.0,0.0,0.0,0.0,0.0,0.0,0.0,0.0,0.0,0.0
Liberia,LR,LBR,AFW,Rest of World,Primary aluminium ingot production,kt,0.0,False,,,,,OMNIA INF_Data,"British Geological Survey, World Mineral Production 2020-24, Production of primary aluminium",BGS 2024 country value rebased to a synthetic Zijie 2024 regional value linearly back-extrapolated from Zijie 2025-2026; Zijie regional trajectory applied from 2025 onward,0.0,0.0,0.0,0.0,0.0,0.0,0.0,0.0,0.0,0.0,0.0,0.0,0.0,0.0,0.0,0.0,0.0,0.0,0.0,0.0,0.0,0.0,0.0,0.0,0.0,0.0,0.0,0.0,0.0,0.0,0.0,0.0
Malawi,MW,MWI,AFW,Rest of World,Primary aluminium ingot production,kt,0.0,False,,,,,OMNIA INF_Data,"British Geological Survey, World Mineral Production 2020-24, Production of primary aluminium",BGS 2024 country value rebased to a synthetic Zijie 2024 regional value linearly back-extrapolated from Zijie 2025-2026; Zijie regional trajectory applied from 2025 onward,0.0,0.0,0.0,0.0,0.0,0.0,0.0,0.0,0.0,0.0,0.0,0.0,0.0,0.0,0.0,0.0,0.0,0.0,0.0,0.0,0.0,0.0,0.0,0.0,0.0,0.0,0.0,0.0,0.0,0.0,0.0,0.0
Mali,ML,MLI,AFW,Rest of World,Primary aluminium ingot production,kt,0.0,False,,,,,OMNIA INF_Data,"British Geological Survey, World Mineral Production 2020-24, Production of primary aluminium",BGS 2024 country value rebased to a synthetic Zijie 2024 regional value linearly back-extrapolated from Zijie 2025-2026; Zijie regional trajectory applied from 2025 onward,0.0,0.0,0.0,0.0,0.0,0.0,0.0,0.0,0.0,0.0,0.0,0.0,0.0,0.0,0.0,0.0,0.0,0.0,0.0,0.0,0.0,0.0,0.0,0.0,0.0,0.0,0.0,0.0,0.0,0.0,0.0,0.0
Mauritania,MR,MRT,AFW,Rest of World,Primary aluminium ingot production,kt,0.0,False,,,,,OMNIA INF_Data,"British Geological Survey, World Mineral Production 2020-24, Production of primary aluminium",BGS 2024 country value rebased to a synthetic Zijie 2024 regional value linearly back-extrapolated from Zijie 2025-2026; Zijie regional trajectory applied from 2025 onward,0.0,0.0,0.0,0.0,0.0,0.0,0.0,0.0,0.0,0.0,0.0,0.0,0.0,0.0,0.0,0.0,0.0,0.0,0.0,0.0,0.0,0.0,0.0,0.0,0.0,0.0,0.0,0.0,0.0,0.0,0.0,0.0
Sao Tome and Principe,ST,STP,AFW,Rest of World,Primary aluminium ingot production,kt,0.0,False,,,,,OMNIA INF_Data,"British Geological Survey, World Mineral Production 2020-24, Production of primary aluminium",BGS 2024 country value rebased to a synthetic Zijie 2024 regional value linearly back-extrapolated from Zijie 2025-2026; Zijie regional trajectory applied from 2025 onward,0.0,0.0,0.0,0.0,0.0,0.0,0.0,0.0,0.0,0.0,0.0,0.0,0.0,0.0,0.0,0.0,0.0,0.0,0.0,0.0,0.0,0.0,0.0,0.0,0.0,0.0,0.0,0.0,0.0,0.0,0.0,0.0
Sierra Leone,SL,SLE,AFW,Other main producer,Primary aluminium ingot production,kt,0.0,False,,,,,OMNIA INF_Data,"British Geological Survey, World Mineral Production 2020-24, Production of primary aluminium",BGS 2024 country value rebased to a synthetic Zijie 2024 regional value linearly back-extrapolated from Zijie 2025-2026; Zijie regional trajectory applied from 2025 onward,0.0,0.0,0.0,0.0,0.0,0.0,0.0,0.0,0.0,0.0,0.0,0.0,0.0,0.0,0.0,0.0,0.0,0.0,0.0,0.0,0.0,0.0,0.0,0.0,0.0,0.0,0.0,0.0,0.0,0.0,0.0,0.0
Angola,AO,AGO,AFZ,Rest of World,Primary aluminium ingot production,kt,0.0,False,,,,,OMNIA INF_Data,"British Geological Survey, World Mineral Production 2020-24, Production of primary aluminium",BGS 2024 country value rebased to a synthetic Zijie 2024 regional value linearly back-extrapolated from Zijie 2025-2026; Zijie regional trajectory applied from 2025 onward,0.0,0.0,0.0,0.0,0.0,0.0,0.0,0.0,0.0,0.0,0.0,0.0,0.0,0.0,0.0,0.0,0.0,0.0,0.0,0.0,0.0,0.0,0.0,0.0,0.0,0.0,0.0,0.0,0.0,0.0,0.0,0.0
Mozambique,MZ,MOZ,AFZ,Rest of World,Primary aluminium ingot production,kt,565.0,True,Mozambique,,Years ended 30 June of the stated year,1.2430286032730973,OMNIA INF_Data,"British Geological Survey, World Mineral Production 2020-24, Production of primary aluminium",BGS 2024 country value rebased to a synthetic Zijie 2024 regional value linearly back-extrapolated from Zijie 2025-2026; Zijie regional trajectory applied from 2025 onward,565.0,569.002,562.633,576.22,541.601,492.936,531.0733714056046,569.2107428112093,607.8863445930793,647.1573426309396,687.8838808413516,730.0428659467225,773.6732127340745,818.7234776728402,864.97246443477,911.9267117136735,958.9173315239011,1005.5251089845947,1051.4004160230102,1096.6173346380135,1141.9660661056207,1187.9495878072612,1234.3334838515214,1281.5173187691016,1330.0701609248642,1379.3382687007686,1428.5233345277934,1477.602032202206,1526.0627994864528,1573.679103351509,1620.4924472873815,1665.4140001613255
Zimbabwe,ZW,ZWE,AFZ,Other main producer,Primary aluminium ingot production,kt,0.0,False,,,,,OMNIA INF_Data,"British Geological Survey, World Mineral Production 2020-24, Production of primary aluminium",BGS 2024 country value rebased to a synthetic Zijie 2024 regional value linearly back-extrapolated from Zijie 2025-2026; Zijie regional trajectory applied from 2025 onward,0.0,0.0,0.0,0.0,0.0,0.0,0.0,0.0,0.0,0.0,0.0,0.0,0.0,0.0,0.0,0.0,0.0,0.0,0.0,0.0,0.0,0.0,0.0,0.0,0.0,0.0,0.0,0.0,0.0,0.0,0.0,0.0
Zambia,ZM,ZMB,AFZ,Rest of World,Primary aluminium ingot production,kt,0.0,False,,,,,OMNIA INF_Data,"British Geological Survey, World Mineral Production 2020-24, Production of primary aluminium",BGS 2024 country value rebased to a synthetic Zijie 2024 regional value linearly back-extrapolated from Zijie 2025-2026; Zijie regional trajectory applied from 2025 onward,0.0,0.0,0.0,0.0,0.0,0.0,0.0,0.0,0.0,0.0,0.0,0.0,0.0,0.0,0.0,0.0,0.0,0.0,0.0,0.0,0.0,0.0,0.0,0.0,0.0,0.0,0.0,0.0,0.0,0.0,0.0,0.0
Botswana,BW,BWA,AFZ,Rest of World,Primary aluminium ingot production,kt,0.0,False,,,,,OMNIA INF_Data,"British Geological Survey, World Mineral Production 2020-24, Production of primary aluminium",BGS 2024 country value rebased to a synthetic Zijie 2024 regional value linearly back-extrapolated from Zijie 2025-2026; Zijie regional trajectory applied from 2025 onward,0.0,0.0,0.0,0.0,0.0,0.0,0.0,0.0,0.0,0.0,0.0,0.0,0.0,0.0,0.0,0.0,0.0,0.0,0.0,0.0,0.0,0.0,0.0,0.0,0.0,0.0,0.0,0.0,0.0,0.0,0.0,0.0
Namibia,,NAM,AFZ,Rest of World,Primary aluminium ingot production,kt,0.0,False,,,,,OMNIA INF_Data,"British Geological Survey, World Mineral Production 2020-24, Production of primary aluminium",BGS 2024 country value rebased to a synthetic Zijie 2024 regional value linearly back-extrapolated from Zijie 2025-2026; Zijie regional trajectory applied from 2025 onward,0.0,0.0,0.0,0.0,0.0,0.0,0.0,0.0,0.0,0.0,0.0,0.0,0.0,0.0,0.0,0.0,0.0,0.0,0.0,0.0,0.0,0.0,0.0,0.0,0.0,0.0,0.0,0.0,0.0,0.0,0.0,0.0
South Africa,ZA,ZAF,AFZ,Other main producer,Primary aluminium ingot production,kt,717.0,True,South Africa,,,0.6019761856719866,OMNIA INF_Data,"British Geological Survey, World Mineral Production 2020-24, Production of primary aluminium",BGS 2024 country value rebased to a synthetic Zijie 2024 regional value linearly back-extrapolated from Zijie 2025-2026; Zijie regional trajectory applied from 2025 onward,717.0,717.0,714.0,718.0,720.0,723.0,692.1928814773945,661.3857629547891,651.7948279360478,639.9582432911301,630.2754368639461,622.4207972325976,616.6279577750108,613.4024768383164,612.1228924271659,612.6002495374086,614.6425887123676,617.5518766568675,620.8546217722047,624.8064909358719,629.4607645381901,634.7827489894862,640.7954070307516,646.8406512414585,652.8933888385567,659.3605342149887,666.2233851388512,673.3924461214907,680.2417549056983,686.5381441618808,692.5124069554804,699.0643675987246
Eswatini,SZ,SWZ,AFZ,Rest of World,Primary aluminium ingot production,kt,0.0,False,,,,,OMNIA INF_Data,"British Geological Survey, World Mineral Production 2020-24, Production of primary aluminium",BGS 2024 country value rebased to a synthetic Zijie 2024 regional value linearly back-extrapolated from Zijie 2025-2026; Zijie regional trajectory applied from 2025 onward,0.0,0.0,0.0,0.0,0.0,0.0,0.0,0.0,0.0,0.0,0.0,0.0,0.0,0.0,0.0,0.0,0.0,0.0,0.0,0.0,0.0,0.0,0.0,0.0,0.0,0.0,0.0,0.0,0.0,0.0,0.0,0.0
Lesotho,LS,LSO,AFZ,Rest of World,Primary aluminium ingot production,kt,0.0,False,,,,,OMNIA INF_Data,"British Geological Survey, World Mineral Production 2020-24, Production of primary aluminium",BGS 2024 country value rebased to a synthetic Zijie 2024 regional value linearly back-extrapolated from Zijie 2025-2026; Zijie regional trajectory applied from 2025 onward,0.0,0.0,0.0,0.0,0.0,0.0,0.0,0.0,0.0,0.0,0.0,0.0,0.0,0.0,0.0,0.0,0.0,0.0,0.0,0.0,0.0,0.0,0.0,0.0,0.0,0.0,0.0,0.0,0.0,0.0,0.0,0.0
Nigeria,NG,NGA,NIG,Rest of World,Primary aluminium ingot production,kt,0.0,False,,,,,OMNIA INF_Data,"British Geological Survey, World Mineral Production 2020-24, Production of primary aluminium",BGS 2024 country value rebased to a synthetic Zijie 2024 regional value linearly back-extrapolated from Zijie 2025-2026; Zijie regional trajectory applied from 2025 onward,0.0,0.0,0.0,0.0,0.0,0.0,0.0,0.0,0.0,0.0,0.0,0.0,0.0,0.0,0.0,0.0,0.0,0.0,0.0,0.0,0.0,0.0,0.0,0.0,0.0,0.0,0.0,0.0,0.0,0.0,0.0,0.0
Russian Federation,RU,RUS,RUS,Other main producer,Primary aluminium ingot production,kt,3637.0,True,Russia,,,0.686437335073683,OMNIA INF_Data,"British Geological Survey, World Mineral Production 2020-24, Production of primary aluminium",BGS 2024 country value rebased to a synthetic Zijie 2024 regional value linearly back-extrapolated from Zijie 2025-2026; Zijie regional trajectory applied from 2025 onward,3637.0,3936.0,3937.0,4014.0,4026.0,4182.0,4003.8044679646805,3825.608935929361,3770.1327391819527,3701.6671831860385,3645.6595808644847,3600.226520092286,3566.719390615623,3548.062459388436,3540.6610458235236,3543.4221902703216,3555.2355546267236,3572.0635521148274,3591.167397304786,3614.0259268240893,3640.947326830859,3671.7309215408454,3706.509532783683,3741.476630002461,3776.4870707093282,3813.894542305785,3853.590866736757,3895.058381300241,3934.676374848728,3971.0961533678915,4005.652677576513,4043.550740384324
Kazakhstan,KZ,KAZ,ASC,Other main producer,Primary aluminium ingot production,kt,260.0,True,Kazakhstan,,,0.6073128880521462,OMNIA INF_Data,"British Geological Survey, World Mineral Production 2020-24, Production of primary aluminium",BGS 2024 country value rebased to a synthetic Zijie 2024 regional value linearly back-extrapolated from Zijie 2025-2026; Zijie regional trajectory applied from 2025 onward,260.0,264.6,262.361,249.141,260.877,264.5,253.22962261517407,241.95924523034816,238.4505283389829,234.12027019433458,230.5779433617064,227.70442720335,225.585193404551,224.40519380876165,223.93707475378335,224.11170954722624,224.85887235742908,225.9231969235705,227.13146259854517,228.57720173241788,230.27990625221477,232.22688396641644,234.42653549050314,236.6381082342542,238.85242233443742,241.21834204683887,243.72902540695176,246.35173167238491,248.85746081958118,251.1609116608817,253.34651679076703,255.74346504821943
Uzbekistan,UZ,UZB,ASC,Rest of World,Primary aluminium ingot production,kt,0.0,False,,,,,OMNIA INF_Data,"British Geological Survey, World Mineral Production 2020-24, Production of primary aluminium",BGS 2024 country value rebased to a synthetic Zijie 2024 regional value linearly back-extrapolated from Zijie 2025-2026; Zijie regional trajectory applied from 2025 onward,0.0,0.0,0.0,0.0,0.0,0.0,0.0,0.0,0.0,0.0,0.0,0.0,0.0,0.0,0.0,0.0,0.0,0.0,0.0,0.0,0.0,0.0,0.0,0.0,0.0,0.0,0.0,0.0,0.0,0.0,0.0,0.0
Turkmenistan,TM,TKM,ASC,Rest of World,Primary aluminium ingot production,kt,0.0,False,,,,,OMNIA INF_Data,"British Geological Survey, World Mineral Production 2020-24, Production of primary aluminium",BGS 2024 country value rebased to a synthetic Zijie 2024 regional value linearly back-extrapolated from Zijie 2025-2026; Zijie regional trajectory applied from 2025 onward,0.0,0.0,0.0,0.0,0.0,0.0,0.0,0.0,0.0,0.0,0.0,0.0,0.0,0.0,0.0,0.0,0.0,0.0,0.0,0.0,0.0,0.0,0.0,0.0,0.0,0.0,0.0,0.0,0.0,0.0,0.0,0.0
Azerbaijan,AZ,AZE,ASC,Other main producer,Primary aluminium ingot production,kt,50.0,True,Azerbaijan,,,0.19407837117389676,OMNIA INF_Data,"British Geological Survey, World Mineral Production 2020-24, Production of primary aluminium",BGS 2024 country value rebased to a synthetic Zijie 2024 regional value linearly back-extrapolated from Zijie 2025-2026; Zijie regional trajectory applied from 2025 onward,50.0,31.492,24.9,33.529,28.23,16.255,15.56237245977185,14.869744919543702,14.654114700000632,14.387996189069597,14.17030045120808,13.993706858943115,13.863468123973446,13.79095056847418,13.762182042051977,13.772914323970367,13.818831645255235,13.884240325113945,13.958494988806622,14.047343720833469,14.151984408808131,14.271637046782983,14.406817899425816,14.542731377496414,14.678813327207108,14.824212287226334,14.978507780680532,15.139687706369061,15.293678735812067,15.435238635340763,15.569556258729367,15.716862095874506
Mongolia,MN,MNG,ASC,Rest of World,Primary aluminium ingot production,kt,0.0,False,,,,,OMNIA INF_Data,"British Geological Survey, World Mineral Production 2020-24, Production of primary aluminium",BGS 2024 country value rebased to a synthetic Zijie 2024 regional value linearly back-extrapolated from Zijie 2025-2026; Zijie regional trajectory applied from 2025 onward,0.0,0.0,0.0,0.0,0.0,0.0,0.0,0.0,0.0,0.0,0.0,0.0,0.0,0.0,0.0,0.0,0.0,0.0,0.0,0.0,0.0,0.0,0.0,0.0,0.0,0.0,0.0,0.0,0.0,0.0,0.0,0.0
Georgia,GE,GEO,ASC,Rest of World,Primary aluminium ingot production,kt,0.0,False,,,,,OMNIA INF_Data,"British Geological Survey, World Mineral Production 2020-24, Production of primary aluminium",BGS 2024 country value rebased to a synthetic Zijie 2024 regional value linearly back-extrapolated from Zijie 2025-2026; Zijie regional trajectory applied from 2025 onward,0.0,0.0,0.0,0.0,0.0,0.0,0.0,0.0,0.0,0.0,0.0,0.0,0.0,0.0,0.0,0.0,0.0,0.0,0.0,0.0,0.0,0.0,0.0,0.0,0.0,0.0,0.0,0.0,0.0,0.0,0.0,0.0
Kyrgyzstan,KG,KGZ,ASC,Rest of World,Primary aluminium ingot production,kt,0.0,False,,,,,OMNIA INF_Data,"British Geological Survey, World Mineral Production 2020-24, Production of primary aluminium",BGS 2024 country value rebased to a synthetic Zijie 2024 regional value linearly back-extrapolated from Zijie 2025-2026; Zijie regional trajectory applied from 2025 onward,0.0,0.0,0.0,0.0,0.0,0.0,0.0,0.0,0.0,0.0,0.0,0.0,0.0,0.0,0.0,0.0,0.0,0.0,0.0,0.0,0.0,0.0,0.0,0.0,0.0,0.0,0.0,0.0,0.0,0.0,0.0,0.0
Armenia,AM,ARM,ASC,Rest of World,Primary aluminium ingot production,kt,0.0,False,,,,,OMNIA INF_Data,"British Geological Survey, World Mineral Production 2020-24, Production of primary aluminium",BGS 2024 country value rebased to a synthetic Zijie 2024 regional value linearly back-extrapolated from Zijie 2025-2026; Zijie regional trajectory applied from 2025 onward,0.0,0.0,0.0,0.0,0.0,0.0,0.0,0.0,0.0,0.0,0.0,0.0,0.0,0.0,0.0,0.0,0.0,0.0,0.0,0.0,0.0,0.0,0.0,0.0,0.0,0.0,0.0,0.0,0.0,0.0,0.0,0.0
Tajikistan,TJ,TJK,ASC,Rest of World,Primary aluminium ingot production,kt,100.0,True,Tajikistan,2022,,1.171145491946469,OMNIA INF_Data,"British Geological Survey, World Mineral Production 2020-24, Production of primary aluminium",BGS 2024 country value rebased to a synthetic Zijie 2024 regional value linearly back-extrapolated from Zijie 2025-2026; Zijie regional trajectory applied from 2025 onward,100.0,84.0,61.0,62.0,66.649,82.2,88.55963275058161,94.91926550116325,101.36865135748074,107.91732306884309,114.70871473205266,121.73897540617969,129.0145943626372,136.5269930877588,144.23928578261297,152.06918484927854,159.9051492511496,167.67727242184318,175.32725180772238,182.86744102123748,190.4296108092775,198.09763563171867,205.83242524910952,213.70060941546197,221.79708365391014,230.0128326744307,238.21473395772398,246.39889772104559,254.48001792887197,262.42031885578257,270.2267214547584,277.71765668009834
Afghanistan,AF,AFG,ASC,Rest of World,Primary aluminium ingot production,kt,0.0,False,,,,,OMNIA INF_Data,"British Geological Survey, World Mineral Production 2020-24, Production of primary aluminium",BGS 2024 country value rebased to a synthetic Zijie 2024 regional value linearly back-extrapolated from Zijie 2025-2026; Zijie regional trajectory applied from 2025 onward,0.0,0.0,0.0,0.0,0.0,0.0,0.0,0.0,0.0,0.0,0.0,0.0,0.0,0.0,0.0,0.0,0.0,0.0,0.0,0.0,0.0,0.0,0.0,0.0,0.0,0.0,0.0,0.0,0.0,0.0,0.0,0.0
Thailand,TH,THA,ASE,Other Asia,Primary aluminium ingot production,kt,0.0,False,,,,,OMNIA INF_Data,"British Geological Survey, World Mineral Production 2020-24, Production of primary aluminium",BGS 2024 country value rebased to a synthetic Zijie 2024 regional value linearly back-extrapolated from Zijie 2025-2026; Zijie regional trajectory applied from 2025 onward,0.0,0.0,0.0,0.0,0.0,0.0,0.0,0.0,0.0,0.0,0.0,0.0,0.0,0.0,0.0,0.0,0.0,0.0,0.0,0.0,0.0,0.0,0.0,0.0,0.0,0.0,0.0,0.0,0.0,0.0,0.0,0.0
Malaysia,MY,MYS,ASE,Other Asia,Primary aluminium ingot production,kt,760.0,True,Malaysia,2020;2023;2024,,1.1379911144809571,OMNIA INF_Data,"British Geological Survey, World Mineral Production 2020-24, Production of primary aluminium",BGS 2024 country value rebased to a synthetic Zijie 2024 regional value linearly back-extrapolated from Zijie 2025-2026; Zijie regional trajectory applied from 2025 onward,760.0,800.0,901.0,928.0,1000.0,1000.0,1063.0016003289293,1126.0032006578585,1182.4824791395085,1239.9559996031815,1297.3361282938124,1354.9971137240984,1411.9037279137278,1467.0000171343515,1520.2211659505285,1571.2138293946898,1619.577424763489,1665.154321848213,1707.1415843961984,1745.512934343581,1780.4547935481198,1810.997492167409,1837.7284746527714,1859.931073084722,1876.5708336752782,1888.4609865308012,1895.6052801656406,1897.1533185926396,1892.510629377508,1882.8307942752433,1869.1927670699104,1851.84877954587
Singapore,SG,SGP,ASE,Other Asia,Primary aluminium ingot production,kt,0.0,False,,,,,OMNIA INF_Data,"British Geological Survey, World Mineral Production 2020-24, Production of primary aluminium",BGS 2024 country value rebased to a synthetic Zijie 2024 regional value linearly back-extrapolated from Zijie 2025-2026; Zijie regional trajectory applied from 2025 onward,0.0,0.0,0.0,0.0,0.0,0.0,0.0,0.0,0.0,0.0,0.0,0.0,0.0,0.0,0.0,0.0,0.0,0.0,0.0,0.0,0.0,0.0,0.0,0.0,0.0,0.0,0.0,0.0,0.0,0.0,0.0,0.0
Myanmar,MM,MMR,ASE,Rest of World,Primary aluminium ingot production,kt,0.0,False,,,,,OMNIA INF_Data,"British Geological Survey, World Mineral Production 2020-24, Production of primary aluminium",BGS 2024 country value rebased to a synthetic Zijie 2024 regional value linearly back-extrapolated from Zijie 2025-2026; Zijie regional trajectory applied from 2025 onward,0.0,0.0,0.0,0.0,0.0,0.0,0.0,0.0,0.0,0.0,0.0,0.0,0.0,0.0,0.0,0.0,0.0,0.0,0.0,0.0,0.0,0.0,0.0,0.0,0.0,0.0,0.0,0.0,0.0,0.0,0.0,0.0
Cambodia,KH,KHM,ASE,Rest of World,Primary aluminium ingot production,kt,0.0,False,,,,,OMNIA INF_Data,"British Geological Survey, World Mineral Production 2020-24, Production of primary aluminium",BGS 2024 country value rebased to a synthetic Zijie 2024 regional value linearly back-extrapolated from Zijie 2025-2026; Zijie regional trajectory applied from 2025 onward,0.0,0.0,0.0,0.0,0.0,0.0,0.0,0.0,0.0,0.0,0.0,0.0,0.0,0.0,0.0,0.0,0.0,0.0,0.0,0.0,0.0,0.0,0.0,0.0,0.0,0.0,0.0,0.0,0.0,0.0,0.0,0.0
Brunei Darussalam,BN,BRN,ASE,Rest of World,Primary aluminium ingot production,kt,0.0,False,,,,,OMNIA INF_Data,"British Geological Survey, World Mineral Production 2020-24, Production of primary aluminium",BGS 2024 country value rebased to a synthetic Zijie 2024 regional value linearly back-extrapolated from Zijie 2025-2026; Zijie regional trajectory applied from 2025 onward,0.0,0.0,0.0,0.0,0.0,0.0,0.0,0.0,0.0,0.0,0.0,0.0,0.0,0.0,0.0,0.0,0.0,0.0,0.0,0.0,0.0,0.0,0.0,0.0,0.0,0.0,0.0,0.0,0.0,0.0,0.0,0.0
Lao People's Democratic Republic,LA,LAO,ASE,Rest of World,Primary aluminium ingot production,kt,0.0,False,,,,,OMNIA INF_Data,"British Geological Survey, World Mineral Production 2020-24, Production of primary aluminium",BGS 2024 country value rebased to a synthetic Zijie 2024 regional value linearly back-extrapolated from Zijie 2025-2026; Zijie regional trajectory applied from 2025 onward,0.0,0.0,0.0,0.0,0.0,0.0,0.0,0.0,0.0,0.0,0.0,0.0,0.0,0.0,0.0,0.0,0.0,0.0,0.0,0.0,0.0,0.0,0.0,0.0,0.0,0.0,0.0,0.0,0.0,0.0,0.0,0.0
Democratic People's Republic of Korea,KP,PRK,ASE,Rest of World,Primary aluminium ingot production,kt,0.0,False,,,,,OMNIA INF_Data,"British Geological Survey, World Mineral Production 2020-24, Production of primary aluminium",BGS 2024 country value rebased to a synthetic Zijie 2024 regional value linearly back-extrapolated from Zijie 2025-2026; Zijie regional trajectory applied from 2025 onward,0.0,0.0,0.0,0.0,0.0,0.0,0.0,0.0,0.0,0.0,0.0,0.0,0.0,0.0,0.0,0.0,0.0,0.0,0.0,0.0,0.0,0.0,0.0,0.0,0.0,0.0,0.0,0.0,0.0,0.0,0.0,0.0
Cook Islands,CK,COK,ASE,Rest of World,Primary aluminium ingot production,kt,0.0,False,,,,,OMNIA INF_Data,"British Geological Survey, World Mineral Production 2020-24, Production of primary aluminium",BGS 2024 country value rebased to a synthetic Zijie 2024 regional value linearly back-extrapolated from Zijie 2025-2026; Zijie regional trajectory applied from 2025 onward,0.0,0.0,0.0,0.0,0.0,0.0,0.0,0.0,0.0,0.0,0.0,0.0,0.0,0.0,0.0,0.0,0.0,0.0,0.0,0.0,0.0,0.0,0.0,0.0,0.0,0.0,0.0,0.0,0.0,0.0,0.0,0.0
Timor-Leste,TL,TLS,ASE,Rest of World,Primary aluminium ingot production,kt,0.0,False,,,,,OMNIA INF_Data,"British Geological Survey, World Mineral Production 2020-24, Production of primary aluminium",BGS 2024 country value rebased to a synthetic Zijie 2024 regional value linearly back-extrapolated from Zijie 2025-2026; Zijie regional trajectory applied from 2025 onward,0.0,0.0,0.0,0.0,0.0,0.0,0.0,0.0,0.0,0.0,0.0,0.0,0.0,0.0,0.0,0.0,0.0,0.0,0.0,0.0,0.0,0.0,0.0,0.0,0.0,0.0,0.0,0.0,0.0,0.0,0.0,0.0
Fiji,FJ,FJI,ASE,Other main producer,Primary aluminium ingot production,kt,0.0,False,,,,,OMNIA INF_Data,"British Geological Survey, World Mineral Production 2020-24, Production of primary aluminium",BGS 2024 country value rebased to a synthetic Zijie 2024 regional value linearly back-extrapolated from Zijie 2025-2026; Zijie regional trajectory applied from 2025 onward,0.0,0.0,0.0,0.0,0.0,0.0,0.0,0.0,0.0,0.0,0.0,0.0,0.0,0.0,0.0,0.0,0.0,0.0,0.0,0.0,0.0,0.0,0.0,0.0,0.0,0.0,0.0,0.0,0.0,0.0,0.0,0.0
French Polynesia,PF,PYF,ASE,Rest of World,Primary aluminium ingot production,kt,0.0,False,,,,,OMNIA INF_Data,"British Geological Survey, World Mineral Production 2020-24, Production of primary aluminium",BGS 2024 country value rebased to a synthetic Zijie 2024 regional value linearly back-extrapolated from Zijie 2025-2026; Zijie regional trajectory applied from 2025 onward,0.0,0.0,0.0,0.0,0.0,0.0,0.0,0.0,0.0,0.0,0.0,0.0,0.0,0.0,0.0,0.0,0.0,0.0,0.0,0.0,0.0,0.0,0.0,0.0,0.0,0.0,0.0,0.0,0.0,0.0,0.0,0.0
Kiribati,KI,KIR,ASE,Rest of World,Primary aluminium ingot production,kt,0.0,False,,,,,OMNIA INF_Data,"British Geological Survey, World Mineral Production 2020-24, Production of primary aluminium",BGS 2024 country value rebased to a synthetic Zijie 2024 regional value linearly back-extrapolated from Zijie 2025-2026; Zijie regional trajectory applied from 2025 onward,0.0,0.0,0.0,0.0,0.0,0.0,0.0,0.0,0.0,0.0,0.0,0.0,0.0,0.0,0.0,0.0,0.0,0.0,0.0,0.0,0.0,0.0,0.0,0.0,0.0,0.0,0.0,0.0,0.0,0.0,0.0,0.0
New Caledonia,NC,NCL,ASE,Rest of World,Primary aluminium ingot production,kt,0.0,False,,,,,OMNIA INF_Data,"British Geological Survey, World Mineral Production 2020-24, Production of primary aluminium",BGS 2024 country value rebased to a synthetic Zijie 2024 regional value linearly back-extrapolated from Zijie 2025-2026; Zijie regional trajectory applied from 2025 onward,0.0,0.0,0.0,0.0,0.0,0.0,0.0,0.0,0.0,0.0,0.0,0.0,0.0,0.0,0.0,0.0,0.0,0.0,0.0,0.0,0.0,0.0,0.0,0.0,0.0,0.0,0.0,0.0,0.0,0.0,0.0,0.0
Palau,PW,PLW,ASE,Rest of World,Primary aluminium ingot production,kt,0.0,False,,,,,OMNIA INF_Data,"British Geological Survey, World Mineral Production 2020-24, Production of primary aluminium",BGS 2024 country value rebased to a synthetic Zijie 2024 regional value linearly back-extrapolated from Zijie 2025-2026; Zijie regional trajectory applied from 2025 onward,0.0,0.0,0.0,0.0,0.0,0.0,0.0,0.0,0.0,0.0,0.0,0.0,0.0,0.0,0.0,0.0,0.0,0.0,0.0,0.0,0.0,0.0,0.0,0.0,0.0,0.0,0.0,0.0,0.0,0.0,0.0,0.0
Papua New Guinea,PG,PNG,ASE,Rest of World,Primary aluminium ingot production,kt,0.0,False,,,,,OMNIA INF_Data,"British Geological Survey, World Mineral Production 2020-24, Production of primary aluminium",BGS 2024 country value rebased to a synthetic Zijie 2024 regional value linearly back-extrapolated from Zijie 2025-2026; Zijie regional trajectory applied from 2025 onward,0.0,0.0,0.0,0.0,0.0,0.0,0.0,0.0,0.0,0.0,0.0,0.0,0.0,0.0,0.0,0.0,0.0,0.0,0.0,0.0,0.0,0.0,0.0,0.0,0.0,0.0,0.0,0.0,0.0,0.0,0.0,0.0
American Samoa,AS,ASM,ASE,Rest of World,Primary aluminium ingot production,kt,0.0,False,,,,,OMNIA INF_Data,"British Geological Survey, World Mineral Production 2020-24, Production of primary aluminium",BGS 2024 country value rebased to a synthetic Zijie 2024 regional value linearly back-extrapolated from Zijie 2025-2026; Zijie regional trajectory applied from 2025 onward,0.0,0.0,0.0,0.0,0.0,0.0,0.0,0.0,0.0,0.0,0.0,0.0,0.0,0.0,0.0,0.0,0.0,0.0,0.0,0.0,0.0,0.0,0.0,0.0,0.0,0.0,0.0,0.0,0.0,0.0,0.0,0.0
Solomon Islands,SB,SLB,ASE,Rest of World,Primary aluminium ingot production,kt,0.0,False,,,,,OMNIA INF_Data,"British Geological Survey, World Mineral Production 2020-24, Production of primary aluminium",BGS 2024 country value rebased to a synthetic Zijie 2024 regional value linearly back-extrapolated from Zijie 2025-2026; Zijie regional trajectory applied from 2025 onward,0.0,0.0,0.0,0.0,0.0,0.0,0.0,0.0,0.0,0.0,0.0,0.0,0.0,0.0,0.0,0.0,0.0,0.0,0.0,0.0,0.0,0.0,0.0,0.0,0.0,0.0,0.0,0.0,0.0,0.0,0.0,0.0
Tonga,TO,TON,ASE,Rest of World,Primary aluminium ingot production,kt,0.0,False,,,,,OMNIA INF_Data,"British Geological Survey, World Mineral Production 2020-24, Production of primary aluminium",BGS 2024 country value rebased to a synthetic Zijie 2024 regional value linearly back-extrapolated from Zijie 2025-2026; Zijie regional trajectory applied from 2025 onward,0.0,0.0,0.0,0.0,0.0,0.0,0.0,0.0,0.0,0.0,0.0,0.0,0.0,0.0,0.0,0.0,0.0,0.0,0.0,0.0,0.0,0.0,0.0,0.0,0.0,0.0,0.0,0.0,0.0,0.0,0.0,0.0
Vanuatu,VU,VUT,ASE,Rest of World,Primary aluminium ingot production,kt,0.0,False,,,,,OMNIA INF_Data,"British Geological Survey, World Mineral Production 2020-24, Production of primary aluminium",BGS 2024 country value rebased to a synthetic Zijie 2024 regional value linearly back-extrapolated from Zijie 2025-2026; Zijie regional trajectory applied from 2025 onward,0.0,0.0,0.0,0.0,0.0,0.0,0.0,0.0,0.0,0.0,0.0,0.0,0.0,0.0,0.0,0.0,0.0,0.0,0.0,0.0,0.0,0.0,0.0,0.0,0.0,0.0,0.0,0.0,0.0,0.0,0.0,0.0
Niue,NU,NIU,ASE,Rest of World,Primary aluminium ingot production,kt,0.0,False,,,,,OMNIA INF_Data,"British Geological Survey, World Mineral Production 2020-24, Production of primary aluminium",BGS 2024 country value rebased to a synthetic Zijie 2024 regional value linearly back-extrapolated from Zijie 2025-2026; Zijie regional trajectory applied from 2025 onward,0.0,0.0,0.0,0.0,0.0,0.0,0.0,0.0,0.0,0.0,0.0,0.0,0.0,0.0,0.0,0.0,0.0,0.0,0.0,0.0,0.0,0.0,0.0,0.0,0.0,0.0,0.0,0.0,0.0,0.0,0.0,0.0
Samoa,WS,WSM,ASE,Rest of World,Primary aluminium ingot production,kt,0.0,False,,,,,OMNIA INF_Data,"British Geological Survey, World Mineral Production 2020-24, Production of primary aluminium",BGS 2024 country value rebased to a synthetic Zijie 2024 regional value linearly back-extrapolated from Zijie 2025-2026; Zijie regional trajectory applied from 2025 onward,0.0,0.0,0.0,0.0,0.0,0.0,0.0,0.0,0.0,0.0,0.0,0.0,0.0,0.0,0.0,0.0,0.0,0.0,0.0,0.0,0.0,0.0,0.0,0.0,0.0,0.0,0.0,0.0,0.0,0.0,0.0,0.0
Wallis and Futuna Islands,WF,WLF,ASE,Rest of World,Primary aluminium ingot production,kt,0.0,False,,,,,OMNIA INF_Data,"British Geological Survey, World Mineral Production 2020-24, Production of primary aluminium",BGS 2024 country value rebased to a synthetic Zijie 2024 regional value linearly back-extrapolated from Zijie 2025-2026; Zijie regional trajectory applied from 2025 onward,0.0,0.0,0.0,0.0,0.0,0.0,0.0,0.0,0.0,0.0,0.0,0.0,0.0,0.0,0.0,0.0,0.0,0.0,0.0,0.0,0.0,0.0,0.0,0.0,0.0,0.0,0.0,0.0,0.0,0.0,0.0,0.0
Micronesia (Federated States of),FM,FSM,ASE,Rest of World,Primary aluminium ingot production,kt,0.0,False,,,,,OMNIA INF_Data,"British Geological Survey, World Mineral Production 2020-24, Production of primary aluminium",BGS 2024 country value rebased to a synthetic Zijie 2024 regional value linearly back-extrapolated from Zijie 2025-2026; Zijie regional trajectory applied from 2025 onward,0.0,0.0,0.0,0.0,0.0,0.0,0.0,0.0,0.0,0.0,0.0,0.0,0.0,0.0,0.0,0.0,0.0,0.0,0.0,0.0,0.0,0.0,0.0,0.0,0.0,0.0,0.0,0.0,0.0,0.0,0.0,0.0
Nauru,NR,NRU,ASE,Rest of World,Primary aluminium ingot production,kt,0.0,False,,,,,OMNIA INF_Data,"British Geological Survey, World Mineral Production 2020-24, Production of primary aluminium",BGS 2024 country value rebased to a synthetic Zijie 2024 regional value linearly back-extrapolated from Zijie 2025-2026; Zijie regional trajectory applied from 2025 onward,0.0,0.0,0.0,0.0,0.0,0.0,0.0,0.0,0.0,0.0,0.0,0.0,0.0,0.0,0.0,0.0,0.0,0.0,0.0,0.0,0.0,0.0,0.0,0.0,0.0,0.0,0.0,0.0,0.0,0.0,0.0,0.0
Tuvalu,TV,TUV,ASE,Rest of World,Primary aluminium ingot production,kt,0.0,False,,,,,OMNIA INF_Data,"British Geological Survey, World Mineral Production 2020-24, Production of primary aluminium",BGS 2024 country value rebased to a synthetic Zijie 2024 regional value linearly back-extrapolated from Zijie 2025-2026; Zijie regional trajectory applied from 2025 onward,0.0,0.0,0.0,0.0,0.0,0.0,0.0,0.0,0.0,0.0,0.0,0.0,0.0,0.0,0.0,0.0,0.0,0.0,0.0,0.0,0.0,0.0,0.0,0.0,0.0,0.0,0.0,0.0,0.0,0.0,0.0,0.0
Northern Mariana Islands,MP,MNP,ASE,Rest of World,Primary aluminium ingot production,kt,0.0,False,,,,,OMNIA INF_Data,"British Geological Survey, World Mineral Production 2020-24, Production of primary aluminium",BGS 2024 country value rebased to a synthetic Zijie 2024 regional value linearly back-extrapolated from Zijie 2025-2026; Zijie regional trajectory applied from 2025 onward,0.0,0.0,0.0,0.0,0.0,0.0,0.0,0.0,0.0,0.0,0.0,0.0,0.0,0.0,0.0,0.0,0.0,0.0,0.0,0.0,0.0,0.0,0.0,0.0,0.0,0.0,0.0,0.0,0.0,0.0,0.0,0.0
China,CN,CHN,CHN,China,Primary aluminium ingot production,kt,35044.0,True,China,,,0.9758858571325978,OMNIA INF_Data,"British Geological Survey, World Mineral Production 2020-24, Production of primary aluminium",BGS 2024 country value rebased to a synthetic Zijie 2024 regional value linearly back-extrapolated from Zijie 2025-2026; Zijie regional trajectory applied from 2025 onward,35044.0,37080.401,38502.6,40144.3,41594.0,44005.0,42026.745311495426,40048.49062299085,37510.45864217024,34836.63838463939,32270.614847568104,29881.20461405464,27674.470651034495,25666.915474621477,23879.743956072845,22321.300259414944,20988.684685014916,19838.8381724572,18853.817226906216,18018.291754643924,17253.274233249933,16532.60475913601,15861.909675284593,15223.685258906058,14632.883206042221,14061.050304867138,13472.123771970117,12873.733332513573,12311.248529800396,11761.587645067926,11204.328225953339,10678.583350143397
"China, Hong Kong Special Administrative Region",HK,HKG,CHN,Rest of World,Primary aluminium ingot production,kt,0.0,False,,,,,OMNIA INF_Data,"British Geological Survey, World Mineral Production 2020-24, Production of primary aluminium",BGS 2024 country value rebased to a synthetic Zijie 2024 regional value linearly back-extrapolated from Zijie 2025-2026; Zijie regional trajectory applied from 2025 onward,0.0,0.0,0.0,0.0,0.0,0.0,0.0,0.0,0.0,0.0,0.0,0.0,0.0,0.0,0.0,0.0,0.0,0.0,0.0,0.0,0.0,0.0,0.0,0.0,0.0,0.0,0.0,0.0,0.0,0.0,0.0,0.0
"China, Macao Special Administrative Region",MO,MAC,CHN,Rest of World,Primary aluminium ingot production,kt,0.0,False,,,,,OMNIA INF_Data,"British Geological Survey, World Mineral Production 2020-24, Production of primary aluminium",BGS 2024 country value rebased to a synthetic Zijie 2024 regional value linearly back-extrapolated from Zijie 2025-2026; Zijie regional trajectory applied from 2025 onward,0.0,0.0,0.0,0.0,0.0,0.0,0.0,0.0,0.0,0.0,0.0,0.0,0.0,0.0,0.0,0.0,0.0,0.0,0.0,0.0,0.0,0.0,0.0,0.0,0.0,0.0,0.0,0.0,0.0,0.0,0.0,0.0
Indonesia,ID,IDN,IDN,Other Asia,Primary aluminium ingot production,kt,240.0,True,Indonesia,,,0.9882257938596909,OMNIA INF_Data,"British Geological Survey, World Mineral Production 2020-24, Production of primary aluminium",BGS 2024 country value rebased to a synthetic Zijie 2024 regional value linearly back-extrapolated from Zijie 2025-2026; Zijie regional trajectory applied from 2025 onward,240.0,220.1,243.4,223.774,214.882,274.23,291.5069288582023,308.7838577164046,324.27217025442746,340.0331337711805,355.7684864620122,371.58085849655953,387.1863593057816,402.29541469875323,416.89025033861344,430.8739684349058,444.13671719289164,456.6352696804355,468.1494366889695,478.6720119850403,488.2541180347009,496.62984227706863,503.9602796040295,510.0488981720233,514.6120197187715,517.8726563363416,519.8318359798237,520.2563545576596,518.9831898941941,516.3286887141,512.5887325135816,507.83249081486395
Philippines,PH,PHL,IDN,Rest of World,Primary aluminium ingot production,kt,0.0,False,,,,,OMNIA INF_Data,"British Geological Survey, World Mineral Production 2020-24, Production of primary aluminium",BGS 2024 country value rebased to a synthetic Zijie 2024 regional value linearly back-extrapolated from Zijie 2025-2026; Zijie regional trajectory applied from 2025 onward,0.0,0.0,0.0,0.0,0.0,0.0,0.0,0.0,0.0,0.0,0.0,0.0,0.0,0.0,0.0,0.0,0.0,0.0,0.0,0.0,0.0,0.0,0.0,0.0,0.0,0.0,0.0,0.0,0.0,0.0,0.0,0.0
Viet Nam,VN,VNM,IDN,Other Asia,Primary aluminium ingot production,kt,0.0,False,,,,,OMNIA INF_Data,"British Geological Survey, World Mineral Production 2020-24, Production of primary aluminium",BGS 2024 country value rebased to a synthetic Zijie 2024 regional value linearly back-extrapolated from Zijie 2025-2026; Zijie regional trajectory applied from 2025 onward,0.0,0.0,0.0,0.0,0.0,0.0,0.0,0.0,0.0,0.0,0.0,0.0,0.0,0.0,0.0,0.0,0.0,0.0,0.0,0.0,0.0,0.0,0.0,0.0,0.0,0.0,0.0,0.0,0.0,0.0,0.0,0.0
India,IN,IND,IND,Other Asia,Primary aluminium ingot production,kt,3640.0,True,India,2022,Years ended 31 March following the stated year,0.9976930670813764,OMNIA INF_Data,"British Geological Survey, World Mineral Production 2020-24, Production of primary aluminium",BGS 2024 country value rebased to a synthetic Zijie 2024 regional value linearly back-extrapolated from Zijie 2025-2026; Zijie regional trajectory applied from 2025 onward,3640.0,3619.237,4016.621,4100.0,4159.0,4199.0,4463.543719781174,4728.087439562349,4965.243929906796,5206.575242333759,5447.514402705719,5689.632880527489,5928.5837535097435,6159.933071947143,6383.408675826269,6597.526869628303,6800.605606581891,6991.982997440647,7168.287512879637,7329.408811308697,7476.129678108556,7604.378469610951,7716.621865066987,7809.850575882747,7879.720930602493,7929.647682442834,7959.646571415526,7966.146784770494,7946.652132756156,7906.006505161747,7848.740428926554,7775.913025313108
Bangladesh,BD,BGD,ASO,Rest of World,Primary aluminium ingot production,kt,0.0,False,,,,,OMNIA INF_Data,"British Geological Survey, World Mineral Production 2020-24, Production of primary aluminium",BGS 2024 country value rebased to a synthetic Zijie 2024 regional value linearly back-extrapolated from Zijie 2025-2026; Zijie regional trajectory applied from 2025 onward,0.0,0.0,0.0,0.0,0.0,0.0,0.0,0.0,0.0,0.0,0.0,0.0,0.0,0.0,0.0,0.0,0.0,0.0,0.0,0.0,0.0,0.0,0.0,0.0,0.0,0.0,0.0,0.0,0.0,0.0,0.0,0.0
Nepal,NP,NPL,ASO,Rest of World,Primary aluminium ingot production,kt,0.0,False,,,,,OMNIA INF_Data,"British Geological Survey, World Mineral Production 2020-24, Production of primary aluminium",BGS 2024 country value rebased to a synthetic Zijie 2024 regional value linearly back-extrapolated from Zijie 2025-2026; Zijie regional trajectory applied from 2025 onward,0.0,0.0,0.0,0.0,0.0,0.0,0.0,0.0,0.0,0.0,0.0,0.0,0.0,0.0,0.0,0.0,0.0,0.0,0.0,0.0,0.0,0.0,0.0,0.0,0.0,0.0,0.0,0.0,0.0,0.0,0.0,0.0
Sri Lanka,LK,LKA,ASO,Rest of World,Primary aluminium ingot production,kt,0.0,False,,,,,OMNIA INF_Data,"British Geological Survey, World Mineral Production 2020-24, Production of primary aluminium",BGS 2024 country value rebased to a synthetic Zijie 2024 regional value linearly back-extrapolated from Zijie 2025-2026; Zijie regional trajectory applied from 2025 onward,0.0,0.0,0.0,0.0,0.0,0.0,0.0,0.0,0.0,0.0,0.0,0.0,0.0,0.0,0.0,0.0,0.0,0.0,0.0,0.0,0.0,0.0,0.0,0.0,0.0,0.0,0.0,0.0,0.0,0.0,0.0,0.0
Pakistan,PK,PAK,ASO,Other Asia,Primary aluminium ingot production,kt,0.0,False,,,,,OMNIA INF_Data,"British Geological Survey, World Mineral Production 2020-24, Production of primary aluminium",BGS 2024 country value rebased to a synthetic Zijie 2024 regional value linearly back-extrapolated from Zijie 2025-2026; Zijie regional trajectory applied from 2025 onward,0.0,0.0,0.0,0.0,0.0,0.0,0.0,0.0,0.0,0.0,0.0,0.0,0.0,0.0,0.0,0.0,0.0,0.0,0.0,0.0,0.0,0.0,0.0,0.0,0.0,0.0,0.0,0.0,0.0,0.0,0.0,0.0
Bhutan,BT,BTN,ASO,Rest of World,Primary aluminium ingot production,kt,0.0,False,,,,,OMNIA INF_Data,"British Geological Survey, World Mineral Production 2020-24, Production of primary aluminium",BGS 2024 country value rebased to a synthetic Zijie 2024 regional value linearly back-extrapolated from Zijie 2025-2026; Zijie regional trajectory applied from 2025 onward,0.0,0.0,0.0,0.0,0.0,0.0,0.0,0.0,0.0,0.0,0.0,0.0,0.0,0.0,0.0,0.0,0.0,0.0,0.0,0.0,0.0,0.0,0.0,0.0,0.0,0.0,0.0,0.0,0.0,0.0,0.0,0.0
Maldives,MV,MDV,ASO,Rest of World,Primary aluminium ingot production,kt,0.0,False,,,,,OMNIA INF_Data,"British Geological Survey, World Mineral Production 2020-24, Production of primary aluminium",BGS 2024 country value rebased to a synthetic Zijie 2024 regional value linearly back-extrapolated from Zijie 2025-2026; Zijie regional trajectory applied from 2025 onward,0.0,0.0,0.0,0.0,0.0,0.0,0.0,0.0,0.0,0.0,0.0,0.0,0.0,0.0,0.0,0.0,0.0,0.0,0.0,0.0,0.0,0.0,0.0,0.0,0.0,0.0,0.0,0.0,0.0,0.0,0.0,0.0
Japan,JP,JPN,JPN,Japan,Primary aluminium ingot production,kt,90.89354286806416,False,,,,0.0,Zijie back-extrapolated fallback used by old approach,"British Geological Survey, World Mineral Production 2020-24, Production of primary aluminium",BGS 2024 country value rebased to a synthetic Zijie 2024 regional value linearly back-extrapolated from Zijie 2025-2026; Zijie regional trajectory applied from 2025 onward,90.89354286806416,0.0,0.0,0.0,0.0,0.0,0.0,0.0,0.0,0.0,0.0,0.0,0.0,0.0,0.0,0.0,0.0,0.0,0.0,0.0,0.0,0.0,0.0,0.0,0.0,0.0,0.0,0.0,0.0,0.0,0.0,0.0
"Taiwan, Province of China",TW,TWN,CHN,Other Asia,Primary aluminium ingot production,kt,0.0,False,,,,,OMNIA INF_Data,"British Geological Survey, World Mineral Production 2020-24, Production of primary aluminium",BGS 2024 country value rebased to a synthetic Zijie 2024 regional value linearly back-extrapolated from Zijie 2025-2026; Zijie regional trajectory applied from 2025 onward,0.0,0.0,0.0,0.0,0.0,0.0,0.0,0.0,0.0,0.0,0.0,0.0,0.0,0.0,0.0,0.0,0.0,0.0,0.0,0.0,0.0,0.0,0.0,0.0,0.0,0.0,0.0,0.0,0.0,0.0,0.0,0.0
Republic of Korea,KR,KOR,SKT,Other Asia,Primary aluminium ingot production,kt,0.0,False,,,,,OMNIA INF_Data,"British Geological Survey, World Mineral Production 2020-24, Production of primary aluminium",BGS 2024 country value rebased to a synthetic Zijie 2024 regional value linearly back-extrapolated from Zijie 2025-2026; Zijie regional trajectory applied from 2025 onward,0.0,0.0,0.0,0.0,0.0,0.0,0.0,0.0,0.0,0.0,0.0,0.0,0.0,0.0,0.0,0.0,0.0,0.0,0.0,0.0,0.0,0.0,0.0,0.0,0.0,0.0,0.0,0.0,0.0,0.0,0.0,0.0
Australia,AU,AUS,ANZ,Other main producer,Primary aluminium ingot production,kt,1570.0,True,Australia,,,0.599222061494235,OMNIA INF_Data,"British Geological Survey, World Mineral Production 2020-24, Production of primary aluminium",BGS 2024 country value rebased to a synthetic Zijie 2024 regional value linearly back-extrapolated from Zijie 2025-2026; Zijie regional trajectory applied from 2025 onward,1570.0,1582.947,1558.529,1509.646,1555.474,1575.895,1508.7459211007174,1441.5968422014348,1420.6918539007995,1394.8921103890393,1373.7868735500806,1356.6664208227721,1344.0399938006235,1337.0095383639261,1334.2204779550602,1335.2609546953727,1339.71256201781,1346.053823878526,1353.252689042474,1361.8664246658172,1372.011163944552,1383.611286609663,1396.7168436552229,1409.8934275078261,1423.0863444035094,1437.1825298295014,1452.1412192578007,1467.767342850106,1482.696515002926,1496.4205099501899,1509.442378366676,1523.7234323333223
New Zealand,NZ,NZL,ANZ,Other main producer,Primary aluminium ingot production,kt,351.0,True,New Zealand,,,0.49272153936485813,OMNIA INF_Data,"British Geological Survey, World Mineral Production 2020-24, Production of primary aluminium",BGS 2024 country value rebased to a synthetic Zijie 2024 regional value linearly back-extrapolated from Zijie 2025-2026; Zijie regional trajectory applied from 2025 onward,351.0,335.405,333.115,333.689,333.716,289.7,277.35584752973887,265.01169505947774,261.16868831683684,256.42586871568517,252.54604987480658,249.39876204465216,247.07762014857627,245.78519715084406,245.27247847323642,245.46375143981638,246.28209951586845,247.44782664937003,248.77120875160128,250.35468938329473,252.2196175473218,254.35209181501264,256.76131316294425,259.18359151403945,261.6088724018394,264.2002029904318,266.95008945328516,269.82267170317544,272.567131944925,275.0900419968145,277.4838786929497,280.1091940433617
United States of America,US,USA,USA,North America,Primary aluminium ingot production,kt,1090.0,True,USA,2023;2024,,1.1639844815244431,OMNIA INF_Data,"British Geological Survey, World Mineral Production 2020-24, Production of primary aluminium",BGS 2024 country value rebased to a synthetic Zijie 2024 regional value linearly back-extrapolated from Zijie 2025-2026; Zijie regional trajectory applied from 2025 onward,1090.0,1026.617,907.846,872.3,735.0,685.0,707.284851835527,729.569703671054,717.5571959545242,709.7619820125426,697.1060018906817,681.1688248600346,667.0274221422643,650.9992901769139,633.6012195756933,616.9735551898508,598.4886752474985,578.5890609832068,560.8665899505961,542.4888927430889,519.9646164007282,496.73151036745924,476.0683448342533,457.4121102610338,436.00923263291423,412.1336591313098,391.4764621849653,369.3499485010188,349.11658825583106,330.5334887300429,310.52714300450293,294.1888378621767
Canada,CA,CAN,CAN,North America,Primary aluminium ingot production,kt,2854.0,True,Canada,,,2.166616716058708,OMNIA INF_Data,"British Geological Survey, World Mineral Production 2020-24, Production of primary aluminium",BGS 2024 country value rebased to a synthetic Zijie 2024 regional value linearly back-extrapolated from Zijie 2025-2026; Zijie regional trajectory applied from 2025 onward,2854.0,3154.493,3157.762,3026.236,3301.844,3338.512,3447.1225770381443,3555.733154076289,3497.1873129642786,3459.1954658286977,3397.5135074219907,3319.83984791405,3250.918325767905,3172.801375543225,3088.0077003913684,3006.9687849401157,2916.8782834713525,2819.8927345418506,2733.5180159841525,2643.9498953131606,2534.1724254441287,2420.94030385385,2320.2334044515223,2229.3077650391015,2124.9957011033225,2008.6323600201276,1907.9545499592014,1800.115671927056,1701.5035318118996,1610.9343336162233,1513.4286032791958,1433.7999495896806
Argentina,AR,ARG,LAM,South America,Primary aluminium ingot production,kt,427.0,True,Argentina,,,0.9858855736076663,OMNIA INF_Data,"British Geological Survey, World Mineral Production 2020-24, Production of primary aluminium",BGS 2024 country value rebased to a synthetic Zijie 2024 regional value linearly back-extrapolated from Zijie 2025-2026; Zijie regional trajectory applied from 2025 onward,427.0,309.804,338.239,400.038,441.0,447.0,449.20086486582585,451.4017297316515,449.49354681556576,447.2939105246135,445.08291361572697,443.17369284390884,440.65117132332523,437.42330074141853,433.23581655896817,428.8297341117777,423.36170359175173,416.3164119051236,408.8269501311019,401.37985817613907,393.3706030107051,384.75103348607996,375.07852579953993,364.47817812842857,353.49681525548664,341.8436276185028,329.77644633021157,317.2463146811517,304.6124035978767,291.14780540369304,276.59180146161185,262.6736277334436
Venezuela (Bolivarian Republic of),VE,VEN,LAM,South America,Primary aluminium ingot production,kt,8.0,True,Venezuela,2020;2023;2024,,1.083040516599652,OMNIA INF_Data,"British Geological Survey, World Mineral Production 2020-24, Production of primary aluminium",BGS 2024 country value rebased to a synthetic Zijie 2024 regional value linearly back-extrapolated from Zijie 2025-2026; Zijie regional trajectory applied from 2025 onward,8.0,10.0,38.3,8.4,8.0,9.2,9.24529744242863,9.290594884857256,9.25132132148368,9.20604916515983,9.160543188511605,9.121248264348907,9.069330595468886,9.002895675214877,8.916710318439613,8.826025847490726,8.713484727168044,8.56848096091082,8.414335438939904,8.26106195798765,8.096218227513393,7.918813217163167,7.719736996321626,7.501564292576158,7.275549665213595,7.035707772013927,6.787345204111737,6.5294543513794085,6.269427546086053,5.99230382486348,5.692717166547716,5.406258109950069
Colombia,CO,COL,LAM,Rest of World,Primary aluminium ingot production,kt,0.0,False,,,,,OMNIA INF_Data,"British Geological Survey, World Mineral Production 2020-24, Production of primary aluminium",BGS 2024 country value rebased to a synthetic Zijie 2024 regional value linearly back-extrapolated from Zijie 2025-2026; Zijie regional trajectory applied from 2025 onward,0.0,0.0,0.0,0.0,0.0,0.0,0.0,0.0,0.0,0.0,0.0,0.0,0.0,0.0,0.0,0.0,0.0,0.0,0.0,0.0,0.0,0.0,0.0,0.0,0.0,0.0,0.0,0.0,0.0,0.0,0.0,0.0
Peru,PE,PER,LAM,Rest of World,Primary aluminium ingot production,kt,0.0,False,,,,,OMNIA INF_Data,"British Geological Survey, World Mineral Production 2020-24, Production of primary aluminium",BGS 2024 country value rebased to a synthetic Zijie 2024 regional value linearly back-extrapolated from Zijie 2025-2026; Zijie regional trajectory applied from 2025 onward,0.0,0.0,0.0,0.0,0.0,0.0,0.0,0.0,0.0,0.0,0.0,0.0,0.0,0.0,0.0,0.0,0.0,0.0,0.0,0.0,0.0,0.0,0.0,0.0,0.0,0.0,0.0,0.0,0.0,0.0,0.0,0.0
Trinidad and Tobago,TT,TTO,LAM,Rest of World,Primary aluminium ingot production,kt,0.0,False,,,,,OMNIA INF_Data,"British Geological Survey, World Mineral Production 2020-24, Production of primary aluminium",BGS 2024 country value rebased to a synthetic Zijie 2024 regional value linearly back-extrapolated from Zijie 2025-2026; Zijie regional trajectory applied from 2025 onward,0.0,0.0,0.0,0.0,0.0,0.0,0.0,0.0,0.0,0.0,0.0,0.0,0.0,0.0,0.0,0.0,0.0,0.0,0.0,0.0,0.0,0.0,0.0,0.0,0.0,0.0,0.0,0.0,0.0,0.0,0.0,0.0
Ecuador,EC,ECU,LAM,Rest of World,Primary aluminium ingot production,kt,0.0,False,,,,,OMNIA INF_Data,"British Geological Survey, World Mineral Production 2020-24, Production of primary aluminium",BGS 2024 country value rebased to a synthetic Zijie 2024 regional value linearly back-extrapolated from Zijie 2025-2026; Zijie regional trajectory applied from 2025 onward,0.0,0.0,0.0,0.0,0.0,0.0,0.0,0.0,0.0,0.0,0.0,0.0,0.0,0.0,0.0,0.0,0.0,0.0,0.0,0.0,0.0,0.0,0.0,0.0,0.0,0.0,0.0,0.0,0.0,0.0,0.0,0.0
Guatemala,GT,GTM,LAM,Rest of World,Primary aluminium ingot production,kt,0.0,False,,,,,OMNIA INF_Data,"British Geological Survey, World Mineral Production 2020-24, Production of primary aluminium",BGS 2024 country value rebased to a synthetic Zijie 2024 regional value linearly back-extrapolated from Zijie 2025-2026; Zijie regional trajectory applied from 2025 onward,0.0,0.0,0.0,0.0,0.0,0.0,0.0,0.0,0.0,0.0,0.0,0.0,0.0,0.0,0.0,0.0,0.0,0.0,0.0,0.0,0.0,0.0,0.0,0.0,0.0,0.0,0.0,0.0,0.0,0.0,0.0,0.0
Cuba,CU,CUB,LAM,Rest of World,Primary aluminium ingot production,kt,0.0,False,,,,,OMNIA INF_Data,"British Geological Survey, World Mineral Production 2020-24, Production of primary aluminium",BGS 2024 country value rebased to a synthetic Zijie 2024 regional value linearly back-extrapolated from Zijie 2025-2026; Zijie regional trajectory applied from 2025 onward,0.0,0.0,0.0,0.0,0.0,0.0,0.0,0.0,0.0,0.0,0.0,0.0,0.0,0.0,0.0,0.0,0.0,0.0,0.0,0.0,0.0,0.0,0.0,0.0,0.0,0.0,0.0,0.0,0.0,0.0,0.0,0.0
Bolivia (Plurinational State of),BO,BOL,LAM,Rest of World,Primary aluminium ingot production,kt,0.0,False,,,,,OMNIA INF_Data,"British Geological Survey, World Mineral Production 2020-24, Production of primary aluminium",BGS 2024 country value rebased to a synthetic Zijie 2024 regional value linearly back-extrapolated from Zijie 2025-2026; Zijie regional trajectory applied from 2025 onward,0.0,0.0,0.0,0.0,0.0,0.0,0.0,0.0,0.0,0.0,0.0,0.0,0.0,0.0,0.0,0.0,0.0,0.0,0.0,0.0,0.0,0.0,0.0,0.0,0.0,0.0,0.0,0.0,0.0,0.0,0.0,0.0
Dominican Republic,DO,DOM,LAM,South America,Primary aluminium ingot production,kt,0.0,False,,,,,OMNIA INF_Data,"British Geological Survey, World Mineral Production 2020-24, Production of primary aluminium",BGS 2024 country value rebased to a synthetic Zijie 2024 regional value linearly back-extrapolated from Zijie 2025-2026; Zijie regional trajectory applied from 2025 onward,0.0,0.0,0.0,0.0,0.0,0.0,0.0,0.0,0.0,0.0,0.0,0.0,0.0,0.0,0.0,0.0,0.0,0.0,0.0,0.0,0.0,0.0,0.0,0.0,0.0,0.0,0.0,0.0,0.0,0.0,0.0,0.0
Honduras,HN,HND,LAM,Rest of World,Primary aluminium ingot production,kt,0.0,False,,,,,OMNIA INF_Data,"British Geological Survey, World Mineral Production 2020-24, Production of primary aluminium",BGS 2024 country value rebased to a synthetic Zijie 2024 regional value linearly back-extrapolated from Zijie 2025-2026; Zijie regional trajectory applied from 2025 onward,0.0,0.0,0.0,0.0,0.0,0.0,0.0,0.0,0.0,0.0,0.0,0.0,0.0,0.0,0.0,0.0,0.0,0.0,0.0,0.0,0.0,0.0,0.0,0.0,0.0,0.0,0.0,0.0,0.0,0.0,0.0,0.0
Paraguay,PY,PRY,LAM,Rest of World,Primary aluminium ingot production,kt,0.0,False,,,,,OMNIA INF_Data,"British Geological Survey, World Mineral Production 2020-24, Production of primary aluminium",BGS 2024 country value rebased to a synthetic Zijie 2024 regional value linearly back-extrapolated from Zijie 2025-2026; Zijie regional trajectory applied from 2025 onward,0.0,0.0,0.0,0.0,0.0,0.0,0.0,0.0,0.0,0.0,0.0,0.0,0.0,0.0,0.0,0.0,0.0,0.0,0.0,0.0,0.0,0.0,0.0,0.0,0.0,0.0,0.0,0.0,0.0,0.0,0.0,0.0
Uruguay,UY,URY,LAM,Rest of World,Primary aluminium ingot production,kt,0.0,False,,,,,OMNIA INF_Data,"British Geological Survey, World Mineral Production 2020-24, Production of primary aluminium",BGS 2024 country value rebased to a synthetic Zijie 2024 regional value linearly back-extrapolated from Zijie 2025-2026; Zijie regional trajectory applied from 2025 onward,0.0,0.0,0.0,0.0,0.0,0.0,0.0,0.0,0.0,0.0,0.0,0.0,0.0,0.0,0.0,0.0,0.0,0.0,0.0,0.0,0.0,0.0,0.0,0.0,0.0,0.0,0.0,0.0,0.0,0.0,0.0,0.0
Costa Rica,CR,CRI,LAM,Rest of World,Primary aluminium ingot production,kt,0.0,False,,,,,OMNIA INF_Data,"British Geological Survey, World Mineral Production 2020-24, Production of primary aluminium",BGS 2024 country value rebased to a synthetic Zijie 2024 regional value linearly back-extrapolated from Zijie 2025-2026; Zijie regional trajectory applied from 2025 onward,0.0,0.0,0.0,0.0,0.0,0.0,0.0,0.0,0.0,0.0,0.0,0.0,0.0,0.0,0.0,0.0,0.0,0.0,0.0,0.0,0.0,0.0,0.0,0.0,0.0,0.0,0.0,0.0,0.0,0.0,0.0,0.0
El Salvador,SV,SLV,LAM,Rest of World,Primary aluminium ingot production,kt,0.0,False,,,,,OMNIA INF_Data,"British Geological Survey, World Mineral Production 2020-24, Production of primary aluminium",BGS 2024 country value rebased to a synthetic Zijie 2024 regional value linearly back-extrapolated from Zijie 2025-2026; Zijie regional trajectory applied from 2025 onward,0.0,0.0,0.0,0.0,0.0,0.0,0.0,0.0,0.0,0.0,0.0,0.0,0.0,0.0,0.0,0.0,0.0,0.0,0.0,0.0,0.0,0.0,0.0,0.0,0.0,0.0,0.0,0.0,0.0,0.0,0.0,0.0
Haiti,HT,HTI,LAM,South America,Primary aluminium ingot production,kt,0.0,False,,,,,OMNIA INF_Data,"British Geological Survey, World Mineral Production 2020-24, Production of primary aluminium",BGS 2024 country value rebased to a synthetic Zijie 2024 regional value linearly back-extrapolated from Zijie 2025-2026; Zijie regional trajectory applied from 2025 onward,0.0,0.0,0.0,0.0,0.0,0.0,0.0,0.0,0.0,0.0,0.0,0.0,0.0,0.0,0.0,0.0,0.0,0.0,0.0,0.0,0.0,0.0,0.0,0.0,0.0,0.0,0.0,0.0,0.0,0.0,0.0,0.0
Panama,PA,PAN,LAM,Rest of World,Primary aluminium ingot production,kt,0.0,False,,,,,OMNIA INF_Data,"British Geological Survey, World Mineral Production 2020-24, Production of primary aluminium",BGS 2024 country value rebased to a synthetic Zijie 2024 regional value linearly back-extrapolated from Zijie 2025-2026; Zijie regional trajectory applied from 2025 onward,0.0,0.0,0.0,0.0,0.0,0.0,0.0,0.0,0.0,0.0,0.0,0.0,0.0,0.0,0.0,0.0,0.0,0.0,0.0,0.0,0.0,0.0,0.0,0.0,0.0,0.0,0.0,0.0,0.0,0.0,0.0,0.0
Nicaragua,NI,NIC,LAM,Rest of World,Primary aluminium ingot production,kt,0.0,False,,,,,OMNIA INF_Data,"British Geological Survey, World Mineral Production 2020-24, Production of primary aluminium",BGS 2024 country value rebased to a synthetic Zijie 2024 regional value linearly back-extrapolated from Zijie 2025-2026; Zijie regional trajectory applied from 2025 onward,0.0,0.0,0.0,0.0,0.0,0.0,0.0,0.0,0.0,0.0,0.0,0.0,0.0,0.0,0.0,0.0,0.0,0.0,0.0,0.0,0.0,0.0,0.0,0.0,0.0,0.0,0.0,0.0,0.0,0.0,0.0,0.0
Jamaica,JM,JAM,LAM,South America,Primary aluminium ingot production,kt,0.0,False,,,,,OMNIA INF_Data,"British Geological Survey, World Mineral Production 2020-24, Production of primary aluminium",BGS 2024 country value rebased to a synthetic Zijie 2024 regional value linearly back-extrapolated from Zijie 2025-2026; Zijie regional trajectory applied from 2025 onward,0.0,0.0,0.0,0.0,0.0,0.0,0.0,0.0,0.0,0.0,0.0,0.0,0.0,0.0,0.0,0.0,0.0,0.0,0.0,0.0,0.0,0.0,0.0,0.0,0.0,0.0,0.0,0.0,0.0,0.0,0.0,0.0
Curaçao,CW,CUW,LAM,Rest of World,Primary aluminium ingot production,kt,0.0,False,,,,,OMNIA INF_Data,"British Geological Survey, World Mineral Production 2020-24, Production of primary aluminium",BGS 2024 country value rebased to a synthetic Zijie 2024 regional value linearly back-extrapolated from Zijie 2025-2026; Zijie regional trajectory applied from 2025 onward,0.0,0.0,0.0,0.0,0.0,0.0,0.0,0.0,0.0,0.0,0.0,0.0,0.0,0.0,0.0,0.0,0.0,0.0,0.0,0.0,0.0,0.0,0.0,0.0,0.0,0.0,0.0,0.0,0.0,0.0,0.0,0.0
Suriname,SR,SUR,LAM,South America,Primary aluminium ingot production,kt,0.0,False,,,,,OMNIA INF_Data,"British Geological Survey, World Mineral Production 2020-24, Production of primary aluminium",BGS 2024 country value rebased to a synthetic Zijie 2024 regional value linearly back-extrapolated from Zijie 2025-2026; Zijie regional trajectory applied from 2025 onward,0.0,0.0,0.0,0.0,0.0,0.0,0.0,0.0,0.0,0.0,0.0,0.0,0.0,0.0,0.0,0.0,0.0,0.0,0.0,0.0,0.0,0.0,0.0,0.0,0.0,0.0,0.0,0.0,0.0,0.0,0.0,0.0
Antigua and Barbuda,AG,ATG,LAM,Rest of World,Primary aluminium ingot production,kt,0.0,False,,,,,OMNIA INF_Data,"British Geological Survey, World Mineral Production 2020-24, Production of primary aluminium",BGS 2024 country value rebased to a synthetic Zijie 2024 regional value linearly back-extrapolated from Zijie 2025-2026; Zijie regional trajectory applied from 2025 onward,0.0,0.0,0.0,0.0,0.0,0.0,0.0,0.0,0.0,0.0,0.0,0.0,0.0,0.0,0.0,0.0,0.0,0.0,0.0,0.0,0.0,0.0,0.0,0.0,0.0,0.0,0.0,0.0,0.0,0.0,0.0,0.0
Aruba,AW,ABW,LAM,Rest of World,Primary aluminium ingot production,kt,0.0,False,,,,,OMNIA INF_Data,"British Geological Survey, World Mineral Production 2020-24, Production of primary aluminium",BGS 2024 country value rebased to a synthetic Zijie 2024 regional value linearly back-extrapolated from Zijie 2025-2026; Zijie regional trajectory applied from 2025 onward,0.0,0.0,0.0,0.0,0.0,0.0,0.0,0.0,0.0,0.0,0.0,0.0,0.0,0.0,0.0,0.0,0.0,0.0,0.0,0.0,0.0,0.0,0.0,0.0,0.0,0.0,0.0,0.0,0.0,0.0,0.0,0.0
Bahamas,BS,BHS,LAM,Rest of World,Primary aluminium ingot production,kt,0.0,False,,,,,OMNIA INF_Data,"British Geological Survey, World Mineral Production 2020-24, Production of primary aluminium",BGS 2024 country value rebased to a synthetic Zijie 2024 regional value linearly back-extrapolated from Zijie 2025-2026; Zijie regional trajectory applied from 2025 onward,0.0,0.0,0.0,0.0,0.0,0.0,0.0,0.0,0.0,0.0,0.0,0.0,0.0,0.0,0.0,0.0,0.0,0.0,0.0,0.0,0.0,0.0,0.0,0.0,0.0,0.0,0.0,0.0,0.0,0.0,0.0,0.0
Barbados,BB,BRB,LAM,Rest of World,Primary aluminium ingot production,kt,0.0,False,,,,,OMNIA INF_Data,"British Geological Survey, World Mineral Production 2020-24, Production of primary aluminium",BGS 2024 country value rebased to a synthetic Zijie 2024 regional value linearly back-extrapolated from Zijie 2025-2026; Zijie regional trajectory applied from 2025 onward,0.0,0.0,0.0,0.0,0.0,0.0,0.0,0.0,0.0,0.0,0.0,0.0,0.0,0.0,0.0,0.0,0.0,0.0,0.0,0.0,0.0,0.0,0.0,0.0,0.0,0.0,0.0,0.0,0.0,0.0,0.0,0.0
Belize,BZ,BLZ,LAM,Rest of World,Primary aluminium ingot production,kt,0.0,False,,,,,OMNIA INF_Data,"British Geological Survey, World Mineral Production 2020-24, Production of primary aluminium",BGS 2024 country value rebased to a synthetic Zijie 2024 regional value linearly back-extrapolated from Zijie 2025-2026; Zijie regional trajectory applied from 2025 onward,0.0,0.0,0.0,0.0,0.0,0.0,0.0,0.0,0.0,0.0,0.0,0.0,0.0,0.0,0.0,0.0,0.0,0.0,0.0,0.0,0.0,0.0,0.0,0.0,0.0,0.0,0.0,0.0,0.0,0.0,0.0,0.0
Bermuda,BM,BMU,LAM,Rest of World,Primary aluminium ingot production,kt,0.0,False,,,,,OMNIA INF_Data,"British Geological Survey, World Mineral Production 2020-24, Production of primary aluminium",BGS 2024 country value rebased to a synthetic Zijie 2024 regional value linearly back-extrapolated from Zijie 2025-2026; Zijie regional trajectory applied from 2025 onward,0.0,0.0,0.0,0.0,0.0,0.0,0.0,0.0,0.0,0.0,0.0,0.0,0.0,0.0,0.0,0.0,0.0,0.0,0.0,0.0,0.0,0.0,0.0,0.0,0.0,0.0,0.0,0.0,0.0,0.0,0.0,0.0
British Virgin Islands,VG,VGB,LAM,Rest of World,Primary aluminium ingot production,kt,0.0,False,,,,,OMNIA INF_Data,"British Geological Survey, World Mineral Production 2020-24, Production of primary aluminium",BGS 2024 country value rebased to a synthetic Zijie 2024 regional value linearly back-extrapolated from Zijie 2025-2026; Zijie regional trajectory applied from 2025 onward,0.0,0.0,0.0,0.0,0.0,0.0,0.0,0.0,0.0,0.0,0.0,0.0,0.0,0.0,0.0,0.0,0.0,0.0,0.0,0.0,0.0,0.0,0.0,0.0,0.0,0.0,0.0,0.0,0.0,0.0,0.0,0.0
Cayman Islands,KY,CYM,LAM,Rest of World,Primary aluminium ingot production,kt,0.0,False,,,,,OMNIA INF_Data,"British Geological Survey, World Mineral Production 2020-24, Production of primary aluminium",BGS 2024 country value rebased to a synthetic Zijie 2024 regional value linearly back-extrapolated from Zijie 2025-2026; Zijie regional trajectory applied from 2025 onward,0.0,0.0,0.0,0.0,0.0,0.0,0.0,0.0,0.0,0.0,0.0,0.0,0.0,0.0,0.0,0.0,0.0,0.0,0.0,0.0,0.0,0.0,0.0,0.0,0.0,0.0,0.0,0.0,0.0,0.0,0.0,0.0
Dominica,DM,DMA,LAM,Rest of World,Primary aluminium ingot production,kt,0.0,False,,,,,OMNIA INF_Data,"British Geological Survey, World Mineral Production 2020-24, Production of primary aluminium",BGS 2024 country value rebased to a synthetic Zijie 2024 regional value linearly back-extrapolated from Zijie 2025-2026; Zijie regional trajectory applied from 2025 onward,0.0,0.0,0.0,0.0,0.0,0.0,0.0,0.0,0.0,0.0,0.0,0.0,0.0,0.0,0.0,0.0,0.0,0.0,0.0,0.0,0.0,0.0,0.0,0.0,0.0,0.0,0.0,0.0,0.0,0.0,0.0,0.0
Falkland Islands (Malvinas),FK,FLK,LAM,Rest of World,Primary aluminium ingot production,kt,0.0,False,,,,,OMNIA INF_Data,"British Geological Survey, World Mineral Production 2020-24, Production of primary aluminium",BGS 2024 country value rebased to a synthetic Zijie 2024 regional value linearly back-extrapolated from Zijie 2025-2026; Zijie regional trajectory applied from 2025 onward,0.0,0.0,0.0,0.0,0.0,0.0,0.0,0.0,0.0,0.0,0.0,0.0,0.0,0.0,0.0,0.0,0.0,0.0,0.0,0.0,0.0,0.0,0.0,0.0,0.0,0.0,0.0,0.0,0.0,0.0,0.0,0.0
Guyana,GY,GUY,LAM,South America,Primary aluminium ingot production,kt,0.0,False,,,,,OMNIA INF_Data,"British Geological Survey, World Mineral Production 2020-24, Production of primary aluminium",BGS 2024 country value rebased to a synthetic Zijie 2024 regional value linearly back-extrapolated from Zijie 2025-2026; Zijie regional trajectory applied from 2025 onward,0.0,0.0,0.0,0.0,0.0,0.0,0.0,0.0,0.0,0.0,0.0,0.0,0.0,0.0,0.0,0.0,0.0,0.0,0.0,0.0,0.0,0.0,0.0,0.0,0.0,0.0,0.0,0.0,0.0,0.0,0.0,0.0
Grenada,GD,GRD,LAM,Rest of World,Primary aluminium ingot production,kt,0.0,False,,,,,OMNIA INF_Data,"British Geological Survey, World Mineral Production 2020-24, Production of primary aluminium",BGS 2024 country value rebased to a synthetic Zijie 2024 regional value linearly back-extrapolated from Zijie 2025-2026; Zijie regional trajectory applied from 2025 onward,0.0,0.0,0.0,0.0,0.0,0.0,0.0,0.0,0.0,0.0,0.0,0.0,0.0,0.0,0.0,0.0,0.0,0.0,0.0,0.0,0.0,0.0,0.0,0.0,0.0,0.0,0.0,0.0,0.0,0.0,0.0,0.0
Guadeloupe,GP,GLP,LAM,Rest of World,Primary aluminium ingot production,kt,0.0,False,,,,,OMNIA INF_Data,"British Geological Survey, World Mineral Production 2020-24, Production of primary aluminium",BGS 2024 country value rebased to a synthetic Zijie 2024 regional value linearly back-extrapolated from Zijie 2025-2026; Zijie regional trajectory applied from 2025 onward,0.0,0.0,0.0,0.0,0.0,0.0,0.0,0.0,0.0,0.0,0.0,0.0,0.0,0.0,0.0,0.0,0.0,0.0,0.0,0.0,0.0,0.0,0.0,0.0,0.0,0.0,0.0,0.0,0.0,0.0,0.0,0.0
Cooperative Republic of Guyana,GY,GUY,LAM,South America,Primary aluminium ingot production,kt,0.0,False,,,,,OMNIA INF_Data,"British Geological Survey, World Mineral Production 2020-24, Production of primary aluminium",BGS 2024 country value rebased to a synthetic Zijie 2024 regional value linearly back-extrapolated from Zijie 2025-2026; Zijie regional trajectory applied from 2025 onward,0.0,0.0,0.0,0.0,0.0,0.0,0.0,0.0,0.0,0.0,0.0,0.0,0.0,0.0,0.0,0.0,0.0,0.0,0.0,0.0,0.0,0.0,0.0,0.0,0.0,0.0,0.0,0.0,0.0,0.0,0.0,0.0
Martinique,MQ,MTQ,LAM,Rest of World,Primary aluminium ingot production,kt,0.0,False,,,,,OMNIA INF_Data,"British Geological Survey, World Mineral Production 2020-24, Production of primary aluminium",BGS 2024 country value rebased to a synthetic Zijie 2024 regional value linearly back-extrapolated from Zijie 2025-2026; Zijie regional trajectory applied from 2025 onward,0.0,0.0,0.0,0.0,0.0,0.0,0.0,0.0,0.0,0.0,0.0,0.0,0.0,0.0,0.0,0.0,0.0,0.0,0.0,0.0,0.0,0.0,0.0,0.0,0.0,0.0,0.0,0.0,0.0,0.0,0.0,0.0
Montserrat,MS,MSR,LAM,Rest of World,Primary aluminium ingot production,kt,0.0,False,,,,,OMNIA INF_Data,"British Geological Survey, World Mineral Production 2020-24, Production of primary aluminium",BGS 2024 country value rebased to a synthetic Zijie 2024 regional value linearly back-extrapolated from Zijie 2025-2026; Zijie regional trajectory applied from 2025 onward,0.0,0.0,0.0,0.0,0.0,0.0,0.0,0.0,0.0,0.0,0.0,0.0,0.0,0.0,0.0,0.0,0.0,0.0,0.0,0.0,0.0,0.0,0.0,0.0,0.0,0.0,0.0,0.0,0.0,0.0,0.0,0.0
Puerto Rico,PR,PRI,LAM,Rest of World,Primary aluminium ingot production,kt,0.0,False,,,,,OMNIA INF_Data,"British Geological Survey, World Mineral Production 2020-24, Production of primary aluminium",BGS 2024 country value rebased to a synthetic Zijie 2024 regional value linearly back-extrapolated from Zijie 2025-2026; Zijie regional trajectory applied from 2025 onward,0.0,0.0,0.0,0.0,0.0,0.0,0.0,0.0,0.0,0.0,0.0,0.0,0.0,0.0,0.0,0.0,0.0,0.0,0.0,0.0,0.0,0.0,0.0,0.0,0.0,0.0,0.0,0.0,0.0,0.0,0.0,0.0
"Bonaire, Sint Eustatius and Saba",BQ,BES,LAM,Rest of World,Primary aluminium ingot production,kt,0.0,False,,,,,OMNIA INF_Data,"British Geological Survey, World Mineral Production 2020-24, Production of primary aluminium",BGS 2024 country value rebased to a synthetic Zijie 2024 regional value linearly back-extrapolated from Zijie 2025-2026; Zijie regional trajectory applied from 2025 onward,0.0,0.0,0.0,0.0,0.0,0.0,0.0,0.0,0.0,0.0,0.0,0.0,0.0,0.0,0.0,0.0,0.0,0.0,0.0,0.0,0.0,0.0,0.0,0.0,0.0,0.0,0.0,0.0,0.0,0.0,0.0,0.0
Saint Kitts and Nevis,KN,KNA,LAM,Rest of World,Primary aluminium ingot production,kt,0.0,False,,,,,OMNIA INF_Data,"British Geological Survey, World Mineral Production 2020-24, Production of primary aluminium",BGS 2024 country value rebased to a synthetic Zijie 2024 regional value linearly back-extrapolated from Zijie 2025-2026; Zijie regional trajectory applied from 2025 onward,0.0,0.0,0.0,0.0,0.0,0.0,0.0,0.0,0.0,0.0,0.0,0.0,0.0,0.0,0.0,0.0,0.0,0.0,0.0,0.0,0.0,0.0,0.0,0.0,0.0,0.0,0.0,0.0,0.0,0.0,0.0,0.0
Saint Lucia,LC,LCA,LAM,Rest of World,Primary aluminium ingot production,kt,0.0,False,,,,,OMNIA INF_Data,"British Geological Survey, World Mineral Production 2020-24, Production of primary aluminium",BGS 2024 country value rebased to a synthetic Zijie 2024 regional value linearly back-extrapolated from Zijie 2025-2026; Zijie regional trajectory applied from 2025 onward,0.0,0.0,0.0,0.0,0.0,0.0,0.0,0.0,0.0,0.0,0.0,0.0,0.0,0.0,0.0,0.0,0.0,0.0,0.0,0.0,0.0,0.0,0.0,0.0,0.0,0.0,0.0,0.0,0.0,0.0,0.0,0.0
Saint Pierre and Miquelon,PM,SPM,LAM,Rest of World,Primary aluminium ingot production,kt,0.0,False,,,,,OMNIA INF_Data,"British Geological Survey, World Mineral Production 2020-24, Production of primary aluminium",BGS 2024 country value rebased to a synthetic Zijie 2024 regional value linearly back-extrapolated from Zijie 2025-2026; Zijie regional trajectory applied from 2025 onward,0.0,0.0,0.0,0.0,0.0,0.0,0.0,0.0,0.0,0.0,0.0,0.0,0.0,0.0,0.0,0.0,0.0,0.0,0.0,0.0,0.0,0.0,0.0,0.0,0.0,0.0,0.0,0.0,0.0,0.0,0.0,0.0
Saint Vincent and the Grenadines,VC,VCT,LAM,Rest of World,Primary aluminium ingot production,kt,0.0,False,,,,,OMNIA INF_Data,"British Geological Survey, World Mineral Production 2020-24, Production of primary aluminium",BGS 2024 country value rebased to a synthetic Zijie 2024 regional value linearly back-extrapolated from Zijie 2025-2026; Zijie regional trajectory applied from 2025 onward,0.0,0.0,0.0,0.0,0.0,0.0,0.0,0.0,0.0,0.0,0.0,0.0,0.0,0.0,0.0,0.0,0.0,0.0,0.0,0.0,0.0,0.0,0.0,0.0,0.0,0.0,0.0,0.0,0.0,0.0,0.0,0.0
Saint Martin,MF,MAF,LAM,Rest of World,Primary aluminium ingot production,kt,0.0,False,,,,,OMNIA INF_Data,"British Geological Survey, World Mineral Production 2020-24, Production of primary aluminium",BGS 2024 country value rebased to a synthetic Zijie 2024 regional value linearly back-extrapolated from Zijie 2025-2026; Zijie regional trajectory applied from 2025 onward,0.0,0.0,0.0,0.0,0.0,0.0,0.0,0.0,0.0,0.0,0.0,0.0,0.0,0.0,0.0,0.0,0.0,0.0,0.0,0.0,0.0,0.0,0.0,0.0,0.0,0.0,0.0,0.0,0.0,0.0,0.0,0.0
Turks and Caicos Islands,TC,TCA,LAM,Rest of World,Primary aluminium ingot production,kt,0.0,False,,,,,OMNIA INF_Data,"British Geological Survey, World Mineral Production 2020-24, Production of primary aluminium",BGS 2024 country value rebased to a synthetic Zijie 2024 regional value linearly back-extrapolated from Zijie 2025-2026; Zijie regional trajectory applied from 2025 onward,0.0,0.0,0.0,0.0,0.0,0.0,0.0,0.0,0.0,0.0,0.0,0.0,0.0,0.0,0.0,0.0,0.0,0.0,0.0,0.0,0.0,0.0,0.0,0.0,0.0,0.0,0.0,0.0,0.0,0.0,0.0,0.0
Sint Maarten (Dutch part),SX,SXM,LAM,Rest of World,Primary aluminium ingot production,kt,0.0,False,,,,,OMNIA INF_Data,"British Geological Survey, World Mineral Production 2020-24, Production of primary aluminium",BGS 2024 country value rebased to a synthetic Zijie 2024 regional value linearly back-extrapolated from Zijie 2025-2026; Zijie regional trajectory applied from 2025 onward,0.0,0.0,0.0,0.0,0.0,0.0,0.0,0.0,0.0,0.0,0.0,0.0,0.0,0.0,0.0,0.0,0.0,0.0,0.0,0.0,0.0,0.0,0.0,0.0,0.0,0.0,0.0,0.0,0.0,0.0,0.0,0.0
Anguilla,AI,AIA,LAM,Rest of World,Primary aluminium ingot production,kt,0.0,False,,,,,OMNIA INF_Data,"British Geological Survey, World Mineral Production 2020-24, Production of primary aluminium",BGS 2024 country value rebased to a synthetic Zijie 2024 regional value linearly back-extrapolated from Zijie 2025-2026; Zijie regional trajectory applied from 2025 onward,0.0,0.0,0.0,0.0,0.0,0.0,0.0,0.0,0.0,0.0,0.0,0.0,0.0,0.0,0.0,0.0,0.0,0.0,0.0,0.0,0.0,0.0,0.0,0.0,0.0,0.0,0.0,0.0,0.0,0.0,0.0,0.0
Brazil,BR,BRA,BRA,South America,Primary aluminium ingot production,kt,650.0,True,Brazil,,,1.6050732900188558,OMNIA INF_Data,"British Geological Survey, World Mineral Production 2020-24, Production of primary aluminium",BGS 2024 country value rebased to a synthetic Zijie 2024 regional value linearly back-extrapolated from Zijie 2025-2026; Zijie regional trajectory applied from 2025 onward,650.0,685.1,771.7,819.0,1021.7,1107.8,1113.2544029046126,1118.708805809225,1113.9797565151762,1108.5283983873978,1103.0488852427345,1098.3172638310564,1092.0656993109164,1084.0660683698957,1073.6882272573264,1062.7686341141552,1049.2172152996477,1031.7568704888051,1013.195739049742,994.7396127237737,974.8902774390583,953.5284002144953,929.557026578815,903.2861873169422,876.071078165611,847.190985851851,817.284893164672,786.2314707019684,754.9208516906663,721.5515409982352,685.4773996849522,650.9839928481181
Mexico,MX,MEX,MEX,South America,Primary aluminium ingot production,kt,0.0,False,,,,,OMNIA INF_Data,"British Geological Survey, World Mineral Production 2020-24, Production of primary aluminium",BGS 2024 country value rebased to a synthetic Zijie 2024 regional value linearly back-extrapolated from Zijie 2025-2026; Zijie regional trajectory applied from 2025 onward,0.0,0.0,0.0,0.0,0.0,0.0,0.0,0.0,0.0,0.0,0.0,0.0,0.0,0.0,0.0,0.0,0.0,0.0,0.0,0.0,0.0,0.0,0.0,0.0,0.0,0.0,0.0,0.0,0.0,0.0,0.0,0.0
Chile,CL,CHL,CHL,Rest of World,Primary aluminium ingot production,kt,0.0,False,,,,,OMNIA INF_Data,"British Geological Survey, World Mineral Production 2020-24, Production of primary aluminium",BGS 2024 country value rebased to a synthetic Zijie 2024 regional value linearly back-extrapolated from Zijie 2025-2026; Zijie regional trajectory applied from 2025 onward,0.0,0.0,0.0,0.0,0.0,0.0,0.0,0.0,0.0,0.0,0.0,0.0,0.0,0.0,0.0,0.0,0.0,0.0,0.0,0.0,0.0,0.0,0.0,0.0,0.0,0.0,0.0,0.0,0.0,0.0,0.0,0.0
Ukraine,UA,UKR,ENE,Europe,Primary aluminium ingot production,kt,0.0,False,,,,,OMNIA INF_Data,"British Geological Survey, World Mineral Production 2020-24, Production of primary aluminium",BGS 2024 country value rebased to a synthetic Zijie 2024 regional value linearly back-extrapolated from Zijie 2025-2026; Zijie regional trajectory applied from 2025 onward,0.0,0.0,0.0,0.0,0.0,0.0,0.0,0.0,0.0,0.0,0.0,0.0,0.0,0.0,0.0,0.0,0.0,0.0,0.0,0.0,0.0,0.0,0.0,0.0,0.0,0.0,0.0,0.0,0.0,0.0,0.0,0.0
Belarus,BY,BLR,ENE,Rest of World,Primary aluminium ingot production,kt,0.0,False,,,,,OMNIA INF_Data,"British Geological Survey, World Mineral Production 2020-24, Production of primary aluminium",BGS 2024 country value rebased to a synthetic Zijie 2024 regional value linearly back-extrapolated from Zijie 2025-2026; Zijie regional trajectory applied from 2025 onward,0.0,0.0,0.0,0.0,0.0,0.0,0.0,0.0,0.0,0.0,0.0,0.0,0.0,0.0,0.0,0.0,0.0,0.0,0.0,0.0,0.0,0.0,0.0,0.0,0.0,0.0,0.0,0.0,0.0,0.0,0.0,0.0
Serbia,RS,SRB,ENE,Europe,Primary aluminium ingot production,kt,0.0,False,,,,,OMNIA INF_Data,"British Geological Survey, World Mineral Production 2020-24, Production of primary aluminium",BGS 2024 country value rebased to a synthetic Zijie 2024 regional value linearly back-extrapolated from Zijie 2025-2026; Zijie regional trajectory applied from 2025 onward,0.0,0.0,0.0,0.0,0.0,0.0,0.0,0.0,0.0,0.0,0.0,0.0,0.0,0.0,0.0,0.0,0.0,0.0,0.0,0.0,0.0,0.0,0.0,0.0,0.0,0.0,0.0,0.0,0.0,0.0,0.0,0.0
Bosnia and Herzegovina,BA,BIH,ENE,Rest of World,Primary aluminium ingot production,kt,55.0,True,Bosnia & Herzegovina,,,0.8255785628917046,OMNIA INF_Data,"British Geological Survey, World Mineral Production 2020-24, Production of primary aluminium",BGS 2024 country value rebased to a synthetic Zijie 2024 regional value linearly back-extrapolated from Zijie 2025-2026; Zijie regional trajectory applied from 2025 onward,55.0,0.0,90.037,138.969,35.6,31.87,34.335711627263215,36.80142325452643,39.301933318283595,41.840937788370184,44.47404791375326,47.199770634975025,50.020621926243884,52.93327578718823,55.92343111790602,58.95918395555361,61.99728840187515,65.01064077961243,67.976636436887,70.90006502855034,73.8320157724048,76.80500787813716,79.80388555582871,82.8544820203257,85.99358948966078,89.17894133009862,92.35892422424165,95.53203005315964,98.66518456682664,101.74374162936486,104.7703845834933,107.6747167687924
Republic of Moldova,MD,MDA,ENE,Europe,Primary aluminium ingot production,kt,0.0,False,,,,,OMNIA INF_Data,"British Geological Survey, World Mineral Production 2020-24, Production of primary aluminium",BGS 2024 country value rebased to a synthetic Zijie 2024 regional value linearly back-extrapolated from Zijie 2025-2026; Zijie regional trajectory applied from 2025 onward,0.0,0.0,0.0,0.0,0.0,0.0,0.0,0.0,0.0,0.0,0.0,0.0,0.0,0.0,0.0,0.0,0.0,0.0,0.0,0.0,0.0,0.0,0.0,0.0,0.0,0.0,0.0,0.0,0.0,0.0,0.0,0.0
Republic of North Macedonia,MK,MKD,ENE,Europe,Primary aluminium ingot production,kt,0.0,False,,,,,OMNIA INF_Data,"British Geological Survey, World Mineral Production 2020-24, Production of primary aluminium",BGS 2024 country value rebased to a synthetic Zijie 2024 regional value linearly back-extrapolated from Zijie 2025-2026; Zijie regional trajectory applied from 2025 onward,0.0,0.0,0.0,0.0,0.0,0.0,0.0,0.0,0.0,0.0,0.0,0.0,0.0,0.0,0.0,0.0,0.0,0.0,0.0,0.0,0.0,0.0,0.0,0.0,0.0,0.0,0.0,0.0,0.0,0.0,0.0,0.0
Kosovo,XK,XKX,ENE,Rest of World,Primary aluminium ingot production,kt,0.0,False,,,,,OMNIA INF_Data,"British Geological Survey, World Mineral Production 2020-24, Production of primary aluminium",BGS 2024 country value rebased to a synthetic Zijie 2024 regional value linearly back-extrapolated from Zijie 2025-2026; Zijie regional trajectory applied from 2025 onward,0.0,0.0,0.0,0.0,0.0,0.0,0.0,0.0,0.0,0.0,0.0,0.0,0.0,0.0,0.0,0.0,0.0,0.0,0.0,0.0,0.0,0.0,0.0,0.0,0.0,0.0,0.0,0.0,0.0,0.0,0.0,0.0
Albania,AL,ALB,ENE,Rest of World,Primary aluminium ingot production,kt,0.0,False,,,,,OMNIA INF_Data,"British Geological Survey, World Mineral Production 2020-24, Production of primary aluminium",BGS 2024 country value rebased to a synthetic Zijie 2024 regional value linearly back-extrapolated from Zijie 2025-2026; Zijie regional trajectory applied from 2025 onward,0.0,0.0,0.0,0.0,0.0,0.0,0.0,0.0,0.0,0.0,0.0,0.0,0.0,0.0,0.0,0.0,0.0,0.0,0.0,0.0,0.0,0.0,0.0,0.0,0.0,0.0,0.0,0.0,0.0,0.0,0.0,0.0
Montenegro,ME,MNE,ENE,Europe,Primary aluminium ingot production,kt,60.0,True,Montenegro,,,0.5720844582170568,OMNIA INF_Data,"British Geological Survey, World Mineral Production 2020-24, Production of primary aluminium",BGS 2024 country value rebased to a synthetic Zijie 2024 regional value linearly back-extrapolated from Zijie 2025-2026; Zijie regional trajectory applied from 2025 onward,60.0,37.208,45.214,43.196,21.778,14.887,16.179872468638607,17.47274493727721,16.64394048060225,16.679701227651787,16.36415281115087,15.897461361043725,15.275685581932217,14.594916449757907,13.884209392510323,13.06489685122413,12.174091314444029,11.24518923239939,10.348210076429671,9.438564644145481,8.49787103960774,7.625655941647787,6.840007000928684,6.016340090702701,5.066968060282836,4.127990486852209,3.2523789305779713,2.428755143981576,1.6027146797035923,0.7653875409502162,0.7564331620626621,0.7481693005057334
Norway,NO,NOR,ENW,Europe,Primary aluminium ingot production,kt,1400.0,True,Norway,,,2.1130162266958243,OMNIA INF_Data,"British Geological Survey, World Mineral Production 2020-24, Production of primary aluminium",BGS 2024 country value rebased to a synthetic Zijie 2024 regional value linearly back-extrapolated from Zijie 2025-2026; Zijie regional trajectory applied from 2025 onward,1400.0,1330.0,1419.0,1424.6,1321.2,1283.0,1394.423079012785,1505.84615802557,1434.4176554451997,1437.499608724205,1410.304833526336,1370.0841624383086,1316.4979244722936,1257.8274874077647,1196.5769228582483,1125.9664579915739,1049.1945426500765,969.1393689237871,891.8353951809812,813.4398091246492,732.3684116220011,657.1986681758656,589.4894191033452,518.5036835071918,436.68435691159254,355.7608513892244,280.2983924183205,209.3163733276256,138.1260787304164,65.96306945920114,65.19135802555219,64.4791571538158
Svalbard and Jan Mayen Islands,SJ,SJM,ENW,Rest of World,Primary aluminium ingot production,kt,0.0,False,,,,,OMNIA INF_Data,"British Geological Survey, World Mineral Production 2020-24, Production of primary aluminium",BGS 2024 country value rebased to a synthetic Zijie 2024 regional value linearly back-extrapolated from Zijie 2025-2026; Zijie regional trajectory applied from 2025 onward,0.0,0.0,0.0,0.0,0.0,0.0,0.0,0.0,0.0,0.0,0.0,0.0,0.0,0.0,0.0,0.0,0.0,0.0,0.0,0.0,0.0,0.0,0.0,0.0,0.0,0.0,0.0,0.0,0.0,0.0,0.0,0.0
Switzerland,CH,CHE,ENW,Europe,Primary aluminium ingot production,kt,0.0,False,,,,,OMNIA INF_Data,"British Geological Survey, World Mineral Production 2020-24, Production of primary aluminium",BGS 2024 country value rebased to a synthetic Zijie 2024 regional value linearly back-extrapolated from Zijie 2025-2026; Zijie regional trajectory applied from 2025 onward,0.0,0.0,0.0,0.0,0.0,0.0,0.0,0.0,0.0,0.0,0.0,0.0,0.0,0.0,0.0,0.0,0.0,0.0,0.0,0.0,0.0,0.0,0.0,0.0,0.0,0.0,0.0,0.0,0.0,0.0,0.0,0.0
Liechtenstein,LI,LIE,ENW,Rest of World,Primary aluminium ingot production,kt,0.0,False,,,,,OMNIA INF_Data,"British Geological Survey, World Mineral Production 2020-24, Production of primary aluminium",BGS 2024 country value rebased to a synthetic Zijie 2024 regional value linearly back-extrapolated from Zijie 2025-2026; Zijie regional trajectory applied from 2025 onward,0.0,0.0,0.0,0.0,0.0,0.0,0.0,0.0,0.0,0.0,0.0,0.0,0.0,0.0,0.0,0.0,0.0,0.0,0.0,0.0,0.0,0.0,0.0,0.0,0.0,0.0,0.0,0.0,0.0,0.0,0.0,0.0
Iceland,IS,ISL,ENW,Europe,Primary aluminium ingot production,kt,845.0,True,Iceland,,,2.0251806602068543,OMNIA INF_Data,"British Geological Survey, World Mineral Production 2020-24, Production of primary aluminium",BGS 2024 country value rebased to a synthetic Zijie 2024 regional value linearly back-extrapolated from Zijie 2025-2026; Zijie regional trajectory applied from 2025 onward,845.0,728.104,729.813,756.012,768.389,742.192,806.6482103341052,871.1044206682103,829.7843402417643,831.5671937632386,815.8355144228982,792.5685928982175,761.5699357443028,727.6301625363552,692.1978328371076,651.3509722444911,606.9398254080636,560.6293737336581,515.9104408574925,470.5600302524097,423.6617117369885,380.17739199593296,341.0088316002728,299.9448837642788,252.61390196798806,205.8011362543034,162.1474859436774,121.085688038018,79.90340656670709,38.15842747315932,37.71200654380408,37.30001138449327
United Kingdom of Great Britain and Northern Ireland,GB,GBR,ENW,UK,Primary aluminium ingot production,kt,48.0,True,United Kingdom,,,0.18585137577668648,OMNIA INF_Data,"British Geological Survey, World Mineral Production 2020-24, Production of primary aluminium",BGS 2024 country value rebased to a synthetic Zijie 2024 regional value linearly back-extrapolated from Zijie 2025-2026; Zijie regional trajectory applied from 2025 onward,48.0,35.7,37.571,31.337,29.246,29.05,29.708312401949943,30.366624803899885,30.91993783851037,31.32531241260346,31.52411235143277,31.66463575220586,31.716259102817027,31.707144079063518,31.787204300494622,31.865158874301855,31.974485685212432,32.121629855601434,32.24139658619187,32.40023142429634,32.52322500317525,32.5886444949001,32.63568069363536,32.64854177080415,32.664107550713815,32.6421711482116,32.59407854443074,32.56509753433389,32.53852687945181,32.49237746603493,32.3962864436173,32.27140207293166
Gibraltar,GI,GIB,ENW,Rest of World,Primary aluminium ingot production,kt,0.0,False,,,,,OMNIA INF_Data,"British Geological Survey, World Mineral Production 2020-24, Production of primary aluminium",BGS 2024 country value rebased to a synthetic Zijie 2024 regional value linearly back-extrapolated from Zijie 2025-2026; Zijie regional trajectory applied from 2025 onward,0.0,0.0,0.0,0.0,0.0,0.0,0.0,0.0,0.0,0.0,0.0,0.0,0.0,0.0,0.0,0.0,0.0,0.0,0.0,0.0,0.0,0.0,0.0,0.0,0.0,0.0,0.0,0.0,0.0,0.0,0.0,0.0
Saint Helena,SH ,SHN,ENW,Rest of World,Primary aluminium ingot production,kt,0.0,False,,,,,OMNIA INF_Data,"British Geological Survey, World Mineral Production 2020-24, Production of primary aluminium",BGS 2024 country value rebased to a synthetic Zijie 2024 regional value linearly back-extrapolated from Zijie 2025-2026; Zijie regional trajectory applied from 2025 onward,0.0,0.0,0.0,0.0,0.0,0.0,0.0,0.0,0.0,0.0,0.0,0.0,0.0,0.0,0.0,0.0,0.0,0.0,0.0,0.0,0.0,0.0,0.0,0.0,0.0,0.0,0.0,0.0,0.0,0.0,0.0,0.0
Liechtenstein,LI,LIE,ENW,Rest of World,Primary aluminium ingot production,kt,0.0,False,,,,,OMNIA INF_Data,"British Geological Survey, World Mineral Production 2020-24, Production of primary aluminium",BGS 2024 country value rebased to a synthetic Zijie 2024 regional value linearly back-extrapolated from Zijie 2025-2026; Zijie regional trajectory applied from 2025 onward,0.0,0.0,0.0,0.0,0.0,0.0,0.0,0.0,0.0,0.0,0.0,0.0,0.0,0.0,0.0,0.0,0.0,0.0,0.0,0.0,0.0,0.0,0.0,0.0,0.0,0.0,0.0,0.0,0.0,0.0,0.0,0.0
Poland,PL,POL,EUE,Europe,Primary aluminium ingot production,kt,0.0,False,,,,,OMNIA INF_Data,"British Geological Survey, World Mineral Production 2020-24, Production of primary aluminium",BGS 2024 country value rebased to a synthetic Zijie 2024 regional value linearly back-extrapolated from Zijie 2025-2026; Zijie regional trajectory applied from 2025 onward,0.0,0.0,0.0,0.0,0.0,0.0,0.0,0.0,0.0,0.0,0.0,0.0,0.0,0.0,0.0,0.0,0.0,0.0,0.0,0.0,0.0,0.0,0.0,0.0,0.0,0.0,0.0,0.0,0.0,0.0,0.0,0.0
Czechia,CZ,CZE,EUE,Europe,Primary aluminium ingot production,kt,0.0,False,,,,,OMNIA INF_Data,"British Geological Survey, World Mineral Production 2020-24, Production of primary aluminium",BGS 2024 country value rebased to a synthetic Zijie 2024 regional value linearly back-extrapolated from Zijie 2025-2026; Zijie regional trajectory applied from 2025 onward,0.0,0.0,0.0,0.0,0.0,0.0,0.0,0.0,0.0,0.0,0.0,0.0,0.0,0.0,0.0,0.0,0.0,0.0,0.0,0.0,0.0,0.0,0.0,0.0,0.0,0.0,0.0,0.0,0.0,0.0,0.0,0.0
Romania,RO,ROU,EUE,Europe,Primary aluminium ingot production,kt,280.0,True,Romania,,,2.0426839133980494,OMNIA INF_Data,"British Geological Survey, World Mineral Production 2020-24, Production of primary aluminium",BGS 2024 country value rebased to a synthetic Zijie 2024 regional value linearly back-extrapolated from Zijie 2025-2026; Zijie regional trajectory applied from 2025 onward,280.0,271.307,293.399,191.454,196.438,248.059,269.6018663732131,291.14473274642626,277.33453561346903,277.9304095405437,272.67249158200264,264.896108534906,254.5355874097215,243.19207225166227,231.34970764403292,217.69767233276056,202.8543640336986,187.3762608853201,172.43008284738818,157.27284926862927,141.59826642131097,127.06472675684881,113.97362105483765,100.24902979509783,84.42984013338483,68.78385115725614,54.19371701083099,40.46984431120614,26.705703011526392,12.753494190943082,12.604289228729892,12.466590213888072
Hungary,HU,HUN,EUE,Europe,Primary aluminium ingot production,kt,0.0,False,,,,,OMNIA INF_Data,"British Geological Survey, World Mineral Production 2020-24, Production of primary aluminium",BGS 2024 country value rebased to a synthetic Zijie 2024 regional value linearly back-extrapolated from Zijie 2025-2026; Zijie regional trajectory applied from 2025 onward,0.0,0.0,0.0,0.0,0.0,0.0,0.0,0.0,0.0,0.0,0.0,0.0,0.0,0.0,0.0,0.0,0.0,0.0,0.0,0.0,0.0,0.0,0.0,0.0,0.0,0.0,0.0,0.0,0.0,0.0,0.0,0.0
Bulgaria,BG,BGR,EUE,Europe,Primary aluminium ingot production,kt,0.0,False,,,,,OMNIA INF_Data,"British Geological Survey, World Mineral Production 2020-24, Production of primary aluminium",BGS 2024 country value rebased to a synthetic Zijie 2024 regional value linearly back-extrapolated from Zijie 2025-2026; Zijie regional trajectory applied from 2025 onward,0.0,0.0,0.0,0.0,0.0,0.0,0.0,0.0,0.0,0.0,0.0,0.0,0.0,0.0,0.0,0.0,0.0,0.0,0.0,0.0,0.0,0.0,0.0,0.0,0.0,0.0,0.0,0.0,0.0,0.0,0.0,0.0
Slovakia,SK,SVK,EUE,Europe,Primary aluminium ingot production,kt,220.0,True,Slovakia,,,0.0,OMNIA INF_Data,"British Geological Survey, World Mineral Production 2020-24, Production of primary aluminium",BGS 2024 country value rebased to a synthetic Zijie 2024 regional value linearly back-extrapolated from Zijie 2025-2026; Zijie regional trajectory applied from 2025 onward,220.0,151.875,163.995,71.933,56.114,0.0,0.0,0.0,0.0,0.0,0.0,0.0,0.0,0.0,0.0,0.0,0.0,0.0,0.0,0.0,0.0,0.0,0.0,0.0,0.0,0.0,0.0,0.0,0.0,0.0,0.0,0.0
Croatia,HR,HRV,EUE,Europe,Primary aluminium ingot production,kt,0.0,False,,,,,OMNIA INF_Data,"British Geological Survey, World Mineral Production 2020-24, Production of primary aluminium",BGS 2024 country value rebased to a synthetic Zijie 2024 regional value linearly back-extrapolated from Zijie 2025-2026; Zijie regional trajectory applied from 2025 onward,0.0,0.0,0.0,0.0,0.0,0.0,0.0,0.0,0.0,0.0,0.0,0.0,0.0,0.0,0.0,0.0,0.0,0.0,0.0,0.0,0.0,0.0,0.0,0.0,0.0,0.0,0.0,0.0,0.0,0.0,0.0,0.0
Lithuania,LT,LTU,EUE,Europe,Primary aluminium ingot production,kt,0.0,False,,,,,OMNIA INF_Data,"British Geological Survey, World Mineral Production 2020-24, Production of primary aluminium",BGS 2024 country value rebased to a synthetic Zijie 2024 regional value linearly back-extrapolated from Zijie 2025-2026; Zijie regional trajectory applied from 2025 onward,0.0,0.0,0.0,0.0,0.0,0.0,0.0,0.0,0.0,0.0,0.0,0.0,0.0,0.0,0.0,0.0,0.0,0.0,0.0,0.0,0.0,0.0,0.0,0.0,0.0,0.0,0.0,0.0,0.0,0.0,0.0,0.0
Slovenia,SI,SVN,EUE,Europe,Primary aluminium ingot production,kt,80.0,True,Slovenia,,,0.0,OMNIA INF_Data,"British Geological Survey, World Mineral Production 2020-24, Production of primary aluminium",BGS 2024 country value rebased to a synthetic Zijie 2024 regional value linearly back-extrapolated from Zijie 2025-2026; Zijie regional trajectory applied from 2025 onward,80.0,50.185,37.867,19.211,1.487,0.0,0.0,0.0,0.0,0.0,0.0,0.0,0.0,0.0,0.0,0.0,0.0,0.0,0.0,0.0,0.0,0.0,0.0,0.0,0.0,0.0,0.0,0.0,0.0,0.0,0.0,0.0
Estonia,EE,EST,EUE,Europe,Primary aluminium ingot production,kt,0.0,False,,,,,OMNIA INF_Data,"British Geological Survey, World Mineral Production 2020-24, Production of primary aluminium",BGS 2024 country value rebased to a synthetic Zijie 2024 regional value linearly back-extrapolated from Zijie 2025-2026; Zijie regional trajectory applied from 2025 onward,0.0,0.0,0.0,0.0,0.0,0.0,0.0,0.0,0.0,0.0,0.0,0.0,0.0,0.0,0.0,0.0,0.0,0.0,0.0,0.0,0.0,0.0,0.0,0.0,0.0,0.0,0.0,0.0,0.0,0.0,0.0,0.0
Latvia,LV,LVA,EUE,Europe,Primary aluminium ingot production,kt,0.0,False,,,,,OMNIA INF_Data,"British Geological Survey, World Mineral Production 2020-24, Production of primary aluminium",BGS 2024 country value rebased to a synthetic Zijie 2024 regional value linearly back-extrapolated from Zijie 2025-2026; Zijie regional trajectory applied from 2025 onward,0.0,0.0,0.0,0.0,0.0,0.0,0.0,0.0,0.0,0.0,0.0,0.0,0.0,0.0,0.0,0.0,0.0,0.0,0.0,0.0,0.0,0.0,0.0,0.0,0.0,0.0,0.0,0.0,0.0,0.0,0.0,0.0
Germany,DE,DEU,EUW,Europe,Primary aluminium ingot production,kt,550.0,True,Germany,,,0.9222829984019184,OMNIA INF_Data,"British Geological Survey, World Mineral Production 2020-24, Production of primary aluminium",BGS 2024 country value rebased to a synthetic Zijie 2024 regional value linearly back-extrapolated from Zijie 2025-2026; Zijie regional trajectory applied from 2025 onward,550.0,529.056,509.193,341.212,189.471,220.0,239.10606187280803,258.21212374561605,245.96405627275442,246.4925283860679,241.82935570989395,234.93259215621813,225.74399328441513,215.68359098184587,205.18076619549075,193.07297019341095,179.9086511169266,166.18134151460106,152.92578872939663,139.48305378598818,125.58148913237743,112.69189945338303,101.08158394601399,88.90943910489649,74.87962472373371,61.003419567910655,48.06363704756859,35.89212948720002,23.684908278013722,11.310892658631527,11.178564899159378,11.056441600810194
Netherlands,NL,NLD,EUW,Europe,Primary aluminium ingot production,kt,150.0,True,Netherlands,2022;2023;2024,Nil values marked as estimated in the BGS table,0.0,OMNIA INF_Data,"British Geological Survey, World Mineral Production 2020-24, Production of primary aluminium",BGS 2024 country value rebased to a synthetic Zijie 2024 regional value linearly back-extrapolated from Zijie 2025-2026; Zijie regional trajectory applied from 2025 onward,150.0,70.6,46.7,0.0,0.0,0.0,0.0,0.0,0.0,0.0,0.0,0.0,0.0,0.0,0.0,0.0,0.0,0.0,0.0,0.0,0.0,0.0,0.0,0.0,0.0,0.0,0.0,0.0,0.0,0.0,0.0,0.0
Belgium,BE,BEL,EUW,Europe,Primary aluminium ingot production,kt,0.0,False,,,,,OMNIA INF_Data,"British Geological Survey, World Mineral Production 2020-24, Production of primary aluminium",BGS 2024 country value rebased to a synthetic Zijie 2024 regional value linearly back-extrapolated from Zijie 2025-2026; Zijie regional trajectory applied from 2025 onward,0.0,0.0,0.0,0.0,0.0,0.0,0.0,0.0,0.0,0.0,0.0,0.0,0.0,0.0,0.0,0.0,0.0,0.0,0.0,0.0,0.0,0.0,0.0,0.0,0.0,0.0,0.0,0.0,0.0,0.0,0.0,0.0
Sweden,SE,SWE,EUW,Europe,Primary aluminium ingot production,kt,120.0,True,Sweden,,,2.09435097553769,OMNIA INF_Data,"British Geological Survey, World Mineral Production 2020-24, Production of primary aluminium",BGS 2024 country value rebased to a synthetic Zijie 2024 regional value linearly back-extrapolated from Zijie 2025-2026; Zijie regional trajectory applied from 2025 onward,120.0,117.0,124.0,120.0,119.0,109.0,118.46618520061853,127.93237040123705,121.86400969877378,122.12584360946092,119.81545351081108,116.39842065921717,111.84588758182386,106.86141553191453,101.65774325140224,95.65888068673542,89.13655896247727,82.33530102314324,75.76777714320106,69.10751301214869,62.219919615586996,55.83371382008523,50.08133022779784,44.05058573833508,37.09945043130443,30.224421513192098,23.81334744629535,17.782918700476376,11.73479546501589,5.604033180867439,5.538470790947146,5.477964247674141
Austria,AT,AUT,EUW,Europe,Primary aluminium ingot production,kt,0.0,False,,,,,OMNIA INF_Data,"British Geological Survey, World Mineral Production 2020-24, Production of primary aluminium",BGS 2024 country value rebased to a synthetic Zijie 2024 regional value linearly back-extrapolated from Zijie 2025-2026; Zijie regional trajectory applied from 2025 onward,0.0,0.0,0.0,0.0,0.0,0.0,0.0,0.0,0.0,0.0,0.0,0.0,0.0,0.0,0.0,0.0,0.0,0.0,0.0,0.0,0.0,0.0,0.0,0.0,0.0,0.0,0.0,0.0,0.0,0.0,0.0,0.0
Finland,FI,FIN,EUW,Europe,Primary aluminium ingot production,kt,0.0,False,,,,,OMNIA INF_Data,"British Geological Survey, World Mineral Production 2020-24, Production of primary aluminium",BGS 2024 country value rebased to a synthetic Zijie 2024 regional value linearly back-extrapolated from Zijie 2025-2026; Zijie regional trajectory applied from 2025 onward,0.0,0.0,0.0,0.0,0.0,0.0,0.0,0.0,0.0,0.0,0.0,0.0,0.0,0.0,0.0,0.0,0.0,0.0,0.0,0.0,0.0,0.0,0.0,0.0,0.0,0.0,0.0,0.0,0.0,0.0,0.0,0.0
Denmark,DK,DNK,EUW,Europe,Primary aluminium ingot production,kt,0.0,False,,,,,OMNIA INF_Data,"British Geological Survey, World Mineral Production 2020-24, Production of primary aluminium",BGS 2024 country value rebased to a synthetic Zijie 2024 regional value linearly back-extrapolated from Zijie 2025-2026; Zijie regional trajectory applied from 2025 onward,0.0,0.0,0.0,0.0,0.0,0.0,0.0,0.0,0.0,0.0,0.0,0.0,0.0,0.0,0.0,0.0,0.0,0.0,0.0,0.0,0.0,0.0,0.0,0.0,0.0,0.0,0.0,0.0,0.0,0.0,0.0,0.0
Ireland,IE,IRL,EUW,Europe,Primary aluminium ingot production,kt,0.0,False,,,,,OMNIA INF_Data,"British Geological Survey, World Mineral Production 2020-24, Production of primary aluminium",BGS 2024 country value rebased to a synthetic Zijie 2024 regional value linearly back-extrapolated from Zijie 2025-2026; Zijie regional trajectory applied from 2025 onward,0.0,0.0,0.0,0.0,0.0,0.0,0.0,0.0,0.0,0.0,0.0,0.0,0.0,0.0,0.0,0.0,0.0,0.0,0.0,0.0,0.0,0.0,0.0,0.0,0.0,0.0,0.0,0.0,0.0,0.0,0.0,0.0
Luxembourg,LU,LUX,EUW,Europe,Primary aluminium ingot production,kt,0.0,False,,,,,OMNIA INF_Data,"British Geological Survey, World Mineral Production 2020-24, Production of primary aluminium",BGS 2024 country value rebased to a synthetic Zijie 2024 regional value linearly back-extrapolated from Zijie 2025-2026; Zijie regional trajectory applied from 2025 onward,0.0,0.0,0.0,0.0,0.0,0.0,0.0,0.0,0.0,0.0,0.0,0.0,0.0,0.0,0.0,0.0,0.0,0.0,0.0,0.0,0.0,0.0,0.0,0.0,0.0,0.0,0.0,0.0,0.0,0.0,0.0,0.0
Greenland,GL,GRL,EUW,Rest of World,Primary aluminium ingot production,kt,0.0,False,,,,,OMNIA INF_Data,"British Geological Survey, World Mineral Production 2020-24, Production of primary aluminium",BGS 2024 country value rebased to a synthetic Zijie 2024 regional value linearly back-extrapolated from Zijie 2025-2026; Zijie regional trajectory applied from 2025 onward,0.0,0.0,0.0,0.0,0.0,0.0,0.0,0.0,0.0,0.0,0.0,0.0,0.0,0.0,0.0,0.0,0.0,0.0,0.0,0.0,0.0,0.0,0.0,0.0,0.0,0.0,0.0,0.0,0.0,0.0,0.0,0.0
Faroe Islands,FO,FRO,EUW,Rest of World,Primary aluminium ingot production,kt,0.0,False,,,,,OMNIA INF_Data,"British Geological Survey, World Mineral Production 2020-24, Production of primary aluminium",BGS 2024 country value rebased to a synthetic Zijie 2024 regional value linearly back-extrapolated from Zijie 2025-2026; Zijie regional trajectory applied from 2025 onward,0.0,0.0,0.0,0.0,0.0,0.0,0.0,0.0,0.0,0.0,0.0,0.0,0.0,0.0,0.0,0.0,0.0,0.0,0.0,0.0,0.0,0.0,0.0,0.0,0.0,0.0,0.0,0.0,0.0,0.0,0.0,0.0
Andorra,AD,AND,EUW,Rest of World,Primary aluminium ingot production,kt,0.0,False,,,,,OMNIA INF_Data,"British Geological Survey, World Mineral Production 2020-24, Production of primary aluminium",BGS 2024 country value rebased to a synthetic Zijie 2024 regional value linearly back-extrapolated from Zijie 2025-2026; Zijie regional trajectory applied from 2025 onward,0.0,0.0,0.0,0.0,0.0,0.0,0.0,0.0,0.0,0.0,0.0,0.0,0.0,0.0,0.0,0.0,0.0,0.0,0.0,0.0,0.0,0.0,0.0,0.0,0.0,0.0,0.0,0.0,0.0,0.0,0.0,0.0
France,FR,FRA,EUM,Europe,Primary aluminium ingot production,kt,430.0,True,France,,,2.301417807640136,OMNIA INF_Data,"British Geological Survey, World Mineral Production 2020-24, Production of primary aluminium",BGS 2024 country value rebased to a synthetic Zijie 2024 regional value linearly back-extrapolated from Zijie 2025-2026; Zijie regional trajectory applied from 2025 onward,430.0,417.0,438.9,388.59,356.7,429.2,466.4741897991327,503.7483795982655,479.8535134193918,480.88451446954696,471.78708850312034,458.33212978840373,440.4060087166862,420.7790784064011,400.2890220504756,376.66781275914536,350.98542299720407,324.2046899003035,298.34431146662286,272.118757658846,244.99806879825633,219.85165111541815,197.2009810437691,173.4542330173708,146.08334059739323,119.01212581157843,93.76778645825654,70.02228170866478,46.20710287692495,22.066523314021143,21.808363885087296,21.570112432126066
Monaco,MC,MCO,EUM,Rest of World,Primary aluminium ingot production,kt,0.0,False,,,,,OMNIA INF_Data,"British Geological Survey, World Mineral Production 2020-24, Production of primary aluminium",BGS 2024 country value rebased to a synthetic Zijie 2024 regional value linearly back-extrapolated from Zijie 2025-2026; Zijie regional trajectory applied from 2025 onward,0.0,0.0,0.0,0.0,0.0,0.0,0.0,0.0,0.0,0.0,0.0,0.0,0.0,0.0,0.0,0.0,0.0,0.0,0.0,0.0,0.0,0.0,0.0,0.0,0.0,0.0,0.0,0.0,0.0,0.0,0.0,0.0
Italy,IT,ITA,EUM,Europe,Primary aluminium ingot production,kt,0.0,False,,,,,OMNIA INF_Data,"British Geological Survey, World Mineral Production 2020-24, Production of primary aluminium",BGS 2024 country value rebased to a synthetic Zijie 2024 regional value linearly back-extrapolated from Zijie 2025-2026; Zijie regional trajectory applied from 2025 onward,0.0,0.0,0.0,0.0,0.0,0.0,0.0,0.0,0.0,0.0,0.0,0.0,0.0,0.0,0.0,0.0,0.0,0.0,0.0,0.0,0.0,0.0,0.0,0.0,0.0,0.0,0.0,0.0,0.0,0.0,0.0,0.0
San Marino,SM,SMR,EUM,Rest of World,Primary aluminium ingot production,kt,0.0,False,,,,,OMNIA INF_Data,"British Geological Survey, World Mineral Production 2020-24, Production of primary aluminium",BGS 2024 country value rebased to a synthetic Zijie 2024 regional value linearly back-extrapolated from Zijie 2025-2026; Zijie regional trajectory applied from 2025 onward,0.0,0.0,0.0,0.0,0.0,0.0,0.0,0.0,0.0,0.0,0.0,0.0,0.0,0.0,0.0,0.0,0.0,0.0,0.0,0.0,0.0,0.0,0.0,0.0,0.0,0.0,0.0,0.0,0.0,0.0,0.0,0.0
Spain,ES,ESP,EUM,Europe,Primary aluminium ingot production,kt,240.0,True,Spain,2020;2021,,0.0,OMNIA INF_Data,"British Geological Survey, World Mineral Production 2020-24, Production of primary aluminium",BGS 2024 country value rebased to a synthetic Zijie 2024 regional value linearly back-extrapolated from Zijie 2025-2026; Zijie regional trajectory applied from 2025 onward,240.0,200.0,190.0,0.0,0.0,0.0,0.0,0.0,0.0,0.0,0.0,0.0,0.0,0.0,0.0,0.0,0.0,0.0,0.0,0.0,0.0,0.0,0.0,0.0,0.0,0.0,0.0,0.0,0.0,0.0,0.0,0.0
Greece,GR,GRC,EUM,Europe,Primary aluminium ingot production,kt,180.0,True,Greece,,,2.331326468182628,OMNIA INF_Data,"British Geological Survey, World Mineral Production 2020-24, Production of primary aluminium",BGS 2024 country value rebased to a synthetic Zijie 2024 regional value linearly back-extrapolated from Zijie 2025-2026; Zijie regional trajectory applied from 2025 onward,180.0,189.036,183.77,186.448,182.875,182.0,197.80592391295937,213.61184782591874,203.4793556438241,203.91654621029252,200.05883063273043,194.3533262383259,186.75184898983431,178.42915253952702,169.74045203445144,159.72400261454905,148.83352046945745,137.4772916166245,126.51133431250085,115.39052631386294,103.89014100951223,93.22693500234413,83.62203762806612,73.5523541685962,61.94587136236153,50.466465278907904,39.761736102988564,29.69257984850184,19.593878666356808,9.357193017595172,9.247721871122758,9.146692597033887
Portugal,PT,PRT,EUM,Europe,Primary aluminium ingot production,kt,0.0,False,,,,,OMNIA INF_Data,"British Geological Survey, World Mineral Production 2020-24, Production of primary aluminium",BGS 2024 country value rebased to a synthetic Zijie 2024 regional value linearly back-extrapolated from Zijie 2025-2026; Zijie regional trajectory applied from 2025 onward,0.0,0.0,0.0,0.0,0.0,0.0,0.0,0.0,0.0,0.0,0.0,0.0,0.0,0.0,0.0,0.0,0.0,0.0,0.0,0.0,0.0,0.0,0.0,0.0,0.0,0.0,0.0,0.0,0.0,0.0,0.0,0.0
Cyprus,CY,CYP,EUM,Europe,Primary aluminium ingot production,kt,0.0,False,,,,,OMNIA INF_Data,"British Geological Survey, World Mineral Production 2020-24, Production of primary aluminium",BGS 2024 country value rebased to a synthetic Zijie 2024 regional value linearly back-extrapolated from Zijie 2025-2026; Zijie regional trajectory applied from 2025 onward,0.0,0.0,0.0,0.0,0.0,0.0,0.0,0.0,0.0,0.0,0.0,0.0,0.0,0.0,0.0,0.0,0.0,0.0,0.0,0.0,0.0,0.0,0.0,0.0,0.0,0.0,0.0,0.0,0.0,0.0,0.0,0.0
Malta,MT,MLT,EUM,Europe,Primary aluminium ingot production,kt,0.0,False,,,,,OMNIA INF_Data,"British Geological Survey, World Mineral Production 2020-24, Production of primary aluminium",BGS 2024 country value rebased to a synthetic Zijie 2024 regional value linearly back-extrapolated from Zijie 2025-2026; Zijie regional trajectory applied from 2025 onward,0.0,0.0,0.0,0.0,0.0,0.0,0.0,0.0,0.0,0.0,0.0,0.0,0.0,0.0,0.0,0.0,0.0,0.0,0.0,0.0,0.0,0.0,0.0,0.0,0.0,0.0,0.0,0.0,0.0,0.0,0.0,0.0
Iran (Islamic Republic of),IR,IRN,MEA,Middle East,Primary aluminium ingot production,kt,360.0,True,Iran,,Years ended 20 March following the stated year,1.7399869034920974,OMNIA INF_Data,"British Geological Survey, World Mineral Production 2020-24, Production of primary aluminium",BGS 2024 country value rebased to a synthetic Zijie 2024 regional value linearly back-extrapolated from Zijie 2025-2026; Zijie regional trajectory applied from 2025 onward,360.0,446.836,562.649,632.166,635.596,604.526,588.2581889641704,571.9903779283408,565.5036010472377,559.7018975093819,554.4495177382663,549.6735337880958,547.4388173455321,548.0697058870185,549.8739499295936,553.3630980297985,558.3131850766232,564.3791326023132,571.2576753027436,578.660074116578,586.330672259099,594.2986475101694,602.3730419680983,610.0416195376097,617.3625989218101,624.362001205413,630.8058791373907,636.7870330096364,642.3966347677494,647.4291021778257,651.5611206226388,655.0685566699892
Saudi Arabia,SA,SAU,MEA,Middle East,Primary aluminium ingot production,kt,790.0,True,Saudi Arabia,,,1.2932524795209464,OMNIA INF_Data,"British Geological Survey, World Mineral Production 2020-24, Production of primary aluminium",BGS 2024 country value rebased to a synthetic Zijie 2024 regional value linearly back-extrapolated from Zijie 2025-2026; Zijie regional trajectory applied from 2025 onward,790.0,796.004,998.0,952.0,895.0,986.0,959.4667132905317,932.9334265810636,922.353299332992,912.8905472126105,904.3237585975303,896.5339858253616,892.8890964204926,893.9180945147111,896.8608705507775,902.5517755355127,910.6255156693849,920.5192576429813,931.7383666682744,943.8119006940082,956.3228758522737,969.3188819753444,982.4884610100227,994.9961405532322,1006.936877052277,1018.3531116751592,1028.8632694532034,1038.6187104400829,1047.7681388079272,1055.97624377998,1062.7156895384514,1068.4364227123554
United Arab Emirates,AE,ARE,MEA,Middle East,Primary aluminium ingot production,kt,2600.0,True,United Arab Emirates,,,1.0720435497854437,OMNIA INF_Data,"British Geological Survey, World Mineral Production 2020-24, Production of primary aluminium",BGS 2024 country value rebased to a synthetic Zijie 2024 regional value linearly back-extrapolated from Zijie 2025-2026; Zijie regional trajectory applied from 2025 onward,2600.0,2520.0,2540.0,2650.0,2660.0,2690.0,2617.61202713137,2545.224054262739,2516.359406902382,2490.5431764725377,2467.1713089526943,2445.9192919576294,2435.9753239058064,2438.7826310796886,2446.8110971415736,2462.336994108042,2484.3637293617094,2511.3557840361254,2541.9636981112153,2574.902649966412,2609.0350264123895,2644.490661778577,2680.4198378468163,2714.543223213179,2747.1198775564153,2778.26558864724,2806.9393456684757,2833.554088320307,2858.515510540897,2880.9088192374707,2899.2953396130165,2914.9026136878665
Iraq,IQ,IRQ,MEA,Rest of World,Primary aluminium ingot production,kt,0.0,False,,,,,OMNIA INF_Data,"British Geological Survey, World Mineral Production 2020-24, Production of primary aluminium",BGS 2024 country value rebased to a synthetic Zijie 2024 regional value linearly back-extrapolated from Zijie 2025-2026; Zijie regional trajectory applied from 2025 onward,0.0,0.0,0.0,0.0,0.0,0.0,0.0,0.0,0.0,0.0,0.0,0.0,0.0,0.0,0.0,0.0,0.0,0.0,0.0,0.0,0.0,0.0,0.0,0.0,0.0,0.0,0.0,0.0,0.0,0.0,0.0,0.0
Qatar,QA,QAT,MEA,Middle East,Primary aluminium ingot production,kt,627.0,True,Qatar,,,1.1270685464384893,OMNIA INF_Data,"British Geological Survey, World Mineral Production 2020-24, Production of primary aluminium",BGS 2024 country value rebased to a synthetic Zijie 2024 regional value linearly back-extrapolated from Zijie 2025-2026; Zijie regional trajectory applied from 2025 onward,627.0,655.0,662.0,638.0,677.0,682.0,663.6473615254997,645.2947230509993,637.9766228652136,631.4313926967549,625.5058857642147,620.1178279238303,617.5967178080892,618.3084588834006,620.3439287176777,624.2802341939347,629.86470759282,636.7080463615753,644.4681197441816,652.8191848613728,661.4728208227694,670.4619447334533,679.5711261752895,688.2224826138989,696.4816938637454,704.3781157834266,711.6478192363942,718.3954974849255,724.7240067616698,730.4014181115075,735.0629820134117,739.019919158039
Kuwait,KW,KWT,MEA,Rest of World,Primary aluminium ingot production,kt,0.0,False,,,,,OMNIA INF_Data,"British Geological Survey, World Mineral Production 2020-24, Production of primary aluminium",BGS 2024 country value rebased to a synthetic Zijie 2024 regional value linearly back-extrapolated from Zijie 2025-2026; Zijie regional trajectory applied from 2025 onward,0.0,0.0,0.0,0.0,0.0,0.0,0.0,0.0,0.0,0.0,0.0,0.0,0.0,0.0,0.0,0.0,0.0,0.0,0.0,0.0,0.0,0.0,0.0,0.0,0.0,0.0,0.0,0.0,0.0,0.0,0.0,0.0
Oman,OM,OMN,MEA,Middle East,Primary aluminium ingot production,kt,391.0,True,Oman,,,1.0573764520934972,OMNIA INF_Data,"British Geological Survey, World Mineral Production 2020-24, Production of primary aluminium",BGS 2024 country value rebased to a synthetic Zijie 2024 regional value linearly back-extrapolated from Zijie 2025-2026; Zijie regional trajectory applied from 2025 onward,391.0,397.0,395.0,395.0,398.0,399.0,388.2628991916047,377.5257983832093,373.2443878639593,369.4151403020604,365.9484580937268,362.79620724575994,361.3212469287795,361.73764676609505,362.9284861559434,365.23139801082107,368.49856060049143,372.50221480684536,377.04219908787167,381.92793953033396,386.9906972262243,392.2497301299822,397.5790019705873,402.6404260453749,407.4724279349478,412.09218210789913,416.345278409562,420.2929670036441,423.99542331071297,427.3169586898702,430.0441786266147,432.3591609150404
Bahrain,BH,BHR,MEA,Middle East,Primary aluminium ingot production,kt,1365.0,True,Bahrain,,,1.2312654542410975,OMNIA INF_Data,"British Geological Survey, World Mineral Production 2020-24, Production of primary aluminium",BGS 2024 country value rebased to a synthetic Zijie 2024 regional value linearly back-extrapolated from Zijie 2025-2026; Zijie regional trajectory applied from 2025 onward,1365.0,1548.0,1561.222,1600.111,1620.665,1622.0,1578.3519360621121,1534.7038721242243,1517.2992408905811,1501.732725739203,1487.6400978145987,1474.825684593039,1468.8297306227578,1470.5224637960055,1475.363419912131,1484.7251317632877,1498.00667993483,1514.282186508028,1532.7379622068368,1552.5992930280743,1573.1802278218943,1594.5590533103536,1616.2234115195301,1636.798924926311,1656.4417997756525,1675.2218530802315,1692.511382406791,1708.559379648899,1723.6104676941766,1737.1130501127054,1748.1996434395214,1757.6104235694124
Yemen,YE,YEM,MEA,Rest of World,Primary aluminium ingot production,kt,0.0,False,,,,,OMNIA INF_Data,"British Geological Survey, World Mineral Production 2020-24, Production of primary aluminium",BGS 2024 country value rebased to a synthetic Zijie 2024 regional value linearly back-extrapolated from Zijie 2025-2026; Zijie regional trajectory applied from 2025 onward,0.0,0.0,0.0,0.0,0.0,0.0,0.0,0.0,0.0,0.0,0.0,0.0,0.0,0.0,0.0,0.0,0.0,0.0,0.0,0.0,0.0,0.0,0.0,0.0,0.0,0.0,0.0,0.0,0.0,0.0,0.0,0.0
Turkey,TR,TUR,MDA,Europe,Primary aluminium ingot production,kt,80.0,True,Turkey,2023;2024,,2.3633501834049158,OMNIA INF_Data,"British Geological Survey, World Mineral Production 2020-24, Production of primary aluminium",BGS 2024 country value rebased to a synthetic Zijie 2024 regional value linearly back-extrapolated from Zijie 2025-2026; Zijie regional trajectory applied from 2025 onward,80.0,79.9,79.2,82.0,82.0,82.0,89.12135033441027,96.24270066882053,91.6775118834812,91.87448785298893,90.13639621914228,87.56578434913585,84.14094295146381,80.391156638688,76.47646740013747,71.96356161754407,67.05686087085445,61.940318200896755,56.99961216277511,51.98913822932286,46.807645949340674,42.00334434171549,37.67586310715067,33.1389727572796,27.90967830611893,22.737638202584883,17.914628354093747,13.377975536138191,8.82801126725966,4.21587817276266,4.166556007868495,4.121037323938345
Israel,IL,ISR,MDA,Rest of World,Primary aluminium ingot production,kt,0.0,False,,,,,OMNIA INF_Data,"British Geological Survey, World Mineral Production 2020-24, Production of primary aluminium",BGS 2024 country value rebased to a synthetic Zijie 2024 regional value linearly back-extrapolated from Zijie 2025-2026; Zijie regional trajectory applied from 2025 onward,0.0,0.0,0.0,0.0,0.0,0.0,0.0,0.0,0.0,0.0,0.0,0.0,0.0,0.0,0.0,0.0,0.0,0.0,0.0,0.0,0.0,0.0,0.0,0.0,0.0,0.0,0.0,0.0,0.0,0.0,0.0,0.0
Syrian Arab Republic,SY,SYR,MDA,Rest of World,Primary aluminium ingot production,kt,0.0,False,,,,,OMNIA INF_Data,"British Geological Survey, World Mineral Production 2020-24, Production of primary aluminium",BGS 2024 country value rebased to a synthetic Zijie 2024 regional value linearly back-extrapolated from Zijie 2025-2026; Zijie regional trajectory applied from 2025 onward,0.0,0.0,0.0,0.0,0.0,0.0,0.0,0.0,0.0,0.0,0.0,0.0,0.0,0.0,0.0,0.0,0.0,0.0,0.0,0.0,0.0,0.0,0.0,0.0,0.0,0.0,0.0,0.0,0.0,0.0,0.0,0.0
Jordan,JO,JOR,MDA,Rest of World,Primary aluminium ingot production,kt,0.0,False,,,,,OMNIA INF_Data,"British Geological Survey, World Mineral Production 2020-24, Production of primary aluminium",BGS 2024 country value rebased to a synthetic Zijie 2024 regional value linearly back-extrapolated from Zijie 2025-2026; Zijie regional trajectory applied from 2025 onward,0.0,0.0,0.0,0.0,0.0,0.0,0.0,0.0,0.0,0.0,0.0,0.0,0.0,0.0,0.0,0.0,0.0,0.0,0.0,0.0,0.0,0.0,0.0,0.0,0.0,0.0,0.0,0.0,0.0,0.0,0.0,0.0
Lebanon,LB,LBN,MDA,Rest of World,Primary aluminium ingot production,kt,0.0,False,,,,,OMNIA INF_Data,"British Geological Survey, World Mineral Production 2020-24, Production of primary aluminium",BGS 2024 country value rebased to a synthetic Zijie 2024 regional value linearly back-extrapolated from Zijie 2025-2026; Zijie regional trajectory applied from 2025 onward,0.0,0.0,0.0,0.0,0.0,0.0,0.0,0.0,0.0,0.0,0.0,0.0,0.0,0.0,0.0,0.0,0.0,0.0,0.0,0.0,0.0,0.0,0.0,0.0,0.0,0.0,0.0,0.0,0.0,0.0,0.0,0.0
State of Palestine,PS,PSE,MDA,Rest of World,Primary aluminium ingot production,kt,0.0,False,,,,,OMNIA INF_Data,"British Geological Survey, World Mineral Production 2020-24, Production of primary aluminium",BGS 2024 country value rebased to a synthetic Zijie 2024 regional value linearly back-extrapolated from Zijie 2025-2026; Zijie regional trajectory applied from 2025 onward,0.0,0.0,0.0,0.0,0.0,0.0,0.0,0.0,0.0,0.0,0.0,0.0,0.0,0.0,0.0,0.0,0.0,0.0,0.0,0.0,0.0,0.0,0.0,0.0,0.0,0.0,0.0,0.0,0.0,0.0,0.0,0.0
